16:47:08.479 > [ 11613][V][LoraMesher.cpp:378] receivingRoutine(): [LoRaMesher] Stack space unused after entering the task: 2172
16:47:08.490 > [ 11624][V][LoraMesher.cpp:379] receivingRoutine(): [LoRaMesher] Free heap: 336532
16:47:08.497 > [ 11631][I][PacketService.cpp:12] createEmptyPacket(): [LoRaMesher] Packet created with 8 bytes
16:47:08.506 > [ 11640][I][LoraMesher.cpp:392] receivingRoutine(): [LoRaMesher] Receiving LoRa packet: Size: 8 bytes RSSI: -49 SNR: 13
16:47:08.517 > [ 11651][V][LoraMesher.cpp:647] processPackets(): [LoRaMesher] Size of Received Packets Queue: 1
16:47:08.526 > [ 11659][V][LoraMesher.cpp:754] printHeaderPacket(): [LoRaMesher] Packet received -- Size: 8 Src: F02C Dst: FFFF Id: 0 Type: 4 Via: 0 Seq_Id: 0 Num: 0
16:47:08.539 > [ 11673][I][RoutingTableService.cpp:77] processRoute(): [LoRaMesher] Route packet from F02C with size 0
16:47:08.548 > [ 11682][I][RoutingTableService.cpp:156] addNodeToRoutingTable(): [LoRaMesher] New route added: F02C via F02C metric 1, role 0
16:47:08.559 > [ 11693][I][RoutingTableService.cpp:99] resetReceiveSNRRoutePacket(): [LoRaMesher] Reset Receive SNR from F02C: 13
16:47:08.570 > [ 11703][I][RoutingTableService.cpp:192] printRoutingTable(): [LoRaMesher] Current routing table:
16:47:08.578 > [ 11712][I][RoutingTableService.cpp:206] printRoutingTable(): [LoRaMesher] 0 - F02C via F02C metric 1 Role 0
16:47:08.588 > [ 11722][I][PacketQueueService.h:80] deleteQueuePacketAndPacket(): [LoRaMesher] Deleting packet
16:47:08.596 > [ 11730][I][PacketQueueService.h:83] deleteQueuePacketAndPacket(): [LoRaMesher] Deleting packet queue
16:47:08.605 > [ 11739][V][LoraMesher.cpp:641] processPackets(): [LoRaMesher] Stack space unused after entering the task: 2040
16:47:08.615 > [ 11749][V][LoraMesher.cpp:642] processPackets(): [LoRaMesher] Free heap: 336468
16:47:23.190 > [ 26325][V][LoraMesher.cpp:378] receivingRoutine(): [LoRaMesher] Stack space unused after entering the task: 2172
16:47:23.201 > [ 26335][V][LoraMesher.cpp:379] receivingRoutine(): [LoRaMesher] Free heap: 336468
16:47:23.209 > [ 26343][I][PacketService.cpp:12] createEmptyPacket(): [LoRaMesher] Packet created with 17 bytes
16:47:23.217 > [ 26352][I][LoraMesher.cpp:392] receivingRoutine(): [LoRaMesher] Receiving LoRa packet: Size: 17 bytes RSSI: -49 SNR: 13
16:47:23.228 > [ 26363][V][LoraMesher.cpp:647] processPackets(): [LoRaMesher] Size of Received Packets Queue: 1
16:47:23.237 > [ 26371][I][PacketQueueService.h:80] deleteQueuePacketAndPacket(): [LoRaMesher] Deleting packet
16:47:23.246 > [ 26380][I][PacketQueueService.h:83] deleteQueuePacketAndPacket(): [LoRaMesher] Deleting packet queue
16:47:23.255 > [ 26389][V][LoraMesher.cpp:658] processPackets(): [LoRaMesher] TESTING: Packet not for me, deleting it
16:47:23.264 > [ 26398][V][LoraMesher.cpp:641] processPackets(): [LoRaMesher] Stack space unused after entering the task: 2040
16:47:23.274 > [ 26408][V][LoraMesher.cpp:642] processPackets(): [LoRaMesher] Free heap: 336468
16:47:43.391 > [ 46526][V][LoraMesher.cpp:378] receivingRoutine(): [LoRaMesher] Stack space unused after entering the task: 2172
16:47:43.401 > [ 46536][V][LoraMesher.cpp:379] receivingRoutine(): [LoRaMesher] Free heap: 336468
16:47:43.408 > [ 46544][I][PacketService.cpp:12] createEmptyPacket(): [LoRaMesher] Packet created with 17 bytes
16:47:43.417 > [ 46553][I][LoraMesher.cpp:392] receivingRoutine(): [LoRaMesher] Receiving LoRa packet: Size: 17 bytes RSSI: -49 SNR: 12
16:47:43.428 > [ 46564][V][LoraMesher.cpp:647] processPackets(): [LoRaMesher] Size of Received Packets Queue: 1
16:47:43.437 > [ 46572][I][PacketQueueService.h:80] deleteQueuePacketAndPacket(): [LoRaMesher] Deleting packet
16:47:43.445 > [ 46581][I][PacketQueueService.h:83] deleteQueuePacketAndPacket(): [LoRaMesher] Deleting packet queue
16:47:43.454 > [ 46590][V][LoraMesher.cpp:658] processPackets(): [LoRaMesher] TESTING: Packet not for me, deleting it
16:47:43.464 > [ 46599][V][LoraMesher.cpp:641] processPackets(): [LoRaMesher] Stack space unused after entering the task: 2040
16:47:43.473 > [ 46609][V][LoraMesher.cpp:642] processPackets(): [LoRaMesher] Free heap: 336468
16:48:03.591 > [ 66727][V][LoraMesher.cpp:378] receivingRoutine(): [LoRaMesher] Stack space unused after entering the task: 2108
16:48:03.601 > [ 66737][V][LoraMesher.cpp:379] receivingRoutine(): [LoRaMesher] Free heap: 336468
16:48:03.609 > [ 66745][I][PacketService.cpp:12] createEmptyPacket(): [LoRaMesher] Packet created with 17 bytes
16:48:03.618 > [ 66754][I][LoraMesher.cpp:392] receivingRoutine(): [LoRaMesher] Receiving LoRa packet: Size: 17 bytes RSSI: -49 SNR: 13
16:48:03.629 > [ 66765][V][LoraMesher.cpp:647] processPackets(): [LoRaMesher] Size of Received Packets Queue: 1
16:48:03.638 > [ 66773][I][PacketQueueService.h:80] deleteQueuePacketAndPacket(): [LoRaMesher] Deleting packet
16:48:03.646 > [ 66782][I][PacketQueueService.h:83] deleteQueuePacketAndPacket(): [LoRaMesher] Deleting packet queue
16:48:03.655 > [ 66791][V][LoraMesher.cpp:658] processPackets(): [LoRaMesher] TESTING: Packet not for me, deleting it
16:48:03.664 > [ 66800][V][LoraMesher.cpp:641] processPackets(): [LoRaMesher] Stack space unused after entering the task: 2040
16:48:03.674 > [ 66810][V][LoraMesher.cpp:642] processPackets(): [LoRaMesher] Free heap: 336468
16:48:23.791 > [ 86928][V][LoraMesher.cpp:378] receivingRoutine(): [LoRaMesher] Stack space unused after entering the task: 2108
16:48:23.802 > [ 86938][V][LoraMesher.cpp:379] receivingRoutine(): [LoRaMesher] Free heap: 336468
16:48:23.810 > [ 86946][I][PacketService.cpp:12] createEmptyPacket(): [LoRaMesher] Packet created with 17 bytes
16:48:23.818 > [ 86955][I][LoraMesher.cpp:392] receivingRoutine(): [LoRaMesher] Receiving LoRa packet: Size: 17 bytes RSSI: -49 SNR: 13
16:48:23.829 > [ 86966][V][LoraMesher.cpp:647] processPackets(): [LoRaMesher] Size of Received Packets Queue: 1
16:48:23.838 > [ 86974][I][PacketQueueService.h:80] deleteQueuePacketAndPacket(): [LoRaMesher] Deleting packet
16:48:23.847 > [ 86983][I][PacketQueueService.h:83] deleteQueuePacketAndPacket(): [LoRaMesher] Deleting packet queue
16:48:23.856 > [ 86992][V][LoraMesher.cpp:658] processPackets(): [LoRaMesher] TESTING: Packet not for me, deleting it
16:48:23.865 > [ 87001][V][LoraMesher.cpp:641] processPackets(): [LoRaMesher] Stack space unused after entering the task: 2040
16:48:23.875 > [ 87011][V][LoraMesher.cpp:642] processPackets(): [LoRaMesher] Free heap: 336468
16:48:43.992 > [107129][V][LoraMesher.cpp:378] receivingRoutine(): [LoRaMesher] Stack space unused after entering the task: 2108
16:48:44.002 > [107139][V][LoraMesher.cpp:379] receivingRoutine(): [LoRaMesher] Free heap: 336468
16:48:44.011 > [107147][I][PacketService.cpp:12] createEmptyPacket(): [LoRaMesher] Packet created with 17 bytes
16:48:44.019 > [107156][I][LoraMesher.cpp:392] receivingRoutine(): [LoRaMesher] Receiving LoRa packet: Size: 17 bytes RSSI: -49 SNR: 12
16:48:44.030 > [107167][V][LoraMesher.cpp:647] processPackets(): [LoRaMesher] Size of Received Packets Queue: 1
16:48:44.038 > [107175][I][PacketQueueService.h:80] deleteQueuePacketAndPacket(): [LoRaMesher] Deleting packet
16:48:44.047 > [107184][I][PacketQueueService.h:83] deleteQueuePacketAndPacket(): [LoRaMesher] Deleting packet queue
16:48:44.056 > [107193][V][LoraMesher.cpp:658] processPackets(): [LoRaMesher] TESTING: Packet not for me, deleting it
16:48:44.065 > [107202][V][LoraMesher.cpp:641] processPackets(): [LoRaMesher] Stack space unused after entering the task: 2040
16:48:44.075 > [107212][V][LoraMesher.cpp:642] processPackets(): [LoRaMesher] Free heap: 336468
16:49:04.192 > [127330][V][LoraMesher.cpp:378] receivingRoutine(): [LoRaMesher] Stack space unused after entering the task: 2108
16:49:04.202 > [127340][V][LoraMesher.cpp:379] receivingRoutine(): [LoRaMesher] Free heap: 336468
16:49:04.210 > [127348][I][PacketService.cpp:12] createEmptyPacket(): [LoRaMesher] Packet created with 17 bytes
16:49:04.218 > [127357][I][LoraMesher.cpp:392] receivingRoutine(): [LoRaMesher] Receiving LoRa packet: Size: 17 bytes RSSI: -49 SNR: 13
16:49:04.230 > [127368][V][LoraMesher.cpp:647] processPackets(): [LoRaMesher] Size of Received Packets Queue: 1
16:49:04.238 > [127376][I][PacketQueueService.h:80] deleteQueuePacketAndPacket(): [LoRaMesher] Deleting packet
16:49:04.247 > [127385][I][PacketQueueService.h:83] deleteQueuePacketAndPacket(): [LoRaMesher] Deleting packet queue
16:49:04.256 > [127394][V][LoraMesher.cpp:658] processPackets(): [LoRaMesher] TESTING: Packet not for me, deleting it
16:49:04.265 > [127403][V][LoraMesher.cpp:641] processPackets(): [LoRaMesher] Stack space unused after entering the task: 2040
16:49:04.275 > [127413][V][LoraMesher.cpp:642] processPackets(): [LoRaMesher] Free heap: 336468
16:49:04.811 > [127949][V][LoraMesher.cpp:598] sendHelloPacket(): [LoRaMesher] Creating Routing Packet
16:49:04.819 > [127957][V][LoraMesher.cpp:599] sendHelloPacket(): [LoRaMesher] Stack space unused after entering the task: 2328
16:49:04.829 > [127967][V][LoraMesher.cpp:600] sendHelloPacket(): [LoRaMesher] Free heap: 336468
16:49:04.836 > [127975][V][PacketFactory.h:45] createPacket(): [LoRaMesher] Creating packet with 12 bytes
16:49:04.844 > [127983][I][PacketFactory.h:74] createPacket(): [LoRaMesher] Packet created with 12 bytes
16:49:04.852 > [127991][I][LoraMesher.h:659] setPackedForSend(): [LoRaMesher] Adding packet to Q_SP
16:49:04.860 > [127998][I][LoraMesher.h:661] setPackedForSend(): [LoRaMesher] Created packet to Q_SP
16:49:04.867 > [128006][I][LoraMesher.cpp:1051] addToSendOrderedAndNotify(): [LoRaMesher] Added packet to Q_SP, notifying sender task
16:49:04.878 > [128016][V][LoraMesher.cpp:511] sendPackets(): [LoRaMesher] Stack space unused after entering the task: 2260
16:49:04.888 > [128026][V][LoraMesher.cpp:512] sendPackets(): [LoRaMesher] Free heap: 336380
16:49:04.895 > [128033][V][LoraMesher.cpp:518] sendPackets(): [LoRaMesher] Size of Send Packets Queue: 1
16:49:04.903 > [128041][V][LoraMesher.cpp:525] sendPackets(): [LoRaMesher] Send n. 1
16:49:04.909 > [128047][V][LoraMesher.cpp:455] waitBeforeSend(): [LoRaMesher] RandomDelay 328 ms
16:49:04.969 > [128107][V][LoraMesher.cpp:378] receivingRoutine(): [LoRaMesher] Stack space unused after entering the task: 2108
16:49:04.979 > [128118][V][LoraMesher.cpp:379] receivingRoutine(): [LoRaMesher] Free heap: 336408
16:49:04.987 > [128125][I][PacketService.cpp:12] createEmptyPacket(): [LoRaMesher] Packet created with 8 bytes
16:49:04.996 > [128134][I][LoraMesher.cpp:392] receivingRoutine(): [LoRaMesher] Receiving LoRa packet: Size: 8 bytes RSSI: -51 SNR: -2
16:49:05.007 > [128145][V][LoraMesher.cpp:647] processPackets(): [LoRaMesher] Size of Received Packets Queue: 1
16:49:05.015 > [128153][I][PacketQueueService.h:80] deleteQueuePacketAndPacket(): [LoRaMesher] Deleting packet
16:49:05.024 > [128162][I][PacketQueueService.h:83] deleteQueuePacketAndPacket(): [LoRaMesher] Deleting packet queue
16:49:05.033 > [128171][V][LoraMesher.cpp:658] processPackets(): [LoRaMesher] TESTING: Packet not for me, deleting it
16:49:05.042 > [128180][V][LoraMesher.cpp:641] processPackets(): [LoRaMesher] Stack space unused after entering the task: 2040
16:49:05.052 > [128190][V][LoraMesher.cpp:642] processPackets(): [LoRaMesher] Free heap: 336408
16:49:05.249 > [128387][V][LoraMesher.cpp:462] waitBeforeSend(): [LoRaMesher] Preamble detected while waiting 1
16:49:05.258 > [128396][V][LoraMesher.cpp:754] printHeaderPacket(): [LoRaMesher] Packet send -- Size: 12 Src: AFC0 Dst: FFFF Id: 1 Type: 4 Via: 0 Seq_Id: 0 Num: 0
16:49:05.332 > [128471][V][LoraMesher.cpp:575] sendPackets(): [LoRaMesher] TimeOnAir 49 ms, next message in 0 ms
16:49:05.341 > [128480][I][PacketQueueService.h:80] deleteQueuePacketAndPacket(): [LoRaMesher] Deleting packet
16:49:05.350 > [128488][I][PacketQueueService.h:83] deleteQueuePacketAndPacket(): [LoRaMesher] Deleting packet queue
16:49:05.445 > [128583][V][LoraMesher.cpp:378] receivingRoutine(): [LoRaMesher] Stack space unused after entering the task: 2108
16:49:05.455 > [128593][V][LoraMesher.cpp:379] receivingRoutine(): [LoRaMesher] Free heap: 336468
16:49:05.463 > [128601][I][PacketService.cpp:12] createEmptyPacket(): [LoRaMesher] Packet created with 12 bytes
16:49:05.471 > [128610][I][LoraMesher.cpp:392] receivingRoutine(): [LoRaMesher] Receiving LoRa packet: Size: 12 bytes RSSI: -54 SNR: 13
16:49:05.483 > [128621][V][LoraMesher.cpp:647] processPackets(): [LoRaMesher] Size of Received Packets Queue: 1
16:49:05.491 > [128629][I][PacketQueueService.h:80] deleteQueuePacketAndPacket(): [LoRaMesher] Deleting packet
16:49:05.500 > [128638][I][PacketQueueService.h:83] deleteQueuePacketAndPacket(): [LoRaMesher] Deleting packet queue
16:49:05.509 > [128647][V][LoraMesher.cpp:658] processPackets(): [LoRaMesher] TESTING: Packet not for me, deleting it
16:49:05.518 > [128656][V][LoraMesher.cpp:641] processPackets(): [LoRaMesher] Stack space unused after entering the task: 2040
16:49:05.528 > [128666][V][LoraMesher.cpp:642] processPackets(): [LoRaMesher] Free heap: 336468
16:49:09.479 > [132618][V][LoraMesher.cpp:378] receivingRoutine(): [LoRaMesher] Stack space unused after entering the task: 2108
16:49:09.489 > [132628][V][LoraMesher.cpp:379] receivingRoutine(): [LoRaMesher] Free heap: 336468
16:49:09.497 > [132635][I][PacketService.cpp:12] createEmptyPacket(): [LoRaMesher] Packet created with 16 bytes
16:49:09.506 > [132644][I][LoraMesher.cpp:392] receivingRoutine(): [LoRaMesher] Receiving LoRa packet: Size: 16 bytes RSSI: -48 SNR: 13
16:49:09.517 > [132655][V][LoraMesher.cpp:647] processPackets(): [LoRaMesher] Size of Received Packets Queue: 1
16:49:09.526 > [132664][V][LoraMesher.cpp:754] printHeaderPacket(): [LoRaMesher] Packet received -- Size: 16 Src: F02C Dst: FFFF Id: 1 Type: 4 Via: 0 Seq_Id: 0 Num: 0
16:49:09.539 > [132677][I][RoutingTableService.cpp:77] processRoute(): [LoRaMesher] Route packet from F02C with size 2
16:49:09.548 > [132686][I][RoutingTableService.cpp:99] resetReceiveSNRRoutePacket(): [LoRaMesher] Reset Receive SNR from F02C: 13
16:49:09.558 > [132697][I][RoutingTableService.cpp:156] addNodeToRoutingTable(): [LoRaMesher] New route added: D110 via F02C metric 2, role 1
16:49:09.570 > [132708][I][RoutingTableService.cpp:192] printRoutingTable(): [LoRaMesher] Current routing table:
16:49:09.578 > [132717][I][RoutingTableService.cpp:206] printRoutingTable(): [LoRaMesher] 0 - F02C via F02C metric 1 Role 0
16:49:09.588 > [132726][I][RoutingTableService.cpp:206] printRoutingTable(): [LoRaMesher] 1 - D110 via F02C metric 2 Role 1
16:49:09.597 > [132736][I][PacketQueueService.h:80] deleteQueuePacketAndPacket(): [LoRaMesher] Deleting packet
16:49:09.606 > [132744][I][PacketQueueService.h:83] deleteQueuePacketAndPacket(): [LoRaMesher] Deleting packet queue
16:49:09.615 > [132753][V][LoraMesher.cpp:641] processPackets(): [LoRaMesher] Stack space unused after entering the task: 2040
16:49:09.625 > [132763][V][LoraMesher.cpp:642] processPackets(): [LoRaMesher] Free heap: 336404
16:49:24.392 > [147531][V][LoraMesher.cpp:378] receivingRoutine(): [LoRaMesher] Stack space unused after entering the task: 2108
16:49:24.403 > [147541][V][LoraMesher.cpp:379] receivingRoutine(): [LoRaMesher] Free heap: 336404
16:49:24.410 > [147549][I][PacketService.cpp:12] createEmptyPacket(): [LoRaMesher] Packet created with 17 bytes
16:49:24.419 > [147558][I][LoraMesher.cpp:392] receivingRoutine(): [LoRaMesher] Receiving LoRa packet: Size: 17 bytes RSSI: -49 SNR: 13
16:49:24.430 > [147569][V][LoraMesher.cpp:647] processPackets(): [LoRaMesher] Size of Received Packets Queue: 1
16:49:24.439 > [147578][I][PacketQueueService.h:80] deleteQueuePacketAndPacket(): [LoRaMesher] Deleting packet
16:49:24.447 > [147586][I][PacketQueueService.h:83] deleteQueuePacketAndPacket(): [LoRaMesher] Deleting packet queue
16:49:24.456 > [147595][V][LoraMesher.cpp:658] processPackets(): [LoRaMesher] TESTING: Packet not for me, deleting it
16:49:24.466 > [147604][V][LoraMesher.cpp:641] processPackets(): [LoRaMesher] Stack space unused after entering the task: 2040
16:49:24.476 > [147614][V][LoraMesher.cpp:642] processPackets(): [LoRaMesher] Free heap: 336404
16:49:44.593 > [167732][V][LoraMesher.cpp:378] receivingRoutine(): [LoRaMesher] Stack space unused after entering the task: 2108
16:49:44.604 > [167743][V][LoraMesher.cpp:379] receivingRoutine(): [LoRaMesher] Free heap: 336404
16:49:44.611 > [167750][I][PacketService.cpp:12] createEmptyPacket(): [LoRaMesher] Packet created with 17 bytes
16:49:44.620 > [167759][I][LoraMesher.cpp:392] receivingRoutine(): [LoRaMesher] Receiving LoRa packet: Size: 17 bytes RSSI: -49 SNR: 12
16:49:44.631 > [167770][V][LoraMesher.cpp:647] processPackets(): [LoRaMesher] Size of Received Packets Queue: 1
16:49:44.640 > [167779][I][PacketQueueService.h:80] deleteQueuePacketAndPacket(): [LoRaMesher] Deleting packet
16:49:44.648 > [167787][I][PacketQueueService.h:83] deleteQueuePacketAndPacket(): [LoRaMesher] Deleting packet queue
16:49:44.657 > [167796][V][LoraMesher.cpp:658] processPackets(): [LoRaMesher] TESTING: Packet not for me, deleting it
16:49:44.667 > [167805][V][LoraMesher.cpp:641] processPackets(): [LoRaMesher] Stack space unused after entering the task: 2040
16:49:44.676 > [167815][V][LoraMesher.cpp:642] processPackets(): [LoRaMesher] Free heap: 336404
16:50:04.793 > [187934][V][LoraMesher.cpp:378] receivingRoutine(): [LoRaMesher] Stack space unused after entering the task: 2108
16:50:04.804 > [187944][V][LoraMesher.cpp:379] receivingRoutine(): [LoRaMesher] Free heap: 336404
16:50:04.812 > [187951][I][PacketService.cpp:12] createEmptyPacket(): [LoRaMesher] Packet created with 17 bytes
16:50:04.820 > [187960][I][LoraMesher.cpp:392] receivingRoutine(): [LoRaMesher] Receiving LoRa packet: Size: 17 bytes RSSI: -49 SNR: 13
16:50:04.832 > [187971][V][LoraMesher.cpp:647] processPackets(): [LoRaMesher] Size of Received Packets Queue: 1
16:50:04.840 > [187980][I][PacketQueueService.h:80] deleteQueuePacketAndPacket(): [LoRaMesher] Deleting packet
16:50:04.849 > [187988][I][PacketQueueService.h:83] deleteQueuePacketAndPacket(): [LoRaMesher] Deleting packet queue
16:50:04.858 > [187997][V][LoraMesher.cpp:658] processPackets(): [LoRaMesher] TESTING: Packet not for me, deleting it
16:50:04.867 > [188006][V][LoraMesher.cpp:641] processPackets(): [LoRaMesher] Stack space unused after entering the task: 2040
16:50:04.877 > [188016][V][LoraMesher.cpp:642] processPackets(): [LoRaMesher] Free heap: 336404
16:50:24.994 > [208135][V][LoraMesher.cpp:378] receivingRoutine(): [LoRaMesher] Stack space unused after entering the task: 2108
16:50:25.004 > [208145][V][LoraMesher.cpp:379] receivingRoutine(): [LoRaMesher] Free heap: 336404
16:50:25.011 > [208152][I][PacketService.cpp:12] createEmptyPacket(): [LoRaMesher] Packet created with 17 bytes
16:50:25.020 > [208161][I][LoraMesher.cpp:392] receivingRoutine(): [LoRaMesher] Receiving LoRa packet: Size: 17 bytes RSSI: -49 SNR: 12
16:50:25.031 > [208172][V][LoraMesher.cpp:647] processPackets(): [LoRaMesher] Size of Received Packets Queue: 1
16:50:25.040 > [208181][I][PacketQueueService.h:80] deleteQueuePacketAndPacket(): [LoRaMesher] Deleting packet
16:50:25.048 > [208189][I][PacketQueueService.h:83] deleteQueuePacketAndPacket(): [LoRaMesher] Deleting packet queue
16:50:25.057 > [208198][V][LoraMesher.cpp:658] processPackets(): [LoRaMesher] TESTING: Packet not for me, deleting it
16:50:25.067 > [208207][V][LoraMesher.cpp:641] processPackets(): [LoRaMesher] Stack space unused after entering the task: 2040
16:50:25.076 > [208217][V][LoraMesher.cpp:642] processPackets(): [LoRaMesher] Free heap: 336404
16:50:45.195 > [228337][V][LoraMesher.cpp:378] receivingRoutine(): [LoRaMesher] Stack space unused after entering the task: 2108
16:50:45.205 > [228347][V][LoraMesher.cpp:379] receivingRoutine(): [LoRaMesher] Free heap: 336404
16:50:45.213 > [228354][I][PacketService.cpp:12] createEmptyPacket(): [LoRaMesher] Packet created with 17 bytes
16:50:45.222 > [228363][I][LoraMesher.cpp:392] receivingRoutine(): [LoRaMesher] Receiving LoRa packet: Size: 17 bytes RSSI: -50 SNR: 12
16:50:45.233 > [228374][V][LoraMesher.cpp:647] processPackets(): [LoRaMesher] Size of Received Packets Queue: 1
16:50:45.241 > [228383][I][PacketQueueService.h:80] deleteQueuePacketAndPacket(): [LoRaMesher] Deleting packet
16:50:45.250 > [228391][I][PacketQueueService.h:83] deleteQueuePacketAndPacket(): [LoRaMesher] Deleting packet queue
16:50:45.259 > [228400][V][LoraMesher.cpp:658] processPackets(): [LoRaMesher] TESTING: Packet not for me, deleting it
16:50:45.268 > [228409][V][LoraMesher.cpp:641] processPackets(): [LoRaMesher] Stack space unused after entering the task: 2040
16:50:45.278 > [228419][V][LoraMesher.cpp:642] processPackets(): [LoRaMesher] Free heap: 336404
16:51:04.874 > [248016][V][LoraMesher.cpp:598] sendHelloPacket(): [LoRaMesher] Creating Routing Packet
16:51:04.882 > [248024][V][LoraMesher.cpp:599] sendHelloPacket(): [LoRaMesher] Stack space unused after entering the task: 2328
16:51:04.892 > [248034][V][LoraMesher.cpp:600] sendHelloPacket(): [LoRaMesher] Free heap: 336404
16:51:04.900 > [248042][V][PacketFactory.h:45] createPacket(): [LoRaMesher] Creating packet with 16 bytes
16:51:04.908 > [248050][I][PacketFactory.h:74] createPacket(): [LoRaMesher] Packet created with 16 bytes
16:51:04.916 > [248058][I][LoraMesher.h:659] setPackedForSend(): [LoRaMesher] Adding packet to Q_SP
16:51:04.923 > [248065][I][LoraMesher.h:661] setPackedForSend(): [LoRaMesher] Created packet to Q_SP
16:51:04.931 > [248073][I][LoraMesher.cpp:1051] addToSendOrderedAndNotify(): [LoRaMesher] Added packet to Q_SP, notifying sender task
16:51:04.942 > [248083][V][LoraMesher.cpp:511] sendPackets(): [LoRaMesher] Stack space unused after entering the task: 2244
16:51:04.951 > [248093][V][LoraMesher.cpp:512] sendPackets(): [LoRaMesher] Free heap: 336312
16:51:04.958 > [248100][V][LoraMesher.cpp:518] sendPackets(): [LoRaMesher] Size of Send Packets Queue: 1
16:51:04.966 > [248108][V][LoraMesher.cpp:525] sendPackets(): [LoRaMesher] Send n. 2
16:51:04.972 > [248114][V][LoraMesher.cpp:455] waitBeforeSend(): [LoRaMesher] RandomDelay 772 ms
16:51:05.031 > [248174][V][LoraMesher.cpp:378] receivingRoutine(): [LoRaMesher] Stack space unused after entering the task: 2108
16:51:05.042 > [248184][V][LoraMesher.cpp:379] receivingRoutine(): [LoRaMesher] Free heap: 336340
16:51:05.050 > [248191][I][PacketService.cpp:12] createEmptyPacket(): [LoRaMesher] Packet created with 8 bytes
16:51:05.058 > [248200][I][LoraMesher.cpp:392] receivingRoutine(): [LoRaMesher] Receiving LoRa packet: Size: 8 bytes RSSI: -50 SNR: 13
16:51:05.069 > [248211][V][LoraMesher.cpp:647] processPackets(): [LoRaMesher] Size of Received Packets Queue: 1
16:51:05.078 > [248220][I][PacketQueueService.h:80] deleteQueuePacketAndPacket(): [LoRaMesher] Deleting packet
16:51:05.086 > [248228][I][PacketQueueService.h:83] deleteQueuePacketAndPacket(): [LoRaMesher] Deleting packet queue
16:51:05.095 > [248237][V][LoraMesher.cpp:658] processPackets(): [LoRaMesher] TESTING: Packet not for me, deleting it
16:51:05.105 > [248246][V][LoraMesher.cpp:641] processPackets(): [LoRaMesher] Stack space unused after entering the task: 2040
16:51:05.115 > [248256][V][LoraMesher.cpp:642] processPackets(): [LoRaMesher] Free heap: 336340
16:51:05.396 > [248539][V][LoraMesher.cpp:378] receivingRoutine(): [LoRaMesher] Stack space unused after entering the task: 2108
16:51:05.407 > [248549][V][LoraMesher.cpp:379] receivingRoutine(): [LoRaMesher] Free heap: 336340
16:51:05.415 > [248556][I][PacketService.cpp:12] createEmptyPacket(): [LoRaMesher] Packet created with 17 bytes
16:51:05.423 > [248565][I][LoraMesher.cpp:392] receivingRoutine(): [LoRaMesher] Receiving LoRa packet: Size: 17 bytes RSSI: -49 SNR: 13
16:51:05.435 > [248576][V][LoraMesher.cpp:647] processPackets(): [LoRaMesher] Size of Received Packets Queue: 1
16:51:05.443 > [248585][I][PacketQueueService.h:80] deleteQueuePacketAndPacket(): [LoRaMesher] Deleting packet
16:51:05.452 > [248593][I][PacketQueueService.h:83] deleteQueuePacketAndPacket(): [LoRaMesher] Deleting packet queue
16:51:05.461 > [248602][V][LoraMesher.cpp:658] processPackets(): [LoRaMesher] TESTING: Packet not for me, deleting it
16:51:05.470 > [248611][V][LoraMesher.cpp:641] processPackets(): [LoRaMesher] Stack space unused after entering the task: 2040
16:51:05.480 > [248621][V][LoraMesher.cpp:642] processPackets(): [LoRaMesher] Free heap: 336340
16:51:05.756 > [248898][V][LoraMesher.cpp:462] waitBeforeSend(): [LoRaMesher] Preamble detected while waiting 1
16:51:05.765 > [248907][V][LoraMesher.cpp:455] waitBeforeSend(): [LoRaMesher] RandomDelay 577 ms
16:51:06.209 > [249351][V][LoraMesher.cpp:378] receivingRoutine(): [LoRaMesher] Stack space unused after entering the task: 2108
16:51:06.219 > [249361][V][LoraMesher.cpp:379] receivingRoutine(): [LoRaMesher] Free heap: 336340
16:51:06.227 > [249369][I][PacketService.cpp:12] createEmptyPacket(): [LoRaMesher] Packet created with 16 bytes
16:51:06.236 > [249377][I][LoraMesher.cpp:392] receivingRoutine(): [LoRaMesher] Receiving LoRa packet: Size: 16 bytes RSSI: -55 SNR: 13
16:51:06.247 > [249388][V][LoraMesher.cpp:647] processPackets(): [LoRaMesher] Size of Received Packets Queue: 1
16:51:06.255 > [249397][I][PacketQueueService.h:80] deleteQueuePacketAndPacket(): [LoRaMesher] Deleting packet
16:51:06.264 > [249406][I][PacketQueueService.h:83] deleteQueuePacketAndPacket(): [LoRaMesher] Deleting packet queue
16:51:06.273 > [249415][V][LoraMesher.cpp:658] processPackets(): [LoRaMesher] TESTING: Packet not for me, deleting it
16:51:06.282 > [249424][V][LoraMesher.cpp:641] processPackets(): [LoRaMesher] Stack space unused after entering the task: 2040
16:51:06.292 > [249434][V][LoraMesher.cpp:642] processPackets(): [LoRaMesher] Free heap: 336340
16:51:06.354 > [249496][V][LoraMesher.cpp:462] waitBeforeSend(): [LoRaMesher] Preamble detected while waiting 2
16:51:06.363 > [249505][V][LoraMesher.cpp:754] printHeaderPacket(): [LoRaMesher] Packet send -- Size: 16 Src: AFC0 Dst: FFFF Id: 2 Type: 4 Via: 0 Seq_Id: 0 Num: 0
16:51:06.452 > [249594][V][LoraMesher.cpp:575] sendPackets(): [LoRaMesher] TimeOnAir 63 ms, next message in 0 ms
16:51:06.461 > [249603][I][PacketQueueService.h:80] deleteQueuePacketAndPacket(): [LoRaMesher] Deleting packet
16:51:06.470 > [249611][I][PacketQueueService.h:83] deleteQueuePacketAndPacket(): [LoRaMesher] Deleting packet queue
16:51:07.444 > [250587][V][LoraMesher.cpp:378] receivingRoutine(): [LoRaMesher] Stack space unused after entering the task: 2108
16:51:07.455 > [250597][V][LoraMesher.cpp:379] receivingRoutine(): [LoRaMesher] Free heap: 336404
16:51:07.463 > [250604][I][PacketService.cpp:12] createEmptyPacket(): [LoRaMesher] Packet created with 16 bytes
16:51:07.471 > [250613][I][LoraMesher.cpp:392] receivingRoutine(): [LoRaMesher] Receiving LoRa packet: Size: 16 bytes RSSI: -49 SNR: 13
16:51:07.482 > [250624][V][LoraMesher.cpp:647] processPackets(): [LoRaMesher] Size of Received Packets Queue: 1
16:51:07.491 > [250633][V][LoraMesher.cpp:754] printHeaderPacket(): [LoRaMesher] Packet received -- Size: 16 Src: DE6C Dst: FFFF Id: 2 Type: 4 Via: 0 Seq_Id: 0 Num: 0
16:51:07.505 > [250646][I][RoutingTableService.cpp:77] processRoute(): [LoRaMesher] Route packet from DE6C with size 2
16:51:07.514 > [250656][I][RoutingTableService.cpp:156] addNodeToRoutingTable(): [LoRaMesher] New route added: DE6C via DE6C metric 1, role 0
16:51:07.525 > [250667][I][RoutingTableService.cpp:99] resetReceiveSNRRoutePacket(): [LoRaMesher] Reset Receive SNR from DE6C: 13
16:51:07.535 > [250677][I][RoutingTableService.cpp:192] printRoutingTable(): [LoRaMesher] Current routing table:
16:51:07.544 > [250686][I][RoutingTableService.cpp:206] printRoutingTable(): [LoRaMesher] 0 - F02C via F02C metric 1 Role 0
16:51:07.553 > [250695][I][RoutingTableService.cpp:206] printRoutingTable(): [LoRaMesher] 1 - D110 via F02C metric 2 Role 1
16:51:07.563 > [250705][I][RoutingTableService.cpp:206] printRoutingTable(): [LoRaMesher] 2 - DE6C via DE6C metric 1 Role 0
16:51:07.573 > [250714][I][PacketQueueService.h:80] deleteQueuePacketAndPacket(): [LoRaMesher] Deleting packet
16:51:07.581 > [250723][I][PacketQueueService.h:83] deleteQueuePacketAndPacket(): [LoRaMesher] Deleting packet queue
16:51:07.590 > [250732][V][LoraMesher.cpp:641] processPackets(): [LoRaMesher] Stack space unused after entering the task: 2040
16:51:07.600 > [250742][V][LoraMesher.cpp:642] processPackets(): [LoRaMesher] Free heap: 336340
16:51:09.590 > [252732][V][LoraMesher.cpp:378] receivingRoutine(): [LoRaMesher] Stack space unused after entering the task: 2108
16:51:09.600 > [252742][V][LoraMesher.cpp:379] receivingRoutine(): [LoRaMesher] Free heap: 336340
16:51:09.608 > [252750][I][PacketService.cpp:12] createEmptyPacket(): [LoRaMesher] Packet created with 16 bytes
16:51:09.617 > [252758][I][LoraMesher.cpp:392] receivingRoutine(): [LoRaMesher] Receiving LoRa packet: Size: 16 bytes RSSI: -48 SNR: 13
16:51:09.628 > [252770][V][LoraMesher.cpp:647] processPackets(): [LoRaMesher] Size of Received Packets Queue: 1
16:51:09.637 > [252778][V][LoraMesher.cpp:754] printHeaderPacket(): [LoRaMesher] Packet received -- Size: 16 Src: F02C Dst: FFFF Id: 2 Type: 4 Via: 0 Seq_Id: 0 Num: 0
16:51:09.650 > [252792][I][RoutingTableService.cpp:77] processRoute(): [LoRaMesher] Route packet from F02C with size 2
16:51:09.659 > [252801][I][RoutingTableService.cpp:99] resetReceiveSNRRoutePacket(): [LoRaMesher] Reset Receive SNR from F02C: 13
16:51:09.669 > [252811][I][RoutingTableService.cpp:192] printRoutingTable(): [LoRaMesher] Current routing table:
16:51:09.678 > [252820][I][RoutingTableService.cpp:206] printRoutingTable(): [LoRaMesher] 0 - F02C via F02C metric 1 Role 0
16:51:09.688 > [252829][I][RoutingTableService.cpp:206] printRoutingTable(): [LoRaMesher] 1 - D110 via F02C metric 2 Role 1
16:51:09.697 > [252839][I][RoutingTableService.cpp:206] printRoutingTable(): [LoRaMesher] 2 - DE6C via DE6C metric 1 Role 0
16:51:09.707 > [252849][I][PacketQueueService.h:80] deleteQueuePacketAndPacket(): [LoRaMesher] Deleting packet
16:51:09.715 > [252857][I][PacketQueueService.h:83] deleteQueuePacketAndPacket(): [LoRaMesher] Deleting packet queue
16:51:09.724 > [252866][V][LoraMesher.cpp:641] processPackets(): [LoRaMesher] Stack space unused after entering the task: 2040
16:51:09.734 > [252876][V][LoraMesher.cpp:642] processPackets(): [LoRaMesher] Free heap: 336340
16:51:26.570 > [269713][V][LoraMesher.cpp:378] receivingRoutine(): [LoRaMesher] Stack space unused after entering the task: 2108
16:51:26.581 > [269723][V][LoraMesher.cpp:379] receivingRoutine(): [LoRaMesher] Free heap: 336340
16:51:26.589 > [269731][I][PacketService.cpp:12] createEmptyPacket(): [LoRaMesher] Packet created with 17 bytes
16:51:26.597 > [269740][I][LoraMesher.cpp:392] receivingRoutine(): [LoRaMesher] Receiving LoRa packet: Size: 17 bytes RSSI: -50 SNR: 12
16:51:26.609 > [269751][V][LoraMesher.cpp:647] processPackets(): [LoRaMesher] Size of Received Packets Queue: 1
16:51:26.617 > [269759][I][PacketQueueService.h:80] deleteQueuePacketAndPacket(): [LoRaMesher] Deleting packet
16:51:26.626 > [269768][I][PacketQueueService.h:83] deleteQueuePacketAndPacket(): [LoRaMesher] Deleting packet queue
16:51:26.635 > [269777][V][LoraMesher.cpp:658] processPackets(): [LoRaMesher] TESTING: Packet not for me, deleting it
16:51:26.644 > [269786][V][LoraMesher.cpp:641] processPackets(): [LoRaMesher] Stack space unused after entering the task: 2040
16:51:26.654 > [269796][V][LoraMesher.cpp:642] processPackets(): [LoRaMesher] Free heap: 336340
16:51:46.592 > [289736][V][LoraMesher.cpp:378] receivingRoutine(): [LoRaMesher] Stack space unused after entering the task: 2108
16:51:46.603 > [289746][V][LoraMesher.cpp:379] receivingRoutine(): [LoRaMesher] Free heap: 336340
16:51:46.610 > [289754][I][PacketService.cpp:12] createEmptyPacket(): [LoRaMesher] Packet created with 17 bytes
16:51:46.619 > [289763][I][LoraMesher.cpp:392] receivingRoutine(): [LoRaMesher] Receiving LoRa packet: Size: 17 bytes RSSI: -49 SNR: 13
16:51:46.630 > [289774][V][LoraMesher.cpp:647] processPackets(): [LoRaMesher] Size of Received Packets Queue: 1
16:51:46.639 > [289782][I][PacketQueueService.h:80] deleteQueuePacketAndPacket(): [LoRaMesher] Deleting packet
16:51:46.647 > [289791][I][PacketQueueService.h:83] deleteQueuePacketAndPacket(): [LoRaMesher] Deleting packet queue
16:51:46.656 > [289800][V][LoraMesher.cpp:658] processPackets(): [LoRaMesher] TESTING: Packet not for me, deleting it
16:51:46.666 > [289809][V][LoraMesher.cpp:641] processPackets(): [LoRaMesher] Stack space unused after entering the task: 2040
16:51:46.675 > [289819][V][LoraMesher.cpp:642] processPackets(): [LoRaMesher] Free heap: 336340
16:52:06.181 > [309325][V][LoraMesher.cpp:378] receivingRoutine(): [LoRaMesher] Stack space unused after entering the task: 2108
16:52:06.191 > [309335][V][LoraMesher.cpp:379] receivingRoutine(): [LoRaMesher] Free heap: 336340
16:52:06.199 > [309343][I][PacketService.cpp:12] createEmptyPacket(): [LoRaMesher] Packet created with 17 bytes
16:52:06.208 > [309352][I][LoraMesher.cpp:392] receivingRoutine(): [LoRaMesher] Receiving LoRa packet: Size: 17 bytes RSSI: -49 SNR: 13
16:52:06.219 > [309363][V][LoraMesher.cpp:647] processPackets(): [LoRaMesher] Size of Received Packets Queue: 1
16:52:06.227 > [309371][I][PacketQueueService.h:80] deleteQueuePacketAndPacket(): [LoRaMesher] Deleting packet
16:52:06.236 > [309380][I][PacketQueueService.h:83] deleteQueuePacketAndPacket(): [LoRaMesher] Deleting packet queue
16:52:06.245 > [309389][V][LoraMesher.cpp:658] processPackets(): [LoRaMesher] TESTING: Packet not for me, deleting it
16:52:06.254 > [309398][V][LoraMesher.cpp:641] processPackets(): [LoRaMesher] Stack space unused after entering the task: 2040
16:52:06.264 > [309408][V][LoraMesher.cpp:642] processPackets(): [LoRaMesher] Free heap: 336340
16:52:26.146 > [329291][V][LoraMesher.cpp:378] receivingRoutine(): [LoRaMesher] Stack space unused after entering the task: 2108
16:52:26.157 > [329301][V][LoraMesher.cpp:379] receivingRoutine(): [LoRaMesher] Free heap: 336340
16:52:26.164 > [329309][I][PacketService.cpp:12] createEmptyPacket(): [LoRaMesher] Packet created with 17 bytes
16:52:26.173 > [329318][I][LoraMesher.cpp:392] receivingRoutine(): [LoRaMesher] Receiving LoRa packet: Size: 17 bytes RSSI: -50 SNR: 13
16:52:26.184 > [329329][V][LoraMesher.cpp:647] processPackets(): [LoRaMesher] Size of Received Packets Queue: 1
16:52:26.193 > [329337][I][PacketQueueService.h:80] deleteQueuePacketAndPacket(): [LoRaMesher] Deleting packet
16:52:26.201 > [329346][I][PacketQueueService.h:83] deleteQueuePacketAndPacket(): [LoRaMesher] Deleting packet queue
16:52:26.210 > [329355][V][LoraMesher.cpp:658] processPackets(): [LoRaMesher] TESTING: Packet not for me, deleting it
16:52:26.220 > [329364][V][LoraMesher.cpp:641] processPackets(): [LoRaMesher] Stack space unused after entering the task: 2040
16:52:26.229 > [329374][V][LoraMesher.cpp:642] processPackets(): [LoRaMesher] Free heap: 336340
16:52:46.850 > [349995][V][LoraMesher.cpp:378] receivingRoutine(): [LoRaMesher] Stack space unused after entering the task: 2108
16:52:46.860 > [350005][V][LoraMesher.cpp:379] receivingRoutine(): [LoRaMesher] Free heap: 336340
16:52:46.868 > [350013][I][PacketService.cpp:12] createEmptyPacket(): [LoRaMesher] Packet created with 17 bytes
16:52:46.877 > [350022][I][LoraMesher.cpp:392] receivingRoutine(): [LoRaMesher] Receiving LoRa packet: Size: 17 bytes RSSI: -50 SNR: 13
16:52:46.887 > [350033][V][LoraMesher.cpp:647] processPackets(): [LoRaMesher] Size of Received Packets Queue: 1
16:52:46.897 > [350041][I][PacketQueueService.h:80] deleteQueuePacketAndPacket(): [LoRaMesher] Deleting packet
16:52:46.905 > [350050][I][PacketQueueService.h:83] deleteQueuePacketAndPacket(): [LoRaMesher] Deleting packet queue
16:52:46.914 > [350059][V][LoraMesher.cpp:658] processPackets(): [LoRaMesher] TESTING: Packet not for me, deleting it
16:52:46.923 > [350068][V][LoraMesher.cpp:641] processPackets(): [LoRaMesher] Stack space unused after entering the task: 2040
16:52:46.933 > [350078][V][LoraMesher.cpp:642] processPackets(): [LoRaMesher] Free heap: 336340
16:53:04.937 > [368083][V][LoraMesher.cpp:598] sendHelloPacket(): [LoRaMesher] Creating Routing Packet
16:53:04.945 > [368091][V][LoraMesher.cpp:599] sendHelloPacket(): [LoRaMesher] Stack space unused after entering the task: 2328
16:53:04.956 > [368101][V][LoraMesher.cpp:600] sendHelloPacket(): [LoRaMesher] Free heap: 336340
16:53:04.962 > [368109][V][PacketFactory.h:45] createPacket(): [LoRaMesher] Creating packet with 20 bytes
16:53:04.970 > [368117][I][PacketFactory.h:74] createPacket(): [LoRaMesher] Packet created with 20 bytes
16:53:04.978 > [368125][I][LoraMesher.h:659] setPackedForSend(): [LoRaMesher] Adding packet to Q_SP
16:53:04.987 > [368132][I][LoraMesher.h:661] setPackedForSend(): [LoRaMesher] Created packet to Q_SP
16:53:04.993 > [368140][I][LoraMesher.cpp:1051] addToSendOrderedAndNotify(): [LoRaMesher] Added packet to Q_SP, notifying sender task
16:53:05.004 > [368150][V][LoraMesher.cpp:511] sendPackets(): [LoRaMesher] Stack space unused after entering the task: 2212
16:53:05.014 > [368160][V][LoraMesher.cpp:512] sendPackets(): [LoRaMesher] Free heap: 336232
16:53:05.021 > [368167][V][LoraMesher.cpp:518] sendPackets(): [LoRaMesher] Size of Send Packets Queue: 1
16:53:05.028 > [368175][V][LoraMesher.cpp:525] sendPackets(): [LoRaMesher] Send n. 3
16:53:05.035 > [368181][V][LoraMesher.cpp:455] waitBeforeSend(): [LoRaMesher] RandomDelay 687 ms
16:53:05.473 > [368620][V][LoraMesher.cpp:378] receivingRoutine(): [LoRaMesher] Stack space unused after entering the task: 2108
16:53:05.484 > [368630][V][LoraMesher.cpp:379] receivingRoutine(): [LoRaMesher] Free heap: 336260
16:53:05.491 > [368637][I][PacketService.cpp:12] createEmptyPacket(): [LoRaMesher] Packet created with 24 bytes
16:53:05.500 > [368646][I][LoraMesher.cpp:392] receivingRoutine(): [LoRaMesher] Receiving LoRa packet: Size: 24 bytes RSSI: -49 SNR: 3
16:53:05.511 > [368657][V][LoraMesher.cpp:647] processPackets(): [LoRaMesher] Size of Received Packets Queue: 1
16:53:05.520 > [368666][V][LoraMesher.cpp:754] printHeaderPacket(): [LoRaMesher] Packet received -- Size: 24 Src: DE6C Dst: FFFF Id: 3 Type: 4 Via: 0 Seq_Id: 0 Num: 0
16:53:05.533 > [368679][I][RoutingTableService.cpp:77] processRoute(): [LoRaMesher] Route packet from DE6C with size 4
16:53:05.542 > [368689][I][RoutingTableService.cpp:99] resetReceiveSNRRoutePacket(): [LoRaMesher] Reset Receive SNR from DE6C: 3
16:53:05.552 > [368699][I][RoutingTableService.cpp:156] addNodeToRoutingTable(): [LoRaMesher] New route added: B3F0 via DE6C metric 2, role 0
16:53:05.564 > [368710][I][RoutingTableService.cpp:192] printRoutingTable(): [LoRaMesher] Current routing table:
16:53:05.572 > [368719][I][RoutingTableService.cpp:206] printRoutingTable(): [LoRaMesher] 0 - F02C via F02C metric 1 Role 0
16:53:05.582 > [368728][I][RoutingTableService.cpp:206] printRoutingTable(): [LoRaMesher] 1 - D110 via F02C metric 2 Role 1
16:53:05.592 > [368738][I][RoutingTableService.cpp:206] printRoutingTable(): [LoRaMesher] 2 - DE6C via DE6C metric 1 Role 0
16:53:05.601 > [368747][I][RoutingTableService.cpp:206] printRoutingTable(): [LoRaMesher] 3 - B3F0 via DE6C metric 2 Role 0
16:53:05.611 > [368757][I][PacketQueueService.h:80] deleteQueuePacketAndPacket(): [LoRaMesher] Deleting packet
16:53:05.619 > [368766][I][PacketQueueService.h:83] deleteQueuePacketAndPacket(): [LoRaMesher] Deleting packet queue
16:53:05.628 > [368775][V][LoraMesher.cpp:641] processPackets(): [LoRaMesher] Stack space unused after entering the task: 2040
16:53:05.638 > [368785][V][LoraMesher.cpp:642] processPackets(): [LoRaMesher] Free heap: 336196
16:53:05.734 > [368880][V][LoraMesher.cpp:462] waitBeforeSend(): [LoRaMesher] Preamble detected while waiting 1
16:53:05.743 > [368889][V][LoraMesher.cpp:455] waitBeforeSend(): [LoRaMesher] RandomDelay 711 ms
16:53:06.250 > [369396][V][LoraMesher.cpp:378] receivingRoutine(): [LoRaMesher] Stack space unused after entering the task: 2108
16:53:06.260 > [369407][V][LoraMesher.cpp:379] receivingRoutine(): [LoRaMesher] Free heap: 336196
16:53:06.268 > [369414][I][PacketService.cpp:12] createEmptyPacket(): [LoRaMesher] Packet created with 20 bytes
16:53:06.277 > [369423][I][LoraMesher.cpp:392] receivingRoutine(): [LoRaMesher] Receiving LoRa packet: Size: 20 bytes RSSI: -50 SNR: 13
16:53:06.289 > [369434][V][LoraMesher.cpp:647] processPackets(): [LoRaMesher] Size of Received Packets Queue: 1
16:53:06.296 > [369443][I][PacketQueueService.h:80] deleteQueuePacketAndPacket(): [LoRaMesher] Deleting packet
16:53:06.305 > [369451][I][PacketQueueService.h:83] deleteQueuePacketAndPacket(): [LoRaMesher] Deleting packet queue
16:53:06.314 > [369460][V][LoraMesher.cpp:658] processPackets(): [LoRaMesher] TESTING: Packet not for me, deleting it
16:53:06.323 > [369469][V][LoraMesher.cpp:641] processPackets(): [LoRaMesher] Stack space unused after entering the task: 2040
16:53:06.333 > [369479][V][LoraMesher.cpp:642] processPackets(): [LoRaMesher] Free heap: 336196
16:53:06.466 > [369612][V][LoraMesher.cpp:462] waitBeforeSend(): [LoRaMesher] Preamble detected while waiting 2
16:53:06.474 > [369621][V][LoraMesher.cpp:455] waitBeforeSend(): [LoRaMesher] RandomDelay 962 ms
16:53:07.380 > [370527][V][LoraMesher.cpp:378] receivingRoutine(): [LoRaMesher] Stack space unused after entering the task: 2108
16:53:07.390 > [370537][V][LoraMesher.cpp:379] receivingRoutine(): [LoRaMesher] Free heap: 336196
16:53:07.398 > [370544][I][PacketService.cpp:12] createEmptyPacket(): [LoRaMesher] Packet created with 17 bytes
16:53:07.407 > [370553][I][LoraMesher.cpp:392] receivingRoutine(): [LoRaMesher] Receiving LoRa packet: Size: 17 bytes RSSI: -50 SNR: 13
16:53:07.418 > [370564][V][LoraMesher.cpp:647] processPackets(): [LoRaMesher] Size of Received Packets Queue: 1
16:53:07.426 > [370573][I][PacketQueueService.h:80] deleteQueuePacketAndPacket(): [LoRaMesher] Deleting packet
16:53:07.435 > [370581][I][PacketQueueService.h:83] deleteQueuePacketAndPacket(): [LoRaMesher] Deleting packet queue
16:53:07.449 > [370595][V][LoraMesher.cpp:462] waitBeforeSend(): [LoRaMesher] Preamble detected while waiting 3
16:53:07.457 > [370604][V][LoraMesher.cpp:455] waitBeforeSend(): [LoRaMesher] RandomDelay 513 ms
16:53:07.465 > [370611][V][LoraMesher.cpp:658] processPackets(): [LoRaMesher] TESTING: Packet not for me, deleting it
16:53:07.474 > [370620][V][LoraMesher.cpp:641] processPackets(): [LoRaMesher] Stack space unused after entering the task: 2040
16:53:07.484 > [370630][V][LoraMesher.cpp:642] processPackets(): [LoRaMesher] Free heap: 336196
16:53:07.977 > [371123][V][LoraMesher.cpp:754] printHeaderPacket(): [LoRaMesher] Packet send -- Size: 20 Src: AFC0 Dst: FFFF Id: 3 Type: 4 Via: 0 Seq_Id: 0 Num: 0
16:53:08.074 > [371220][V][LoraMesher.cpp:575] sendPackets(): [LoRaMesher] TimeOnAir 70 ms, next message in 0 ms
16:53:08.082 > [371229][I][PacketQueueService.h:80] deleteQueuePacketAndPacket(): [LoRaMesher] Deleting packet
16:53:08.092 > [371237][I][PacketQueueService.h:83] deleteQueuePacketAndPacket(): [LoRaMesher] Deleting packet queue
16:53:08.163 > [371309][V][LoraMesher.cpp:378] receivingRoutine(): [LoRaMesher] Stack space unused after entering the task: 2108
16:53:08.173 > [371319][V][LoraMesher.cpp:379] receivingRoutine(): [LoRaMesher] Free heap: 336276
16:53:08.180 > [371327][I][PacketService.cpp:12] createEmptyPacket(): [LoRaMesher] Packet created with 17 bytes
16:53:08.189 > [371336][I][LoraMesher.cpp:392] receivingRoutine(): [LoRaMesher] Receiving LoRa packet: Size: 17 bytes RSSI: -97 SNR: -13
16:53:08.200 > [371347][W][LoraMesher.cpp:403] receivingRoutine(): [LoRaMesher] Reading packet data gave error: -7
16:53:08.979 > [372126][V][LoraMesher.cpp:378] receivingRoutine(): [LoRaMesher] Stack space unused after entering the task: 2108
16:53:08.990 > [372136][V][LoraMesher.cpp:379] receivingRoutine(): [LoRaMesher] Free heap: 336276
16:53:08.997 > [372143][I][PacketService.cpp:12] createEmptyPacket(): [LoRaMesher] Packet created with 17 bytes
16:53:09.007 > [372152][I][LoraMesher.cpp:392] receivingRoutine(): [LoRaMesher] Receiving LoRa packet: Size: 17 bytes RSSI: -49 SNR: 13
16:53:09.017 > [372163][V][LoraMesher.cpp:647] processPackets(): [LoRaMesher] Size of Received Packets Queue: 1
16:53:09.026 > [372172][V][LoraMesher.cpp:754] printHeaderPacket(): [LoRaMesher] Packet received -- Size: 17 Src: B3F0 Dst: D110 Id: 22 Type: 2 Via: AFC0 Seq_Id: 0 Num: 0
16:53:09.039 > [372186][I][LoraMesher.cpp:854] processDataPacket(): [LoRaMesher] Data packet from B3F0, destination D110, via AFC0
16:53:09.050 > [372196][V][LoraMesher.cpp:872] processDataPacket(): [LoRaMesher] Data Packet from B3F0 for D110. Via is me. Forwarding it
16:53:09.061 > [372207][I][LoraMesher.cpp:1051] addToSendOrderedAndNotify(): [LoRaMesher] Added packet to Q_SP, notifying sender task
16:53:09.071 > [372217][V][LoraMesher.cpp:511] sendPackets(): [LoRaMesher] Stack space unused after entering the task: 2084
16:53:09.081 > [372227][V][LoraMesher.cpp:512] sendPackets(): [LoRaMesher] Free heap: 336168
16:53:09.088 > [372234][V][LoraMesher.cpp:518] sendPackets(): [LoRaMesher] Size of Send Packets Queue: 1
16:53:09.096 > [372242][V][LoraMesher.cpp:525] sendPackets(): [LoRaMesher] Send n. 4
16:53:09.102 > [372248][V][LoraMesher.cpp:455] waitBeforeSend(): [LoRaMesher] RandomDelay 1142 ms
16:53:09.109 > [372256][V][LoraMesher.cpp:641] processPackets(): [LoRaMesher] Stack space unused after entering the task: 2040
16:53:09.119 > [372266][V][LoraMesher.cpp:642] processPackets(): [LoRaMesher] Free heap: 336196
16:53:10.251 > [373397][V][LoraMesher.cpp:754] printHeaderPacket(): [LoRaMesher] Packet send -- Size: 17 Src: B3F0 Dst: D110 Id: 22 Type: 2 Via: F02C Seq_Id: 0 Num: 0
16:53:10.341 > [373487][V][LoraMesher.cpp:575] sendPackets(): [LoRaMesher] TimeOnAir 63 ms, next message in 0 ms
16:53:10.350 > [373496][I][PacketQueueService.h:80] deleteQueuePacketAndPacket(): [LoRaMesher] Deleting packet
16:53:10.358 > [373505][I][PacketQueueService.h:83] deleteQueuePacketAndPacket(): [LoRaMesher] Deleting packet queue
16:53:11.362 > [374508][V][LoraMesher.cpp:378] receivingRoutine(): [LoRaMesher] Stack space unused after entering the task: 2108
16:53:11.371 > [374518][V][LoraMesher.cpp:379] receivingRoutine(): [LoRaMesher] Free heap: 336276
16:53:11.379 > [374525][I][PacketService.cpp:12] createEmptyPacket(): [LoRaMesher] Packet created with 20 bytes
16:53:11.388 > [374534][I][LoraMesher.cpp:392] receivingRoutine(): [LoRaMesher] Receiving LoRa packet: Size: 20 bytes RSSI: -48 SNR: 13
16:53:11.399 > [374545][V][LoraMesher.cpp:647] processPackets(): [LoRaMesher] Size of Received Packets Queue: 1
16:53:11.407 > [374554][V][LoraMesher.cpp:754] printHeaderPacket(): [LoRaMesher] Packet received -- Size: 20 Src: F02C Dst: FFFF Id: 3 Type: 4 Via: 0 Seq_Id: 0 Num: 0
16:53:11.421 > [374567][I][RoutingTableService.cpp:77] processRoute(): [LoRaMesher] Route packet from F02C with size 3
16:53:11.430 > [374577][I][RoutingTableService.cpp:99] resetReceiveSNRRoutePacket(): [LoRaMesher] Reset Receive SNR from F02C: 13
16:53:11.440 > [374587][I][RoutingTableService.cpp:192] printRoutingTable(): [LoRaMesher] Current routing table:
16:53:11.449 > [374595][I][RoutingTableService.cpp:206] printRoutingTable(): [LoRaMesher] 0 - F02C via F02C metric 1 Role 0
16:53:11.459 > [374605][I][RoutingTableService.cpp:206] printRoutingTable(): [LoRaMesher] 1 - D110 via F02C metric 2 Role 1
16:53:11.468 > [374615][I][RoutingTableService.cpp:206] printRoutingTable(): [LoRaMesher] 2 - DE6C via DE6C metric 1 Role 0
16:53:11.478 > [374624][I][RoutingTableService.cpp:206] printRoutingTable(): [LoRaMesher] 3 - B3F0 via DE6C metric 2 Role 0
16:53:11.487 > [374634][I][PacketQueueService.h:80] deleteQueuePacketAndPacket(): [LoRaMesher] Deleting packet
16:53:11.496 > [374642][I][PacketQueueService.h:83] deleteQueuePacketAndPacket(): [LoRaMesher] Deleting packet queue
16:53:11.505 > [374651][V][LoraMesher.cpp:641] processPackets(): [LoRaMesher] Stack space unused after entering the task: 2040
16:53:11.515 > [374661][V][LoraMesher.cpp:642] processPackets(): [LoRaMesher] Free heap: 336276
16:53:12.345 > [375492][V][LoraMesher.cpp:378] receivingRoutine(): [LoRaMesher] Stack space unused after entering the task: 2108
16:53:12.355 > [375502][V][LoraMesher.cpp:379] receivingRoutine(): [LoRaMesher] Free heap: 336276
16:53:12.363 > [375509][I][PacketService.cpp:12] createEmptyPacket(): [LoRaMesher] Packet created with 17 bytes
16:53:12.372 > [375518][I][LoraMesher.cpp:392] receivingRoutine(): [LoRaMesher] Receiving LoRa packet: Size: 17 bytes RSSI: -49 SNR: 12
16:53:12.383 > [375529][V][LoraMesher.cpp:647] processPackets(): [LoRaMesher] Size of Received Packets Queue: 1
16:53:12.392 > [375538][I][PacketQueueService.h:80] deleteQueuePacketAndPacket(): [LoRaMesher] Deleting packet
16:53:12.400 > [375547][I][PacketQueueService.h:83] deleteQueuePacketAndPacket(): [LoRaMesher] Deleting packet queue
16:53:12.409 > [375556][V][LoraMesher.cpp:658] processPackets(): [LoRaMesher] TESTING: Packet not for me, deleting it
16:53:12.418 > [375565][V][LoraMesher.cpp:641] processPackets(): [LoRaMesher] Stack space unused after entering the task: 2040
16:53:12.428 > [375575][V][LoraMesher.cpp:642] processPackets(): [LoRaMesher] Free heap: 336276
16:53:27.182 > [390329][V][LoraMesher.cpp:378] receivingRoutine(): [LoRaMesher] Stack space unused after entering the task: 2108
16:53:27.192 > [390339][V][LoraMesher.cpp:379] receivingRoutine(): [LoRaMesher] Free heap: 336276
16:53:27.199 > [390346][I][PacketService.cpp:12] createEmptyPacket(): [LoRaMesher] Packet created with 17 bytes
16:53:27.208 > [390355][I][LoraMesher.cpp:392] receivingRoutine(): [LoRaMesher] Receiving LoRa packet: Size: 17 bytes RSSI: -49 SNR: 12
16:53:27.219 > [390366][V][LoraMesher.cpp:647] processPackets(): [LoRaMesher] Size of Received Packets Queue: 1
16:53:27.228 > [390375][I][PacketQueueService.h:80] deleteQueuePacketAndPacket(): [LoRaMesher] Deleting packet
16:53:27.237 > [390383][I][PacketQueueService.h:83] deleteQueuePacketAndPacket(): [LoRaMesher] Deleting packet queue
16:53:27.245 > [390392][V][LoraMesher.cpp:658] processPackets(): [LoRaMesher] TESTING: Packet not for me, deleting it
16:53:27.255 > [390401][V][LoraMesher.cpp:641] processPackets(): [LoRaMesher] Stack space unused after entering the task: 2040
16:53:27.265 > [390411][V][LoraMesher.cpp:642] processPackets(): [LoRaMesher] Free heap: 336276
16:53:27.878 > [391024][V][LoraMesher.cpp:378] receivingRoutine(): [LoRaMesher] Stack space unused after entering the task: 2108
16:53:27.888 > [391035][V][LoraMesher.cpp:379] receivingRoutine(): [LoRaMesher] Free heap: 336276
16:53:27.895 > [391042][I][PacketService.cpp:12] createEmptyPacket(): [LoRaMesher] Packet created with 17 bytes
16:53:27.904 > [391051][I][LoraMesher.cpp:392] receivingRoutine(): [LoRaMesher] Receiving LoRa packet: Size: 17 bytes RSSI: -49 SNR: 13
16:53:27.915 > [391062][V][LoraMesher.cpp:647] processPackets(): [LoRaMesher] Size of Received Packets Queue: 1
16:53:27.924 > [391071][V][LoraMesher.cpp:754] printHeaderPacket(): [LoRaMesher] Packet received -- Size: 17 Src: B3F0 Dst: D110 Id: 23 Type: 2 Via: AFC0 Seq_Id: 0 Num: 0
16:53:27.938 > [391084][I][LoraMesher.cpp:854] processDataPacket(): [LoRaMesher] Data packet from B3F0, destination D110, via AFC0
16:53:27.948 > [391095][V][LoraMesher.cpp:872] processDataPacket(): [LoRaMesher] Data Packet from B3F0 for D110. Via is me. Forwarding it
16:53:27.959 > [391105][I][LoraMesher.cpp:1051] addToSendOrderedAndNotify(): [LoRaMesher] Added packet to Q_SP, notifying sender task
16:53:27.969 > [391116][V][LoraMesher.cpp:511] sendPackets(): [LoRaMesher] Stack space unused after entering the task: 2084
16:53:27.979 > [391126][V][LoraMesher.cpp:512] sendPackets(): [LoRaMesher] Free heap: 336168
16:53:27.986 > [391133][V][LoraMesher.cpp:518] sendPackets(): [LoRaMesher] Size of Send Packets Queue: 1
16:53:27.995 > [391141][V][LoraMesher.cpp:525] sendPackets(): [LoRaMesher] Send n. 5
16:53:28.000 > [391147][V][LoraMesher.cpp:455] waitBeforeSend(): [LoRaMesher] RandomDelay 1078 ms
16:53:28.007 > [391154][V][LoraMesher.cpp:641] processPackets(): [LoRaMesher] Stack space unused after entering the task: 2040
16:53:28.017 > [391164][V][LoraMesher.cpp:642] processPackets(): [LoRaMesher] Free heap: 336196
16:53:29.084 > [392231][V][LoraMesher.cpp:754] printHeaderPacket(): [LoRaMesher] Packet send -- Size: 17 Src: B3F0 Dst: D110 Id: 23 Type: 2 Via: F02C Seq_Id: 0 Num: 0
16:53:29.174 > [392321][V][LoraMesher.cpp:575] sendPackets(): [LoRaMesher] TimeOnAir 63 ms, next message in 0 ms
16:53:29.183 > [392330][I][PacketQueueService.h:80] deleteQueuePacketAndPacket(): [LoRaMesher] Deleting packet
16:53:29.192 > [392339][I][PacketQueueService.h:83] deleteQueuePacketAndPacket(): [LoRaMesher] Deleting packet queue
16:53:29.729 > [392876][V][LoraMesher.cpp:378] receivingRoutine(): [LoRaMesher] Stack space unused after entering the task: 2108
16:53:29.739 > [392886][V][LoraMesher.cpp:379] receivingRoutine(): [LoRaMesher] Free heap: 336276
16:53:29.747 > [392894][I][PacketService.cpp:12] createEmptyPacket(): [LoRaMesher] Packet created with 17 bytes
16:53:29.756 > [392902][I][LoraMesher.cpp:392] receivingRoutine(): [LoRaMesher] Receiving LoRa packet: Size: 17 bytes RSSI: -49 SNR: 13
16:53:29.767 > [392913][V][LoraMesher.cpp:647] processPackets(): [LoRaMesher] Size of Received Packets Queue: 1
16:53:29.775 > [392922][I][PacketQueueService.h:80] deleteQueuePacketAndPacket(): [LoRaMesher] Deleting packet
16:53:29.784 > [392931][I][PacketQueueService.h:83] deleteQueuePacketAndPacket(): [LoRaMesher] Deleting packet queue
16:53:29.793 > [392940][V][LoraMesher.cpp:658] processPackets(): [LoRaMesher] TESTING: Packet not for me, deleting it
16:53:29.802 > [392949][V][LoraMesher.cpp:641] processPackets(): [LoRaMesher] Stack space unused after entering the task: 2040
16:53:29.812 > [392959][V][LoraMesher.cpp:642] processPackets(): [LoRaMesher] Free heap: 336276
16:53:46.681 > [409829][V][LoraMesher.cpp:378] receivingRoutine(): [LoRaMesher] Stack space unused after entering the task: 2108
16:53:46.692 > [409839][V][LoraMesher.cpp:379] receivingRoutine(): [LoRaMesher] Free heap: 336276
16:53:46.699 > [409846][I][PacketService.cpp:12] createEmptyPacket(): [LoRaMesher] Packet created with 17 bytes
16:53:46.708 > [409855][I][LoraMesher.cpp:392] receivingRoutine(): [LoRaMesher] Receiving LoRa packet: Size: 17 bytes RSSI: -50 SNR: 13
16:53:46.719 > [409866][V][LoraMesher.cpp:647] processPackets(): [LoRaMesher] Size of Received Packets Queue: 1
16:53:46.728 > [409875][I][PacketQueueService.h:80] deleteQueuePacketAndPacket(): [LoRaMesher] Deleting packet
16:53:46.736 > [409883][I][PacketQueueService.h:83] deleteQueuePacketAndPacket(): [LoRaMesher] Deleting packet queue
16:53:46.745 > [409892][V][LoraMesher.cpp:658] processPackets(): [LoRaMesher] TESTING: Packet not for me, deleting it
16:53:46.754 > [409901][V][LoraMesher.cpp:641] processPackets(): [LoRaMesher] Stack space unused after entering the task: 2040
16:53:46.764 > [409911][V][LoraMesher.cpp:642] processPackets(): [LoRaMesher] Free heap: 336276
16:53:47.251 > [410399][V][LoraMesher.cpp:378] receivingRoutine(): [LoRaMesher] Stack space unused after entering the task: 2108
16:53:47.262 > [410409][V][LoraMesher.cpp:379] receivingRoutine(): [LoRaMesher] Free heap: 336276
16:53:47.269 > [410417][I][PacketService.cpp:12] createEmptyPacket(): [LoRaMesher] Packet created with 17 bytes
16:53:47.278 > [410425][I][LoraMesher.cpp:392] receivingRoutine(): [LoRaMesher] Receiving LoRa packet: Size: 17 bytes RSSI: -49 SNR: 13
16:53:47.289 > [410436][V][LoraMesher.cpp:647] processPackets(): [LoRaMesher] Size of Received Packets Queue: 1
16:53:47.298 > [410445][V][LoraMesher.cpp:754] printHeaderPacket(): [LoRaMesher] Packet received -- Size: 17 Src: B3F0 Dst: D110 Id: 24 Type: 2 Via: AFC0 Seq_Id: 0 Num: 0
16:53:47.312 > [410459][I][LoraMesher.cpp:854] processDataPacket(): [LoRaMesher] Data packet from B3F0, destination D110, via AFC0
16:53:47.322 > [410469][V][LoraMesher.cpp:872] processDataPacket(): [LoRaMesher] Data Packet from B3F0 for D110. Via is me. Forwarding it
16:53:47.333 > [410480][I][LoraMesher.cpp:1051] addToSendOrderedAndNotify(): [LoRaMesher] Added packet to Q_SP, notifying sender task
16:53:47.343 > [410491][V][LoraMesher.cpp:511] sendPackets(): [LoRaMesher] Stack space unused after entering the task: 2084
16:53:47.353 > [410500][V][LoraMesher.cpp:512] sendPackets(): [LoRaMesher] Free heap: 336168
16:53:47.360 > [410507][V][LoraMesher.cpp:518] sendPackets(): [LoRaMesher] Size of Send Packets Queue: 1
16:53:47.368 > [410515][V][LoraMesher.cpp:525] sendPackets(): [LoRaMesher] Send n. 6
16:53:47.374 > [410521][V][LoraMesher.cpp:455] waitBeforeSend(): [LoRaMesher] RandomDelay 560 ms
16:53:47.382 > [410529][V][LoraMesher.cpp:641] processPackets(): [LoRaMesher] Stack space unused after entering the task: 2040
16:53:47.391 > [410539][V][LoraMesher.cpp:642] processPackets(): [LoRaMesher] Free heap: 336196
16:53:47.941 > [411088][V][LoraMesher.cpp:754] printHeaderPacket(): [LoRaMesher] Packet send -- Size: 17 Src: B3F0 Dst: D110 Id: 24 Type: 2 Via: F02C Seq_Id: 0 Num: 0
16:53:48.030 > [411178][V][LoraMesher.cpp:575] sendPackets(): [LoRaMesher] TimeOnAir 63 ms, next message in 0 ms
16:53:48.040 > [411187][I][PacketQueueService.h:80] deleteQueuePacketAndPacket(): [LoRaMesher] Deleting packet
16:53:48.048 > [411196][I][PacketQueueService.h:83] deleteQueuePacketAndPacket(): [LoRaMesher] Deleting packet queue
16:53:48.697 > [411845][V][LoraMesher.cpp:378] receivingRoutine(): [LoRaMesher] Stack space unused after entering the task: 2108
16:53:48.708 > [411855][V][LoraMesher.cpp:379] receivingRoutine(): [LoRaMesher] Free heap: 336276
16:53:48.715 > [411863][I][PacketService.cpp:12] createEmptyPacket(): [LoRaMesher] Packet created with 17 bytes
16:53:48.724 > [411871][I][LoraMesher.cpp:392] receivingRoutine(): [LoRaMesher] Receiving LoRa packet: Size: 17 bytes RSSI: -48 SNR: 13
16:53:48.735 > [411883][V][LoraMesher.cpp:647] processPackets(): [LoRaMesher] Size of Received Packets Queue: 1
16:53:48.744 > [411891][I][PacketQueueService.h:80] deleteQueuePacketAndPacket(): [LoRaMesher] Deleting packet
16:53:48.752 > [411900][I][PacketQueueService.h:83] deleteQueuePacketAndPacket(): [LoRaMesher] Deleting packet queue
16:53:48.761 > [411909][V][LoraMesher.cpp:658] processPackets(): [LoRaMesher] TESTING: Packet not for me, deleting it
16:53:48.771 > [411918][V][LoraMesher.cpp:641] processPackets(): [LoRaMesher] Stack space unused after entering the task: 2040
16:53:48.780 > [411928][V][LoraMesher.cpp:642] processPackets(): [LoRaMesher] Free heap: 336276
16:54:07.296 > [430445][V][LoraMesher.cpp:378] receivingRoutine(): [LoRaMesher] Stack space unused after entering the task: 2108
16:54:07.307 > [430455][V][LoraMesher.cpp:379] receivingRoutine(): [LoRaMesher] Free heap: 336276
16:54:07.315 > [430462][I][PacketService.cpp:12] createEmptyPacket(): [LoRaMesher] Packet created with 17 bytes
16:54:07.323 > [430471][I][LoraMesher.cpp:392] receivingRoutine(): [LoRaMesher] Receiving LoRa packet: Size: 17 bytes RSSI: -49 SNR: 13
16:54:07.335 > [430482][V][LoraMesher.cpp:647] processPackets(): [LoRaMesher] Size of Received Packets Queue: 1
16:54:07.343 > [430491][I][PacketQueueService.h:80] deleteQueuePacketAndPacket(): [LoRaMesher] Deleting packet
16:54:07.352 > [430499][I][PacketQueueService.h:83] deleteQueuePacketAndPacket(): [LoRaMesher] Deleting packet queue
16:54:07.361 > [430508][V][LoraMesher.cpp:658] processPackets(): [LoRaMesher] TESTING: Packet not for me, deleting it
16:54:07.370 > [430517][V][LoraMesher.cpp:641] processPackets(): [LoRaMesher] Stack space unused after entering the task: 2040
16:54:07.380 > [430527][V][LoraMesher.cpp:642] processPackets(): [LoRaMesher] Free heap: 336276
16:54:08.652 > [431800][V][LoraMesher.cpp:378] receivingRoutine(): [LoRaMesher] Stack space unused after entering the task: 2108
16:54:08.662 > [431810][V][LoraMesher.cpp:379] receivingRoutine(): [LoRaMesher] Free heap: 336276
16:54:08.670 > [431817][I][PacketService.cpp:12] createEmptyPacket(): [LoRaMesher] Packet created with 17 bytes
16:54:08.678 > [431826][I][LoraMesher.cpp:392] receivingRoutine(): [LoRaMesher] Receiving LoRa packet: Size: 17 bytes RSSI: -49 SNR: 13
16:54:08.689 > [431837][V][LoraMesher.cpp:647] processPackets(): [LoRaMesher] Size of Received Packets Queue: 1
16:54:08.698 > [431846][V][LoraMesher.cpp:754] printHeaderPacket(): [LoRaMesher] Packet received -- Size: 17 Src: B3F0 Dst: D110 Id: 25 Type: 2 Via: AFC0 Seq_Id: 0 Num: 0
16:54:08.712 > [431860][I][LoraMesher.cpp:854] processDataPacket(): [LoRaMesher] Data packet from B3F0, destination D110, via AFC0
16:54:08.722 > [431870][V][LoraMesher.cpp:872] processDataPacket(): [LoRaMesher] Data Packet from B3F0 for D110. Via is me. Forwarding it
16:54:08.733 > [431881][I][LoraMesher.cpp:1051] addToSendOrderedAndNotify(): [LoRaMesher] Added packet to Q_SP, notifying sender task
16:54:08.744 > [431891][V][LoraMesher.cpp:511] sendPackets(): [LoRaMesher] Stack space unused after entering the task: 2084
16:54:08.753 > [431901][V][LoraMesher.cpp:512] sendPackets(): [LoRaMesher] Free heap: 336168
16:54:08.760 > [431908][V][LoraMesher.cpp:518] sendPackets(): [LoRaMesher] Size of Send Packets Queue: 1
16:54:08.768 > [431916][V][LoraMesher.cpp:525] sendPackets(): [LoRaMesher] Send n. 7
16:54:08.774 > [431922][V][LoraMesher.cpp:455] waitBeforeSend(): [LoRaMesher] RandomDelay 1093 ms
16:54:08.782 > [431929][V][LoraMesher.cpp:641] processPackets(): [LoRaMesher] Stack space unused after entering the task: 2040
16:54:08.792 > [431939][V][LoraMesher.cpp:642] processPackets(): [LoRaMesher] Free heap: 336196
16:54:09.874 > [433022][V][LoraMesher.cpp:754] printHeaderPacket(): [LoRaMesher] Packet send -- Size: 17 Src: B3F0 Dst: D110 Id: 25 Type: 2 Via: F02C Seq_Id: 0 Num: 0
16:54:09.964 > [433112][V][LoraMesher.cpp:575] sendPackets(): [LoRaMesher] TimeOnAir 63 ms, next message in 0 ms
16:54:09.973 > [433121][I][PacketQueueService.h:80] deleteQueuePacketAndPacket(): [LoRaMesher] Deleting packet
16:54:09.982 > [433130][I][PacketQueueService.h:83] deleteQueuePacketAndPacket(): [LoRaMesher] Deleting packet queue
16:54:10.885 > [434033][V][LoraMesher.cpp:378] receivingRoutine(): [LoRaMesher] Stack space unused after entering the task: 2108
16:54:10.895 > [434043][V][LoraMesher.cpp:379] receivingRoutine(): [LoRaMesher] Free heap: 336276
16:54:10.903 > [434051][I][PacketService.cpp:12] createEmptyPacket(): [LoRaMesher] Packet created with 17 bytes
16:54:10.912 > [434059][I][LoraMesher.cpp:392] receivingRoutine(): [LoRaMesher] Receiving LoRa packet: Size: 17 bytes RSSI: -48 SNR: 13
16:54:10.923 > [434071][V][LoraMesher.cpp:647] processPackets(): [LoRaMesher] Size of Received Packets Queue: 1
16:54:10.932 > [434079][I][PacketQueueService.h:80] deleteQueuePacketAndPacket(): [LoRaMesher] Deleting packet
16:54:10.940 > [434088][I][PacketQueueService.h:83] deleteQueuePacketAndPacket(): [LoRaMesher] Deleting packet queue
16:54:10.949 > [434097][V][LoraMesher.cpp:658] processPackets(): [LoRaMesher] TESTING: Packet not for me, deleting it
16:54:10.958 > [434106][V][LoraMesher.cpp:641] processPackets(): [LoRaMesher] Stack space unused after entering the task: 2040
16:54:10.968 > [434116][V][LoraMesher.cpp:642] processPackets(): [LoRaMesher] Free heap: 336276
16:54:27.348 > [450497][V][LoraMesher.cpp:378] receivingRoutine(): [LoRaMesher] Stack space unused after entering the task: 2108
16:54:27.358 > [450507][V][LoraMesher.cpp:379] receivingRoutine(): [LoRaMesher] Free heap: 336276
16:54:27.365 > [450514][I][PacketService.cpp:12] createEmptyPacket(): [LoRaMesher] Packet created with 17 bytes
16:54:27.374 > [450523][I][LoraMesher.cpp:392] receivingRoutine(): [LoRaMesher] Receiving LoRa packet: Size: 17 bytes RSSI: -49 SNR: 12
16:54:27.385 > [450534][V][LoraMesher.cpp:647] processPackets(): [LoRaMesher] Size of Received Packets Queue: 1
16:54:27.394 > [450543][I][PacketQueueService.h:80] deleteQueuePacketAndPacket(): [LoRaMesher] Deleting packet
16:54:27.402 > [450551][I][PacketQueueService.h:83] deleteQueuePacketAndPacket(): [LoRaMesher] Deleting packet queue
16:54:27.411 > [450560][V][LoraMesher.cpp:658] processPackets(): [LoRaMesher] TESTING: Packet not for me, deleting it
16:54:27.420 > [450569][V][LoraMesher.cpp:641] processPackets(): [LoRaMesher] Stack space unused after entering the task: 2040
16:54:27.430 > [450579][V][LoraMesher.cpp:642] processPackets(): [LoRaMesher] Free heap: 336276
16:54:28.525 > [451674][V][LoraMesher.cpp:378] receivingRoutine(): [LoRaMesher] Stack space unused after entering the task: 2108
16:54:28.535 > [451684][V][LoraMesher.cpp:379] receivingRoutine(): [LoRaMesher] Free heap: 336276
16:54:28.543 > [451692][I][PacketService.cpp:12] createEmptyPacket(): [LoRaMesher] Packet created with 17 bytes
16:54:28.552 > [451701][I][LoraMesher.cpp:392] receivingRoutine(): [LoRaMesher] Receiving LoRa packet: Size: 17 bytes RSSI: -49 SNR: 13
16:54:28.563 > [451712][V][LoraMesher.cpp:647] processPackets(): [LoRaMesher] Size of Received Packets Queue: 1
16:54:28.571 > [451720][V][LoraMesher.cpp:754] printHeaderPacket(): [LoRaMesher] Packet received -- Size: 17 Src: B3F0 Dst: D110 Id: 26 Type: 2 Via: AFC0 Seq_Id: 0 Num: 0
16:54:28.585 > [451734][I][LoraMesher.cpp:854] processDataPacket(): [LoRaMesher] Data packet from B3F0, destination D110, via AFC0
16:54:28.595 > [451744][V][LoraMesher.cpp:872] processDataPacket(): [LoRaMesher] Data Packet from B3F0 for D110. Via is me. Forwarding it
16:54:28.606 > [451755][I][LoraMesher.cpp:1051] addToSendOrderedAndNotify(): [LoRaMesher] Added packet to Q_SP, notifying sender task
16:54:28.617 > [451766][V][LoraMesher.cpp:511] sendPackets(): [LoRaMesher] Stack space unused after entering the task: 2084
16:54:28.626 > [451775][V][LoraMesher.cpp:512] sendPackets(): [LoRaMesher] Free heap: 336168
16:54:28.633 > [451782][V][LoraMesher.cpp:518] sendPackets(): [LoRaMesher] Size of Send Packets Queue: 1
16:54:28.641 > [451790][V][LoraMesher.cpp:525] sendPackets(): [LoRaMesher] Send n. 8
16:54:28.648 > [451797][V][LoraMesher.cpp:455] waitBeforeSend(): [LoRaMesher] RandomDelay 569 ms
16:54:28.655 > [451804][V][LoraMesher.cpp:641] processPackets(): [LoRaMesher] Stack space unused after entering the task: 2040
16:54:28.665 > [451814][V][LoraMesher.cpp:642] processPackets(): [LoRaMesher] Free heap: 336196
16:54:29.223 > [452372][V][LoraMesher.cpp:754] printHeaderPacket(): [LoRaMesher] Packet send -- Size: 17 Src: B3F0 Dst: D110 Id: 26 Type: 2 Via: F02C Seq_Id: 0 Num: 0
16:54:29.313 > [452462][V][LoraMesher.cpp:575] sendPackets(): [LoRaMesher] TimeOnAir 63 ms, next message in 0 ms
16:54:29.322 > [452471][I][PacketQueueService.h:80] deleteQueuePacketAndPacket(): [LoRaMesher] Deleting packet
16:54:29.330 > [452480][I][PacketQueueService.h:83] deleteQueuePacketAndPacket(): [LoRaMesher] Deleting packet queue
16:54:30.567 > [453716][V][LoraMesher.cpp:378] receivingRoutine(): [LoRaMesher] Stack space unused after entering the task: 2108
16:54:30.577 > [453726][V][LoraMesher.cpp:379] receivingRoutine(): [LoRaMesher] Free heap: 336276
16:54:30.585 > [453734][I][PacketService.cpp:12] createEmptyPacket(): [LoRaMesher] Packet created with 17 bytes
16:54:30.593 > [453743][I][LoraMesher.cpp:392] receivingRoutine(): [LoRaMesher] Receiving LoRa packet: Size: 17 bytes RSSI: -48 SNR: 13
16:54:30.605 > [453754][V][LoraMesher.cpp:647] processPackets(): [LoRaMesher] Size of Received Packets Queue: 1
16:54:30.613 > [453762][I][PacketQueueService.h:80] deleteQueuePacketAndPacket(): [LoRaMesher] Deleting packet
16:54:30.622 > [453771][I][PacketQueueService.h:83] deleteQueuePacketAndPacket(): [LoRaMesher] Deleting packet queue
16:54:30.631 > [453780][V][LoraMesher.cpp:658] processPackets(): [LoRaMesher] TESTING: Packet not for me, deleting it
16:54:30.640 > [453789][V][LoraMesher.cpp:641] processPackets(): [LoRaMesher] Stack space unused after entering the task: 2040
16:54:30.650 > [453799][V][LoraMesher.cpp:642] processPackets(): [LoRaMesher] Free heap: 336276
16:54:47.227 > [470377][V][LoraMesher.cpp:378] receivingRoutine(): [LoRaMesher] Stack space unused after entering the task: 2108
16:54:47.237 > [470387][V][LoraMesher.cpp:379] receivingRoutine(): [LoRaMesher] Free heap: 336276
16:54:47.245 > [470394][I][PacketService.cpp:12] createEmptyPacket(): [LoRaMesher] Packet created with 17 bytes
16:54:47.254 > [470403][I][LoraMesher.cpp:392] receivingRoutine(): [LoRaMesher] Receiving LoRa packet: Size: 17 bytes RSSI: -50 SNR: 13
16:54:47.265 > [470414][V][LoraMesher.cpp:647] processPackets(): [LoRaMesher] Size of Received Packets Queue: 1
16:54:47.273 > [470423][I][PacketQueueService.h:80] deleteQueuePacketAndPacket(): [LoRaMesher] Deleting packet
16:54:47.282 > [470431][I][PacketQueueService.h:83] deleteQueuePacketAndPacket(): [LoRaMesher] Deleting packet queue
16:54:47.291 > [470440][V][LoraMesher.cpp:658] processPackets(): [LoRaMesher] TESTING: Packet not for me, deleting it
16:54:47.300 > [470449][V][LoraMesher.cpp:641] processPackets(): [LoRaMesher] Stack space unused after entering the task: 2040
16:54:47.310 > [470459][V][LoraMesher.cpp:642] processPackets(): [LoRaMesher] Free heap: 336276
16:54:48.002 > [471152][V][LoraMesher.cpp:378] receivingRoutine(): [LoRaMesher] Stack space unused after entering the task: 2108
16:54:48.012 > [471162][V][LoraMesher.cpp:379] receivingRoutine(): [LoRaMesher] Free heap: 336276
16:54:48.020 > [471169][I][PacketService.cpp:12] createEmptyPacket(): [LoRaMesher] Packet created with 17 bytes
16:54:48.029 > [471178][I][LoraMesher.cpp:392] receivingRoutine(): [LoRaMesher] Receiving LoRa packet: Size: 17 bytes RSSI: -49 SNR: 12
16:54:48.040 > [471189][V][LoraMesher.cpp:647] processPackets(): [LoRaMesher] Size of Received Packets Queue: 1
16:54:48.049 > [471198][V][LoraMesher.cpp:754] printHeaderPacket(): [LoRaMesher] Packet received -- Size: 17 Src: B3F0 Dst: D110 Id: 27 Type: 2 Via: AFC0 Seq_Id: 0 Num: 0
16:54:48.062 > [471212][I][LoraMesher.cpp:854] processDataPacket(): [LoRaMesher] Data packet from B3F0, destination D110, via AFC0
16:54:48.073 > [471222][V][LoraMesher.cpp:872] processDataPacket(): [LoRaMesher] Data Packet from B3F0 for D110. Via is me. Forwarding it
16:54:48.083 > [471233][I][LoraMesher.cpp:1051] addToSendOrderedAndNotify(): [LoRaMesher] Added packet to Q_SP, notifying sender task
16:54:48.094 > [471243][V][LoraMesher.cpp:511] sendPackets(): [LoRaMesher] Stack space unused after entering the task: 2084
16:54:48.104 > [471253][V][LoraMesher.cpp:512] sendPackets(): [LoRaMesher] Free heap: 336168
16:54:48.110 > [471260][V][LoraMesher.cpp:518] sendPackets(): [LoRaMesher] Size of Send Packets Queue: 1
16:54:48.118 > [471268][V][LoraMesher.cpp:525] sendPackets(): [LoRaMesher] Send n. 9
16:54:48.125 > [471274][V][LoraMesher.cpp:455] waitBeforeSend(): [LoRaMesher] RandomDelay 865 ms
16:54:48.132 > [471281][V][LoraMesher.cpp:641] processPackets(): [LoRaMesher] Stack space unused after entering the task: 2040
16:54:48.142 > [471291][V][LoraMesher.cpp:642] processPackets(): [LoRaMesher] Free heap: 336196
16:54:48.997 > [472146][V][LoraMesher.cpp:754] printHeaderPacket(): [LoRaMesher] Packet send -- Size: 17 Src: B3F0 Dst: D110 Id: 27 Type: 2 Via: F02C Seq_Id: 0 Num: 0
16:54:49.086 > [472236][V][LoraMesher.cpp:575] sendPackets(): [LoRaMesher] TimeOnAir 63 ms, next message in 0 ms
16:54:49.096 > [472245][I][PacketQueueService.h:80] deleteQueuePacketAndPacket(): [LoRaMesher] Deleting packet
16:54:49.104 > [472254][I][PacketQueueService.h:83] deleteQueuePacketAndPacket(): [LoRaMesher] Deleting packet queue
16:54:50.323 > [473473][V][LoraMesher.cpp:378] receivingRoutine(): [LoRaMesher] Stack space unused after entering the task: 2108
16:54:50.334 > [473483][V][LoraMesher.cpp:379] receivingRoutine(): [LoRaMesher] Free heap: 336276
16:54:50.341 > [473491][I][PacketService.cpp:12] createEmptyPacket(): [LoRaMesher] Packet created with 17 bytes
16:54:50.350 > [473500][I][LoraMesher.cpp:392] receivingRoutine(): [LoRaMesher] Receiving LoRa packet: Size: 17 bytes RSSI: -48 SNR: 13
16:54:50.361 > [473511][V][LoraMesher.cpp:647] processPackets(): [LoRaMesher] Size of Received Packets Queue: 1
16:54:50.370 > [473519][I][PacketQueueService.h:80] deleteQueuePacketAndPacket(): [LoRaMesher] Deleting packet
16:54:50.378 > [473528][I][PacketQueueService.h:83] deleteQueuePacketAndPacket(): [LoRaMesher] Deleting packet queue
16:54:50.387 > [473537][V][LoraMesher.cpp:658] processPackets(): [LoRaMesher] TESTING: Packet not for me, deleting it
16:54:50.397 > [473546][V][LoraMesher.cpp:641] processPackets(): [LoRaMesher] Stack space unused after entering the task: 2040
16:54:50.406 > [473556][V][LoraMesher.cpp:642] processPackets(): [LoRaMesher] Free heap: 336276
16:55:05.000 > [488150][V][LoraMesher.cpp:598] sendHelloPacket(): [LoRaMesher] Creating Routing Packet
16:55:05.008 > [488158][V][LoraMesher.cpp:599] sendHelloPacket(): [LoRaMesher] Stack space unused after entering the task: 2328
16:55:05.018 > [488168][V][LoraMesher.cpp:600] sendHelloPacket(): [LoRaMesher] Free heap: 336276
16:55:05.026 > [488176][V][PacketFactory.h:45] createPacket(): [LoRaMesher] Creating packet with 24 bytes
16:55:05.034 > [488184][I][PacketFactory.h:74] createPacket(): [LoRaMesher] Packet created with 24 bytes
16:55:05.042 > [488192][I][LoraMesher.h:659] setPackedForSend(): [LoRaMesher] Adding packet to Q_SP
16:55:05.049 > [488199][I][LoraMesher.h:661] setPackedForSend(): [LoRaMesher] Created packet to Q_SP
16:55:05.057 > [488207][I][LoraMesher.cpp:1051] addToSendOrderedAndNotify(): [LoRaMesher] Added packet to Q_SP, notifying sender task
16:55:05.067 > [488217][V][LoraMesher.cpp:511] sendPackets(): [LoRaMesher] Stack space unused after entering the task: 2084
16:55:05.077 > [488227][V][LoraMesher.cpp:512] sendPackets(): [LoRaMesher] Free heap: 336172
16:55:05.084 > [488234][V][LoraMesher.cpp:518] sendPackets(): [LoRaMesher] Size of Send Packets Queue: 1
16:55:05.092 > [488242][V][LoraMesher.cpp:525] sendPackets(): [LoRaMesher] Send n. 10
16:55:05.098 > [488248][V][LoraMesher.cpp:455] waitBeforeSend(): [LoRaMesher] RandomDelay 1148 ms
16:55:05.613 > [488764][V][LoraMesher.cpp:378] receivingRoutine(): [LoRaMesher] Stack space unused after entering the task: 2108
16:55:05.624 > [488774][V][LoraMesher.cpp:379] receivingRoutine(): [LoRaMesher] Free heap: 336204
16:55:05.632 > [488781][I][PacketService.cpp:12] createEmptyPacket(): [LoRaMesher] Packet created with 24 bytes
16:55:05.640 > [488790][I][LoraMesher.cpp:392] receivingRoutine(): [LoRaMesher] Receiving LoRa packet: Size: 24 bytes RSSI: -49 SNR: -1
16:55:05.652 > [488801][V][LoraMesher.cpp:647] processPackets(): [LoRaMesher] Size of Received Packets Queue: 1
16:55:05.660 > [488810][I][PacketQueueService.h:80] deleteQueuePacketAndPacket(): [LoRaMesher] Deleting packet
16:55:05.669 > [488819][I][PacketQueueService.h:83] deleteQueuePacketAndPacket(): [LoRaMesher] Deleting packet queue
16:55:05.678 > [488828][V][LoraMesher.cpp:658] processPackets(): [LoRaMesher] TESTING: Packet not for me, deleting it
16:55:05.687 > [488837][V][LoraMesher.cpp:641] processPackets(): [LoRaMesher] Stack space unused after entering the task: 2040
16:55:05.697 > [488847][V][LoraMesher.cpp:642] processPackets(): [LoRaMesher] Free heap: 336204
16:55:06.259 > [489409][V][LoraMesher.cpp:462] waitBeforeSend(): [LoRaMesher] Preamble detected while waiting 1
16:55:06.268 > [489418][V][LoraMesher.cpp:455] waitBeforeSend(): [LoRaMesher] RandomDelay 813 ms
16:55:06.869 > [490019][V][LoraMesher.cpp:378] receivingRoutine(): [LoRaMesher] Stack space unused after entering the task: 2108
16:55:06.880 > [490030][V][LoraMesher.cpp:379] receivingRoutine(): [LoRaMesher] Free heap: 336204
16:55:06.887 > [490037][I][PacketService.cpp:12] createEmptyPacket(): [LoRaMesher] Packet created with 20 bytes
16:55:06.896 > [490046][I][LoraMesher.cpp:392] receivingRoutine(): [LoRaMesher] Receiving LoRa packet: Size: 20 bytes RSSI: -53 SNR: 12
16:55:06.907 > [490057][V][LoraMesher.cpp:647] processPackets(): [LoRaMesher] Size of Received Packets Queue: 1
16:55:06.916 > [490066][I][PacketQueueService.h:80] deleteQueuePacketAndPacket(): [LoRaMesher] Deleting packet
16:55:06.924 > [490074][I][PacketQueueService.h:83] deleteQueuePacketAndPacket(): [LoRaMesher] Deleting packet queue
16:55:06.933 > [490083][V][LoraMesher.cpp:658] processPackets(): [LoRaMesher] TESTING: Packet not for me, deleting it
16:55:06.942 > [490092][V][LoraMesher.cpp:641] processPackets(): [LoRaMesher] Stack space unused after entering the task: 2040
16:55:06.952 > [490102][V][LoraMesher.cpp:642] processPackets(): [LoRaMesher] Free heap: 336204
16:55:07.093 > [490243][V][LoraMesher.cpp:462] waitBeforeSend(): [LoRaMesher] Preamble detected while waiting 2
16:55:07.102 > [490252][V][LoraMesher.cpp:455] waitBeforeSend(): [LoRaMesher] RandomDelay 655 ms
16:55:07.725 > [490876][V][LoraMesher.cpp:378] receivingRoutine(): [LoRaMesher] Stack space unused after entering the task: 2108
16:55:07.736 > [490886][V][LoraMesher.cpp:379] receivingRoutine(): [LoRaMesher] Free heap: 336204
16:55:07.743 > [490893][I][PacketService.cpp:12] createEmptyPacket(): [LoRaMesher] Packet created with 17 bytes
16:55:07.752 > [490902][I][LoraMesher.cpp:392] receivingRoutine(): [LoRaMesher] Receiving LoRa packet: Size: 17 bytes RSSI: -49 SNR: 13
16:55:07.763 > [490913][V][LoraMesher.cpp:647] processPackets(): [LoRaMesher] Size of Received Packets Queue: 1
16:55:07.772 > [490919][V][LoraMesher.cpp:462] waitBeforeSend(): [LoRaMesher] Preamble detected while waiting 3
16:55:07.780 > [490930][V][LoraMesher.cpp:455] waitBeforeSend(): [LoRaMesher] RandomDelay 1045 ms
16:55:07.788 > [490938][I][PacketQueueService.h:80] deleteQueuePacketAndPacket(): [LoRaMesher] Deleting packet
16:55:07.796 > [490946][I][PacketQueueService.h:83] deleteQueuePacketAndPacket(): [LoRaMesher] Deleting packet queue
16:55:07.805 > [490955][V][LoraMesher.cpp:658] processPackets(): [LoRaMesher] TESTING: Packet not for me, deleting it
16:55:07.814 > [490964][V][LoraMesher.cpp:641] processPackets(): [LoRaMesher] Stack space unused after entering the task: 2040
16:55:07.824 > [490974][V][LoraMesher.cpp:642] processPackets(): [LoRaMesher] Free heap: 336204
16:55:08.638 > [491788][V][LoraMesher.cpp:378] receivingRoutine(): [LoRaMesher] Stack space unused after entering the task: 2108
16:55:08.649 > [491799][V][LoraMesher.cpp:379] receivingRoutine(): [LoRaMesher] Free heap: 336204
16:55:08.656 > [491806][I][PacketService.cpp:12] createEmptyPacket(): [LoRaMesher] Packet created with 17 bytes
16:55:08.665 > [491815][I][LoraMesher.cpp:392] receivingRoutine(): [LoRaMesher] Receiving LoRa packet: Size: 17 bytes RSSI: -49 SNR: 13
16:55:08.676 > [491826][V][LoraMesher.cpp:647] processPackets(): [LoRaMesher] Size of Received Packets Queue: 1
16:55:08.685 > [491835][V][LoraMesher.cpp:754] printHeaderPacket(): [LoRaMesher] Packet received -- Size: 17 Src: B3F0 Dst: D110 Id: 29 Type: 2 Via: AFC0 Seq_Id: 0 Num: 0
16:55:08.699 > [491848][I][LoraMesher.cpp:854] processDataPacket(): [LoRaMesher] Data packet from B3F0, destination D110, via AFC0
16:55:08.709 > [491859][V][LoraMesher.cpp:872] processDataPacket(): [LoRaMesher] Data Packet from B3F0 for D110. Via is me. Forwarding it
16:55:08.720 > [491870][I][LoraMesher.cpp:1051] addToSendOrderedAndNotify(): [LoRaMesher] Added packet to Q_SP, notifying sender task
16:55:08.730 > [491880][V][LoraMesher.cpp:641] processPackets(): [LoRaMesher] Stack space unused after entering the task: 2040
16:55:08.740 > [491890][V][LoraMesher.cpp:642] processPackets(): [LoRaMesher] Free heap: 336096
16:55:08.838 > [491988][V][LoraMesher.cpp:462] waitBeforeSend(): [LoRaMesher] Preamble detected while waiting 4
16:55:08.847 > [491997][V][LoraMesher.cpp:754] printHeaderPacket(): [LoRaMesher] Packet send -- Size: 24 Src: AFC0 Dst: FFFF Id: 4 Type: 4 Via: 0 Seq_Id: 0 Num: 0
16:55:08.950 > [492101][V][LoraMesher.cpp:575] sendPackets(): [LoRaMesher] TimeOnAir 78 ms, next message in 0 ms
16:55:08.960 > [492109][I][PacketQueueService.h:80] deleteQueuePacketAndPacket(): [LoRaMesher] Deleting packet
16:55:08.968 > [492118][I][PacketQueueService.h:83] deleteQueuePacketAndPacket(): [LoRaMesher] Deleting packet queue
16:55:08.977 > [492127][V][LoraMesher.cpp:518] sendPackets(): [LoRaMesher] Size of Send Packets Queue: 1
16:55:08.985 > [492135][V][LoraMesher.cpp:525] sendPackets(): [LoRaMesher] Send n. 11
16:55:08.991 > [492141][V][LoraMesher.cpp:455] waitBeforeSend(): [LoRaMesher] RandomDelay 470 ms
16:55:09.468 > [492618][V][LoraMesher.cpp:754] printHeaderPacket(): [LoRaMesher] Packet send -- Size: 17 Src: B3F0 Dst: D110 Id: 29 Type: 2 Via: F02C Seq_Id: 0 Num: 0
16:55:09.558 > [492708][V][LoraMesher.cpp:575] sendPackets(): [LoRaMesher] TimeOnAir 63 ms, next message in 0 ms
16:55:09.567 > [492717][I][PacketQueueService.h:80] deleteQueuePacketAndPacket(): [LoRaMesher] Deleting packet
16:55:09.575 > [492725][I][PacketQueueService.h:83] deleteQueuePacketAndPacket(): [LoRaMesher] Deleting packet queue
16:55:10.991 > [494142][V][LoraMesher.cpp:378] receivingRoutine(): [LoRaMesher] Stack space unused after entering the task: 2108
16:55:11.002 > [494152][V][LoraMesher.cpp:379] receivingRoutine(): [LoRaMesher] Free heap: 336276
16:55:11.010 > [494160][I][PacketService.cpp:12] createEmptyPacket(): [LoRaMesher] Packet created with 20 bytes
16:55:11.018 > [494168][I][LoraMesher.cpp:392] receivingRoutine(): [LoRaMesher] Receiving LoRa packet: Size: 20 bytes RSSI: -48 SNR: 14
16:55:11.030 > [494180][V][LoraMesher.cpp:647] processPackets(): [LoRaMesher] Size of Received Packets Queue: 1
16:55:11.038 > [494188][V][LoraMesher.cpp:754] printHeaderPacket(): [LoRaMesher] Packet received -- Size: 20 Src: F02C Dst: FFFF Id: 4 Type: 4 Via: 0 Seq_Id: 0 Num: 0
16:55:11.052 > [494202][I][RoutingTableService.cpp:77] processRoute(): [LoRaMesher] Route packet from F02C with size 3
16:55:11.061 > [494211][I][RoutingTableService.cpp:99] resetReceiveSNRRoutePacket(): [LoRaMesher] Reset Receive SNR from F02C: 14
16:55:11.071 > [494221][I][RoutingTableService.cpp:192] printRoutingTable(): [LoRaMesher] Current routing table:
16:55:11.080 > [494230][I][RoutingTableService.cpp:206] printRoutingTable(): [LoRaMesher] 0 - F02C via F02C metric 1 Role 0
16:55:11.089 > [494239][I][RoutingTableService.cpp:206] printRoutingTable(): [LoRaMesher] 1 - D110 via F02C metric 2 Role 1
16:55:11.099 > [494249][I][RoutingTableService.cpp:206] printRoutingTable(): [LoRaMesher] 2 - DE6C via DE6C metric 1 Role 0
16:55:11.109 > [494259][I][RoutingTableService.cpp:206] printRoutingTable(): [LoRaMesher] 3 - B3F0 via DE6C metric 2 Role 0
16:55:11.118 > [494268][I][PacketQueueService.h:80] deleteQueuePacketAndPacket(): [LoRaMesher] Deleting packet
16:55:11.127 > [494277][I][PacketQueueService.h:83] deleteQueuePacketAndPacket(): [LoRaMesher] Deleting packet queue
16:55:11.136 > [494286][V][LoraMesher.cpp:641] processPackets(): [LoRaMesher] Stack space unused after entering the task: 2040
16:55:11.146 > [494296][V][LoraMesher.cpp:642] processPackets(): [LoRaMesher] Free heap: 336276
16:55:11.533 > [494683][V][LoraMesher.cpp:378] receivingRoutine(): [LoRaMesher] Stack space unused after entering the task: 2108
16:55:11.543 > [494693][V][LoraMesher.cpp:379] receivingRoutine(): [LoRaMesher] Free heap: 336276
16:55:11.551 > [494701][I][PacketService.cpp:12] createEmptyPacket(): [LoRaMesher] Packet created with 17 bytes
16:55:11.560 > [494710][I][LoraMesher.cpp:392] receivingRoutine(): [LoRaMesher] Receiving LoRa packet: Size: 17 bytes RSSI: -48 SNR: 13
16:55:11.571 > [494721][V][LoraMesher.cpp:647] processPackets(): [LoRaMesher] Size of Received Packets Queue: 1
16:55:11.579 > [494729][I][PacketQueueService.h:80] deleteQueuePacketAndPacket(): [LoRaMesher] Deleting packet
16:55:11.588 > [494738][I][PacketQueueService.h:83] deleteQueuePacketAndPacket(): [LoRaMesher] Deleting packet queue
16:55:11.597 > [494747][V][LoraMesher.cpp:658] processPackets(): [LoRaMesher] TESTING: Packet not for me, deleting it
16:55:11.606 > [494756][V][LoraMesher.cpp:641] processPackets(): [LoRaMesher] Stack space unused after entering the task: 2040
16:55:11.616 > [494766][V][LoraMesher.cpp:642] processPackets(): [LoRaMesher] Free heap: 336276
16:55:27.574 > [510725][V][LoraMesher.cpp:378] receivingRoutine(): [LoRaMesher] Stack space unused after entering the task: 2108
16:55:27.584 > [510735][V][LoraMesher.cpp:379] receivingRoutine(): [LoRaMesher] Free heap: 336276
16:55:27.592 > [510742][I][PacketService.cpp:12] createEmptyPacket(): [LoRaMesher] Packet created with 17 bytes
16:55:27.601 > [510751][I][LoraMesher.cpp:392] receivingRoutine(): [LoRaMesher] Receiving LoRa packet: Size: 17 bytes RSSI: -49 SNR: 12
16:55:27.612 > [510762][V][LoraMesher.cpp:647] processPackets(): [LoRaMesher] Size of Received Packets Queue: 1
16:55:27.621 > [510771][I][PacketQueueService.h:80] deleteQueuePacketAndPacket(): [LoRaMesher] Deleting packet
16:55:27.629 > [510779][I][PacketQueueService.h:83] deleteQueuePacketAndPacket(): [LoRaMesher] Deleting packet queue
16:55:27.638 > [510788][V][LoraMesher.cpp:658] processPackets(): [LoRaMesher] TESTING: Packet not for me, deleting it
16:55:27.647 > [510797][V][LoraMesher.cpp:641] processPackets(): [LoRaMesher] Stack space unused after entering the task: 2040
16:55:27.657 > [510807][V][LoraMesher.cpp:642] processPackets(): [LoRaMesher] Free heap: 336276
16:55:28.675 > [511826][V][LoraMesher.cpp:378] receivingRoutine(): [LoRaMesher] Stack space unused after entering the task: 2108
16:55:28.686 > [511836][V][LoraMesher.cpp:379] receivingRoutine(): [LoRaMesher] Free heap: 336276
16:55:28.693 > [511844][I][PacketService.cpp:12] createEmptyPacket(): [LoRaMesher] Packet created with 17 bytes
16:55:28.702 > [511852][I][LoraMesher.cpp:392] receivingRoutine(): [LoRaMesher] Receiving LoRa packet: Size: 17 bytes RSSI: -49 SNR: 13
16:55:28.713 > [511864][V][LoraMesher.cpp:647] processPackets(): [LoRaMesher] Size of Received Packets Queue: 1
16:55:28.722 > [511872][V][LoraMesher.cpp:754] printHeaderPacket(): [LoRaMesher] Packet received -- Size: 17 Src: B3F0 Dst: D110 Id: 30 Type: 2 Via: AFC0 Seq_Id: 0 Num: 0
16:55:28.736 > [511886][I][LoraMesher.cpp:854] processDataPacket(): [LoRaMesher] Data packet from B3F0, destination D110, via AFC0
16:55:28.746 > [511896][V][LoraMesher.cpp:872] processDataPacket(): [LoRaMesher] Data Packet from B3F0 for D110. Via is me. Forwarding it
16:55:28.757 > [511907][I][LoraMesher.cpp:1051] addToSendOrderedAndNotify(): [LoRaMesher] Added packet to Q_SP, notifying sender task
16:55:28.767 > [511918][V][LoraMesher.cpp:511] sendPackets(): [LoRaMesher] Stack space unused after entering the task: 1940
16:55:28.777 > [511927][V][LoraMesher.cpp:512] sendPackets(): [LoRaMesher] Free heap: 336168
16:55:28.784 > [511934][V][LoraMesher.cpp:518] sendPackets(): [LoRaMesher] Size of Send Packets Queue: 1
16:55:28.792 > [511942][V][LoraMesher.cpp:525] sendPackets(): [LoRaMesher] Send n. 12
16:55:28.798 > [511949][V][LoraMesher.cpp:455] waitBeforeSend(): [LoRaMesher] RandomDelay 262 ms
16:55:28.806 > [511956][V][LoraMesher.cpp:641] processPackets(): [LoRaMesher] Stack space unused after entering the task: 2040
16:55:28.815 > [511966][V][LoraMesher.cpp:642] processPackets(): [LoRaMesher] Free heap: 336196
16:55:29.066 > [512217][V][LoraMesher.cpp:754] printHeaderPacket(): [LoRaMesher] Packet send -- Size: 17 Src: B3F0 Dst: D110 Id: 30 Type: 2 Via: F02C Seq_Id: 0 Num: 0
16:55:29.156 > [512307][V][LoraMesher.cpp:575] sendPackets(): [LoRaMesher] TimeOnAir 63 ms, next message in 0 ms
16:55:29.165 > [512316][I][PacketQueueService.h:80] deleteQueuePacketAndPacket(): [LoRaMesher] Deleting packet
16:55:29.174 > [512325][I][PacketQueueService.h:83] deleteQueuePacketAndPacket(): [LoRaMesher] Deleting packet queue
16:55:30.083 > [513234][V][LoraMesher.cpp:378] receivingRoutine(): [LoRaMesher] Stack space unused after entering the task: 2108
16:55:30.094 > [513244][V][LoraMesher.cpp:379] receivingRoutine(): [LoRaMesher] Free heap: 336276
16:55:30.102 > [513252][I][PacketService.cpp:12] createEmptyPacket(): [LoRaMesher] Packet created with 17 bytes
16:55:30.110 > [513261][I][LoraMesher.cpp:392] receivingRoutine(): [LoRaMesher] Receiving LoRa packet: Size: 17 bytes RSSI: -48 SNR: 14
16:55:30.122 > [513272][V][LoraMesher.cpp:647] processPackets(): [LoRaMesher] Size of Received Packets Queue: 1
16:55:30.130 > [513281][I][PacketQueueService.h:80] deleteQueuePacketAndPacket(): [LoRaMesher] Deleting packet
16:55:30.139 > [513289][I][PacketQueueService.h:83] deleteQueuePacketAndPacket(): [LoRaMesher] Deleting packet queue
16:55:30.147 > [513298][V][LoraMesher.cpp:658] processPackets(): [LoRaMesher] TESTING: Packet not for me, deleting it
16:55:30.157 > [513307][V][LoraMesher.cpp:641] processPackets(): [LoRaMesher] Stack space unused after entering the task: 2040
16:55:30.167 > [513317][V][LoraMesher.cpp:642] processPackets(): [LoRaMesher] Free heap: 336276
16:55:47.199 > [530351][V][LoraMesher.cpp:378] receivingRoutine(): [LoRaMesher] Stack space unused after entering the task: 2108
16:55:47.209 > [530361][V][LoraMesher.cpp:379] receivingRoutine(): [LoRaMesher] Free heap: 336276
16:55:47.217 > [530368][I][PacketService.cpp:12] createEmptyPacket(): [LoRaMesher] Packet created with 17 bytes
16:55:47.225 > [530377][I][LoraMesher.cpp:392] receivingRoutine(): [LoRaMesher] Receiving LoRa packet: Size: 17 bytes RSSI: -49 SNR: 13
16:55:47.237 > [530388][V][LoraMesher.cpp:647] processPackets(): [LoRaMesher] Size of Received Packets Queue: 1
16:55:47.245 > [530397][I][PacketQueueService.h:80] deleteQueuePacketAndPacket(): [LoRaMesher] Deleting packet
16:55:47.254 > [530405][I][PacketQueueService.h:83] deleteQueuePacketAndPacket(): [LoRaMesher] Deleting packet queue
16:55:47.263 > [530414][V][LoraMesher.cpp:658] processPackets(): [LoRaMesher] TESTING: Packet not for me, deleting it
16:55:47.273 > [530423][V][LoraMesher.cpp:641] processPackets(): [LoRaMesher] Stack space unused after entering the task: 2040
16:55:47.282 > [530433][V][LoraMesher.cpp:642] processPackets(): [LoRaMesher] Free heap: 336276
16:55:48.501 > [531653][V][LoraMesher.cpp:378] receivingRoutine(): [LoRaMesher] Stack space unused after entering the task: 2108
16:55:48.511 > [531663][V][LoraMesher.cpp:379] receivingRoutine(): [LoRaMesher] Free heap: 336276
16:55:48.519 > [531670][I][PacketService.cpp:12] createEmptyPacket(): [LoRaMesher] Packet created with 17 bytes
16:55:48.527 > [531679][I][LoraMesher.cpp:392] receivingRoutine(): [LoRaMesher] Receiving LoRa packet: Size: 17 bytes RSSI: -49 SNR: 13
16:55:48.538 > [531690][V][LoraMesher.cpp:647] processPackets(): [LoRaMesher] Size of Received Packets Queue: 1
16:55:48.547 > [531699][V][LoraMesher.cpp:754] printHeaderPacket(): [LoRaMesher] Packet received -- Size: 17 Src: B3F0 Dst: D110 Id: 31 Type: 2 Via: AFC0 Seq_Id: 0 Num: 0
16:55:48.561 > [531713][I][LoraMesher.cpp:854] processDataPacket(): [LoRaMesher] Data packet from B3F0, destination D110, via AFC0
16:55:48.571 > [531723][V][LoraMesher.cpp:872] processDataPacket(): [LoRaMesher] Data Packet from B3F0 for D110. Via is me. Forwarding it
16:55:48.582 > [531734][I][LoraMesher.cpp:1051] addToSendOrderedAndNotify(): [LoRaMesher] Added packet to Q_SP, notifying sender task
16:55:48.593 > [531744][V][LoraMesher.cpp:511] sendPackets(): [LoRaMesher] Stack space unused after entering the task: 1940
16:55:48.602 > [531754][V][LoraMesher.cpp:512] sendPackets(): [LoRaMesher] Free heap: 336168
16:55:48.609 > [531761][V][LoraMesher.cpp:518] sendPackets(): [LoRaMesher] Size of Send Packets Queue: 1
16:55:48.617 > [531769][V][LoraMesher.cpp:525] sendPackets(): [LoRaMesher] Send n. 13
16:55:48.623 > [531775][V][LoraMesher.cpp:455] waitBeforeSend(): [LoRaMesher] RandomDelay 816 ms
16:55:48.632 > [531782][V][LoraMesher.cpp:641] processPackets(): [LoRaMesher] Stack space unused after entering the task: 2040
16:55:48.641 > [531792][V][LoraMesher.cpp:642] processPackets(): [LoRaMesher] Free heap: 336196
16:55:49.447 > [532598][V][LoraMesher.cpp:754] printHeaderPacket(): [LoRaMesher] Packet send -- Size: 17 Src: B3F0 Dst: D110 Id: 31 Type: 2 Via: F02C Seq_Id: 0 Num: 0
16:55:49.536 > [532688][V][LoraMesher.cpp:575] sendPackets(): [LoRaMesher] TimeOnAir 63 ms, next message in 0 ms
16:55:49.545 > [532697][I][PacketQueueService.h:80] deleteQueuePacketAndPacket(): [LoRaMesher] Deleting packet
16:55:49.554 > [532706][I][PacketQueueService.h:83] deleteQueuePacketAndPacket(): [LoRaMesher] Deleting packet queue
16:55:50.908 > [534060][V][LoraMesher.cpp:378] receivingRoutine(): [LoRaMesher] Stack space unused after entering the task: 2108
16:55:50.919 > [534071][V][LoraMesher.cpp:379] receivingRoutine(): [LoRaMesher] Free heap: 336276
16:55:50.926 > [534078][I][PacketService.cpp:12] createEmptyPacket(): [LoRaMesher] Packet created with 17 bytes
16:55:50.935 > [534087][I][LoraMesher.cpp:392] receivingRoutine(): [LoRaMesher] Receiving LoRa packet: Size: 17 bytes RSSI: -48 SNR: 13
16:55:50.946 > [534098][V][LoraMesher.cpp:647] processPackets(): [LoRaMesher] Size of Received Packets Queue: 1
16:55:50.955 > [534107][I][PacketQueueService.h:80] deleteQueuePacketAndPacket(): [LoRaMesher] Deleting packet
16:55:50.963 > [534115][I][PacketQueueService.h:83] deleteQueuePacketAndPacket(): [LoRaMesher] Deleting packet queue
16:55:50.972 > [534124][V][LoraMesher.cpp:658] processPackets(): [LoRaMesher] TESTING: Packet not for me, deleting it
16:55:50.981 > [534133][V][LoraMesher.cpp:641] processPackets(): [LoRaMesher] Stack space unused after entering the task: 2040
16:55:50.991 > [534143][V][LoraMesher.cpp:642] processPackets(): [LoRaMesher] Free heap: 336276
16:56:07.949 > [551102][V][LoraMesher.cpp:378] receivingRoutine(): [LoRaMesher] Stack space unused after entering the task: 2108
16:56:07.960 > [551112][V][LoraMesher.cpp:379] receivingRoutine(): [LoRaMesher] Free heap: 336276
16:56:07.967 > [551119][I][PacketService.cpp:12] createEmptyPacket(): [LoRaMesher] Packet created with 17 bytes
16:56:07.976 > [551128][I][LoraMesher.cpp:392] receivingRoutine(): [LoRaMesher] Receiving LoRa packet: Size: 17 bytes RSSI: -49 SNR: 13
16:56:07.987 > [551139][V][LoraMesher.cpp:647] processPackets(): [LoRaMesher] Size of Received Packets Queue: 1
16:56:07.996 > [551148][I][PacketQueueService.h:80] deleteQueuePacketAndPacket(): [LoRaMesher] Deleting packet
16:56:08.004 > [551156][I][PacketQueueService.h:83] deleteQueuePacketAndPacket(): [LoRaMesher] Deleting packet queue
16:56:08.013 > [551165][V][LoraMesher.cpp:658] processPackets(): [LoRaMesher] TESTING: Packet not for me, deleting it
16:56:08.022 > [551174][V][LoraMesher.cpp:641] processPackets(): [LoRaMesher] Stack space unused after entering the task: 2040
16:56:08.032 > [551184][V][LoraMesher.cpp:642] processPackets(): [LoRaMesher] Free heap: 336276
16:56:08.847 > [551999][V][LoraMesher.cpp:378] receivingRoutine(): [LoRaMesher] Stack space unused after entering the task: 2108
16:56:08.857 > [552009][V][LoraMesher.cpp:379] receivingRoutine(): [LoRaMesher] Free heap: 336276
16:56:08.865 > [552017][I][PacketService.cpp:12] createEmptyPacket(): [LoRaMesher] Packet created with 17 bytes
16:56:08.873 > [552026][I][LoraMesher.cpp:392] receivingRoutine(): [LoRaMesher] Receiving LoRa packet: Size: 17 bytes RSSI: -49 SNR: 13
16:56:08.885 > [552037][V][LoraMesher.cpp:647] processPackets(): [LoRaMesher] Size of Received Packets Queue: 1
16:56:08.893 > [552045][V][LoraMesher.cpp:754] printHeaderPacket(): [LoRaMesher] Packet received -- Size: 17 Src: B3F0 Dst: D110 Id: 32 Type: 2 Via: AFC0 Seq_Id: 0 Num: 0
16:56:08.907 > [552059][I][LoraMesher.cpp:854] processDataPacket(): [LoRaMesher] Data packet from B3F0, destination D110, via AFC0
16:56:08.917 > [552069][V][LoraMesher.cpp:872] processDataPacket(): [LoRaMesher] Data Packet from B3F0 for D110. Via is me. Forwarding it
16:56:08.928 > [552080][I][LoraMesher.cpp:1051] addToSendOrderedAndNotify(): [LoRaMesher] Added packet to Q_SP, notifying sender task
16:56:08.939 > [552091][V][LoraMesher.cpp:511] sendPackets(): [LoRaMesher] Stack space unused after entering the task: 1940
16:56:08.948 > [552101][V][LoraMesher.cpp:512] sendPackets(): [LoRaMesher] Free heap: 336168
16:56:08.955 > [552107][V][LoraMesher.cpp:518] sendPackets(): [LoRaMesher] Size of Send Packets Queue: 1
16:56:08.963 > [552115][V][LoraMesher.cpp:525] sendPackets(): [LoRaMesher] Send n. 14
16:56:08.970 > [552122][V][LoraMesher.cpp:455] waitBeforeSend(): [LoRaMesher] RandomDelay 267 ms
16:56:08.977 > [552129][V][LoraMesher.cpp:641] processPackets(): [LoRaMesher] Stack space unused after entering the task: 2040
16:56:08.987 > [552139][V][LoraMesher.cpp:642] processPackets(): [LoRaMesher] Free heap: 336196
16:56:09.243 > [552395][V][LoraMesher.cpp:754] printHeaderPacket(): [LoRaMesher] Packet send -- Size: 17 Src: B3F0 Dst: D110 Id: 32 Type: 2 Via: F02C Seq_Id: 0 Num: 0
16:56:09.333 > [552485][V][LoraMesher.cpp:575] sendPackets(): [LoRaMesher] TimeOnAir 63 ms, next message in 0 ms
16:56:09.342 > [552494][I][PacketQueueService.h:80] deleteQueuePacketAndPacket(): [LoRaMesher] Deleting packet
16:56:09.350 > [552503][I][PacketQueueService.h:83] deleteQueuePacketAndPacket(): [LoRaMesher] Deleting packet queue
16:56:10.151 > [553303][V][LoraMesher.cpp:378] receivingRoutine(): [LoRaMesher] Stack space unused after entering the task: 2108
16:56:10.161 > [553314][V][LoraMesher.cpp:379] receivingRoutine(): [LoRaMesher] Free heap: 336276
16:56:10.169 > [553321][I][PacketService.cpp:12] createEmptyPacket(): [LoRaMesher] Packet created with 17 bytes
16:56:10.178 > [553330][I][LoraMesher.cpp:392] receivingRoutine(): [LoRaMesher] Receiving LoRa packet: Size: 17 bytes RSSI: -48 SNR: 13
16:56:10.189 > [553341][V][LoraMesher.cpp:647] processPackets(): [LoRaMesher] Size of Received Packets Queue: 1
16:56:10.197 > [553350][I][PacketQueueService.h:80] deleteQueuePacketAndPacket(): [LoRaMesher] Deleting packet
16:56:10.206 > [553358][I][PacketQueueService.h:83] deleteQueuePacketAndPacket(): [LoRaMesher] Deleting packet queue
16:56:10.215 > [553367][V][LoraMesher.cpp:658] processPackets(): [LoRaMesher] TESTING: Packet not for me, deleting it
16:56:10.224 > [553376][V][LoraMesher.cpp:641] processPackets(): [LoRaMesher] Stack space unused after entering the task: 2040
16:56:10.234 > [553386][V][LoraMesher.cpp:642] processPackets(): [LoRaMesher] Free heap: 336276
16:56:27.575 > [570728][V][LoraMesher.cpp:378] receivingRoutine(): [LoRaMesher] Stack space unused after entering the task: 2108
16:56:27.585 > [570738][V][LoraMesher.cpp:379] receivingRoutine(): [LoRaMesher] Free heap: 336276
16:56:27.593 > [570745][I][PacketService.cpp:12] createEmptyPacket(): [LoRaMesher] Packet created with 17 bytes
16:56:27.602 > [570754][I][LoraMesher.cpp:392] receivingRoutine(): [LoRaMesher] Receiving LoRa packet: Size: 17 bytes RSSI: -49 SNR: 13
16:56:27.613 > [570765][V][LoraMesher.cpp:647] processPackets(): [LoRaMesher] Size of Received Packets Queue: 1
16:56:27.621 > [570774][I][PacketQueueService.h:80] deleteQueuePacketAndPacket(): [LoRaMesher] Deleting packet
16:56:27.630 > [570782][I][PacketQueueService.h:83] deleteQueuePacketAndPacket(): [LoRaMesher] Deleting packet queue
16:56:27.639 > [570791][V][LoraMesher.cpp:658] processPackets(): [LoRaMesher] TESTING: Packet not for me, deleting it
16:56:27.648 > [570800][V][LoraMesher.cpp:641] processPackets(): [LoRaMesher] Stack space unused after entering the task: 2040
16:56:27.658 > [570810][V][LoraMesher.cpp:642] processPackets(): [LoRaMesher] Free heap: 336276
16:56:28.058 > [571211][V][LoraMesher.cpp:378] receivingRoutine(): [LoRaMesher] Stack space unused after entering the task: 2108
16:56:28.068 > [571221][V][LoraMesher.cpp:379] receivingRoutine(): [LoRaMesher] Free heap: 336276
16:56:28.076 > [571229][I][PacketService.cpp:12] createEmptyPacket(): [LoRaMesher] Packet created with 17 bytes
16:56:28.085 > [571237][I][LoraMesher.cpp:392] receivingRoutine(): [LoRaMesher] Receiving LoRa packet: Size: 17 bytes RSSI: -49 SNR: 12
16:56:28.096 > [571248][V][LoraMesher.cpp:647] processPackets(): [LoRaMesher] Size of Received Packets Queue: 1
16:56:28.104 > [571257][V][LoraMesher.cpp:754] printHeaderPacket(): [LoRaMesher] Packet received -- Size: 17 Src: B3F0 Dst: D110 Id: 33 Type: 2 Via: AFC0 Seq_Id: 0 Num: 0
16:56:28.118 > [571271][I][LoraMesher.cpp:854] processDataPacket(): [LoRaMesher] Data packet from B3F0, destination D110, via AFC0
16:56:28.128 > [571281][V][LoraMesher.cpp:872] processDataPacket(): [LoRaMesher] Data Packet from B3F0 for D110. Via is me. Forwarding it
16:56:28.139 > [571292][I][LoraMesher.cpp:1051] addToSendOrderedAndNotify(): [LoRaMesher] Added packet to Q_SP, notifying sender task
16:56:28.150 > [571302][V][LoraMesher.cpp:511] sendPackets(): [LoRaMesher] Stack space unused after entering the task: 1940
16:56:28.159 > [571312][V][LoraMesher.cpp:512] sendPackets(): [LoRaMesher] Free heap: 336168
16:56:28.166 > [571319][V][LoraMesher.cpp:518] sendPackets(): [LoRaMesher] Size of Send Packets Queue: 1
16:56:28.174 > [571327][V][LoraMesher.cpp:525] sendPackets(): [LoRaMesher] Send n. 15
16:56:28.181 > [571333][V][LoraMesher.cpp:455] waitBeforeSend(): [LoRaMesher] RandomDelay 737 ms
16:56:28.188 > [571341][V][LoraMesher.cpp:641] processPackets(): [LoRaMesher] Stack space unused after entering the task: 2040
16:56:28.198 > [571351][V][LoraMesher.cpp:642] processPackets(): [LoRaMesher] Free heap: 336196
16:56:28.924 > [572077][V][LoraMesher.cpp:754] printHeaderPacket(): [LoRaMesher] Packet send -- Size: 17 Src: B3F0 Dst: D110 Id: 33 Type: 2 Via: F02C Seq_Id: 0 Num: 0
16:56:29.014 > [572167][V][LoraMesher.cpp:575] sendPackets(): [LoRaMesher] TimeOnAir 63 ms, next message in 0 ms
16:56:29.023 > [572176][I][PacketQueueService.h:80] deleteQueuePacketAndPacket(): [LoRaMesher] Deleting packet
16:56:29.032 > [572185][I][PacketQueueService.h:83] deleteQueuePacketAndPacket(): [LoRaMesher] Deleting packet queue
16:56:30.425 > [573578][V][LoraMesher.cpp:378] receivingRoutine(): [LoRaMesher] Stack space unused after entering the task: 2108
16:56:30.435 > [573588][V][LoraMesher.cpp:379] receivingRoutine(): [LoRaMesher] Free heap: 336276
16:56:30.443 > [573595][I][PacketService.cpp:12] createEmptyPacket(): [LoRaMesher] Packet created with 17 bytes
16:56:30.451 > [573604][I][LoraMesher.cpp:392] receivingRoutine(): [LoRaMesher] Receiving LoRa packet: Size: 17 bytes RSSI: -48 SNR: 13
16:56:30.462 > [573615][V][LoraMesher.cpp:647] processPackets(): [LoRaMesher] Size of Received Packets Queue: 1
16:56:30.471 > [573624][I][PacketQueueService.h:80] deleteQueuePacketAndPacket(): [LoRaMesher] Deleting packet
16:56:30.480 > [573632][I][PacketQueueService.h:83] deleteQueuePacketAndPacket(): [LoRaMesher] Deleting packet queue
16:56:30.489 > [573641][V][LoraMesher.cpp:658] processPackets(): [LoRaMesher] TESTING: Packet not for me, deleting it
16:56:30.498 > [573650][V][LoraMesher.cpp:641] processPackets(): [LoRaMesher] Stack space unused after entering the task: 2040
16:56:30.508 > [573660][V][LoraMesher.cpp:642] processPackets(): [LoRaMesher] Free heap: 336276
16:56:47.349 > [590503][V][LoraMesher.cpp:378] receivingRoutine(): [LoRaMesher] Stack space unused after entering the task: 2108
16:56:47.360 > [590513][V][LoraMesher.cpp:379] receivingRoutine(): [LoRaMesher] Free heap: 336276
16:56:47.367 > [590520][I][PacketService.cpp:12] createEmptyPacket(): [LoRaMesher] Packet created with 17 bytes
16:56:47.376 > [590529][I][LoraMesher.cpp:392] receivingRoutine(): [LoRaMesher] Receiving LoRa packet: Size: 17 bytes RSSI: -49 SNR: 13
16:56:47.387 > [590540][V][LoraMesher.cpp:647] processPackets(): [LoRaMesher] Size of Received Packets Queue: 1
16:56:47.396 > [590549][I][PacketQueueService.h:80] deleteQueuePacketAndPacket(): [LoRaMesher] Deleting packet
16:56:47.404 > [590557][I][PacketQueueService.h:83] deleteQueuePacketAndPacket(): [LoRaMesher] Deleting packet queue
16:56:47.413 > [590566][V][LoraMesher.cpp:658] processPackets(): [LoRaMesher] TESTING: Packet not for me, deleting it
16:56:47.423 > [590576][V][LoraMesher.cpp:641] processPackets(): [LoRaMesher] Stack space unused after entering the task: 2040
16:56:47.432 > [590585][V][LoraMesher.cpp:642] processPackets(): [LoRaMesher] Free heap: 336276
16:56:48.262 > [591415][V][LoraMesher.cpp:378] receivingRoutine(): [LoRaMesher] Stack space unused after entering the task: 2108
16:56:48.273 > [591426][V][LoraMesher.cpp:379] receivingRoutine(): [LoRaMesher] Free heap: 336276
16:56:48.280 > [591433][I][PacketService.cpp:12] createEmptyPacket(): [LoRaMesher] Packet created with 17 bytes
16:56:48.289 > [591442][I][LoraMesher.cpp:392] receivingRoutine(): [LoRaMesher] Receiving LoRa packet: Size: 17 bytes RSSI: -50 SNR: 13
16:56:48.300 > [591453][V][LoraMesher.cpp:647] processPackets(): [LoRaMesher] Size of Received Packets Queue: 1
16:56:48.309 > [591462][V][LoraMesher.cpp:754] printHeaderPacket(): [LoRaMesher] Packet received -- Size: 17 Src: B3F0 Dst: D110 Id: 34 Type: 2 Via: AFC0 Seq_Id: 0 Num: 0
16:56:48.322 > [591475][I][LoraMesher.cpp:854] processDataPacket(): [LoRaMesher] Data packet from B3F0, destination D110, via AFC0
16:56:48.333 > [591486][V][LoraMesher.cpp:872] processDataPacket(): [LoRaMesher] Data Packet from B3F0 for D110. Via is me. Forwarding it
16:56:48.343 > [591497][I][LoraMesher.cpp:1051] addToSendOrderedAndNotify(): [LoRaMesher] Added packet to Q_SP, notifying sender task
16:56:48.354 > [591507][V][LoraMesher.cpp:511] sendPackets(): [LoRaMesher] Stack space unused after entering the task: 1940
16:56:48.377 > [591517][V][LoraMesher.cpp:512] sendPackets(): [LoRaMesher] Free heap: 336168
16:56:48.377 > [591524][V][LoraMesher.cpp:518] sendPackets(): [LoRaMesher] Size of Send Packets Queue: 1
16:56:48.379 > [591532][V][LoraMesher.cpp:525] sendPackets(): [LoRaMesher] Send n. 16
16:56:48.385 > [591538][V][LoraMesher.cpp:455] waitBeforeSend(): [LoRaMesher] RandomDelay 399 ms
16:56:48.392 > [591545][V][LoraMesher.cpp:641] processPackets(): [LoRaMesher] Stack space unused after entering the task: 2040
16:56:48.402 > [591555][V][LoraMesher.cpp:642] processPackets(): [LoRaMesher] Free heap: 336196
16:56:48.790 > [591943][V][LoraMesher.cpp:754] printHeaderPacket(): [LoRaMesher] Packet send -- Size: 17 Src: B3F0 Dst: D110 Id: 34 Type: 2 Via: F02C Seq_Id: 0 Num: 0
16:56:48.880 > [592033][V][LoraMesher.cpp:575] sendPackets(): [LoRaMesher] TimeOnAir 63 ms, next message in 0 ms
16:56:48.889 > [592042][I][PacketQueueService.h:80] deleteQueuePacketAndPacket(): [LoRaMesher] Deleting packet
16:56:48.897 > [592051][I][PacketQueueService.h:83] deleteQueuePacketAndPacket(): [LoRaMesher] Deleting packet queue
16:56:49.422 > [592576][V][LoraMesher.cpp:378] receivingRoutine(): [LoRaMesher] Stack space unused after entering the task: 2108
16:56:49.433 > [592586][V][LoraMesher.cpp:379] receivingRoutine(): [LoRaMesher] Free heap: 336276
16:56:49.440 > [592593][I][PacketService.cpp:12] createEmptyPacket(): [LoRaMesher] Packet created with 17 bytes
16:56:49.449 > [592602][I][LoraMesher.cpp:392] receivingRoutine(): [LoRaMesher] Receiving LoRa packet: Size: 17 bytes RSSI: -48 SNR: 12
16:56:49.460 > [592613][V][LoraMesher.cpp:647] processPackets(): [LoRaMesher] Size of Received Packets Queue: 1
16:56:49.469 > [592622][I][PacketQueueService.h:80] deleteQueuePacketAndPacket(): [LoRaMesher] Deleting packet
16:56:49.477 > [592630][I][PacketQueueService.h:83] deleteQueuePacketAndPacket(): [LoRaMesher] Deleting packet queue
16:56:49.486 > [592639][V][LoraMesher.cpp:658] processPackets(): [LoRaMesher] TESTING: Packet not for me, deleting it
16:56:49.495 > [592648][V][LoraMesher.cpp:641] processPackets(): [LoRaMesher] Stack space unused after entering the task: 2040
16:56:49.505 > [592658][V][LoraMesher.cpp:642] processPackets(): [LoRaMesher] Free heap: 336276
16:57:02.797 > [605951][V][LoraMesher.cpp:694] routingTableManager(): [LoRaMesher] Stack space unused after entering the task: 2296
16:57:02.808 > [605962][V][LoraMesher.cpp:695] routingTableManager(): [LoRaMesher] Free heap: 336276
16:57:02.816 > [605969][I][RoutingTableService.cpp:216] manageTimeoutRoutingTable(): [LoRaMesher] Checking routes timeout
16:57:02.825 > [605979][I][RoutingTableService.cpp:192] printRoutingTable(): [LoRaMesher] Current routing table:
16:57:02.834 > [605988][I][RoutingTableService.cpp:206] printRoutingTable(): [LoRaMesher] 0 - F02C via F02C metric 1 Role 0
16:57:02.843 > [605997][I][RoutingTableService.cpp:206] printRoutingTable(): [LoRaMesher] 1 - D110 via F02C metric 2 Role 1
16:57:02.852 > [606007][I][RoutingTableService.cpp:206] printRoutingTable(): [LoRaMesher] 2 - DE6C via DE6C metric 1 Role 0
16:57:02.862 > [606016][I][RoutingTableService.cpp:206] printRoutingTable(): [LoRaMesher] 3 - B3F0 via DE6C metric 2 Role 0
16:57:05.063 > [608217][V][LoraMesher.cpp:598] sendHelloPacket(): [LoRaMesher] Creating Routing Packet
16:57:05.072 > [608225][V][LoraMesher.cpp:599] sendHelloPacket(): [LoRaMesher] Stack space unused after entering the task: 2328
16:57:05.081 > [608235][V][LoraMesher.cpp:600] sendHelloPacket(): [LoRaMesher] Free heap: 336276
16:57:05.088 > [608243][V][PacketFactory.h:45] createPacket(): [LoRaMesher] Creating packet with 24 bytes
16:57:05.096 > [608251][I][PacketFactory.h:74] createPacket(): [LoRaMesher] Packet created with 24 bytes
16:57:05.104 > [608259][I][LoraMesher.h:659] setPackedForSend(): [LoRaMesher] Adding packet to Q_SP
16:57:05.112 > [608266][I][LoraMesher.h:661] setPackedForSend(): [LoRaMesher] Created packet to Q_SP
16:57:05.120 > [608274][I][LoraMesher.cpp:1051] addToSendOrderedAndNotify(): [LoRaMesher] Added packet to Q_SP, notifying sender task
16:57:05.130 > [608284][V][LoraMesher.cpp:511] sendPackets(): [LoRaMesher] Stack space unused after entering the task: 1940
16:57:05.139 > [608294][V][LoraMesher.cpp:512] sendPackets(): [LoRaMesher] Free heap: 336172
16:57:05.147 > [608301][V][LoraMesher.cpp:518] sendPackets(): [LoRaMesher] Size of Send Packets Queue: 1
16:57:05.155 > [608309][V][LoraMesher.cpp:525] sendPackets(): [LoRaMesher] Send n. 17
16:57:05.161 > [608315][V][LoraMesher.cpp:455] waitBeforeSend(): [LoRaMesher] RandomDelay 984 ms
16:57:05.761 > [608915][V][LoraMesher.cpp:378] receivingRoutine(): [LoRaMesher] Stack space unused after entering the task: 2108
16:57:05.771 > [608925][V][LoraMesher.cpp:379] receivingRoutine(): [LoRaMesher] Free heap: 336204
16:57:05.778 > [608933][I][PacketService.cpp:12] createEmptyPacket(): [LoRaMesher] Packet created with 24 bytes
16:57:05.787 > [608942][I][LoraMesher.cpp:392] receivingRoutine(): [LoRaMesher] Receiving LoRa packet: Size: 24 bytes RSSI: -49 SNR: 12
16:57:05.799 > [608953][V][LoraMesher.cpp:647] processPackets(): [LoRaMesher] Size of Received Packets Queue: 1
16:57:05.807 > [608961][V][LoraMesher.cpp:754] printHeaderPacket(): [LoRaMesher] Packet received -- Size: 24 Src: DE6C Dst: FFFF Id: 5 Type: 4 Via: 0 Seq_Id: 0 Num: 0
16:57:05.820 > [608975][I][RoutingTableService.cpp:77] processRoute(): [LoRaMesher] Route packet from DE6C with size 4
16:57:05.830 > [608984][I][RoutingTableService.cpp:99] resetReceiveSNRRoutePacket(): [LoRaMesher] Reset Receive SNR from DE6C: 12
16:57:05.841 > [608994][I][RoutingTableService.cpp:192] printRoutingTable(): [LoRaMesher] Current routing table:
16:57:05.848 > [609003][I][RoutingTableService.cpp:206] printRoutingTable(): [LoRaMesher] 0 - F02C via F02C metric 1 Role 0
16:57:05.858 > [609012][I][RoutingTableService.cpp:206] printRoutingTable(): [LoRaMesher] 1 - D110 via F02C metric 2 Role 1
16:57:05.868 > [609022][I][RoutingTableService.cpp:206] printRoutingTable(): [LoRaMesher] 2 - DE6C via DE6C metric 1 Role 0
16:57:05.877 > [609032][I][RoutingTableService.cpp:206] printRoutingTable(): [LoRaMesher] 3 - B3F0 via DE6C metric 2 Role 0
16:57:05.887 > [609041][I][PacketQueueService.h:80] deleteQueuePacketAndPacket(): [LoRaMesher] Deleting packet
16:57:05.895 > [609050][I][PacketQueueService.h:83] deleteQueuePacketAndPacket(): [LoRaMesher] Deleting packet queue
16:57:05.905 > [609059][V][LoraMesher.cpp:641] processPackets(): [LoRaMesher] Stack space unused after entering the task: 2040
16:57:05.914 > [609069][V][LoraMesher.cpp:642] processPackets(): [LoRaMesher] Free heap: 336204
16:57:06.158 > [609312][V][LoraMesher.cpp:462] waitBeforeSend(): [LoRaMesher] Preamble detected while waiting 1
16:57:06.166 > [609321][V][LoraMesher.cpp:455] waitBeforeSend(): [LoRaMesher] RandomDelay 623 ms
16:57:06.466 > [609620][V][LoraMesher.cpp:378] receivingRoutine(): [LoRaMesher] Stack space unused after entering the task: 2108
16:57:06.476 > [609630][V][LoraMesher.cpp:379] receivingRoutine(): [LoRaMesher] Free heap: 336204
16:57:06.483 > [609638][I][PacketService.cpp:12] createEmptyPacket(): [LoRaMesher] Packet created with 20 bytes
16:57:06.492 > [609647][I][LoraMesher.cpp:392] receivingRoutine(): [LoRaMesher] Receiving LoRa packet: Size: 20 bytes RSSI: -53 SNR: 13
16:57:06.503 > [609658][V][LoraMesher.cpp:647] processPackets(): [LoRaMesher] Size of Received Packets Queue: 1
16:57:06.512 > [609666][I][PacketQueueService.h:80] deleteQueuePacketAndPacket(): [LoRaMesher] Deleting packet
16:57:06.520 > [609675][I][PacketQueueService.h:83] deleteQueuePacketAndPacket(): [LoRaMesher] Deleting packet queue
16:57:06.529 > [609684][V][LoraMesher.cpp:658] processPackets(): [LoRaMesher] TESTING: Packet not for me, deleting it
16:57:06.539 > [609693][V][LoraMesher.cpp:641] processPackets(): [LoRaMesher] Stack space unused after entering the task: 2040
16:57:06.548 > [609703][V][LoraMesher.cpp:642] processPackets(): [LoRaMesher] Free heap: 336204
16:57:06.802 > [609956][V][LoraMesher.cpp:462] waitBeforeSend(): [LoRaMesher] Preamble detected while waiting 2
16:57:06.810 > [609965][V][LoraMesher.cpp:455] waitBeforeSend(): [LoRaMesher] RandomDelay 676 ms
16:57:07.429 > [610583][V][LoraMesher.cpp:378] receivingRoutine(): [LoRaMesher] Stack space unused after entering the task: 2108
16:57:07.438 > [610593][V][LoraMesher.cpp:379] receivingRoutine(): [LoRaMesher] Free heap: 336204
16:57:07.446 > [610600][I][PacketService.cpp:12] createEmptyPacket(): [LoRaMesher] Packet created with 24 bytes
16:57:07.455 > [610609][I][LoraMesher.cpp:392] receivingRoutine(): [LoRaMesher] Receiving LoRa packet: Size: 24 bytes RSSI: -49 SNR: 13
16:57:07.466 > [610620][V][LoraMesher.cpp:647] processPackets(): [LoRaMesher] Size of Received Packets Queue: 1
16:57:07.475 > [610629][I][PacketQueueService.h:80] deleteQueuePacketAndPacket(): [LoRaMesher] Deleting packet
16:57:07.483 > [610638][I][PacketQueueService.h:83] deleteQueuePacketAndPacket(): [LoRaMesher] Deleting packet queue
16:57:07.492 > [610647][V][LoraMesher.cpp:658] processPackets(): [LoRaMesher] TESTING: Packet not for me, deleting it
16:57:07.501 > [610653][V][LoraMesher.cpp:462] waitBeforeSend(): [LoRaMesher] Preamble detected while waiting 3
16:57:07.510 > [610664][V][LoraMesher.cpp:455] waitBeforeSend(): [LoRaMesher] RandomDelay 1441 ms
16:57:07.517 > [610671][V][LoraMesher.cpp:641] processPackets(): [LoRaMesher] Stack space unused after entering the task: 2040
16:57:07.527 > [610681][V][LoraMesher.cpp:642] processPackets(): [LoRaMesher] Free heap: 336204
16:57:08.065 > [611220][V][LoraMesher.cpp:378] receivingRoutine(): [LoRaMesher] Stack space unused after entering the task: 2108
16:57:08.076 > [611230][V][LoraMesher.cpp:379] receivingRoutine(): [LoRaMesher] Free heap: 336204
16:57:08.084 > [611237][I][PacketService.cpp:12] createEmptyPacket(): [LoRaMesher] Packet created with 17 bytes
16:57:08.092 > [611246][I][LoraMesher.cpp:392] receivingRoutine(): [LoRaMesher] Receiving LoRa packet: Size: 17 bytes RSSI: -49 SNR: 13
16:57:08.103 > [611257][V][LoraMesher.cpp:647] processPackets(): [LoRaMesher] Size of Received Packets Queue: 1
16:57:08.111 > [611266][I][PacketQueueService.h:80] deleteQueuePacketAndPacket(): [LoRaMesher] Deleting packet
16:57:08.120 > [611274][I][PacketQueueService.h:83] deleteQueuePacketAndPacket(): [LoRaMesher] Deleting packet queue
16:57:08.129 > [611283][V][LoraMesher.cpp:658] processPackets(): [LoRaMesher] TESTING: Packet not for me, deleting it
16:57:08.138 > [611292][V][LoraMesher.cpp:641] processPackets(): [LoRaMesher] Stack space unused after entering the task: 2040
16:57:08.148 > [611302][V][LoraMesher.cpp:642] processPackets(): [LoRaMesher] Free heap: 336204
16:57:08.641 > [611795][V][LoraMesher.cpp:378] receivingRoutine(): [LoRaMesher] Stack space unused after entering the task: 2108
16:57:08.652 > [611805][V][LoraMesher.cpp:379] receivingRoutine(): [LoRaMesher] Free heap: 336204
16:57:08.658 > [611813][I][PacketService.cpp:12] createEmptyPacket(): [LoRaMesher] Packet created with 17 bytes
16:57:08.667 > [611821][I][LoraMesher.cpp:392] receivingRoutine(): [LoRaMesher] Receiving LoRa packet: Size: 17 bytes RSSI: -49 SNR: 12
16:57:08.678 > [611833][V][LoraMesher.cpp:647] processPackets(): [LoRaMesher] Size of Received Packets Queue: 1
16:57:08.688 > [611841][V][LoraMesher.cpp:754] printHeaderPacket(): [LoRaMesher] Packet received -- Size: 17 Src: B3F0 Dst: D110 Id: 36 Type: 2 Via: AFC0 Seq_Id: 0 Num: 0
16:57:08.701 > [611855][I][LoraMesher.cpp:854] processDataPacket(): [LoRaMesher] Data packet from B3F0, destination D110, via AFC0
16:57:08.712 > [611865][V][LoraMesher.cpp:872] processDataPacket(): [LoRaMesher] Data Packet from B3F0 for D110. Via is me. Forwarding it
16:57:08.722 > [611876][I][LoraMesher.cpp:1051] addToSendOrderedAndNotify(): [LoRaMesher] Added packet to Q_SP, notifying sender task
16:57:08.732 > [611887][V][LoraMesher.cpp:641] processPackets(): [LoRaMesher] Stack space unused after entering the task: 2040
16:57:08.742 > [611897][V][LoraMesher.cpp:642] processPackets(): [LoRaMesher] Free heap: 336096
16:57:08.964 > [612118][V][LoraMesher.cpp:462] waitBeforeSend(): [LoRaMesher] Preamble detected while waiting 4
16:57:08.972 > [612127][V][LoraMesher.cpp:754] printHeaderPacket(): [LoRaMesher] Packet send -- Size: 24 Src: AFC0 Dst: FFFF Id: 5 Type: 4 Via: 0 Seq_Id: 0 Num: 0
16:57:09.076 > [612231][V][LoraMesher.cpp:575] sendPackets(): [LoRaMesher] TimeOnAir 78 ms, next message in 0 ms
16:57:09.085 > [612239][I][PacketQueueService.h:80] deleteQueuePacketAndPacket(): [LoRaMesher] Deleting packet
16:57:09.093 > [612248][I][PacketQueueService.h:83] deleteQueuePacketAndPacket(): [LoRaMesher] Deleting packet queue
16:57:09.102 > [612257][V][LoraMesher.cpp:518] sendPackets(): [LoRaMesher] Size of Send Packets Queue: 1
16:57:09.110 > [612265][V][LoraMesher.cpp:525] sendPackets(): [LoRaMesher] Send n. 18
16:57:09.117 > [612271][V][LoraMesher.cpp:455] waitBeforeSend(): [LoRaMesher] RandomDelay 472 ms
16:57:09.596 > [612750][V][LoraMesher.cpp:754] printHeaderPacket(): [LoRaMesher] Packet send -- Size: 17 Src: B3F0 Dst: D110 Id: 36 Type: 2 Via: F02C Seq_Id: 0 Num: 0
16:57:09.686 > [612840][V][LoraMesher.cpp:575] sendPackets(): [LoRaMesher] TimeOnAir 63 ms, next message in 0 ms
16:57:09.694 > [612849][I][PacketQueueService.h:80] deleteQueuePacketAndPacket(): [LoRaMesher] Deleting packet
16:57:09.703 > [612857][I][PacketQueueService.h:83] deleteQueuePacketAndPacket(): [LoRaMesher] Deleting packet queue
16:57:10.962 > [614117][V][LoraMesher.cpp:378] receivingRoutine(): [LoRaMesher] Stack space unused after entering the task: 2108
16:57:10.972 > [614127][V][LoraMesher.cpp:379] receivingRoutine(): [LoRaMesher] Free heap: 336276
16:57:10.980 > [614134][I][PacketService.cpp:12] createEmptyPacket(): [LoRaMesher] Packet created with 24 bytes
16:57:10.989 > [614143][I][LoraMesher.cpp:392] receivingRoutine(): [LoRaMesher] Receiving LoRa packet: Size: 24 bytes RSSI: -48 SNR: 14
16:57:11.000 > [614154][V][LoraMesher.cpp:647] processPackets(): [LoRaMesher] Size of Received Packets Queue: 1
16:57:11.008 > [614163][V][LoraMesher.cpp:754] printHeaderPacket(): [LoRaMesher] Packet received -- Size: 24 Src: F02C Dst: FFFF Id: 5 Type: 4 Via: 0 Seq_Id: 0 Num: 0
16:57:11.022 > [614176][I][RoutingTableService.cpp:77] processRoute(): [LoRaMesher] Route packet from F02C with size 4
16:57:11.031 > [614186][I][RoutingTableService.cpp:99] resetReceiveSNRRoutePacket(): [LoRaMesher] Reset Receive SNR from F02C: 14
16:57:11.041 > [614196][I][RoutingTableService.cpp:192] printRoutingTable(): [LoRaMesher] Current routing table:
16:57:11.050 > [614204][I][RoutingTableService.cpp:206] printRoutingTable(): [LoRaMesher] 0 - F02C via F02C metric 1 Role 0
16:57:11.060 > [614214][I][RoutingTableService.cpp:206] printRoutingTable(): [LoRaMesher] 1 - D110 via F02C metric 2 Role 1
16:57:11.070 > [614224][I][RoutingTableService.cpp:206] printRoutingTable(): [LoRaMesher] 2 - DE6C via DE6C metric 1 Role 0
16:57:11.079 > [614233][I][RoutingTableService.cpp:206] printRoutingTable(): [LoRaMesher] 3 - B3F0 via DE6C metric 2 Role 0
16:57:11.088 > [614243][I][PacketQueueService.h:80] deleteQueuePacketAndPacket(): [LoRaMesher] Deleting packet
16:57:11.097 > [614251][I][PacketQueueService.h:83] deleteQueuePacketAndPacket(): [LoRaMesher] Deleting packet queue
16:57:11.106 > [614260][V][LoraMesher.cpp:641] processPackets(): [LoRaMesher] Stack space unused after entering the task: 2040
16:57:11.116 > [614270][V][LoraMesher.cpp:642] processPackets(): [LoRaMesher] Free heap: 336276
16:57:11.882 > [615037][V][LoraMesher.cpp:378] receivingRoutine(): [LoRaMesher] Stack space unused after entering the task: 2108
16:57:11.892 > [615047][V][LoraMesher.cpp:379] receivingRoutine(): [LoRaMesher] Free heap: 336276
16:57:11.900 > [615054][I][PacketService.cpp:12] createEmptyPacket(): [LoRaMesher] Packet created with 17 bytes
16:57:11.909 > [615063][I][LoraMesher.cpp:392] receivingRoutine(): [LoRaMesher] Receiving LoRa packet: Size: 17 bytes RSSI: -48 SNR: 12
16:57:11.920 > [615074][V][LoraMesher.cpp:647] processPackets(): [LoRaMesher] Size of Received Packets Queue: 1
16:57:11.928 > [615083][I][PacketQueueService.h:80] deleteQueuePacketAndPacket(): [LoRaMesher] Deleting packet
16:57:11.937 > [615091][I][PacketQueueService.h:83] deleteQueuePacketAndPacket(): [LoRaMesher] Deleting packet queue
16:57:11.946 > [615100][V][LoraMesher.cpp:658] processPackets(): [LoRaMesher] TESTING: Packet not for me, deleting it
16:57:11.955 > [615109][V][LoraMesher.cpp:641] processPackets(): [LoRaMesher] Stack space unused after entering the task: 2040
16:57:11.965 > [615119][V][LoraMesher.cpp:642] processPackets(): [LoRaMesher] Free heap: 336276
16:57:28.312 > [631467][V][LoraMesher.cpp:378] receivingRoutine(): [LoRaMesher] Stack space unused after entering the task: 2108
16:57:28.322 > [631477][V][LoraMesher.cpp:379] receivingRoutine(): [LoRaMesher] Free heap: 336276
16:57:28.330 > [631484][I][PacketService.cpp:12] createEmptyPacket(): [LoRaMesher] Packet created with 17 bytes
16:57:28.338 > [631493][I][LoraMesher.cpp:392] receivingRoutine(): [LoRaMesher] Receiving LoRa packet: Size: 17 bytes RSSI: -49 SNR: 12
16:57:28.349 > [631504][V][LoraMesher.cpp:647] processPackets(): [LoRaMesher] Size of Received Packets Queue: 1
16:57:28.358 > [631513][I][PacketQueueService.h:80] deleteQueuePacketAndPacket(): [LoRaMesher] Deleting packet
16:57:28.367 > [631521][I][PacketQueueService.h:83] deleteQueuePacketAndPacket(): [LoRaMesher] Deleting packet queue
16:57:28.376 > [631530][V][LoraMesher.cpp:658] processPackets(): [LoRaMesher] TESTING: Packet not for me, deleting it
16:57:28.385 > [631540][V][LoraMesher.cpp:641] processPackets(): [LoRaMesher] Stack space unused after entering the task: 2040
16:57:28.395 > [631550][V][LoraMesher.cpp:642] processPackets(): [LoRaMesher] Free heap: 336276
16:57:29.496 > [632651][V][LoraMesher.cpp:378] receivingRoutine(): [LoRaMesher] Stack space unused after entering the task: 2108
16:57:29.506 > [632661][V][LoraMesher.cpp:379] receivingRoutine(): [LoRaMesher] Free heap: 336276
16:57:29.513 > [632668][I][PacketService.cpp:12] createEmptyPacket(): [LoRaMesher] Packet created with 17 bytes
16:57:29.522 > [632677][I][LoraMesher.cpp:392] receivingRoutine(): [LoRaMesher] Receiving LoRa packet: Size: 17 bytes RSSI: -50 SNR: 13
16:57:29.533 > [632688][V][LoraMesher.cpp:647] processPackets(): [LoRaMesher] Size of Received Packets Queue: 1
16:57:29.542 > [632697][V][LoraMesher.cpp:754] printHeaderPacket(): [LoRaMesher] Packet received -- Size: 17 Src: B3F0 Dst: D110 Id: 37 Type: 2 Via: AFC0 Seq_Id: 0 Num: 0
16:57:29.556 > [632711][I][LoraMesher.cpp:854] processDataPacket(): [LoRaMesher] Data packet from B3F0, destination D110, via AFC0
16:57:29.566 > [632721][V][LoraMesher.cpp:872] processDataPacket(): [LoRaMesher] Data Packet from B3F0 for D110. Via is me. Forwarding it
16:57:29.577 > [632732][I][LoraMesher.cpp:1051] addToSendOrderedAndNotify(): [LoRaMesher] Added packet to Q_SP, notifying sender task
16:57:29.587 > [632742][V][LoraMesher.cpp:511] sendPackets(): [LoRaMesher] Stack space unused after entering the task: 1940
16:57:29.597 > [632752][V][LoraMesher.cpp:512] sendPackets(): [LoRaMesher] Free heap: 336168
16:57:29.604 > [632759][V][LoraMesher.cpp:518] sendPackets(): [LoRaMesher] Size of Send Packets Queue: 1
16:57:29.612 > [632767][V][LoraMesher.cpp:525] sendPackets(): [LoRaMesher] Send n. 19
16:57:29.618 > [632773][V][LoraMesher.cpp:455] waitBeforeSend(): [LoRaMesher] RandomDelay 846 ms
16:57:29.626 > [632781][V][LoraMesher.cpp:641] processPackets(): [LoRaMesher] Stack space unused after entering the task: 2040
16:57:29.636 > [632791][V][LoraMesher.cpp:642] processPackets(): [LoRaMesher] Free heap: 336196
16:57:30.471 > [633626][V][LoraMesher.cpp:754] printHeaderPacket(): [LoRaMesher] Packet send -- Size: 17 Src: B3F0 Dst: D110 Id: 37 Type: 2 Via: F02C Seq_Id: 0 Num: 0
16:57:30.561 > [633716][V][LoraMesher.cpp:575] sendPackets(): [LoRaMesher] TimeOnAir 63 ms, next message in 0 ms
16:57:30.570 > [633725][I][PacketQueueService.h:80] deleteQueuePacketAndPacket(): [LoRaMesher] Deleting packet
16:57:30.579 > [633734][I][PacketQueueService.h:83] deleteQueuePacketAndPacket(): [LoRaMesher] Deleting packet queue
16:57:31.857 > [635012][V][LoraMesher.cpp:378] receivingRoutine(): [LoRaMesher] Stack space unused after entering the task: 2108
16:57:31.867 > [635022][V][LoraMesher.cpp:379] receivingRoutine(): [LoRaMesher] Free heap: 336276
16:57:31.874 > [635029][I][PacketService.cpp:12] createEmptyPacket(): [LoRaMesher] Packet created with 17 bytes
16:57:31.883 > [635038][I][LoraMesher.cpp:392] receivingRoutine(): [LoRaMesher] Receiving LoRa packet: Size: 17 bytes RSSI: -48 SNR: 13
16:57:31.894 > [635049][V][LoraMesher.cpp:647] processPackets(): [LoRaMesher] Size of Received Packets Queue: 1
16:57:31.903 > [635058][I][PacketQueueService.h:80] deleteQueuePacketAndPacket(): [LoRaMesher] Deleting packet
16:57:31.911 > [635066][I][PacketQueueService.h:83] deleteQueuePacketAndPacket(): [LoRaMesher] Deleting packet queue
16:57:31.920 > [635075][V][LoraMesher.cpp:658] processPackets(): [LoRaMesher] TESTING: Packet not for me, deleting it
16:57:31.930 > [635085][V][LoraMesher.cpp:641] processPackets(): [LoRaMesher] Stack space unused after entering the task: 2040
16:57:31.940 > [635095][V][LoraMesher.cpp:642] processPackets(): [LoRaMesher] Free heap: 336276
16:57:48.454 > [651610][V][LoraMesher.cpp:378] receivingRoutine(): [LoRaMesher] Stack space unused after entering the task: 2108
16:57:48.465 > [651620][V][LoraMesher.cpp:379] receivingRoutine(): [LoRaMesher] Free heap: 336276
16:57:48.472 > [651627][I][PacketService.cpp:12] createEmptyPacket(): [LoRaMesher] Packet created with 17 bytes
16:57:48.481 > [651636][I][LoraMesher.cpp:392] receivingRoutine(): [LoRaMesher] Receiving LoRa packet: Size: 17 bytes RSSI: -50 SNR: 13
16:57:48.492 > [651647][V][LoraMesher.cpp:647] processPackets(): [LoRaMesher] Size of Received Packets Queue: 1
16:57:48.501 > [651656][I][PacketQueueService.h:80] deleteQueuePacketAndPacket(): [LoRaMesher] Deleting packet
16:57:48.509 > [651664][I][PacketQueueService.h:83] deleteQueuePacketAndPacket(): [LoRaMesher] Deleting packet queue
16:57:48.518 > [651673][V][LoraMesher.cpp:658] processPackets(): [LoRaMesher] TESTING: Packet not for me, deleting it
16:57:48.527 > [651683][V][LoraMesher.cpp:641] processPackets(): [LoRaMesher] Stack space unused after entering the task: 2040
16:57:48.537 > [651693][V][LoraMesher.cpp:642] processPackets(): [LoRaMesher] Free heap: 336276
16:57:49.804 > [652960][V][LoraMesher.cpp:378] receivingRoutine(): [LoRaMesher] Stack space unused after entering the task: 2108
16:57:49.815 > [652970][V][LoraMesher.cpp:379] receivingRoutine(): [LoRaMesher] Free heap: 336276
16:57:49.823 > [652978][I][PacketService.cpp:12] createEmptyPacket(): [LoRaMesher] Packet created with 17 bytes
16:57:49.831 > [652987][I][LoraMesher.cpp:392] receivingRoutine(): [LoRaMesher] Receiving LoRa packet: Size: 17 bytes RSSI: -50 SNR: 12
16:57:49.843 > [652998][V][LoraMesher.cpp:647] processPackets(): [LoRaMesher] Size of Received Packets Queue: 1
16:57:49.851 > [653007][V][LoraMesher.cpp:754] printHeaderPacket(): [LoRaMesher] Packet received -- Size: 17 Src: B3F0 Dst: D110 Id: 38 Type: 2 Via: AFC0 Seq_Id: 0 Num: 0
16:57:49.865 > [653020][I][LoraMesher.cpp:854] processDataPacket(): [LoRaMesher] Data packet from B3F0, destination D110, via AFC0
16:57:49.875 > [653031][V][LoraMesher.cpp:872] processDataPacket(): [LoRaMesher] Data Packet from B3F0 for D110. Via is me. Forwarding it
16:57:49.886 > [653041][I][LoraMesher.cpp:1051] addToSendOrderedAndNotify(): [LoRaMesher] Added packet to Q_SP, notifying sender task
16:57:49.897 > [653052][V][LoraMesher.cpp:511] sendPackets(): [LoRaMesher] Stack space unused after entering the task: 1940
16:57:49.906 > [653062][V][LoraMesher.cpp:512] sendPackets(): [LoRaMesher] Free heap: 336168
16:57:49.913 > [653069][V][LoraMesher.cpp:518] sendPackets(): [LoRaMesher] Size of Send Packets Queue: 1
16:57:49.921 > [653077][V][LoraMesher.cpp:525] sendPackets(): [LoRaMesher] Send n. 20
16:57:49.927 > [653083][V][LoraMesher.cpp:455] waitBeforeSend(): [LoRaMesher] RandomDelay 462 ms
16:57:49.935 > [653090][V][LoraMesher.cpp:641] processPackets(): [LoRaMesher] Stack space unused after entering the task: 2040
16:57:49.945 > [653100][V][LoraMesher.cpp:642] processPackets(): [LoRaMesher] Free heap: 336196
16:57:50.396 > [653551][V][LoraMesher.cpp:754] printHeaderPacket(): [LoRaMesher] Packet send -- Size: 17 Src: B3F0 Dst: D110 Id: 38 Type: 2 Via: F02C Seq_Id: 0 Num: 0
16:57:50.486 > [653641][V][LoraMesher.cpp:575] sendPackets(): [LoRaMesher] TimeOnAir 63 ms, next message in 0 ms
16:57:50.495 > [653650][I][PacketQueueService.h:80] deleteQueuePacketAndPacket(): [LoRaMesher] Deleting packet
16:57:50.503 > [653659][I][PacketQueueService.h:83] deleteQueuePacketAndPacket(): [LoRaMesher] Deleting packet queue
16:57:51.269 > [654425][V][LoraMesher.cpp:378] receivingRoutine(): [LoRaMesher] Stack space unused after entering the task: 2108
16:57:51.280 > [654435][V][LoraMesher.cpp:379] receivingRoutine(): [LoRaMesher] Free heap: 336276
16:57:51.287 > [654442][I][PacketService.cpp:12] createEmptyPacket(): [LoRaMesher] Packet created with 17 bytes
16:57:51.296 > [654451][I][LoraMesher.cpp:392] receivingRoutine(): [LoRaMesher] Receiving LoRa packet: Size: 17 bytes RSSI: -49 SNR: 12
16:57:51.307 > [654462][V][LoraMesher.cpp:647] processPackets(): [LoRaMesher] Size of Received Packets Queue: 1
16:57:51.316 > [654471][I][PacketQueueService.h:80] deleteQueuePacketAndPacket(): [LoRaMesher] Deleting packet
16:57:51.324 > [654480][I][PacketQueueService.h:83] deleteQueuePacketAndPacket(): [LoRaMesher] Deleting packet queue
16:57:51.333 > [654489][V][LoraMesher.cpp:658] processPackets(): [LoRaMesher] TESTING: Packet not for me, deleting it
16:57:51.342 > [654498][V][LoraMesher.cpp:641] processPackets(): [LoRaMesher] Stack space unused after entering the task: 2040
16:57:51.352 > [654508][V][LoraMesher.cpp:642] processPackets(): [LoRaMesher] Free heap: 336276
16:58:07.729 > [670886][V][LoraMesher.cpp:378] receivingRoutine(): [LoRaMesher] Stack space unused after entering the task: 2108
16:58:07.740 > [670896][V][LoraMesher.cpp:379] receivingRoutine(): [LoRaMesher] Free heap: 336276
16:58:07.748 > [670903][I][PacketService.cpp:12] createEmptyPacket(): [LoRaMesher] Packet created with 17 bytes
16:58:07.757 > [670912][I][LoraMesher.cpp:392] receivingRoutine(): [LoRaMesher] Receiving LoRa packet: Size: 17 bytes RSSI: -50 SNR: 13
16:58:07.768 > [670923][V][LoraMesher.cpp:647] processPackets(): [LoRaMesher] Size of Received Packets Queue: 1
16:58:07.776 > [670932][I][PacketQueueService.h:80] deleteQueuePacketAndPacket(): [LoRaMesher] Deleting packet
16:58:07.785 > [670941][I][PacketQueueService.h:83] deleteQueuePacketAndPacket(): [LoRaMesher] Deleting packet queue
16:58:07.794 > [670950][V][LoraMesher.cpp:658] processPackets(): [LoRaMesher] TESTING: Packet not for me, deleting it
16:58:07.803 > [670959][V][LoraMesher.cpp:641] processPackets(): [LoRaMesher] Stack space unused after entering the task: 2040
16:58:07.813 > [670969][V][LoraMesher.cpp:642] processPackets(): [LoRaMesher] Free heap: 336276
16:58:08.941 > [672098][V][LoraMesher.cpp:378] receivingRoutine(): [LoRaMesher] Stack space unused after entering the task: 2108
16:58:08.952 > [672108][V][LoraMesher.cpp:379] receivingRoutine(): [LoRaMesher] Free heap: 336276
16:58:08.960 > [672116][I][PacketService.cpp:12] createEmptyPacket(): [LoRaMesher] Packet created with 17 bytes
16:58:08.969 > [672124][I][LoraMesher.cpp:392] receivingRoutine(): [LoRaMesher] Receiving LoRa packet: Size: 17 bytes RSSI: -50 SNR: 12
16:58:08.980 > [672135][V][LoraMesher.cpp:647] processPackets(): [LoRaMesher] Size of Received Packets Queue: 1
16:58:08.988 > [672144][V][LoraMesher.cpp:754] printHeaderPacket(): [LoRaMesher] Packet received -- Size: 17 Src: B3F0 Dst: D110 Id: 39 Type: 2 Via: AFC0 Seq_Id: 0 Num: 0
16:58:09.002 > [672158][I][LoraMesher.cpp:854] processDataPacket(): [LoRaMesher] Data packet from B3F0, destination D110, via AFC0
16:58:09.012 > [672168][V][LoraMesher.cpp:872] processDataPacket(): [LoRaMesher] Data Packet from B3F0 for D110. Via is me. Forwarding it
16:58:09.023 > [672179][I][LoraMesher.cpp:1051] addToSendOrderedAndNotify(): [LoRaMesher] Added packet to Q_SP, notifying sender task
16:58:09.034 > [672189][V][LoraMesher.cpp:511] sendPackets(): [LoRaMesher] Stack space unused after entering the task: 1940
16:58:09.043 > [672199][V][LoraMesher.cpp:512] sendPackets(): [LoRaMesher] Free heap: 336168
16:58:09.050 > [672206][V][LoraMesher.cpp:518] sendPackets(): [LoRaMesher] Size of Send Packets Queue: 1
16:58:09.058 > [672214][V][LoraMesher.cpp:525] sendPackets(): [LoRaMesher] Send n. 21
16:58:09.065 > [672220][V][LoraMesher.cpp:455] waitBeforeSend(): [LoRaMesher] RandomDelay 988 ms
16:58:09.072 > [672228][V][LoraMesher.cpp:641] processPackets(): [LoRaMesher] Stack space unused after entering the task: 2040
16:58:09.082 > [672238][V][LoraMesher.cpp:642] processPackets(): [LoRaMesher] Free heap: 336196
16:58:10.059 > [673215][V][LoraMesher.cpp:754] printHeaderPacket(): [LoRaMesher] Packet send -- Size: 17 Src: B3F0 Dst: D110 Id: 39 Type: 2 Via: F02C Seq_Id: 0 Num: 0
16:58:10.149 > [673305][V][LoraMesher.cpp:575] sendPackets(): [LoRaMesher] TimeOnAir 63 ms, next message in 0 ms
16:58:10.158 > [673314][I][PacketQueueService.h:80] deleteQueuePacketAndPacket(): [LoRaMesher] Deleting packet
16:58:10.167 > [673323][I][PacketQueueService.h:83] deleteQueuePacketAndPacket(): [LoRaMesher] Deleting packet queue
16:58:10.635 > [673792][V][LoraMesher.cpp:378] receivingRoutine(): [LoRaMesher] Stack space unused after entering the task: 2108
16:58:10.646 > [673802][V][LoraMesher.cpp:379] receivingRoutine(): [LoRaMesher] Free heap: 336276
16:58:10.654 > [673810][I][PacketService.cpp:12] createEmptyPacket(): [LoRaMesher] Packet created with 17 bytes
16:58:10.662 > [673818][I][LoraMesher.cpp:392] receivingRoutine(): [LoRaMesher] Receiving LoRa packet: Size: 17 bytes RSSI: -48 SNR: 14
16:58:10.674 > [673829][V][LoraMesher.cpp:647] processPackets(): [LoRaMesher] Size of Received Packets Queue: 1
16:58:10.682 > [673838][I][PacketQueueService.h:80] deleteQueuePacketAndPacket(): [LoRaMesher] Deleting packet
16:58:10.691 > [673847][I][PacketQueueService.h:83] deleteQueuePacketAndPacket(): [LoRaMesher] Deleting packet queue
16:58:10.700 > [673856][V][LoraMesher.cpp:658] processPackets(): [LoRaMesher] TESTING: Packet not for me, deleting it
16:58:10.709 > [673865][V][LoraMesher.cpp:641] processPackets(): [LoRaMesher] Stack space unused after entering the task: 2040
16:58:10.719 > [673875][V][LoraMesher.cpp:642] processPackets(): [LoRaMesher] Free heap: 336276
16:58:27.837 > [690994][V][LoraMesher.cpp:378] receivingRoutine(): [LoRaMesher] Stack space unused after entering the task: 2108
16:58:27.847 > [691004][V][LoraMesher.cpp:379] receivingRoutine(): [LoRaMesher] Free heap: 336276
16:58:27.854 > [691011][I][PacketService.cpp:12] createEmptyPacket(): [LoRaMesher] Packet created with 17 bytes
16:58:27.863 > [691020][I][LoraMesher.cpp:392] receivingRoutine(): [LoRaMesher] Receiving LoRa packet: Size: 17 bytes RSSI: -49 SNR: 13
16:58:27.875 > [691031][V][LoraMesher.cpp:647] processPackets(): [LoRaMesher] Size of Received Packets Queue: 1
16:58:27.883 > [691040][I][PacketQueueService.h:80] deleteQueuePacketAndPacket(): [LoRaMesher] Deleting packet
16:58:27.891 > [691049][I][PacketQueueService.h:83] deleteQueuePacketAndPacket(): [LoRaMesher] Deleting packet queue
16:58:27.900 > [691058][V][LoraMesher.cpp:658] processPackets(): [LoRaMesher] TESTING: Packet not for me, deleting it
16:58:27.909 > [691067][V][LoraMesher.cpp:641] processPackets(): [LoRaMesher] Stack space unused after entering the task: 2040
16:58:27.919 > [691077][V][LoraMesher.cpp:642] processPackets(): [LoRaMesher] Free heap: 336276
16:58:28.353 > [691511][V][LoraMesher.cpp:378] receivingRoutine(): [LoRaMesher] Stack space unused after entering the task: 2108
16:58:28.363 > [691521][V][LoraMesher.cpp:379] receivingRoutine(): [LoRaMesher] Free heap: 336276
16:58:28.371 > [691528][I][PacketService.cpp:12] createEmptyPacket(): [LoRaMesher] Packet created with 17 bytes
16:58:28.380 > [691537][I][LoraMesher.cpp:392] receivingRoutine(): [LoRaMesher] Receiving LoRa packet: Size: 17 bytes RSSI: -50 SNR: 12
16:58:28.391 > [691548][V][LoraMesher.cpp:647] processPackets(): [LoRaMesher] Size of Received Packets Queue: 1
16:58:28.400 > [691557][V][LoraMesher.cpp:754] printHeaderPacket(): [LoRaMesher] Packet received -- Size: 17 Src: B3F0 Dst: D110 Id: 40 Type: 2 Via: AFC0 Seq_Id: 0 Num: 0
16:58:28.413 > [691570][I][LoraMesher.cpp:854] processDataPacket(): [LoRaMesher] Data packet from B3F0, destination D110, via AFC0
16:58:28.424 > [691581][V][LoraMesher.cpp:872] processDataPacket(): [LoRaMesher] Data Packet from B3F0 for D110. Via is me. Forwarding it
16:58:28.434 > [691592][I][LoraMesher.cpp:1051] addToSendOrderedAndNotify(): [LoRaMesher] Added packet to Q_SP, notifying sender task
16:58:28.445 > [691602][V][LoraMesher.cpp:511] sendPackets(): [LoRaMesher] Stack space unused after entering the task: 1940
16:58:28.455 > [691612][V][LoraMesher.cpp:512] sendPackets(): [LoRaMesher] Free heap: 336168
16:58:28.461 > [691619][V][LoraMesher.cpp:518] sendPackets(): [LoRaMesher] Size of Send Packets Queue: 1
16:58:28.470 > [691627][V][LoraMesher.cpp:525] sendPackets(): [LoRaMesher] Send n. 22
16:58:28.476 > [691633][V][LoraMesher.cpp:455] waitBeforeSend(): [LoRaMesher] RandomDelay 1103 ms
16:58:28.483 > [691640][V][LoraMesher.cpp:641] processPackets(): [LoRaMesher] Stack space unused after entering the task: 2040
16:58:28.493 > [691650][V][LoraMesher.cpp:642] processPackets(): [LoRaMesher] Free heap: 336196
16:58:29.586 > [692743][V][LoraMesher.cpp:754] printHeaderPacket(): [LoRaMesher] Packet send -- Size: 17 Src: B3F0 Dst: D110 Id: 40 Type: 2 Via: F02C Seq_Id: 0 Num: 0
16:58:29.676 > [692833][V][LoraMesher.cpp:575] sendPackets(): [LoRaMesher] TimeOnAir 63 ms, next message in 0 ms
16:58:29.685 > [692842][I][PacketQueueService.h:80] deleteQueuePacketAndPacket(): [LoRaMesher] Deleting packet
16:58:29.693 > [692851][I][PacketQueueService.h:83] deleteQueuePacketAndPacket(): [LoRaMesher] Deleting packet queue
16:58:30.642 > [693799][V][LoraMesher.cpp:378] receivingRoutine(): [LoRaMesher] Stack space unused after entering the task: 2108
16:58:30.652 > [693809][V][LoraMesher.cpp:379] receivingRoutine(): [LoRaMesher] Free heap: 336276
16:58:30.659 > [693817][I][PacketService.cpp:12] createEmptyPacket(): [LoRaMesher] Packet created with 17 bytes
16:58:30.668 > [693825][I][LoraMesher.cpp:392] receivingRoutine(): [LoRaMesher] Receiving LoRa packet: Size: 17 bytes RSSI: -48 SNR: 13
16:58:30.679 > [693836][V][LoraMesher.cpp:647] processPackets(): [LoRaMesher] Size of Received Packets Queue: 1
16:58:30.688 > [693845][I][PacketQueueService.h:80] deleteQueuePacketAndPacket(): [LoRaMesher] Deleting packet
16:58:30.696 > [693854][I][PacketQueueService.h:83] deleteQueuePacketAndPacket(): [LoRaMesher] Deleting packet queue
16:58:30.705 > [693863][V][LoraMesher.cpp:658] processPackets(): [LoRaMesher] TESTING: Packet not for me, deleting it
16:58:30.715 > [693872][V][LoraMesher.cpp:641] processPackets(): [LoRaMesher] Stack space unused after entering the task: 2040
16:58:30.724 > [693882][V][LoraMesher.cpp:642] processPackets(): [LoRaMesher] Free heap: 336276
16:58:47.975 > [711133][V][LoraMesher.cpp:378] receivingRoutine(): [LoRaMesher] Stack space unused after entering the task: 2108
16:58:47.985 > [711143][V][LoraMesher.cpp:379] receivingRoutine(): [LoRaMesher] Free heap: 336276
16:58:47.993 > [711151][I][PacketService.cpp:12] createEmptyPacket(): [LoRaMesher] Packet created with 17 bytes
16:58:48.002 > [711159][I][LoraMesher.cpp:392] receivingRoutine(): [LoRaMesher] Receiving LoRa packet: Size: 17 bytes RSSI: -50 SNR: 12
16:58:48.013 > [711170][V][LoraMesher.cpp:647] processPackets(): [LoRaMesher] Size of Received Packets Queue: 1
16:58:48.021 > [711179][I][PacketQueueService.h:80] deleteQueuePacketAndPacket(): [LoRaMesher] Deleting packet
16:58:48.030 > [711188][I][PacketQueueService.h:83] deleteQueuePacketAndPacket(): [LoRaMesher] Deleting packet queue
16:58:48.039 > [711197][V][LoraMesher.cpp:658] processPackets(): [LoRaMesher] TESTING: Packet not for me, deleting it
16:58:48.048 > [711206][V][LoraMesher.cpp:641] processPackets(): [LoRaMesher] Stack space unused after entering the task: 2040
16:58:48.058 > [711216][V][LoraMesher.cpp:642] processPackets(): [LoRaMesher] Free heap: 336276
16:58:49.300 > [712458][V][LoraMesher.cpp:378] receivingRoutine(): [LoRaMesher] Stack space unused after entering the task: 2108
16:58:49.311 > [712468][V][LoraMesher.cpp:379] receivingRoutine(): [LoRaMesher] Free heap: 336276
16:58:49.318 > [712476][I][PacketService.cpp:12] createEmptyPacket(): [LoRaMesher] Packet created with 17 bytes
16:58:49.327 > [712485][I][LoraMesher.cpp:392] receivingRoutine(): [LoRaMesher] Receiving LoRa packet: Size: 17 bytes RSSI: -50 SNR: 13
16:58:49.338 > [712496][V][LoraMesher.cpp:647] processPackets(): [LoRaMesher] Size of Received Packets Queue: 1
16:58:49.347 > [712504][V][LoraMesher.cpp:754] printHeaderPacket(): [LoRaMesher] Packet received -- Size: 17 Src: B3F0 Dst: D110 Id: 41 Type: 2 Via: AFC0 Seq_Id: 0 Num: 0
16:58:49.360 > [712518][I][LoraMesher.cpp:854] processDataPacket(): [LoRaMesher] Data packet from B3F0, destination D110, via AFC0
16:58:49.371 > [712528][V][LoraMesher.cpp:872] processDataPacket(): [LoRaMesher] Data Packet from B3F0 for D110. Via is me. Forwarding it
16:58:49.382 > [712539][I][LoraMesher.cpp:1051] addToSendOrderedAndNotify(): [LoRaMesher] Added packet to Q_SP, notifying sender task
16:58:49.392 > [712550][V][LoraMesher.cpp:511] sendPackets(): [LoRaMesher] Stack space unused after entering the task: 1940
16:58:49.402 > [712559][V][LoraMesher.cpp:512] sendPackets(): [LoRaMesher] Free heap: 336168
16:58:49.409 > [712566][V][LoraMesher.cpp:518] sendPackets(): [LoRaMesher] Size of Send Packets Queue: 1
16:58:49.417 > [712574][V][LoraMesher.cpp:525] sendPackets(): [LoRaMesher] Send n. 23
16:58:49.423 > [712581][V][LoraMesher.cpp:455] waitBeforeSend(): [LoRaMesher] RandomDelay 952 ms
16:58:49.430 > [712588][V][LoraMesher.cpp:641] processPackets(): [LoRaMesher] Stack space unused after entering the task: 2040
16:58:49.440 > [712598][V][LoraMesher.cpp:642] processPackets(): [LoRaMesher] Free heap: 336196
16:58:50.381 > [713539][V][LoraMesher.cpp:754] printHeaderPacket(): [LoRaMesher] Packet send -- Size: 17 Src: B3F0 Dst: D110 Id: 41 Type: 2 Via: F02C Seq_Id: 0 Num: 0
16:58:50.471 > [713629][V][LoraMesher.cpp:575] sendPackets(): [LoRaMesher] TimeOnAir 63 ms, next message in 0 ms
16:58:50.480 > [713638][I][PacketQueueService.h:80] deleteQueuePacketAndPacket(): [LoRaMesher] Deleting packet
16:58:50.489 > [713647][I][PacketQueueService.h:83] deleteQueuePacketAndPacket(): [LoRaMesher] Deleting packet queue
16:58:51.360 > [714518][V][LoraMesher.cpp:378] receivingRoutine(): [LoRaMesher] Stack space unused after entering the task: 2108
16:58:51.370 > [714528][V][LoraMesher.cpp:379] receivingRoutine(): [LoRaMesher] Free heap: 336276
16:58:51.378 > [714536][I][PacketService.cpp:12] createEmptyPacket(): [LoRaMesher] Packet created with 17 bytes
16:58:51.387 > [714544][I][LoraMesher.cpp:392] receivingRoutine(): [LoRaMesher] Receiving LoRa packet: Size: 17 bytes RSSI: -48 SNR: 14
16:58:51.398 > [714556][V][LoraMesher.cpp:647] processPackets(): [LoRaMesher] Size of Received Packets Queue: 1
16:58:51.407 > [714564][I][PacketQueueService.h:80] deleteQueuePacketAndPacket(): [LoRaMesher] Deleting packet
16:58:51.415 > [714573][I][PacketQueueService.h:83] deleteQueuePacketAndPacket(): [LoRaMesher] Deleting packet queue
16:58:51.424 > [714582][V][LoraMesher.cpp:658] processPackets(): [LoRaMesher] TESTING: Packet not for me, deleting it
16:58:51.433 > [714591][V][LoraMesher.cpp:641] processPackets(): [LoRaMesher] Stack space unused after entering the task: 2040
16:58:51.443 > [714601][V][LoraMesher.cpp:642] processPackets(): [LoRaMesher] Free heap: 336276
16:59:05.126 > [728284][V][LoraMesher.cpp:598] sendHelloPacket(): [LoRaMesher] Creating Routing Packet
16:59:05.134 > [728292][V][LoraMesher.cpp:599] sendHelloPacket(): [LoRaMesher] Stack space unused after entering the task: 2328
16:59:05.144 > [728302][V][LoraMesher.cpp:600] sendHelloPacket(): [LoRaMesher] Free heap: 336276
16:59:05.152 > [728310][V][PacketFactory.h:45] createPacket(): [LoRaMesher] Creating packet with 24 bytes
16:59:05.160 > [728318][I][PacketFactory.h:74] createPacket(): [LoRaMesher] Packet created with 24 bytes
16:59:05.168 > [728326][I][LoraMesher.h:659] setPackedForSend(): [LoRaMesher] Adding packet to Q_SP
16:59:05.175 > [728333][I][LoraMesher.h:661] setPackedForSend(): [LoRaMesher] Created packet to Q_SP
16:59:05.183 > [728341][I][LoraMesher.cpp:1051] addToSendOrderedAndNotify(): [LoRaMesher] Added packet to Q_SP, notifying sender task
16:59:05.193 > [728351][V][LoraMesher.cpp:511] sendPackets(): [LoRaMesher] Stack space unused after entering the task: 1940
16:59:05.203 > [728361][V][LoraMesher.cpp:512] sendPackets(): [LoRaMesher] Free heap: 336172
16:59:05.210 > [728368][V][LoraMesher.cpp:518] sendPackets(): [LoRaMesher] Size of Send Packets Queue: 1
16:59:05.218 > [728376][V][LoraMesher.cpp:525] sendPackets(): [LoRaMesher] Send n. 24
16:59:05.224 > [728382][V][LoraMesher.cpp:455] waitBeforeSend(): [LoRaMesher] RandomDelay 863 ms
16:59:05.661 > [728820][V][LoraMesher.cpp:378] receivingRoutine(): [LoRaMesher] Stack space unused after entering the task: 2108
16:59:05.672 > [728830][V][LoraMesher.cpp:379] receivingRoutine(): [LoRaMesher] Free heap: 336204
16:59:05.679 > [728837][I][PacketService.cpp:12] createEmptyPacket(): [LoRaMesher] Packet created with 24 bytes
16:59:05.688 > [728846][I][LoraMesher.cpp:392] receivingRoutine(): [LoRaMesher] Receiving LoRa packet: Size: 24 bytes RSSI: -50 SNR: 13
16:59:05.699 > [728857][V][LoraMesher.cpp:647] processPackets(): [LoRaMesher] Size of Received Packets Queue: 1
16:59:05.708 > [728866][V][LoraMesher.cpp:754] printHeaderPacket(): [LoRaMesher] Packet received -- Size: 24 Src: DE6C Dst: FFFF Id: 6 Type: 4 Via: 0 Seq_Id: 0 Num: 0
16:59:05.721 > [728879][I][RoutingTableService.cpp:77] processRoute(): [LoRaMesher] Route packet from DE6C with size 4
16:59:05.731 > [728889][I][RoutingTableService.cpp:99] resetReceiveSNRRoutePacket(): [LoRaMesher] Reset Receive SNR from DE6C: 13
16:59:05.741 > [728899][I][RoutingTableService.cpp:192] printRoutingTable(): [LoRaMesher] Current routing table:
16:59:05.749 > [728907][I][RoutingTableService.cpp:206] printRoutingTable(): [LoRaMesher] 0 - F02C via F02C metric 1 Role 0
16:59:05.759 > [728917][I][RoutingTableService.cpp:206] printRoutingTable(): [LoRaMesher] 1 - D110 via F02C metric 2 Role 1
16:59:05.769 > [728927][I][RoutingTableService.cpp:206] printRoutingTable(): [LoRaMesher] 2 - DE6C via DE6C metric 1 Role 0
16:59:05.778 > [728936][I][RoutingTableService.cpp:206] printRoutingTable(): [LoRaMesher] 3 - B3F0 via DE6C metric 2 Role 0
16:59:05.788 > [728946][I][PacketQueueService.h:80] deleteQueuePacketAndPacket(): [LoRaMesher] Deleting packet
16:59:05.796 > [728954][I][PacketQueueService.h:83] deleteQueuePacketAndPacket(): [LoRaMesher] Deleting packet queue
16:59:05.806 > [728963][V][LoraMesher.cpp:641] processPackets(): [LoRaMesher] Stack space unused after entering the task: 2040
16:59:05.815 > [728973][V][LoraMesher.cpp:642] processPackets(): [LoRaMesher] Free heap: 336204
16:59:06.100 > [729258][V][LoraMesher.cpp:462] waitBeforeSend(): [LoRaMesher] Preamble detected while waiting 1
16:59:06.109 > [729267][V][LoraMesher.cpp:455] waitBeforeSend(): [LoRaMesher] RandomDelay 608 ms
16:59:06.261 > [729419][V][LoraMesher.cpp:378] receivingRoutine(): [LoRaMesher] Stack space unused after entering the task: 2108
16:59:06.271 > [729429][V][LoraMesher.cpp:379] receivingRoutine(): [LoRaMesher] Free heap: 336204
16:59:06.279 > [729437][I][PacketService.cpp:12] createEmptyPacket(): [LoRaMesher] Packet created with 24 bytes
16:59:06.287 > [729445][I][LoraMesher.cpp:392] receivingRoutine(): [LoRaMesher] Receiving LoRa packet: Size: 24 bytes RSSI: -54 SNR: 13
16:59:06.299 > [729457][V][LoraMesher.cpp:647] processPackets(): [LoRaMesher] Size of Received Packets Queue: 1
16:59:06.307 > [729465][I][PacketQueueService.h:80] deleteQueuePacketAndPacket(): [LoRaMesher] Deleting packet
16:59:06.316 > [729474][I][PacketQueueService.h:83] deleteQueuePacketAndPacket(): [LoRaMesher] Deleting packet queue
16:59:06.325 > [729483][V][LoraMesher.cpp:658] processPackets(): [LoRaMesher] TESTING: Packet not for me, deleting it
16:59:06.334 > [729492][V][LoraMesher.cpp:641] processPackets(): [LoRaMesher] Stack space unused after entering the task: 2040
16:59:06.344 > [729502][V][LoraMesher.cpp:642] processPackets(): [LoRaMesher] Free heap: 336204
16:59:06.729 > [729887][V][LoraMesher.cpp:462] waitBeforeSend(): [LoRaMesher] Preamble detected while waiting 2
16:59:06.738 > [729896][V][LoraMesher.cpp:455] waitBeforeSend(): [LoRaMesher] RandomDelay 370 ms
16:59:07.114 > [730272][V][LoraMesher.cpp:754] printHeaderPacket(): [LoRaMesher] Packet send -- Size: 24 Src: AFC0 Dst: FFFF Id: 6 Type: 4 Via: 0 Seq_Id: 0 Num: 0
16:59:07.218 > [730376][V][LoraMesher.cpp:575] sendPackets(): [LoRaMesher] TimeOnAir 78 ms, next message in 0 ms
16:59:07.227 > [730385][I][PacketQueueService.h:80] deleteQueuePacketAndPacket(): [LoRaMesher] Deleting packet
16:59:07.235 > [730393][I][PacketQueueService.h:83] deleteQueuePacketAndPacket(): [LoRaMesher] Deleting packet queue
16:59:08.058 > [731216][V][LoraMesher.cpp:378] receivingRoutine(): [LoRaMesher] Stack space unused after entering the task: 2108
16:59:08.068 > [731226][V][LoraMesher.cpp:379] receivingRoutine(): [LoRaMesher] Free heap: 336276
16:59:08.076 > [731234][I][PacketService.cpp:12] createEmptyPacket(): [LoRaMesher] Packet created with 24 bytes
16:59:08.084 > [731242][I][LoraMesher.cpp:392] receivingRoutine(): [LoRaMesher] Receiving LoRa packet: Size: 24 bytes RSSI: -49 SNR: 13
16:59:08.096 > [731254][V][LoraMesher.cpp:647] processPackets(): [LoRaMesher] Size of Received Packets Queue: 1
16:59:08.104 > [731262][I][PacketQueueService.h:80] deleteQueuePacketAndPacket(): [LoRaMesher] Deleting packet
16:59:08.113 > [731271][I][PacketQueueService.h:83] deleteQueuePacketAndPacket(): [LoRaMesher] Deleting packet queue
16:59:08.122 > [731280][V][LoraMesher.cpp:658] processPackets(): [LoRaMesher] TESTING: Packet not for me, deleting it
16:59:08.131 > [731289][V][LoraMesher.cpp:641] processPackets(): [LoRaMesher] Stack space unused after entering the task: 2040
16:59:08.141 > [731299][V][LoraMesher.cpp:642] processPackets(): [LoRaMesher] Free heap: 336276
16:59:09.098 > [732257][V][LoraMesher.cpp:378] receivingRoutine(): [LoRaMesher] Stack space unused after entering the task: 2108
16:59:09.109 > [732267][V][LoraMesher.cpp:379] receivingRoutine(): [LoRaMesher] Free heap: 336276
16:59:09.116 > [732274][I][PacketService.cpp:12] createEmptyPacket(): [LoRaMesher] Packet created with 17 bytes
16:59:09.125 > [732283][I][LoraMesher.cpp:392] receivingRoutine(): [LoRaMesher] Receiving LoRa packet: Size: 17 bytes RSSI: -49 SNR: 13
16:59:09.136 > [732294][V][LoraMesher.cpp:647] processPackets(): [LoRaMesher] Size of Received Packets Queue: 1
16:59:09.145 > [732303][I][PacketQueueService.h:80] deleteQueuePacketAndPacket(): [LoRaMesher] Deleting packet
16:59:09.153 > [732312][I][PacketQueueService.h:83] deleteQueuePacketAndPacket(): [LoRaMesher] Deleting packet queue
16:59:09.162 > [732321][V][LoraMesher.cpp:658] processPackets(): [LoRaMesher] TESTING: Packet not for me, deleting it
16:59:09.172 > [732330][V][LoraMesher.cpp:641] processPackets(): [LoRaMesher] Stack space unused after entering the task: 2040
16:59:09.181 > [732340][V][LoraMesher.cpp:642] processPackets(): [LoRaMesher] Free heap: 336276
16:59:09.825 > [732984][V][LoraMesher.cpp:378] receivingRoutine(): [LoRaMesher] Stack space unused after entering the task: 2108
16:59:09.836 > [732994][V][LoraMesher.cpp:379] receivingRoutine(): [LoRaMesher] Free heap: 336276
16:59:09.843 > [733001][I][PacketService.cpp:12] createEmptyPacket(): [LoRaMesher] Packet created with 17 bytes
16:59:09.852 > [733010][I][LoraMesher.cpp:392] receivingRoutine(): [LoRaMesher] Receiving LoRa packet: Size: 17 bytes RSSI: -50 SNR: 12
16:59:09.863 > [733021][V][LoraMesher.cpp:647] processPackets(): [LoRaMesher] Size of Received Packets Queue: 1
16:59:09.872 > [733030][V][LoraMesher.cpp:754] printHeaderPacket(): [LoRaMesher] Packet received -- Size: 17 Src: B3F0 Dst: D110 Id: 43 Type: 2 Via: AFC0 Seq_Id: 0 Num: 0
16:59:09.886 > [733044][I][LoraMesher.cpp:854] processDataPacket(): [LoRaMesher] Data packet from B3F0, destination D110, via AFC0
16:59:09.896 > [733054][V][LoraMesher.cpp:872] processDataPacket(): [LoRaMesher] Data Packet from B3F0 for D110. Via is me. Forwarding it
16:59:09.907 > [733065][I][LoraMesher.cpp:1051] addToSendOrderedAndNotify(): [LoRaMesher] Added packet to Q_SP, notifying sender task
16:59:09.917 > [733075][V][LoraMesher.cpp:511] sendPackets(): [LoRaMesher] Stack space unused after entering the task: 1940
16:59:09.927 > [733085][V][LoraMesher.cpp:512] sendPackets(): [LoRaMesher] Free heap: 336168
16:59:09.934 > [733092][V][LoraMesher.cpp:518] sendPackets(): [LoRaMesher] Size of Send Packets Queue: 1
16:59:09.942 > [733100][V][LoraMesher.cpp:525] sendPackets(): [LoRaMesher] Send n. 25
16:59:09.948 > [733106][V][LoraMesher.cpp:455] waitBeforeSend(): [LoRaMesher] RandomDelay 711 ms
16:59:09.956 > [733114][V][LoraMesher.cpp:641] processPackets(): [LoRaMesher] Stack space unused after entering the task: 2040
16:59:09.965 > [733124][V][LoraMesher.cpp:642] processPackets(): [LoRaMesher] Free heap: 336196
16:59:10.264 > [733423][V][LoraMesher.cpp:378] receivingRoutine(): [LoRaMesher] Stack space unused after entering the task: 2108
16:59:10.275 > [733433][V][LoraMesher.cpp:379] receivingRoutine(): [LoRaMesher] Free heap: 336196
16:59:10.283 > [733441][I][PacketService.cpp:12] createEmptyPacket(): [LoRaMesher] Packet created with 24 bytes
16:59:10.291 > [733450][I][LoraMesher.cpp:392] receivingRoutine(): [LoRaMesher] Receiving LoRa packet: Size: 24 bytes RSSI: -48 SNR: 13
16:59:10.303 > [733461][V][LoraMesher.cpp:647] processPackets(): [LoRaMesher] Size of Received Packets Queue: 1
16:59:10.311 > [733469][V][LoraMesher.cpp:754] printHeaderPacket(): [LoRaMesher] Packet received -- Size: 24 Src: F02C Dst: FFFF Id: 6 Type: 4 Via: 0 Seq_Id: 0 Num: 0
16:59:10.325 > [733483][I][RoutingTableService.cpp:77] processRoute(): [LoRaMesher] Route packet from F02C with size 4
16:59:10.334 > [733492][I][RoutingTableService.cpp:99] resetReceiveSNRRoutePacket(): [LoRaMesher] Reset Receive SNR from F02C: 13
16:59:10.344 > [733502][I][RoutingTableService.cpp:192] printRoutingTable(): [LoRaMesher] Current routing table:
16:59:10.353 > [733511][I][RoutingTableService.cpp:206] printRoutingTable(): [LoRaMesher] 0 - F02C via F02C metric 1 Role 0
16:59:10.362 > [733520][I][RoutingTableService.cpp:206] printRoutingTable(): [LoRaMesher] 1 - D110 via F02C metric 2 Role 1
16:59:10.372 > [733530][I][RoutingTableService.cpp:206] printRoutingTable(): [LoRaMesher] 2 - DE6C via DE6C metric 1 Role 0
16:59:10.382 > [733540][I][RoutingTableService.cpp:206] printRoutingTable(): [LoRaMesher] 3 - B3F0 via DE6C metric 2 Role 0
16:59:10.391 > [733549][I][PacketQueueService.h:80] deleteQueuePacketAndPacket(): [LoRaMesher] Deleting packet
16:59:10.400 > [733558][I][PacketQueueService.h:83] deleteQueuePacketAndPacket(): [LoRaMesher] Deleting packet queue
16:59:10.409 > [733567][V][LoraMesher.cpp:641] processPackets(): [LoRaMesher] Stack space unused after entering the task: 2040
16:59:10.419 > [733577][V][LoraMesher.cpp:642] processPackets(): [LoRaMesher] Free heap: 336196
16:59:10.672 > [733830][V][LoraMesher.cpp:462] waitBeforeSend(): [LoRaMesher] Preamble detected while waiting 1
16:59:10.681 > [733839][V][LoraMesher.cpp:455] waitBeforeSend(): [LoRaMesher] RandomDelay 639 ms
16:59:11.326 > [734484][V][LoraMesher.cpp:754] printHeaderPacket(): [LoRaMesher] Packet send -- Size: 17 Src: B3F0 Dst: D110 Id: 43 Type: 2 Via: F02C Seq_Id: 0 Num: 0
16:59:11.416 > [734574][V][LoraMesher.cpp:575] sendPackets(): [LoRaMesher] TimeOnAir 63 ms, next message in 0 ms
16:59:11.425 > [734583][I][PacketQueueService.h:80] deleteQueuePacketAndPacket(): [LoRaMesher] Deleting packet
16:59:11.433 > [734591][I][PacketQueueService.h:83] deleteQueuePacketAndPacket(): [LoRaMesher] Deleting packet queue
16:59:12.379 > [735537][V][LoraMesher.cpp:378] receivingRoutine(): [LoRaMesher] Stack space unused after entering the task: 2108
16:59:12.389 > [735547][V][LoraMesher.cpp:379] receivingRoutine(): [LoRaMesher] Free heap: 336276
16:59:12.397 > [735555][I][PacketService.cpp:12] createEmptyPacket(): [LoRaMesher] Packet created with 17 bytes
16:59:12.405 > [735564][I][LoraMesher.cpp:392] receivingRoutine(): [LoRaMesher] Receiving LoRa packet: Size: 17 bytes RSSI: -48 SNR: 14
16:59:12.417 > [735575][V][LoraMesher.cpp:647] processPackets(): [LoRaMesher] Size of Received Packets Queue: 1
16:59:12.425 > [735583][I][PacketQueueService.h:80] deleteQueuePacketAndPacket(): [LoRaMesher] Deleting packet
16:59:12.434 > [735592][I][PacketQueueService.h:83] deleteQueuePacketAndPacket(): [LoRaMesher] Deleting packet queue
16:59:12.443 > [735601][V][LoraMesher.cpp:658] processPackets(): [LoRaMesher] TESTING: Packet not for me, deleting it
16:59:12.452 > [735610][V][LoraMesher.cpp:641] processPackets(): [LoRaMesher] Stack space unused after entering the task: 2040
16:59:12.462 > [735620][V][LoraMesher.cpp:642] processPackets(): [LoRaMesher] Free heap: 336276
16:59:28.269 > [751428][V][LoraMesher.cpp:378] receivingRoutine(): [LoRaMesher] Stack space unused after entering the task: 2108
16:59:28.280 > [751438][V][LoraMesher.cpp:379] receivingRoutine(): [LoRaMesher] Free heap: 336276
16:59:28.287 > [751446][I][PacketService.cpp:12] createEmptyPacket(): [LoRaMesher] Packet created with 17 bytes
16:59:28.296 > [751454][I][LoraMesher.cpp:392] receivingRoutine(): [LoRaMesher] Receiving LoRa packet: Size: 17 bytes RSSI: -51 SNR: 13
16:59:28.307 > [751465][V][LoraMesher.cpp:647] processPackets(): [LoRaMesher] Size of Received Packets Queue: 1
16:59:28.316 > [751474][I][PacketQueueService.h:80] deleteQueuePacketAndPacket(): [LoRaMesher] Deleting packet
16:59:28.324 > [751483][I][PacketQueueService.h:83] deleteQueuePacketAndPacket(): [LoRaMesher] Deleting packet queue
16:59:28.333 > [751492][V][LoraMesher.cpp:658] processPackets(): [LoRaMesher] TESTING: Packet not for me, deleting it
16:59:28.342 > [751501][V][LoraMesher.cpp:641] processPackets(): [LoRaMesher] Stack space unused after entering the task: 2040
16:59:28.352 > [751511][V][LoraMesher.cpp:642] processPackets(): [LoRaMesher] Free heap: 336276
16:59:28.891 > [752050][V][LoraMesher.cpp:378] receivingRoutine(): [LoRaMesher] Stack space unused after entering the task: 2108
16:59:28.902 > [752060][V][LoraMesher.cpp:379] receivingRoutine(): [LoRaMesher] Free heap: 336276
16:59:28.909 > [752068][I][PacketService.cpp:12] createEmptyPacket(): [LoRaMesher] Packet created with 17 bytes
16:59:28.918 > [752077][I][LoraMesher.cpp:392] receivingRoutine(): [LoRaMesher] Receiving LoRa packet: Size: 17 bytes RSSI: -49 SNR: 13
16:59:28.929 > [752088][V][LoraMesher.cpp:647] processPackets(): [LoRaMesher] Size of Received Packets Queue: 1
16:59:28.938 > [752097][V][LoraMesher.cpp:754] printHeaderPacket(): [LoRaMesher] Packet received -- Size: 17 Src: B3F0 Dst: D110 Id: 44 Type: 2 Via: AFC0 Seq_Id: 0 Num: 0
16:59:28.952 > [752110][I][LoraMesher.cpp:854] processDataPacket(): [LoRaMesher] Data packet from B3F0, destination D110, via AFC0
16:59:28.962 > [752121][V][LoraMesher.cpp:872] processDataPacket(): [LoRaMesher] Data Packet from B3F0 for D110. Via is me. Forwarding it
16:59:28.973 > [752131][I][LoraMesher.cpp:1051] addToSendOrderedAndNotify(): [LoRaMesher] Added packet to Q_SP, notifying sender task
16:59:28.983 > [752142][V][LoraMesher.cpp:511] sendPackets(): [LoRaMesher] Stack space unused after entering the task: 1940
16:59:28.993 > [752152][V][LoraMesher.cpp:512] sendPackets(): [LoRaMesher] Free heap: 336168
16:59:29.000 > [752159][V][LoraMesher.cpp:518] sendPackets(): [LoRaMesher] Size of Send Packets Queue: 1
16:59:29.008 > [752167][V][LoraMesher.cpp:525] sendPackets(): [LoRaMesher] Send n. 26
16:59:29.014 > [752173][V][LoraMesher.cpp:455] waitBeforeSend(): [LoRaMesher] RandomDelay 503 ms
16:59:29.022 > [752180][V][LoraMesher.cpp:641] processPackets(): [LoRaMesher] Stack space unused after entering the task: 2040
16:59:29.032 > [752190][V][LoraMesher.cpp:642] processPackets(): [LoRaMesher] Free heap: 336196
16:59:29.523 > [752682][V][LoraMesher.cpp:754] printHeaderPacket(): [LoRaMesher] Packet send -- Size: 17 Src: B3F0 Dst: D110 Id: 44 Type: 2 Via: F02C Seq_Id: 0 Num: 0
16:59:29.613 > [752772][V][LoraMesher.cpp:575] sendPackets(): [LoRaMesher] TimeOnAir 63 ms, next message in 0 ms
16:59:29.623 > [752781][I][PacketQueueService.h:80] deleteQueuePacketAndPacket(): [LoRaMesher] Deleting packet
16:59:29.631 > [752790][I][PacketQueueService.h:83] deleteQueuePacketAndPacket(): [LoRaMesher] Deleting packet queue
16:59:30.255 > [753414][V][LoraMesher.cpp:378] receivingRoutine(): [LoRaMesher] Stack space unused after entering the task: 2108
16:59:30.266 > [753424][V][LoraMesher.cpp:379] receivingRoutine(): [LoRaMesher] Free heap: 336276
16:59:30.273 > [753432][I][PacketService.cpp:12] createEmptyPacket(): [LoRaMesher] Packet created with 17 bytes
16:59:30.282 > [753441][I][LoraMesher.cpp:392] receivingRoutine(): [LoRaMesher] Receiving LoRa packet: Size: 17 bytes RSSI: -48 SNR: 14
16:59:30.293 > [753452][V][LoraMesher.cpp:647] processPackets(): [LoRaMesher] Size of Received Packets Queue: 1
16:59:30.302 > [753460][I][PacketQueueService.h:80] deleteQueuePacketAndPacket(): [LoRaMesher] Deleting packet
16:59:30.310 > [753469][I][PacketQueueService.h:83] deleteQueuePacketAndPacket(): [LoRaMesher] Deleting packet queue
16:59:30.319 > [753478][V][LoraMesher.cpp:658] processPackets(): [LoRaMesher] TESTING: Packet not for me, deleting it
16:59:30.329 > [753487][V][LoraMesher.cpp:641] processPackets(): [LoRaMesher] Stack space unused after entering the task: 2040
16:59:30.338 > [753497][V][LoraMesher.cpp:642] processPackets(): [LoRaMesher] Free heap: 336276
16:59:48.179 > [771339][V][LoraMesher.cpp:378] receivingRoutine(): [LoRaMesher] Stack space unused after entering the task: 2108
16:59:48.189 > [771349][V][LoraMesher.cpp:379] receivingRoutine(): [LoRaMesher] Free heap: 336276
16:59:48.197 > [771357][I][PacketService.cpp:12] createEmptyPacket(): [LoRaMesher] Packet created with 17 bytes
16:59:48.205 > [771365][I][LoraMesher.cpp:392] receivingRoutine(): [LoRaMesher] Receiving LoRa packet: Size: 17 bytes RSSI: -49 SNR: 12
16:59:48.217 > [771376][V][LoraMesher.cpp:647] processPackets(): [LoRaMesher] Size of Received Packets Queue: 1
16:59:48.225 > [771385][I][PacketQueueService.h:80] deleteQueuePacketAndPacket(): [LoRaMesher] Deleting packet
16:59:48.234 > [771394][I][PacketQueueService.h:83] deleteQueuePacketAndPacket(): [LoRaMesher] Deleting packet queue
16:59:48.243 > [771403][V][LoraMesher.cpp:658] processPackets(): [LoRaMesher] TESTING: Packet not for me, deleting it
16:59:48.252 > [771412][V][LoraMesher.cpp:641] processPackets(): [LoRaMesher] Stack space unused after entering the task: 2040
16:59:48.263 > [771422][V][LoraMesher.cpp:642] processPackets(): [LoRaMesher] Free heap: 336276
16:59:49.130 > [772290][V][LoraMesher.cpp:378] receivingRoutine(): [LoRaMesher] Stack space unused after entering the task: 2108
16:59:49.140 > [772300][V][LoraMesher.cpp:379] receivingRoutine(): [LoRaMesher] Free heap: 336276
16:59:49.148 > [772308][I][PacketService.cpp:12] createEmptyPacket(): [LoRaMesher] Packet created with 17 bytes
16:59:49.157 > [772316][I][LoraMesher.cpp:392] receivingRoutine(): [LoRaMesher] Receiving LoRa packet: Size: 17 bytes RSSI: -50 SNR: 12
16:59:49.168 > [772327][V][LoraMesher.cpp:647] processPackets(): [LoRaMesher] Size of Received Packets Queue: 1
16:59:49.176 > [772336][V][LoraMesher.cpp:754] printHeaderPacket(): [LoRaMesher] Packet received -- Size: 17 Src: B3F0 Dst: D110 Id: 45 Type: 2 Via: AFC0 Seq_Id: 0 Num: 0
16:59:49.190 > [772350][I][LoraMesher.cpp:854] processDataPacket(): [LoRaMesher] Data packet from B3F0, destination D110, via AFC0
16:59:49.200 > [772360][V][LoraMesher.cpp:872] processDataPacket(): [LoRaMesher] Data Packet from B3F0 for D110. Via is me. Forwarding it
16:59:49.211 > [772371][I][LoraMesher.cpp:1051] addToSendOrderedAndNotify(): [LoRaMesher] Added packet to Q_SP, notifying sender task
16:59:49.222 > [772381][V][LoraMesher.cpp:511] sendPackets(): [LoRaMesher] Stack space unused after entering the task: 1940
16:59:49.231 > [772391][V][LoraMesher.cpp:512] sendPackets(): [LoRaMesher] Free heap: 336168
16:59:49.238 > [772398][V][LoraMesher.cpp:518] sendPackets(): [LoRaMesher] Size of Send Packets Queue: 1
16:59:49.246 > [772406][V][LoraMesher.cpp:525] sendPackets(): [LoRaMesher] Send n. 27
16:59:49.252 > [772412][V][LoraMesher.cpp:455] waitBeforeSend(): [LoRaMesher] RandomDelay 521 ms
16:59:49.260 > [772420][V][LoraMesher.cpp:641] processPackets(): [LoRaMesher] Stack space unused after entering the task: 2040
16:59:49.270 > [772430][V][LoraMesher.cpp:642] processPackets(): [LoRaMesher] Free heap: 336196
16:59:49.780 > [772940][V][LoraMesher.cpp:754] printHeaderPacket(): [LoRaMesher] Packet send -- Size: 17 Src: B3F0 Dst: D110 Id: 45 Type: 2 Via: F02C Seq_Id: 0 Num: 0
16:59:49.870 > [773030][V][LoraMesher.cpp:575] sendPackets(): [LoRaMesher] TimeOnAir 63 ms, next message in 0 ms
16:59:49.880 > [773039][I][PacketQueueService.h:80] deleteQueuePacketAndPacket(): [LoRaMesher] Deleting packet
16:59:49.888 > [773048][I][PacketQueueService.h:83] deleteQueuePacketAndPacket(): [LoRaMesher] Deleting packet queue
16:59:50.353 > [773513][V][LoraMesher.cpp:378] receivingRoutine(): [LoRaMesher] Stack space unused after entering the task: 2108
16:59:50.363 > [773523][V][LoraMesher.cpp:379] receivingRoutine(): [LoRaMesher] Free heap: 336276
16:59:50.372 > [773531][I][PacketService.cpp:12] createEmptyPacket(): [LoRaMesher] Packet created with 17 bytes
16:59:50.380 > [773540][I][LoraMesher.cpp:392] receivingRoutine(): [LoRaMesher] Receiving LoRa packet: Size: 17 bytes RSSI: -48 SNR: 13
16:59:50.391 > [773551][V][LoraMesher.cpp:647] processPackets(): [LoRaMesher] Size of Received Packets Queue: 1
16:59:50.399 > [773559][I][PacketQueueService.h:80] deleteQueuePacketAndPacket(): [LoRaMesher] Deleting packet
16:59:50.408 > [773568][I][PacketQueueService.h:83] deleteQueuePacketAndPacket(): [LoRaMesher] Deleting packet queue
16:59:50.418 > [773577][V][LoraMesher.cpp:658] processPackets(): [LoRaMesher] TESTING: Packet not for me, deleting it
16:59:50.426 > [773586][V][LoraMesher.cpp:641] processPackets(): [LoRaMesher] Stack space unused after entering the task: 2040
16:59:50.436 > [773596][V][LoraMesher.cpp:642] processPackets(): [LoRaMesher] Free heap: 336276
17:00:08.896 > [792057][V][LoraMesher.cpp:378] receivingRoutine(): [LoRaMesher] Stack space unused after entering the task: 2108
17:00:08.907 > [792067][V][LoraMesher.cpp:379] receivingRoutine(): [LoRaMesher] Free heap: 336276
17:00:08.914 > [792075][I][PacketService.cpp:12] createEmptyPacket(): [LoRaMesher] Packet created with 17 bytes
17:00:08.923 > [792083][I][LoraMesher.cpp:392] receivingRoutine(): [LoRaMesher] Receiving LoRa packet: Size: 17 bytes RSSI: -49 SNR: 13
17:00:08.934 > [792094][V][LoraMesher.cpp:647] processPackets(): [LoRaMesher] Size of Received Packets Queue: 1
17:00:08.943 > [792103][I][PacketQueueService.h:80] deleteQueuePacketAndPacket(): [LoRaMesher] Deleting packet
17:00:08.951 > [792112][I][PacketQueueService.h:83] deleteQueuePacketAndPacket(): [LoRaMesher] Deleting packet queue
17:00:08.960 > [792121][V][LoraMesher.cpp:658] processPackets(): [LoRaMesher] TESTING: Packet not for me, deleting it
17:00:08.969 > [792130][V][LoraMesher.cpp:641] processPackets(): [LoRaMesher] Stack space unused after entering the task: 2040
17:00:08.979 > [792140][V][LoraMesher.cpp:642] processPackets(): [LoRaMesher] Free heap: 336276
17:00:09.800 > [792961][V][LoraMesher.cpp:378] receivingRoutine(): [LoRaMesher] Stack space unused after entering the task: 2108
17:00:09.810 > [792971][V][LoraMesher.cpp:379] receivingRoutine(): [LoRaMesher] Free heap: 336276
17:00:09.818 > [792978][I][PacketService.cpp:12] createEmptyPacket(): [LoRaMesher] Packet created with 17 bytes
17:00:09.827 > [792987][I][LoraMesher.cpp:392] receivingRoutine(): [LoRaMesher] Receiving LoRa packet: Size: 17 bytes RSSI: -50 SNR: 12
17:00:09.838 > [792998][V][LoraMesher.cpp:647] processPackets(): [LoRaMesher] Size of Received Packets Queue: 1
17:00:09.846 > [793007][V][LoraMesher.cpp:754] printHeaderPacket(): [LoRaMesher] Packet received -- Size: 17 Src: B3F0 Dst: D110 Id: 46 Type: 2 Via: AFC0 Seq_Id: 0 Num: 0
17:00:09.860 > [793021][I][LoraMesher.cpp:854] processDataPacket(): [LoRaMesher] Data packet from B3F0, destination D110, via AFC0
17:00:09.870 > [793031][V][LoraMesher.cpp:872] processDataPacket(): [LoRaMesher] Data Packet from B3F0 for D110. Via is me. Forwarding it
17:00:09.881 > [793042][I][LoraMesher.cpp:1051] addToSendOrderedAndNotify(): [LoRaMesher] Added packet to Q_SP, notifying sender task
17:00:09.892 > [793052][V][LoraMesher.cpp:511] sendPackets(): [LoRaMesher] Stack space unused after entering the task: 1940
17:00:09.901 > [793062][V][LoraMesher.cpp:512] sendPackets(): [LoRaMesher] Free heap: 336168
17:00:09.908 > [793069][V][LoraMesher.cpp:518] sendPackets(): [LoRaMesher] Size of Send Packets Queue: 1
17:00:09.916 > [793077][V][LoraMesher.cpp:525] sendPackets(): [LoRaMesher] Send n. 28
17:00:09.923 > [793083][V][LoraMesher.cpp:455] waitBeforeSend(): [LoRaMesher] RandomDelay 261 ms
17:00:09.930 > [793090][V][LoraMesher.cpp:641] processPackets(): [LoRaMesher] Stack space unused after entering the task: 2040
17:00:09.940 > [793100][V][LoraMesher.cpp:642] processPackets(): [LoRaMesher] Free heap: 336196
17:00:10.191 > [793351][V][LoraMesher.cpp:754] printHeaderPacket(): [LoRaMesher] Packet send -- Size: 17 Src: B3F0 Dst: D110 Id: 46 Type: 2 Via: F02C Seq_Id: 0 Num: 0
17:00:10.281 > [793441][V][LoraMesher.cpp:575] sendPackets(): [LoRaMesher] TimeOnAir 63 ms, next message in 0 ms
17:00:10.290 > [793450][I][PacketQueueService.h:80] deleteQueuePacketAndPacket(): [LoRaMesher] Deleting packet
17:00:10.298 > [793459][I][PacketQueueService.h:83] deleteQueuePacketAndPacket(): [LoRaMesher] Deleting packet queue
17:00:11.004 > [794164][V][LoraMesher.cpp:378] receivingRoutine(): [LoRaMesher] Stack space unused after entering the task: 2108
17:00:11.014 > [794174][V][LoraMesher.cpp:379] receivingRoutine(): [LoRaMesher] Free heap: 336276
17:00:11.022 > [794182][I][PacketService.cpp:12] createEmptyPacket(): [LoRaMesher] Packet created with 17 bytes
17:00:11.030 > [794191][I][LoraMesher.cpp:392] receivingRoutine(): [LoRaMesher] Receiving LoRa packet: Size: 17 bytes RSSI: -48 SNR: 13
17:00:11.042 > [794202][V][LoraMesher.cpp:647] processPackets(): [LoRaMesher] Size of Received Packets Queue: 1
17:00:11.050 > [794210][I][PacketQueueService.h:80] deleteQueuePacketAndPacket(): [LoRaMesher] Deleting packet
17:00:11.059 > [794219][I][PacketQueueService.h:83] deleteQueuePacketAndPacket(): [LoRaMesher] Deleting packet queue
17:00:11.068 > [794228][V][LoraMesher.cpp:658] processPackets(): [LoRaMesher] TESTING: Packet not for me, deleting it
17:00:11.077 > [794237][V][LoraMesher.cpp:641] processPackets(): [LoRaMesher] Stack space unused after entering the task: 2040
17:00:11.087 > [794247][V][LoraMesher.cpp:642] processPackets(): [LoRaMesher] Free heap: 336276
17:00:28.791 > [811952][V][LoraMesher.cpp:378] receivingRoutine(): [LoRaMesher] Stack space unused after entering the task: 2108
17:00:28.801 > [811962][V][LoraMesher.cpp:379] receivingRoutine(): [LoRaMesher] Free heap: 336276
17:00:28.809 > [811970][I][PacketService.cpp:12] createEmptyPacket(): [LoRaMesher] Packet created with 17 bytes
17:00:28.818 > [811978][I][LoraMesher.cpp:392] receivingRoutine(): [LoRaMesher] Receiving LoRa packet: Size: 17 bytes RSSI: -49 SNR: 12
17:00:28.829 > [811989][V][LoraMesher.cpp:647] processPackets(): [LoRaMesher] Size of Received Packets Queue: 1
17:00:28.837 > [811998][I][PacketQueueService.h:80] deleteQueuePacketAndPacket(): [LoRaMesher] Deleting packet
17:00:28.846 > [812007][I][PacketQueueService.h:83] deleteQueuePacketAndPacket(): [LoRaMesher] Deleting packet queue
17:00:28.855 > [812016][V][LoraMesher.cpp:658] processPackets(): [LoRaMesher] TESTING: Packet not for me, deleting it
17:00:28.864 > [812025][V][LoraMesher.cpp:641] processPackets(): [LoRaMesher] Stack space unused after entering the task: 2040
17:00:28.874 > [812035][V][LoraMesher.cpp:642] processPackets(): [LoRaMesher] Free heap: 336276
17:00:29.571 > [812732][V][LoraMesher.cpp:378] receivingRoutine(): [LoRaMesher] Stack space unused after entering the task: 2108
17:00:29.582 > [812742][V][LoraMesher.cpp:379] receivingRoutine(): [LoRaMesher] Free heap: 336276
17:00:29.589 > [812750][I][PacketService.cpp:12] createEmptyPacket(): [LoRaMesher] Packet created with 17 bytes
17:00:29.598 > [812759][I][LoraMesher.cpp:392] receivingRoutine(): [LoRaMesher] Receiving LoRa packet: Size: 17 bytes RSSI: -50 SNR: 13
17:00:29.609 > [812770][V][LoraMesher.cpp:647] processPackets(): [LoRaMesher] Size of Received Packets Queue: 1
17:00:29.618 > [812778][V][LoraMesher.cpp:754] printHeaderPacket(): [LoRaMesher] Packet received -- Size: 17 Src: B3F0 Dst: D110 Id: 47 Type: 2 Via: AFC0 Seq_Id: 0 Num: 0
17:00:29.631 > [812792][I][LoraMesher.cpp:854] processDataPacket(): [LoRaMesher] Data packet from B3F0, destination D110, via AFC0
17:00:29.642 > [812802][V][LoraMesher.cpp:872] processDataPacket(): [LoRaMesher] Data Packet from B3F0 for D110. Via is me. Forwarding it
17:00:29.652 > [812813][I][LoraMesher.cpp:1051] addToSendOrderedAndNotify(): [LoRaMesher] Added packet to Q_SP, notifying sender task
17:00:29.663 > [812824][V][LoraMesher.cpp:511] sendPackets(): [LoRaMesher] Stack space unused after entering the task: 1940
17:00:29.673 > [812833][V][LoraMesher.cpp:512] sendPackets(): [LoRaMesher] Free heap: 336168
17:00:29.680 > [812840][V][LoraMesher.cpp:518] sendPackets(): [LoRaMesher] Size of Send Packets Queue: 1
17:00:29.688 > [812848][V][LoraMesher.cpp:525] sendPackets(): [LoRaMesher] Send n. 29
17:00:29.694 > [812855][V][LoraMesher.cpp:455] waitBeforeSend(): [LoRaMesher] RandomDelay 804 ms
17:00:29.701 > [812862][V][LoraMesher.cpp:641] processPackets(): [LoRaMesher] Stack space unused after entering the task: 2040
17:00:29.711 > [812872][V][LoraMesher.cpp:642] processPackets(): [LoRaMesher] Free heap: 336196
17:00:30.504 > [813665][V][LoraMesher.cpp:754] printHeaderPacket(): [LoRaMesher] Packet send -- Size: 17 Src: B3F0 Dst: D110 Id: 47 Type: 2 Via: F02C Seq_Id: 0 Num: 0
17:00:30.594 > [813755][V][LoraMesher.cpp:575] sendPackets(): [LoRaMesher] TimeOnAir 63 ms, next message in 0 ms
17:00:30.603 > [813764][I][PacketQueueService.h:80] deleteQueuePacketAndPacket(): [LoRaMesher] Deleting packet
17:00:30.612 > [813773][I][PacketQueueService.h:83] deleteQueuePacketAndPacket(): [LoRaMesher] Deleting packet queue
17:00:31.394 > [814555][V][LoraMesher.cpp:378] receivingRoutine(): [LoRaMesher] Stack space unused after entering the task: 2060
17:00:31.405 > [814566][V][LoraMesher.cpp:379] receivingRoutine(): [LoRaMesher] Free heap: 336276
17:00:31.412 > [814573][I][PacketService.cpp:12] createEmptyPacket(): [LoRaMesher] Packet created with 17 bytes
17:00:31.421 > [814582][I][LoraMesher.cpp:392] receivingRoutine(): [LoRaMesher] Receiving LoRa packet: Size: 17 bytes RSSI: -48 SNR: 13
17:00:31.432 > [814593][V][LoraMesher.cpp:647] processPackets(): [LoRaMesher] Size of Received Packets Queue: 1
17:00:31.441 > [814602][I][PacketQueueService.h:80] deleteQueuePacketAndPacket(): [LoRaMesher] Deleting packet
17:00:31.449 > [814610][I][PacketQueueService.h:83] deleteQueuePacketAndPacket(): [LoRaMesher] Deleting packet queue
17:00:31.458 > [814619][V][LoraMesher.cpp:658] processPackets(): [LoRaMesher] TESTING: Packet not for me, deleting it
17:00:31.467 > [814628][V][LoraMesher.cpp:641] processPackets(): [LoRaMesher] Stack space unused after entering the task: 2040
17:00:31.477 > [814638][V][LoraMesher.cpp:642] processPackets(): [LoRaMesher] Free heap: 336276
17:00:48.536 > [831698][V][LoraMesher.cpp:378] receivingRoutine(): [LoRaMesher] Stack space unused after entering the task: 2060
17:00:48.547 > [831708][V][LoraMesher.cpp:379] receivingRoutine(): [LoRaMesher] Free heap: 336276
17:00:48.554 > [831716][I][PacketService.cpp:12] createEmptyPacket(): [LoRaMesher] Packet created with 17 bytes
17:00:48.563 > [831724][I][LoraMesher.cpp:392] receivingRoutine(): [LoRaMesher] Receiving LoRa packet: Size: 17 bytes RSSI: -50 SNR: 12
17:00:48.574 > [831736][V][LoraMesher.cpp:647] processPackets(): [LoRaMesher] Size of Received Packets Queue: 1
17:00:48.583 > [831744][I][PacketQueueService.h:80] deleteQueuePacketAndPacket(): [LoRaMesher] Deleting packet
17:00:48.591 > [831753][I][PacketQueueService.h:83] deleteQueuePacketAndPacket(): [LoRaMesher] Deleting packet queue
17:00:48.600 > [831762][V][LoraMesher.cpp:658] processPackets(): [LoRaMesher] TESTING: Packet not for me, deleting it
17:00:48.610 > [831771][V][LoraMesher.cpp:641] processPackets(): [LoRaMesher] Stack space unused after entering the task: 2040
17:00:48.620 > [831781][V][LoraMesher.cpp:642] processPackets(): [LoRaMesher] Free heap: 336276
17:00:49.389 > [832551][V][LoraMesher.cpp:378] receivingRoutine(): [LoRaMesher] Stack space unused after entering the task: 2060
17:00:49.400 > [832561][V][LoraMesher.cpp:379] receivingRoutine(): [LoRaMesher] Free heap: 336276
17:00:49.407 > [832568][I][PacketService.cpp:12] createEmptyPacket(): [LoRaMesher] Packet created with 17 bytes
17:00:49.416 > [832577][I][LoraMesher.cpp:392] receivingRoutine(): [LoRaMesher] Receiving LoRa packet: Size: 17 bytes RSSI: -50 SNR: 13
17:00:49.427 > [832588][V][LoraMesher.cpp:647] processPackets(): [LoRaMesher] Size of Received Packets Queue: 1
17:00:49.436 > [832597][V][LoraMesher.cpp:754] printHeaderPacket(): [LoRaMesher] Packet received -- Size: 17 Src: B3F0 Dst: D110 Id: 48 Type: 2 Via: AFC0 Seq_Id: 0 Num: 0
17:00:49.450 > [832611][I][LoraMesher.cpp:854] processDataPacket(): [LoRaMesher] Data packet from B3F0, destination D110, via AFC0
17:00:49.460 > [832621][V][LoraMesher.cpp:872] processDataPacket(): [LoRaMesher] Data Packet from B3F0 for D110. Via is me. Forwarding it
17:00:49.471 > [832632][I][LoraMesher.cpp:1051] addToSendOrderedAndNotify(): [LoRaMesher] Added packet to Q_SP, notifying sender task
17:00:49.481 > [832642][V][LoraMesher.cpp:511] sendPackets(): [LoRaMesher] Stack space unused after entering the task: 1940
17:00:49.491 > [832652][V][LoraMesher.cpp:512] sendPackets(): [LoRaMesher] Free heap: 336168
17:00:49.498 > [832659][V][LoraMesher.cpp:518] sendPackets(): [LoRaMesher] Size of Send Packets Queue: 1
17:00:49.506 > [832667][V][LoraMesher.cpp:525] sendPackets(): [LoRaMesher] Send n. 30
17:00:49.512 > [832673][V][LoraMesher.cpp:455] waitBeforeSend(): [LoRaMesher] RandomDelay 653 ms
17:00:49.519 > [832681][V][LoraMesher.cpp:641] processPackets(): [LoRaMesher] Stack space unused after entering the task: 2040
17:00:49.529 > [832691][V][LoraMesher.cpp:642] processPackets(): [LoRaMesher] Free heap: 336196
17:00:50.171 > [833333][V][LoraMesher.cpp:754] printHeaderPacket(): [LoRaMesher] Packet send -- Size: 17 Src: B3F0 Dst: D110 Id: 48 Type: 2 Via: F02C Seq_Id: 0 Num: 0
17:00:50.261 > [833423][V][LoraMesher.cpp:575] sendPackets(): [LoRaMesher] TimeOnAir 63 ms, next message in 0 ms
17:00:50.271 > [833432][I][PacketQueueService.h:80] deleteQueuePacketAndPacket(): [LoRaMesher] Deleting packet
17:00:50.279 > [833441][I][PacketQueueService.h:83] deleteQueuePacketAndPacket(): [LoRaMesher] Deleting packet queue
17:00:51.408 > [834570][V][LoraMesher.cpp:378] receivingRoutine(): [LoRaMesher] Stack space unused after entering the task: 2060
17:00:51.419 > [834581][V][LoraMesher.cpp:379] receivingRoutine(): [LoRaMesher] Free heap: 336276
17:00:51.427 > [834588][I][PacketService.cpp:12] createEmptyPacket(): [LoRaMesher] Packet created with 17 bytes
17:00:51.436 > [834597][I][LoraMesher.cpp:392] receivingRoutine(): [LoRaMesher] Receiving LoRa packet: Size: 17 bytes RSSI: -48 SNR: 14
17:00:51.447 > [834608][V][LoraMesher.cpp:647] processPackets(): [LoRaMesher] Size of Received Packets Queue: 1
17:00:51.455 > [834617][I][PacketQueueService.h:80] deleteQueuePacketAndPacket(): [LoRaMesher] Deleting packet
17:00:51.464 > [834625][I][PacketQueueService.h:83] deleteQueuePacketAndPacket(): [LoRaMesher] Deleting packet queue
17:00:51.473 > [834634][V][LoraMesher.cpp:658] processPackets(): [LoRaMesher] TESTING: Packet not for me, deleting it
17:00:51.482 > [834643][V][LoraMesher.cpp:641] processPackets(): [LoRaMesher] Stack space unused after entering the task: 2040
17:00:51.492 > [834653][V][LoraMesher.cpp:642] processPackets(): [LoRaMesher] Free heap: 336276
17:01:05.189 > [848351][V][LoraMesher.cpp:598] sendHelloPacket(): [LoRaMesher] Creating Routing Packet
17:01:05.197 > [848359][V][LoraMesher.cpp:599] sendHelloPacket(): [LoRaMesher] Stack space unused after entering the task: 2328
17:01:05.208 > [848369][V][LoraMesher.cpp:600] sendHelloPacket(): [LoRaMesher] Free heap: 336276
17:01:05.214 > [848377][V][PacketFactory.h:45] createPacket(): [LoRaMesher] Creating packet with 24 bytes
17:01:05.223 > [848385][I][PacketFactory.h:74] createPacket(): [LoRaMesher] Packet created with 24 bytes
17:01:05.231 > [848393][I][LoraMesher.h:659] setPackedForSend(): [LoRaMesher] Adding packet to Q_SP
17:01:05.238 > [848400][I][LoraMesher.h:661] setPackedForSend(): [LoRaMesher] Created packet to Q_SP
17:01:05.245 > [848408][I][LoraMesher.cpp:1051] addToSendOrderedAndNotify(): [LoRaMesher] Added packet to Q_SP, notifying sender task
17:01:05.256 > [848418][V][LoraMesher.cpp:511] sendPackets(): [LoRaMesher] Stack space unused after entering the task: 1940
17:01:05.266 > [848428][V][LoraMesher.cpp:512] sendPackets(): [LoRaMesher] Free heap: 336172
17:01:05.272 > [848435][V][LoraMesher.cpp:518] sendPackets(): [LoRaMesher] Size of Send Packets Queue: 1
17:01:05.281 > [848443][V][LoraMesher.cpp:525] sendPackets(): [LoRaMesher] Send n. 31
17:01:05.287 > [848449][V][LoraMesher.cpp:455] waitBeforeSend(): [LoRaMesher] RandomDelay 646 ms
17:01:05.930 > [849092][V][LoraMesher.cpp:378] receivingRoutine(): [LoRaMesher] Stack space unused after entering the task: 2060
17:01:05.941 > [849[180429]1[0V2]][[LVo]r[aLMoersahMeers.hceprp.:c7p5p4:]3 7p9r]i nrteHceeaidveirnPgaRcokuetti(n)e:( )[:L o[RLaoMReasMheesrh]e rPa ker s ndap- 336e0424 Src: AFC0 Dst: FFFF Id: 7 Type: 4 Via: 0 Seq_Id: 0 Num: 0
17:01:05.959 > [849121][I][PacketService.cpp:12] createEmptyPacket(): [LoRaMesher] Packet created with 24 bytes
17:01:05.968 > [849130][I][LoraMesher.cpp:392] receivingRoutine(): [LoRaMesher] Receiving LoRa packet: Size: 24 bytes RSSI: -50 SNR: 13
17:01:06.367 > [849529][E][LoraMesher.cpp:486] sendPacket(): [LoRaMesher] Transmit gave error: -5
17:01:06.374 > [849537][V][LoraMesher.cpp:518] sendPackets(): [LoRaMesher] Size of Send Packets Queue: 1
17:01:06.382 > [849545][V][LoraMesher.cpp:525] sendPackets(): [LoRaMesher] Send n. 32
17:01:06.389 > [849551][V][LoraMesher.cpp:455] waitBeforeSend(): [LoRaMesher] RandomDelay 250 ms
17:01:06.396 > [849558][V][LoraMesher.cpp:647] processPackets(): [LoRaMesher] Size of Received Packets Queue: 1
17:01:06.404 > [849567][I][PacketQueueService.h:80] deleteQueuePacketAndPacket(): [LoRaMesher] Deleting packet
17:01:06.413 > [849576][I][PacketQueueService.h:83] deleteQueuePacketAndPacket(): [LoRaMesher] Deleting packet queue
17:01:06.422 > [849585][V][LoraMesher.cpp:658] processPackets(): [LoRaMesher] TESTING: Packet not for me, deleting it
17:01:06.431 > [849594][V][LoraMesher.cpp:641] processPackets(): [LoRaMesher] Stack space unused after entering the task: 2040
17:01:06.441 > [849604][V][LoraMesher.cpp:642] processPackets(): [LoRaMesher] Free heap: 336204
17:01:06.646 > [849808][V][LoraMesher.cpp:754] printHeaderPacket(): [LoRaMesher] Packet send -- Size: 24 Src: AFC0 Dst: FFFF Id: 8 Type: 4 Via: 0 Seq_Id: 0 Num: 0
17:01:06.750 > [849912][V][LoraMesher.cpp:575] sendPackets(): [LoRaMesher] TimeOnAir 78 ms, next message in 0 ms
17:01:06.759 > [849921][I][PacketQueueService.h:80] deleteQueuePacketAndPacket(): [LoRaMesher] Deleting packet
17:01:06.768 > [849930][I][PacketQueueService.h:83] deleteQueuePacketAndPacket(): [LoRaMesher] Deleting packet queue
17:01:07.812 > [850975][V][LoraMesher.cpp:378] receivingRoutine(): [LoRaMesher] Stack space unused after entering the task: 2060
17:01:07.822 > [850985][V][LoraMesher.cpp:379] receivingRoutine(): [LoRaMesher] Free heap: 336276
17:01:07.830 > [850992][I][PacketService.cpp:12] createEmptyPacket(): [LoRaMesher] Packet created with 24 bytes
17:01:07.838 > [851001][I][LoraMesher.cpp:392] receivingRoutine(): [LoRaMesher] Receiving LoRa packet: Size: 24 bytes RSSI: -53 SNR: 13
17:01:07.850 > [851012][V][LoraMesher.cpp:647] processPackets(): [LoRaMesher] Size of Received Packets Queue: 1
17:01:07.859 > [851021][I][PacketQueueService.h:80] deleteQueuePacketAndPacket(): [LoRaMesher] Deleting packet
17:01:07.868 > [851029][I][PacketQueueService.h:83] deleteQueuePacketAndPacket(): [LoRaMesher] Deleting packet queue
17:01:07.876 > [851038][V][LoraMesher.cpp:658] processPackets(): [LoRaMesher] TESTING: Packet not for me, deleting it
17:01:07.885 > [851047][V][LoraMesher.cpp:641] processPackets(): [LoRaMesher] Stack space unused after entering the task: 2040
17:01:07.895 > [851057][V][LoraMesher.cpp:642] processPackets(): [LoRaMesher] Free heap: 336276
17:01:09.288 > [852451][V][LoraMesher.cpp:378] receivingRoutine(): [LoRaMesher] Stack space unused after entering the task: 2060
17:01:09.299 > [852461][V][LoraMesher.cpp:379] receivingRoutine(): [LoRaMesher] Free heap: 336276
17:01:09.307 > [852469][I][PacketService.cpp:12] createEmptyPacket(): [LoRaMesher] Packet created with 24 bytes
17:01:09.315 > [852477][I][LoraMesher.cpp:392] receivingRoutine(): [LoRaMesher] Receiving LoRa packet: Size: 24 bytes RSSI: -49 SNR: 13
17:01:09.326 > [852489][V][LoraMesher.cpp:647] processPackets(): [LoRaMesher] Size of Received Packets Queue: 1
17:01:09.335 > [852497][I][PacketQueueService.h:80] deleteQueuePacketAndPacket(): [LoRaMesher] Deleting packet
17:01:09.343 > [852506][I][PacketQueueService.h:83] deleteQueuePacketAndPacket(): [LoRaMesher] Deleting packet queue
17:01:09.352 > [852515][V][LoraMesher.cpp:658] processPackets(): [LoRaMesher] TESTING: Packet not for me, deleting it
17:01:09.361 > [852524][V][LoraMesher.cpp:641] processPackets(): [LoRaMesher] Stack space unused after entering the task: 2040
17:01:09.371 > [852534][V][LoraMesher.cpp:642] processPackets(): [LoRaMesher] Free heap: 336276
17:01:10.216 > [853379][V][LoraMesher.cpp:378] receivingRoutine(): [LoRaMesher] Stack space unused after entering the task: 2060
17:01:10.226 > [853389][V][LoraMesher.cpp:379] receivingRoutine(): [LoRaMesher] Free heap: 336276
17:01:10.234 > [853397][I][PacketService.cpp:12] createEmptyPacket(): [LoRaMesher] Packet created with 17 bytes
17:01:10.243 > [853405][I][LoraMesher.cpp:392] receivingRoutine(): [LoRaMesher] Receiving LoRa packet: Size: 17 bytes RSSI: -50 SNR: 13
17:01:10.254 > [853416][V][LoraMesher.cpp:647] processPackets(): [LoRaMesher] Size of Received Packets Queue: 1
17:01:10.262 > [853425][I][PacketQueueService.h:80] deleteQueuePacketAndPacket(): [LoRaMesher] Deleting packet
17:01:10.271 > [853434][I][PacketQueueService.h:83] deleteQueuePacketAndPacket(): [LoRaMesher] Deleting packet queue
17:01:10.280 > [853443][V][LoraMesher.cpp:658] processPackets(): [LoRaMesher] TESTING: Packet not for me, deleting it
17:01:10.289 > [853452][V][LoraMesher.cpp:641] processPackets(): [LoRaMesher] Stack space unused after entering the task: 2040
17:01:10.299 > [853462][V][LoraMesher.cpp:642] processPackets(): [LoRaMesher] Free heap: 336276
17:01:11.030 > [854193][V][LoraMesher.cpp:378] receivingRoutine(): [LoRaMesher] Stack space unused after entering the task: 2060
17:01:11.040 > [854203][V][LoraMesher.cpp:379] receivingRoutine(): [LoRaMesher] Free heap: 336276
17:01:11.047 > [854210][I][PacketService.cpp:12] createEmptyPacket(): [LoRaMesher] Packet created with 24 bytes
17:01:11.056 > [854219][I][LoraMesher.cpp:392] receivingRoutine(): [LoRaMesher] Receiving LoRa packet: Size: 24 bytes RSSI: -47 SNR: 13
17:01:11.067 > [854230][V][LoraMesher.cpp:647] processPackets(): [LoRaMesher] Size of Received Packets Queue: 1
17:01:11.076 > [854239][V][LoraMesher.cpp:754] printHeaderPacket(): [LoRaMesher] Packet received -- Size: 24 Src: F02C Dst: FFFF Id: 7 Type: 4 Via: 0 Seq_Id: 0 Num: 0
17:01:11.089 > [854252][I][RoutingTableService.cpp:77] processRoute(): [LoRaMesher] Route packet from F02C with size 4
17:01:11.099 > [854261][I][RoutingTableService.cpp:99] resetReceiveSNRRoutePacket(): [LoRaMesher] Reset Receive SNR from F02C: 13
17:01:11.109 > [854272][I][RoutingTableService.cpp:192] printRoutingTable(): [LoRaMesher] Current routing table:
17:01:11.118 > [854280][I][RoutingTableService.cpp:206] printRoutingTable(): [LoRaMesher] 0 - F02C via F02C metric 1 Role 0
17:01:11.127 > [854290][I][RoutingTableService.cpp:206] printRoutingTable(): [LoRaMesher] 1 - D110 via F02C metric 2 Role 1
17:01:11.137 > [854299][I][RoutingTableService.cpp:206] printRoutingTable(): [LoRaMesher] 2 - DE6C via DE6C metric 1 Role 0
17:01:11.146 > [854309][I][RoutingTableService.cpp:206] printRoutingTable(): [LoRaMesher] 3 - B3F0 via DE6C metric 2 Role 0
17:01:11.156 > [854319][I][PacketQueueService.h:80] deleteQueuePacketAndPacket(): [LoRaMesher] Deleting packet
17:01:11.165 > [854327][I][PacketQueueService.h:83] deleteQueuePacketAndPacket(): [LoRaMesher] Deleting packet queue
17:01:11.174 > [854336][V][LoraMesher.cpp:641] processPackets(): [LoRaMesher] Stack space unused after entering the task: 2040
17:01:11.184 > [854346][V][LoraMesher.cpp:642] processPackets(): [LoRaMesher] Free heap: 336276
17:01:11.788 > [854950][V][LoraMesher.cpp:378] receivingRoutine(): [LoRaMesher] Stack space unused after entering the task: 2060
17:01:11.798 > [854961][V][LoraMesher.cpp:379] receivingRoutine(): [LoRaMesher] Free heap: 336276
17:01:11.805 > [854968][I][PacketService.cpp:12] createEmptyPacket(): [LoRaMesher] Packet created with 17 bytes
17:01:11.815 > [854977][I][LoraMesher.cpp:392] receivingRoutine(): [LoRaMesher] Receiving LoRa packet: Size: 17 bytes RSSI: -49 SNR: 13
17:01:11.825 > [854988][V][LoraMesher.cpp:647] processPackets(): [LoRaMesher] Size of Received Packets Queue: 1
17:01:11.834 > [854997][V][LoraMesher.cpp:754] printHeaderPacket(): [LoRaMesher] Packet received -- Size: 17 Src: B3F0 Dst: D110 Id: 50 Type: 2 Via: AFC0 Seq_Id: 0 Num: 0
17:01:11.848 > [855010][I][LoraMesher.cpp:854] processDataPacket(): [LoRaMesher] Data packet from B3F0, destination D110, via AFC0
17:01:11.858 > [855021][V][LoraMesher.cpp:872] processDataPacket(): [LoRaMesher] Data Packet from B3F0 for D110. Via is me. Forwarding it
17:01:11.869 > [855032][I][LoraMesher.cpp:1051] addToSendOrderedAndNotify(): [LoRaMesher] Added packet to Q_SP, notifying sender task
17:01:11.879 > [855042][V][LoraMesher.cpp:511] sendPackets(): [LoRaMesher] Stack space unused after entering the task: 1940
17:01:11.889 > [855052][V][LoraMesher.cpp:512] sendPackets(): [LoRaMesher] Free heap: 336168
17:01:11.896 > [855059][V][LoraMesher.cpp:518] sendPackets(): [LoRaMesher] Size of Send Packets Queue: 1
17:01:11.904 > [855067][V][LoraMesher.cpp:525] sendPackets(): [LoRaMesher] Send n. 33
17:01:11.910 > [855073][V][LoraMesher.cpp:455] waitBeforeSend(): [LoRaMesher] RandomDelay 1072 ms
17:01:11.918 > [855080][V][LoraMesher.cpp:641] processPackets(): [LoRaMesher] Stack space unused after entering the task: 2040
17:01:11.928 > [855090][V][LoraMesher.cpp:642] processPackets(): [LoRaMesher] Free heap: 336196
17:01:12.990 > [856152][V][LoraMesher.cpp:754] printHeaderPacket(): [LoRaMesher] Packet send -- Size: 17 Src: B3F0 Dst: D110 Id: 50 Type: 2 Via: F02C Seq_Id: 0 Num: 0
17:01:13.079 > [856242][V][LoraMesher.cpp:575] sendPackets(): [LoRaMesher] TimeOnAir 63 ms, next message in 0 ms
17:01:13.088 > [856251][I][PacketQueueService.h:80] deleteQueuePacketAndPacket(): [LoRaMesher] Deleting packet
17:01:13.098 > [856260][I][PacketQueueService.h:83] deleteQueuePacketAndPacket(): [LoRaMesher] Deleting packet queue
17:01:14.461 > [857624][V][LoraMesher.cpp:378] receivingRoutine(): [LoRaMesher] Stack space unused after entering the task: 2060
17:01:14.471 > [857634][V][LoraMesher.cpp:379] receivingRoutine(): [LoRaMesher] Free heap: 336276
17:01:14.478 > [857641][I][PacketService.cpp:12] createEmptyPacket(): [LoRaMesher] Packet created with 17 bytes
17:01:14.487 > [857650][I][LoraMesher.cpp:392] receivingRoutine(): [LoRaMesher] Receiving LoRa packet: Size: 17 bytes RSSI: -47 SNR: 13
17:01:14.498 > [857661][V][LoraMesher.cpp:647] processPackets(): [LoRaMesher] Size of Received Packets Queue: 1
17:01:14.507 > [857670][I][PacketQueueService.h:80] deleteQueuePacketAndPacket(): [LoRaMesher] Deleting packet
17:01:14.515 > [857678][I][PacketQueueService.h:83] deleteQueuePacketAndPacket(): [LoRaMesher] Deleting packet queue
17:01:14.524 > [857687][V][LoraMesher.cpp:658] processPackets(): [LoRaMesher] TESTING: Packet not for me, deleting it
17:01:14.534 > [857696][V][LoraMesher.cpp:641] processPackets(): [LoRaMesher] Stack space unused after entering the task: 2040
17:01:14.544 > [857706][V][LoraMesher.cpp:642] processPackets(): [LoRaMesher] Free heap: 336276
17:01:28.844 > [872007][V][LoraMesher.cpp:378] receivingRoutine(): [LoRaMesher] Stack space unused after entering the task: 2060
17:01:28.854 > [872017][V][LoraMesher.cpp:379] receivingRoutine(): [LoRaMesher] Free heap: 336276
17:01:28.862 > [872025][I][PacketService.cpp:12] createEmptyPacket(): [LoRaMesher] Packet created with 17 bytes
17:01:28.870 > [872033][I][LoraMesher.cpp:392] receivingRoutine(): [LoRaMesher] Receiving LoRa packet: Size: 17 bytes RSSI: -50 SNR: 12
17:01:28.882 > [872045][V][LoraMesher.cpp:647] processPackets(): [LoRaMesher] Size of Received Packets Queue: 1
17:01:28.890 > [872053][I][PacketQueueService.h:80] deleteQueuePacketAndPacket(): [LoRaMesher] Deleting packet
17:01:28.899 > [872062][I][PacketQueueService.h:83] deleteQueuePacketAndPacket(): [LoRaMesher] Deleting packet queue
17:01:28.908 > [872071][V][LoraMesher.cpp:658] processPackets(): [LoRaMesher] TESTING: Packet not for me, deleting it
17:01:28.917 > [872080][V][LoraMesher.cpp:641] processPackets(): [LoRaMesher] Stack space unused after entering the task: 2040
17:01:28.927 > [872090][V][LoraMesher.cpp:642] processPackets(): [LoRaMesher] Free heap: 336276
17:01:29.762 > [872925][V][LoraMesher.cpp:378] receivingRoutine(): [LoRaMesher] Stack space unused after entering the task: 2060
17:01:29.772 > [872935][V][LoraMesher.cpp:379] receivingRoutine(): [LoRaMesher] Free heap: 336276
17:01:29.780 > [872943][I][PacketService.cpp:12] createEmptyPacket(): [LoRaMesher] Packet created with 17 bytes
17:01:29.788 > [872951][I][LoraMesher.cpp:392] receivingRoutine(): [LoRaMesher] Receiving LoRa packet: Size: 17 bytes RSSI: -50 SNR: 12
17:01:29.799 > [872963][V][LoraMesher.cpp:647] processPackets(): [LoRaMesher] Size of Received Packets Queue: 1
17:01:29.808 > [872971][V][LoraMesher.cpp:754] printHeaderPacket(): [LoRaMesher] Packet received -- Size: 17 Src: B3F0 Dst: D110 Id: 51 Type: 2 Via: AFC0 Seq_Id: 0 Num: 0
17:01:29.822 > [872985][I][LoraMesher.cpp:854] processDataPacket(): [LoRaMesher] Data packet from B3F0, destination D110, via AFC0
17:01:29.832 > [872995][V][LoraMesher.cpp:872] processDataPacket(): [LoRaMesher] Data Packet from B3F0 for D110. Via is me. Forwarding it
17:01:29.843 > [873006][I][LoraMesher.cpp:1051] addToSendOrderedAndNotify(): [LoRaMesher] Added packet to Q_SP, notifying sender task
17:01:29.854 > [873017][V][LoraMesher.cpp:511] sendPackets(): [LoRaMesher] Stack space unused after entering the task: 1940
17:01:29.863 > [873026][V][LoraMesher.cpp:512] sendPackets(): [LoRaMesher] Free heap: 336168
17:01:29.870 > [873033][V][LoraMesher.cpp:518] sendPackets(): [LoRaMesher] Size of Send Packets Queue: 1
17:01:29.878 > [873041][V][LoraMesher.cpp:525] sendPackets(): [LoRaMesher] Send n. 34
17:01:29.884 > [873047][V][LoraMesher.cpp:455] waitBeforeSend(): [LoRaMesher] RandomDelay 1071 ms
17:01:29.892 > [873055][V][LoraMesher.cpp:641] processPackets(): [LoRaMesher] Stack space unused after entering the task: 2040
17:01:29.902 > [873065][V][LoraMesher.cpp:642] processPackets(): [LoRaMesher] Free heap: 336196
17:01:30.962 > [874125][V][LoraMesher.cpp:754] printHeaderPacket(): [LoRaMesher] Packet send -- Size: 17 Src: B3F0 Dst: D110 Id: 51 Type: 2 Via: F02C Seq_Id: 0 Num: 0
17:01:31.052 > [874215][V][LoraMesher.cpp:575] sendPackets(): [LoRaMesher] TimeOnAir 63 ms, next message in 0 ms
17:01:31.061 > [874224][I][PacketQueueService.h:80] deleteQueuePacketAndPacket(): [LoRaMesher] Deleting packet
17:01:31.069 > [874233][I][PacketQueueService.h:83] deleteQueuePacketAndPacket(): [LoRaMesher] Deleting packet queue
17:01:32.332 > [875496][V][LoraMesher.cpp:378] receivingRoutine(): [LoRaMesher] Stack space unused after entering the task: 2060
17:01:32.343 > [875506][V][LoraMesher.cpp:379] receivingRoutine(): [LoRaMesher] Free heap: 336276
17:01:32.350 > [875513][I][PacketService.cpp:12] createEmptyPacket(): [LoRaMesher] Packet created with 17 bytes
17:01:32.359 > [875522][I][LoraMesher.cpp:392] receivingRoutine(): [LoRaMesher] Receiving LoRa packet: Size: 17 bytes RSSI: -47 SNR: 13
17:01:32.370 > [875533][V][LoraMesher.cpp:647] processPackets(): [LoRaMesher] Size of Received Packets Queue: 1
17:01:32.379 > [875542][I][PacketQueueService.h:80] deleteQueuePacketAndPacket(): [LoRaMesher] Deleting packet
17:01:32.387 > [875550][I][PacketQueueService.h:83] deleteQueuePacketAndPacket(): [LoRaMesher] Deleting packet queue
17:01:32.396 > [875559][V][LoraMesher.cpp:658] processPackets(): [LoRaMesher] TESTING: Packet not for me, deleting it
17:01:32.405 > [875568][V][LoraMesher.cpp:641] processPackets(): [LoRaMesher] Stack space unused after entering the task: 2040
17:01:32.415 > [875578][V][LoraMesher.cpp:642] processPackets(): [LoRaMesher] Free heap: 336276
17:01:48.645 > [891809][V][LoraMesher.cpp:378] receivingRoutine(): [LoRaMesher] Stack space unused after entering the task: 2060
17:01:48.656 > [891819][V][LoraMesher.cpp:379] receivingRoutine(): [LoRaMesher] Free heap: 336276
17:01:48.663 > [891827][I][PacketService.cpp:12] createEmptyPacket(): [LoRaMesher] Packet created with 17 bytes
17:01:48.672 > [891835][I][LoraMesher.cpp:392] receivingRoutine(): [LoRaMesher] Receiving LoRa packet: Size: 17 bytes RSSI: -49 SNR: 13
17:01:48.683 > [891847][V][LoraMesher.cpp:647] processPackets(): [LoRaMesher] Size of Received Packets Queue: 1
17:01:48.692 > [891855][I][PacketQueueService.h:80] deleteQueuePacketAndPacket(): [LoRaMesher] Deleting packet
17:01:48.700 > [891864][I][PacketQueueService.h:83] deleteQueuePacketAndPacket(): [LoRaMesher] Deleting packet queue
17:01:48.709 > [891873][V][LoraMesher.cpp:658] processPackets(): [LoRaMesher] TESTING: Packet not for me, deleting it
17:01:48.718 > [891882][V][LoraMesher.cpp:641] processPackets(): [LoRaMesher] Stack space unused after entering the task: 2040
17:01:48.728 > [891892][V][LoraMesher.cpp:642] processPackets(): [LoRaMesher] Free heap: 336276
17:01:49.697 > [892861][V][LoraMesher.cpp:378] receivingRoutine(): [LoRaMesher] Stack space unused after entering the task: 2060
17:01:49.707 > [892871][V][LoraMesher.cpp:379] receivingRoutine(): [LoRaMesher] Free heap: 336276
17:01:49.715 > [892878][I][PacketService.cpp:12] createEmptyPacket(): [LoRaMesher] Packet created with 17 bytes
17:01:49.724 > [892887][I][LoraMesher.cpp:392] receivingRoutine(): [LoRaMesher] Receiving LoRa packet: Size: 17 bytes RSSI: -49 SNR: 12
17:01:49.735 > [892898][V][LoraMesher.cpp:647] processPackets(): [LoRaMesher] Size of Received Packets Queue: 1
17:01:49.743 > [892907][V][LoraMesher.cpp:754] printHeaderPacket(): [LoRaMesher] Packet received -- Size: 17 Src: B3F0 Dst: D110 Id: 52 Type: 2 Via: AFC0 Seq_Id: 0 Num: 0
17:01:49.757 > [892921][I][LoraMesher.cpp:854] processDataPacket(): [LoRaMesher] Data packet from B3F0, destination D110, via AFC0
17:01:49.767 > [892931][V][LoraMesher.cpp:872] processDataPacket(): [LoRaMesher] Data Packet from B3F0 for D110. Via is me. Forwarding it
17:01:49.778 > [892942][I][LoraMesher.cpp:1051] addToSendOrderedAndNotify(): [LoRaMesher] Added packet to Q_SP, notifying sender task
17:01:49.789 > [892952][V][LoraMesher.cpp:511] sendPackets(): [LoRaMesher] Stack space unused after entering the task: 1940
17:01:49.798 > [892962][V][LoraMesher.cpp:512] sendPackets(): [LoRaMesher] Free heap: 336168
17:01:49.805 > [892969][V][LoraMesher.cpp:518] sendPackets(): [LoRaMesher] Size of Send Packets Queue: 1
17:01:49.813 > [892977][V][LoraMesher.cpp:525] sendPackets(): [LoRaMesher] Send n. 35
17:01:49.820 > [892983][V][LoraMesher.cpp:455] waitBeforeSend(): [LoRaMesher] RandomDelay 462 ms
17:01:49.827 > [892990][V][LoraMesher.cpp:641] processPackets(): [LoRaMesher] Stack space unused after entering the task: 2040
17:01:49.837 > [893000][V][LoraMesher.cpp:642] processPackets(): [LoRaMesher] Free heap: 336196
17:01:50.288 > [893452][V][LoraMesher.cpp:754] printHeaderPacket(): [LoRaMesher] Packet send -- Size: 17 Src: B3F0 Dst: D110 Id: 52 Type: 2 Via: F02C Seq_Id: 0 Num: 0
17:01:50.378 > [893542][V][LoraMesher.cpp:575] sendPackets(): [LoRaMesher] TimeOnAir 63 ms, next message in 0 ms
17:01:50.388 > [893551][I][PacketQueueService.h:80] deleteQueuePacketAndPacket(): [LoRaMesher] Deleting packet
17:01:50.396 > [893560][I][PacketQueueService.h:83] deleteQueuePacketAndPacket(): [LoRaMesher] Deleting packet queue
17:01:51.502 > [894666][V][LoraMesher.cpp:378] receivingRoutine(): [LoRaMesher] Stack space unused after entering the task: 2060
17:01:51.512 > [894676][V][LoraMesher.cpp:379] receivingRoutine(): [LoRaMesher] Free heap: 336276
17:01:51.520 > [894683][I][PacketService.cpp:12] createEmptyPacket(): [LoRaMesher] Packet created with 17 bytes
17:01:51.529 > [894692][I][LoraMesher.cpp:392] receivingRoutine(): [LoRaMesher] Receiving LoRa packet: Size: 17 bytes RSSI: -48 SNR: 13
17:01:51.540 > [894703][V][LoraMesher.cpp:647] processPackets(): [LoRaMesher] Size of Received Packets Queue: 1
17:01:51.548 > [894712][I][PacketQueueService.h:80] deleteQueuePacketAndPacket(): [LoRaMesher] Deleting packet
17:01:51.557 > [894720][I][PacketQueueService.h:83] deleteQueuePacketAndPacket(): [LoRaMesher] Deleting packet queue
17:01:51.566 > [894729][V][LoraMesher.cpp:658] processPackets(): [LoRaMesher] TESTING: Packet not for me, deleting it
17:01:51.575 > [894738][V][LoraMesher.cpp:641] processPackets(): [LoRaMesher] Stack space unused after entering the task: 2040
17:01:51.585 > [894748][V][LoraMesher.cpp:642] processPackets(): [LoRaMesher] Free heap: 336276
17:02:09.315 > [912480][V][LoraMesher.cpp:378] receivingRoutine(): [LoRaMesher] Stack space unused after entering the task: 2060
17:02:09.326 > [912490][V][LoraMesher.cpp:379] receivingRoutine(): [LoRaMesher] Free heap: 336276
17:02:09.334 > [912498][I][PacketService.cpp:12] createEmptyPacket(): [LoRaMesher] Packet created with 17 bytes
17:02:09.343 > [912506][I][LoraMesher.cpp:392] receivingRoutine(): [LoRaMesher] Receiving LoRa packet: Size: 17 bytes RSSI: -49 SNR: 13
17:02:09.354 > [912518][V][LoraMesher.cpp:647] processPackets(): [LoRaMesher] Size of Received Packets Queue: 1
17:02:09.362 > [912526][I][PacketQueueService.h:80] deleteQueuePacketAndPacket(): [LoRaMesher] Deleting packet
17:02:09.371 > [912535][I][PacketQueueService.h:83] deleteQueuePacketAndPacket(): [LoRaMesher] Deleting packet queue
17:02:09.380 > [912544][V][LoraMesher.cpp:658] processPackets(): [LoRaMesher] TESTING: Packet not for me, deleting it
17:02:09.389 > [912553][V][LoraMesher.cpp:641] processPackets(): [LoRaMesher] Stack space unused after entering the task: 2040
17:02:09.399 > [912563][V][LoraMesher.cpp:642] processPackets(): [LoRaMesher] Free heap: 336276
17:02:10.670 > [913834][V][LoraMesher.cpp:378] receivingRoutine(): [LoRaMesher] Stack space unused after entering the task: 2060
17:02:10.680 > [913844][V][LoraMesher.cpp:379] receivingRoutine(): [LoRaMesher] Free heap: 336276
17:02:10.688 > [913852][I][PacketService.cpp:12] createEmptyPacket(): [LoRaMesher] Packet created with 17 bytes
17:02:10.697 > [913861][I][LoraMesher.cpp:392] receivingRoutine(): [LoRaMesher] Receiving LoRa packet: Size: 17 bytes RSSI: -50 SNR: 12
17:02:10.708 > [913872][V][LoraMesher.cpp:647] processPackets(): [LoRaMesher] Size of Received Packets Queue: 1
17:02:10.717 > [913880][V][LoraMesher.cpp:754] printHeaderPacket(): [LoRaMesher] Packet received -- Size: 17 Src: B3F0 Dst: D110 Id: 53 Type: 2 Via: AFC0 Seq_Id: 0 Num: 0
17:02:10.730 > [913894][I][LoraMesher.cpp:854] processDataPacket(): [LoRaMesher] Data packet from B3F0, destination D110, via AFC0
17:02:10.741 > [913904][V][LoraMesher.cpp:872] processDataPacket(): [LoRaMesher] Data Packet from B3F0 for D110. Via is me. Forwarding it
17:02:10.751 > [913915][I][LoraMesher.cpp:1051] addToSendOrderedAndNotify(): [LoRaMesher] Added packet to Q_SP, notifying sender task
17:02:10.762 > [913926][V][LoraMesher.cpp:511] sendPackets(): [LoRaMesher] Stack space unused after entering the task: 1940
17:02:10.772 > [913936][V][LoraMesher.cpp:512] sendPackets(): [LoRaMesher] Free heap: 336168
17:02:10.778 > [913942][V][LoraMesher.cpp:518] sendPackets(): [LoRaMesher] Size of Send Packets Queue: 1
17:02:10.786 > [913950][V][LoraMesher.cpp:525] sendPackets(): [LoRaMesher] Send n. 36
17:02:10.793 > [913957][V][LoraMesher.cpp:455] waitBeforeSend(): [LoRaMesher] RandomDelay 517 ms
17:02:10.800 > [913964][V][LoraMesher.cpp:641] processPackets(): [LoRaMesher] Stack space unused after entering the task: 2040
17:02:10.810 > [913974][V][LoraMesher.cpp:642] processPackets(): [LoRaMesher] Free heap: 336196
17:02:11.316 > [914480][V][LoraMesher.cpp:754] printHeaderPacket(): [LoRaMesher] Packet send -- Size: 17 Src: B3F0 Dst: D110 Id: 53 Type: 2 Via: F02C Seq_Id: 0 Num: 0
17:02:11.406 > [914570][V][LoraMesher.cpp:575] sendPackets(): [LoRaMesher] TimeOnAir 63 ms, next message in 0 ms
17:02:11.415 > [914579][I][PacketQueueService.h:80] deleteQueuePacketAndPacket(): [LoRaMesher] Deleting packet
17:02:11.424 > [914588][I][PacketQueueService.h:83] deleteQueuePacketAndPacket(): [LoRaMesher] Deleting packet queue
17:02:12.629 > [915794][V][LoraMesher.cpp:378] receivingRoutine(): [LoRaMesher] Stack space unused after entering the task: 2060
17:02:12.640 > [915804][V][LoraMesher.cpp:379] receivingRoutine(): [LoRaMesher] Free heap: 336276
17:02:12.647 > [915811][I][PacketService.cpp:12] createEmptyPacket(): [LoRaMesher] Packet created with 17 bytes
17:02:12.656 > [915820][I][LoraMesher.cpp:392] receivingRoutine(): [LoRaMesher] Receiving LoRa packet: Size: 17 bytes RSSI: -47 SNR: 13
17:02:12.667 > [915831][V][LoraMesher.cpp:647] processPackets(): [LoRaMesher] Size of Received Packets Queue: 1
17:02:12.676 > [915840][I][PacketQueueService.h:80] deleteQueuePacketAndPacket(): [LoRaMesher] Deleting packet
17:02:12.684 > [915848][I][PacketQueueService.h:83] deleteQueuePacketAndPacket(): [LoRaMesher] Deleting packet queue
17:02:12.693 > [915857][V][LoraMesher.cpp:658] processPackets(): [LoRaMesher] TESTING: Packet not for me, deleting it
17:02:12.703 > [915867][V][LoraMesher.cpp:641] processPackets(): [LoRaMesher] Stack space unused after entering the task: 2040
17:02:12.713 > [915877][V][LoraMesher.cpp:642] processPackets(): [LoRaMesher] Free heap: 336276
17:02:29.625 > [932790][V][LoraMesher.cpp:378] receivingRoutine(): [LoRaMesher] Stack space unused after entering the task: 2060
17:02:29.636 > [932800][V][LoraMesher.cpp:379] receivingRoutine(): [LoRaMesher] Free heap: 336276
17:02:29.643 > [932808][I][PacketService.cpp:12] createEmptyPacket(): [LoRaMesher] Packet created with 17 bytes
17:02:29.651 > [932816][I][LoraMesher.cpp:392] receivingRoutine(): [LoRaMesher] Receiving LoRa packet: Size: 17 bytes RSSI: -49 SNR: 13
17:02:29.662 > [932828][V][LoraMesher.cpp:647] processPackets(): [LoRaMesher] Size of Received Packets Queue: 1
17:02:29.671 > [932836][I][PacketQueueService.h:80] deleteQueuePacketAndPacket(): [LoRaMesher] Deleting packet
17:02:29.679 > [932845][I][PacketQueueService.h:83] deleteQueuePacketAndPacket(): [LoRaMesher] Deleting packet queue
17:02:29.689 > [932854][V][LoraMesher.cpp:658] processPackets(): [LoRaMesher] TESTING: Packet not for me, deleting it
17:02:29.698 > [932863][V][LoraMesher.cpp:641] processPackets(): [LoRaMesher] Stack space unused after entering the task: 2040
17:02:29.707 > [932873][V][LoraMesher.cpp:642] processPackets(): [LoRaMesher] Free heap: 336276
17:02:30.316 > [933481][V][LoraMesher.cpp:378] receivingRoutine(): [LoRaMesher] Stack space unused after entering the task: 2060
17:02:30.326 > [933491][V][LoraMesher.cpp:379] receivingRoutine(): [LoRaMesher] Free heap: 336276
17:02:30.334 > [933498][I][PacketService.cpp:12] createEmptyPacket(): [LoRaMesher] Packet created with 17 bytes
17:02:30.342 > [933507][I][LoraMesher.cpp:392] receivingRoutine(): [LoRaMesher] Receiving LoRa packet: Size: 17 bytes RSSI: -50 SNR: 13
17:02:30.353 > [933518][V][LoraMesher.cpp:647] processPackets(): [LoRaMesher] Size of Received Packets Queue: 1
17:02:30.362 > [933527][V][LoraMesher.cpp:754] printHeaderPacket(): [LoRaMesher] Packet received -- Size: 17 Src: B3F0 Dst: D110 Id: 54 Type: 2 Via: AFC0 Seq_Id: 0 Num: 0
17:02:30.375 > [933541][I][LoraMesher.cpp:854] processDataPacket(): [LoRaMesher] Data packet from B3F0, destination D110, via AFC0
17:02:30.386 > [933551][V][LoraMesher.cpp:872] processDataPacket(): [LoRaMesher] Data Packet from B3F0 for D110. Via is me. Forwarding it
17:02:30.396 > [933562][I][LoraMesher.cpp:1051] addToSendOrderedAndNotify(): [LoRaMesher] Added packet to Q_SP, notifying sender task
17:02:30.407 > [933572][V][LoraMesher.cpp:511] sendPackets(): [LoRaMesher] Stack space unused after entering the task: 1940
17:02:30.417 > [933582][V][LoraMesher.cpp:512] sendPackets(): [LoRaMesher] Free heap: 336168
17:02:30.424 > [933589][V][LoraMesher.cpp:518] sendPackets(): [LoRaMesher] Size of Send Packets Queue: 1
17:02:30.432 > [933597][V][LoraMesher.cpp:525] sendPackets(): [LoRaMesher] Send n. 37
17:02:30.438 > [933603][V][LoraMesher.cpp:455] waitBeforeSend(): [LoRaMesher] RandomDelay 772 ms
17:02:30.445 > [933611][V][LoraMesher.cpp:641] processPackets(): [LoRaMesher] Stack space unused after entering the task: 2040
17:02:30.455 > [933621][V][LoraMesher.cpp:642] processPackets(): [LoRaMesher] Free heap: 336196
17:02:31.217 > [934382][V][LoraMesher.cpp:754] printHeaderPacket(): [LoRaMesher] Packet send -- Size: 17 Src: B3F0 Dst: D110 Id: 54 Type: 2 Via: F02C Seq_Id: 0 Num: 0
17:02:31.307 > [934472][V][LoraMesher.cpp:575] sendPackets(): [LoRaMesher] TimeOnAir 63 ms, next message in 0 ms
17:02:31.316 > [934481][I][PacketQueueService.h:80] deleteQueuePacketAndPacket(): [LoRaMesher] Deleting packet
17:02:31.324 > [934490][I][PacketQueueService.h:83] deleteQueuePacketAndPacket(): [LoRaMesher] Deleting packet queue
17:02:32.102 > [935267][V][LoraMesher.cpp:378] receivingRoutine(): [LoRaMesher] Stack space unused after entering the task: 2060
17:02:32.112 > [935277][V][LoraMesher.cpp:379] receivingRoutine(): [LoRaMesher] Free heap: 336276
17:02:32.120 > [935284][I][PacketService.cpp:12] createEmptyPacket(): [LoRaMesher] Packet created with 17 bytes
17:02:32.128 > [935293][I][LoraMesher.cpp:392] receivingRoutine(): [LoRaMesher] Receiving LoRa packet: Size: 17 bytes RSSI: -48 SNR: 12
17:02:32.139 > [935304][V][LoraMesher.cpp:647] processPackets(): [LoRaMesher] Size of Received Packets Queue: 1
17:02:32.148 > [935313][I][PacketQueueService.h:80] deleteQueuePacketAndPacket(): [LoRaMesher] Deleting packet
17:02:32.156 > [935321][I][PacketQueueService.h:83] deleteQueuePacketAndPacket(): [LoRaMesher] Deleting packet queue
17:02:32.165 > [935330][V][LoraMesher.cpp:658] processPackets(): [LoRaMesher] TESTING: Packet not for me, deleting it
17:02:32.174 > [935340][V][LoraMesher.cpp:641] processPackets(): [LoRaMesher] Stack space unused after entering the task: 2040
17:02:32.184 > [935350][V][LoraMesher.cpp:642] processPackets(): [LoRaMesher] Free heap: 336276
17:02:49.238 > [952404][V][LoraMesher.cpp:378] receivingRoutine(): [LoRaMesher] Stack space unused after entering the task: 2060
17:02:49.248 > [952414][V][LoraMesher.cpp:379] receivingRoutine(): [LoRaMesher] Free heap: 336276
17:02:49.256 > [952422][I][PacketService.cpp:12] createEmptyPacket(): [LoRaMesher] Packet created with 17 bytes
17:02:49.265 > [952430][I][LoraMesher.cpp:392] receivingRoutine(): [LoRaMesher] Receiving LoRa packet: Size: 17 bytes RSSI: -49 SNR: 13
17:02:49.276 > [952442][V][LoraMesher.cpp:647] processPackets(): [LoRaMesher] Size of Received Packets Queue: 1
17:02:49.284 > [952450][I][PacketQueueService.h:80] deleteQueuePacketAndPacket(): [LoRaMesher] Deleting packet
17:02:49.293 > [952459][I][PacketQueueService.h:83] deleteQueuePacketAndPacket(): [LoRaMesher] Deleting packet queue
17:02:49.302 > [952468][V][LoraMesher.cpp:658] processPackets(): [LoRaMesher] TESTING: Packet not for me, deleting it
17:02:49.311 > [952477][V][LoraMesher.cpp:641] processPackets(): [LoRaMesher] Stack space unused after entering the task: 2040
17:02:49.321 > [952487][V][LoraMesher.cpp:642] processPackets(): [LoRaMesher] Free heap: 336276
17:02:49.791 > [952957][V][LoraMesher.cpp:378] receivingRoutine(): [LoRaMesher] Stack space unused after entering the task: 2060
17:02:49.802 > [952968][V][LoraMesher.cpp:379] receivingRoutine(): [LoRaMesher] Free heap: 336276
17:02:49.809 > [952975][I][PacketService.cpp:12] createEmptyPacket(): [LoRaMesher] Packet created with 17 bytes
17:02:49.818 > [952984][I][LoraMesher.cpp:392] receivingRoutine(): [LoRaMesher] Receiving LoRa packet: Size: 17 bytes RSSI: -49 SNR: 13
17:02:49.829 > [952995][V][LoraMesher.cpp:647] processPackets(): [LoRaMesher] Size of Received Packets Queue: 1
17:02:49.838 > [953004][V][LoraMesher.cpp:754] printHeaderPacket(): [LoRaMesher] Packet received -- Size: 17 Src: B3F0 Dst: D110 Id: 55 Type: 2 Via: AFC0 Seq_Id: 0 Num: 0
17:02:49.852 > [953017][I][LoraMesher.cpp:854] processDataPacket(): [LoRaMesher] Data packet from B3F0, destination D110, via AFC0
17:02:49.862 > [953028][V][LoraMesher.cpp:872] processDataPacket(): [LoRaMesher] Data Packet from B3F0 for D110. Via is me. Forwarding it
17:02:49.873 > [953038][I][LoraMesher.cpp:1051] addToSendOrderedAndNotify(): [LoRaMesher] Added packet to Q_SP, notifying sender task
17:02:49.883 > [953049][V][LoraMesher.cpp:511] sendPackets(): [LoRaMesher] Stack space unused after entering the task: 1940
17:02:49.893 > [953059][V][LoraMesher.cpp:512] sendPackets(): [LoRaMesher] Free heap: 336168
17:02:49.900 > [953066][V][LoraMesher.cpp:518] sendPackets(): [LoRaMesher] Size of Send Packets Queue: 1
17:02:49.908 > [953074][V][LoraMesher.cpp:525] sendPackets(): [LoRaMesher] Send n. 38
17:02:49.914 > [953080][V][LoraMesher.cpp:455] waitBeforeSend(): [LoRaMesher] RandomDelay 788 ms
17:02:49.922 > [953087][V][LoraMesher.cpp:641] processPackets(): [LoRaMesher] Stack space unused after entering the task: 2040
17:02:49.931 > [953097][V][LoraMesher.cpp:642] processPackets(): [LoRaMesher] Free heap: 336196
17:02:50.708 > [953874][V][LoraMesher.cpp:754] printHeaderPacket(): [LoRaMesher] Packet send -- Size: 17 Src: B3F0 Dst: D110 Id: 55 Type: 2 Via: F02C Seq_Id: 0 Num: 0
17:02:50.798 > [953964][V][LoraMesher.cpp:575] sendPackets(): [LoRaMesher] TimeOnAir 63 ms, next message in 0 ms
17:02:50.807 > [953973][I][PacketQueueService.h:80] deleteQueuePacketAndPacket(): [LoRaMesher] Deleting packet
17:02:50.816 > [953982][I][PacketQueueService.h:83] deleteQueuePacketAndPacket(): [LoRaMesher] Deleting packet queue
17:02:51.816 > [954982][V][LoraMesher.cpp:378] receivingRoutine(): [LoRaMesher] Stack space unused after entering the task: 2060
17:02:51.826 > [954992][V][LoraMesher.cpp:379] receivingRoutine(): [LoRaMesher] Free heap: 336276
17:02:51.834 > [955000][I][PacketService.cpp:12] createEmptyPacket(): [LoRaMesher] Packet created with 17 bytes
17:02:51.842 > [955008][I][LoraMesher.cpp:392] receivingRoutine(): [LoRaMesher] Receiving LoRa packet: Size: 17 bytes RSSI: -47 SNR: 13
17:02:51.854 > [955019][V][LoraMesher.cpp:647] processPackets(): [LoRaMesher] Size of Received Packets Queue: 1
17:02:51.862 > [955028][I][PacketQueueService.h:80] deleteQueuePacketAndPacket(): [LoRaMesher] Deleting packet
17:02:51.871 > [955037][I][PacketQueueService.h:83] deleteQueuePacketAndPacket(): [LoRaMesher] Deleting packet queue
17:02:51.880 > [955046][V][LoraMesher.cpp:658] processPackets(): [LoRaMesher] TESTING: Packet not for me, deleting it
17:02:51.889 > [955055][V][LoraMesher.cpp:641] processPackets(): [LoRaMesher] Stack space unused after entering the task: 2040
17:02:51.899 > [955065][V][LoraMesher.cpp:642] processPackets(): [LoRaMesher] Free heap: 336276
17:03:05.252 > [968418][V][LoraMesher.cpp:598] sendHelloPacket(): [LoRaMesher] Creating Routing Packet
17:03:05.260 > [968426][V][LoraMesher.cpp:599] sendHelloPacket(): [LoRaMesher] Stack space unused after entering the task: 2328
17:03:05.270 > [968436][V][LoraMesher.cpp:600] sendHelloPacket(): [LoRaMesher] Free heap: 336276
17:03:05.277 > [968444][V][PacketFactory.h:45] createPacket(): [LoRaMesher] Creating packet with 24 bytes
17:03:05.285 > [968452][I][PacketFactory.h:74] createPacket(): [LoRaMesher] Packet created with 24 bytes
17:03:05.293 > [968460][I][LoraMesher.h:659] setPackedForSend(): [LoRaMesher] Adding packet to Q_SP
17:03:05.301 > [968467][I][LoraMesher.h:661] setPackedForSend(): [LoRaMesher] Created packet to Q_SP
17:03:05.309 > [968475][I][LoraMesher.cpp:1051] addToSendOrderedAndNotify(): [LoRaMesher] Added packet to Q_SP, notifying sender task
17:03:05.319 > [968485][V][LoraMesher.cpp:511] sendPackets(): [LoRaMesher] Stack space unused after entering the task: 1940
17:03:05.329 > [968495][V][LoraMesher.cpp:512] sendPackets(): [LoRaMesher] Free heap: 336172
17:03:05.336 > [968502][V][LoraMesher.cpp:518] sendPackets(): [LoRaMesher] Size of Send Packets Queue: 1
17:03:05.344 > [968510][V][LoraMesher.cpp:525] sendPackets(): [LoRaMesher] Send n. 39
17:03:05.350 > [968516][V][LoraMesher.cpp:455] waitBeforeSend(): [LoRaMesher] RandomDelay 948 ms
17:03:05.896 > [969062][V][LoraMesher.cpp:378] receivingRoutine(): [LoRaMesher] Stack space unused after entering the task: 2060
17:03:05.906 > [969072][V][LoraMesher.cpp:379] receivingRoutine(): [LoRaMesher] Free heap: 336204
17:03:05.914 > [969080][I][PacketService.cpp:12] createEmptyPacket(): [LoRaMesher] Packet created with 24 bytes
17:03:05.923 > [969089][I][LoraMesher.cpp:392] receivingRoutine(): [LoRaMesher] Receiving LoRa packet: Size: 24 bytes RSSI: -55 SNR: 13
17:03:05.934 > [969100][V][LoraMesher.cpp:647] processPackets(): [LoRaMesher] Size of Received Packets Queue: 1
17:03:05.942 > [969109][I][PacketQueueService.h:80] deleteQueuePacketAndPacket(): [LoRaMesher] Deleting packet
17:03:05.951 > [969117][I][PacketQueueService.h:83] deleteQueuePacketAndPacket(): [LoRaMesher] Deleting packet queue
17:03:05.960 > [969126][V][LoraMesher.cpp:658] processPackets(): [LoRaMesher] TESTING: Packet not for me, deleting it
17:03:05.969 > [969135][V][LoraMesher.cpp:641] processPackets(): [LoRaMesher] Stack space unused after entering the task: 2040
17:03:05.979 > [969145][V][LoraMesher.cpp:642] processPackets(): [LoRaMesher] Free heap: 336204
17:03:06.311 > [969477][V][LoraMesher.cpp:462] waitBeforeSend(): [LoRaMesher] Preamble detected while waiting 1
17:03:06.320 > [969486][V][LoraMesher.cpp:455] waitBeforeSend(): [LoRaMesher] RandomDelay 329 ms
17:03:06.655 > [969821][V][LoraMesher.cpp:754] printHeaderPacket(): [LoRaMesher] Packet send -- Size: 24 Src: AFC0 Dst: FFFF Id: 9 Type: 4 Via: 0 Seq_Id: 0 Num: 0
17:03:06.759 > [969925][V][LoraMesher.cpp:575] sendPackets(): [LoRaMesher] TimeOnAir 78 ms, next message in 0 ms
17:03:06.768 > [969934][I][PacketQueueService.h:80] deleteQueuePacketAndPacket(): [LoRaMesher] Deleting packet
17:03:06.776 > [969942][I][PacketQueueService.h:83] deleteQueuePacketAndPacket(): [LoRaMesher] Deleting packet queue
17:03:07.594 > [970760][V][LoraMesher.cpp:378] receivingRoutine(): [LoRaMesher] Stack space unused after entering the task: 2060
17:03:07.604 > [970770][V][LoraMesher.cpp:379] receivingRoutine(): [LoRaMesher] Free heap: 336276
17:03:07.612 > [970778][I][PacketService.cpp:12] createEmptyPacket(): [LoRaMesher] Packet created with 24 bytes
17:03:07.620 > [970787][I][LoraMesher.cpp:392] receivingRoutine(): [LoRaMesher] Receiving LoRa packet: Size: 24 bytes RSSI: -49 SNR: 13
17:03:07.632 > [970798][V][LoraMesher.cpp:647] processPackets(): [LoRaMesher] Size of Received Packets Queue: 1
17:03:07.640 > [970806][I][PacketQueueService.h:80] deleteQueuePacketAndPacket(): [LoRaMesher] Deleting packet
17:03:07.649 > [970815][I][PacketQueueService.h:83] deleteQueuePacketAndPacket(): [LoRaMesher] Deleting packet queue
17:03:07.658 > [970824][V][LoraMesher.cpp:658] processPackets(): [LoRaMesher] TESTING: Packet not for me, deleting it
17:03:07.667 > [970833][V][LoraMesher.cpp:641] processPackets(): [LoRaMesher] Stack space unused after entering the task: 2040
17:03:07.677 > [970843][V][LoraMesher.cpp:642] processPackets(): [LoRaMesher] Free heap: 336276
17:03:09.184 > [972351][V][LoraMesher.cpp:378] receivingRoutine(): [LoRaMesher] Stack space unused after entering the task: 2028
17:03:09.195 > [972361][V][LoraMesher.cpp:379] receivingRoutine(): [LoRaMesher] Free heap: 336276
17:03:09.202 > [972369][I][PacketService.cpp:12] createEmptyPacket(): [LoRaMesher] Packet created with 24 bytes
17:03:09.211 > [972377][I][LoraMesher.cpp:392] receivingRoutine(): [LoRaMesher] Receiving LoRa packet: Size: 24 bytes RSSI: -49 SNR: 13
17:03:09.222 > [972389][V][LoraMesher.cpp:647] processPackets(): [LoRaMesher] Size of Received Packets Queue: 1
17:03:09.231 > [972397][V][LoraMesher.cpp:754] printHeaderPacket(): [LoRaMesher] Packet received -- Size: 24 Src: DE6C Dst: FFFF Id: 8 Type: 4 Via: 0 Seq_Id: 0 Num: 0
17:03:09.244 > [972411][I][RoutingTableService.cpp:77] processRoute(): [LoRaMesher] Route packet from DE6C with size 4
17:03:09.254 > [972420][I][RoutingTableService.cpp:99] resetReceiveSNRRoutePacket(): [LoRaMesher] Reset Receive SNR from DE6C: 13
17:03:09.264 > [972430][I][RoutingTableService.cpp:192] printRoutingTable(): [LoRaMesher] Current routing table:
17:03:09.273 > [972439][I][RoutingTableService.cpp:206] printRoutingTable(): [LoRaMesher] 0 - F02C via F02C metric 1 Role 0
17:03:09.282 > [972448][I][RoutingTableService.cpp:206] printRoutingTable(): [LoRaMesher] 1 - D110 via F02C metric 2 Role 1
17:03:09.292 > [972458][I][RoutingTableService.cpp:206] printRoutingTable(): [LoRaMesher] 2 - DE6C via DE6C metric 1 Role 0
17:03:09.301 > [972468][I][RoutingTableService.cpp:206] printRoutingTable(): [LoRaMesher] 3 - B3F0 via DE6C metric 2 Role 0
17:03:09.311 > [972477][I][PacketQueueService.h:80] deleteQueuePacketAndPacket(): [LoRaMesher] Deleting packet
17:03:09.319 > [972486][I][PacketQueueService.h:83] deleteQueuePacketAndPacket(): [LoRaMesher] Deleting packet queue
17:03:09.329 > [972495][V][LoraMesher.cpp:641] processPackets(): [LoRaMesher] Stack space unused after entering the task: 2040
17:03:09.338 > [972505][V][LoraMesher.cpp:642] processPackets(): [LoRaMesher] Free heap: 336276
17:03:10.388 > [973555][V][LoraMesher.cpp:378] receivingRoutine(): [LoRaMesher] Stack space unused after entering the task: 2028
17:03:10.399 > [973565][V][LoraMesher.cpp:379] receivingRoutine(): [LoRaMesher] Free heap: 336276
17:03:10.406 > [973573][I][PacketService.cpp:12] createEmptyPacket(): [LoRaMesher] Packet created with 17 bytes
17:03:10.415 > [973581][I][LoraMesher.cpp:392] receivingRoutine(): [LoRaMesher] Receiving LoRa packet: Size: 17 bytes RSSI: -50 SNR: 13
17:03:10.426 > [973593][V][LoraMesher.cpp:647] processPackets(): [LoRaMesher] Size of Received Packets Queue: 1
17:03:10.435 > [973601][I][PacketQueueService.h:80] deleteQueuePacketAndPacket(): [LoRaMesher] Deleting packet
17:03:10.444 > [973610][I][PacketQueueService.h:83] deleteQueuePacketAndPacket(): [LoRaMesher] Deleting packet queue
17:03:10.453 > [973619][V][LoraMesher.cpp:658] processPackets(): [LoRaMesher] TESTING: Packet not for me, deleting it
17:03:10.462 > [973628][V][LoraMesher.cpp:641] processPackets(): [LoRaMesher] Stack space unused after entering the task: 2040
17:03:10.472 > [973638][V][LoraMesher.cpp:642] processPackets(): [LoRaMesher] Free heap: 336276
17:03:11.743 > [974910][V][LoraMesher.cpp:378] receivingRoutine(): [LoRaMesher] Stack space unused after entering the task: 2028
17:03:11.754 > [974920][V][LoraMesher.cpp:379] receivingRoutine(): [LoRaMesher] Free heap: 336276
17:03:11.761 > [974928][I][PacketService.cpp:12] createEmptyPacket(): [LoRaMesher] Packet created with 17 bytes
17:03:11.770 > [974937][I][LoraMesher.cpp:392] receivingRoutine(): [LoRaMesher] Receiving LoRa packet: Size: 17 bytes RSSI: -50 SNR: 13
17:03:11.781 > [974948][V][LoraMesher.cpp:647] processPackets(): [LoRaMesher] Size of Received Packets Queue: 1
17:03:11.790 > [974956][V][LoraMesher.cpp:754] printHeaderPacket(): [LoRaMesher] Packet received -- Size: 17 Src: B3F0 Dst: D110 Id: 57 Type: 2 Via: AFC0 Seq_Id: 0 Num: 0
17:03:11.804 > [974970][I][LoraMesher.cpp:854] processDataPacket(): [LoRaMesher] Data packet from B3F0, destination D110, via AFC0
17:03:11.814 > [974980][V][LoraMesher.cpp:872] processDataPacket(): [LoRaMesher] Data Packet from B3F0 for D110. Via is me. Forwarding it
17:03:11.825 > [974991][I][LoraMesher.cpp:1051] addToSendOrderedAndNotify(): [LoRaMesher] Added packet to Q_SP, notifying sender task
17:03:11.835 > [975002][V][LoraMesher.cpp:511] sendPackets(): [LoRaMesher] Stack space unused after entering the task: 1940
17:03:11.845 > [975011][V][LoraMesher.cpp:512] sendPackets(): [LoRaMesher] Free heap: 336168
17:03:11.852 > [975018][V][LoraMesher.cpp:518] sendPackets(): [LoRaMesher] Size of Send Packets Queue: 1
17:03:11.860 > [975026][V][LoraMesher.cpp:525] sendPackets(): [LoRaMesher] Send n. 40
17:03:11.866 > [975033][V][LoraMesher.cpp:455] waitBeforeSend(): [LoRaMesher] RandomDelay 1104 ms
17:03:11.874 > [975040][V][LoraMesher.cpp:641] processPackets(): [LoRaMesher] Stack space unused after entering the task: 2040
17:03:11.884 > [975050][V][LoraMesher.cpp:642] processPackets(): [LoRaMesher] Free heap: 336196
17:03:12.513 > [975680][V][LoraMesher.cpp:378] receivingRoutine(): [LoRaMesher] Stack space unused after entering the task: 2028
17:03:12.524 > [975690][V][LoraMesher.cpp:379] receivingRoutine(): [LoRaMesher] Free heap: 336196
17:03:12.531 > [975698][I][PacketService.cpp:12] createEmptyPacket(): [LoRaMesher] Packet created with 24 bytes
17:03:12.540 > [975706][I][LoraMesher.cpp:392] receivingRoutine(): [LoRaMesher] Receiving LoRa packet: Size: 24 bytes RSSI: -48 SNR: 13
17:03:12.551 > [975718][V][LoraMesher.cpp:647] processPackets(): [LoRaMesher] Size of Received Packets Queue: 1
17:03:12.560 > [975726][V][LoraMesher.cpp:754] printHeaderPacket(): [LoRaMesher] Packet received -- Size: 24 Src: F02C Dst: FFFF Id: 8 Type: 4 Via: 0 Seq_Id: 0 Num: 0
17:03:12.573 > [975740][I][RoutingTableService.cpp:77] processRoute(): [LoRaMesher] Route packet from F02C with size 4
17:03:12.583 > [975749][I][RoutingTableService.cpp:99] resetReceiveSNRRoutePacket(): [LoRaMesher] Reset Receive SNR from F02C: 13
17:03:12.593 > [975759][I][RoutingTableService.cpp:192] printRoutingTable(): [LoRaMesher] Current routing table:
17:03:12.601 > [975768][I][RoutingTableService.cpp:206] printRoutingTable(): [LoRaMesher] 0 - F02C via F02C metric 1 Role 0
17:03:12.611 > [975777][I][RoutingTableService.cpp:206] printRoutingTable(): [LoRaMesher] 1 - D110 via F02C metric 2 Role 1
17:03:12.621 > [975787][I][RoutingTableService.cpp:206] printRoutingTable(): [LoRaMesher] 2 - DE6C via DE6C metric 1 Role 0
17:03:12.630 > [975797][I][RoutingTableService.cpp:206] printRoutingTable(): [LoRaMesher] 3 - B3F0 via DE6C metric 2 Role 0
17:03:12.640 > [975806][I][PacketQueueService.h:80] deleteQueuePacketAndPacket(): [LoRaMesher] Deleting packet
17:03:12.648 > [975815][I][PacketQueueService.h:83] deleteQueuePacketAndPacket(): [LoRaMesher] Deleting packet queue
17:03:12.657 > [975824][V][LoraMesher.cpp:641] processPackets(): [LoRaMesher] Stack space unused after entering the task: 2040
17:03:12.667 > [975834][V][LoraMesher.cpp:642] processPackets(): [LoRaMesher] Free heap: 336196
17:03:12.982 > [976149][V][LoraMesher.cpp:462] waitBeforeSend(): [LoRaMesher] Preamble detected while waiting 1
17:03:12.992 > [976158][V][LoraMesher.cpp:455] waitBeforeSend(): [LoRaMesher] RandomDelay 1203 ms
17:03:14.201 > [977367][V][LoraMesher.cpp:754] printHeaderPacket(): [LoRaMesher] Packet send -- Size: 17 Src: B3F0 Dst: D110 Id: 57 Type: 2 Via: F02C Seq_Id: 0 Num: 0
17:03:14.290 > [977457][V][LoraMesher.cpp:575] sendPackets(): [LoRaMesher] TimeOnAir 63 ms, next message in 0 ms
17:03:14.300 > [977466][I][PacketQueueService.h:80] deleteQueuePacketAndPacket(): [LoRaMesher] Deleting packet
17:03:14.308 > [977474][I][PacketQueueService.h:83] deleteQueuePacketAndPacket(): [LoRaMesher] Deleting packet queue
17:03:15.453 > [978620][V][LoraMesher.cpp:378] receivingRoutine(): [LoRaMesher] Stack space unused after entering the task: 2028
17:03:15.464 > [978630][V][LoraMesher.cpp:379] receivingRoutine(): [LoRaMesher] Free heap: 336276
17:03:15.471 > [978638][I][PacketService.cpp:12] createEmptyPacket(): [LoRaMesher] Packet created with 17 bytes
17:03:15.480 > [978646][I][LoraMesher.cpp:392] receivingRoutine(): [LoRaMesher] Receiving LoRa packet: Size: 17 bytes RSSI: -47 SNR: 13
17:03:15.491 > [978657][V][LoraMesher.cpp:647] processPackets(): [LoRaMesher] Size of Received Packets Queue: 1
17:03:15.500 > [978666][I][PacketQueueService.h:80] deleteQueuePacketAndPacket(): [LoRaMesher] Deleting packet
17:03:15.508 > [978675][I][PacketQueueService.h:83] deleteQueuePacketAndPacket(): [LoRaMesher] Deleting packet queue
17:03:15.517 > [978684][V][LoraMesher.cpp:658] processPackets(): [LoRaMesher] TESTING: Packet not for me, deleting it
17:03:15.526 > [978693][V][LoraMesher.cpp:641] processPackets(): [LoRaMesher] Stack space unused after entering the task: 2040
17:03:15.536 > [978703][V][LoraMesher.cpp:642] processPackets(): [LoRaMesher] Free heap: 336276
17:03:29.901 > [993068][V][LoraMesher.cpp:378] receivingRoutine(): [LoRaMesher] Stack space unused after entering the task: 2028
17:03:29.912 > [993078][V][LoraMesher.cpp:379] receivingRoutine(): [LoRaMesher] Free heap: 336276
17:03:29.919 > [993086][I][PacketService.cpp:12] createEmptyPacket(): [LoRaMesher] Packet created with 17 bytes
17:03:29.928 > [993095][I][LoraMesher.cpp:392] receivingRoutine(): [LoRaMesher] Receiving LoRa packet: Size: 17 bytes RSSI: -49 SNR: 13
17:03:29.939 > [993106][V][LoraMesher.cpp:647] processPackets(): [LoRaMesher] Size of Received Packets Queue: 1
17:03:29.948 > [993114][I][PacketQueueService.h:80] deleteQueuePacketAndPacket(): [LoRaMesher] Deleting packet
17:03:29.956 > [993123][I][PacketQueueService.h:83] deleteQueuePacketAndPacket(): [LoRaMesher] Deleting packet queue
17:03:29.965 > [993132][V][LoraMesher.cpp:658] processPackets(): [LoRaMesher] TESTING: Packet not for me, deleting it
17:03:29.974 > [993141][V][LoraMesher.cpp:641] processPackets(): [LoRaMesher] Stack space unused after entering the task: 2040
17:03:29.984 > [993151][V][LoraMesher.cpp:642] processPackets(): [LoRaMesher] Free heap: 336276
17:03:31.121 > [994289][V][LoraMesher.cpp:378] receivingRoutine(): [LoRaMesher] Stack space unused after entering the task: 2028
17:03:31.132 > [994299][V][LoraMesher.cpp:379] receivingRoutine(): [LoRaMesher] Free heap: 336276
17:03:31.140 > [994306][I][PacketService.cpp:12] createEmptyPacket(): [LoRaMesher] Packet created with 17 bytes
17:03:31.148 > [994315][I][LoraMesher.cpp:392] receivingRoutine(): [LoRaMesher] Receiving LoRa packet: Size: 17 bytes RSSI: -50 SNR: 12
17:03:31.160 > [994326][V][LoraMesher.cpp:647] processPackets(): [LoRaMesher] Size of Received Packets Queue: 1
17:03:31.168 > [994335][V][LoraMesher.cpp:754] printHeaderPacket(): [LoRaMesher] Packet received -- Size: 17 Src: B3F0 Dst: D110 Id: 58 Type: 2 Via: AFC0 Seq_Id: 0 Num: 0
17:03:31.182 > [994349][I][LoraMesher.cpp:854] processDataPacket(): [LoRaMesher] Data packet from B3F0, destination D110, via AFC0
17:03:31.192 > [994359][V][LoraMesher.cpp:872] processDataPacket(): [LoRaMesher] Data Packet from B3F0 for D110. Via is me. Forwarding it
17:03:31.203 > [994370][I][LoraMesher.cpp:1051] addToSendOrderedAndNotify(): [LoRaMesher] Added packet to Q_SP, notifying sender task
17:03:31.214 > [994380][V][LoraMesher.cpp:511] sendPackets(): [LoRaMesher] Stack space unused after entering the task: 1940
17:03:31.223 > [994390][V][LoraMesher.cpp:512] sendPackets(): [LoRaMesher] Free heap: 336168
17:03:31.230 > [994397][V][LoraMesher.cpp:518] sendPackets(): [LoRaMesher] Size of Send Packets Queue: 1
17:03:31.238 > [994405][V][LoraMesher.cpp:525] sendPackets(): [LoRaMesher] Send n. 41
17:03:31.245 > [994411][V][LoraMesher.cpp:455] waitBeforeSend(): [LoRaMesher] RandomDelay 1137 ms
17:03:31.252 > [994419][V][LoraMesher.cpp:641] processPackets(): [LoRaMesher] Stack space unused after entering the task: 2040
17:03:31.262 > [994429][V][LoraMesher.cpp:642] processPackets(): [LoRaMesher] Free heap: 336196
17:03:32.388 > [995555][V][LoraMesher.cpp:754] printHeaderPacket(): [LoRaMesher] Packet send -- Size: 17 Src: B3F0 Dst: D110 Id: 58 Type: 2 Via: F02C Seq_Id: 0 Num: 0
17:03:32.478 > [995645][V][LoraMesher.cpp:575] sendPackets(): [LoRaMesher] TimeOnAir 63 ms, next message in 0 ms
17:03:32.487 > [995654][I][PacketQueueService.h:80] deleteQueuePacketAndPacket(): [LoRaMesher] Deleting packet
17:03:32.496 > [995663][I][PacketQueueService.h:83] deleteQueuePacketAndPacket(): [LoRaMesher] Deleting packet queue
17:03:33.200 > [996367][V][LoraMesher.cpp:378] receivingRoutine(): [LoRaMesher] Stack space unused after entering the task: 2028
17:03:33.210 > [996377][V][LoraMesher.cpp:379] receivingRoutine(): [LoRaMesher] Free heap: 336276
17:03:33.218 > [996385][I][PacketService.cpp:12] createEmptyPacket(): [LoRaMesher] Packet created with 17 bytes
17:03:33.227 > [996393][I][LoraMesher.cpp:392] receivingRoutine(): [LoRaMesher] Receiving LoRa packet: Size: 17 bytes RSSI: -47 SNR: 14
17:03:33.238 > [996405][V][LoraMesher.cpp:647] processPackets(): [LoRaMesher] Size of Received Packets Queue: 1
17:03:33.246 > [996413][I][PacketQueueService.h:80] deleteQueuePacketAndPacket(): [LoRaMesher] Deleting packet
17:03:33.255 > [996422][I][PacketQueueService.h:83] deleteQueuePacketAndPacket(): [LoRaMesher] Deleting packet queue
17:03:33.264 > [996431][V][LoraMesher.cpp:658] processPackets(): [LoRaMesher] TESTING: Packet not for me, deleting it
17:03:33.273 > [996440][V][LoraMesher.cpp:641] processPackets(): [LoRaMesher] Stack space unused after entering the task: 2040
17:03:33.283 > [996450][V][LoraMesher.cpp:642] processPackets(): [LoRaMesher] Free heap: 336276
17:03:49.184 > [1012352][V][LoraMesher.cpp:378] receivingRoutine(): [LoRaMesher] Stack space unused after entering the task: 2028
17:03:49.195 > [1012362][V][LoraMesher.cpp:379] receivingRoutine(): [LoRaMesher] Free heap: 336276
17:03:49.202 > [1012370][I][PacketService.cpp:12] createEmptyPacket(): [LoRaMesher] Packet created with 17 bytes
17:03:49.211 > [1012379][I][LoraMesher.cpp:392] receivingRoutine(): [LoRaMesher] Receiving LoRa packet: Size: 17 bytes RSSI: -49 SNR: 13
17:03:49.222 > [1012390][V][LoraMesher.cpp:647] processPackets(): [LoRaMesher] Size of Received Packets Queue: 1
17:03:49.232 > [1012399][I][PacketQueueService.h:80] deleteQueuePacketAndPacket(): [LoRaMesher] Deleting packet
17:03:49.239 > [1012407][I][PacketQueueService.h:83] deleteQueuePacketAndPacket(): [LoRaMesher] Deleting packet queue
17:03:49.248 > [1012416][V][LoraMesher.cpp:658] processPackets(): [LoRaMesher] TESTING: Packet not for me, deleting it
17:03:49.258 > [1012426][V][LoraMesher.cpp:641] processPackets(): [LoRaMesher] Stack space unused after entering the task: 2040
17:03:49.268 > [1012436][V][LoraMesher.cpp:642] processPackets(): [LoRaMesher] Free heap: 336276
17:03:49.904 > [1013071][V][LoraMesher.cpp:378] receivingRoutine(): [LoRaMesher] Stack space unused after entering the task: 2028
17:03:49.914 > [1013082][V][LoraMesher.cpp:379] receivingRoutine(): [LoRaMesher] Free heap: 336276
17:03:49.922 > [1013089][I][PacketService.cpp:12] createEmptyPacket(): [LoRaMesher] Packet created with 17 bytes
17:03:49.931 > [1013098][I][LoraMesher.cpp:392] receivingRoutine(): [LoRaMesher] Receiving LoRa packet: Size: 17 bytes RSSI: -49 SNR: 12
17:03:49.941 > [1013109][V][LoraMesher.cpp:647] processPackets(): [LoRaMesher] Size of Received Packets Queue: 1
17:03:49.950 > [1013118][V][LoraMesher.cpp:754] printHeaderPacket(): [LoRaMesher] Packet received -- Size: 17 Src: B3F0 Dst: D110 Id: 59 Type: 2 Via: AFC0 Seq_Id: 0 Num: 0
17:03:49.964 > [1013132][I][LoraMesher.cpp:854] processDataPacket(): [LoRaMesher] Data packet from B3F0, destination D110, via AFC0
17:03:49.974 > [1013142][V][LoraMesher.cpp:872] processDataPacket(): [LoRaMesher] Data Packet from B3F0 for D110. Via is me. Forwarding it
17:03:49.985 > [1013153][I][LoraMesher.cpp:1051] addToSendOrderedAndNotify(): [LoRaMesher] Added packet to Q_SP, notifying sender task
17:03:49.996 > [1013164][V][LoraMesher.cpp:511] sendPackets(): [LoRaMesher] Stack space unused after entering the task: 1940
17:03:50.005 > [1013174][V][LoraMesher.cpp:512] sendPackets(): [LoRaMesher] Free heap: 336168
17:03:50.012 > [1013181][V][LoraMesher.cpp:518] sendPackets(): [LoRaMesher] Size of Send Packets Queue: 1
17:03:50.021 > [1013189][V][LoraMesher.cpp:525] sendPackets(): [LoRaMesher] Send n. 42
17:03:50.027 > [1013195][V][LoraMesher.cpp:455] waitBeforeSend(): [LoRaMesher] RandomDelay 1027 ms
17:03:50.034 > [1013202][V][LoraMesher.cpp:641] processPackets(): [LoRaMesher] Stack space unused after entering the task: 2040
17:03:50.044 > [1013213][V][LoraMesher.cpp:642] processPackets(): [LoRaMesher] Free heap: 336196
17:03:51.061 > [1014229][V][LoraMesher.cpp:754] printHeaderPacket(): [LoRaMesher] Packet send -- Size: 17 Src: B3F0 Dst: D110 Id: 59 Type: 2 Via: F02C Seq_Id: 0 Num: 0
17:03:51.151 > [1014319][V][LoraMesher.cpp:575] sendPackets(): [LoRaMesher] TimeOnAir 63 ms, next message in 0 ms
17:03:51.160 > [1014328][I][PacketQueueService.h:80] deleteQueuePacketAndPacket(): [LoRaMesher] Deleting packet
17:03:51.170 > [1014337][I][PacketQueueService.h:83] deleteQueuePacketAndPacket(): [LoRaMesher] Deleting packet queue
17:03:52.540 > [1015708][V][LoraMesher.cpp:378] receivingRoutine(): [LoRaMesher] Stack space unused after entering the task: 2028
17:03:52.551 > [1015718][V][LoraMesher.cpp:379] receivingRoutine(): [LoRaMesher] Free heap: 336276
17:03:52.559 > [1015726][I][PacketService.cpp:12] createEmptyPacket(): [LoRaMesher] Packet created with 17 bytes
17:03:52.567 > [1015735][I][LoraMesher.cpp:392] receivingRoutine(): [LoRaMesher] Receiving LoRa packet: Size: 17 bytes RSSI: -48 SNR: 13
17:03:52.578 > [1015746][V][LoraMesher.cpp:647] processPackets(): [LoRaMesher] Size of Received Packets Queue: 1
17:03:52.587 > [1015755][I][PacketQueueService.h:80] deleteQueuePacketAndPacket(): [LoRaMesher] Deleting packet
17:03:52.595 > [1015763][I][PacketQueueService.h:83] deleteQueuePacketAndPacket(): [LoRaMesher] Deleting packet queue
17:03:52.604 > [1015772][V][LoraMesher.cpp:658] processPackets(): [LoRaMesher] TESTING: Packet not for me, deleting it
17:03:52.614 > [1015782][V][LoraMesher.cpp:641] processPackets(): [LoRaMesher] Stack space unused after entering the task: 2040
17:03:52.624 > [1015792][V][LoraMesher.cpp:642] processPackets(): [LoRaMesher] Free heap: 336276
17:04:09.586 > [1032754][V][LoraMesher.cpp:378] receivingRoutine(): [LoRaMesher] Stack space unused after entering the task: 2028
17:04:09.596 > [1032764][V][LoraMesher.cpp:379] receivingRoutine(): [LoRaMesher] Free heap: 336276
17:04:09.604 > [1032772][I][PacketService.cpp:12] createEmptyPacket(): [LoRaMesher] Packet created with 17 bytes
17:04:09.612 > [1032781][I][LoraMesher.cpp:392] receivingRoutine(): [LoRaMesher] Receiving LoRa packet: Size: 17 bytes RSSI: -49 SNR: 13
17:04:09.624 > [1032792][V][LoraMesher.cpp:647] processPackets(): [LoRaMesher] Size of Received Packets Queue: 1
17:04:09.632 > [1032801][I][PacketQueueService.h:80] deleteQueuePacketAndPacket(): [LoRaMesher] Deleting packet
17:04:09.641 > [1032809][I][PacketQueueService.h:83] deleteQueuePacketAndPacket(): [LoRaMesher] Deleting packet queue
17:04:09.650 > [1032819][V][LoraMesher.cpp:658] processPackets(): [LoRaMesher] TESTING: Packet not for me, deleting it
17:04:09.659 > [1032828][V][LoraMesher.cpp:641] processPackets(): [LoRaMesher] Stack space unused after entering the task: 2040
17:04:09.669 > [1032838][V][LoraMesher.cpp:642] processPackets(): [LoRaMesher] Free heap: 336276
17:04:10.479 > [1033648][V][LoraMesher.cpp:378] receivingRoutine(): [LoRaMesher] Stack space unused after entering the task: 2028
17:04:10.490 > [1033658][V][LoraMesher.cpp:379] receivingRoutine(): [LoRaMesher] Free heap: 336276
17:04:10.497 > [1033666][I][PacketService.cpp:12] createEmptyPacket(): [LoRaMesher] Packet created with 17 bytes
17:04:10.506 > [1033675][I][LoraMesher.cpp:392] receivingRoutine(): [LoRaMesher] Receiving LoRa packet: Size: 17 bytes RSSI: -49 SNR: 12
17:04:10.517 > [1033686][V][LoraMesher.cpp:647] processPackets(): [LoRaMesher] Size of Received Packets Queue: 1
17:04:10.526 > [1033695][V][LoraMesher.cpp:754] printHeaderPacket(): [LoRaMesher] Packet received -- Size: 17 Src: B3F0 Dst: D110 Id: 60 Type: 2 Via: AFC0 Seq_Id: 0 Num: 0
17:04:10.540 > [1033708][I][LoraMesher.cpp:854] processDataPacket(): [LoRaMesher] Data packet from B3F0, destination D110, via AFC0
17:04:10.550 > [1033719][V][LoraMesher.cpp:872] processDataPacket(): [LoRaMesher] Data Packet from B3F0 for D110. Via is me. Forwarding it
17:04:10.561 > [1033730][I][LoraMesher.cpp:1051] addToSendOrderedAndNotify(): [LoRaMesher] Added packet to Q_SP, notifying sender task
17:04:10.572 > [1033740][V][LoraMesher.cpp:511] sendPackets(): [LoRaMesher] Stack space unused after entering the task: 1940
17:04:10.582 > [1033750][V][LoraMesher.cpp:512] sendPackets(): [LoRaMesher] Free heap: 336168
17:04:10.589 > [1033757][V][LoraMesher.cpp:518] sendPackets(): [LoRaMesher] Size of Send Packets Queue: 1
17:04:10.597 > [1033765][V][LoraMesher.cpp:525] sendPackets(): [LoRaMesher] Send n. 43
17:04:10.603 > [1033772][V][LoraMesher.cpp:455] waitBeforeSend(): [LoRaMesher] RandomDelay 485 ms
17:04:10.611 > [1033779][V][LoraMesher.cpp:641] processPackets(): [LoRaMesher] Stack space unused after entering the task: 2040
17:04:10.634 > [1033789][V][LoraMesher.cpp:642] processPackets(): [LoRaMesher] Free heap: 336196
17:04:11.095 > [1034263][V][LoraMesher.cpp:754] printHeaderPacket(): [LoRaMesher] Packet send -- Size: 17 Src: B3F0 Dst: D110 Id: 60 Type: 2 Via: F02C Seq_Id: 0 Num: 0
17:04:11.185 > [1034353][V][LoraMesher.cpp:575] sendPackets(): [LoRaMesher] TimeOnAir 63 ms, next message in 0 ms
17:04:11.194 > [1034362][I][PacketQueueService.h:80] deleteQueuePacketAndPacket(): [LoRaMesher] Deleting packet
17:04:11.202 > [1034371][I][PacketQueueService.h:83] deleteQueuePacketAndPacket(): [LoRaMesher] Deleting packet queue
17:04:12.274 > [1035442][V][LoraMesher.cpp:378] receivingRoutine(): [LoRaMesher] Stack space unused after entering the task: 2028
17:04:12.284 > [1035452][V][LoraMesher.cpp:379] receivingRoutine(): [LoRaMesher] Free heap: 336276
17:04:12.291 > [1035460][I][PacketService.cpp:12] createEmptyPacket(): [LoRaMesher] Packet created with 17 bytes
17:04:12.300 > [1035469][I][LoraMesher.cpp:392] receivingRoutine(): [LoRaMesher] Receiving LoRa packet: Size: 17 bytes RSSI: -49 SNR: 13
17:04:12.312 > [1035480][V][LoraMesher.cpp:647] processPackets(): [LoRaMesher] Size of Received Packets Queue: 1
17:04:12.320 > [1035489][I][PacketQueueService.h:80] deleteQueuePacketAndPacket(): [LoRaMesher] Deleting packet
17:04:12.329 > [1035497][I][PacketQueueService.h:83] deleteQueuePacketAndPacket(): [LoRaMesher] Deleting packet queue
17:04:12.338 > [1035507][V][LoraMesher.cpp:658] processPackets(): [LoRaMesher] TESTING: Packet not for me, deleting it
17:04:12.347 > [1035516][V][LoraMesher.cpp:641] processPackets(): [LoRaMesher] Stack space unused after entering the task: 2040
17:04:12.357 > [1035526][V][LoraMesher.cpp:642] processPackets(): [LoRaMesher] Free heap: 336276
17:04:29.718 > [1052887][V][LoraMesher.cpp:378] receivingRoutine(): [LoRaMesher] Stack space unused after entering the task: 2028
17:04:29.729 > [1052898][V][LoraMesher.cpp:379] receivingRoutine(): [LoRaMesher] Free heap: 336276
17:04:29.736 > [1052905][I][PacketService.cpp:12] createEmptyPacket(): [LoRaMesher] Packet created with 17 bytes
17:04:29.745 > [1052914][I][LoraMesher.cpp:392] receivingRoutine(): [LoRaMesher] Receiving LoRa packet: Size: 17 bytes RSSI: -49 SNR: 13
17:04:29.756 > [1052925][V][LoraMesher.cpp:647] processPackets(): [LoRaMesher] Size of Received Packets Queue: 1
17:04:29.765 > [1052934][I][PacketQueueService.h:80] deleteQueuePacketAndPacket(): [LoRaMesher] Deleting packet
17:04:29.774 > [1052942][I][PacketQueueService.h:83] deleteQueuePacketAndPacket(): [LoRaMesher] Deleting packet queue
17:04:29.783 > [1052952][V][LoraMesher.cpp:658] processPackets(): [LoRaMesher] TESTING: Packet not for me, deleting it
17:04:29.792 > [1052961][V][LoraMesher.cpp:641] processPackets(): [LoRaMesher] Stack space unused after entering the task: 2040
17:04:29.802 > [1052971][V][LoraMesher.cpp:642] processPackets(): [LoRaMesher] Free heap: 336276
17:04:30.857 > [1054027][V][LoraMesher.cpp:378] receivingRoutine(): [LoRaMesher] Stack space unused after entering the task: 2028
17:04:30.868 > [1054037][V][LoraMesher.cpp:379] receivingRoutine(): [LoRaMesher] Free heap: 336276
17:04:30.875 > [1054044][I][PacketService.cpp:12] createEmptyPacket(): [LoRaMesher] Packet created with 17 bytes
17:04:30.884 > [1054053][I][LoraMesher.cpp:392] receivingRoutine(): [LoRaMesher] Receiving LoRa packet: Size: 17 bytes RSSI: -49 SNR: 13
17:04:30.896 > [1054064][V][LoraMesher.cpp:647] processPackets(): [LoRaMesher] Size of Received Packets Queue: 1
17:04:30.904 > [1054073][V][LoraMesher.cpp:754] printHeaderPacket(): [LoRaMesher] Packet received -- Size: 17 Src: B3F0 Dst: D110 Id: 61 Type: 2 Via: AFC0 Seq_Id: 0 Num: 0
17:04:30.918 > [1054087][I][LoraMesher.cpp:854] processDataPacket(): [LoRaMesher] Data packet from B3F0, destination D110, via AFC0
17:04:30.928 > [1054097][V][LoraMesher.cpp:872] processDataPacket(): [LoRaMesher] Data Packet from B3F0 for D110. Via is me. Forwarding it
17:04:30.939 > [1054108][I][LoraMesher.cpp:1051] addToSendOrderedAndNotify(): [LoRaMesher] Added packet to Q_SP, notifying sender task
17:04:30.950 > [1054119][V][LoraMesher.cpp:511] sendPackets(): [LoRaMesher] Stack space unused after entering the task: 1940
17:04:30.960 > [1054129][V][LoraMesher.cpp:512] sendPackets(): [LoRaMesher] Free heap: 336168
17:04:30.967 > [1054136][V][LoraMesher.cpp:518] sendPackets(): [LoRaMesher] Size of Send Packets Queue: 1
17:04:30.975 > [1054144][V][LoraMesher.cpp:525] sendPackets(): [LoRaMesher] Send n. 44
17:04:30.981 > [1054150][V][LoraMesher.cpp:455] waitBeforeSend(): [LoRaMesher] RandomDelay 325 ms
17:04:30.989 > [1054158][V][LoraMesher.cpp:641] processPackets(): [LoRaMesher] Stack space unused after entering the task: 2040
17:04:30.999 > [1054168][V][LoraMesher.cpp:642] processPackets(): [LoRaMesher] Free heap: 336196
17:04:31.313 > [1054482][V][LoraMesher.cpp:754] printHeaderPacket(): [LoRaMesher] Packet send -- Size: 17 Src: B3F0 Dst: D110 Id: 61 Type: 2 Via: F02C Seq_Id: 0 Num: 0
17:04:31.403 > [1054572][V][LoraMesher.cpp:575] sendPackets(): [LoRaMesher] TimeOnAir 63 ms, next message in 0 ms
17:04:31.412 > [1054581][I][PacketQueueService.h:80] deleteQueuePacketAndPacket(): [LoRaMesher] Deleting packet
17:04:31.421 > [1054590][I][PacketQueueService.h:83] deleteQueuePacketAndPacket(): [LoRaMesher] Deleting packet queue
17:04:32.069 > [1055238][V][LoraMesher.cpp:378] receivingRoutine(): [LoRaMesher] Stack space unused after entering the task: 2028
17:04:32.080 > [1055249][V][LoraMesher.cpp:379] receivingRoutine(): [LoRaMesher] Free heap: 336276
17:04:32.087 > [1055256][I][PacketService.cpp:12] createEmptyPacket(): [LoRaMesher] Packet created with 17 bytes
17:04:32.096 > [1055265][I][LoraMesher.cpp:392] receivingRoutine(): [LoRaMesher] Receiving LoRa packet: Size: 17 bytes RSSI: -48 SNR: 13
17:04:32.107 > [1055276][V][LoraMesher.cpp:647] processPackets(): [LoRaMesher] Size of Received Packets Queue: 1
17:04:32.116 > [1055285][I][PacketQueueService.h:80] deleteQueuePacketAndPacket(): [LoRaMesher] Deleting packet
17:04:32.125 > [1055294][I][PacketQueueService.h:83] deleteQueuePacketAndPacket(): [LoRaMesher] Deleting packet queue
17:04:32.134 > [1055303][V][LoraMesher.cpp:658] processPackets(): [LoRaMesher] TESTING: Packet not for me, deleting it
17:04:32.143 > [1055312][V][LoraMesher.cpp:641] processPackets(): [LoRaMesher] Stack space unused after entering the task: 2040
17:04:32.153 > [1055322][V][LoraMesher.cpp:642] processPackets(): [LoRaMesher] Free heap: 336276
17:04:50.226 > [1073396][V][LoraMesher.cpp:378] receivingRoutine(): [LoRaMesher] Stack space unused after entering the task: 2028
17:04:50.237 > [1073407][V][LoraMesher.cpp:379] receivingRoutine(): [LoRaMesher] Free heap: 336276
17:04:50.245 > [1073414][I][PacketService.cpp:12] createEmptyPacket(): [LoRaMesher] Packet created with 17 bytes
17:04:50.254 > [1073423][I][LoraMesher.cpp:392] receivingRoutine(): [LoRaMesher] Receiving LoRa packet: Size: 17 bytes RSSI: -49 SNR: 13
17:04:50.265 > [1073434][V][LoraMesher.cpp:647] processPackets(): [LoRaMesher] Size of Received Packets Queue: 1
17:04:50.274 > [1073443][I][PacketQueueService.h:80] deleteQueuePacketAndPacket(): [LoRaMesher] Deleting packet
17:04:50.282 > [1073451][I][PacketQueueService.h:83] deleteQueuePacketAndPacket(): [LoRaMesher] Deleting packet queue
17:04:50.291 > [1073461][V][LoraMesher.cpp:658] processPackets(): [LoRaMesher] TESTING: Packet not for me, deleting it
17:04:50.300 > [1073470][V][LoraMesher.cpp:641] processPackets(): [LoRaMesher] Stack space unused after entering the task: 2040
17:04:50.310 > [1073480][V][LoraMesher.cpp:642] processPackets(): [LoRaMesher] Free heap: 336276
17:04:51.187 > [1074357][V][LoraMesher.cpp:378] receivingRoutine(): [LoRaMesher] Stack space unused after entering the task: 2028
17:04:51.198 > [1074367][V][LoraMesher.cpp:379] receivingRoutine(): [LoRaMesher] Free heap: 336276
17:04:51.206 > [1074375][I][PacketService.cpp:12] createEmptyPacket(): [LoRaMesher] Packet created with 17 bytes
17:04:51.215 > [1074384][I][LoraMesher.cpp:392] receivingRoutine(): [LoRaMesher] Receiving LoRa packet: Size: 17 bytes RSSI: -49 SNR: 13
17:04:51.226 > [1074395][V][LoraMesher.cpp:647] processPackets(): [LoRaMesher] Size of Received Packets Queue: 1
17:04:51.235 > [1074404][V][LoraMesher.cpp:754] printHeaderPacket(): [LoRaMesher] Packet received -- Size: 17 Src: B3F0 Dst: D110 Id: 62 Type: 2 Via: AFC0 Seq_Id: 0 Num: 0
17:04:51.248 > [1074418][I][LoraMesher.cpp:854] processDataPacket(): [LoRaMesher] Data packet from B3F0, destination D110, via AFC0
17:04:51.259 > [1074428][V][LoraMesher.cpp:872] processDataPacket(): [LoRaMesher] Data Packet from B3F0 for D110. Via is me. Forwarding it
17:04:51.270 > [1074439][I][LoraMesher.cpp:1051] addToSendOrderedAndNotify(): [LoRaMesher] Added packet to Q_SP, notifying sender task
17:04:51.280 > [1074450][V][LoraMesher.cpp:511] sendPackets(): [LoRaMesher] Stack space unused after entering the task: 1940
17:04:51.290 > [1074459][V][LoraMesher.cpp:512] sendPackets(): [LoRaMesher] Free heap: 336168
17:04:51.297 > [1074466][V][LoraMesher.cpp:518] sendPackets(): [LoRaMesher] Size of Send Packets Queue: 1
17:04:51.305 > [1074474][V][LoraMesher.cpp:525] sendPackets(): [LoRaMesher] Send n. 45
17:04:51.311 > [1074481][V][LoraMesher.cpp:455] waitBeforeSend(): [LoRaMesher] RandomDelay 505 ms
17:04:51.319 > [1074488][V][LoraMesher.cpp:641] processPackets(): [LoRaMesher] Stack space unused after entering the task: 2040
17:04:51.329 > [1074498][V][LoraMesher.cpp:642] processPackets(): [LoRaMesher] Free heap: 336196
17:04:51.823 > [1074992][V][LoraMesher.cpp:754] printHeaderPacket(): [LoRaMesher] Packet send -- Size: 17 Src: B3F0 Dst: D110 Id: 62 Type: 2 Via: F02C Seq_Id: 0 Num: 0
17:04:51.912 > [1075082][V][LoraMesher.cpp:575] sendPackets(): [LoRaMesher] TimeOnAir 63 ms, next message in 0 ms
17:04:51.922 > [1075091][I][PacketQueueService.h:80] deleteQueuePacketAndPacket(): [LoRaMesher] Deleting packet
17:04:51.930 > [1075100][I][PacketQueueService.h:83] deleteQueuePacketAndPacket(): [LoRaMesher] Deleting packet queue
17:04:53.075 > [1076245][V][LoraMesher.cpp:378] receivingRoutine(): [LoRaMesher] Stack space unused after entering the task: 2028
17:04:53.086 > [1076256][V][LoraMesher.cpp:379] receivingRoutine(): [LoRaMesher] Free heap: 336276
17:04:53.094 > [1076263][I][PacketService.cpp:12] createEmptyPacket(): [LoRaMesher] Packet created with 17 bytes
17:04:53.103 > [1076272][I][LoraMesher.cpp:392] receivingRoutine(): [LoRaMesher] Receiving LoRa packet: Size: 17 bytes RSSI: -49 SNR: 13
17:04:53.114 > [1076283][V][LoraMesher.cpp:647] processPackets(): [LoRaMesher] Size of Received Packets Queue: 1
17:04:53.123 > [1076292][I][PacketQueueService.h:80] deleteQueuePacketAndPacket(): [LoRaMesher] Deleting packet
17:04:53.131 > [1076301][I][PacketQueueService.h:83] deleteQueuePacketAndPacket(): [LoRaMesher] Deleting packet queue
17:04:53.140 > [1076310][V][LoraMesher.cpp:658] processPackets(): [LoRaMesher] TESTING: Packet not for me, deleting it
17:04:53.150 > [1076319][V][LoraMesher.cpp:641] processPackets(): [LoRaMesher] Stack space unused after entering the task: 2040
17:04:53.159 > [1076329][V][LoraMesher.cpp:642] processPackets(): [LoRaMesher] Free heap: 336276
17:05:05.315 > [1088485][V][LoraMesher.cpp:598] sendHelloPacket(): [LoRaMesher] Creating Routing Packet
17:05:05.323 > [1088493][V][LoraMesher.cpp:599] sendHelloPacket(): [LoRaMesher] Stack space unused after entering the task: 2328
17:05:05.334 > [1088503][V][LoraMesher.cpp:600] sendHelloPacket(): [LoRaMesher] Free heap: 336276
17:05:05.341 > [1088511][V][PacketFactory.h:45] createPacket(): [LoRaMesher] Creating packet with 24 bytes
17:05:05.349 > [1088519][I][PacketFactory.h:74] createPacket(): [LoRaMesher] Packet created with 24 bytes
17:05:05.357 > [1088527][I][LoraMesher.h:659] setPackedForSend(): [LoRaMesher] Adding packet to Q_SP
17:05:05.365 > [1088535][I][LoraMesher.h:661] setPackedForSend(): [LoRaMesher] Created packet to Q_SP
17:05:05.372 > [1088542][I][LoraMesher.cpp:1051] addToSendOrderedAndNotify(): [LoRaMesher] Added packet to Q_SP, notifying sender task
17:05:05.382 > [1088553][V][LoraMesher.cpp:511] sendPackets(): [LoRaMesher] Stack space unused after entering the task: 1940
17:05:05.393 > [1088563][V][LoraMesher.cpp:512] sendPackets(): [LoRaMesher] Free heap: 336172
17:05:05.400 > [1088570][V][LoraMesher.cpp:518] sendPackets(): [LoRaMesher] Size of Send Packets Queue: 1
17:05:05.407 > [1088578][V][LoraMesher.cpp:525] sendPackets(): [LoRaMesher] Send n. 46
17:05:05.414 > [1088584][V][LoraMesher.cpp:455] waitBeforeSend(): [LoRaMesher] RandomDelay 497 ms
17:05:05.918 > [1089088][V][LoraMesher.cpp:754] printHeaderPacket(): [LoRaMesher] Packet send -- Size: 24 Src: AFC0 Dst: FFFF Id: 10 Type: 4 Via: 0 Seq_Id: 0 Num: 0
17:05:06.022 > [1089193][V][LoraMesher.cpp:575] sendPackets(): [LoRaMesher] TimeOnAir 78 ms, next message in 0 ms
17:05:06.031 > [1089201][I][PacketQueueService.h:80] deleteQueuePacketAndPacket(): [LoRaMesher] Deleting packet
17:05:06.040 > [1089210][I][PacketQueueService.h:83] deleteQueuePacketAndPacket(): [LoRaMesher] Deleting packet queue
17:05:06.891 > [1090061][V][LoraMesher.cpp:378] receivingRoutine(): [LoRaMesher] Stack space unused after entering the task: 2028
17:05:06.901 > [1090072][V][LoraMesher.cpp:379] receivingRoutine(): [LoRaMesher] Free heap: 336276
17:05:06.909 > [1090079][I][PacketService.cpp:12] createEmptyPacket(): [LoRaMesher] Packet created with 24 bytes
17:05:06.918 > [1090088][I][LoraMesher.cpp:392] receivingRoutine(): [LoRaMesher] Receiving LoRa packet: Size: 24 bytes RSSI: -49 SNR: 13
17:05:06.929 > [1090099][V][LoraMesher.cpp:647] processPackets(): [LoRaMesher] Size of Received Packets Queue: 1
17:05:06.937 > [1090108][I][PacketQueueService.h:80] deleteQueuePacketAndPacket(): [LoRaMesher] Deleting packet
17:05:06.946 > [1090117][I][PacketQueueService.h:83] deleteQueuePacketAndPacket(): [LoRaMesher] Deleting packet queue
17:05:06.956 > [1090126][V][LoraMesher.cpp:658] processPackets(): [LoRaMesher] TESTING: Packet not for me, deleting it
17:05:06.964 > [1090135][V][LoraMesher.cpp:641] processPackets(): [LoRaMesher] Stack space unused after entering the task: 2040
17:05:06.975 > [1090145][V][LoraMesher.cpp:642] processPackets(): [LoRaMesher] Free heap: 336276
17:05:07.911 > [1091082][V][LoraMesher.cpp:378] receivingRoutine(): [LoRaMesher] Stack space unused after entering the task: 2028
17:05:07.922 > [1091092][V][LoraMesher.cpp:379] receivingRoutine(): [LoRaMesher] Free heap: 336276
17:05:07.929 > [1091100][I][PacketService.cpp:12] createEmptyPacket(): [LoRaMesher] Packet created with 24 bytes
17:05:07.939 > [1091109][I][LoraMesher.cpp:392] receivingRoutine(): [LoRaMesher] Receiving LoRa packet: Size: 24 bytes RSSI: -51 SNR: 13
17:05:07.950 > [1091120][V][LoraMesher.cpp:647] processPackets(): [LoRaMesher] Size of Received Packets Queue: 1
17:05:07.958 > [1091129][I][PacketQueueService.h:80] deleteQueuePacketAndPacket(): [LoRaMesher] Deleting packet
17:05:07.967 > [1091137][I][PacketQueueService.h:83] deleteQueuePacketAndPacket(): [LoRaMesher] Deleting packet queue
17:05:07.977 > [1091146][V][LoraMesher.cpp:658] processPackets(): [LoRaMesher] TESTING: Packet not for me, deleting it
17:05:07.985 > [1091156][V][LoraMesher.cpp:641] processPackets(): [LoRaMesher] Stack space unused after entering the task: 2040
17:05:07.996 > [1091166][V][LoraMesher.cpp:642] processPackets(): [LoRaMesher] Free heap: 336276
17:05:09.751 > [1092921][V][LoraMesher.cpp:378] receivingRoutine(): [LoRaMesher] Stack space unused after entering the task: 2028
17:05:09.761 > [1092932][V][LoraMesher.cpp:379] receivingRoutine(): [LoRaMesher] Free heap: 336276
17:05:09.769 > [1092939][I][PacketService.cpp:12] createEmptyPacket(): [LoRaMesher] Packet created with 17 bytes
17:05:09.777 > [1092948][I][LoraMesher.cpp:392] receivingRoutine(): [LoRaMesher] Receiving LoRa packet: Size: 17 bytes RSSI: -49 SNR: 12
17:05:09.788 > [1092959][V][LoraMesher.cpp:647] processPackets(): [LoRaMesher] Size of Received Packets Queue: 1
17:05:09.797 > [1092968][I][PacketQueueService.h:80] deleteQueuePacketAndPacket(): [LoRaMesher] Deleting packet
17:05:09.807 > [1092976][I][PacketQueueService.h:83] deleteQueuePacketAndPacket(): [LoRaMesher] Deleting packet queue
17:05:09.815 > [1092986][V][LoraMesher.cpp:658] processPackets(): [LoRaMesher] TESTING: Packet not for me, deleting it
17:05:09.825 > [1092995][V][LoraMesher.cpp:641] processPackets(): [LoRaMesher] Stack space unused after entering the task: 2040
17:05:09.834 > [1093005][V][LoraMesher.cpp:642] processPackets(): [LoRaMesher] Free heap: 336276
17:05:10.014 > [1093184][V][LoraMesher.cpp:378] receivingRoutine(): [LoRaMesher] Stack space unused after entering the task: 2028
17:05:10.024 > [1093195][V][LoraMesher.cpp:379] receivingRoutine(): [LoRaMesher] Free heap: 336276
17:05:10.031 > [1093202][I][PacketService.cpp:12] createEmptyPacket(): [LoRaMesher] Packet created with 24 bytes
17:05:10.040 > [1093211][I][LoraMesher.cpp:392] receivingRoutine(): [LoRaMesher] Receiving LoRa packet: Size: 24 bytes RSSI: -50 SNR: 12
17:05:10.052 > [1093222][V][LoraMesher.cpp:647] processPackets(): [LoRaMesher] Size of Received Packets Queue: 1
17:05:10.060 > [1093231][V][LoraMesher.cpp:754] printHeaderPacket(): [LoRaMesher] Packet received -- Size: 24 Src: DE6C Dst: FFFF Id: 9 Type: 4 Via: 0 Seq_Id: 0 Num: 0
17:05:10.075 > [1093245][I][RoutingTableService.cpp:77] processRoute(): [LoRaMesher] Route packet from DE6C with size 4
17:05:10.083 > [1093254][I][RoutingTableService.cpp:99] resetReceiveSNRRoutePacket(): [LoRaMesher] Reset Receive SNR from DE6C: 12
17:05:10.093 > [1093264][I][RoutingTableService.cpp:192] printRoutingTable(): [LoRaMesher] Current routing table:
17:05:10.102 > [1093273][I][RoutingTableService.cpp:206] printRoutingTable(): [LoRaMesher] 0 - F02C via F02C metric 1 Role 0
17:05:10.112 > [1093283][I][RoutingTableService.cpp:206] printRoutingTable(): [LoRaMesher] 1 - D110 via F02C metric 2 Role 1
17:05:10.122 > [1093292][I][RoutingTableService.cpp:206] printRoutingTable(): [LoRaMesher] 2 - DE6C via DE6C metric 1 Role 0
17:05:10.131 > [1093302][I][RoutingTableService.cpp:206] printRoutingTable(): [LoRaMesher] 3 - B3F0 via DE6C metric 2 Role 0
17:05:10.141 > [1093312][I][PacketQueueService.h:80] deleteQueuePacketAndPacket(): [LoRaMesher] Deleting packet
17:05:10.150 > [1093320][I][PacketQueueService.h:83] deleteQueuePacketAndPacket(): [LoRaMesher] Deleting packet queue
17:05:10.159 > [1093329][V][LoraMesher.cpp:641] processPackets(): [LoRaMesher] Stack space unused after entering the task: 2040
17:05:10.169 > [1093339][V][LoraMesher.cpp:642] processPackets(): [LoRaMesher] Free heap: 336276
17:05:11.138 > [1094308][V][LoraMesher.cpp:378] receivingRoutine(): [LoRaMesher] Stack space unused after entering the task: 2028
17:05:11.148 > [1094319][V][LoraMesher.cpp:379] receivingRoutine(): [LoRaMesher] Free heap: 336276
17:05:11.155 > [1094326][I][PacketService.cpp:12] createEmptyPacket(): [LoRaMesher] Packet created with 24 bytes
17:05:11.164 > [1094335][I][LoraMesher.cpp:392] receivingRoutine(): [LoRaMesher] Receiving LoRa packet: Size: 24 bytes RSSI: -49 SNR: 13
17:05:11.176 > [1094346][V][LoraMesher.cpp:647] processPackets(): [LoRaMesher] Size of Received Packets Queue: 1
17:05:11.184 > [1094355][V][LoraMesher.cpp:754] printHeaderPacket(): [LoRaMesher] Packet received -- Size: 24 Src: F02C Dst: FFFF Id: 9 Type: 4 Via: 0 Seq_Id: 0 Num: 0
17:05:11.198 > [1094369][I][RoutingTableService.cpp:77] processRoute(): [LoRaMesher] Route packet from F02C with size 4
17:05:11.208 > [1094378][I][RoutingTableService.cpp:99] resetReceiveSNRRoutePacket(): [LoRaMesher] Reset Receive SNR from F02C: 13
17:05:11.218 > [1094388][I][RoutingTableService.cpp:192] printRoutingTable(): [LoRaMesher] Current routing table:
17:05:11.226 > [1094397][I][RoutingTableService.cpp:206] printRoutingTable(): [LoRaMesher] 0 - F02C via F02C metric 1 Role 0
17:05:11.237 > [1094407][I][RoutingTableService.cpp:206] printRoutingTable(): [LoRaMesher] 1 - D110 via F02C metric 2 Role 1
17:05:11.246 > [1094416][I][RoutingTableService.cpp:206] printRoutingTable(): [LoRaMesher] 2 - DE6C via DE6C metric 1 Role 0
17:05:11.255 > [1094426][I][RoutingTableService.cpp:206] printRoutingTable(): [LoRaMesher] 3 - B3F0 via DE6C metric 2 Role 0
17:05:11.265 > [1094436][I][PacketQueueService.h:80] deleteQueuePacketAndPacket(): [LoRaMesher] Deleting packet
17:05:11.274 > [1094444][I][PacketQueueService.h:83] deleteQueuePacketAndPacket(): [LoRaMesher] Deleting packet queue
17:05:11.283 > [1094453][V][LoraMesher.cpp:641] processPackets(): [LoRaMesher] Stack space unused after entering the task: 2040
17:05:11.294 > [1094464][V][LoraMesher.cpp:642] processPackets(): [LoRaMesher] Free heap: 336276
17:05:12.018 > [1095189][V][LoraMesher.cpp:378] receivingRoutine(): [LoRaMesher] Stack space unused after entering the task: 2028
17:05:12.029 > [1095199][V][LoraMesher.cpp:379] receivingRoutine(): [LoRaMesher] Free heap: 336276
17:05:12.036 > [1095207][I][PacketService.cpp:12] createEmptyPacket(): [LoRaMesher] Packet created with 17 bytes
17:05:12.045 > [1095216][I][LoraMesher.cpp:392] receivingRoutine(): [LoRaMesher] Receiving LoRa packet: Size: 17 bytes RSSI: -49 SNR: 12
17:05:12.056 > [1095227][V][LoraMesher.cpp:647] processPackets(): [LoRaMesher] Size of Received Packets Queue: 1
17:05:12.065 > [1095235][V][LoraMesher.cpp:754] printHeaderPacket(): [LoRaMesher] Packet received -- Size: 17 Src: B3F0 Dst: D110 Id: 64 Type: 2 Via: AFC0 Seq_Id: 0 Num: 0
17:05:12.079 > [1095249][I][LoraMesher.cpp:854] processDataPacket(): [LoRaMesher] Data packet from B3F0, destination D110, via AFC0
17:05:12.089 > [1095260][V][LoraMesher.cpp:872] processDataPacket(): [LoRaMesher] Data Packet from B3F0 for D110. Via is me. Forwarding it
17:05:12.100 > [1095271][I][LoraMesher.cpp:1051] addToSendOrderedAndNotify(): [LoRaMesher] Added packet to Q_SP, notifying sender task
17:05:12.110 > [1095281][V][LoraMesher.cpp:511] sendPackets(): [LoRaMesher] Stack space unused after entering the task: 1940
17:05:12.120 > [1095291][V][LoraMesher.cpp:512] sendPackets(): [LoRaMesher] Free heap: 336168
17:05:12.127 > [1095298][V][LoraMesher.cpp:518] sendPackets(): [LoRaMesher] Size of Send Packets Queue: 1
17:05:12.135 > [1095306][V][LoraMesher.cpp:525] sendPackets(): [LoRaMesher] Send n. 47
17:05:12.142 > [1095313][V][LoraMesher.cpp:455] waitBeforeSend(): [LoRaMesher] RandomDelay 1045 ms
17:05:12.149 > [1095320][V][LoraMesher.cpp:641] processPackets(): [LoRaMesher] Stack space unused after entering the task: 2040
17:05:12.159 > [1095330][V][LoraMesher.cpp:642] processPackets(): [LoRaMesher] Free heap: 336196
17:05:13.194 > [1096364][V][LoraMesher.cpp:754] printHeaderPacket(): [LoRaMesher] Packet send -- Size: 17 Src: B3F0 Dst: D110 Id: 64 Type: 2 Via: F02C Seq_Id: 0 Num: 0
17:05:13.283 > [1096454][V][LoraMesher.cpp:575] sendPackets(): [LoRaMesher] TimeOnAir 63 ms, next message in 0 ms
17:05:13.292 > [1096463][I][PacketQueueService.h:80] deleteQueuePacketAndPacket(): [LoRaMesher] Deleting packet
17:05:13.301 > [1096472][I][PacketQueueService.h:83] deleteQueuePacketAndPacket(): [LoRaMesher] Deleting packet queue
17:05:14.140 > [1097310][V][LoraMesher.cpp:378] receivingRoutine(): [LoRaMesher] Stack space unused after entering the task: 2028
17:05:14.150 > [1097321][V][LoraMesher.cpp:379] receivingRoutine(): [LoRaMesher] Free heap: 336276
17:05:14.157 > [1097328][I][PacketService.cpp:12] createEmptyPacket(): [LoRaMesher] Packet created with 17 bytes
17:05:14.166 > [1097337][I][LoraMesher.cpp:392] receivingRoutine(): [LoRaMesher] Receiving LoRa packet: Size: 17 bytes RSSI: -49 SNR: 13
17:05:14.178 > [1097348][V][LoraMesher.cpp:647] processPackets(): [LoRaMesher] Size of Received Packets Queue: 1
17:05:14.186 > [1097357][I][PacketQueueService.h:80] deleteQueuePacketAndPacket(): [LoRaMesher] Deleting packet
17:05:14.195 > [1097366][I][PacketQueueService.h:83] deleteQueuePacketAndPacket(): [LoRaMesher] Deleting packet queue
17:05:14.204 > [1097375][V][LoraMesher.cpp:658] processPackets(): [LoRaMesher] TESTING: Packet not for me, deleting it
17:05:14.213 > [1097384][V][LoraMesher.cpp:641] processPackets(): [LoRaMesher] Stack space unused after entering the task: 2040
17:05:14.223 > [1097394][V][LoraMesher.cpp:642] processPackets(): [LoRaMesher] Free heap: 336276
17:05:29.637 > [1112808][V][LoraMesher.cpp:378] receivingRoutine(): [LoRaMesher] Stack space unused after entering the task: 2028
17:05:29.647 > [1112819][V][LoraMesher.cpp:379] receivingRoutine(): [LoRaMesher] Free heap: 336276
17:05:29.655 > [1112826][I][PacketService.cpp:12] createEmptyPacket(): [LoRaMesher] Packet created with 17 bytes
17:05:29.664 > [1112835][I][LoraMesher.cpp:392] receivingRoutine(): [LoRaMesher] Receiving LoRa packet: Size: 17 bytes RSSI: -49 SNR: 13
17:05:29.675 > [1112846][V][LoraMesher.cpp:647] processPackets(): [LoRaMesher] Size of Received Packets Queue: 1
17:05:29.684 > [1112855][I][PacketQueueService.h:80] deleteQueuePacketAndPacket(): [LoRaMesher] Deleting packet
17:05:29.692 > [1112864][I][PacketQueueService.h:83] deleteQueuePacketAndPacket(): [LoRaMesher] Deleting packet queue
17:05:29.701 > [1112873][V][LoraMesher.cpp:658] processPackets(): [LoRaMesher] TESTING: Packet not for me, deleting it
17:05:29.711 > [1112882][V][LoraMesher.cpp:641] processPackets(): [LoRaMesher] Stack space unused after entering the task: 2040
17:05:29.721 > [1112892][V][LoraMesher.cpp:642] processPackets(): [LoRaMesher] Free heap: 336276
17:05:30.106 > [1113277][V][LoraMesher.cpp:378] receivingRoutine(): [LoRaMesher] Stack space unused after entering the task: 2028
17:05:30.116 > [1113288][V][LoraMesher.cpp:379] receivingRoutine(): [LoRaMesher] Free heap: 336276
17:05:30.124 > [1113295][I][PacketService.cpp:12] createEmptyPacket(): [LoRaMesher] Packet created with 17 bytes
17:05:30.134 > [1113304][I][LoraMesher.cpp:392] receivingRoutine(): [LoRaMesher] Receiving LoRa packet: Size: 17 bytes RSSI: -50 SNR: 13
17:05:30.144 > [1113315][V][LoraMesher.cpp:647] processPackets(): [LoRaMesher] Size of Received Packets Queue: 1
17:05:30.153 > [1113324][V][LoraMesher.cpp:754] printHeaderPacket(): [LoRaMesher] Packet received -- Size: 17 Src: B3F0 Dst: D110 Id: 65 Type: 2 Via: AFC0 Seq_Id: 0 Num: 0
17:05:30.167 > [1113338][I][LoraMesher.cpp:854] processDataPacket(): [LoRaMesher] Data packet from B3F0, destination D110, via AFC0
17:05:30.177 > [1113348][V][LoraMesher.cpp:872] processDataPacket(): [LoRaMesher] Data Packet from B3F0 for D110. Via is me. Forwarding it
17:05:30.188 > [1113359][I][LoraMesher.cpp:1051] addToSendOrderedAndNotify(): [LoRaMesher] Added packet to Q_SP, notifying sender task
17:05:30.199 > [1113370][V][LoraMesher.cpp:511] sendPackets(): [LoRaMesher] Stack space unused after entering the task: 1940
17:05:30.208 > [1113380][V][LoraMesher.cpp:512] sendPackets(): [LoRaMesher] Free heap: 336168
17:05:30.215 > [1113387][V][LoraMesher.cpp:518] sendPackets(): [LoRaMesher] Size of Send Packets Queue: 1
17:05:30.223 > [1113395][V][LoraMesher.cpp:525] sendPackets(): [LoRaMesher] Send n. 48
17:05:30.230 > [1113401][V][LoraMesher.cpp:455] waitBeforeSend(): [LoRaMesher] RandomDelay 820 ms
17:05:30.237 > [1113408][V][LoraMesher.cpp:641] processPackets(): [LoRaMesher] Stack space unused after entering the task: 2040
17:05:30.247 > [1113418][V][LoraMesher.cpp:642] processPackets(): [LoRaMesher] Free heap: 336196
17:05:31.057 > [1114228][V][LoraMesher.cpp:754] printHeaderPacket(): [LoRaMesher] Packet send -- Size: 17 Src: B3F0 Dst: D110 Id: 65 Type: 2 Via: F02C Seq_Id: 0 Num: 0
17:05:31.147 > [1114318][V][LoraMesher.cpp:575] sendPackets(): [LoRaMesher] TimeOnAir 63 ms, next message in 0 ms
17:05:31.156 > [1114327][I][PacketQueueService.h:80] deleteQueuePacketAndPacket(): [LoRaMesher] Deleting packet
17:05:31.165 > [1114336][I][PacketQueueService.h:83] deleteQueuePacketAndPacket(): [LoRaMesher] Deleting packet queue
17:05:32.486 > [1115657][V][LoraMesher.cpp:378] receivingRoutine(): [LoRaMesher] Stack space unused after entering the task: 2028
17:05:32.496 > [1115668][V][LoraMesher.cpp:379] receivingRoutine(): [LoRaMesher] Free heap: 336276
17:05:32.504 > [1115675][I][PacketService.cpp:12] createEmptyPacket(): [LoRaMesher] Packet created with 17 bytes
17:05:32.513 > [1115684][I][LoraMesher.cpp:392] receivingRoutine(): [LoRaMesher] Receiving LoRa packet: Size: 17 bytes RSSI: -49 SNR: 13
17:05:32.524 > [1115695][V][LoraMesher.cpp:647] processPackets(): [LoRaMesher] Size of Received Packets Queue: 1
17:05:32.533 > [1115704][I][PacketQueueService.h:80] deleteQueuePacketAndPacket(): [LoRaMesher] Deleting packet
17:05:32.541 > [1115713][I][PacketQueueService.h:83] deleteQueuePacketAndPacket(): [LoRaMesher] Deleting packet queue
17:05:32.551 > [1115722][V][LoraMesher.cpp:658] processPackets(): [LoRaMesher] TESTING: Packet not for me, deleting it
17:05:32.560 > [1115731][V][LoraMesher.cpp:641] processPackets(): [LoRaMesher] Stack space unused after entering the task: 2040
17:05:32.570 > [1115741][V][LoraMesher.cpp:642] processPackets(): [LoRaMesher] Free heap: 336276
17:05:50.579 > [1133750][V][LoraMesher.cpp:378] receivingRoutine(): [LoRaMesher] Stack space unused after entering the task: 2028
17:05:50.589 > [1133761][V][LoraMesher.cpp:379] receivingRoutine(): [LoRaMesher] Free heap: 336276
17:05:50.596 > [1133768][I][PacketService.cpp:12] createEmptyPacket(): [LoRaMesher] Packet created with 17 bytes
17:05:50.605 > [1133777][I][LoraMesher.cpp:392] receivingRoutine(): [LoRaMesher] Receiving LoRa packet: Size: 17 bytes RSSI: -49 SNR: 13
17:05:50.617 > [1133788][V][LoraMesher.cpp:647] processPackets(): [LoRaMesher] Size of Received Packets Queue: 1
17:05:50.625 > [1133797][I][PacketQueueService.h:80] deleteQueuePacketAndPacket(): [LoRaMesher] Deleting packet
17:05:50.634 > [1133806][I][PacketQueueService.h:83] deleteQueuePacketAndPacket(): [LoRaMesher] Deleting packet queue
17:05:50.643 > [1133815][V][LoraMesher.cpp:658] processPackets(): [LoRaMesher] TESTING: Packet not for me, deleting it
17:05:50.652 > [1133824][V][LoraMesher.cpp:641] processPackets(): [LoRaMesher] Stack space unused after entering the task: 2040
17:05:50.662 > [1133834][V][LoraMesher.cpp:642] processPackets(): [LoRaMesher] Free heap: 336276
17:05:51.766 > [1134938][V][LoraMesher.cpp:378] receivingRoutine(): [LoRaMesher] Stack space unused after entering the task: 2028
17:05:51.777 > [1134948][V][LoraMesher.cpp:379] receivingRoutine(): [LoRaMesher] Free heap: 336276
17:05:51.784 > [1134956][I][PacketService.cpp:12] createEmptyPacket(): [LoRaMesher] Packet created with 17 bytes
17:05:51.793 > [1134965][I][LoraMesher.cpp:392] receivingRoutine(): [LoRaMesher] Receiving LoRa packet: Size: 17 bytes RSSI: -49 SNR: 13
17:05:51.804 > [1134976][V][LoraMesher.cpp:647] processPackets(): [LoRaMesher] Size of Received Packets Queue: 1
17:05:51.813 > [1134985][V][LoraMesher.cpp:754] printHeaderPacket(): [LoRaMesher] Packet received -- Size: 17 Src: B3F0 Dst: D110 Id: 66 Type: 2 Via: AFC0 Seq_Id: 0 Num: 0
17:05:51.827 > [1134999][I][LoraMesher.cpp:854] processDataPacket(): [LoRaMesher] Data packet from B3F0, destination D110, via AFC0
17:05:51.837 > [1135009][V][LoraMesher.cpp:872] processDataPacket(): [LoRaMesher] Data Packet from B3F0 for D110. Via is me. Forwarding it
17:05:51.848 > [1135020][I][LoraMesher.cpp:1051] addToSendOrderedAndNotify(): [LoRaMesher] Added packet to Q_SP, notifying sender task
17:05:51.859 > [1135030][V][LoraMesher.cpp:511] sendPackets(): [LoRaMesher] Stack space unused after entering the task: 1940
17:05:51.869 > [1135040][V][LoraMesher.cpp:512] sendPackets(): [LoRaMesher] Free heap: 336168
17:05:51.876 > [1135047][V][LoraMesher.cpp:518] sendPackets(): [LoRaMesher] Size of Send Packets Queue: 1
17:05:51.884 > [1135055][V][LoraMesher.cpp:525] sendPackets(): [LoRaMesher] Send n. 49
17:05:51.890 > [1135062][V][LoraMesher.cpp:455] waitBeforeSend(): [LoRaMesher] RandomDelay 1115 ms
17:05:51.898 > [1135069][V][LoraMesher.cpp:641] processPackets(): [LoRaMesher] Stack space unused after entering the task: 2040
17:05:51.908 > [1135079][V][LoraMesher.cpp:642] processPackets(): [LoRaMesher] Free heap: 336196
17:05:53.011 > [1136183][V][LoraMesher.cpp:754] printHeaderPacket(): [LoRaMesher] Packet send -- Size: 17 Src: B3F0 Dst: D110 Id: 66 Type: 2 Via: F02C Seq_Id: 0 Num: 0
17:05:53.101 > [1136273][V][LoraMesher.cpp:575] sendPackets(): [LoRaMesher] TimeOnAir 63 ms, next message in 0 ms
17:05:53.110 > [1136282][I][PacketQueueService.h:80] deleteQueuePacketAndPacket(): [LoRaMesher] Deleting packet
17:05:53.119 > [1136291][I][PacketQueueService.h:83] deleteQueuePacketAndPacket(): [LoRaMesher] Deleting packet queue
17:05:53.685 > [1136858][V][LoraMesher.cpp:378] receivingRoutine(): [LoRaMesher] Stack space unused after entering the task: 2028
17:05:53.696 > [1136868][V][LoraMesher.cpp:379] receivingRoutine(): [LoRaMesher] Free heap: 336276
17:05:53.704 > [1136875][I][PacketService.cpp:12] createEmptyPacket(): [LoRaMesher] Packet created with 17 bytes
17:05:53.713 > [1136884][I][LoraMesher.cpp:392] receivingRoutine(): [LoRaMesher] Receiving LoRa packet: Size: 17 bytes RSSI: -50 SNR: 13
17:05:53.724 > [1136895][V][LoraMesher.cpp:647] processPackets(): [LoRaMesher] Size of Received Packets Queue: 1
17:05:53.732 > [1136904][I][PacketQueueService.h:80] deleteQueuePacketAndPacket(): [LoRaMesher] Deleting packet
17:05:53.742 > [1136913][I][PacketQueueService.h:83] deleteQueuePacketAndPacket(): [LoRaMesher] Deleting packet queue
17:05:53.750 > [1136922][V][LoraMesher.cpp:658] processPackets(): [LoRaMesher] TESTING: Packet not for me, deleting it
17:05:53.759 > [1136931][V][LoraMesher.cpp:641] processPackets(): [LoRaMesher] Stack space unused after entering the task: 2040
17:05:53.769 > [1136941][V][LoraMesher.cpp:642] processPackets(): [LoRaMesher] Free heap: 336276
17:06:09.945 > [1153117][V][LoraMesher.cpp:378] receivingRoutine(): [LoRaMesher] Stack space unused after entering the task: 2028
17:06:09.956 > [1153128][V][LoraMesher.cpp:379] receivingRoutine(): [LoRaMesher] Free heap: 336276
17:06:09.963 > [1153135][I][PacketService.cpp:12] createEmptyPacket(): [LoRaMesher] Packet created with 17 bytes
17:06:09.972 > [1153144][I][LoraMesher.cpp:392] receivingRoutine(): [LoRaMesher] Receiving LoRa packet: Size: 17 bytes RSSI: -49 SNR: 12
17:06:09.983 > [1153155][V][LoraMesher.cpp:647] processPackets(): [LoRaMesher] Size of Received Packets Queue: 1
17:06:09.992 > [1153164][I][PacketQueueService.h:80] deleteQueuePacketAndPacket(): [LoRaMesher] Deleting packet
17:06:10.000 > [1153173][I][PacketQueueService.h:83] deleteQueuePacketAndPacket(): [LoRaMesher] Deleting packet queue
17:06:10.010 > [1153182][V][LoraMesher.cpp:658] processPackets(): [LoRaMesher] TESTING: Packet not for me, deleting it
17:06:10.019 > [1153191][V][LoraMesher.cpp:641] processPackets(): [LoRaMesher] Stack space unused after entering the task: 2040
17:06:10.029 > [1153201][V][LoraMesher.cpp:642] processPackets(): [LoRaMesher] Free heap: 336276
17:06:10.615 > [1153788][V][LoraMesher.cpp:378] receivingRoutine(): [LoRaMesher] Stack space unused after entering the task: 2028
17:06:10.626 > [1153798][V][LoraMesher.cpp:379] receivingRoutine(): [LoRaMesher] Free heap: 336276
17:06:10.633 > [1153805][I][PacketService.cpp:12] createEmptyPacket(): [LoRaMesher] Packet created with 17 bytes
17:06:10.642 > [1153814][I][LoraMesher.cpp:392] receivingRoutine(): [LoRaMesher] Receiving LoRa packet: Size: 17 bytes RSSI: -50 SNR: 12
17:06:10.653 > [1153826][V][LoraMesher.cpp:647] processPackets(): [LoRaMesher] Size of Received Packets Queue: 1
17:06:10.662 > [1153834][V][LoraMesher.cpp:754] printHeaderPacket(): [LoRaMesher] Packet received -- Size: 17 Src: B3F0 Dst: D110 Id: 67 Type: 2 Via: AFC0 Seq_Id: 0 Num: 0
17:06:10.676 > [1153848][I][LoraMesher.cpp:854] processDataPacket(): [LoRaMesher] Data packet from B3F0, destination D110, via AFC0
17:06:10.686 > [1153858][V][LoraMesher.cpp:872] processDataPacket(): [LoRaMesher] Data Packet from B3F0 for D110. Via is me. Forwarding it
17:06:10.697 > [1153869][I][LoraMesher.cpp:1051] addToSendOrderedAndNotify(): [LoRaMesher] Added packet to Q_SP, notifying sender task
17:06:10.708 > [1153880][V][LoraMesher.cpp:511] sendPackets(): [LoRaMesher] Stack space unused after entering the task: 1940
17:06:10.718 > [1153890][V][LoraMesher.cpp:512] sendPackets(): [LoRaMesher] Free heap: 336168
17:06:10.725 > [1153897][V][LoraMesher.cpp:518] sendPackets(): [LoRaMesher] Size of Send Packets Queue: 1
17:06:10.733 > [1153905][V][LoraMesher.cpp:525] sendPackets(): [LoRaMesher] Send n. 50
17:06:10.739 > [1153911][V][LoraMesher.cpp:455] waitBeforeSend(): [LoRaMesher] RandomDelay 961 ms
17:06:10.747 > [1153919][V][LoraMesher.cpp:641] processPackets(): [LoRaMesher] Stack space unused after entering the task: 2040
17:06:10.757 > [1153929][V][LoraMesher.cpp:642] processPackets(): [LoRaMesher] Free heap: 336196
17:06:11.707 > [1154879][V][LoraMesher.cpp:754] printHeaderPacket(): [LoRaMesher] Packet send -- Size: 17 Src: B3F0 Dst: D110 Id: 67 Type: 2 Via: F02C Seq_Id: 0 Num: 0
17:06:11.797 > [1154969][V][LoraMesher.cpp:575] sendPackets(): [LoRaMesher] TimeOnAir 63 ms, next message in 0 ms
17:06:11.806 > [1154978][I][PacketQueueService.h:80] deleteQueuePacketAndPacket(): [LoRaMesher] Deleting packet
17:06:11.815 > [1154987][I][PacketQueueService.h:83] deleteQueuePacketAndPacket(): [LoRaMesher] Deleting packet queue
17:06:12.609 > [1155782][V][LoraMesher.cpp:378] receivingRoutine(): [LoRaMesher] Stack space unused after entering the task: 2028
17:06:12.620 > [1155792][V][LoraMesher.cpp:379] receivingRoutine(): [LoRaMesher] Free heap: 336276
17:06:12.627 > [1155799][I][PacketService.cpp:12] createEmptyPacket(): [LoRaMesher] Packet created with 17 bytes
17:06:12.636 > [1155808][I][LoraMesher.cpp:392] receivingRoutine(): [LoRaMesher] Receiving LoRa packet: Size: 17 bytes RSSI: -50 SNR: 13
17:06:12.647 > [1155820][V][LoraMesher.cpp:647] processPackets(): [LoRaMesher] Size of Received Packets Queue: 1
17:06:12.656 > [1155828][I][PacketQueueService.h:80] deleteQueuePacketAndPacket(): [LoRaMesher] Deleting packet
17:06:12.665 > [1155837][I][PacketQueueService.h:83] deleteQueuePacketAndPacket(): [LoRaMesher] Deleting packet queue
17:06:12.674 > [1155846][V][LoraMesher.cpp:658] processPackets(): [LoRaMesher] TESTING: Packet not for me, deleting it
17:06:12.683 > [1155855][V][LoraMesher.cpp:641] processPackets(): [LoRaMesher] Stack space unused after entering the task: 2040
17:06:12.693 > [1155865][V][LoraMesher.cpp:642] processPackets(): [LoRaMesher] Free heap: 336276
17:06:29.939 > [1173112][V][LoraMesher.cpp:378] receivingRoutine(): [LoRaMesher] Stack space unused after entering the task: 2028
17:06:29.949 > [1173123][V][LoraMesher.cpp:379] receivingRoutine(): [LoRaMesher] Free heap: 336276
17:06:29.957 > [1173130][I][PacketService.cpp:12] createEmptyPacket(): [LoRaMesher] Packet created with 17 bytes
17:06:29.967 > [1173139][I][LoraMesher.cpp:392] receivingRoutine(): [LoRaMesher] Receiving LoRa packet: Size: 17 bytes RSSI: -49 SNR: 13
17:06:29.977 > [1173150][V][LoraMesher.cpp:647] processPackets(): [LoRaMesher] Size of Received Packets Queue: 1
17:06:29.986 > [1173159][I][PacketQueueService.h:80] deleteQueuePacketAndPacket(): [LoRaMesher] Deleting packet
17:06:29.994 > [1173168][I][PacketQueueService.h:83] deleteQueuePacketAndPacket(): [LoRaMesher] Deleting packet queue
17:06:30.003 > [1173177][V][LoraMesher.cpp:658] processPackets(): [LoRaMesher] TESTING: Packet not for me, deleting it
17:06:30.013 > [1173186][V][LoraMesher.cpp:641] processPackets(): [LoRaMesher] Stack space unused after entering the task: 2040
17:06:30.022 > [1173196][V][LoraMesher.cpp:642] processPackets(): [LoRaMesher] Free heap: 336276
17:06:31.013 > [1174186][V][LoraMesher.cpp:378] receivingRoutine(): [LoRaMesher] Stack space unused after entering the task: 2028
17:06:31.023 > [1174197][V][LoraMesher.cpp:379] receivingRoutine(): [LoRaMesher] Free heap: 336276
17:06:31.031 > [1174204][I][PacketService.cpp:12] createEmptyPacket(): [LoRaMesher] Packet created with 17 bytes
17:06:31.039 > [1174213][I][LoraMesher.cpp:392] receivingRoutine(): [LoRaMesher] Receiving LoRa packet: Size: 17 bytes RSSI: -49 SNR: 12
17:06:31.051 > [1174224][V][LoraMesher.cpp:647] processPackets(): [LoRaMesher] Size of Received Packets Queue: 1
17:06:31.059 > [1174233][V][LoraMesher.cpp:754] printHeaderPacket(): [LoRaMesher] Packet received -- Size: 17 Src: B3F0 Dst: D110 Id: 68 Type: 2 Via: AFC0 Seq_Id: 0 Num: 0
17:06:31.073 > [1174247][I][LoraMesher.cpp:854] processDataPacket(): [LoRaMesher] Data packet from B3F0, destination D110, via AFC0
17:06:31.084 > [1174257][V][LoraMesher.cpp:872] processDataPacket(): [LoRaMesher] Data Packet from B3F0 for D110. Via is me. Forwarding it
17:06:31.094 > [1174268][I][LoraMesher.cpp:1051] addToSendOrderedAndNotify(): [LoRaMesher] Added packet to Q_SP, notifying sender task
17:06:31.105 > [1174279][V][LoraMesher.cpp:511] sendPackets(): [LoRaMesher] Stack space unused after entering the task: 1940
17:06:31.115 > [1174288][V][LoraMesher.cpp:512] sendPackets(): [LoRaMesher] Free heap: 336168
17:06:31.122 > [1174295][V][LoraMesher.cpp:518] sendPackets(): [LoRaMesher] Size of Send Packets Queue: 1
17:06:31.130 > [1174303][V][LoraMesher.cpp:525] sendPackets(): [LoRaMesher] Send n. 51
17:06:31.136 > [1174310][V][LoraMesher.cpp:455] waitBeforeSend(): [LoRaMesher] RandomDelay 615 ms
17:06:31.144 > [1174317][V][LoraMesher.cpp:641] processPackets(): [LoRaMesher] Stack space unused after entering the task: 2040
17:06:31.154 > [1174327][V][LoraMesher.cpp:642] processPackets(): [LoRaMesher] Free heap: 336196
17:06:31.758 > [1174931][V][LoraMesher.cpp:754] printHeaderPacket(): [LoRaMesher] Packet send -- Size: 17 Src: B3F0 Dst: D110 Id: 68 Type: 2 Via: F02C Seq_Id: 0 Num: 0
17:06:31.848 > [1175021][V][LoraMesher.cpp:575] sendPackets(): [LoRaMesher] TimeOnAir 63 ms, next message in 0 ms
17:06:31.857 > [1175030][I][PacketQueueService.h:80] deleteQueuePacketAndPacket(): [LoRaMesher] Deleting packet
17:06:31.865 > [1175039][I][PacketQueueService.h:83] deleteQueuePacketAndPacket(): [LoRaMesher] Deleting packet queue
17:06:32.632 > [1175806][V][LoraMesher.cpp:378] receivingRoutine(): [LoRaMesher] Stack space unused after entering the task: 2028
17:06:32.642 > [1175816][V][LoraMesher.cpp:379] receivingRoutine(): [LoRaMesher] Free heap: 336276
17:06:32.650 > [1175824][I][PacketService.cpp:12] createEmptyPacket(): [LoRaMesher] Packet created with 17 bytes
17:06:32.659 > [1175832][I][LoraMesher.cpp:392] receivingRoutine(): [LoRaMesher] Receiving LoRa packet: Size: 17 bytes RSSI: -48 SNR: 13
17:06:32.670 > [1175844][V][LoraMesher.cpp:647] processPackets(): [LoRaMesher] Size of Received Packets Queue: 1
17:06:32.679 > [1175852][I][PacketQueueService.h:80] deleteQueuePacketAndPacket(): [LoRaMesher] Deleting packet
17:06:32.687 > [1175861][I][PacketQueueService.h:83] deleteQueuePacketAndPacket(): [LoRaMesher] Deleting packet queue
17:06:32.696 > [1175870][V][LoraMesher.cpp:658] processPackets(): [LoRaMesher] TESTING: Packet not for me, deleting it
17:06:32.706 > [1175879][V][LoraMesher.cpp:641] processPackets(): [LoRaMesher] Stack space unused after entering the task: 2040
17:06:32.717 > [1175889][V][LoraMesher.cpp:642] processPackets(): [LoRaMesher] Free heap: 336276
17:06:50.002 > [1193176][V][LoraMesher.cpp:378] receivingRoutine(): [LoRaMesher] Stack space unused after entering the task: 2028
17:06:50.013 > [1193187][V][LoraMesher.cpp:379] receivingRoutine(): [LoRaMesher] Free heap: 336276
17:06:50.020 > [1193194][I][PacketService.cpp:12] createEmptyPacket(): [LoRaMesher] Packet created with 17 bytes
17:06:50.029 > [1193203][I][LoraMesher.cpp:392] receivingRoutine(): [LoRaMesher] Receiving LoRa packet: Size: 17 bytes RSSI: -49 SNR: 14
17:06:50.040 > [1193214][V][LoraMesher.cpp:647] processPackets(): [LoRaMesher] Size of Received Packets Queue: 1
17:06:50.049 > [1193223][I][PacketQueueService.h:80] deleteQueuePacketAndPacket(): [LoRaMesher] Deleting packet
17:06:50.058 > [1193232][I][PacketQueueService.h:83] deleteQueuePacketAndPacket(): [LoRaMesher] Deleting packet queue
17:06:50.067 > [1193241][V][LoraMesher.cpp:658] processPackets(): [LoRaMesher] TESTING: Packet not for me, deleting it
17:06:50.076 > [1193250][V][LoraMesher.cpp:641] processPackets(): [LoRaMesher] Stack space unused after entering the task: 2040
17:06:50.086 > [1193260][V][LoraMesher.cpp:642] processPackets(): [LoRaMesher] Free heap: 336276
17:06:51.248 > [1194422][V][LoraMesher.cpp:378] receivingRoutine(): [LoRaMesher] Stack space unused after entering the task: 2028
17:06:51.258 > [1194432][V][LoraMesher.cpp:379] receivingRoutine(): [LoRaMesher] Free heap: 336276
17:06:51.266 > [1194440][I][PacketService.cpp:12] createEmptyPacket(): [LoRaMesher] Packet created with 17 bytes
17:06:51.275 > [1194449][I][LoraMesher.cpp:392] receivingRoutine(): [LoRaMesher] Receiving LoRa packet: Size: 17 bytes RSSI: -50 SNR: 13
17:06:51.286 > [1194460][V][LoraMesher.cpp:647] processPackets(): [LoRaMesher] Size of Received Packets Queue: 1
17:06:51.295 > [1194468][V][LoraMesher.cpp:754] printHeaderPacket(): [LoRaMesher] Packet received -- Size: 17 Src: B3F0 Dst: D110 Id: 69 Type: 2 Via: AFC0 Seq_Id: 0 Num: 0
17:06:51.308 > [1194482][I][LoraMesher.cpp:854] processDataPacket(): [LoRaMesher] Data packet from B3F0, destination D110, via AFC0
17:06:51.319 > [1194493][V][LoraMesher.cpp:872] processDataPacket(): [LoRaMesher] Data Packet from B3F0 for D110. Via is me. Forwarding it
17:06:51.330 > [1194504][I][LoraMesher.cpp:1051] addToSendOrderedAndNotify(): [LoRaMesher] Added packet to Q_SP, notifying sender task
17:06:51.340 > [1194514][V][LoraMesher.cpp:511] sendPackets(): [LoRaMesher] Stack space unused after entering the task: 1940
17:06:51.350 > [1194524][V][LoraMesher.cpp:512] sendPackets(): [LoRaMesher] Free heap: 336168
17:06:51.357 > [1194531][V][LoraMesher.cpp:518] sendPackets(): [LoRaMesher] Size of Send Packets Queue: 1
17:06:51.365 > [1194539][V][LoraMesher.cpp:525] sendPackets(): [LoRaMesher] Send n. 52
17:06:51.372 > [1194546][V][LoraMesher.cpp:455] waitBeforeSend(): [LoRaMesher] RandomDelay 917 ms
17:06:51.379 > [1194553][V][LoraMesher.cpp:641] processPackets(): [LoRaMesher] Stack space unused after entering the task: 2040
17:06:51.389 > [1194563][V][LoraMesher.cpp:642] processPackets(): [LoRaMesher] Free heap: 336196
17:06:52.295 > [1195469][V][LoraMesher.cpp:754] printHeaderPacket(): [LoRaMesher] Packet send -- Size: 17 Src: B3F0 Dst: D110 Id: 69 Type: 2 Via: F02C Seq_Id: 0 Num: 0
17:06:52.385 > [1195559][V][LoraMesher.cpp:575] sendPackets(): [LoRaMesher] TimeOnAir 63 ms, next message in 0 ms
17:06:52.394 > [1195568][I][PacketQueueService.h:80] deleteQueuePacketAndPacket(): [LoRaMesher] Deleting packet
17:06:52.403 > [1195577][I][PacketQueueService.h:83] deleteQueuePacketAndPacket(): [LoRaMesher] Deleting packet queue
17:06:53.288 > [1196462][V][LoraMesher.cpp:378] receivingRoutine(): [LoRaMesher] Stack space unused after entering the task: 2028
17:06:53.298 > [1196472][V][LoraMesher.cpp:379] receivingRoutine(): [LoRaMesher] Free heap: 336276
17:06:53.306 > [1196480][I][PacketService.cpp:12] createEmptyPacket(): [LoRaMesher] Packet created with 17 bytes
17:06:53.314 > [1196488][I][LoraMesher.cpp:392] receivingRoutine(): [LoRaMesher] Receiving LoRa packet: Size: 17 bytes RSSI: -48 SNR: 13
17:06:53.326 > [1196500][V][LoraMesher.cpp:647] processPackets(): [LoRaMesher] Size of Received Packets Queue: 1
17:06:53.334 > [1196508][I][PacketQueueService.h:80] deleteQueuePacketAndPacket(): [LoRaMesher] Deleting packet
17:06:53.343 > [1196517][I][PacketQueueService.h:83] deleteQueuePacketAndPacket(): [LoRaMesher] Deleting packet queue
17:06:53.352 > [1196526][V][LoraMesher.cpp:658] processPackets(): [LoRaMesher] TESTING: Packet not for me, deleting it
17:06:53.361 > [1196535][V][LoraMesher.cpp:641] processPackets(): [LoRaMesher] Stack space unused after entering the task: 2040
17:06:53.371 > [1196545][V][LoraMesher.cpp:642] processPackets(): [LoRaMesher] Free heap: 336276
17:07:02.851 > [1206025][V][LoraMesher.cpp:694] routingTableManager(): [LoRaMesher] Stack space unused after entering the task: 2296
17:07:02.862 > [1206036][V][LoraMesher.cpp:695] routingTableManager(): [LoRaMesher] Free heap: 336276
17:07:02.869 > [1206044][I][RoutingTableService.cpp:216] manageTimeoutRoutingTable(): [LoRaMesher] Checking routes timeout
17:07:02.879 > [1206053][I][RoutingTableService.cpp:192] printRoutingTable(): [LoRaMesher] Current routing table:
17:07:02.888 > [1206062][I][RoutingTableService.cpp:206] printRoutingTable(): [LoRaMesher] 0 - F02C via F02C metric 1 Role 0
17:07:02.897 > [1206072][I][RoutingTableService.cpp:206] printRoutingTable(): [LoRaMesher] 1 - D110 via F02C metric 2 Role 1
17:07:02.907 > [1206081][I][RoutingTableService.cpp:206] printRoutingTable(): [LoRaMesher] 2 - DE6C via DE6C metric 1 Role 0
17:07:02.917 > [1206091][I][RoutingTableService.cpp:206] printRoutingTable(): [LoRaMesher] 3 - B3F0 via DE6C metric 2 Role 0
17:07:05.379 > [1208553][V][LoraMesher.cpp:598] sendHelloPacket(): [LoRaMesher] Creating Routing Packet
17:07:05.387 > [1208561][V][LoraMesher.cpp:599] sendHelloPacket(): [LoRaMesher] Stack space unused after entering the task: 2200
17:07:05.397 > [1208571][V][LoraMesher.cpp:600] sendHelloPacket(): [LoRaMesher] Free heap: 336276
17:07:05.405 > [1208579][V][PacketFactory.h:45] createPacket(): [LoRaMesher] Creating packet with 24 bytes
17:07:05.413 > [1208587][I][PacketFactory.h:74] createPacket(): [LoRaMesher] Packet created with 24 bytes
17:07:05.421 > [1208595][I][LoraMesher.h:659] setPackedForSend(): [LoRaMesher] Adding packet to Q_SP
17:07:05.428 > [1208603][I][LoraMesher.h:661] setPackedForSend(): [LoRaMesher] Created packet to Q_SP
17:07:05.436 > [1208610][I][LoraMesher.cpp:1051] addToSendOrderedAndNotify(): [LoRaMesher] Added packet to Q_SP, notifying sender task
17:07:05.447 > [1208621][V][LoraMesher.cpp:511] sendPackets(): [LoRaMesher] Stack space unused after entering the task: 1940
17:07:05.456 > [1208631][V][LoraMesher.cpp:512] sendPackets(): [LoRaMesher] Free heap: 336172
17:07:05.463 > [1208638][V][LoraMesher.cpp:518] sendPackets(): [LoRaMesher] Size of Send Packets Queue: 1
17:07:05.471 > [1208646][V][LoraMesher.cpp:525] sendPackets(): [LoRaMesher] Send n. 53
17:07:05.478 > [1208652][V][LoraMesher.cpp:455] waitBeforeSend(): [LoRaMesher] RandomDelay 415 ms
17:07:05.900 > [1209074][V][LoraMesher.cpp:754] printHeaderPacket(): [LoRaMesher] Packet send -- Size: 24 Src: AFC0 Dst: FFFF Id: 11 Type: 4 Via: 0 Seq_Id: 0 Num: 0
17:07:06.004 > [1209179][V][LoraMesher.cpp:575] sendPackets(): [LoRaMesher] TimeOnAir 78 ms, next message in 0 ms
17:07:06.013 > [1209187][I][PacketQueueService.h:80] deleteQueuePacketAndPacket(): [LoRaMesher] Deleting packet
17:07:06.022 > [1209196][I][PacketQueueService.h:83] deleteQueuePacketAndPacket(): [LoRaMesher] Deleting packet queue
17:07:06.642 > [1209817][V][LoraMesher.cpp:378] receivingRoutine(): [LoRaMesher] Stack space unused after entering the task: 2028
17:07:06.653 > [1209827][V][LoraMesher.cpp:379] receivingRoutine(): [LoRaMesher] Free heap: 336276
17:07:06.660 > [1209835][I][PacketService.cpp:12] createEmptyPacket(): [LoRaMesher] Packet created with 24 bytes
17:07:06.669 > [1209843][I][LoraMesher.cpp:392] receivingRoutine(): [LoRaMesher] Receiving LoRa packet: Size: 24 bytes RSSI: -53 SNR: 13
17:07:06.680 > [1209855][V][LoraMesher.cpp:647] processPackets(): [LoRaMesher] Size of Received Packets Queue: 1
17:07:06.689 > [1209863][I][PacketQueueService.h:80] deleteQueuePacketAndPacket(): [LoRaMesher] Deleting packet
17:07:06.698 > [1209872][I][PacketQueueService.h:83] deleteQueuePacketAndPacket(): [LoRaMesher] Deleting packet queue
17:07:06.707 > [1209881][V][LoraMesher.cpp:658] processPackets(): [LoRaMesher] TESTING: Packet not for me, deleting it
17:07:06.716 > [1209890][V][LoraMesher.cpp:641] processPackets(): [LoRaMesher] Stack space unused after entering the task: 2040
17:07:06.726 > [1209900][V][LoraMesher.cpp:642] processPackets(): [LoRaMesher] Free heap: 336276
17:07:07.312 > [1210486][V][LoraMesher.cpp:378] receivingRoutine(): [LoRaMesher] Stack space unused after entering the task: 2028
17:07:07.322 > [1210497][V][LoraMesher.cpp:379] receivingRoutine(): [LoRaMesher] Free heap: 336276
17:07:07.330 > [1210504][I][PacketService.cpp:12] createEmptyPacket(): [LoRaMesher] Packet created with 24 bytes
17:07:07.339 > [1210513][I][LoraMesher.cpp:392] receivingRoutine(): [LoRaMesher] Receiving LoRa packet: Size: 24 bytes RSSI: -49 SNR: 13
17:07:07.350 > [1210524][V][LoraMesher.cpp:647] processPackets(): [LoRaMesher] Size of Received Packets Queue: 1
17:07:07.359 > [1210533][I][PacketQueueService.h:80] deleteQueuePacketAndPacket(): [LoRaMesher] Deleting packet
17:07:07.367 > [1210542][I][PacketQueueService.h:83] deleteQueuePacketAndPacket(): [LoRaMesher] Deleting packet queue
17:07:07.376 > [1210551][V][LoraMesher.cpp:658] processPackets(): [LoRaMesher] TESTING: Packet not for me, deleting it
17:07:07.386 > [1210560][V][LoraMesher.cpp:641] processPackets(): [LoRaMesher] Stack space unused after entering the task: 2040
17:07:07.396 > [1210570][V][LoraMesher.cpp:642] processPackets(): [LoRaMesher] Free heap: 336276
17:07:10.159 > [1213334][V][LoraMesher.cpp:378] receivingRoutine(): [LoRaMesher] Stack space unused after entering the task: 2028
17:07:10.170 > [1213344][V][LoraMesher.cpp:379] receivingRoutine(): [LoRaMesher] Free heap: 336276
17:07:10.177 > [1213352][I][PacketService.cpp:12] createEmptyPacket(): [LoRaMesher] Packet created with 24 bytes
17:07:10.186 > [1213361][I][LoraMesher.cpp:392] receivingRoutine(): [LoRaMesher] Receiving LoRa packet: Size: 24 bytes RSSI: -48 SNR: 13
17:07:10.198 > [1213372][V][LoraMesher.cpp:647] processPackets(): [LoRaMesher] Size of Received Packets Queue: 1
17:07:10.206 > [1213381][V][LoraMesher.cpp:754] printHeaderPacket(): [LoRaMesher] Packet received -- Size: 24 Src: F02C Dst: FFFF Id: 10 Type: 4 Via: 0 Seq_Id: 0 Num: 0
17:07:10.220 > [1213394][I][RoutingTableService.cpp:77] processRoute(): [LoRaMesher] Route packet from F02C with size 4
17:07:10.229 > [1213404][I][RoutingTableService.cpp:99] resetReceiveSNRRoutePacket(): [LoRaMesher] Reset Receive SNR from F02C: 13
17:07:10.239 > [1213414][I][RoutingTableService.cpp:192] printRoutingTable(): [LoRaMesher] Current routing table:
17:07:10.248 > [1213423][I][RoutingTableService.cpp:206] printRoutingTable(): [LoRaMesher] 0 - F02C via F02C metric 1 Role 0
17:07:10.258 > [1213432][I][RoutingTableService.cpp:206] printRoutingTable(): [LoRaMesher] 1 - D110 via F02C metric 2 Role 1
17:07:10.268 > [1213442][I][RoutingTableService.cpp:206] printRoutingTable(): [LoRaMesher] 2 - DE6C via DE6C metric 1 Role 0
17:07:10.277 > [1213452][I][RoutingTableService.cpp:206] printRoutingTable(): [LoRaMesher] 3 - B3F0 via DE6C metric 2 Role 0
17:07:10.287 > [1213461][I][PacketQueueService.h:80] deleteQueuePacketAndPacket(): [LoRaMesher] Deleting packet
17:07:10.296 > [1213470][I][PacketQueueService.h:83] deleteQueuePacketAndPacket(): [LoRaMesher] Deleting packet queue
17:07:10.305 > [1213479][V][LoraMesher.cpp:641] processPackets(): [LoRaMesher] Stack space unused after entering the task: 2040
17:07:10.315 > [1213489][V][LoraMesher.cpp:642] processPackets(): [LoRaMesher] Free heap: 336276
17:07:11.362 > [1214536][V][LoraMesher.cpp:378] receivingRoutine(): [LoRaMesher] Stack space unused after entering the task: 2028
17:07:11.372 > [1214547][V][LoraMesher.cpp:379] receivingRoutine(): [LoRaMesher] Free heap: 336276
17:07:11.380 > [1214554][I][PacketService.cpp:12] createEmptyPacket(): [LoRaMesher] Packet created with 17 bytes
17:07:11.389 > [1214563][I][LoraMesher.cpp:392] receivingRoutine(): [LoRaMesher] Receiving LoRa packet: Size: 17 bytes RSSI: -49 SNR: 13
17:07:11.400 > [1214574][V][LoraMesher.cpp:647] processPackets(): [LoRaMesher] Size of Received Packets Queue: 1
17:07:11.409 > [1214583][I][PacketQueueService.h:80] deleteQueuePacketAndPacket(): [LoRaMesher] Deleting packet
17:07:11.417 > [1214592][I][PacketQueueService.h:83] deleteQueuePacketAndPacket(): [LoRaMesher] Deleting packet queue
17:07:11.426 > [1214601][V][LoraMesher.cpp:658] processPackets(): [LoRaMesher] TESTING: Packet not for me, deleting it
17:07:11.436 > [1214610][V][LoraMesher.cpp:641] processPackets(): [LoRaMesher] Stack space unused after entering the task: 2040
17:07:11.446 > [1214620][V][LoraMesher.cpp:642] processPackets(): [LoRaMesher] Free heap: 336276
17:07:12.117 > [1215292][V][LoraMesher.cpp:378] receivingRoutine(): [LoRaMesher] Stack space unused after entering the task: 2028
17:07:12.127 > [1215302][V][LoraMesher.cpp:379] receivingRoutine(): [LoRaMesher] Free heap: 336276
17:07:12.135 > [1215309][I][PacketService.cpp:12] createEmptyPacket(): [LoRaMesher] Packet created with 17 bytes
17:07:12.144 > [1215318][I][LoraMesher.cpp:392] receivingRoutine(): [LoRaMesher] Receiving LoRa packet: Size: 17 bytes RSSI: -50 SNR: 12
17:07:12.155 > [1215329][V][LoraMesher.cpp:647] processPackets(): [LoRaMesher] Size of Received Packets Queue: 1
17:07:12.164 > [1215338][V][LoraMesher.cpp:754] printHeaderPacket(): [LoRaMesher] Packet received -- Size: 17 Src: B3F0 Dst: D110 Id: 71 Type: 2 Via: AFC0 Seq_Id: 0 Num: 0
17:07:12.178 > [1215352][I][LoraMesher.cpp:854] processDataPacket(): [LoRaMesher] Data packet from B3F0, destination D110, via AFC0
17:07:12.188 > [1215362][V][LoraMesher.cpp:872] processDataPacket(): [LoRaMesher] Data Packet from B3F0 for D110. Via is me. Forwarding it
17:07:12.199 > [1215373][I][LoraMesher.cpp:1051] addToSendOrderedAndNotify(): [LoRaMesher] Added packet to Q_SP, notifying sender task
17:07:12.210 > [1215384][V][LoraMesher.cpp:511] sendPackets(): [LoRaMesher] Stack space unused after entering the task: 1940
17:07:12.219 > [1215394][V][LoraMesher.cpp:512] sendPackets(): [LoRaMesher] Free heap: 336168
17:07:12.226 > [1215401][V][LoraMesher.cpp:518] sendPackets(): [LoRaMesher] Size of Send Packets Queue: 1
17:07:12.234 > [1215409][V][LoraMesher.cpp:525] sendPackets(): [LoRaMesher] Send n. 54
17:07:12.241 > [1215415][V][LoraMesher.cpp:455] waitBeforeSend(): [LoRaMesher] RandomDelay 382 ms
17:07:12.248 > [1215423][V][LoraMesher.cpp:641] processPackets(): [LoRaMesher] Stack space unused after entering the task: 2040
17:07:12.258 > [1215433][V][LoraMesher.cpp:642] processPackets(): [LoRaMesher] Free heap: 336196
17:07:12.629 > [1215804][V][LoraMesher.cpp:754] printHeaderPacket(): [LoRaMesher] Packet send -- Size: 17 Src: B3F0 Dst: D110 Id: 71 Type: 2 Via: F02C Seq_Id: 0 Num: 0
17:07:12.719 > [1215894][V][LoraMesher.cpp:575] sendPackets(): [LoRaMesher] TimeOnAir 63 ms, next message in 0 ms
17:07:12.729 > [1215903][I][PacketQueueService.h:80] deleteQueuePacketAndPacket(): [LoRaMesher] Deleting packet
17:07:12.737 > [1215912][I][PacketQueueService.h:83] deleteQueuePacketAndPacket(): [LoRaMesher] Deleting packet queue
17:07:13.596 > [1216771][V][LoraMesher.cpp:378] receivingRoutine(): [LoRaMesher] Stack space unused after entering the task: 2028
17:07:13.607 > [1216781][V][LoraMesher.cpp:379] receivingRoutine(): [LoRaMesher] Free heap: 336276
17:07:13.614 > [1216789][I][PacketService.cpp:12] createEmptyPacket(): [LoRaMesher] Packet created with 17 bytes
17:07:13.623 > [1216798][I][LoraMesher.cpp:392] receivingRoutine(): [LoRaMesher] Receiving LoRa packet: Size: 17 bytes RSSI: -48 SNR: 13
17:07:13.634 > [1216809][V][LoraMesher.cpp:647] processPackets(): [LoRaMesher] Size of Received Packets Queue: 1
17:07:13.643 > [1216817][I][PacketQueueService.h:80] deleteQueuePacketAndPacket(): [LoRaMesher] Deleting packet
17:07:13.652 > [1216826][I][PacketQueueService.h:83] deleteQueuePacketAndPacket(): [LoRaMesher] Deleting packet queue
17:07:13.661 > [1216835][V][LoraMesher.cpp:658] processPackets(): [LoRaMesher] TESTING: Packet not for me, deleting it
17:07:13.670 > [1216844][V][LoraMesher.cpp:641] processPackets(): [LoRaMesher] Stack space unused after entering the task: 2040
17:07:13.680 > [1216854][V][LoraMesher.cpp:642] processPackets(): [LoRaMesher] Free heap: 336276
17:07:30.492 > [1233667][V][LoraMesher.cpp:378] receivingRoutine(): [LoRaMesher] Stack space unused after entering the task: 2028
17:07:30.503 > [1233678][V][LoraMesher.cpp:379] receivingRoutine(): [LoRaMesher] Free heap: 336276
17:07:30.510 > [1233685][I][PacketService.cpp:12] createEmptyPacket(): [LoRaMesher] Packet created with 17 bytes
17:07:30.519 > [1233694][I][LoraMesher.cpp:392] receivingRoutine(): [LoRaMesher] Receiving LoRa packet: Size: 17 bytes RSSI: -49 SNR: 13
17:07:30.531 > [1233705][V][LoraMesher.cpp:647] processPackets(): [LoRaMesher] Size of Received Packets Queue: 1
17:07:30.539 > [1233714][I][PacketQueueService.h:80] deleteQueuePacketAndPacket(): [LoRaMesher] Deleting packet
17:07:30.548 > [1233723][I][PacketQueueService.h:83] deleteQueuePacketAndPacket(): [LoRaMesher] Deleting packet queue
17:07:30.557 > [1233732][V][LoraMesher.cpp:658] processPackets(): [LoRaMesher] TESTING: Packet not for me, deleting it
17:07:30.566 > [1233741][V][LoraMesher.cpp:641] processPackets(): [LoRaMesher] Stack space unused after entering the task: 2040
17:07:30.576 > [1233751][V][LoraMesher.cpp:642] processPackets(): [LoRaMesher] Free heap: 336276
17:07:30.974 > [1234149][V][LoraMesher.cpp:378] receivingRoutine(): [LoRaMesher] Stack space unused after entering the task: 2028
17:07:30.985 > [1234159][V][LoraMesher.cpp:379] receivingRoutine(): [LoRaMesher] Free heap: 336276
17:07:30.992 > [1234167][I][PacketService.cpp:12] createEmptyPacket(): [LoRaMesher] Packet created with 17 bytes
17:07:31.001 > [1234176][I][LoraMesher.cpp:392] receivingRoutine(): [LoRaMesher] Receiving LoRa packet: Size: 17 bytes RSSI: -50 SNR: 12
17:07:31.012 > [1234187][V][LoraMesher.cpp:647] processPackets(): [LoRaMesher] Size of Received Packets Queue: 1
17:07:31.021 > [1234196][V][LoraMesher.cpp:754] printHeaderPacket(): [LoRaMesher] Packet received -- Size: 17 Src: B3F0 Dst: D110 Id: 72 Type: 2 Via: AFC0 Seq_Id: 0 Num: 0
17:07:31.035 > [1234210][I][LoraMesher.cpp:854] processDataPacket(): [LoRaMesher] Data packet from B3F0, destination D110, via AFC0
17:07:31.045 > [1234220][V][LoraMesher.cpp:872] processDataPacket(): [LoRaMesher] Data Packet from B3F0 for D110. Via is me. Forwarding it
17:07:31.056 > [1234231][I][LoraMesher.cpp:1051] addToSendOrderedAndNotify(): [LoRaMesher] Added packet to Q_SP, notifying sender task
17:07:31.067 > [1234241][V][LoraMesher.cpp:511] sendPackets(): [LoRaMesher] Stack space unused after entering the task: 1940
17:07:31.076 > [1234251][V][LoraMesher.cpp:512] sendPackets(): [LoRaMesher] Free heap: 336168
17:07:31.083 > [1234258][V][LoraMesher.cpp:518] sendPackets(): [LoRaMesher] Size of Send Packets Queue: 1
17:07:31.092 > [1234266][V][LoraMesher.cpp:525] sendPackets(): [LoRaMesher] Send n. 55
17:07:31.098 > [1234273][V][LoraMesher.cpp:455] waitBeforeSend(): [LoRaMesher] RandomDelay 677 ms
17:07:31.105 > [1234280][V][LoraMesher.cpp:641] processPackets(): [LoRaMesher] Stack space unused after entering the task: 2040
17:07:31.115 > [1234290][V][LoraMesher.cpp:642] processPackets(): [LoRaMesher] Free heap: 336196
17:07:31.781 > [1234956][V][LoraMesher.cpp:754] printHeaderPacket(): [LoRaMesher] Packet send -- Size: 17 Src: B3F0 Dst: D110 Id: 72 Type: 2 Via: F02C Seq_Id: 0 Num: 0
17:07:31.871 > [1235046][V][LoraMesher.cpp:575] sendPackets(): [LoRaMesher] TimeOnAir 63 ms, next message in 0 ms
17:07:31.880 > [1235055][I][PacketQueueService.h:80] deleteQueuePacketAndPacket(): [LoRaMesher] Deleting packet
17:07:31.889 > [1235064][I][PacketQueueService.h:83] deleteQueuePacketAndPacket(): [LoRaMesher] Deleting packet queue
17:07:32.341 > [1235517][V][LoraMesher.cpp:378] receivingRoutine(): [LoRaMesher] Stack space unused after entering the task: 2028
17:07:32.352 > [1235527][V][LoraMesher.cpp:379] receivingRoutine(): [LoRaMesher] Free heap: 336276
17:07:32.360 > [1235535][I][PacketService.cpp:12] createEmptyPacket(): [LoRaMesher] Packet created with 17 bytes
17:07:32.369 > [1235544][I][LoraMesher.cpp:392] receivingRoutine(): [LoRaMesher] Receiving LoRa packet: Size: 17 bytes RSSI: -48 SNR: 13
17:07:32.380 > [1235555][V][LoraMesher.cpp:647] processPackets(): [LoRaMesher] Size of Received Packets Queue: 1
17:07:32.389 > [1235564][I][PacketQueueService.h:80] deleteQueuePacketAndPacket(): [LoRaMesher] Deleting packet
17:07:32.397 > [1235572][I][PacketQueueService.h:83] deleteQueuePacketAndPacket(): [LoRaMesher] Deleting packet queue
17:07:32.406 > [1235581][V][LoraMesher.cpp:658] processPackets(): [LoRaMesher] TESTING: Packet not for me, deleting it
17:07:32.416 > [1235590][V][LoraMesher.cpp:641] processPackets(): [LoRaMesher] Stack space unused after entering the task: 2040
17:07:32.426 > [1235600][V][LoraMesher.cpp:642] processPackets(): [LoRaMesher] Free heap: 336276
