16:47:23.021 > Send packet 1
16:47:23.023 > Sending packet to FFFF
16:47:23.025 > [ 26156][V][LoraMesher.h:250] createPacketAndSend(): [LoRaMesher] Creating a packet for send with 8 bytes
16:47:23.034 > [ 26168][V][PacketFactory.h:45] createPacket(): [LoRaMesher] Creating packet with 17 bytes
16:47:23.041 > [ 26176][I][PacketFactory.h:74] createPacket(): [LoRaMesher] Packet created with 17 bytes
16:47:23.050 > [ 26184][I][LoraMesher.h:659] setPackedForSend(): [LoRaMesher] Adding packet to Q_SP
16:47:23.057 > [ 26192][I][LoraMesher.h:661] setPackedForSend(): [LoRaMesher] Created packet to Q_SP
16:47:23.065 > [ 26199][I][LoraMesher.cpp:1051] addToSendOrderedAndNotify(): [LoRaMesher] Added packet to Q_SP, notifying sender task
16:47:23.075 > [ 26210][V][LoraMesher.cpp:511] sendPackets(): [LoRaMesher] Stack space unused after entering the task: 2116
16:47:23.085 > [ 26219][V][LoraMesher.cpp:512] sendPackets(): [LoRaMesher] Free heap: 337036
16:47:23.092 > [ 26226][V][LoraMesher.cpp:518] sendPackets(): [LoRaMesher] Size of Send Packets Queue: 1
16:47:23.099 > [ 26234][V][LoraMesher.cpp:525] sendPackets(): [LoRaMesher] Send n. 2
16:47:23.107 > [ 26241][V][LoraMesher.cpp:754] printHeaderPacket(): [LoRaMesher] Packet send -- Size: 17 Src: B3F0 Dst: FFFF Id: 2 Type: 2 Via: F000 Seq_Id: 0 Num: 0
16:47:23.196 > [ 26331][V][LoraMesher.cpp:575] sendPackets(): [LoRaMesher] TimeOnAir 63 ms, next message in 0 ms
16:47:23.205 > [ 26339][I][PacketQueueService.h:80] deleteQueuePacketAndPacket(): [LoRaMesher] Deleting packet
16:47:23.214 > [ 26348][I][PacketQueueService.h:83] deleteQueuePacketAndPacket(): [LoRaMesher] Deleting packet queue
16:47:43.221 > Send packet 2
16:47:43.222 > Sending packet to FFFF
16:47:43.224 > [ 46357][V][LoraMesher.h:250] createPacketAndSend(): [LoRaMesher] Creating a packet for send with 8 bytes
16:47:43.234 > [ 46369][V][PacketFactory.h:45] createPacket(): [LoRaMesher] Creating packet with 17 bytes
16:47:43.242 > [ 46377][I][PacketFactory.h:74] createPacket(): [LoRaMesher] Packet created with 17 bytes
16:47:43.250 > [ 46385][I][LoraMesher.h:659] setPackedForSend(): [LoRaMesher] Adding packet to Q_SP
16:47:43.257 > [ 46393][I][LoraMesher.h:661] setPackedForSend(): [LoRaMesher] Created packet to Q_SP
16:47:43.265 > [ 46400][I][LoraMesher.cpp:1051] addToSendOrderedAndNotify(): [LoRaMesher] Added packet to Q_SP, notifying sender task
16:47:43.276 > [ 46411][V][LoraMesher.cpp:511] sendPackets(): [LoRaMesher] Stack space unused after entering the task: 2116
16:47:43.285 > [ 46420][V][LoraMesher.cpp:512] sendPackets(): [LoRaMesher] Free heap: 337036
16:47:43.292 > [ 46427][V][LoraMesher.cpp:518] sendPackets(): [LoRaMesher] Size of Send Packets Queue: 1
16:47:43.300 > [ 46435][V][LoraMesher.cpp:525] sendPackets(): [LoRaMesher] Send n. 3
16:47:43.306 > [ 46442][V][LoraMesher.cpp:754] printHeaderPacket(): [LoRaMesher] Packet send -- Size: 17 Src: B3F0 Dst: FFFF Id: 3 Type: 2 Via: F000 Seq_Id: 0 Num: 0
16:47:43.396 > [ 46532][V][LoraMesher.cpp:575] sendPackets(): [LoRaMesher] TimeOnAir 63 ms, next message in 0 ms
16:47:43.405 > [ 46540][I][PacketQueueService.h:80] deleteQueuePacketAndPacket(): [LoRaMesher] Deleting packet
16:47:43.413 > [ 46549][I][PacketQueueService.h:83] deleteQueuePacketAndPacket(): [LoRaMesher] Deleting packet queue
16:48:03.421 > Send packet 3
16:48:03.423 > Sending packet to FFFF
16:48:03.425 > [ 66558][V][LoraMesher.h:250] createPacketAndSend(): [LoRaMesher] Creating a packet for send with 8 bytes
16:48:03.434 > [ 66570][V][PacketFactory.h:45] createPacket(): [LoRaMesher] Creating packet with 17 bytes
16:48:03.442 > [ 66578][I][PacketFactory.h:74] createPacket(): [LoRaMesher] Packet created with 17 bytes
16:48:03.450 > [ 66586][I][LoraMesher.h:659] setPackedForSend(): [LoRaMesher] Adding packet to Q_SP
16:48:03.458 > [ 66594][I][LoraMesher.h:661] setPackedForSend(): [LoRaMesher] Created packet to Q_SP
16:48:03.466 > [ 66601][I][LoraMesher.cpp:1051] addToSendOrderedAndNotify(): [LoRaMesher] Added packet to Q_SP, notifying sender task
16:48:03.476 > [ 66612][V][LoraMesher.cpp:511] sendPackets(): [LoRaMesher] Stack space unused after entering the task: 2116
16:48:03.486 > [ 66621][V][LoraMesher.cpp:512] sendPackets(): [LoRaMesher] Free heap: 337036
16:48:03.493 > [ 66628][V][LoraMesher.cpp:518] sendPackets(): [LoRaMesher] Size of Send Packets Queue: 1
16:48:03.501 > [ 66636][V][LoraMesher.cpp:525] sendPackets(): [LoRaMesher] Send n. 4
16:48:03.507 > [ 66643][V][LoraMesher.cpp:754] printHeaderPacket(): [LoRaMesher] Packet send -- Size: 17 Src: B3F0 Dst: FFFF Id: 4 Type: 2 Via: F000 Seq_Id: 0 Num: 0
16:48:03.596 > [ 66733][V][LoraMesher.cpp:575] sendPackets(): [LoRaMesher] TimeOnAir 63 ms, next message in 0 ms
16:48:03.606 > [ 66741][I][PacketQueueService.h:80] deleteQueuePacketAndPacket(): [LoRaMesher] Deleting packet
16:48:03.614 > [ 66750][I][PacketQueueService.h:83] deleteQueuePacketAndPacket(): [LoRaMesher] Deleting packet queue
16:48:23.622 > Send packet 4
16:48:23.624 > Sending packet to FFFF
16:48:23.626 > [ 86759][V][LoraMesher.h:250] createPacketAndSend(): [LoRaMesher] Creating a packet for send with 8 bytes
16:48:23.635 > [ 86771][V][PacketFactory.h:45] createPacket(): [LoRaMesher] Creating packet with 17 bytes
16:48:23.643 > [ 86779][I][PacketFactory.h:74] createPacket(): [LoRaMesher] Packet created with 17 bytes
16:48:23.651 > [ 86787][I][LoraMesher.h:659] setPackedForSend(): [LoRaMesher] Adding packet to Q_SP
16:48:23.658 > [ 86795][I][LoraMesher.h:661] setPackedForSend(): [LoRaMesher] Created packet to Q_SP
16:48:23.666 > [ 86802][I][LoraMesher.cpp:1051] addToSendOrderedAndNotify(): [LoRaMesher] Added packet to Q_SP, notifying sender task
16:48:23.677 > [ 86813][V][LoraMesher.cpp:511] sendPackets(): [LoRaMesher] Stack space unused after entering the task: 2116
16:48:23.686 > [ 86822][V][LoraMesher.cpp:512] sendPackets(): [LoRaMesher] Free heap: 337036
16:48:23.693 > [ 86829][V][LoraMesher.cpp:518] sendPackets(): [LoRaMesher] Size of Send Packets Queue: 1
16:48:23.701 > [ 86837][V][LoraMesher.cpp:525] sendPackets(): [LoRaMesher] Send n. 5
16:48:23.708 > [ 86844][V][LoraMesher.cpp:754] printHeaderPacket(): [LoRaMesher] Packet send -- Size: 17 Src: B3F0 Dst: FFFF Id: 5 Type: 2 Via: F000 Seq_Id: 0 Num: 0
16:48:23.797 > [ 86934][V][LoraMesher.cpp:575] sendPackets(): [LoRaMesher] TimeOnAir 63 ms, next message in 0 ms
16:48:23.806 > [ 86942][I][PacketQueueService.h:80] deleteQueuePacketAndPacket(): [LoRaMesher] Deleting packet
16:48:23.815 > [ 86951][I][PacketQueueService.h:83] deleteQueuePacketAndPacket(): [LoRaMesher] Deleting packet queue
16:48:43.822 > Send packet 5
16:48:43.824 > Sending packet to FFFF
16:48:43.825 > [106960][V][LoraMesher.h:250] createPacketAndSend(): [LoRaMesher] Creating a packet for send with 8 bytes
16:48:43.835 > [106972][V][PacketFactory.h:45] createPacket(): [LoRaMesher] Creating packet with 17 bytes
16:48:43.843 > [106980][I][PacketFactory.h:74] createPacket(): [LoRaMesher] Packet created with 17 bytes
16:48:43.851 > [106988][I][LoraMesher.h:659] setPackedForSend(): [LoRaMesher] Adding packet to Q_SP
16:48:43.858 > [106996][I][LoraMesher.h:661] setPackedForSend(): [LoRaMesher] Created packet to Q_SP
16:48:43.867 > [107003][I][LoraMesher.cpp:1051] addToSendOrderedAndNotify(): [LoRaMesher] Added packet to Q_SP, notifying sender task
16:48:43.877 > [107014][V][LoraMesher.cpp:511] sendPackets(): [LoRaMesher] Stack space unused after entering the task: 2116
16:48:43.887 > [107023][V][LoraMesher.cpp:512] sendPackets(): [LoRaMesher] Free heap: 337036
16:48:43.894 > [107030][V][LoraMesher.cpp:518] sendPackets(): [LoRaMesher] Size of Send Packets Queue: 1
16:48:43.902 > [107038][V][LoraMesher.cpp:525] sendPackets(): [LoRaMesher] Send n. 6
16:48:43.907 > [107045][V][LoraMesher.cpp:754] printHeaderPacket(): [LoRaMesher] Packet send -- Size: 17 Src: B3F0 Dst: FFFF Id: 6 Type: 2 Via: F000 Seq_Id: 0 Num: 0
16:48:43.997 > [107135][V][LoraMesher.cpp:575] sendPackets(): [LoRaMesher] TimeOnAir 63 ms, next message in 0 ms
16:48:44.007 > [107143][I][PacketQueueService.h:80] deleteQueuePacketAndPacket(): [LoRaMesher] Deleting packet
16:48:44.015 > [107152][I][PacketQueueService.h:83] deleteQueuePacketAndPacket(): [LoRaMesher] Deleting packet queue
16:49:04.022 > Send packet 6
16:49:04.024 > Sending packet to FFFF
16:49:04.026 > [127161][V][LoraMesher.h:250] createPacketAndSend(): [LoRaMesher] Creating a packet for send with 8 bytes
16:49:04.035 > [127173][V][PacketFactory.h:45] createPacket(): [LoRaMesher] Creating packet with 17 bytes
16:49:04.043 > [127181][I][PacketFactory.h:74] createPacket(): [LoRaMesher] Packet created with 17 bytes
16:49:04.051 > [127189][I][LoraMesher.h:659] setPackedForSend(): [LoRaMesher] Adding packet to Q_SP
16:49:04.059 > [127197][I][LoraMesher.h:661] setPackedForSend(): [LoRaMesher] Created packet to Q_SP
16:49:04.066 > [127204][I][LoraMesher.cpp:1051] addToSendOrderedAndNotify(): [LoRaMesher] Added packet to Q_SP, notifying sender task
16:49:04.077 > [127215][V][LoraMesher.cpp:511] sendPackets(): [LoRaMesher] Stack space unused after entering the task: 2116
16:49:04.087 > [127224][V][LoraMesher.cpp:512] sendPackets(): [LoRaMesher] Free heap: 337036
16:49:04.093 > [127231][V][LoraMesher.cpp:518] sendPackets(): [LoRaMesher] Size of Send Packets Queue: 1
16:49:04.101 > [127239][V][LoraMesher.cpp:525] sendPackets(): [LoRaMesher] Send n. 7
16:49:04.108 > [127246][V][LoraMesher.cpp:754] printHeaderPacket(): [LoRaMesher] Packet send -- Size: 17 Src: B3F0 Dst: FFFF Id: 7 Type: 2 Via: F000 Seq_Id: 0 Num: 0
16:49:04.197 > [127336][V][LoraMesher.cpp:575] sendPackets(): [LoRaMesher] TimeOnAir 63 ms, next message in 0 ms
16:49:04.206 > [127344][I][PacketQueueService.h:80] deleteQueuePacketAndPacket(): [LoRaMesher] Deleting packet
16:49:04.215 > [127353][I][PacketQueueService.h:83] deleteQueuePacketAndPacket(): [LoRaMesher] Deleting packet queue
16:49:04.809 > [127947][V][LoraMesher.cpp:598] sendHelloPacket(): [LoRaMesher] Creating Routing Packet
16:49:04.817 > [127955][V][LoraMesher.cpp:599] sendHelloPacket(): [LoRaMesher] Stack space unused after entering the task: 2324
16:49:04.827 > [127965][V][LoraMesher.cpp:600] sendHelloPacket(): [LoRaMesher] Free heap: 337132
16:49:04.834 > [127972][V][PacketFactory.h:45] createPacket(): [LoRaMesher] Creating packet with 8 bytes
16:49:04.842 > [127980][I][PacketFactory.h:74] createPacket(): [LoRaMesher] Packet created with 8 bytes
16:49:04.850 > [127988][I][LoraMesher.h:659] setPackedForSend(): [LoRaMesher] Adding packet to Q_SP
16:49:04.858 > [127996][I][LoraMesher.h:661] setPackedForSend(): [LoRaMesher] Created packet to Q_SP
16:49:04.865 > [128003][I][LoraMesher.cpp:1051] addToSendOrderedAndNotify(): [LoRaMesher] Added packet to Q_SP, notifying sender task
16:49:04.876 > [128014][V][LoraMesher.cpp:511] sendPackets(): [LoRaMesher] Stack space unused after entering the task: 2116
16:49:04.885 > [128023][V][LoraMesher.cpp:512] sendPackets(): [LoRaMesher] Free heap: 337052
16:49:04.892 > [128030][V][LoraMesher.cpp:518] sendPackets(): [LoRaMesher] Size of Send Packets Queue: 1
16:49:04.900 > [128038][V][LoraMesher.cpp:525] sendPackets(): [LoRaMesher] Send n. 8
16:49:04.907 > [128045][V][LoraMesher.cpp:754] printHeaderPacket(): [LoRaMesher] Packet send -- Size: 8 Src: B3F0 Dst: FFFF Id: 8 Type: 4 Via: 0 Seq_Id: 0 Num: 0
16:49:04.975 > [128113][V][LoraMesher.cpp:575] sendPackets(): [LoRaMesher] TimeOnAir 42 ms, next message in 0 ms
16:49:04.983 > [128121][I][PacketQueueService.h:80] deleteQueuePacketAndPacket(): [LoRaMesher] Deleting packet
16:49:04.992 > [128130][I][PacketQueueService.h:83] deleteQueuePacketAndPacket(): [LoRaMesher] Deleting packet queue
16:49:05.327 > [128465][V][LoraMesher.cpp:378] receivingRoutine(): [LoRaMesher] Stack space unused after entering the task: 2336
16:49:05.338 > [128476][V][LoraMesher.cpp:379] receivingRoutine(): [LoRaMesher] Free heap: 337132
16:49:05.345 > [128483][I][PacketService.cpp:12] createEmptyPacket(): [LoRaMesher] Packet created with 12 bytes
16:49:05.354 > [128492][I][LoraMesher.cpp:392] receivingRoutine(): [LoRaMesher] Receiving LoRa packet: Size: 12 bytes RSSI: -64 SNR: 10
16:49:05.365 > [128503][V][LoraMesher.cpp:647] processPackets(): [LoRaMesher] Size of Received Packets Queue: 1
16:49:05.374 > [128512][I][PacketQueueService.h:80] deleteQueuePacketAndPacket(): [LoRaMesher] Deleting packet
16:49:05.382 > [128520][I][PacketQueueService.h:83] deleteQueuePacketAndPacket(): [LoRaMesher] Deleting packet queue
16:49:05.391 > [128529][V][LoraMesher.cpp:658] processPackets(): [LoRaMesher] TESTING: Packet not for me, deleting it
16:49:05.400 > [128538][V][LoraMesher.cpp:641] processPackets(): [LoRaMesher] Stack space unused after entering the task: 2360
16:49:05.410 > [128548][V][LoraMesher.cpp:642] processPackets(): [LoRaMesher] Free heap: 337132
16:49:05.445 > [128583][V][LoraMesher.cpp:378] receivingRoutine(): [LoRaMesher] Stack space unused after entering the task: 2124
16:49:05.455 > [128593][V][LoraMesher.cpp:379] receivingRoutine(): [LoRaMesher] Free heap: 337132
16:49:05.463 > [128601][I][PacketService.cpp:12] createEmptyPacket(): [LoRaMesher] Packet created with 12 bytes
16:49:05.471 > [128609][I][LoraMesher.cpp:392] receivingRoutine(): [LoRaMesher] Receiving LoRa packet: Size: 12 bytes RSSI: -18 SNR: 13
16:49:05.483 > [128620][V][LoraMesher.cpp:647] processPackets(): [LoRaMesher] Size of Received Packets Queue: 1
16:49:05.491 > [128629][I][PacketQueueService.h:80] deleteQueuePacketAndPacket(): [LoRaMesher] Deleting packet
16:49:05.500 > [128638][I][PacketQueueService.h:83] deleteQueuePacketAndPacket(): [LoRaMesher] Deleting packet queue
16:49:05.509 > [128647][V][LoraMesher.cpp:658] processPackets(): [LoRaMesher] TESTING: Packet not for me, deleting it
16:49:05.518 > [128656][V][LoraMesher.cpp:641] processPackets(): [LoRaMesher] Stack space unused after entering the task: 2360
16:49:05.528 > [128666][V][LoraMesher.cpp:642] processPackets(): [LoRaMesher] Free heap: 337132
16:49:09.479 > [132617][V][LoraMesher.cpp:378] receivingRoutine(): [LoRaMesher] Stack space unused after entering the task: 2124
16:49:09.489 > [132628][V][LoraMesher.cpp:379] receivingRoutine(): [LoRaMesher] Free heap: 337132
16:49:09.497 > [132635][I][PacketService.cpp:12] createEmptyPacket(): [LoRaMesher] Packet created with 16 bytes
16:49:09.506 > [132644][I][LoraMesher.cpp:392] receivingRoutine(): [LoRaMesher] Receiving LoRa packet: Size: 16 bytes RSSI: -13 SNR: 13
16:49:09.517 > [132655][V][LoraMesher.cpp:647] processPackets(): [LoRaMesher] Size of Received Packets Queue: 1
16:49:09.526 > [132664][I][PacketQueueService.h:80] deleteQueuePacketAndPacket(): [LoRaMesher] Deleting packet
16:49:09.534 > [132672][I][PacketQueueService.h:83] deleteQueuePacketAndPacket(): [LoRaMesher] Deleting packet queue
16:49:09.543 > [132681][V][LoraMesher.cpp:658] processPackets(): [LoRaMesher] TESTING: Packet not for me, deleting it
16:49:09.552 > [132690][V][LoraMesher.cpp:641] processPackets(): [LoRaMesher] Stack space unused after entering the task: 2264
16:49:09.562 > [132700][V][LoraMesher.cpp:642] processPackets(): [LoRaMesher] Free heap: 337132
16:49:24.223 > Send packet 7
16:49:24.224 > Sending packet to FFFF
16:49:24.226 > [147362][V][LoraMesher.h:250] createPacketAndSend(): [LoRaMesher] Creating a packet for send with 8 bytes
16:49:24.236 > [147374][V][PacketFactory.h:45] createPacket(): [LoRaMesher] Creating packet with 17 bytes
16:49:24.244 > [147382][I][PacketFactory.h:74] createPacket(): [LoRaMesher] Packet created with 17 bytes
16:49:24.252 > [147390][I][LoraMesher.h:659] setPackedForSend(): [LoRaMesher] Adding packet to Q_SP
16:49:24.259 > [147398][I][LoraMesher.h:661] setPackedForSend(): [LoRaMesher] Created packet to Q_SP
16:49:24.267 > [147405][I][LoraMesher.cpp:1051] addToSendOrderedAndNotify(): [LoRaMesher] Added packet to Q_SP, notifying sender task
16:49:24.278 > [147416][V][LoraMesher.cpp:511] sendPackets(): [LoRaMesher] Stack space unused after entering the task: 2116
16:49:24.287 > [147425][V][LoraMesher.cpp:512] sendPackets(): [LoRaMesher] Free heap: 337036
16:49:24.294 > [147432][V][LoraMesher.cpp:518] sendPackets(): [LoRaMesher] Size of Send Packets Queue: 1
16:49:24.302 > [147440][V][LoraMesher.cpp:525] sendPackets(): [LoRaMesher] Send n. 9
16:49:24.308 > [147447][V][LoraMesher.cpp:754] printHeaderPacket(): [LoRaMesher] Packet send -- Size: 17 Src: B3F0 Dst: FFFF Id: 9 Type: 2 Via: C000 Seq_Id: 0 Num: 0
16:49:24.398 > [147537][V][LoraMesher.cpp:575] sendPackets(): [LoRaMesher] TimeOnAir 63 ms, next message in 0 ms
16:49:24.407 > [147545][I][PacketQueueService.h:80] deleteQueuePacketAndPacket(): [LoRaMesher] Deleting packet
16:49:24.415 > [147554][I][PacketQueueService.h:83] deleteQueuePacketAndPacket(): [LoRaMesher] Deleting packet queue
16:49:44.423 > Send packet 8
16:49:44.425 > Sending packet to FFFF
16:49:44.427 > [167563][V][LoraMesher.h:250] createPacketAndSend(): [LoRaMesher] Creating a packet for send with 8 bytes
16:49:44.436 > [167575][V][PacketFactory.h:45] createPacket(): [LoRaMesher] Creating packet with 17 bytes
16:49:44.444 > [167583][I][PacketFactory.h:74] createPacket(): [LoRaMesher] Packet created with 17 bytes
16:49:44.452 > [167591][I][LoraMesher.h:659] setPackedForSend(): [LoRaMesher] Adding packet to Q_SP
16:49:44.460 > [167599][I][LoraMesher.h:661] setPackedForSend(): [LoRaMesher] Created packet to Q_SP
16:49:44.467 > [167606][I][LoraMesher.cpp:1051] addToSendOrderedAndNotify(): [LoRaMesher] Added packet to Q_SP, notifying sender task
16:49:44.478 > [167617][V][LoraMesher.cpp:511] sendPackets(): [LoRaMesher] Stack space unused after entering the task: 2116
16:49:44.488 > [167626][V][LoraMesher.cpp:512] sendPackets(): [LoRaMesher] Free heap: 337036
16:49:44.495 > [167633][V][LoraMesher.cpp:518] sendPackets(): [LoRaMesher] Size of Send Packets Queue: 1
16:49:44.503 > [167641][V][LoraMesher.cpp:525] sendPackets(): [LoRaMesher] Send n. 10
16:49:44.509 > [167648][V][LoraMesher.cpp:754] printHeaderPacket(): [LoRaMesher] Packet send -- Size: 17 Src: B3F0 Dst: FFFF Id: 10 Type: 2 Via: C000 Seq_Id: 0 Num: 0
16:49:44.598 > [167738][V][LoraMesher.cpp:575] sendPackets(): [LoRaMesher] TimeOnAir 63 ms, next message in 0 ms
16:49:44.608 > [167746][I][PacketQueueService.h:80] deleteQueuePacketAndPacket(): [LoRaMesher] Deleting packet
16:49:44.616 > [167755][I][PacketQueueService.h:83] deleteQueuePacketAndPacket(): [LoRaMesher] Deleting packet queue
16:50:04.624 > Send packet 9
16:50:04.625 > Sending packet to FFFF
16:50:04.627 > [187764][V][LoraMesher.h:250] createPacketAndSend(): [LoRaMesher] Creating a packet for send with 8 bytes
16:50:04.637 > [187776][V][PacketFactory.h:45] createPacket(): [LoRaMesher] Creating packet with 17 bytes
16:50:04.645 > [187784][I][PacketFactory.h:74] createPacket(): [LoRaMesher] Packet created with 17 bytes
16:50:04.653 > [187792][I][LoraMesher.h:659] setPackedForSend(): [LoRaMesher] Adding packet to Q_SP
16:50:04.660 > [187800][I][LoraMesher.h:661] setPackedForSend(): [LoRaMesher] Created packet to Q_SP
16:50:04.668 > [187807][I][LoraMesher.cpp:1051] addToSendOrderedAndNotify(): [LoRaMesher] Added packet to Q_SP, notifying sender task
16:50:04.679 > [187818][V][LoraMesher.cpp:511] sendPackets(): [LoRaMesher] Stack space unused after entering the task: 2116
16:50:04.688 > [187827][V][LoraMesher.cpp:512] sendPackets(): [LoRaMesher] Free heap: 337036
16:50:04.695 > [187834][V][LoraMesher.cpp:518] sendPackets(): [LoRaMesher] Size of Send Packets Queue: 1
16:50:04.703 > [187842][V][LoraMesher.cpp:525] sendPackets(): [LoRaMesher] Send n. 11
16:50:04.709 > [187849][V][LoraMesher.cpp:754] printHeaderPacket(): [LoRaMesher] Packet send -- Size: 17 Src: B3F0 Dst: FFFF Id: 11 Type: 2 Via: C000 Seq_Id: 0 Num: 0
16:50:04.799 > [187939][V][LoraMesher.cpp:575] sendPackets(): [LoRaMesher] TimeOnAir 63 ms, next message in 0 ms
16:50:04.808 > [187947][I][PacketQueueService.h:80] deleteQueuePacketAndPacket(): [LoRaMesher] Deleting packet
16:50:04.817 > [187956][I][PacketQueueService.h:83] deleteQueuePacketAndPacket(): [LoRaMesher] Deleting packet queue
16:50:24.824 > Send packet 10
16:50:24.825 > Sending packet to FFFF
16:50:24.827 > [207965][V][LoraMesher.h:250] createPacketAndSend(): [LoRaMesher] Creating a packet for send with 8 bytes
16:50:24.837 > [207977][V][PacketFactory.h:45] createPacket(): [LoRaMesher] Creating packet with 17 bytes
16:50:24.845 > [207985][I][PacketFactory.h:74] createPacket(): [LoRaMesher] Packet created with 17 bytes
16:50:24.853 > [207993][I][LoraMesher.h:659] setPackedForSend(): [LoRaMesher] Adding packet to Q_SP
16:50:24.860 > [208001][I][LoraMesher.h:661] setPackedForSend(): [LoRaMesher] Created packet to Q_SP
16:50:24.868 > [208008][I][LoraMesher.cpp:1051] addToSendOrderedAndNotify(): [LoRaMesher] Added packet to Q_SP, notifying sender task
16:50:24.878 > [208019][V][LoraMesher.cpp:511] sendPackets(): [LoRaMesher] Stack space unused after entering the task: 2116
16:50:24.888 > [208029][V][LoraMesher.cpp:512] sendPackets(): [LoRaMesher] Free heap: 337036
16:50:24.895 > [208035][V][LoraMesher.cpp:518] sendPackets(): [LoRaMesher] Size of Send Packets Queue: 1
16:50:24.903 > [208043][V][LoraMesher.cpp:525] sendPackets(): [LoRaMesher] Send n. 12
16:50:24.909 > [208050][V][LoraMesher.cpp:754] printHeaderPacket(): [LoRaMesher] Packet send -- Size: 17 Src: B3F0 Dst: FFFF Id: 12 Type: 2 Via: C000 Seq_Id: 0 Num: 0
16:50:24.999 > [208140][V][LoraMesher.cpp:575] sendPackets(): [LoRaMesher] TimeOnAir 63 ms, next message in 0 ms
16:50:25.008 > [208149][I][PacketQueueService.h:80] deleteQueuePacketAndPacket(): [LoRaMesher] Deleting packet
16:50:25.016 > [208157][I][PacketQueueService.h:83] deleteQueuePacketAndPacket(): [LoRaMesher] Deleting packet queue
16:50:45.025 > Send packet 11
16:50:45.027 > Sending packet to FFFF
16:50:45.029 > [228167][V][LoraMesher.h:250] createPacketAndSend(): [LoRaMesher] Creating a packet for send with 8 bytes
16:50:45.038 > [228179][V][PacketFactory.h:45] createPacket(): [LoRaMesher] Creating packet with 17 bytes
16:50:45.046 > [228187][I][PacketFactory.h:74] createPacket(): [LoRaMesher] Packet created with 17 bytes
16:50:45.054 > [228195][I][LoraMesher.h:659] setPackedForSend(): [LoRaMesher] Adding packet to Q_SP
16:50:45.062 > [228203][I][LoraMesher.h:661] setPackedForSend(): [LoRaMesher] Created packet to Q_SP
16:50:45.069 > [228210][I][LoraMesher.cpp:1051] addToSendOrderedAndNotify(): [LoRaMesher] Added packet to Q_SP, notifying sender task
16:50:45.080 > [228221][V][LoraMesher.cpp:511] sendPackets(): [LoRaMesher] Stack space unused after entering the task: 2116
16:50:45.090 > [228231][V][LoraMesher.cpp:512] sendPackets(): [LoRaMesher] Free heap: 337036
16:50:45.096 > [228237][V][LoraMesher.cpp:518] sendPackets(): [LoRaMesher] Size of Send Packets Queue: 1
16:50:45.104 > [228245][V][LoraMesher.cpp:525] sendPackets(): [LoRaMesher] Send n. 13
16:50:45.111 > [228252][V][LoraMesher.cpp:754] printHeaderPacket(): [LoRaMesher] Packet send -- Size: 17 Src: B3F0 Dst: FFFF Id: 13 Type: 2 Via: C000 Seq_Id: 0 Num: 0
16:50:45.200 > [228342][V][LoraMesher.cpp:575] sendPackets(): [LoRaMesher] TimeOnAir 63 ms, next message in 0 ms
16:50:45.210 > [228351][I][PacketQueueService.h:80] deleteQueuePacketAndPacket(): [LoRaMesher] Deleting packet
16:50:45.218 > [228359][I][PacketQueueService.h:83] deleteQueuePacketAndPacket(): [LoRaMesher] Deleting packet queue
16:51:04.871 > [248013][V][LoraMesher.cpp:598] sendHelloPacket(): [LoRaMesher] Creating Routing Packet
16:51:04.880 > [248021][V][LoraMesher.cpp:599] sendHelloPacket(): [LoRaMesher] Stack space unused after entering the task: 2324
16:51:04.889 > [248031][V][LoraMesher.cpp:600] sendHelloPacket(): [LoRaMesher] Free heap: 337132
16:51:04.897 > [248038][V][PacketFactory.h:45] createPacket(): [LoRaMesher] Creating packet with 8 bytes
16:51:04.905 > [248046][I][PacketFactory.h:74] createPacket(): [LoRaMesher] Packet created with 8 bytes
16:51:04.913 > [248054][I][LoraMesher.h:659] setPackedForSend(): [LoRaMesher] Adding packet to Q_SP
16:51:04.920 > [248062][I][LoraMesher.h:661] setPackedForSend(): [LoRaMesher] Created packet to Q_SP
16:51:04.928 > [248069][I][LoraMesher.cpp:1051] addToSendOrderedAndNotify(): [LoRaMesher] Added packet to Q_SP, notifying sender task
16:51:04.938 > [248080][V][LoraMesher.cpp:511] sendPackets(): [LoRaMesher] Stack space unused after entering the task: 2116
16:51:04.948 > [248089][V][LoraMesher.cpp:512] sendPackets(): [LoRaMesher] Free heap: 337052
16:51:04.955 > [248096][V][LoraMesher.cpp:518] sendPackets(): [LoRaMesher] Size of Send Packets Queue: 1
16:51:04.963 > [248104][V][LoraMesher.cpp:525] sendPackets(): [LoRaMesher] Send n. 14
16:51:04.969 > [248111][V][LoraMesher.cpp:754] printHeaderPacket(): [LoRaMesher] Packet send -- Size: 8 Src: B3F0 Dst: FFFF Id: 14 Type: 4 Via: 0 Seq_Id: 0 Num: 0
16:51:05.037 > [248179][V][LoraMesher.cpp:575] sendPackets(): [LoRaMesher] TimeOnAir 42 ms, next message in 0 ms
16:51:05.046 > [248188][I][PacketQueueService.h:80] deleteQueuePacketAndPacket(): [LoRaMesher] Deleting packet
16:51:05.055 > [248196][I][PacketQueueService.h:83] deleteQueuePacketAndPacket(): [LoRaMesher] Deleting packet queue
16:51:05.226 > Send packet 12
16:51:05.228 > Sending packet to FFFF
16:51:05.230 > [248369][V][LoraMesher.h:250] createPacketAndSend(): [LoRaMesher] Creating a packet for send with 8 bytes
16:51:05.240 > [248381][V][PacketFactory.h:45] createPacket(): [LoRaMesher] Creating packet with 17 bytes
16:51:05.248 > [248389][I][PacketFactory.h:74] createPacket(): [LoRaMesher] Packet created with 17 bytes
16:51:05.256 > [248397][I][LoraMesher.h:659] setPackedForSend(): [LoRaMesher] Adding packet to Q_SP
16:51:05.263 > [248405][I][LoraMesher.h:661] setPackedForSend(): [LoRaMesher] Created packet to Q_SP
16:51:05.271 > [248412][I][LoraMesher.cpp:1051] addToSendOrderedAndNotify(): [LoRaMesher] Added packet to Q_SP, notifying sender task
16:51:05.282 > [248423][V][LoraMesher.cpp:511] sendPackets(): [LoRaMesher] Stack space unused after entering the task: 2116
16:51:05.291 > [248433][V][LoraMesher.cpp:512] sendPackets(): [LoRaMesher] Free heap: 337036
16:51:05.298 > [248440][V][LoraMesher.cpp:518] sendPackets(): [LoRaMesher] Size of Send Packets Queue: 1
16:51:05.306 > [248447][V][LoraMesher.cpp:525] sendPackets(): [LoRaMesher] Send n. 15
16:51:05.313 > [248454][V][LoraMesher.cpp:754] printHeaderPacket(): [LoRaMesher] Packet send -- Size: 17 Src: B3F0 Dst: FFFF Id: 15 Type: 2 Via: F000 Seq_Id: 0 Num: 0
16:51:05.402 > [248544][V][LoraMesher.cpp:575] sendPackets(): [LoRaMesher] TimeOnAir 63 ms, next message in 0 ms
16:51:05.411 > [248553][I][PacketQueueService.h:80] deleteQueuePacketAndPacket(): [LoRaMesher] Deleting packet
16:51:05.420 > [248561][I][PacketQueueService.h:83] deleteQueuePacketAndPacket(): [LoRaMesher] Deleting packet queue
16:51:06.209 > [249351][V][LoraMesher.cpp:378] receivingRoutine(): [LoRaMesher] Stack space unused after entering the task: 2124
16:51:06.219 > [249361][V][LoraMesher.cpp:379] receivingRoutine(): [LoRaMesher] Free heap: 337132
16:51:06.227 > [249368][I][PacketService.cpp:12] createEmptyPacket(): [LoRaMesher] Packet created with 16 bytes
16:51:06.236 > [249377][I][LoraMesher.cpp:392] receivingRoutine(): [LoRaMesher] Receiving LoRa packet: Size: 16 bytes RSSI: -14 SNR: 14
16:51:06.247 > [249388][V][LoraMesher.cpp:647] processPackets(): [LoRaMesher] Size of Received Packets Queue: 1
16:51:06.255 > [249397][I][PacketQueueService.h:80] deleteQueuePacketAndPacket(): [LoRaMesher] Deleting packet
16:51:06.264 > [249405][I][PacketQueueService.h:83] deleteQueuePacketAndPacket(): [LoRaMesher] Deleting packet queue
16:51:06.273 > [249414][V][LoraMesher.cpp:658] processPackets(): [LoRaMesher] TESTING: Packet not for me, deleting it
16:51:06.282 > [249423][V][LoraMesher.cpp:641] processPackets(): [LoRaMesher] Stack space unused after entering the task: 2264
16:51:06.292 > [249433][V][LoraMesher.cpp:642] processPackets(): [LoRaMesher] Free heap: 337132
16:51:06.446 > [249588][V][LoraMesher.cpp:378] receivingRoutine(): [LoRaMesher] Stack space unused after entering the task: 2124
16:51:06.457 > [249599][V][LoraMesher.cpp:379] receivingRoutine(): [LoRaMesher] Free heap: 337132
16:51:06.465 > [249606][I][PacketService.cpp:12] createEmptyPacket(): [LoRaMesher] Packet created with 16 bytes
16:51:06.473 > [249615][I][LoraMesher.cpp:392] receivingRoutine(): [LoRaMesher] Receiving LoRa packet: Size: 16 bytes RSSI: -62 SNR: 10
16:51:06.485 > [249626][V][LoraMesher.cpp:647] processPackets(): [LoRaMesher] Size of Received Packets Queue: 1
16:51:06.493 > [249635][I][PacketQueueService.h:80] deleteQueuePacketAndPacket(): [LoRaMesher] Deleting packet
16:51:06.502 > [249643][I][PacketQueueService.h:83] deleteQueuePacketAndPacket(): [LoRaMesher] Deleting packet queue
16:51:06.511 > [249652][V][LoraMesher.cpp:658] processPackets(): [LoRaMesher] TESTING: Packet not for me, deleting it
16:51:06.520 > [249661][V][LoraMesher.cpp:641] processPackets(): [LoRaMesher] Stack space unused after entering the task: 2184
16:51:06.530 > [249671][V][LoraMesher.cpp:642] processPackets(): [LoRaMesher] Free heap: 337132
16:51:07.444 > [250586][V][LoraMesher.cpp:378] receivingRoutine(): [LoRaMesher] Stack space unused after entering the task: 2124
16:51:07.455 > [250596][V][LoraMesher.cpp:379] receivingRoutine(): [LoRaMesher] Free heap: 337132
16:51:07.462 > [250604][I][PacketService.cpp:12] createEmptyPacket(): [LoRaMesher] Packet created with 16 bytes
16:51:07.471 > [250613][I][LoraMesher.cpp:392] receivingRoutine(): [LoRaMesher] Receiving LoRa packet: Size: 16 bytes RSSI: -10 SNR: 13
16:51:07.482 > [250624][V][LoraMesher.cpp:647] processPackets(): [LoRaMesher] Size of Received Packets Queue: 1
16:51:07.491 > [250633][V][LoraMesher.cpp:754] printHeaderPacket(): [LoRaMesher] Packet received -- Size: 16 Src: DE6C Dst: FFFF Id: 2 Type: 4 Via: 0 Seq_Id: 0 Num: 0
16:51:07.504 > [250646][I][RoutingTableService.cpp:77] processRoute(): [LoRaMesher] Route packet from DE6C with size 2
16:51:07.514 > [250655][I][RoutingTableService.cpp:156] addNodeToRoutingTable(): [LoRaMesher] New route added: DE6C via DE6C metric 1, role 0
16:51:07.525 > [250666][I][RoutingTableService.cpp:99] resetReceiveSNRRoutePacket(): [LoRaMesher] Reset Receive SNR from DE6C: 13
16:51:07.535 > [250677][I][RoutingTableService.cpp:156] addNodeToRoutingTable(): [LoRaMesher] New route added: AFC0 via DE6C metric 2, role 0
16:51:07.546 > [250688][I][RoutingTableService.cpp:156] addNodeToRoutingTable(): [LoRaMesher] New route added: F02C via DE6C metric 3, role 0
16:51:07.558 > [250699][I][RoutingTableService.cpp:192] printRoutingTable(): [LoRaMesher] Current routing table:
16:51:07.566 > [250708][I][RoutingTableService.cpp:206] printRoutingTable(): [LoRaMesher] 0 - DE6C via DE6C metric 1 Role 0
16:51:07.576 > [250717][I][RoutingTableService.cpp:206] printRoutingTable(): [LoRaMesher] 1 - AFC0 via DE6C metric 2 Role 0
16:51:07.585 > [250727][I][RoutingTableService.cpp:206] printRoutingTable(): [LoRaMesher] 2 - F02C via DE6C metric 3 Role 0
16:51:07.595 > [250737][I][PacketQueueService.h:80] deleteQueuePacketAndPacket(): [LoRaMesher] Deleting packet
16:51:07.604 > [250745][I][PacketQueueService.h:83] deleteQueuePacketAndPacket(): [LoRaMesher] Deleting packet queue
16:51:07.613 > [250754][V][LoraMesher.cpp:641] processPackets(): [LoRaMesher] Stack space unused after entering the task: 2040
16:51:07.623 > [250764][V][LoraMesher.cpp:642] processPackets(): [LoRaMesher] Free heap: 336940
16:51:09.590 > [252732][V][LoraMesher.cpp:378] receivingRoutine(): [LoRaMesher] Stack space unused after entering the task: 2124
16:51:09.600 > [252742][V][LoraMesher.cpp:379] receivingRoutine(): [LoRaMesher] Free heap: 336940
16:51:09.608 > [252749][I][PacketService.cpp:12] createEmptyPacket(): [LoRaMesher] Packet created with 16 bytes
16:51:09.617 > [252758][I][LoraMesher.cpp:392] receivingRoutine(): [LoRaMesher] Receiving LoRa packet: Size: 16 bytes RSSI: -12 SNR: 13
16:51:09.628 > [252769][V][LoraMesher.cpp:647] processPackets(): [LoRaMesher] Size of Received Packets Queue: 1
16:51:09.636 > [252778][I][PacketQueueService.h:80] deleteQueuePacketAndPacket(): [LoRaMesher] Deleting packet
16:51:09.645 > [252786][I][PacketQueueService.h:83] deleteQueuePacketAndPacket(): [LoRaMesher] Deleting packet queue
16:51:09.654 > [252795][V][LoraMesher.cpp:658] processPackets(): [LoRaMesher] TESTING: Packet not for me, deleting it
16:51:09.663 > [252805][V][LoraMesher.cpp:641] processPackets(): [LoRaMesher] Stack space unused after entering the task: 2040
16:51:09.673 > [252815][V][LoraMesher.cpp:642] processPackets(): [LoRaMesher] Free heap: 336940
16:51:25.428 > Send packet 13
16:51:25.430 > Sending packet to FFFF
16:51:25.432 > [268571][V][LoraMesher.h:250] createPacketAndSend(): [LoRaMesher] Creating a packet for send with 8 bytes
16:51:25.441 > [268583][V][PacketFactory.h:45] createPacket(): [LoRaMesher] Creating packet with 17 bytes
16:51:25.448 > [268591][I][PacketFactory.h:74] createPacket(): [LoRaMesher] Packet created with 17 bytes
16:51:25.457 > [268599][I][LoraMesher.h:659] setPackedForSend(): [LoRaMesher] Adding packet to Q_SP
16:51:25.465 > [268607][I][LoraMesher.h:661] setPackedForSend(): [LoRaMesher] Created packet to Q_SP
16:51:25.473 > [268614][I][LoraMesher.cpp:1051] addToSendOrderedAndNotify(): [LoRaMesher] Added packet to Q_SP, notifying sender task
16:51:25.483 > [268625][V][LoraMesher.cpp:511] sendPackets(): [LoRaMesher] Stack space unused after entering the task: 2116
16:51:25.493 > [268635][V][LoraMesher.cpp:512] sendPackets(): [LoRaMesher] Free heap: 336848
16:51:25.500 > [268642][V][LoraMesher.cpp:518] sendPackets(): [LoRaMesher] Size of Send Packets Queue: 1
16:51:25.507 > [268649][V][LoraMesher.cpp:525] sendPackets(): [LoRaMesher] Send n. 16
16:51:25.514 > [268656][V][LoraMesher.cpp:455] waitBeforeSend(): [LoRaMesher] RandomDelay 965 ms
16:51:26.486 > [269629][V][LoraMesher.cpp:754] printHeaderPacket(): [LoRaMesher] Packet send -- Size: 17 Src: B3F0 Dst: FFFF Id: 16 Type: 2 Via: 0 Seq_Id: 0 Num: 0
16:51:26.576 > [269718][V][LoraMesher.cpp:575] sendPackets(): [LoRaMesher] TimeOnAir 63 ms, next message in 0 ms
16:51:26.585 > [269727][I][PacketQueueService.h:80] deleteQueuePacketAndPacket(): [LoRaMesher] Deleting packet
16:51:26.594 > [269736][I][PacketQueueService.h:83] deleteQueuePacketAndPacket(): [LoRaMesher] Deleting packet queue
16:51:45.520 > Send packet 14
16:51:45.522 > Sending packet to FFFF
16:51:45.524 > [288664][V][LoraMesher.h:250] createPacketAndSend(): [LoRaMesher] Creating a packet for send with 8 bytes
16:51:45.533 > [288676][V][PacketFactory.h:45] createPacket(): [LoRaMesher] Creating packet with 17 bytes
16:51:45.541 > [288684][I][PacketFactory.h:74] createPacket(): [LoRaMesher] Packet created with 17 bytes
16:51:45.549 > [288692][I][LoraMesher.h:659] setPackedForSend(): [LoRaMesher] Adding packet to Q_SP
16:51:45.556 > [288700][I][LoraMesher.h:661] setPackedForSend(): [LoRaMesher] Created packet to Q_SP
16:51:45.564 > [288707][I][LoraMesher.cpp:1051] addToSendOrderedAndNotify(): [LoRaMesher] Added packet to Q_SP, notifying sender task
16:51:45.575 > [288718][V][LoraMesher.cpp:511] sendPackets(): [LoRaMesher] Stack space unused after entering the task: 2116
16:51:45.584 > [288728][V][LoraMesher.cpp:512] sendPackets(): [LoRaMesher] Free heap: 336848
16:51:45.591 > [288734][V][LoraMesher.cpp:518] sendPackets(): [LoRaMesher] Size of Send Packets Queue: 1
16:51:45.599 > [288742][V][LoraMesher.cpp:525] sendPackets(): [LoRaMesher] Send n. 17
16:51:45.606 > [288749][V][LoraMesher.cpp:455] waitBeforeSend(): [LoRaMesher] RandomDelay 895 ms
16:51:46.508 > [289652][V][LoraMesher.cpp:754] printHeaderPacket(): [LoRaMesher] Packet send -- Size: 17 Src: B3F0 Dst: FFFF Id: 17 Type: 2 Via: 0 Seq_Id: 0 Num: 0
16:51:46.598 > [289741][V][LoraMesher.cpp:575] sendPackets(): [LoRaMesher] TimeOnAir 63 ms, next message in 0 ms
16:51:46.607 > [289750][I][PacketQueueService.h:80] deleteQueuePacketAndPacket(): [LoRaMesher] Deleting packet
16:51:46.615 > [289759][I][PacketQueueService.h:83] deleteQueuePacketAndPacket(): [LoRaMesher] Deleting packet queue
16:52:05.613 > Send packet 15
16:52:05.614 > Sending packet to FFFF
16:52:05.616 > [308757][V][LoraMesher.h:250] createPacketAndSend(): [LoRaMesher] Creating a packet for send with 8 bytes
16:52:05.626 > [308769][V][PacketFactory.h:45] createPacket(): [LoRaMesher] Creating packet with 17 bytes
16:52:05.634 > [308777][I][PacketFactory.h:74] createPacket(): [LoRaMesher] Packet created with 17 bytes
16:52:05.642 > [308785][I][LoraMesher.h:659] setPackedForSend(): [LoRaMesher] Adding packet to Q_SP
16:52:05.649 > [308793][I][LoraMesher.h:661] setPackedForSend(): [LoRaMesher] Created packet to Q_SP
16:52:05.657 > [308800][I][LoraMesher.cpp:1051] addToSendOrderedAndNotify(): [LoRaMesher] Added packet to Q_SP, notifying sender task
16:52:05.667 > [308811][V][LoraMesher.cpp:511] sendPackets(): [LoRaMesher] Stack space unused after entering the task: 2116
16:52:05.677 > [308821][V][LoraMesher.cpp:512] sendPackets(): [LoRaMesher] Free heap: 336848
16:52:05.684 > [308827][V][LoraMesher.cpp:518] sendPackets(): [LoRaMesher] Size of Send Packets Queue: 1
16:52:05.692 > [308835][V][LoraMesher.cpp:525] sendPackets(): [LoRaMesher] Send n. 18
16:52:05.698 > [308842][V][LoraMesher.cpp:455] waitBeforeSend(): [LoRaMesher] RandomDelay 391 ms
16:52:06.097 > [309241][V][LoraMesher.cpp:754] printHeaderPacket(): [LoRaMesher] Packet send -- Size: 17 Src: B3F0 Dst: FFFF Id: 18 Type: 2 Via: 0 Seq_Id: 0 Num: 0
16:52:06.186 > [309330][V][LoraMesher.cpp:575] sendPackets(): [LoRaMesher] TimeOnAir 63 ms, next message in 0 ms
16:52:06.195 > [309339][I][PacketQueueService.h:80] deleteQueuePacketAndPacket(): [LoRaMesher] Deleting packet
16:52:06.204 > [309348][I][PacketQueueService.h:83] deleteQueuePacketAndPacket(): [LoRaMesher] Deleting packet queue
16:52:25.705 > Send packet 16
16:52:25.707 > Sending packet to FFFF
16:52:25.709 > [328850][V][LoraMesher.h:250] createPacketAndSend(): [LoRaMesher] Creating a packet for send with 8 bytes
16:52:25.718 > [328862][V][PacketFactory.h:45] createPacket(): [LoRaMesher] Creating packet with 17 bytes
16:52:25.726 > [328870][I][PacketFactory.h:74] createPacket(): [LoRaMesher] Packet created with 17 bytes
16:52:25.734 > [328878][I][LoraMesher.h:659] setPackedForSend(): [LoRaMesher] Adding packet to Q_SP
16:52:25.742 > [328886][I][LoraMesher.h:661] setPackedForSend(): [LoRaMesher] Created packet to Q_SP
16:52:25.749 > [328893][I][LoraMesher.cpp:1051] addToSendOrderedAndNotify(): [LoRaMesher] Added packet to Q_SP, notifying sender task
16:52:25.760 > [328904][V][LoraMesher.cpp:511] sendPackets(): [LoRaMesher] Stack space unused after entering the task: 2116
16:52:25.769 > [328914][V][LoraMesher.cpp:512] sendPackets(): [LoRaMesher] Free heap: 336848
16:52:25.776 > [328920][V][LoraMesher.cpp:518] sendPackets(): [LoRaMesher] Size of Send Packets Queue: 1
16:52:25.784 > [328928][V][LoraMesher.cpp:525] sendPackets(): [LoRaMesher] Send n. 19
16:52:25.791 > [328935][V][LoraMesher.cpp:455] waitBeforeSend(): [LoRaMesher] RandomDelay 264 ms
16:52:26.062 > [329207][V][LoraMesher.cpp:754] printHeaderPacket(): [LoRaMesher] Packet send -- Size: 17 Src: B3F0 Dst: FFFF Id: 19 Type: 2 Via: 0 Seq_Id: 0 Num: 0
16:52:26.152 > [329296][V][LoraMesher.cpp:575] sendPackets(): [LoRaMesher] TimeOnAir 63 ms, next message in 0 ms
16:52:26.161 > [329305][I][PacketQueueService.h:80] deleteQueuePacketAndPacket(): [LoRaMesher] Deleting packet
16:52:26.169 > [329314][I][PacketQueueService.h:83] deleteQueuePacketAndPacket(): [LoRaMesher] Deleting packet queue
16:52:45.797 > Send packet 17
16:52:45.799 > Sending packet to FFFF
16:52:45.801 > [348943][V][LoraMesher.h:250] createPacketAndSend(): [LoRaMesher] Creating a packet for send with 8 bytes
16:52:45.811 > [348955][V][PacketFactory.h:45] createPacket(): [LoRaMesher] Creating packet with 17 bytes
16:52:45.819 > [348963][I][PacketFactory.h:74] createPacket(): [LoRaMesher] Packet created with 17 bytes
16:52:45.827 > [348971][I][LoraMesher.h:659] setPackedForSend(): [LoRaMesher] Adding packet to Q_SP
16:52:45.834 > [348979][I][LoraMesher.h:661] setPackedForSend(): [LoRaMesher] Created packet to Q_SP
16:52:45.842 > [348986][I][LoraMesher.cpp:1051] addToSendOrderedAndNotify(): [LoRaMesher] Added packet to Q_SP, notifying sender task
16:52:45.852 > [348997][V][LoraMesher.cpp:511] sendPackets(): [LoRaMesher] Stack space unused after entering the task: 2116
16:52:45.862 > [349007][V][LoraMesher.cpp:512] sendPackets(): [LoRaMesher] Free heap: 336848
16:52:45.869 > [349013][V][LoraMesher.cpp:518] sendPackets(): [LoRaMesher] Size of Send Packets Queue: 1
16:52:45.877 > [349021][V][LoraMesher.cpp:525] sendPackets(): [LoRaMesher] Send n. 20
16:52:45.883 > [349028][V][LoraMesher.cpp:455] waitBeforeSend(): [LoRaMesher] RandomDelay 875 ms
16:52:46.765 > [349911][V][LoraMesher.cpp:754] printHeaderPacket(): [LoRaMesher] Packet send -- Size: 17 Src: B3F0 Dst: FFFF Id: 20 Type: 2 Via: 0 Seq_Id: 0 Num: 0
16:52:46.855 > [350000][V][LoraMesher.cpp:575] sendPackets(): [LoRaMesher] TimeOnAir 63 ms, next message in 0 ms
16:52:46.865 > [350009][I][PacketQueueService.h:80] deleteQueuePacketAndPacket(): [LoRaMesher] Deleting packet
16:52:46.873 > [350018][I][PacketQueueService.h:83] deleteQueuePacketAndPacket(): [LoRaMesher] Deleting packet queue
16:53:04.933 > [368079][V][LoraMesher.cpp:598] sendHelloPacket(): [LoRaMesher] Creating Routing Packet
16:53:04.941 > [368087][V][LoraMesher.cpp:599] sendHelloPacket(): [LoRaMesher] Stack space unused after entering the task: 2324
16:53:04.951 > [368097][V][LoraMesher.cpp:600] sendHelloPacket(): [LoRaMesher] Free heap: 336940
16:53:04.958 > [368104][V][PacketFactory.h:45] createPacket(): [LoRaMesher] Creating packet with 20 bytes
16:53:04.967 > [368112][I][PacketFactory.h:74] createPacket(): [LoRaMesher] Packet created with 20 bytes
16:53:04.974 > [368120][I][LoraMesher.h:659] setPackedForSend(): [LoRaMesher] Adding packet to Q_SP
16:53:04.982 > [368128][I][LoraMesher.h:661] setPackedForSend(): [LoRaMesher] Created packet to Q_SP
16:53:04.990 > [368135][I][LoraMesher.cpp:1051] addToSendOrderedAndNotify(): [LoRaMesher] Added packet to Q_SP, notifying sender task
16:53:05.000 > [368146][V][LoraMesher.cpp:511] sendPackets(): [LoRaMesher] Stack space unused after entering the task: 2116
16:53:05.010 > [368156][V][LoraMesher.cpp:512] sendPackets(): [LoRaMesher] Free heap: 336844
16:53:05.018 > [368163][V][LoraMesher.cpp:518] sendPackets(): [LoRaMesher] Size of Send Packets Queue: 1
16:53:05.026 > [368171][V][LoraMesher.cpp:525] sendPackets(): [LoRaMesher] Send n. 21
16:53:05.031 > [368177][V][LoraMesher.cpp:455] waitBeforeSend(): [LoRaMesher] RandomDelay 513 ms
16:53:05.473 > [368619][V][LoraMesher.cpp:378] receivingRoutine(): [LoRaMesher] Stack space unused after entering the task: 2124
16:53:05.484 > [368629][V][LoraMesher.cpp:379] receivingRoutine(): [LoRaMesher] Free heap: 336872
16:53:05.491 > [368637][I][PacketService.cpp:12] createEmptyPacket(): [LoRaMesher] Packet created with 24 bytes
16:53:05.500 > [368646][I][LoraMesher.cpp:392] receivingRoutine(): [LoRaMesher] Receiving LoRa packet: Size: 24 bytes RSSI: -10 SNR: 3
16:53:05.511 > [368657][V][LoraMesher.cpp:647] processPackets(): [LoRaMesher] Size of Received Packets Queue: 1
16:53:05.520 > [368666][V][LoraMesher.cpp:754] printHeaderPacket(): [LoRaMesher] Packet received -- Size: 24 Src: DE6C Dst: FFFF Id: 3 Type: 4 Via: 0 Seq_Id: 0 Num: 0
16:53:05.533 > [368679][I][RoutingTableService.cpp:77] processRoute(): [LoRaMesher] Route packet from DE6C with size 4
16:53:05.542 > [368688][I][RoutingTableService.cpp:99] resetReceiveSNRRoutePacket(): [LoRaMesher] Reset Receive SNR from DE6C: 3
16:53:05.553 > [368698][I][RoutingTableService.cpp:156] addNodeToRoutingTable(): [LoRaMesher] New route added: D110 via DE6C metric 4, role 1
16:53:05.564 > [368703][V][LoraMesher.cpp:462] waitBeforeSend(): [LoRaMesher] Preamble detected while waiting 1
16:53:05.572 > [368718][I][Ro[u3t6i8n7g1T8a]b[lVe]S[eLrovriacMee.schpepr:.1c9p2p]: 4p5r5i]n twRaoiuttBienfgoTraebSleen(d)(:) :[ L[oLRoaRMaeMsehseh]r]uRaentmDouty g73abl
16:53:05.586 > null
16:53:05.586 > [368732][I][RoutingTableService.cpp:206] printRoutingTable(): [LoRaMesher] 0 - DE6C via DE6C metric 1 Role 0
16:53:05.596 > [368741][I][RoutingTableService.cpp:206] printRoutingTable(): [LoRaMesher] 1 - AFC0 via DE6C metric 2 Role 0
16:53:05.605 > [368751][I][RoutingTableService.cpp:206] printRoutingTable(): [LoRaMesher] 2 - F02C via DE6C metric 3 Role 0
16:53:05.615 > [368761][I][RoutingTableService.cpp:206] printRoutingTable(): [LoRaMesher] 3 - D110 via DE6C metric 4 Role 1
16:53:05.625 > [368770][I][PacketQueueService.h:80] deleteQueuePacketAndPacket(): [LoRaMesher] Deleting packet
16:53:05.633 > [368779][I][PacketQueueService.h:83] deleteQueuePacketAndPacket(): [LoRaMesher] Deleting packet queue
16:53:05.642 > [368788][V][LoraMesher.cpp:641] processPackets(): [LoRaMesher] Stack space unused after entering the task: 2040
16:53:05.652 > [368798][V][LoraMesher.cpp:642] processPackets(): [LoRaMesher] Free heap: 336808
16:53:05.890 > Send packet 18
16:53:05.891 > Sending packet to D110
16:53:05.893 > [369036][V][LoraMesher.h:250] createPacketAndSend(): [LoRaMesher] Creating a packet for send with 8 bytes
16:53:05.902 > [369048][V][PacketFactory.h:45] createPacket(): [LoRaMesher] Creating packet with 17 bytes
16:53:05.910 > [369056][I][PacketFactory.h:74] createPacket(): [LoRaMesher] Packet created with 17 bytes
16:53:05.918 > [369064][I][LoraMesher.h:659] setPackedForSend(): [LoRaMesher] Adding packet to Q_SP
16:53:05.926 > [369072][I][LoraMesher.h:661] setPackedForSend(): [LoRaMesher] Created packet to Q_SP
16:53:05.934 > [369079][I][LoraMesher.cpp:1051] addToSendOrderedAndNotify(): [LoRaMesher] Added packet to Q_SP, notifying sender task
16:53:06.159 > [369305][V][LoraMesher.cpp:754] printHeaderPacket(): [LoRaMesher] Packet send -- Size: 20 Src: B3F0 Dst: FFFF Id: 21 Type: 4 Via: 0 Seq_Id: 0 Num: 0
16:53:06.256 > [369402][V][LoraMesher.cpp:575] sendPackets(): [LoRaMesher] TimeOnAir 70 ms, next message in 0 ms
16:53:06.264 > [369410][I][PacketQueueService.h:80] deleteQueuePacketAndPacket(): [LoRaMesher] Deleting packet
16:53:06.273 > [369419][I][PacketQueueService.h:83] deleteQueuePacketAndPacket(): [LoRaMesher] Deleting packet queue
16:53:06.282 > [369428][V][LoraMesher.cpp:518] sendPackets(): [LoRaMesher] Size of Send Packets Queue: 1
16:53:06.290 > [369436][V][LoraMesher.cpp:525] sendPackets(): [LoRaMesher] Send n. 22
16:53:06.296 > [369442][V][LoraMesher.cpp:455] waitBeforeSend(): [LoRaMesher] RandomDelay 992 ms
16:53:07.296 > [370442][V][LoraMesher.cpp:754] printHeaderPacket(): [LoRaMesher] Packet send -- Size: 17 Src: B3F0 Dst: D110 Id: 22 Type: 2 Via: DE6C Seq_Id: 0 Num: 0
16:53:07.386 > [370532][V][LoraMesher.cpp:575] sendPackets(): [LoRaMesher] TimeOnAir 63 ms, next message in 0 ms
16:53:07.394 > [370540][I][PacketQueueService.h:80] deleteQueuePacketAndPacket(): [LoRaMesher] Deleting packet
16:53:07.403 > [370549][I][PacketQueueService.h:83] deleteQueuePacketAndPacket(): [LoRaMesher] Deleting packet queue
16:53:08.068 > [371214][V][LoraMesher.cpp:378] receivingRoutine(): [LoRaMesher] Stack space unused after entering the task: 2124
16:53:08.078 > [371224][V][LoraMesher.cpp:379] receivingRoutine(): [LoRaMesher] Free heap: 336876
16:53:08.087 > [371232][I][PacketService.cpp:12] createEmptyPacket(): [LoRaMesher] Packet created with 20 bytes
16:53:08.095 > [371241][I][LoraMesher.cpp:392] receivingRoutine(): [LoRaMesher] Receiving LoRa packet: Size: 20 bytes RSSI: -63 SNR: 10
16:53:08.106 > [371252][V][LoraMesher.cpp:647] processPackets(): [LoRaMesher] Size of Received Packets Queue: 1
16:53:08.115 > [371260][I][PacketQueueService.h:80] deleteQueuePacketAndPacket(): [LoRaMesher] Deleting packet
16:53:08.123 > [371269][I][PacketQueueService.h:83] deleteQueuePacketAndPacket(): [LoRaMesher] Deleting packet queue
16:53:08.132 > [371278][V][LoraMesher.cpp:658] processPackets(): [LoRaMesher] TESTING: Packet not for me, deleting it
16:53:08.141 > [371287][V][LoraMesher.cpp:641] processPackets(): [LoRaMesher] Stack space unused after entering the task: 2040
16:53:08.151 > [371297][V][LoraMesher.cpp:642] processPackets(): [LoRaMesher] Free heap: 336876
16:53:08.979 > [372125][V][LoraMesher.cpp:378] receivingRoutine(): [LoRaMesher] Stack space unused after entering the task: 2124
16:53:08.990 > [372135][V][LoraMesher.cpp:379] receivingRoutine(): [LoRaMesher] Free heap: 336876
16:53:08.997 > [372143][I][PacketService.cpp:12] createEmptyPacket(): [LoRaMesher] Packet created with 17 bytes
16:53:09.006 > [372152][I][LoraMesher.cpp:392] receivingRoutine(): [LoRaMesher] Receiving LoRa packet: Size: 17 bytes RSSI: -10 SNR: 14
16:53:09.017 > [372163][V][LoraMesher.cpp:647] processPackets(): [LoRaMesher] Size of Received Packets Queue: 1
16:53:09.026 > [372172][I][PacketQueueService.h:80] deleteQueuePacketAndPacket(): [LoRaMesher] Deleting packet
16:53:09.034 > [372180][I][PacketQueueService.h:83] deleteQueuePacketAndPacket(): [LoRaMesher] Deleting packet queue
16:53:09.043 > [372189][V][LoraMesher.cpp:658] processPackets(): [LoRaMesher] TESTING: Packet not for me, deleting it
16:53:09.052 > [372198][V][LoraMesher.cpp:641] processPackets(): [LoRaMesher] Stack space unused after entering the task: 2040
16:53:09.062 > [372208][V][LoraMesher.cpp:642] processPackets(): [LoRaMesher] Free heap: 336876
16:53:10.336 > [373481][V][LoraMesher.cpp:378] receivingRoutine(): [LoRaMesher] Stack space unused after entering the task: 2124
16:53:10.346 > [373491][V][LoraMesher.cpp:379] receivingRoutine(): [LoRaMesher] Free heap: 336876
16:53:10.353 > [373499][I][PacketService.cpp:12] createEmptyPacket(): [LoRaMesher] Packet created with 17 bytes
16:53:10.362 > [373508][I][LoraMesher.cpp:392] receivingRoutine(): [LoRaMesher] Receiving LoRa packet: Size: 17 bytes RSSI: -64 SNR: 9
16:53:10.373 > [373519][V][LoraMesher.cpp:647] processPackets(): [LoRaMesher] Size of Received Packets Queue: 1
16:53:10.381 > [373527][I][PacketQueueService.h:80] deleteQueuePacketAndPacket(): [LoRaMesher] Deleting packet
16:53:10.390 > [373536][I][PacketQueueService.h:83] deleteQueuePacketAndPacket(): [LoRaMesher] Deleting packet queue
16:53:10.399 > [373545][V][LoraMesher.cpp:658] processPackets(): [LoRaMesher] TESTING: Packet not for me, deleting it
16:53:10.408 > [373554][V][LoraMesher.cpp:641] processPackets(): [LoRaMesher] Stack space unused after entering the task: 2040
16:53:10.418 > [373564][V][LoraMesher.cpp:642] processPackets(): [LoRaMesher] Free heap: 336876
16:53:11.361 > [374507][V][LoraMesher.cpp:378] receivingRoutine(): [LoRaMesher] Stack space unused after entering the task: 2124
16:53:11.371 > [374517][V][LoraMesher.cpp:379] receivingRoutine(): [LoRaMesher] Free heap: 336876
16:53:11.379 > [374525][I][PacketService.cpp:12] createEmptyPacket(): [LoRaMesher] Packet created with 20 bytes
16:53:11.388 > [374534][I][LoraMesher.cpp:392] receivingRoutine(): [LoRaMesher] Receiving LoRa packet: Size: 20 bytes RSSI: -14 SNR: 14
16:53:11.399 > [374545][V][LoraMesher.cpp:647] processPackets(): [LoRaMesher] Size of Received Packets Queue: 1
16:53:11.407 > [374553][I][PacketQueueService.h:80] deleteQueuePacketAndPacket(): [LoRaMesher] Deleting packet
16:53:11.416 > [374562][I][PacketQueueService.h:83] deleteQueuePacketAndPacket(): [LoRaMesher] Deleting packet queue
16:53:11.425 > [374571][V][LoraMesher.cpp:658] processPackets(): [LoRaMesher] TESTING: Packet not for me, deleting it
16:53:11.434 > [374580][V][LoraMesher.cpp:641] processPackets(): [LoRaMesher] Stack space unused after entering the task: 2040
16:53:11.444 > [374590][V][LoraMesher.cpp:642] processPackets(): [LoRaMesher] Free heap: 336876
16:53:12.345 > [375491][V][LoraMesher.cpp:378] receivingRoutine(): [LoRaMesher] Stack space unused after entering the task: 2124
16:53:12.355 > [375501][V][LoraMesher.cpp:379] receivingRoutine(): [LoRaMesher] Free heap: 336876
16:53:12.363 > [375509][I][PacketService.cpp:12] createEmptyPacket(): [LoRaMesher] Packet created with 17 bytes
16:53:12.372 > [375518][I][LoraMesher.cpp:392] receivingRoutine(): [LoRaMesher] Receiving LoRa packet: Size: 17 bytes RSSI: -13 SNR: 13
16:53:12.383 > [375529][V][LoraMesher.cpp:647] processPackets(): [LoRaMesher] Size of Received Packets Queue: 1
16:53:12.392 > [375537][I][PacketQueueService.h:80] deleteQueuePacketAndPacket(): [LoRaMesher] Deleting packet
16:53:12.400 > [375546][I][PacketQueueService.h:83] deleteQueuePacketAndPacket(): [LoRaMesher] Deleting packet queue
16:53:12.409 > [375555][V][LoraMesher.cpp:658] processPackets(): [LoRaMesher] TESTING: Packet not for me, deleting it
16:53:12.418 > [375564][V][LoraMesher.cpp:641] processPackets(): [LoRaMesher] Stack space unused after entering the task: 2040
16:53:12.428 > [375574][V][LoraMesher.cpp:642] processPackets(): [LoRaMesher] Free heap: 336876
16:53:25.943 > Send packet 19
16:53:25.945 > Sending packet to D110
16:53:25.947 > [389090][V][LoraMesher.h:250] createPacketAndSend(): [LoRaMesher] Creating a packet for send with 8 bytes
16:53:25.956 > [389102][V][PacketFactory.h:45] createPacket(): [LoRaMesher] Creating packet with 17 bytes
16:53:25.964 > [389110][I][PacketFactory.h:74] createPacket(): [LoRaMesher] Packet created with 17 bytes
16:53:25.972 > [389118][I][LoraMesher.h:659] setPackedForSend(): [LoRaMesher] Adding packet to Q_SP
16:53:25.979 > [389126][I][LoraMesher.h:661] setPackedForSend(): [LoRaMesher] Created packet to Q_SP
16:53:25.987 > [389133][I][LoraMesher.cpp:1051] addToSendOrderedAndNotify(): [LoRaMesher] Added packet to Q_SP, notifying sender task
16:53:25.998 > [389144][V][LoraMesher.cpp:511] sendPackets(): [LoRaMesher] Stack space unused after entering the task: 1972
16:53:26.007 > [389154][V][LoraMesher.cpp:512] sendPackets(): [LoRaMesher] Free heap: 336780
16:53:26.014 > [389161][V][LoraMesher.cpp:518] sendPackets(): [LoRaMesher] Size of Send Packets Queue: 1
16:53:26.022 > [389169][V][LoraMesher.cpp:525] sendPackets(): [LoRaMesher] Send n. 23
16:53:26.029 > [389175][V][LoraMesher.cpp:455] waitBeforeSend(): [LoRaMesher] RandomDelay 1061 ms
16:53:27.097 > [390244][V][LoraMesher.cpp:754] printHeaderPacket(): [LoRaMesher] Packet send -- Size: 17 Src: B3F0 Dst: D110 Id: 23 Type: 2 Via: DE6C Seq_Id: 0 Num: 0
16:53:27.187 > [390334][V][LoraMesher.cpp:575] sendPackets(): [LoRaMesher] TimeOnAir 63 ms, next message in 0 ms
16:53:27.196 > [390342][I][PacketQueueService.h:80] deleteQueuePacketAndPacket(): [LoRaMesher] Deleting packet
16:53:27.205 > [390351][I][PacketQueueService.h:83] deleteQueuePacketAndPacket(): [LoRaMesher] Deleting packet queue
16:53:27.878 > [391024][V][LoraMesher.cpp:378] receivingRoutine(): [LoRaMesher] Stack space unused after entering the task: 2124
16:53:27.888 > [391034][V][LoraMesher.cpp:379] receivingRoutine(): [LoRaMesher] Free heap: 336876
16:53:27.895 > [391042][I][PacketService.cpp:12] createEmptyPacket(): [LoRaMesher] Packet created with 17 bytes
16:53:27.904 > [391050][I][LoraMesher.cpp:392] receivingRoutine(): [LoRaMesher] Receiving LoRa packet: Size: 17 bytes RSSI: -11 SNR: 13
16:53:27.915 > [391061][V][LoraMesher.cpp:647] processPackets(): [LoRaMesher] Size of Received Packets Queue: 1
16:53:27.924 > [391070][I][PacketQueueService.h:80] deleteQueuePacketAndPacket(): [LoRaMesher] Deleting packet
16:53:27.932 > [391079][I][PacketQueueService.h:83] deleteQueuePacketAndPacket(): [LoRaMesher] Deleting packet queue
16:53:27.941 > [391088][V][LoraMesher.cpp:658] processPackets(): [LoRaMesher] TESTING: Packet not for me, deleting it
16:53:27.951 > [391097][V][LoraMesher.cpp:641] processPackets(): [LoRaMesher] Stack space unused after entering the task: 2040
16:53:27.960 > [391107][V][LoraMesher.cpp:642] processPackets(): [LoRaMesher] Free heap: 336876
16:53:29.169 > [392315][V][LoraMesher.cpp:378] receivingRoutine(): [LoRaMesher] Stack space unused after entering the task: 2124
16:53:29.179 > [392325][V][LoraMesher.cpp:379] receivingRoutine(): [LoRaMesher] Free heap: 336876
16:53:29.187 > [392333][I][PacketService.cpp:12] createEmptyPacket(): [LoRaMesher] Packet created with 17 bytes
16:53:29.195 > [392342][I][LoraMesher.cpp:392] receivingRoutine(): [LoRaMesher] Receiving LoRa packet: Size: 17 bytes RSSI: -62 SNR: 11
16:53:29.207 > [392353][V][LoraMesher.cpp:647] processPackets(): [LoRaMesher] Size of Received Packets Queue: 1
16:53:29.215 > [392362][I][PacketQueueService.h:80] deleteQueuePacketAndPacket(): [LoRaMesher] Deleting packet
16:53:29.224 > [392370][I][PacketQueueService.h:83] deleteQueuePacketAndPacket(): [LoRaMesher] Deleting packet queue
16:53:29.233 > [392379][V][LoraMesher.cpp:658] processPackets(): [LoRaMesher] TESTING: Packet not for me, deleting it
16:53:29.242 > [392388][V][LoraMesher.cpp:641] processPackets(): [LoRaMesher] Stack space unused after entering the task: 2040
16:53:29.252 > [392398][V][LoraMesher.cpp:642] processPackets(): [LoRaMesher] Free heap: 336876
16:53:29.729 > [392875][V][LoraMesher.cpp:378] receivingRoutine(): [LoRaMesher] Stack space unused after entering the task: 2124
16:53:29.739 > [392886][V][LoraMesher.cpp:379] receivingRoutine(): [LoRaMesher] Free heap: 336876
16:53:29.747 > [392893][I][PacketService.cpp:12] createEmptyPacket(): [LoRaMesher] Packet created with 17 bytes
16:53:29.756 > [392902][I][LoraMesher.cpp:392] receivingRoutine(): [LoRaMesher] Receiving LoRa packet: Size: 17 bytes RSSI: -13 SNR: 13
16:53:29.767 > [392913][V][LoraMesher.cpp:647] processPackets(): [LoRaMesher] Size of Received Packets Queue: 1
16:53:29.775 > [392922][I][PacketQueueService.h:80] deleteQueuePacketAndPacket(): [LoRaMesher] Deleting packet
16:53:29.784 > [392930][I][PacketQueueService.h:83] deleteQueuePacketAndPacket(): [LoRaMesher] Deleting packet queue
16:53:29.793 > [392939][V][LoraMesher.cpp:658] processPackets(): [LoRaMesher] TESTING: Packet not for me, deleting it
16:53:29.802 > [392948][V][LoraMesher.cpp:641] processPackets(): [LoRaMesher] Stack space unused after entering the task: 2040
16:53:29.812 > [392958][V][LoraMesher.cpp:642] processPackets(): [LoRaMesher] Free heap: 336876
16:53:46.036 > Send packet 20
16:53:46.037 > Sending packet to D110
16:53:46.039 > [409183][V][LoraMesher.h:250] createPacketAndSend(): [LoRaMesher] Creating a packet for send with 8 bytes
16:53:46.048 > [409195][V][PacketFactory.h:45] createPacket(): [LoRaMesher] Creating packet with 17 bytes
16:53:46.057 > [409203][I][PacketFactory.h:74] createPacket(): [LoRaMesher] Packet created with 17 bytes
16:53:46.065 > [409211][I][LoraMesher.h:659] setPackedForSend(): [LoRaMesher] Adding packet to Q_SP
16:53:46.072 > [409219][I][LoraMesher.h:661] setPackedForSend(): [LoRaMesher] Created packet to Q_SP
16:53:46.080 > [409226][I][LoraMesher.cpp:1051] addToSendOrderedAndNotify(): [LoRaMesher] Added packet to Q_SP, notifying sender task
16:53:46.090 > [409237][V][LoraMesher.cpp:511] sendPackets(): [LoRaMesher] Stack space unused after entering the task: 1972
16:53:46.100 > [409247][V][LoraMesher.cpp:512] sendPackets(): [LoRaMesher] Free heap: 336780
16:53:46.107 > [409254][V][LoraMesher.cpp:518] sendPackets(): [LoRaMesher] Size of Send Packets Queue: 1
16:53:46.115 > [409261][V][LoraMesher.cpp:525] sendPackets(): [LoRaMesher] Send n. 24
16:53:46.121 > [409268][V][LoraMesher.cpp:455] waitBeforeSend(): [LoRaMesher] RandomDelay 468 ms
16:53:46.597 > [409744][V][LoraMesher.cpp:754] printHeaderPacket(): [LoRaMesher] Packet send -- Size: 17 Src: B3F0 Dst: D110 Id: 24 Type: 2 Via: DE6C Seq_Id: 0 Num: 0
16:53:46.686 > [409834][V][LoraMesher.cpp:575] sendPackets(): [LoRaMesher] TimeOnAir 63 ms, next message in 0 ms
16:53:46.696 > [409842][I][PacketQueueService.h:80] deleteQueuePacketAndPacket(): [LoRaMesher] Deleting packet
16:53:46.704 > [409851][I][PacketQueueService.h:83] deleteQueuePacketAndPacket(): [LoRaMesher] Deleting packet queue
16:53:47.251 > [410398][V][LoraMesher.cpp:378] receivingRoutine(): [LoRaMesher] Stack space unused after entering the task: 2124
16:53:47.262 > [410409][V][LoraMesher.cpp:379] receivingRoutine(): [LoRaMesher] Free heap: 336876
16:53:47.269 > [410416][I][PacketService.cpp:12] createEmptyPacket(): [LoRaMesher] Packet created with 17 bytes
16:53:47.278 > [410425][I][LoraMesher.cpp:392] receivingRoutine(): [LoRaMesher] Receiving LoRa packet: Size: 17 bytes RSSI: -11 SNR: 13
16:53:47.289 > [410436][V][LoraMesher.cpp:647] processPackets(): [LoRaMesher] Size of Received Packets Queue: 1
16:53:47.298 > [410445][I][PacketQueueService.h:80] deleteQueuePacketAndPacket(): [LoRaMesher] Deleting packet
16:53:47.307 > [410453][I][PacketQueueService.h:83] deleteQueuePacketAndPacket(): [LoRaMesher] Deleting packet queue
16:53:47.316 > [410462][V][LoraMesher.cpp:658] processPackets(): [LoRaMesher] TESTING: Packet not for me, deleting it
16:53:47.325 > [410471][V][LoraMesher.cpp:641] processPackets(): [LoRaMesher] Stack space unused after entering the task: 2040
16:53:47.335 > [410481][V][LoraMesher.cpp:642] processPackets(): [LoRaMesher] Free heap: 336876
16:53:48.025 > [411172][V][LoraMesher.cpp:378] receivingRoutine(): [LoRaMesher] Stack space unused after entering the task: 2124
16:53:48.036 > [411182][V][LoraMesher.cpp:379] receivingRoutine(): [LoRaMesher] Free heap: 336876
16:53:48.043 > [411190][I][PacketService.cpp:12] createEmptyPacket(): [LoRaMesher] Packet created with 17 bytes
16:53:48.052 > [411199][I][LoraMesher.cpp:392] receivingRoutine(): [LoRaMesher] Receiving LoRa packet: Size: 17 bytes RSSI: -63 SNR: 10
16:53:48.063 > [411210][V][LoraMesher.cpp:647] processPackets(): [LoRaMesher] Size of Received Packets Queue: 1
16:53:48.072 > [411218][I][PacketQueueService.h:80] deleteQueuePacketAndPacket(): [LoRaMesher] Deleting packet
16:53:48.080 > [411227][I][PacketQueueService.h:83] deleteQueuePacketAndPacket(): [LoRaMesher] Deleting packet queue
16:53:48.089 > [411236][V][LoraMesher.cpp:658] processPackets(): [LoRaMesher] TESTING: Packet not for me, deleting it
16:53:48.098 > [411245][V][LoraMesher.cpp:641] processPackets(): [LoRaMesher] Stack space unused after entering the task: 2040
16:53:48.108 > [411255][V][LoraMesher.cpp:642] processPackets(): [LoRaMesher] Free heap: 336876
16:53:48.697 > [411844][V][LoraMesher.cpp:378] receivingRoutine(): [LoRaMesher] Stack space unused after entering the task: 2124
16:53:48.708 > [411855][V][LoraMesher.cpp:379] receivingRoutine(): [LoRaMesher] Free heap: 336876
16:53:48.715 > [411862][I][PacketService.cpp:12] createEmptyPacket(): [LoRaMesher] Packet created with 17 bytes
16:53:48.724 > [411871][I][LoraMesher.cpp:392] receivingRoutine(): [LoRaMesher] Receiving LoRa packet: Size: 17 bytes RSSI: -13 SNR: 14
16:53:48.735 > [411882][V][LoraMesher.cpp:647] processPackets(): [LoRaMesher] Size of Received Packets Queue: 1
16:53:48.744 > [411891][I][PacketQueueService.h:80] deleteQueuePacketAndPacket(): [LoRaMesher] Deleting packet
16:53:48.752 > [411899][I][PacketQueueService.h:83] deleteQueuePacketAndPacket(): [LoRaMesher] Deleting packet queue
16:53:48.761 > [411908][V][LoraMesher.cpp:658] processPackets(): [LoRaMesher] TESTING: Packet not for me, deleting it
16:53:48.771 > [411917][V][LoraMesher.cpp:641] processPackets(): [LoRaMesher] Stack space unused after entering the task: 2040
16:53:48.780 > [411927][V][LoraMesher.cpp:642] processPackets(): [LoRaMesher] Free heap: 336876
16:54:06.128 > Send packet 21
16:54:06.130 > Sending packet to D110
16:54:06.132 > [429276][V][LoraMesher.h:250] createPacketAndSend(): [LoRaMesher] Creating a packet for send with 8 bytes
16:54:06.141 > [429288][V][PacketFactory.h:45] createPacket(): [LoRaMesher] Creating packet with 17 bytes
16:54:06.149 > [429296][I][PacketFactory.h:74] createPacket(): [LoRaMesher] Packet created with 17 bytes
16:54:06.157 > [429304][I][LoraMesher.h:659] setPackedForSend(): [LoRaMesher] Adding packet to Q_SP
16:54:06.165 > [429312][I][LoraMesher.h:661] setPackedForSend(): [LoRaMesher] Created packet to Q_SP
16:54:06.172 > [429319][I][LoraMesher.cpp:1051] addToSendOrderedAndNotify(): [LoRaMesher] Added packet to Q_SP, notifying sender task
16:54:06.183 > [429330][V][LoraMesher.cpp:511] sendPackets(): [LoRaMesher] Stack space unused after entering the task: 1972
16:54:06.192 > [429340][V][LoraMesher.cpp:512] sendPackets(): [LoRaMesher] Free heap: 336780
16:54:06.199 > [429347][V][LoraMesher.cpp:518] sendPackets(): [LoRaMesher] Size of Send Packets Queue: 1
16:54:06.207 > [429354][V][LoraMesher.cpp:525] sendPackets(): [LoRaMesher] Send n. 25
16:54:06.214 > [429361][V][LoraMesher.cpp:455] waitBeforeSend(): [LoRaMesher] RandomDelay 991 ms
16:54:07.212 > [430360][V][LoraMesher.cpp:754] printHeaderPacket(): [LoRaMesher] Packet send -- Size: 17 Src: B3F0 Dst: D110 Id: 25 Type: 2 Via: DE6C Seq_Id: 0 Num: 0
16:54:07.302 > [430450][V][LoraMesher.cpp:575] sendPackets(): [LoRaMesher] TimeOnAir 63 ms, next message in 0 ms
16:54:07.311 > [430458][I][PacketQueueService.h:80] deleteQueuePacketAndPacket(): [LoRaMesher] Deleting packet
16:54:07.320 > [430467][I][PacketQueueService.h:83] deleteQueuePacketAndPacket(): [LoRaMesher] Deleting packet queue
16:54:08.652 > [431799][V][LoraMesher.cpp:378] receivingRoutine(): [LoRaMesher] Stack space unused after entering the task: 2124
16:54:08.662 > [431809][V][LoraMesher.cpp:379] receivingRoutine(): [LoRaMesher] Free heap: 336876
16:54:08.670 > [431817][I][PacketService.cpp:12] createEmptyPacket(): [LoRaMesher] Packet created with 17 bytes
16:54:08.678 > [431826][I][LoraMesher.cpp:392] receivingRoutine(): [LoRaMesher] Receiving LoRa packet: Size: 17 bytes RSSI: -11 SNR: 13
16:54:08.690 > [431837][V][LoraMesher.cpp:647] processPackets(): [LoRaMesher] Size of Received Packets Queue: 1
16:54:08.698 > [431845][I][PacketQueueService.h:80] deleteQueuePacketAndPacket(): [LoRaMesher] Deleting packet
16:54:08.707 > [431854][I][PacketQueueService.h:83] deleteQueuePacketAndPacket(): [LoRaMesher] Deleting packet queue
16:54:08.716 > [431863][V][LoraMesher.cpp:658] processPackets(): [LoRaMesher] TESTING: Packet not for me, deleting it
16:54:08.725 > [431872][V][LoraMesher.cpp:641] processPackets(): [LoRaMesher] Stack space unused after entering the task: 2040
16:54:08.735 > [431882][V][LoraMesher.cpp:642] processPackets(): [LoRaMesher] Free heap: 336876
16:54:09.958 > [433106][V][LoraMesher.cpp:378] receivingRoutine(): [LoRaMesher] Stack space unused after entering the task: 2124
16:54:09.969 > [433116][V][LoraMesher.cpp:379] receivingRoutine(): [LoRaMesher] Free heap: 336876
16:54:09.977 > [433124][I][PacketService.cpp:12] createEmptyPacket(): [LoRaMesher] Packet created with 17 bytes
16:54:09.986 > [433133][I][LoraMesher.cpp:392] receivingRoutine(): [LoRaMesher] Receiving LoRa packet: Size: 17 bytes RSSI: -63 SNR: 10
16:54:09.997 > [433144][V][LoraMesher.cpp:647] processPackets(): [LoRaMesher] Size of Received Packets Queue: 1
16:54:10.005 > [433152][I][PacketQueueService.h:80] deleteQueuePacketAndPacket(): [LoRaMesher] Deleting packet
16:54:10.014 > [433161][I][PacketQueueService.h:83] deleteQueuePacketAndPacket(): [LoRaMesher] Deleting packet queue
16:54:10.023 > [433170][V][LoraMesher.cpp:658] processPackets(): [LoRaMesher] TESTING: Packet not for me, deleting it
16:54:10.032 > [433179][V][LoraMesher.cpp:641] processPackets(): [LoRaMesher] Stack space unused after entering the task: 2040
16:54:10.042 > [433189][V][LoraMesher.cpp:642] processPackets(): [LoRaMesher] Free heap: 336876
16:54:10.885 > [434033][V][LoraMesher.cpp:378] receivingRoutine(): [LoRaMesher] Stack space unused after entering the task: 2124
16:54:10.896 > [434043][V][LoraMesher.cpp:379] receivingRoutine(): [LoRaMesher] Free heap: 336876
16:54:10.903 > [434050][I][PacketService.cpp:12] createEmptyPacket(): [LoRaMesher] Packet created with 17 bytes
16:54:10.911 > [434059][I][LoraMesher.cpp:392] receivingRoutine(): [LoRaMesher] Receiving LoRa packet: Size: 17 bytes RSSI: -13 SNR: 13
16:54:10.923 > [434070][V][LoraMesher.cpp:647] processPackets(): [LoRaMesher] Size of Received Packets Queue: 1
16:54:10.932 > [434079][I][PacketQueueService.h:80] deleteQueuePacketAndPacket(): [LoRaMesher] Deleting packet
16:54:10.940 > [434087][I][PacketQueueService.h:83] deleteQueuePacketAndPacket(): [LoRaMesher] Deleting packet queue
16:54:10.949 > [434096][V][LoraMesher.cpp:658] processPackets(): [LoRaMesher] TESTING: Packet not for me, deleting it
16:54:10.958 > [434105][V][LoraMesher.cpp:641] processPackets(): [LoRaMesher] Stack space unused after entering the task: 2040
16:54:10.968 > [434115][V][LoraMesher.cpp:642] processPackets(): [LoRaMesher] Free heap: 336876
16:54:26.220 > Send packet 22
16:54:26.222 > Sending packet to D110
16:54:26.223 > [449369][V][LoraMesher.h:250] createPacketAndSend(): [LoRaMesher] Creating a packet for send with 8 bytes
16:54:26.233 > [449381][V][PacketFactory.h:45] createPacket(): [LoRaMesher] Creating packet with 17 bytes
16:54:26.241 > [449389][I][PacketFactory.h:74] createPacket(): [LoRaMesher] Packet created with 17 bytes
16:54:26.249 > [449397][I][LoraMesher.h:659] setPackedForSend(): [LoRaMesher] Adding packet to Q_SP
16:54:26.256 > [449405][I][LoraMesher.h:661] setPackedForSend(): [LoRaMesher] Created packet to Q_SP
16:54:26.264 > [449412][I][LoraMesher.cpp:1051] addToSendOrderedAndNotify(): [LoRaMesher] Added packet to Q_SP, notifying sender task
16:54:26.274 > [449423][V][LoraMesher.cpp:511] sendPackets(): [LoRaMesher] Stack space unused after entering the task: 1972
16:54:26.284 > [449433][V][LoraMesher.cpp:512] sendPackets(): [LoRaMesher] Free heap: 336780
16:54:26.291 > [449440][V][LoraMesher.cpp:518] sendPackets(): [LoRaMesher] Size of Send Packets Queue: 1
16:54:26.299 > [449447][V][LoraMesher.cpp:525] sendPackets(): [LoRaMesher] Send n. 26
16:54:26.305 > [449454][V][LoraMesher.cpp:455] waitBeforeSend(): [LoRaMesher] RandomDelay 950 ms
16:54:27.263 > [450412][V][LoraMesher.cpp:754] printHeaderPacket(): [LoRaMesher] Packet send -- Size: 17 Src: B3F0 Dst: D110 Id: 26 Type: 2 Via: DE6C Seq_Id: 0 Num: 0
16:54:27.353 > [450502][V][LoraMesher.cpp:575] sendPackets(): [LoRaMesher] TimeOnAir 63 ms, next message in 0 ms
16:54:27.362 > [450510][I][PacketQueueService.h:80] deleteQueuePacketAndPacket(): [LoRaMesher] Deleting packet
16:54:27.370 > [450519][I][PacketQueueService.h:83] deleteQueuePacketAndPacket(): [LoRaMesher] Deleting packet queue
16:54:28.525 > [451674][V][LoraMesher.cpp:378] receivingRoutine(): [LoRaMesher] Stack space unused after entering the task: 2124
16:54:28.535 > [451684][V][LoraMesher.cpp:379] receivingRoutine(): [LoRaMesher] Free heap: 336876
16:54:28.543 > [451691][I][PacketService.cpp:12] createEmptyPacket(): [LoRaMesher] Packet created with 17 bytes
16:54:28.552 > [451700][I][LoraMesher.cpp:392] receivingRoutine(): [LoRaMesher] Receiving LoRa packet: Size: 17 bytes RSSI: -11 SNR: 13
16:54:28.563 > [451711][V][LoraMesher.cpp:647] processPackets(): [LoRaMesher] Size of Received Packets Queue: 1
16:54:28.571 > [451720][I][PacketQueueService.h:80] deleteQueuePacketAndPacket(): [LoRaMesher] Deleting packet
16:54:28.580 > [451728][I][PacketQueueService.h:83] deleteQueuePacketAndPacket(): [LoRaMesher] Deleting packet queue
16:54:28.589 > [451737][V][LoraMesher.cpp:658] processPackets(): [LoRaMesher] TESTING: Packet not for me, deleting it
16:54:28.598 > [451747][V][LoraMesher.cpp:641] processPackets(): [LoRaMesher] Stack space unused after entering the task: 2040
16:54:28.608 > [451757][V][LoraMesher.cpp:642] processPackets(): [LoRaMesher] Free heap: 336876
16:54:29.308 > [452456][V][LoraMesher.cpp:378] receivingRoutine(): [LoRaMesher] Stack space unused after entering the task: 2124
16:54:29.318 > [452466][V][LoraMesher.cpp:379] receivingRoutine(): [LoRaMesher] Free heap: 336876
16:54:29.325 > [452474][I][PacketService.cpp:12] createEmptyPacket(): [LoRaMesher] Packet created with 17 bytes
16:54:29.334 > [452483][I][LoraMesher.cpp:392] receivingRoutine(): [LoRaMesher] Receiving LoRa packet: Size: 17 bytes RSSI: -63 SNR: 9
16:54:29.345 > [452494][V][LoraMesher.cpp:647] processPackets(): [LoRaMesher] Size of Received Packets Queue: 1
16:54:29.354 > [452502][I][PacketQueueService.h:80] deleteQueuePacketAndPacket(): [LoRaMesher] Deleting packet
16:54:29.362 > [452511][I][PacketQueueService.h:83] deleteQueuePacketAndPacket(): [LoRaMesher] Deleting packet queue
16:54:29.371 > [452520][V][LoraMesher.cpp:658] processPackets(): [LoRaMesher] TESTING: Packet not for me, deleting it
16:54:29.381 > [452529][V][LoraMesher.cpp:641] processPackets(): [LoRaMesher] Stack space unused after entering the task: 2040
16:54:29.390 > [452539][V][LoraMesher.cpp:642] processPackets(): [LoRaMesher] Free heap: 336876
16:54:30.567 > [453716][V][LoraMesher.cpp:378] receivingRoutine(): [LoRaMesher] Stack space unused after entering the task: 2124
16:54:30.577 > [453726][V][LoraMesher.cpp:379] receivingRoutine(): [LoRaMesher] Free heap: 336876
16:54:30.585 > [453733][I][PacketService.cpp:12] createEmptyPacket(): [LoRaMesher] Packet created with 17 bytes
16:54:30.593 > [453742][I][LoraMesher.cpp:392] receivingRoutine(): [LoRaMesher] Receiving LoRa packet: Size: 17 bytes RSSI: -13 SNR: 13
16:54:30.605 > [453753][V][LoraMesher.cpp:647] processPackets(): [LoRaMesher] Size of Received Packets Queue: 1
16:54:30.613 > [453762][I][PacketQueueService.h:80] deleteQueuePacketAndPacket(): [LoRaMesher] Deleting packet
16:54:30.622 > [453770][I][PacketQueueService.h:83] deleteQueuePacketAndPacket(): [LoRaMesher] Deleting packet queue
16:54:30.631 > [453779][V][LoraMesher.cpp:658] processPackets(): [LoRaMesher] TESTING: Packet not for me, deleting it
16:54:30.640 > [453788][V][LoraMesher.cpp:641] processPackets(): [LoRaMesher] Stack space unused after entering the task: 2040
16:54:30.650 > [453798][V][LoraMesher.cpp:642] processPackets(): [LoRaMesher] Free heap: 336876
16:54:46.312 > Send packet 23
16:54:46.314 > Sending packet to D110
16:54:46.316 > [469462][V][LoraMesher.h:250] createPacketAndSend(): [LoRaMesher] Creating a packet for send with 8 bytes
16:54:46.325 > [469474][V][PacketFactory.h:45] createPacket(): [LoRaMesher] Creating packet with 17 bytes
16:54:46.333 > [469482][I][PacketFactory.h:74] createPacket(): [LoRaMesher] Packet created with 17 bytes
16:54:46.341 > [469490][I][LoraMesher.h:659] setPackedForSend(): [LoRaMesher] Adding packet to Q_SP
16:54:46.349 > [469498][I][LoraMesher.h:661] setPackedForSend(): [LoRaMesher] Created packet to Q_SP
16:54:46.356 > [469505][I][LoraMesher.cpp:1051] addToSendOrderedAndNotify(): [LoRaMesher] Added packet to Q_SP, notifying sender task
16:54:46.367 > [469516][V][LoraMesher.cpp:511] sendPackets(): [LoRaMesher] Stack space unused after entering the task: 1972
16:54:46.377 > [469526][V][LoraMesher.cpp:512] sendPackets(): [LoRaMesher] Free heap: 336780
16:54:46.384 > [469533][V][LoraMesher.cpp:518] sendPackets(): [LoRaMesher] Size of Send Packets Queue: 1
16:54:46.392 > [469540][V][LoraMesher.cpp:525] sendPackets(): [LoRaMesher] Send n. 27
16:54:46.398 > [469547][V][LoraMesher.cpp:455] waitBeforeSend(): [LoRaMesher] RandomDelay 737 ms
16:54:47.142 > [470292][V][LoraMesher.cpp:754] printHeaderPacket(): [LoRaMesher] Packet send -- Size: 17 Src: B3F0 Dst: D110 Id: 27 Type: 2 Via: DE6C Seq_Id: 0 Num: 0
16:54:47.232 > [470382][V][LoraMesher.cpp:575] sendPackets(): [LoRaMesher] TimeOnAir 63 ms, next message in 0 ms
16:54:47.241 > [470390][I][PacketQueueService.h:80] deleteQueuePacketAndPacket(): [LoRaMesher] Deleting packet
16:54:47.250 > [470399][I][PacketQueueService.h:83] deleteQueuePacketAndPacket(): [LoRaMesher] Deleting packet queue
16:54:48.002 > [471151][V][LoraMesher.cpp:378] receivingRoutine(): [LoRaMesher] Stack space unused after entering the task: 2124
16:54:48.012 > [471161][V][LoraMesher.cpp:379] receivingRoutine(): [LoRaMesher] Free heap: 336876
16:54:48.020 > [471169][I][PacketService.cpp:12] createEmptyPacket(): [LoRaMesher] Packet created with 17 bytes
16:54:48.029 > [471178][I][LoraMesher.cpp:392] receivingRoutine(): [LoRaMesher] Receiving LoRa packet: Size: 17 bytes RSSI: -11 SNR: 13
16:54:48.040 > [471189][V][LoraMesher.cpp:647] processPackets(): [LoRaMesher] Size of Received Packets Queue: 1
16:54:48.049 > [471197][I][PacketQueueService.h:80] deleteQueuePacketAndPacket(): [LoRaMesher] Deleting packet
16:54:48.057 > [471206][I][PacketQueueService.h:83] deleteQueuePacketAndPacket(): [LoRaMesher] Deleting packet queue
16:54:48.066 > [471215][V][LoraMesher.cpp:658] processPackets(): [LoRaMesher] TESTING: Packet not for me, deleting it
16:54:48.075 > [471224][V][LoraMesher.cpp:641] processPackets(): [LoRaMesher] Stack space unused after entering the task: 2040
16:54:48.085 > [471234][V][LoraMesher.cpp:642] processPackets(): [LoRaMesher] Free heap: 336876
16:54:49.081 > [472230][V][LoraMesher.cpp:378] receivingRoutine(): [LoRaMesher] Stack space unused after entering the task: 2124
16:54:49.091 > [472240][V][LoraMesher.cpp:379] receivingRoutine(): [LoRaMesher] Free heap: 336876
16:54:49.099 > [472248][I][PacketService.cpp:12] createEmptyPacket(): [LoRaMesher] Packet created with 17 bytes
16:54:49.108 > [472257][I][LoraMesher.cpp:392] receivingRoutine(): [LoRaMesher] Receiving LoRa packet: Size: 17 bytes RSSI: -64 SNR: 10
16:54:49.119 > [472268][V][LoraMesher.cpp:647] processPackets(): [LoRaMesher] Size of Received Packets Queue: 1
16:54:49.128 > [472276][I][PacketQueueService.h:80] deleteQueuePacketAndPacket(): [LoRaMesher] Deleting packet
16:54:49.136 > [472285][I][PacketQueueService.h:83] deleteQueuePacketAndPacket(): [LoRaMesher] Deleting packet queue
16:54:49.145 > [472294][V][LoraMesher.cpp:658] processPackets(): [LoRaMesher] TESTING: Packet not for me, deleting it
16:54:49.154 > [472303][V][LoraMesher.cpp:641] processPackets(): [LoRaMesher] Stack space unused after entering the task: 2040
16:54:49.164 > [472313][V][LoraMesher.cpp:642] processPackets(): [LoRaMesher] Free heap: 336876
16:54:50.323 > [473473][V][LoraMesher.cpp:378] receivingRoutine(): [LoRaMesher] Stack space unused after entering the task: 2124
16:54:50.334 > [473483][V][LoraMesher.cpp:379] receivingRoutine(): [LoRaMesher] Free heap: 336876
16:54:50.341 > [473490][I][PacketService.cpp:12] createEmptyPacket(): [LoRaMesher] Packet created with 17 bytes
16:54:50.350 > [473499][I][LoraMesher.cpp:392] receivingRoutine(): [LoRaMesher] Receiving LoRa packet: Size: 17 bytes RSSI: -13 SNR: 13
16:54:50.361 > [473510][V][LoraMesher.cpp:647] processPackets(): [LoRaMesher] Size of Received Packets Queue: 1
16:54:50.370 > [473519][I][PacketQueueService.h:80] deleteQueuePacketAndPacket(): [LoRaMesher] Deleting packet
16:54:50.378 > [473527][I][PacketQueueService.h:83] deleteQueuePacketAndPacket(): [LoRaMesher] Deleting packet queue
16:54:50.387 > [473536][V][LoraMesher.cpp:658] processPackets(): [LoRaMesher] TESTING: Packet not for me, deleting it
16:54:50.396 > [473545][V][LoraMesher.cpp:641] processPackets(): [LoRaMesher] Stack space unused after entering the task: 2040
16:54:50.406 > [473555][V][LoraMesher.cpp:642] processPackets(): [LoRaMesher] Free heap: 336876
16:55:04.995 > [488145][V][LoraMesher.cpp:598] sendHelloPacket(): [LoRaMesher] Creating Routing Packet
16:55:05.004 > [488153][V][LoraMesher.cpp:599] sendHelloPacket(): [LoRaMesher] Stack space unused after entering the task: 2324
16:55:05.014 > [488163][V][LoraMesher.cpp:600] sendHelloPacket(): [LoRaMesher] Free heap: 336876
16:55:05.021 > [488170][V][PacketFactory.h:45] createPacket(): [LoRaMesher] Creating packet with 24 bytes
16:55:05.029 > [488178][I][PacketFactory.h:74] createPacket(): [LoRaMesher] Packet created with 24 bytes
16:55:05.037 > [488186][I][LoraMesher.h:659] setPackedForSend(): [LoRaMesher] Adding packet to Q_SP
16:55:05.044 > [488194][I][LoraMesher.h:661] setPackedForSend(): [LoRaMesher] Created packet to Q_SP
16:55:05.052 > [488201][I][LoraMesher.cpp:1051] addToSendOrderedAndNotify(): [LoRaMesher] Added packet to Q_SP, notifying sender task
16:55:05.063 > [488212][V][LoraMesher.cpp:511] sendPackets(): [LoRaMesher] Stack space unused after entering the task: 1972
16:55:05.072 > [488222][V][LoraMesher.cpp:512] sendPackets(): [LoRaMesher] Free heap: 336776
16:55:05.079 > [488229][V][LoraMesher.cpp:518] sendPackets(): [LoRaMesher] Size of Send Packets Queue: 1
16:55:05.087 > [488237][V][LoraMesher.cpp:525] sendPackets(): [LoRaMesher] Send n. 28
16:55:05.094 > [488243][V][LoraMesher.cpp:455] waitBeforeSend(): [LoRaMesher] RandomDelay 414 ms
16:55:05.515 > [488665][V][LoraMesher.cpp:754] printHeaderPacket(): [LoRaMesher] Packet send -- Size: 24 Src: B3F0 Dst: FFFF Id: 28 Type: 4 Via: 0 Seq_Id: 0 Num: 0
16:55:05.619 > [488769][V][LoraMesher.cpp:575] sendPackets(): [LoRaMesher] TimeOnAir 78 ms, next message in 0 ms
16:55:05.628 > [488777][I][PacketQueueService.h:80] deleteQueuePacketAndPacket(): [LoRaMesher] Deleting packet
16:55:05.637 > [488786][I][PacketQueueService.h:83] deleteQueuePacketAndPacket(): [LoRaMesher] Deleting packet queue
16:55:06.405 > Send packet 24
16:55:06.407 > Sending packet to D110
16:55:06.409 > [489555][V][LoraMesher.h:250] createPacketAndSend(): [LoRaMesher] Creating a packet for send with 8 bytes
16:55:06.418 > [489567][V][PacketFactory.h:45] createPacket(): [LoRaMesher] Creating packet with 17 bytes
16:55:06.426 > [489575][I][PacketFactory.h:74] createPacket(): [LoRaMesher] Packet created with 17 bytes
16:55:06.434 > [489583][I][LoraMesher.h:659] setPackedForSend(): [LoRaMesher] Adding packet to Q_SP
16:55:06.441 > [489591][I][LoraMesher.h:661] setPackedForSend(): [LoRaMesher] Created packet to Q_SP
16:55:06.449 > [489598][I][LoraMesher.cpp:1051] addToSendOrderedAndNotify(): [LoRaMesher] Added packet to Q_SP, notifying sender task
16:55:06.460 > [489609][V][LoraMesher.cpp:511] sendPackets(): [LoRaMesher] Stack space unused after entering the task: 1972
16:55:06.469 > [489619][V][LoraMesher.cpp:512] sendPackets(): [LoRaMesher] Free heap: 336780
16:55:06.476 > [489626][V][LoraMesher.cpp:518] sendPackets(): [LoRaMesher] Size of Send Packets Queue: 1
16:55:06.484 > [489633][V][LoraMesher.cpp:525] sendPackets(): [LoRaMesher] Send n. 29
16:55:06.491 > [489640][V][LoraMesher.cpp:455] waitBeforeSend(): [LoRaMesher] RandomDelay 582 ms
16:55:06.869 > [490019][V][LoraMesher.cpp:378] receivingRoutine(): [LoRaMesher] Stack space unused after entering the task: 2124
16:55:06.880 > [490029][V][LoraMesher.cpp:379] receivingRoutine(): [LoRaMesher] Free heap: 336812
16:55:06.887 > [490037][I][PacketService.cpp:12] createEmptyPacket(): [LoRaMesher] Packet created with 20 bytes
16:55:06.896 > [490045][I][LoraMesher.cpp:392] receivingRoutine(): [LoRaMesher] Receiving LoRa packet: Size: 20 bytes RSSI: -17 SNR: 13
16:55:06.907 > [490057][V][LoraMesher.cpp:647] processPackets(): [LoRaMesher] Size of Received Packets Queue: 1
16:55:06.916 > [490065][I][PacketQueueService.h:80] deleteQueuePacketAndPacket(): [LoRaMesher] Deleting packet
16:55:06.924 > [490074][I][PacketQueueService.h:83] deleteQueuePacketAndPacket(): [LoRaMesher] Deleting packet queue
16:55:06.933 > [490083][V][LoraMesher.cpp:658] processPackets(): [LoRaMesher] TESTING: Packet not for me, deleting it
16:55:06.943 > [490092][V][LoraMesher.cpp:641] processPackets(): [LoRaMesher] Stack space unused after entering the task: 2040
16:55:06.952 > [490102][V][LoraMesher.cpp:642] processPackets(): [LoRaMesher] Free heap: 336812
16:55:07.085 > [490235][V][LoraMesher.cpp:462] waitBeforeSend(): [LoRaMesher] Preamble detected while waiting 1
16:55:07.095 > [490244][V][LoraMesher.cpp:455] waitBeforeSend(): [LoRaMesher] RandomDelay 539 ms
16:55:07.641 > [490791][V][LoraMesher.cpp:754] printHeaderPacket(): [LoRaMesher] Packet send -- Size: 17 Src: B3F0 Dst: D110 Id: 29 Type: 2 Via: DE6C Seq_Id: 0 Num: 0
16:55:07.731 > [490881][V][LoraMesher.cpp:575] sendPackets(): [LoRaMesher] TimeOnAir 63 ms, next message in 0 ms
16:55:07.740 > [490889][I][PacketQueueService.h:80] deleteQueuePacketAndPacket(): [LoRaMesher] Deleting packet
16:55:07.748 > [490898][I][PacketQueueService.h:83] deleteQueuePacketAndPacket(): [LoRaMesher] Deleting packet queue
16:55:08.638 > [491788][V][LoraMesher.cpp:378] receivingRoutine(): [LoRaMesher] Stack space unused after entering the task: 2124
16:55:08.649 > [491798][V][LoraMesher.cpp:379] receivingRoutine(): [LoRaMesher] Free heap: 336876
16:55:08.656 > [491806][I][PacketService.cpp:12] createEmptyPacket(): [LoRaMesher] Packet created with 17 bytes
16:55:08.665 > [491814][I][LoraMesher.cpp:392] receivingRoutine(): [LoRaMesher] Receiving LoRa packet: Size: 17 bytes RSSI: -11 SNR: 13
16:55:08.676 > [491825][V][LoraMesher.cpp:647] processPackets(): [LoRaMesher] Size of Received Packets Queue: 1
16:55:08.685 > [491834][I][PacketQueueService.h:80] deleteQueuePacketAndPacket(): [LoRaMesher] Deleting packet
16:55:08.693 > [491843][I][PacketQueueService.h:83] deleteQueuePacketAndPacket(): [LoRaMesher] Deleting packet queue
16:55:08.702 > [491852][V][LoraMesher.cpp:658] processPackets(): [LoRaMesher] TESTING: Packet not for me, deleting it
16:55:08.711 > [491861][V][LoraMesher.cpp:641] processPackets(): [LoRaMesher] Stack space unused after entering the task: 2040
16:55:08.721 > [491871][V][LoraMesher.cpp:642] processPackets(): [LoRaMesher] Free heap: 336876
16:55:08.945 > [492095][V][LoraMesher.cpp:378] receivingRoutine(): [LoRaMesher] Stack space unused after entering the task: 2124
16:55:08.955 > [492105][V][LoraMesher.cpp:379] receivingRoutine(): [LoRaMesher] Free heap: 336876
16:55:08.963 > [492112][I][PacketService.cpp:12] createEmptyPacket(): [LoRaMesher] Packet created with 24 bytes
16:55:08.972 > [492121][I][LoraMesher.cpp:392] receivingRoutine(): [LoRaMesher] Receiving LoRa packet: Size: 24 bytes RSSI: -63 SNR: 9
16:55:08.983 > [492132][V][LoraMesher.cpp:647] processPackets(): [LoRaMesher] Size of Received Packets Queue: 1
16:55:08.991 > [492141][I][PacketQueueService.h:80] deleteQueuePacketAndPacket(): [LoRaMesher] Deleting packet
16:55:09.000 > [492149][I][PacketQueueService.h:83] deleteQueuePacketAndPacket(): [LoRaMesher] Deleting packet queue
16:55:09.009 > [492158][V][LoraMesher.cpp:658] processPackets(): [LoRaMesher] TESTING: Packet not for me, deleting it
16:55:09.018 > [492167][V][LoraMesher.cpp:641] processPackets(): [LoRaMesher] Stack space unused after entering the task: 2040
16:55:09.028 > [492177][V][LoraMesher.cpp:642] processPackets(): [LoRaMesher] Free heap: 336876
16:55:09.552 > [492702][V][LoraMesher.cpp:378] receivingRoutine(): [LoRaMesher] Stack space unused after entering the task: 2124
16:55:09.563 > [492712][V][LoraMesher.cpp:379] receivingRoutine(): [LoRaMesher] Free heap: 336876
16:55:09.570 > [492720][I][PacketService.cpp:12] createEmptyPacket(): [LoRaMesher] Packet created with 17 bytes
16:55:09.579 > [492729][I][LoraMesher.cpp:392] receivingRoutine(): [LoRaMesher] Receiving LoRa packet: Size: 17 bytes RSSI: -63 SNR: 9
16:55:09.590 > [492740][V][LoraMesher.cpp:647] processPackets(): [LoRaMesher] Size of Received Packets Queue: 1
16:55:09.599 > [492748][I][PacketQueueService.h:80] deleteQueuePacketAndPacket(): [LoRaMesher] Deleting packet
16:55:09.607 > [492757][I][PacketQueueService.h:83] deleteQueuePacketAndPacket(): [LoRaMesher] Deleting packet queue
16:55:09.616 > [492766][V][LoraMesher.cpp:658] processPackets(): [LoRaMesher] TESTING: Packet not for me, deleting it
16:55:09.626 > [492775][V][LoraMesher.cpp:641] processPackets(): [LoRaMesher] Stack space unused after entering the task: 2040
16:55:09.635 > [492785][V][LoraMesher.cpp:642] processPackets(): [LoRaMesher] Free heap: 336876
16:55:10.991 > [494141][V][LoraMesher.cpp:378] receivingRoutine(): [LoRaMesher] Stack space unused after entering the task: 2124
16:55:11.002 > [494152][V][LoraMesher.cpp:379] receivingRoutine(): [LoRaMesher] Free heap: 336876
16:55:11.010 > [494159][I][PacketService.cpp:12] createEmptyPacket(): [LoRaMesher] Packet created with 20 bytes
16:55:11.018 > [494168][I][LoraMesher.cpp:392] receivingRoutine(): [LoRaMesher] Receiving LoRa packet: Size: 20 bytes RSSI: -13 SNR: 13
16:55:11.030 > [494179][V][LoraMesher.cpp:647] processPackets(): [LoRaMesher] Size of Received Packets Queue: 1
16:55:11.038 > [494188][I][PacketQueueService.h:80] deleteQueuePacketAndPacket(): [LoRaMesher] Deleting packet
16:55:11.047 > [494196][I][PacketQueueService.h:83] deleteQueuePacketAndPacket(): [LoRaMesher] Deleting packet queue
16:55:11.056 > [494205][V][LoraMesher.cpp:658] processPackets(): [LoRaMesher] TESTING: Packet not for me, deleting it
16:55:11.065 > [494214][V][LoraMesher.cpp:641] processPackets(): [LoRaMesher] Stack space unused after entering the task: 2040
16:55:11.075 > [494224][V][LoraMesher.cpp:642] processPackets(): [LoRaMesher] Free heap: 336876
16:55:11.533 > [494683][V][LoraMesher.cpp:378] receivingRoutine(): [LoRaMesher] Stack space unused after entering the task: 2124
16:55:11.543 > [494693][V][LoraMesher.cpp:379] receivingRoutine(): [LoRaMesher] Free heap: 336876
16:55:11.551 > [494700][I][PacketService.cpp:12] createEmptyPacket(): [LoRaMesher] Packet created with 17 bytes
16:55:11.560 > [494709][I][LoraMesher.cpp:392] receivingRoutine(): [LoRaMesher] Receiving LoRa packet: Size: 17 bytes RSSI: -13 SNR: 13
16:55:11.571 > [494720][V][LoraMesher.cpp:647] processPackets(): [LoRaMesher] Size of Received Packets Queue: 1
16:55:11.579 > [494729][I][PacketQueueService.h:80] deleteQueuePacketAndPacket(): [LoRaMesher] Deleting packet
16:55:11.588 > [494737][I][PacketQueueService.h:83] deleteQueuePacketAndPacket(): [LoRaMesher] Deleting packet queue
16:55:11.597 > [494746][V][LoraMesher.cpp:658] processPackets(): [LoRaMesher] TESTING: Packet not for me, deleting it
16:55:11.606 > [494755][V][LoraMesher.cpp:641] processPackets(): [LoRaMesher] Stack space unused after entering the task: 2040
16:55:11.616 > [494765][V][LoraMesher.cpp:642] processPackets(): [LoRaMesher] Free heap: 336876
16:55:26.497 > Send packet 25
16:55:26.499 > Sending packet to D110
16:55:26.501 > [509648][V][LoraMesher.h:250] createPacketAndSend(): [LoRaMesher] Creating a packet for send with 8 bytes
16:55:26.510 > [509660][V][PacketFactory.h:45] createPacket(): [LoRaMesher] Creating packet with 17 bytes
16:55:26.519 > [509668][I][PacketFactory.h:74] createPacket(): [LoRaMesher] Packet created with 17 bytes
16:55:26.526 > [509676][I][LoraMesher.h:659] setPackedForSend(): [LoRaMesher] Adding packet to Q_SP
16:55:26.534 > [509684][I][LoraMesher.h:661] setPackedForSend(): [LoRaMesher] Created packet to Q_SP
16:55:26.542 > [509691][I][LoraMesher.cpp:1051] addToSendOrderedAndNotify(): [LoRaMesher] Added packet to Q_SP, notifying sender task
16:55:26.552 > [509702][V][LoraMesher.cpp:511] sendPackets(): [LoRaMesher] Stack space unused after entering the task: 1972
16:55:26.562 > [509712][V][LoraMesher.cpp:512] sendPackets(): [LoRaMesher] Free heap: 336780
16:55:26.569 > [509719][V][LoraMesher.cpp:518] sendPackets(): [LoRaMesher] Size of Send Packets Queue: 1
16:55:26.577 > [509727][V][LoraMesher.cpp:525] sendPackets(): [LoRaMesher] Send n. 30
16:55:26.583 > [509733][V][LoraMesher.cpp:455] waitBeforeSend(): [LoRaMesher] RandomDelay 899 ms
16:55:27.489 > [510640][V][LoraMesher.cpp:754] printHeaderPacket(): [LoRaMesher] Packet send -- Size: 17 Src: B3F0 Dst: D110 Id: 30 Type: 2 Via: DE6C Seq_Id: 0 Num: 0
16:55:27.579 > [510730][V][LoraMesher.cpp:575] sendPackets(): [LoRaMesher] TimeOnAir 63 ms, next message in 0 ms
16:55:27.589 > [510738][I][PacketQueueService.h:80] deleteQueuePacketAndPacket(): [LoRaMesher] Deleting packet
16:55:27.597 > [510747][I][PacketQueueService.h:83] deleteQueuePacketAndPacket(): [LoRaMesher] Deleting packet queue
16:55:28.675 > [511825][V][LoraMesher.cpp:378] receivingRoutine(): [LoRaMesher] Stack space unused after entering the task: 2124
16:55:28.686 > [511836][V][LoraMesher.cpp:379] receivingRoutine(): [LoRaMesher] Free heap: 336876
16:55:28.693 > [511843][I][PacketService.cpp:12] createEmptyPacket(): [LoRaMesher] Packet created with 17 bytes
16:55:28.702 > [511852][I][LoraMesher.cpp:392] receivingRoutine(): [LoRaMesher] Receiving LoRa packet: Size: 17 bytes RSSI: -12 SNR: 12
16:55:28.713 > [511863][V][LoraMesher.cpp:647] processPackets(): [LoRaMesher] Size of Received Packets Queue: 1
16:55:28.722 > [511872][I][PacketQueueService.h:80] deleteQueuePacketAndPacket(): [LoRaMesher] Deleting packet
16:55:28.730 > [511880][I][PacketQueueService.h:83] deleteQueuePacketAndPacket(): [LoRaMesher] Deleting packet queue
16:55:28.739 > [511889][V][LoraMesher.cpp:658] processPackets(): [LoRaMesher] TESTING: Packet not for me, deleting it
16:55:28.749 > [511898][V][LoraMesher.cpp:641] processPackets(): [LoRaMesher] Stack space unused after entering the task: 2040
16:55:28.759 > [511908][V][LoraMesher.cpp:642] processPackets(): [LoRaMesher] Free heap: 336876
16:55:29.151 > [512301][V][LoraMesher.cpp:378] receivingRoutine(): [LoRaMesher] Stack space unused after entering the task: 2124
16:55:29.162 > [512311][V][LoraMesher.cpp:379] receivingRoutine(): [LoRaMesher] Free heap: 336876
16:55:29.169 > [512319][I][PacketService.cpp:12] createEmptyPacket(): [LoRaMesher] Packet created with 17 bytes
16:55:29.178 > [512328][I][LoraMesher.cpp:392] receivingRoutine(): [LoRaMesher] Receiving LoRa packet: Size: 17 bytes RSSI: -63 SNR: 9
16:55:29.189 > [512339][V][LoraMesher.cpp:647] processPackets(): [LoRaMesher] Size of Received Packets Queue: 1
16:55:29.198 > [512347][I][PacketQueueService.h:80] deleteQueuePacketAndPacket(): [LoRaMesher] Deleting packet
16:55:29.206 > [512356][I][PacketQueueService.h:83] deleteQueuePacketAndPacket(): [LoRaMesher] Deleting packet queue
16:55:29.215 > [512365][V][LoraMesher.cpp:658] processPackets(): [LoRaMesher] TESTING: Packet not for me, deleting it
16:55:29.224 > [512374][V][LoraMesher.cpp:641] processPackets(): [LoRaMesher] Stack space unused after entering the task: 2040
16:55:29.234 > [512384][V][LoraMesher.cpp:642] processPackets(): [LoRaMesher] Free heap: 336876
16:55:30.083 > [513234][V][LoraMesher.cpp:378] receivingRoutine(): [LoRaMesher] Stack space unused after entering the task: 2124
16:55:30.094 > [513244][V][LoraMesher.cpp:379] receivingRoutine(): [LoRaMesher] Free heap: 336876
16:55:30.102 > [513251][I][PacketService.cpp:12] createEmptyPacket(): [LoRaMesher] Packet created with 17 bytes
16:55:30.110 > [513260][I][LoraMesher.cpp:392] receivingRoutine(): [LoRaMesher] Receiving LoRa packet: Size: 17 bytes RSSI: -13 SNR: 14
16:55:30.121 > [513271][V][LoraMesher.cpp:647] processPackets(): [LoRaMesher] Size of Received Packets Queue: 1
16:55:30.130 > [513280][I][PacketQueueService.h:80] deleteQueuePacketAndPacket(): [LoRaMesher] Deleting packet
16:55:30.139 > [513288][I][PacketQueueService.h:83] deleteQueuePacketAndPacket(): [LoRaMesher] Deleting packet queue
16:55:30.148 > [513297][V][LoraMesher.cpp:658] processPackets(): [LoRaMesher] TESTING: Packet not for me, deleting it
16:55:30.157 > [513306][V][LoraMesher.cpp:641] processPackets(): [LoRaMesher] Stack space unused after entering the task: 2040
16:55:30.167 > [513316][V][LoraMesher.cpp:642] processPackets(): [LoRaMesher] Free heap: 336876
16:55:46.590 > Send packet 26
16:55:46.592 > Sending packet to D110
16:55:46.593 > [529741][V][LoraMesher.h:250] createPacketAndSend(): [LoRaMesher] Creating a packet for send with 8 bytes
16:55:46.602 > [529753][V][PacketFactory.h:45] createPacket(): [LoRaMesher] Creating packet with 17 bytes
16:55:46.610 > [529761][I][PacketFactory.h:74] createPacket(): [LoRaMesher] Packet created with 17 bytes
16:55:46.618 > [529769][I][LoraMesher.h:659] setPackedForSend(): [LoRaMesher] Adding packet to Q_SP
16:55:46.626 > [529777][I][LoraMesher.h:661] setPackedForSend(): [LoRaMesher] Created packet to Q_SP
16:55:46.633 > [529784][I][LoraMesher.cpp:1051] addToSendOrderedAndNotify(): [LoRaMesher] Added packet to Q_SP, notifying sender task
16:55:46.644 > [529795][V][LoraMesher.cpp:511] sendPackets(): [LoRaMesher] Stack space unused after entering the task: 1972
16:55:46.653 > [529805][V][LoraMesher.cpp:512] sendPackets(): [LoRaMesher] Free heap: 336780
16:55:46.660 > [529812][V][LoraMesher.cpp:518] sendPackets(): [LoRaMesher] Size of Send Packets Queue: 1
16:55:46.668 > [529819][V][LoraMesher.cpp:525] sendPackets(): [LoRaMesher] Send n. 31
16:55:46.675 > [529826][V][LoraMesher.cpp:455] waitBeforeSend(): [LoRaMesher] RandomDelay 432 ms
16:55:47.114 > [530266][V][LoraMesher.cpp:754] printHeaderPacket(): [LoRaMesher] Packet send -- Size: 17 Src: B3F0 Dst: D110 Id: 31 Type: 2 Via: DE6C Seq_Id: 0 Num: 0
16:55:47.204 > [530356][V][LoraMesher.cpp:575] sendPackets(): [LoRaMesher] TimeOnAir 63 ms, next message in 0 ms
16:55:47.213 > [530364][I][PacketQueueService.h:80] deleteQueuePacketAndPacket(): [LoRaMesher] Deleting packet
16:55:47.222 > [530373][I][PacketQueueService.h:83] deleteQueuePacketAndPacket(): [LoRaMesher] Deleting packet queue
16:55:48.501 > [531652][V][LoraMesher.cpp:378] receivingRoutine(): [LoRaMesher] Stack space unused after entering the task: 2124
16:55:48.511 > [531662][V][LoraMesher.cpp:379] receivingRoutine(): [LoRaMesher] Free heap: 336876
16:55:48.519 > [531670][I][PacketService.cpp:12] createEmptyPacket(): [LoRaMesher] Packet created with 17 bytes
16:55:48.527 > [531678][I][LoraMesher.cpp:392] receivingRoutine(): [LoRaMesher] Receiving LoRa packet: Size: 17 bytes RSSI: -11 SNR: 12
16:55:48.539 > [531690][V][LoraMesher.cpp:647] processPackets(): [LoRaMesher] Size of Received Packets Queue: 1
16:55:48.547 > [531698][I][PacketQueueService.h:80] deleteQueuePacketAndPacket(): [LoRaMesher] Deleting packet
16:55:48.556 > [531707][I][PacketQueueService.h:83] deleteQueuePacketAndPacket(): [LoRaMesher] Deleting packet queue
16:55:48.566 > [531716][V][LoraMesher.cpp:658] processPackets(): [LoRaMesher] TESTING: Packet not for me, deleting it
16:55:48.574 > [531725][V][LoraMesher.cpp:641] processPackets(): [LoRaMesher] Stack space unused after entering the task: 2040
16:55:48.584 > [531735][V][LoraMesher.cpp:642] processPackets(): [LoRaMesher] Free heap: 336876
16:55:49.531 > [532682][V][LoraMesher.cpp:378] receivingRoutine(): [LoRaMesher] Stack space unused after entering the task: 2124
16:55:49.541 > [532692][V][LoraMesher.cpp:379] receivingRoutine(): [LoRaMesher] Free heap: 336876
16:55:49.549 > [532700][I][PacketService.cpp:12] createEmptyPacket(): [LoRaMesher] Packet created with 17 bytes
16:55:49.557 > [532709][I][LoraMesher.cpp:392] receivingRoutine(): [LoRaMesher] Receiving LoRa packet: Size: 17 bytes RSSI: -64 SNR: 8
16:55:49.569 > [532720][V][LoraMesher.cpp:647] processPackets(): [LoRaMesher] Size of Received Packets Queue: 1
16:55:49.578 > [532728][I][PacketQueueService.h:80] deleteQueuePacketAndPacket(): [LoRaMesher] Deleting packet
16:55:49.586 > [532737][I][PacketQueueService.h:83] deleteQueuePacketAndPacket(): [LoRaMesher] Deleting packet queue
16:55:49.595 > [532746][V][LoraMesher.cpp:658] processPackets(): [LoRaMesher] TESTING: Packet not for me, deleting it
16:55:49.604 > [532755][V][LoraMesher.cpp:641] processPackets(): [LoRaMesher] Stack space unused after entering the task: 2040
16:55:49.614 > [532765][V][LoraMesher.cpp:642] processPackets(): [LoRaMesher] Free heap: 336876
16:55:50.908 > [534060][V][LoraMesher.cpp:378] receivingRoutine(): [LoRaMesher] Stack space unused after entering the task: 2124
16:55:50.919 > [534070][V][LoraMesher.cpp:379] receivingRoutine(): [LoRaMesher] Free heap: 336876
16:55:50.926 > [534077][I][PacketService.cpp:12] createEmptyPacket(): [LoRaMesher] Packet created with 17 bytes
16:55:50.935 > [534086][I][LoraMesher.cpp:392] receivingRoutine(): [LoRaMesher] Receiving LoRa packet: Size: 17 bytes RSSI: -13 SNR: 13
16:55:50.946 > [534097][V][LoraMesher.cpp:647] processPackets(): [LoRaMesher] Size of Received Packets Queue: 1
16:55:50.955 > [534106][I][PacketQueueService.h:80] deleteQueuePacketAndPacket(): [LoRaMesher] Deleting packet
16:55:50.963 > [534114][I][PacketQueueService.h:83] deleteQueuePacketAndPacket(): [LoRaMesher] Deleting packet queue
16:55:50.972 > [534123][V][LoraMesher.cpp:658] processPackets(): [LoRaMesher] TESTING: Packet not for me, deleting it
16:55:50.981 > [534133][V][LoraMesher.cpp:641] processPackets(): [LoRaMesher] Stack space unused after entering the task: 2040
16:55:50.991 > [534142][V][LoraMesher.cpp:642] processPackets(): [LoRaMesher] Free heap: 336876
16:56:06.682 > Send packet 27
16:56:06.683 > Sending packet to D110
16:56:06.685 > [549834][V][LoraMesher.h:250] createPacketAndSend(): [LoRaMesher] Creating a packet for send with 8 bytes
16:56:06.695 > [549846][V][PacketFactory.h:45] createPacket(): [LoRaMesher] Creating packet with 17 bytes
16:56:06.703 > [549854][I][PacketFactory.h:74] createPacket(): [LoRaMesher] Packet created with 17 bytes
16:56:06.711 > [549862][I][LoraMesher.h:659] setPackedForSend(): [LoRaMesher] Adding packet to Q_SP
16:56:06.718 > [549870][I][LoraMesher.h:661] setPackedForSend(): [LoRaMesher] Created packet to Q_SP
16:56:06.726 > [549877][I][LoraMesher.cpp:1051] addToSendOrderedAndNotify(): [LoRaMesher] Added packet to Q_SP, notifying sender task
16:56:06.736 > [549888][V][LoraMesher.cpp:511] sendPackets(): [LoRaMesher] Stack space unused after entering the task: 1972
16:56:06.746 > [549898][V][LoraMesher.cpp:512] sendPackets(): [LoRaMesher] Free heap: 336780
16:56:06.753 > [549905][V][LoraMesher.cpp:518] sendPackets(): [LoRaMesher] Size of Send Packets Queue: 1
16:56:06.761 > [549912][V][LoraMesher.cpp:525] sendPackets(): [LoRaMesher] Send n. 32
16:56:06.767 > [549919][V][LoraMesher.cpp:455] waitBeforeSend(): [LoRaMesher] RandomDelay 1090 ms
16:56:07.865 > [551017][V][LoraMesher.cpp:754] printHeaderPacket(): [LoRaMesher] Packet send -- Size: 17 Src: B3F0 Dst: D110 Id: 32 Type: 2 Via: DE6C Seq_Id: 0 Num: 0
16:56:07.955 > [551107][V][LoraMesher.cpp:575] sendPackets(): [LoRaMesher] TimeOnAir 63 ms, next message in 0 ms
16:56:07.964 > [551115][I][PacketQueueService.h:80] deleteQueuePacketAndPacket(): [LoRaMesher] Deleting packet
16:56:07.972 > [551124][I][PacketQueueService.h:83] deleteQueuePacketAndPacket(): [LoRaMesher] Deleting packet queue
16:56:08.847 > [551999][V][LoraMesher.cpp:378] receivingRoutine(): [LoRaMesher] Stack space unused after entering the task: 2124
16:56:08.857 > [552009][V][LoraMesher.cpp:379] receivingRoutine(): [LoRaMesher] Free heap: 336876
16:56:08.865 > [552016][I][PacketService.cpp:12] createEmptyPacket(): [LoRaMesher] Packet created with 17 bytes
16:56:08.874 > [552025][I][LoraMesher.cpp:392] receivingRoutine(): [LoRaMesher] Receiving LoRa packet: Size: 17 bytes RSSI: -11 SNR: 13
16:56:08.885 > [552036][V][LoraMesher.cpp:647] processPackets(): [LoRaMesher] Size of Received Packets Queue: 1
16:56:08.893 > [552045][I][PacketQueueService.h:80] deleteQueuePacketAndPacket(): [LoRaMesher] Deleting packet
16:56:08.902 > [552053][I][PacketQueueService.h:83] deleteQueuePacketAndPacket(): [LoRaMesher] Deleting packet queue
16:56:08.911 > [552062][V][LoraMesher.cpp:658] processPackets(): [LoRaMesher] TESTING: Packet not for me, deleting it
16:56:08.920 > [552071][V][LoraMesher.cpp:641] processPackets(): [LoRaMesher] Stack space unused after entering the task: 2040
16:56:08.930 > [552081][V][LoraMesher.cpp:642] processPackets(): [LoRaMesher] Free heap: 336876
16:56:09.327 > [552479][V][LoraMesher.cpp:378] receivingRoutine(): [LoRaMesher] Stack space unused after entering the task: 2124
16:56:09.338 > [552489][V][LoraMesher.cpp:379] receivingRoutine(): [LoRaMesher] Free heap: 336876
16:56:09.345 > [552497][I][PacketService.cpp:12] createEmptyPacket(): [LoRaMesher] Packet created with 17 bytes
16:56:09.354 > [552506][I][LoraMesher.cpp:392] receivingRoutine(): [LoRaMesher] Receiving LoRa packet: Size: 17 bytes RSSI: -63 SNR: 9
16:56:09.365 > [552517][V][LoraMesher.cpp:647] processPackets(): [LoRaMesher] Size of Received Packets Queue: 1
16:56:09.374 > [552525][I][PacketQueueService.h:80] deleteQueuePacketAndPacket(): [LoRaMesher] Deleting packet
16:56:09.382 > [552534][I][PacketQueueService.h:83] deleteQueuePacketAndPacket(): [LoRaMesher] Deleting packet queue
16:56:09.391 > [552543][V][LoraMesher.cpp:658] processPackets(): [LoRaMesher] TESTING: Packet not for me, deleting it
16:56:09.400 > [552552][V][LoraMesher.cpp:641] processPackets(): [LoRaMesher] Stack space unused after entering the task: 2040
16:56:09.410 > [552562][V][LoraMesher.cpp:642] processPackets(): [LoRaMesher] Free heap: 336876
16:56:10.151 > [553303][V][LoraMesher.cpp:378] receivingRoutine(): [LoRaMesher] Stack space unused after entering the task: 2124
16:56:10.161 > [553313][V][LoraMesher.cpp:379] receivingRoutine(): [LoRaMesher] Free heap: 336876
16:56:10.169 > [553320][I][PacketService.cpp:12] createEmptyPacket(): [LoRaMesher] Packet created with 17 bytes
16:56:10.178 > [553329][I][LoraMesher.cpp:392] receivingRoutine(): [LoRaMesher] Receiving LoRa packet: Size: 17 bytes RSSI: -13 SNR: 13
16:56:10.189 > [553340][V][LoraMesher.cpp:647] processPackets(): [LoRaMesher] Size of Received Packets Queue: 1
16:56:10.197 > [553349][I][PacketQueueService.h:80] deleteQueuePacketAndPacket(): [LoRaMesher] Deleting packet
16:56:10.206 > [553358][I][PacketQueueService.h:83] deleteQueuePacketAndPacket(): [LoRaMesher] Deleting packet queue
16:56:10.215 > [553367][V][LoraMesher.cpp:658] processPackets(): [LoRaMesher] TESTING: Packet not for me, deleting it
16:56:10.224 > [553376][V][LoraMesher.cpp:641] processPackets(): [LoRaMesher] Stack space unused after entering the task: 2040
16:56:10.234 > [553386][V][LoraMesher.cpp:642] processPackets(): [LoRaMesher] Free heap: 336876
16:56:26.774 > Send packet 28
16:56:26.776 > Sending packet to D110
16:56:26.778 > [569927][V][LoraMesher.h:250] createPacketAndSend(): [LoRaMesher] Creating a packet for send with 8 bytes
16:56:26.787 > [569939][V][PacketFactory.h:45] createPacket(): [LoRaMesher] Creating packet with 17 bytes
16:56:26.795 > [569947][I][PacketFactory.h:74] createPacket(): [LoRaMesher] Packet created with 17 bytes
16:56:26.803 > [569955][I][LoraMesher.h:659] setPackedForSend(): [LoRaMesher] Adding packet to Q_SP
16:56:26.811 > [569963][I][LoraMesher.h:661] setPackedForSend(): [LoRaMesher] Created packet to Q_SP
16:56:26.818 > [569970][I][LoraMesher.cpp:1051] addToSendOrderedAndNotify(): [LoRaMesher] Added packet to Q_SP, notifying sender task
16:56:26.829 > [569981][V][LoraMesher.cpp:511] sendPackets(): [LoRaMesher] Stack space unused after entering the task: 1972
16:56:26.839 > [569991][V][LoraMesher.cpp:512] sendPackets(): [LoRaMesher] Free heap: 336780
16:56:26.847 > [569998][V][LoraMesher.cpp:518] sendPackets(): [LoRaMesher] Size of Send Packets Queue: 1
16:56:26.854 > [570005][V][LoraMesher.cpp:525] sendPackets(): [LoRaMesher] Send n. 33
16:56:26.860 > [570012][V][LoraMesher.cpp:455] waitBeforeSend(): [LoRaMesher] RandomDelay 623 ms
16:56:27.490 > [570643][V][LoraMesher.cpp:754] printHeaderPacket(): [LoRaMesher] Packet send -- Size: 17 Src: B3F0 Dst: D110 Id: 33 Type: 2 Via: DE6C Seq_Id: 0 Num: 0
16:56:27.580 > [570733][V][LoraMesher.cpp:575] sendPackets(): [LoRaMesher] TimeOnAir 63 ms, next message in 0 ms
16:56:27.589 > [570741][I][PacketQueueService.h:80] deleteQueuePacketAndPacket(): [LoRaMesher] Deleting packet
16:56:27.598 > [570750][I][PacketQueueService.h:83] deleteQueuePacketAndPacket(): [LoRaMesher] Deleting packet queue
16:56:28.058 > [571210][V][LoraMesher.cpp:378] receivingRoutine(): [LoRaMesher] Stack space unused after entering the task: 2124
16:56:28.068 > [571220][V][LoraMesher.cpp:379] receivingRoutine(): [LoRaMesher] Free heap: 336876
16:56:28.076 > [571228][I][PacketService.cpp:12] createEmptyPacket(): [LoRaMesher] Packet created with 17 bytes
16:56:28.085 > [571237][I][LoraMesher.cpp:392] receivingRoutine(): [LoRaMesher] Receiving LoRa packet: Size: 17 bytes RSSI: -11 SNR: 12
16:56:28.096 > [571248][V][LoraMesher.cpp:647] processPackets(): [LoRaMesher] Size of Received Packets Queue: 1
16:56:28.105 > [571256][I][PacketQueueService.h:80] deleteQueuePacketAndPacket(): [LoRaMesher] Deleting packet
16:56:28.113 > [571265][I][PacketQueueService.h:83] deleteQueuePacketAndPacket(): [LoRaMesher] Deleting packet queue
16:56:28.122 > [571274][V][LoraMesher.cpp:658] processPackets(): [LoRaMesher] TESTING: Packet not for me, deleting it
16:56:28.131 > [571283][V][LoraMesher.cpp:641] processPackets(): [LoRaMesher] Stack space unused after entering the task: 2040
16:56:28.141 > [571293][V][LoraMesher.cpp:642] processPackets(): [LoRaMesher] Free heap: 336876
16:56:29.009 > [572161][V][LoraMesher.cpp:378] receivingRoutine(): [LoRaMesher] Stack space unused after entering the task: 2124
16:56:29.019 > [572171][V][LoraMesher.cpp:379] receivingRoutine(): [LoRaMesher] Free heap: 336876
16:56:29.027 > [572179][I][PacketService.cpp:12] createEmptyPacket(): [LoRaMesher] Packet created with 17 bytes
16:56:29.036 > [572188][I][LoraMesher.cpp:392] receivingRoutine(): [LoRaMesher] Receiving LoRa packet: Size: 17 bytes RSSI: -62 SNR: 9
16:56:29.047 > [572199][V][LoraMesher.cpp:647] processPackets(): [LoRaMesher] Size of Received Packets Queue: 1
16:56:29.055 > [572207][I][PacketQueueService.h:80] deleteQueuePacketAndPacket(): [LoRaMesher] Deleting packet
16:56:29.064 > [572216][I][PacketQueueService.h:83] deleteQueuePacketAndPacket(): [LoRaMesher] Deleting packet queue
16:56:29.073 > [572225][V][LoraMesher.cpp:658] processPackets(): [LoRaMesher] TESTING: Packet not for me, deleting it
16:56:29.082 > [572234][V][LoraMesher.cpp:641] processPackets(): [LoRaMesher] Stack space unused after entering the task: 2040
16:56:29.092 > [572244][V][LoraMesher.cpp:642] processPackets(): [LoRaMesher] Free heap: 336876
16:56:30.425 > [573577][V][LoraMesher.cpp:378] receivingRoutine(): [LoRaMesher] Stack space unused after entering the task: 2124
16:56:30.435 > [573587][V][LoraMesher.cpp:379] receivingRoutine(): [LoRaMesher] Free heap: 336876
16:56:30.442 > [573594][I][PacketService.cpp:12] createEmptyPacket(): [LoRaMesher] Packet created with 17 bytes
16:56:30.451 > [573603][I][LoraMesher.cpp:392] receivingRoutine(): [LoRaMesher] Receiving LoRa packet: Size: 17 bytes RSSI: -12 SNR: 12
16:56:30.462 > [573614][V][LoraMesher.cpp:647] processPackets(): [LoRaMesher] Size of Received Packets Queue: 1
16:56:30.471 > [573623][I][PacketQueueService.h:80] deleteQueuePacketAndPacket(): [LoRaMesher] Deleting packet
16:56:30.480 > [573632][I][PacketQueueService.h:83] deleteQueuePacketAndPacket(): [LoRaMesher] Deleting packet queue
16:56:30.489 > [573641][V][LoraMesher.cpp:658] processPackets(): [LoRaMesher] TESTING: Packet not for me, deleting it
16:56:30.498 > [573650][V][LoraMesher.cpp:641] processPackets(): [LoRaMesher] Stack space unused after entering the task: 2040
16:56:30.508 > [573660][V][LoraMesher.cpp:642] processPackets(): [LoRaMesher] Free heap: 336876
16:56:46.866 > Send packet 29
16:56:46.868 > Sending packet to D110
16:56:46.870 > [590020][V][LoraMesher.h:250] createPacketAndSend(): [LoRaMesher] Creating a packet for send with 8 bytes
16:56:46.880 > [590032][V][PacketFactory.h:45] createPacket(): [LoRaMesher] Creating packet with 17 bytes
16:56:46.888 > [590040][I][PacketFactory.h:74] createPacket(): [LoRaMesher] Packet created with 17 bytes
16:56:46.896 > [590048][I][LoraMesher.h:659] setPackedForSend(): [LoRaMesher] Adding packet to Q_SP
16:56:46.903 > [590056][I][LoraMesher.h:661] setPackedForSend(): [LoRaMesher] Created packet to Q_SP
16:56:46.911 > [590063][I][LoraMesher.cpp:1051] addToSendOrderedAndNotify(): [LoRaMesher] Added packet to Q_SP, notifying sender task
16:56:46.922 > [590074][V][LoraMesher.cpp:511] sendPackets(): [LoRaMesher] Stack space unused after entering the task: 1972
16:56:46.931 > [590084][V][LoraMesher.cpp:512] sendPackets(): [LoRaMesher] Free heap: 336780
16:56:46.938 > [590091][V][LoraMesher.cpp:518] sendPackets(): [LoRaMesher] Size of Send Packets Queue: 1
16:56:46.946 > [590098][V][LoraMesher.cpp:525] sendPackets(): [LoRaMesher] Send n. 34
16:56:46.952 > [590105][V][LoraMesher.cpp:455] waitBeforeSend(): [LoRaMesher] RandomDelay 305 ms
16:56:47.264 > [590418][V][LoraMesher.cpp:754] printHeaderPacket(): [LoRaMesher] Packet send -- Size: 17 Src: B3F0 Dst: D110 Id: 34 Type: 2 Via: DE6C Seq_Id: 0 Num: 0
16:56:47.354 > [590508][V][LoraMesher.cpp:575] sendPackets(): [LoRaMesher] TimeOnAir 63 ms, next message in 0 ms
16:56:47.364 > [590516][I][PacketQueueService.h:80] deleteQueuePacketAndPacket(): [LoRaMesher] Deleting packet
16:56:47.372 > [590525][I][PacketQueueService.h:83] deleteQueuePacketAndPacket(): [LoRaMesher] Deleting packet queue
16:56:48.262 > [591415][V][LoraMesher.cpp:378] receivingRoutine(): [LoRaMesher] Stack space unused after entering the task: 2108
16:56:48.273 > [591425][V][LoraMesher.cpp:379] receivingRoutine(): [LoRaMesher] Free heap: 336876
16:56:48.280 > [591432][I][PacketService.cpp:12] createEmptyPacket(): [LoRaMesher] Packet created with 17 bytes
16:56:48.289 > [591441][I][LoraMesher.cpp:392] receivingRoutine(): [LoRaMesher] Receiving LoRa packet: Size: 17 bytes RSSI: -12 SNR: 12
16:56:48.300 > [591452][V][LoraMesher.cpp:647] processPackets(): [LoRaMesher] Size of Received Packets Queue: 1
16:56:48.309 > [591461][I][PacketQueueService.h:80] deleteQueuePacketAndPacket(): [LoRaMesher] Deleting packet
16:56:48.317 > [591470][I][PacketQueueService.h:83] deleteQueuePacketAndPacket(): [LoRaMesher] Deleting packet queue
16:56:48.326 > [591479][V][LoraMesher.cpp:658] processPackets(): [LoRaMesher] TESTING: Packet not for me, deleting it
16:56:48.335 > [591488][V][LoraMesher.cpp:641] processPackets(): [LoRaMesher] Stack space unused after entering the task: 2040
16:56:48.345 > [591498][V][LoraMesher.cpp:642] processPackets(): [LoRaMesher] Free heap: 336876
16:56:48.874 > [592027][V][LoraMesher.cpp:378] receivingRoutine(): [LoRaMesher] Stack space unused after entering the task: 2108
16:56:48.885 > [592037][V][LoraMesher.cpp:379] receivingRoutine(): [LoRaMesher] Free heap: 336876
16:56:48.892 > [592045][I][PacketService.cpp:12] createEmptyPacket(): [LoRaMesher] Packet created with 17 bytes
16:56:48.901 > [592054][I][LoraMesher.cpp:392] receivingRoutine(): [LoRaMesher] Receiving LoRa packet: Size: 17 bytes RSSI: -63 SNR: 9
16:56:48.912 > [592065][V][LoraMesher.cpp:647] processPackets(): [LoRaMesher] Size of Received Packets Queue: 1
16:56:48.921 > [592073][I][PacketQueueService.h:80] deleteQueuePacketAndPacket(): [LoRaMesher] Deleting packet
16:56:48.929 > [592082][I][PacketQueueService.h:83] deleteQueuePacketAndPacket(): [LoRaMesher] Deleting packet queue
16:56:48.938 > [592091][V][LoraMesher.cpp:658] processPackets(): [LoRaMesher] TESTING: Packet not for me, deleting it
16:56:48.948 > [592100][V][LoraMesher.cpp:641] processPackets(): [LoRaMesher] Stack space unused after entering the task: 2040
16:56:48.957 > [592110][V][LoraMesher.cpp:642] processPackets(): [LoRaMesher] Free heap: 336876
16:56:49.422 > [592575][V][LoraMesher.cpp:378] receivingRoutine(): [LoRaMesher] Stack space unused after entering the task: 2108
16:56:49.433 > [592585][V][LoraMesher.cpp:379] receivingRoutine(): [LoRaMesher] Free heap: 336876
16:56:49.440 > [592593][I][PacketService.cpp:12] createEmptyPacket(): [LoRaMesher] Packet created with 17 bytes
16:56:49.449 > [592601][I][LoraMesher.cpp:392] receivingRoutine(): [LoRaMesher] Receiving LoRa packet: Size: 17 bytes RSSI: -12 SNR: 12
16:56:49.460 > [592612][V][LoraMesher.cpp:647] processPackets(): [LoRaMesher] Size of Received Packets Queue: 1
16:56:49.469 > [592621][I][PacketQueueService.h:80] deleteQueuePacketAndPacket(): [LoRaMesher] Deleting packet
16:56:49.477 > [592630][I][PacketQueueService.h:83] deleteQueuePacketAndPacket(): [LoRaMesher] Deleting packet queue
16:56:49.486 > [592639][V][LoraMesher.cpp:658] processPackets(): [LoRaMesher] TESTING: Packet not for me, deleting it
16:56:49.495 > [592648][V][LoraMesher.cpp:641] processPackets(): [LoRaMesher] Stack space unused after entering the task: 2040
16:56:49.505 > [592658][V][LoraMesher.cpp:642] processPackets(): [LoRaMesher] Free heap: 336876
16:57:02.799 > [605953][V][LoraMesher.cpp:694] routingTableManager(): [LoRaMesher] Stack space unused after entering the task: 2296
16:57:02.811 > [605963][V][LoraMesher.cpp:695] routingTableManager(): [LoRaMesher] Free heap: 336876
16:57:02.818 > [605971][I][RoutingTableService.cpp:216] manageTimeoutRoutingTable(): [LoRaMesher] Checking routes timeout
16:57:02.828 > [605981][I][RoutingTableService.cpp:192] printRoutingTable(): [LoRaMesher] Current routing table:
16:57:02.836 > [605989][I][RoutingTableService.cpp:206] printRoutingTable(): [LoRaMesher] 0 - DE6C via DE6C metric 1 Role 0
16:57:02.845 > [605999][I][RoutingTableService.cpp:206] printRoutingTable(): [LoRaMesher] 1 - AFC0 via DE6C metric 2 Role 0
16:57:02.855 > [606008][I][RoutingTableService.cpp:206] printRoutingTable(): [LoRaMesher] 2 - F02C via DE6C metric 3 Role 0
16:57:02.864 > [606018][I][RoutingTableService.cpp:206] printRoutingTable(): [LoRaMesher] 3 - D110 via DE6C metric 4 Role 1
16:57:05.057 > [608211][V][LoraMesher.cpp:598] sendHelloPacket(): [LoRaMesher] Creating Routing Packet
16:57:05.065 > [608219][V][LoraMesher.cpp:599] sendHelloPacket(): [LoRaMesher] Stack space unused after entering the task: 2324
16:57:05.076 > [608229][V][LoraMesher.cpp:600] sendHelloPacket(): [LoRaMesher] Free heap: 336876
16:57:05.082 > [608236][V][PacketFactory.h:45] createPacket(): [LoRaMesher] Creating packet with 24 bytes
16:57:05.091 > [608244][I][PacketFactory.h:74] createPacket(): [LoRaMesher] Packet created with 24 bytes
16:57:05.098 > [608252][I][LoraMesher.h:659] setPackedForSend(): [LoRaMesher] Adding packet to Q_SP
16:57:05.106 > [608260][I][LoraMesher.h:661] setPackedForSend(): [LoRaMesher] Created packet to Q_SP
16:57:05.114 > [608267][I][LoraMesher.cpp:1051] addToSendOrderedAndNotify(): [LoRaMesher] Added packet to Q_SP, notifying sender task
16:57:05.124 > [608278][V][LoraMesher.cpp:511] sendPackets(): [LoRaMesher] Stack space unused after entering the task: 1972
16:57:05.135 > [608288][V][LoraMesher.cpp:512] sendPackets(): [LoRaMesher] Free heap: 336776
16:57:05.141 > [608295][V][LoraMesher.cpp:518] sendPackets(): [LoRaMesher] Size of Send Packets Queue: 1
16:57:05.150 > [608303][V][LoraMesher.cpp:525] sendPackets(): [LoRaMesher] Send n. 35
16:57:05.155 > [608309][V][LoraMesher.cpp:455] waitBeforeSend(): [LoRaMesher] RandomDelay 1151 ms
16:57:05.761 > [608914][V][LoraMesher.cpp:378] receivingRoutine(): [LoRaMesher] Stack space unused after entering the task: 2108
16:57:05.771 > [608925][V][LoraMesher.cpp:379] receivingRoutine(): [LoRaMesher] Free heap: 336804
16:57:05.778 > [608932][I][PacketService.cpp:12] createEmptyPacket(): [LoRaMesher] Packet created with 24 bytes
16:57:05.787 > [608941][I][LoraMesher.cpp:392] receivingRoutine(): [LoRaMesher] Receiving LoRa packet: Size: 24 bytes RSSI: -12 SNR: 12
16:57:05.798 > [608952][V][LoraMesher.cpp:647] processPackets(): [LoRaMesher] Size of Received Packets Queue: 1
16:57:05.807 > [608961][V][LoraMesher.cpp:754] printHeaderPacket(): [LoRaMesher] Packet received -- Size: 24 Src: DE6C Dst: FFFF Id: 5 Type: 4 Via: 0 Seq_Id: 0 Num: 0
16:57:05.821 > [608974][I][RoutingTableService.cpp:77] processRoute(): [LoRaMesher] Route packet from DE6C with size 4
16:57:05.830 > [608983][I][RoutingTableService.cpp:99] resetReceiveSNRRoutePacket(): [LoRaMesher] Reset Receive SNR from DE6C: 12
16:57:05.840 > [608994][I][RoutingTableService.cpp:192] printRoutingTable(): [LoRaMesher] Current routing table:
16:57:05.849 > [609002][I][RoutingTableService.cpp:206] printRoutingTable(): [LoRaMesher] 0 - DE6C via DE6C metric 1 Role 0
16:57:05.858 > [609012][I][RoutingTableService.cpp:206] printRoutingTable(): [LoRaMesher] 1 - AFC0 via DE6C metric 2 Role 0
16:57:05.868 > [609022][I][RoutingTableService.cpp:206] printRoutingTable(): [LoRaMesher] 2 - F02C via DE6C metric 3 Role 0
16:57:05.877 > [609031][I][RoutingTableService.cpp:206] printRoutingTable(): [LoRaMesher] 3 - D110 via DE6C metric 4 Role 1
16:57:05.887 > [609041][I][PacketQueueService.h:80] deleteQueuePacketAndPacket(): [LoRaMesher] Deleting packet
16:57:05.895 > [609049][I][PacketQueueService.h:83] deleteQueuePacketAndPacket(): [LoRaMesher] Deleting packet queue
16:57:05.905 > [609058][V][LoraMesher.cpp:641] processPackets(): [LoRaMesher] Stack space unused after entering the task: 2040
16:57:05.914 > [609068][V][LoraMesher.cpp:642] processPackets(): [LoRaMesher] Free heap: 336804
16:57:06.320 > [609473][V][LoraMesher.cpp:462] waitBeforeSend(): [LoRaMesher] Preamble detected while waiting 1
16:57:06.328 > [609482][V][LoraMesher.cpp:455] waitBeforeSend(): [LoRaMesher] RandomDelay 672 ms
16:57:06.466 > [609619][V][LoraMesher.cpp:378] receivingRoutine(): [LoRaMesher] Stack space unused after entering the task: 2092
16:57:06.476 > [609630][V][LoraMesher.cpp:379] receivingRoutine(): [LoRaMesher] Free heap: 336804
16:57:06.484 > [609637][I][PacketService.cpp:12] createEmptyPacket(): [LoRaMesher] Packet created with 20 bytes
16:57:06.492 > [609646][I][LoraMesher.cpp:392] receivingRoutine(): [LoRaMesher] Receiving LoRa packet: Size: 20 bytes RSSI: -17 SNR: 13
16:57:06.503 > [609657][V][LoraMesher.cpp:647] processPackets(): [LoRaMesher] Size of Received Packets Queue: 1
16:57:06.512 > [609666][I][PacketQueueService.h:80] deleteQueuePacketAndPacket(): [LoRaMesher] Deleting packet
16:57:06.520 > [609674][I][PacketQueueService.h:83] deleteQueuePacketAndPacket(): [LoRaMesher] Deleting packet queue
16:57:06.529 > [609683][V][LoraMesher.cpp:658] processPackets(): [LoRaMesher] TESTING: Packet not for me, deleting it
16:57:06.539 > [609692][V][LoraMesher.cpp:641] processPackets(): [LoRaMesher] Stack space unused after entering the task: 2040
16:57:06.548 > [609702][V][LoraMesher.cpp:642] processPackets(): [LoRaMesher] Free heap: 336804
16:57:06.959 > Send packet 30
16:57:06.960 > Sending packet to D110
16:57:06.962 > [610113][V][LoraMesher.h:250] createPacketAndSend(): [LoRaMesher] Creating a packet for send with 8 bytes
16:57:06.971 > [610125][V][PacketFactory.h:45] createPacket(): [LoRaMesher] Creating packet with 17 bytes
16:57:06.979 > [610133][I][PacketFactory.h:74] createPacket(): [LoRaMesher] Packet created with 17 bytes
16:57:06.987 > [610141][I][LoraMesher.h:659] setPackedForSend(): [LoRaMesher] Adding packet to Q_SP
16:57:06.995 > [610149][I][LoraMesher.h:661] setPackedForSend(): [LoRaMesher] Created packet to Q_SP
16:57:07.003 > [610156][I][LoraMesher.cpp:1051] addToSendOrderedAndNotify(): [LoRaMesher] Added packet to Q_SP, notifying sender task
16:57:07.014 > [610167][V][LoraMesher.cpp:462] waitBeforeSend(): [LoRaMesher] Preamble detected while waiting 2
16:57:07.022 > [610176][V][LoraMesher.cpp:455] waitBeforeSend(): [LoRaMesher] RandomDelay 300 ms
16:57:07.330 > [610484][V][LoraMesher.cpp:754] printHeaderPacket(): [LoRaMesher] Packet send -- Size: 24 Src: B3F0 Dst: FFFF Id: 35 Type: 4 Via: 0 Seq_Id: 0 Num: 0
16:57:07.434 > [610588][V][LoraMesher.cpp:575] sendPackets(): [LoRaMesher] TimeOnAir 78 ms, next message in 0 ms
16:57:07.443 > [610596][I][PacketQueueService.h:80] deleteQueuePacketAndPacket(): [LoRaMesher] Deleting packet
16:57:07.451 > [610605][I][PacketQueueService.h:83] deleteQueuePacketAndPacket(): [LoRaMesher] Deleting packet queue
16:57:07.460 > [610614][V][LoraMesher.cpp:518] sendPackets(): [LoRaMesher] Size of Send Packets Queue: 1
16:57:07.469 > [610622][V][LoraMesher.cpp:525] sendPackets(): [LoRaMesher] Send n. 36
16:57:07.474 > [610628][V][LoraMesher.cpp:455] waitBeforeSend(): [LoRaMesher] RandomDelay 499 ms
16:57:07.981 > [611135][V][LoraMesher.cpp:754] printHeaderPacket(): [LoRaMesher] Packet send -- Size: 17 Src: B3F0 Dst: D110 Id: 36 Type: 2 Via: DE6C Seq_Id: 0 Num: 0
16:57:08.071 > [611225][V][LoraMesher.cpp:575] sendPackets(): [LoRaMesher] TimeOnAir 63 ms, next message in 0 ms
16:57:08.079 > [611233][I][PacketQueueService.h:80] deleteQueuePacketAndPacket(): [LoRaMesher] Deleting packet
16:57:08.088 > [611242][I][PacketQueueService.h:83] deleteQueuePacketAndPacket(): [LoRaMesher] Deleting packet queue
16:57:08.641 > [611794][V][LoraMesher.cpp:378] receivingRoutine(): [LoRaMesher] Stack space unused after entering the task: 2092
16:57:08.652 > [611805][V][LoraMesher.cpp:379] receivingRoutine(): [LoRaMesher] Free heap: 336876
16:57:08.658 > [611812][I][PacketService.cpp:12] createEmptyPacket(): [LoRaMesher] Packet created with 17 bytes
16:57:08.667 > [611821][I][LoraMesher.cpp:392] receivingRoutine(): [LoRaMesher] Receiving LoRa packet: Size: 17 bytes RSSI: -11 SNR: 12
16:57:08.678 > [611832][V][LoraMesher.cpp:647] processPackets(): [LoRaMesher] Size of Received Packets Queue: 1
16:57:08.687 > [611841][I][PacketQueueService.h:80] deleteQueuePacketAndPacket(): [LoRaMesher] Deleting packet
16:57:08.695 > [611849][I][PacketQueueService.h:83] deleteQueuePacketAndPacket(): [LoRaMesher] Deleting packet queue
16:57:08.704 > [611858][V][LoraMesher.cpp:658] processPackets(): [LoRaMesher] TESTING: Packet not for me, deleting it
16:57:08.714 > [611867][V][LoraMesher.cpp:641] processPackets(): [LoRaMesher] Stack space unused after entering the task: 2040
16:57:08.723 > [611877][V][LoraMesher.cpp:642] processPackets(): [LoRaMesher] Free heap: 336876
16:57:09.071 > [612225][V][LoraMesher.cpp:378] receivingRoutine(): [LoRaMesher] Stack space unused after entering the task: 2092
16:57:09.081 > [612235][V][LoraMesher.cpp:379] receivingRoutine(): [LoRaMesher] Free heap: 336876
16:57:09.088 > [612242][I][PacketService.cpp:12] createEmptyPacket(): [LoRaMesher] Packet created with 24 bytes
16:57:09.097 > [612251][I][LoraMesher.cpp:392] receivingRoutine(): [LoRaMesher] Receiving LoRa packet: Size: 24 bytes RSSI: -62 SNR: 9
16:57:09.108 > [612262][V][LoraMesher.cpp:647] processPackets(): [LoRaMesher] Size of Received Packets Queue: 1
16:57:09.117 > [612271][I][PacketQueueService.h:80] deleteQueuePacketAndPacket(): [LoRaMesher] Deleting packet
16:57:09.125 > [612279][I][PacketQueueService.h:83] deleteQueuePacketAndPacket(): [LoRaMesher] Deleting packet queue
16:57:09.134 > [612288][V][LoraMesher.cpp:658] processPackets(): [LoRaMesher] TESTING: Packet not for me, deleting it
16:57:09.144 > [612297][V][LoraMesher.cpp:641] processPackets(): [LoRaMesher] Stack space unused after entering the task: 2040
16:57:09.153 > [612307][V][LoraMesher.cpp:642] processPackets(): [LoRaMesher] Free heap: 336876
16:57:09.680 > [612834][V][LoraMesher.cpp:378] receivingRoutine(): [LoRaMesher] Stack space unused after entering the task: 2092
16:57:09.690 > [612844][V][LoraMesher.cpp:379] receivingRoutine(): [LoRaMesher] Free heap: 336876
16:57:09.698 > [612852][I][PacketService.cpp:12] createEmptyPacket(): [LoRaMesher] Packet created with 17 bytes
16:57:09.707 > [612860][I][LoraMesher.cpp:392] receivingRoutine(): [LoRaMesher] Receiving LoRa packet: Size: 17 bytes RSSI: -63 SNR: 9
16:57:09.718 > [612872][V][LoraMesher.cpp:647] processPackets(): [LoRaMesher] Size of Received Packets Queue: 1
16:57:09.726 > [612880][I][PacketQueueService.h:80] deleteQueuePacketAndPacket(): [LoRaMesher] Deleting packet
16:57:09.735 > [612889][I][PacketQueueService.h:83] deleteQueuePacketAndPacket(): [LoRaMesher] Deleting packet queue
16:57:09.744 > [612898][V][LoraMesher.cpp:658] processPackets(): [LoRaMesher] TESTING: Packet not for me, deleting it
16:57:09.754 > [612907][V][LoraMesher.cpp:641] processPackets(): [LoRaMesher] Stack space unused after entering the task: 2040
16:57:09.763 > [612917][V][LoraMesher.cpp:642] processPackets(): [LoRaMesher] Free heap: 336876
16:57:10.962 > [614116][V][LoraMesher.cpp:378] receivingRoutine(): [LoRaMesher] Stack space unused after entering the task: 2092
16:57:10.972 > [614126][V][LoraMesher.cpp:379] receivingRoutine(): [LoRaMesher] Free heap: 336876
16:57:10.980 > [614134][I][PacketService.cpp:12] createEmptyPacket(): [LoRaMesher] Packet created with 24 bytes
16:57:10.989 > [614142][I][LoraMesher.cpp:392] receivingRoutine(): [LoRaMesher] Receiving LoRa packet: Size: 24 bytes RSSI: -12 SNR: 13
16:57:11.000 > [614154][V][LoraMesher.cpp:647] processPackets(): [LoRaMesher] Size of Received Packets Queue: 1
16:57:11.008 > [614162][I][PacketQueueService.h:80] deleteQueuePacketAndPacket(): [LoRaMesher] Deleting packet
16:57:11.017 > [614171][I][PacketQueueService.h:83] deleteQueuePacketAndPacket(): [LoRaMesher] Deleting packet queue
16:57:11.026 > [614180][V][LoraMesher.cpp:658] processPackets(): [LoRaMesher] TESTING: Packet not for me, deleting it
16:57:11.035 > [614189][V][LoraMesher.cpp:641] processPackets(): [LoRaMesher] Stack space unused after entering the task: 2040
16:57:11.045 > [614199][V][LoraMesher.cpp:642] processPackets(): [LoRaMesher] Free heap: 336876
16:57:11.882 > [615036][V][LoraMesher.cpp:378] receivingRoutine(): [LoRaMesher] Stack space unused after entering the task: 2092
16:57:11.892 > [615046][V][LoraMesher.cpp:379] receivingRoutine(): [LoRaMesher] Free heap: 336876
16:57:11.900 > [615054][I][PacketService.cpp:12] createEmptyPacket(): [LoRaMesher] Packet created with 17 bytes
16:57:11.908 > [615062][I][LoraMesher.cpp:392] receivingRoutine(): [LoRaMesher] Receiving LoRa packet: Size: 17 bytes RSSI: -12 SNR: 13
16:57:11.920 > [615073][V][LoraMesher.cpp:647] processPackets(): [LoRaMesher] Size of Received Packets Queue: 1
16:57:11.928 > [615082][I][PacketQueueService.h:80] deleteQueuePacketAndPacket(): [LoRaMesher] Deleting packet
16:57:11.937 > [615091][I][PacketQueueService.h:83] deleteQueuePacketAndPacket(): [LoRaMesher] Deleting packet queue
16:57:11.946 > [615100][V][LoraMesher.cpp:658] processPackets(): [LoRaMesher] TESTING: Packet not for me, deleting it
16:57:11.955 > [615109][V][LoraMesher.cpp:641] processPackets(): [LoRaMesher] Stack space unused after entering the task: 2040
16:57:11.965 > [615119][V][LoraMesher.cpp:642] processPackets(): [LoRaMesher] Free heap: 336876
16:57:27.029 > Send packet 31
16:57:27.031 > Sending packet to D110
16:57:27.033 > [630184][V][LoraMesher.h:250] createPacketAndSend(): [LoRaMesher] Creating a packet for send with 8 bytes
16:57:27.042 > [630196][V][PacketFactory.h:45] createPacket(): [LoRaMesher] Creating packet with 17 bytes
16:57:27.050 > [630204][I][PacketFactory.h:74] createPacket(): [LoRaMesher] Packet created with 17 bytes
16:57:27.058 > [630212][I][LoraMesher.h:659] setPackedForSend(): [LoRaMesher] Adding packet to Q_SP
16:57:27.066 > [630220][I][LoraMesher.h:661] setPackedForSend(): [LoRaMesher] Created packet to Q_SP
16:57:27.073 > [630227][I][LoraMesher.cpp:1051] addToSendOrderedAndNotify(): [LoRaMesher] Added packet to Q_SP, notifying sender task
16:57:27.084 > [630238][V][LoraMesher.cpp:511] sendPackets(): [LoRaMesher] Stack space unused after entering the task: 1972
16:57:27.093 > [630248][V][LoraMesher.cpp:512] sendPackets(): [LoRaMesher] Free heap: 336780
16:57:27.100 > [630255][V][LoraMesher.cpp:518] sendPackets(): [LoRaMesher] Size of Send Packets Queue: 1
16:57:27.108 > [630262][V][LoraMesher.cpp:525] sendPackets(): [LoRaMesher] Send n. 37
16:57:27.115 > [630269][V][LoraMesher.cpp:455] waitBeforeSend(): [LoRaMesher] RandomDelay 1105 ms
16:57:28.228 > [631382][V][LoraMesher.cpp:754] printHeaderPacket(): [LoRaMesher] Packet send -- Size: 17 Src: B3F0 Dst: D110 Id: 37 Type: 2 Via: DE6C Seq_Id: 0 Num: 0
16:57:28.317 > [631472][V][LoraMesher.cpp:575] sendPackets(): [LoRaMesher] TimeOnAir 63 ms, next message in 0 ms
16:57:28.326 > [631480][I][PacketQueueService.h:80] deleteQueuePacketAndPacket(): [LoRaMesher] Deleting packet
16:57:28.335 > [631489][I][PacketQueueService.h:83] deleteQueuePacketAndPacket(): [LoRaMesher] Deleting packet queue
16:57:29.496 > [632650][V][LoraMesher.cpp:378] receivingRoutine(): [LoRaMesher] Stack space unused after entering the task: 2092
16:57:29.506 > [632660][V][LoraMesher.cpp:379] receivingRoutine(): [LoRaMesher] Free heap: 336876
16:57:29.513 > [632668][I][PacketService.cpp:12] createEmptyPacket(): [LoRaMesher] Packet created with 17 bytes
16:57:29.522 > [632676][I][LoraMesher.cpp:392] receivingRoutine(): [LoRaMesher] Receiving LoRa packet: Size: 17 bytes RSSI: -11 SNR: 13
16:57:29.533 > [632688][V][LoraMesher.cpp:647] processPackets(): [LoRaMesher] Size of Received Packets Queue: 1
16:57:29.542 > [632696][I][PacketQueueService.h:80] deleteQueuePacketAndPacket(): [LoRaMesher] Deleting packet
16:57:29.551 > [632705][I][PacketQueueService.h:83] deleteQueuePacketAndPacket(): [LoRaMesher] Deleting packet queue
16:57:29.560 > [632714][V][LoraMesher.cpp:658] processPackets(): [LoRaMesher] TESTING: Packet not for me, deleting it
16:57:29.569 > [632723][V][LoraMesher.cpp:641] processPackets(): [LoRaMesher] Stack space unused after entering the task: 2040
16:57:29.579 > [632733][V][LoraMesher.cpp:642] processPackets(): [LoRaMesher] Free heap: 336876
16:57:30.556 > [633710][V][LoraMesher.cpp:378] receivingRoutine(): [LoRaMesher] Stack space unused after entering the task: 2092
16:57:30.566 > [633720][V][LoraMesher.cpp:379] receivingRoutine(): [LoRaMesher] Free heap: 336876
16:57:30.574 > [633728][I][PacketService.cpp:12] createEmptyPacket(): [LoRaMesher] Packet created with 17 bytes
16:57:30.582 > [633737][I][LoraMesher.cpp:392] receivingRoutine(): [LoRaMesher] Receiving LoRa packet: Size: 17 bytes RSSI: -62 SNR: 10
16:57:30.593 > [633748][V][LoraMesher.cpp:647] processPackets(): [LoRaMesher] Size of Received Packets Queue: 1
16:57:30.602 > [633756][I][PacketQueueService.h:80] deleteQueuePacketAndPacket(): [LoRaMesher] Deleting packet
16:57:30.611 > [633765][I][PacketQueueService.h:83] deleteQueuePacketAndPacket(): [LoRaMesher] Deleting packet queue
16:57:30.620 > [633774][V][LoraMesher.cpp:658] processPackets(): [LoRaMesher] TESTING: Packet not for me, deleting it
16:57:30.629 > [633783][V][LoraMesher.cpp:641] processPackets(): [LoRaMesher] Stack space unused after entering the task: 2040
16:57:30.639 > [633793][V][LoraMesher.cpp:642] processPackets(): [LoRaMesher] Free heap: 336876
16:57:31.857 > [635011][V][LoraMesher.cpp:378] receivingRoutine(): [LoRaMesher] Stack space unused after entering the task: 2092
16:57:31.867 > [635021][V][LoraMesher.cpp:379] receivingRoutine(): [LoRaMesher] Free heap: 336876
16:57:31.874 > [635029][I][PacketService.cpp:12] createEmptyPacket(): [LoRaMesher] Packet created with 17 bytes
16:57:31.883 > [635037][I][LoraMesher.cpp:392] receivingRoutine(): [LoRaMesher] Receiving LoRa packet: Size: 17 bytes RSSI: -14 SNR: 13
16:57:31.894 > [635049][V][LoraMesher.cpp:647] processPackets(): [LoRaMesher] Size of Received Packets Queue: 1
16:57:31.903 > [635057][I][PacketQueueService.h:80] deleteQueuePacketAndPacket(): [LoRaMesher] Deleting packet
16:57:31.911 > [635066][I][PacketQueueService.h:83] deleteQueuePacketAndPacket(): [LoRaMesher] Deleting packet queue
16:57:31.920 > [635075][V][LoraMesher.cpp:658] processPackets(): [LoRaMesher] TESTING: Packet not for me, deleting it
16:57:31.930 > [635084][V][LoraMesher.cpp:641] processPackets(): [LoRaMesher] Stack space unused after entering the task: 2040
16:57:31.939 > [635094][V][LoraMesher.cpp:642] processPackets(): [LoRaMesher] Free heap: 336876
16:57:47.121 > Send packet 32
16:57:47.123 > Sending packet to D110
16:57:47.125 > [650277][V][LoraMesher.h:250] createPacketAndSend(): [LoRaMesher] Creating a packet for send with 8 bytes
16:57:47.135 > [650289][V][PacketFactory.h:45] createPacket(): [LoRaMesher] Creating packet with 17 bytes
16:57:47.143 > [650297][I][PacketFactory.h:74] createPacket(): [LoRaMesher] Packet created with 17 bytes
16:57:47.151 > [650305][I][LoraMesher.h:659] setPackedForSend(): [LoRaMesher] Adding packet to Q_SP
16:57:47.158 > [650313][I][LoraMesher.h:661] setPackedForSend(): [LoRaMesher] Created packet to Q_SP
16:57:47.166 > [650320][I][LoraMesher.cpp:1051] addToSendOrderedAndNotify(): [LoRaMesher] Added packet to Q_SP, notifying sender task
16:57:47.176 > [650331][V][LoraMesher.cpp:511] sendPackets(): [LoRaMesher] Stack space unused after entering the task: 1972
16:57:47.186 > [650341][V][LoraMesher.cpp:512] sendPackets(): [LoRaMesher] Free heap: 336780
16:57:47.193 > [650348][V][LoraMesher.cpp:518] sendPackets(): [LoRaMesher] Size of Send Packets Queue: 1
16:57:47.201 > [650355][V][LoraMesher.cpp:525] sendPackets(): [LoRaMesher] Send n. 38
16:57:47.207 > [650362][V][LoraMesher.cpp:455] waitBeforeSend(): [LoRaMesher] RandomDelay 1155 ms
16:57:48.370 > [651525][V][LoraMesher.cpp:754] printHeaderPacket(): [LoRaMesher] Packet send -- Size: 17 Src: B3F0 Dst: D110 Id: 38 Type: 2 Via: DE6C Seq_Id: 0 Num: 0
16:57:48.459 > [651615][V][LoraMesher.cpp:575] sendPackets(): [LoRaMesher] TimeOnAir 63 ms, next message in 0 ms
16:57:48.469 > [651623][I][PacketQueueService.h:80] deleteQueuePacketAndPacket(): [LoRaMesher] Deleting packet
16:57:48.477 > [651632][I][PacketQueueService.h:83] deleteQueuePacketAndPacket(): [LoRaMesher] Deleting packet queue
16:57:49.804 > [652960][V][LoraMesher.cpp:378] receivingRoutine(): [LoRaMesher] Stack space unused after entering the task: 2092
16:57:49.815 > [652970][V][LoraMesher.cpp:379] receivingRoutine(): [LoRaMesher] Free heap: 336876
16:57:49.823 > [652977][I][PacketService.cpp:12] createEmptyPacket(): [LoRaMesher] Packet created with 17 bytes
16:57:49.831 > [652986][I][LoraMesher.cpp:392] receivingRoutine(): [LoRaMesher] Receiving LoRa packet: Size: 17 bytes RSSI: -11 SNR: 12
16:57:49.843 > [652997][V][LoraMesher.cpp:647] processPackets(): [LoRaMesher] Size of Received Packets Queue: 1
16:57:49.851 > [653006][I][PacketQueueService.h:80] deleteQueuePacketAndPacket(): [LoRaMesher] Deleting packet
16:57:49.860 > [653014][I][PacketQueueService.h:83] deleteQueuePacketAndPacket(): [LoRaMesher] Deleting packet queue
16:57:49.869 > [653023][V][LoraMesher.cpp:658] processPackets(): [LoRaMesher] TESTING: Packet not for me, deleting it
16:57:49.878 > [653032][V][LoraMesher.cpp:641] processPackets(): [LoRaMesher] Stack space unused after entering the task: 2040
16:57:49.888 > [653042][V][LoraMesher.cpp:642] processPackets(): [LoRaMesher] Free heap: 336876
16:57:50.480 > [653635][V][LoraMesher.cpp:378] receivingRoutine(): [LoRaMesher] Stack space unused after entering the task: 2092
16:57:50.491 > [653645][V][LoraMesher.cpp:379] receivingRoutine(): [LoRaMesher] Free heap: 336876
16:57:50.498 > [653653][I][PacketService.cpp:12] createEmptyPacket(): [LoRaMesher] Packet created with 17 bytes
16:57:50.507 > [653661][I][LoraMesher.cpp:392] receivingRoutine(): [LoRaMesher] Receiving LoRa packet: Size: 17 bytes RSSI: -62 SNR: 11
16:57:50.518 > [653673][V][LoraMesher.cpp:647] processPackets(): [LoRaMesher] Size of Received Packets Queue: 1
16:57:50.527 > [653681][I][PacketQueueService.h:80] deleteQueuePacketAndPacket(): [LoRaMesher] Deleting packet
16:57:50.535 > [653690][I][PacketQueueService.h:83] deleteQueuePacketAndPacket(): [LoRaMesher] Deleting packet queue
16:57:50.544 > [653699][V][LoraMesher.cpp:658] processPackets(): [LoRaMesher] TESTING: Packet not for me, deleting it
16:57:50.553 > [653708][V][LoraMesher.cpp:641] processPackets(): [LoRaMesher] Stack space unused after entering the task: 2040
16:57:50.563 > [653718][V][LoraMesher.cpp:642] processPackets(): [LoRaMesher] Free heap: 336876
16:57:51.269 > [654424][V][LoraMesher.cpp:378] receivingRoutine(): [LoRaMesher] Stack space unused after entering the task: 2092
16:57:51.280 > [654434][V][LoraMesher.cpp:379] receivingRoutine(): [LoRaMesher] Free heap: 336876
16:57:51.287 > [654442][I][PacketService.cpp:12] createEmptyPacket(): [LoRaMesher] Packet created with 17 bytes
16:57:51.296 > [654450][I][LoraMesher.cpp:392] receivingRoutine(): [LoRaMesher] Receiving LoRa packet: Size: 17 bytes RSSI: -14 SNR: 13
16:57:51.307 > [654462][V][LoraMesher.cpp:647] processPackets(): [LoRaMesher] Size of Received Packets Queue: 1
16:57:51.316 > [654470][I][PacketQueueService.h:80] deleteQueuePacketAndPacket(): [LoRaMesher] Deleting packet
16:57:51.324 > [654479][I][PacketQueueService.h:83] deleteQueuePacketAndPacket(): [LoRaMesher] Deleting packet queue
16:57:51.333 > [654488][V][LoraMesher.cpp:658] processPackets(): [LoRaMesher] TESTING: Packet not for me, deleting it
16:57:51.342 > [654497][V][LoraMesher.cpp:641] processPackets(): [LoRaMesher] Stack space unused after entering the task: 2040
16:57:51.352 > [654507][V][LoraMesher.cpp:642] processPackets(): [LoRaMesher] Free heap: 336876
16:58:07.214 > Send packet 33
16:58:07.216 > Sending packet to D110
16:58:07.218 > [670370][V][LoraMesher.h:250] createPacketAndSend(): [LoRaMesher] Creating a packet for send with 8 bytes
16:58:07.227 > [670382][V][PacketFactory.h:45] createPacket(): [LoRaMesher] Creating packet with 17 bytes
16:58:07.235 > [670390][I][PacketFactory.h:74] createPacket(): [LoRaMesher] Packet created with 17 bytes
16:58:07.243 > [670398][I][LoraMesher.h:659] setPackedForSend(): [LoRaMesher] Adding packet to Q_SP
16:58:07.251 > [670406][I][LoraMesher.h:661] setPackedForSend(): [LoRaMesher] Created packet to Q_SP
16:58:07.258 > [670413][I][LoraMesher.cpp:1051] addToSendOrderedAndNotify(): [LoRaMesher] Added packet to Q_SP, notifying sender task
16:58:07.269 > [670424][V][LoraMesher.cpp:511] sendPackets(): [LoRaMesher] Stack space unused after entering the task: 1972
16:58:07.279 > [670434][V][LoraMesher.cpp:512] sendPackets(): [LoRaMesher] Free heap: 336780
16:58:07.286 > [670441][V][LoraMesher.cpp:518] sendPackets(): [LoRaMesher] Size of Send Packets Queue: 1
16:58:07.293 > [670448][V][LoraMesher.cpp:525] sendPackets(): [LoRaMesher] Send n. 39
16:58:07.300 > [670455][V][LoraMesher.cpp:455] waitBeforeSend(): [LoRaMesher] RandomDelay 338 ms
16:58:07.645 > [670801][V][LoraMesher.cpp:754] printHeaderPacket(): [LoRaMesher] Packet send -- Size: 17 Src: B3F0 Dst: D110 Id: 39 Type: 2 Via: DE6C Seq_Id: 0 Num: 0
16:58:07.735 > [670891][V][LoraMesher.cpp:575] sendPackets(): [LoRaMesher] TimeOnAir 63 ms, next message in 0 ms
16:58:07.744 > [670899][I][PacketQueueService.h:80] deleteQueuePacketAndPacket(): [LoRaMesher] Deleting packet
16:58:07.753 > [670908][I][PacketQueueService.h:83] deleteQueuePacketAndPacket(): [LoRaMesher] Deleting packet queue
16:58:08.941 > [672097][V][LoraMesher.cpp:378] receivingRoutine(): [LoRaMesher] Stack space unused after entering the task: 2092
16:58:08.952 > [672107][V][LoraMesher.cpp:379] receivingRoutine(): [LoRaMesher] Free heap: 336876
16:58:08.960 > [672115][I][PacketService.cpp:12] createEmptyPacket(): [LoRaMesher] Packet created with 17 bytes
16:58:08.969 > [672124][I][LoraMesher.cpp:392] receivingRoutine(): [LoRaMesher] Receiving LoRa packet: Size: 17 bytes RSSI: -11 SNR: 13
16:58:08.980 > [672135][V][LoraMesher.cpp:647] processPackets(): [LoRaMesher] Size of Received Packets Queue: 1
16:58:08.988 > [672143][I][PacketQueueService.h:80] deleteQueuePacketAndPacket(): [LoRaMesher] Deleting packet
16:58:08.997 > [672152][I][PacketQueueService.h:83] deleteQueuePacketAndPacket(): [LoRaMesher] Deleting packet queue
16:58:09.006 > [672161][V][LoraMesher.cpp:658] processPackets(): [LoRaMesher] TESTING: Packet not for me, deleting it
16:58:09.015 > [672170][V][LoraMesher.cpp:641] processPackets(): [LoRaMesher] Stack space unused after entering the task: 2040
16:58:09.025 > [672180][V][LoraMesher.cpp:642] processPackets(): [LoRaMesher] Free heap: 336876
16:58:10.143 > [673299][V][LoraMesher.cpp:378] receivingRoutine(): [LoRaMesher] Stack space unused after entering the task: 2092
16:58:10.154 > [673309][V][LoraMesher.cpp:379] receivingRoutine(): [LoRaMesher] Free heap: 336876
16:58:10.162 > [673317][I][PacketService.cpp:12] createEmptyPacket(): [LoRaMesher] Packet created with 17 bytes
16:58:10.170 > [673325][I][LoraMesher.cpp:392] receivingRoutine(): [LoRaMesher] Receiving LoRa packet: Size: 17 bytes RSSI: -62 SNR: 11
16:58:10.182 > [673337][V][LoraMesher.cpp:647] processPackets(): [LoRaMesher] Size of Received Packets Queue: 1
16:58:10.190 > [673345][I][PacketQueueService.h:80] deleteQueuePacketAndPacket(): [LoRaMesher] Deleting packet
16:58:10.199 > [673354][I][PacketQueueService.h:83] deleteQueuePacketAndPacket(): [LoRaMesher] Deleting packet queue
16:58:10.208 > [673363][V][LoraMesher.cpp:658] processPackets(): [LoRaMesher] TESTING: Packet not for me, deleting it
16:58:10.217 > [673372][V][LoraMesher.cpp:641] processPackets(): [LoRaMesher] Stack space unused after entering the task: 2040
16:58:10.227 > [673382][V][LoraMesher.cpp:642] processPackets(): [LoRaMesher] Free heap: 336876
16:58:10.635 > [673791][V][LoraMesher.cpp:378] receivingRoutine(): [LoRaMesher] Stack space unused after entering the task: 2092
16:58:10.646 > [673801][V][LoraMesher.cpp:379] receivingRoutine(): [LoRaMesher] Free heap: 336876
16:58:10.654 > [673809][I][PacketService.cpp:12] createEmptyPacket(): [LoRaMesher] Packet created with 17 bytes
16:58:10.662 > [673818][I][LoraMesher.cpp:392] receivingRoutine(): [LoRaMesher] Receiving LoRa packet: Size: 17 bytes RSSI: -13 SNR: 13
16:58:10.674 > [673829][V][LoraMesher.cpp:647] processPackets(): [LoRaMesher] Size of Received Packets Queue: 1
16:58:10.682 > [673837][I][PacketQueueService.h:80] deleteQueuePacketAndPacket(): [LoRaMesher] Deleting packet
16:58:10.691 > [673846][I][PacketQueueService.h:83] deleteQueuePacketAndPacket(): [LoRaMesher] Deleting packet queue
16:58:10.700 > [673855][V][LoraMesher.cpp:658] processPackets(): [LoRaMesher] TESTING: Packet not for me, deleting it
16:58:10.709 > [673864][V][LoraMesher.cpp:641] processPackets(): [LoRaMesher] Stack space unused after entering the task: 2040
16:58:10.719 > [673874][V][LoraMesher.cpp:642] processPackets(): [LoRaMesher] Free heap: 336876
16:58:27.306 > Send packet 34
16:58:27.307 > Sending packet to D110
16:58:27.309 > [690463][V][LoraMesher.h:250] createPacketAndSend(): [LoRaMesher] Creating a packet for send with 8 bytes
16:58:27.319 > [690475][V][PacketFactory.h:45] createPacket(): [LoRaMesher] Creating packet with 17 bytes
16:58:27.327 > [690483][I][PacketFactory.h:74] createPacket(): [LoRaMesher] Packet created with 17 bytes
16:58:27.335 > [690491][I][LoraMesher.h:659] setPackedForSend(): [LoRaMesher] Adding packet to Q_SP
16:58:27.342 > [690499][I][LoraMesher.h:661] setPackedForSend(): [LoRaMesher] Created packet to Q_SP
16:58:27.351 > [690506][I][LoraMesher.cpp:1051] addToSendOrderedAndNotify(): [LoRaMesher] Added packet to Q_SP, notifying sender task
16:58:27.361 > [690517][V][LoraMesher.cpp:511] sendPackets(): [LoRaMesher] Stack space unused after entering the task: 1972
16:58:27.371 > [690527][V][LoraMesher.cpp:512] sendPackets(): [LoRaMesher] Free heap: 336780
16:58:27.377 > [690534][V][LoraMesher.cpp:518] sendPackets(): [LoRaMesher] Size of Send Packets Queue: 1
16:58:27.385 > [690541][V][LoraMesher.cpp:525] sendPackets(): [LoRaMesher] Send n. 40
16:58:27.391 > [690548][V][LoraMesher.cpp:455] waitBeforeSend(): [LoRaMesher] RandomDelay 353 ms
16:58:27.752 > [690909][V][LoraMesher.cpp:754] printHeaderPacket(): [LoRaMesher] Packet send -- Size: 17 Src: B3F0 Dst: D110 Id: 40 Type: 2 Via: DE6C Seq_Id: 0 Num: 0
16:58:27.842 > [690999][V][LoraMesher.cpp:575] sendPackets(): [LoRaMesher] TimeOnAir 63 ms, next message in 0 ms
16:58:27.852 > [691007][I][PacketQueueService.h:80] deleteQueuePacketAndPacket(): [LoRaMesher] Deleting packet
16:58:27.859 > [691016][I][PacketQueueService.h:83] deleteQueuePacketAndPacket(): [LoRaMesher] Deleting packet queue
16:58:28.353 > [691510][V][LoraMesher.cpp:378] receivingRoutine(): [LoRaMesher] Stack space unused after entering the task: 2092
16:58:28.363 > [691520][V][LoraMesher.cpp:379] receivingRoutine(): [LoRaMesher] Free heap: 336876
16:58:28.371 > [691527][I][PacketService.cpp:12] createEmptyPacket(): [LoRaMesher] Packet created with 17 bytes
16:58:28.380 > [691536][I][LoraMesher.cpp:392] receivingRoutine(): [LoRaMesher] Receiving LoRa packet: Size: 17 bytes RSSI: -11 SNR: 13
16:58:28.391 > [691547][V][LoraMesher.cpp:647] processPackets(): [LoRaMesher] Size of Received Packets Queue: 1
16:58:28.400 > [691556][I][PacketQueueService.h:80] deleteQueuePacketAndPacket(): [LoRaMesher] Deleting packet
16:58:28.408 > [691565][I][PacketQueueService.h:83] deleteQueuePacketAndPacket(): [LoRaMesher] Deleting packet queue
16:58:28.417 > [691574][V][LoraMesher.cpp:658] processPackets(): [LoRaMesher] TESTING: Packet not for me, deleting it
16:58:28.426 > [691583][V][LoraMesher.cpp:641] processPackets(): [LoRaMesher] Stack space unused after entering the task: 2040
16:58:28.436 > [691593][V][LoraMesher.cpp:642] processPackets(): [LoRaMesher] Free heap: 336876
16:58:29.671 > [692827][V][LoraMesher.cpp:378] receivingRoutine(): [LoRaMesher] Stack space unused after entering the task: 2092
16:58:29.681 > [692837][V][LoraMesher.cpp:379] receivingRoutine(): [LoRaMesher] Free heap: 336876
16:58:29.688 > [692845][I][PacketService.cpp:12] createEmptyPacket(): [LoRaMesher] Packet created with 17 bytes
16:58:29.697 > [692853][I][LoraMesher.cpp:392] receivingRoutine(): [LoRaMesher] Receiving LoRa packet: Size: 17 bytes RSSI: -62 SNR: 11
16:58:29.709 > [692865][V][LoraMesher.cpp:647] processPackets(): [LoRaMesher] Size of Received Packets Queue: 1
16:58:29.718 > [692873][I][PacketQueueService.h:80] deleteQueuePacketAndPacket(): [LoRaMesher] Deleting packet
16:58:29.725 > [692882][I][PacketQueueService.h:83] deleteQueuePacketAndPacket(): [LoRaMesher] Deleting packet queue
16:58:29.734 > [692891][V][LoraMesher.cpp:658] processPackets(): [LoRaMesher] TESTING: Packet not for me, deleting it
16:58:29.743 > [692900][V][LoraMesher.cpp:641] processPackets(): [LoRaMesher] Stack space unused after entering the task: 2040
16:58:29.753 > [692910][V][LoraMesher.cpp:642] processPackets(): [LoRaMesher] Free heap: 336876
16:58:30.642 > [693798][V][LoraMesher.cpp:378] receivingRoutine(): [LoRaMesher] Stack space unused after entering the task: 2092
16:58:30.652 > [693808][V][LoraMesher.cpp:379] receivingRoutine(): [LoRaMesher] Free heap: 336876
16:58:30.659 > [693816][I][PacketService.cpp:12] createEmptyPacket(): [LoRaMesher] Packet created with 17 bytes
16:58:30.668 > [693825][I][LoraMesher.cpp:392] receivingRoutine(): [LoRaMesher] Receiving LoRa packet: Size: 17 bytes RSSI: -13 SNR: 13
16:58:30.679 > [693836][V][LoraMesher.cpp:647] processPackets(): [LoRaMesher] Size of Received Packets Queue: 1
16:58:30.688 > [693844][I][PacketQueueService.h:80] deleteQueuePacketAndPacket(): [LoRaMesher] Deleting packet
16:58:30.696 > [693853][I][PacketQueueService.h:83] deleteQueuePacketAndPacket(): [LoRaMesher] Deleting packet queue
16:58:30.705 > [693862][V][LoraMesher.cpp:658] processPackets(): [LoRaMesher] TESTING: Packet not for me, deleting it
16:58:30.715 > [693871][V][LoraMesher.cpp:641] processPackets(): [LoRaMesher] Stack space unused after entering the task: 2040
16:58:30.724 > [693881][V][LoraMesher.cpp:642] processPackets(): [LoRaMesher] Free heap: 336876
16:58:47.398 > Send packet 35
16:58:47.400 > Sending packet to D110
16:58:47.402 > [710556][V][LoraMesher.h:250] createPacketAndSend(): [LoRaMesher] Creating a packet for send with 8 bytes
16:58:47.411 > [710568][V][PacketFactory.h:45] createPacket(): [LoRaMesher] Creating packet with 17 bytes
16:58:47.419 > [710576][I][PacketFactory.h:74] createPacket(): [LoRaMesher] Packet created with 17 bytes
16:58:47.427 > [710584][I][LoraMesher.h:659] setPackedForSend(): [LoRaMesher] Adding packet to Q_SP
16:58:47.435 > [710592][I][LoraMesher.h:661] setPackedForSend(): [LoRaMesher] Created packet to Q_SP
16:58:47.443 > [710599][I][LoraMesher.cpp:1051] addToSendOrderedAndNotify(): [LoRaMesher] Added packet to Q_SP, notifying sender task
16:58:47.453 > [710610][V][LoraMesher.cpp:511] sendPackets(): [LoRaMesher] Stack space unused after entering the task: 1972
16:58:47.463 > [710620][V][LoraMesher.cpp:512] sendPackets(): [LoRaMesher] Free heap: 336780
16:58:47.470 > [710627][V][LoraMesher.cpp:518] sendPackets(): [LoRaMesher] Size of Send Packets Queue: 1
16:58:47.479 > [710634][V][LoraMesher.cpp:525] sendPackets(): [LoRaMesher] Send n. 41
16:58:47.484 > [710641][V][LoraMesher.cpp:455] waitBeforeSend(): [LoRaMesher] RandomDelay 399 ms
16:58:47.891 > [711048][V][LoraMesher.cpp:754] printHeaderPacket(): [LoRaMesher] Packet send -- Size: 17 Src: B3F0 Dst: D110 Id: 41 Type: 2 Via: DE6C Seq_Id: 0 Num: 0
16:58:47.981 > [711138][V][LoraMesher.cpp:575] sendPackets(): [LoRaMesher] TimeOnAir 63 ms, next message in 0 ms
16:58:47.990 > [711146][I][PacketQueueService.h:80] deleteQueuePacketAndPacket(): [LoRaMesher] Deleting packet
16:58:47.998 > [711155][I][PacketQueueService.h:83] deleteQueuePacketAndPacket(): [LoRaMesher] Deleting packet queue
16:58:49.300 > [712457][V][LoraMesher.cpp:378] receivingRoutine(): [LoRaMesher] Stack space unused after entering the task: 2092
16:58:49.311 > [712468][V][LoraMesher.cpp:379] receivingRoutine(): [LoRaMesher] Free heap: 336876
16:58:49.318 > [712475][I][PacketService.cpp:12] createEmptyPacket(): [LoRaMesher] Packet created with 17 bytes
16:58:49.327 > [712484][I][LoraMesher.cpp:392] receivingRoutine(): [LoRaMesher] Receiving LoRa packet: Size: 17 bytes RSSI: -11 SNR: 13
16:58:49.338 > [712495][V][LoraMesher.cpp:647] processPackets(): [LoRaMesher] Size of Received Packets Queue: 1
16:58:49.347 > [712504][I][PacketQueueService.h:80] deleteQueuePacketAndPacket(): [LoRaMesher] Deleting packet
16:58:49.355 > [712512][I][PacketQueueService.h:83] deleteQueuePacketAndPacket(): [LoRaMesher] Deleting packet queue
16:58:49.364 > [712521][V][LoraMesher.cpp:658] processPackets(): [LoRaMesher] TESTING: Packet not for me, deleting it
16:58:49.373 > [712530][V][LoraMesher.cpp:641] processPackets(): [LoRaMesher] Stack space unused after entering the task: 2040
16:58:49.383 > [712540][V][LoraMesher.cpp:642] processPackets(): [LoRaMesher] Free heap: 336876
16:58:50.466 > [713623][V][LoraMesher.cpp:378] receivingRoutine(): [LoRaMesher] Stack space unused after entering the task: 2092
16:58:50.476 > [713633][V][LoraMesher.cpp:379] receivingRoutine(): [LoRaMesher] Free heap: 336876
16:58:50.484 > [713641][I][PacketService.cpp:12] createEmptyPacket(): [LoRaMesher] Packet created with 17 bytes
16:58:50.493 > [713649][I][LoraMesher.cpp:392] receivingRoutine(): [LoRaMesher] Receiving LoRa packet: Size: 17 bytes RSSI: -62 SNR: 10
16:58:50.504 > [713661][V][LoraMesher.cpp:647] processPackets(): [LoRaMesher] Size of Received Packets Queue: 1
16:58:50.512 > [713669][I][PacketQueueService.h:80] deleteQueuePacketAndPacket(): [LoRaMesher] Deleting packet
16:58:50.521 > [713678][I][PacketQueueService.h:83] deleteQueuePacketAndPacket(): [LoRaMesher] Deleting packet queue
16:58:50.530 > [713687][V][LoraMesher.cpp:658] processPackets(): [LoRaMesher] TESTING: Packet not for me, deleting it
16:58:50.539 > [713696][V][LoraMesher.cpp:641] processPackets(): [LoRaMesher] Stack space unused after entering the task: 2040
16:58:50.549 > [713706][V][LoraMesher.cpp:642] processPackets(): [LoRaMesher] Free heap: 336876
16:58:51.360 > [714517][V][LoraMesher.cpp:378] receivingRoutine(): [LoRaMesher] Stack space unused after entering the task: 2092
16:58:51.370 > [714527][V][LoraMesher.cpp:379] receivingRoutine(): [LoRaMesher] Free heap: 336876
16:58:51.378 > [714535][I][PacketService.cpp:12] createEmptyPacket(): [LoRaMesher] Packet created with 17 bytes
16:58:51.387 > [714544][I][LoraMesher.cpp:392] receivingRoutine(): [LoRaMesher] Receiving LoRa packet: Size: 17 bytes RSSI: -13 SNR: 13
16:58:51.398 > [714555][V][LoraMesher.cpp:647] processPackets(): [LoRaMesher] Size of Received Packets Queue: 1
16:58:51.407 > [714563][I][PacketQueueService.h:80] deleteQueuePacketAndPacket(): [LoRaMesher] Deleting packet
16:58:51.415 > [714572][I][PacketQueueService.h:83] deleteQueuePacketAndPacket(): [LoRaMesher] Deleting packet queue
16:58:51.424 > [714581][V][LoraMesher.cpp:658] processPackets(): [LoRaMesher] TESTING: Packet not for me, deleting it
16:58:51.433 > [714590][V][LoraMesher.cpp:641] processPackets(): [LoRaMesher] Stack space unused after entering the task: 2040
16:58:51.443 > [714600][V][LoraMesher.cpp:642] processPackets(): [LoRaMesher] Free heap: 336876
16:59:05.119 > [728277][V][LoraMesher.cpp:598] sendHelloPacket(): [LoRaMesher] Creating Routing Packet
16:59:05.128 > [728285][V][LoraMesher.cpp:599] sendHelloPacket(): [LoRaMesher] Stack space unused after entering the task: 2324
16:59:05.138 > [728295][V][LoraMesher.cpp:600] sendHelloPacket(): [LoRaMesher] Free heap: 336876
16:59:05.145 > [728302][V][PacketFactory.h:45] createPacket(): [LoRaMesher] Creating packet with 24 bytes
16:59:05.153 > [728310][I][PacketFactory.h:74] createPacket(): [LoRaMesher] Packet created with 24 bytes
16:59:05.161 > [728318][I][LoraMesher.h:659] setPackedForSend(): [LoRaMesher] Adding packet to Q_SP
16:59:05.169 > [728326][I][LoraMesher.h:661] setPackedForSend(): [LoRaMesher] Created packet to Q_SP
16:59:05.176 > [728333][I][LoraMesher.cpp:1051] addToSendOrderedAndNotify(): [LoRaMesher] Added packet to Q_SP, notifying sender task
16:59:05.187 > [728344][V][LoraMesher.cpp:511] sendPackets(): [LoRaMesher] Stack space unused after entering the task: 1972
16:59:05.196 > [728354][V][LoraMesher.cpp:512] sendPackets(): [LoRaMesher] Free heap: 336776
16:59:05.203 > [728361][V][LoraMesher.cpp:518] sendPackets(): [LoRaMesher] Size of Send Packets Queue: 1
16:59:05.211 > [728369][V][LoraMesher.cpp:525] sendPackets(): [LoRaMesher] Send n. 42
16:59:05.218 > [728375][V][LoraMesher.cpp:455] waitBeforeSend(): [LoRaMesher] RandomDelay 1001 ms
16:59:05.661 > [728819][V][LoraMesher.cpp:378] receivingRoutine(): [LoRaMesher] Stack space unused after entering the task: 2092
16:59:05.672 > [728829][V][LoraMesher.cpp:379] receivingRoutine(): [LoRaMesher] Free heap: 336804
16:59:05.679 > [728837][I][PacketService.cpp:12] createEmptyPacket(): [LoRaMesher] Packet created with 24 bytes
16:59:05.688 > [728845][I][LoraMesher.cpp:392] receivingRoutine(): [LoRaMesher] Receiving LoRa packet: Size: 24 bytes RSSI: -11 SNR: 13
16:59:05.699 > [728857][V][LoraMesher.cpp:647] processPackets(): [LoRaMesher] Size of Received Packets Queue: 1
16:59:05.708 > [728865][V][LoraMesher.cpp:754] printHeaderPacket(): [LoRaMesher] Packet received -- Size: 24 Src: DE6C Dst: FFFF Id: 6 Type: 4 Via: 0 Seq_Id: 0 Num: 0
16:59:05.721 > [728879][I][RoutingTableService.cpp:77] processRoute(): [LoRaMesher] Route packet from DE6C with size 4
16:59:05.731 > [728888][I][RoutingTableService.cpp:99] resetReceiveSNRRoutePacket(): [LoRaMesher] Reset Receive SNR from DE6C: 13
16:59:05.741 > [728898][I][RoutingTableService.cpp:192] printRoutingTable(): [LoRaMesher] Current routing table:
16:59:05.750 > [728907][I][RoutingTableService.cpp:206] printRoutingTable(): [LoRaMesher] 0 - DE6C via DE6C metric 1 Role 0
16:59:05.759 > [728916][I][RoutingTableService.cpp:206] printRoutingTable(): [LoRaMesher] 1 - AFC0 via DE6C metric 2 Role 0
16:59:05.769 > [728926][I][RoutingTableService.cpp:206] printRoutingTable(): [LoRaMesher] 2 - F02C via DE6C metric 3 Role 0
16:59:05.778 > [728936][I][RoutingTableService.cpp:206] printRoutingTable(): [LoRaMesher] 3 - D110 via DE6C metric 4 Role 1
16:59:05.788 > [728945][I][PacketQueueService.h:80] deleteQueuePacketAndPacket(): [LoRaMesher] Deleting packet
16:59:05.797 > [728954][I][PacketQueueService.h:83] deleteQueuePacketAndPacket(): [LoRaMesher] Deleting packet queue
16:59:05.806 > [728963][V][LoraMesher.cpp:641] processPackets(): [LoRaMesher] Stack space unused after entering the task: 2040
16:59:05.816 > [728973][V][LoraMesher.cpp:642] processPackets(): [LoRaMesher] Free heap: 336804
16:59:06.232 > [729389][V][LoraMesher.cpp:462] waitBeforeSend(): [LoRaMesher] Preamble detected while waiting 1
16:59:06.241 > [729398][V][LoraMesher.cpp:455] waitBeforeSend(): [LoRaMesher] RandomDelay 987 ms
16:59:07.212 > [730370][V][LoraMesher.cpp:378] receivingRoutine(): [LoRaMesher] Stack space unused after entering the task: 2092
16:59:07.223 > [730380][V][LoraMesher.cpp:379] receivingRoutine(): [LoRaMesher] Free heap: 336804
16:59:07.230 > [730388][I][PacketService.cpp:12] createEmptyPacket(): [LoRaMesher] Packet created with 24 bytes
16:59:07.239 > [730396][I][LoraMesher.cpp:392] receivingRoutine(): [LoRaMesher] Receiving LoRa packet: Size: 24 bytes RSSI: -63 SNR: 10
16:59:07.250 > [730408][V][LoraMesher.cpp:647] processPackets(): [LoRaMesher] Size of Received Packets Queue: 1
16:59:07.259 > [730416][I][PacketQueueService.h:80] deleteQueuePacketAndPacket(): [LoRaMesher] Deleting packet
16:59:07.267 > [730419][V][LoraMesher.cpp:462] waitBeforeSend(): [LoRaMesher] Preamble detected while waiting 2
16:59:07.276 > [730433][I][[7P3a0c4k3e3t]Q[uVe]u[eLSoerravMiecseh.ehr:.8c3p]p :d4e5l5e]t ewQauietuBeePfaocrkeeSteAnndd(P)a:c k[eLto(R)a:M e[sLhoerM Rhed] Delay 6g  as
16:59:07.289 > t queue
16:59:07.290 > [730447][V][LoraMesher.cpp:658] processPackets(): [LoRaMesher] TESTING: Packet not for me, deleting it
16:59:07.299 > [730457][V][LoraMesher.cpp:641] processPackets(): [LoRaMesher] Stack space unused after entering the task: 2040
16:59:07.309 > [730466][V][LoraMesher.cpp:642] processPackets(): [LoRaMesher] Free heap: 336804
16:59:07.491 > Send packet 36
16:59:07.493 > Sending packet to D110
16:59:07.495 > [730649][V][LoraMesher.h:250] createPacketAndSend(): [LoRaMesher] Creating a packet for send with 8 bytes
16:59:07.504 > [730661][V][PacketFactory.h:45] createPacket(): [LoRaMesher] Creating packet with 17 bytes
16:59:07.512 > [730669][I][PacketFactory.h:74] createPacket(): [LoRaMesher] Packet created with 17 bytes
16:59:07.520 > [730677][I][LoraMesher.h:659] setPackedForSend(): [LoRaMesher] Adding packet to Q_SP
16:59:07.527 > [730685][I][LoraMesher.h:661] setPackedForSend(): [LoRaMesher] Created packet to Q_SP
16:59:07.535 > [730692][I][LoraMesher.cpp:1051] addToSendOrderedAndNotify(): [LoRaMesher] Added packet to Q_SP, notifying sender task
16:59:07.959 > [731117][V][LoraMesher.cpp:754] printHeaderPacket(): [LoRaMesher] Packet send -- Size: 24 Src: B3F0 Dst: FFFF Id: 42 Type: 4 Via: 0 Seq_Id: 0 Num: 0
16:59:08.063 > [731221][V][LoraMesher.cpp:575] sendPackets(): [LoRaMesher] TimeOnAir 78 ms, next message in 0 ms
16:59:08.072 > [731229][I][PacketQueueService.h:80] deleteQueuePacketAndPacket(): [LoRaMesher] Deleting packet
16:59:08.081 > [731238][I][PacketQueueService.h:83] deleteQueuePacketAndPacket(): [LoRaMesher] Deleting packet queue
16:59:08.090 > [731247][V][LoraMesher.cpp:518] sendPackets(): [LoRaMesher] Size of Send Packets Queue: 1
16:59:08.098 > [731255][V][LoraMesher.cpp:525] sendPackets(): [LoRaMesher] Send n. 43
16:59:08.104 > [731261][V][LoraMesher.cpp:455] waitBeforeSend(): [LoRaMesher] RandomDelay 903 ms
16:59:09.014 > [732172][V][LoraMesher.cpp:754] printHeaderPacket(): [LoRaMesher] Packet send -- Size: 17 Src: B3F0 Dst: D110 Id: 43 Type: 2 Via: DE6C Seq_Id: 0 Num: 0
16:59:09.104 > [732262][V][LoraMesher.cpp:575] sendPackets(): [LoRaMesher] TimeOnAir 63 ms, next message in 0 ms
16:59:09.113 > [732270][I][PacketQueueService.h:80] deleteQueuePacketAndPacket(): [LoRaMesher] Deleting packet
16:59:09.121 > [732279][I][PacketQueueService.h:83] deleteQueuePacketAndPacket(): [LoRaMesher] Deleting packet queue
16:59:09.825 > [732983][V][LoraMesher.cpp:378] receivingRoutine(): [LoRaMesher] Stack space unused after entering the task: 2092
16:59:09.836 > [732993][V][LoraMesher.cpp:379] receivingRoutine(): [LoRaMesher] Free heap: 336876
16:59:09.843 > [733001][I][PacketService.cpp:12] createEmptyPacket(): [LoRaMesher] Packet created with 17 bytes
16:59:09.852 > [733009][I][LoraMesher.cpp:392] receivingRoutine(): [LoRaMesher] Receiving LoRa packet: Size: 17 bytes RSSI: -11 SNR: 13
16:59:09.863 > [733021][V][LoraMesher.cpp:647] processPackets(): [LoRaMesher] Size of Received Packets Queue: 1
16:59:09.872 > [733029][I][PacketQueueService.h:80] deleteQueuePacketAndPacket(): [LoRaMesher] Deleting packet
16:59:09.880 > [733038][I][PacketQueueService.h:83] deleteQueuePacketAndPacket(): [LoRaMesher] Deleting packet queue
16:59:09.889 > [733047][V][LoraMesher.cpp:658] processPackets(): [LoRaMesher] TESTING: Packet not for me, deleting it
16:59:09.899 > [733056][V][LoraMesher.cpp:641] processPackets(): [LoRaMesher] Stack space unused after entering the task: 2040
16:59:09.909 > [733066][V][LoraMesher.cpp:642] processPackets(): [LoRaMesher] Free heap: 336876
16:59:10.264 > [733422][V][LoraMesher.cpp:378] receivingRoutine(): [LoRaMesher] Stack space unused after entering the task: 2092
16:59:10.275 > [733432][V][LoraMesher.cpp:379] receivingRoutine(): [LoRaMesher] Free heap: 336876
16:59:10.283 > [733440][I][PacketService.cpp:12] createEmptyPacket(): [LoRaMesher] Packet created with 24 bytes
16:59:10.291 > [733449][I][LoraMesher.cpp:392] receivingRoutine(): [LoRaMesher] Receiving LoRa packet: Size: 24 bytes RSSI: -15 SNR: 13
16:59:10.303 > [733460][V][LoraMesher.cpp:647] processPackets(): [LoRaMesher] Size of Received Packets Queue: 1
16:59:10.311 > [733468][I][PacketQueueService.h:80] deleteQueuePacketAndPacket(): [LoRaMesher] Deleting packet
16:59:10.320 > [733477][I][PacketQueueService.h:83] deleteQueuePacketAndPacket(): [LoRaMesher] Deleting packet queue
16:59:10.329 > [733486][V][LoraMesher.cpp:658] processPackets(): [LoRaMesher] TESTING: Packet not for me, deleting it
16:59:10.338 > [733495][V][LoraMesher.cpp:641] processPackets(): [LoRaMesher] Stack space unused after entering the task: 2040
16:59:10.348 > [733505][V][LoraMesher.cpp:642] processPackets(): [LoRaMesher] Free heap: 336876
16:59:11.410 > [734568][V][LoraMesher.cpp:378] receivingRoutine(): [LoRaMesher] Stack space unused after entering the task: 2092
16:59:11.421 > [734578][V][LoraMesher.cpp:379] receivingRoutine(): [LoRaMesher] Free heap: 336876
16:59:11.428 > [734586][I][PacketService.cpp:12] createEmptyPacket(): [LoRaMesher] Packet created with 17 bytes
16:59:11.437 > [734594][I][LoraMesher.cpp:392] receivingRoutine(): [LoRaMesher] Receiving LoRa packet: Size: 17 bytes RSSI: -62 SNR: 10
16:59:11.448 > [734605][V][LoraMesher.cpp:647] processPackets(): [LoRaMesher] Size of Received Packets Queue: 1
16:59:11.457 > [734614][I][PacketQueueService.h:80] deleteQueuePacketAndPacket(): [LoRaMesher] Deleting packet
16:59:11.465 > [734623][I][PacketQueueService.h:83] deleteQueuePacketAndPacket(): [LoRaMesher] Deleting packet queue
16:59:11.474 > [734632][V][LoraMesher.cpp:658] processPackets(): [LoRaMesher] TESTING: Packet not for me, deleting it
16:59:11.483 > [734641][V][LoraMesher.cpp:641] processPackets(): [LoRaMesher] Stack space unused after entering the task: 2040
16:59:11.493 > [734651][V][LoraMesher.cpp:642] processPackets(): [LoRaMesher] Free heap: 336876
16:59:12.379 > [735536][V][LoraMesher.cpp:378] receivingRoutine(): [LoRaMesher] Stack space unused after entering the task: 2092
16:59:12.389 > [735546][V][LoraMesher.cpp:379] receivingRoutine(): [LoRaMesher] Free heap: 336876
16:59:12.397 > [735554][I][PacketService.cpp:12] createEmptyPacket(): [LoRaMesher] Packet created with 17 bytes
16:59:12.405 > [735563][I][LoraMesher.cpp:392] receivingRoutine(): [LoRaMesher] Receiving LoRa packet: Size: 17 bytes RSSI: -14 SNR: 14
16:59:12.417 > [735574][V][LoraMesher.cpp:647] processPackets(): [LoRaMesher] Size of Received Packets Queue: 1
16:59:12.425 > [735582][I][PacketQueueService.h:80] deleteQueuePacketAndPacket(): [LoRaMesher] Deleting packet
16:59:12.434 > [735591][I][PacketQueueService.h:83] deleteQueuePacketAndPacket(): [LoRaMesher] Deleting packet queue
16:59:12.443 > [735600][V][LoraMesher.cpp:658] processPackets(): [LoRaMesher] TESTING: Packet not for me, deleting it
16:59:12.452 > [735609][V][LoraMesher.cpp:641] processPackets(): [LoRaMesher] Stack space unused after entering the task: 2040
16:59:12.462 > [735619][V][LoraMesher.cpp:642] processPackets(): [LoRaMesher] Free heap: 336876
16:59:27.544 > Send packet 37
16:59:27.546 > Sending packet to D110
16:59:27.548 > [750703][V][LoraMesher.h:250] createPacketAndSend(): [LoRaMesher] Creating a packet for send with 8 bytes
16:59:27.558 > [750715][V][PacketFactory.h:45] createPacket(): [LoRaMesher] Creating packet with 17 bytes
16:59:27.566 > [750723][I][PacketFactory.h:74] createPacket(): [LoRaMesher] Packet created with 17 bytes
16:59:27.574 > [750731][I][LoraMesher.h:659] setPackedForSend(): [LoRaMesher] Adding packet to Q_SP
16:59:27.581 > [750739][I][LoraMesher.h:661] setPackedForSend(): [LoRaMesher] Created packet to Q_SP
16:59:27.589 > [750746][I][LoraMesher.cpp:1051] addToSendOrderedAndNotify(): [LoRaMesher] Added packet to Q_SP, notifying sender task
16:59:27.599 > [750757][V][LoraMesher.cpp:511] sendPackets(): [LoRaMesher] Stack space unused after entering the task: 1972
16:59:27.609 > [750767][V][LoraMesher.cpp:512] sendPackets(): [LoRaMesher] Free heap: 336780
16:59:27.616 > [750774][V][LoraMesher.cpp:518] sendPackets(): [LoRaMesher] Size of Send Packets Queue: 1
16:59:27.624 > [750781][V][LoraMesher.cpp:525] sendPackets(): [LoRaMesher] Send n. 44
16:59:27.630 > [750788][V][LoraMesher.cpp:455] waitBeforeSend(): [LoRaMesher] RandomDelay 547 ms
16:59:28.184 > [751343][V][LoraMesher.cpp:754] printHeaderPacket(): [LoRaMesher] Packet send -- Size: 17 Src: B3F0 Dst: D110 Id: 44 Type: 2 Via: DE6C Seq_Id: 0 Num: 0
16:59:28.274 > [751433][V][LoraMesher.cpp:575] sendPackets(): [LoRaMesher] TimeOnAir 63 ms, next message in 0 ms
16:59:28.284 > [751441][I][PacketQueueService.h:80] deleteQueuePacketAndPacket(): [LoRaMesher] Deleting packet
16:59:28.292 > [751450][I][PacketQueueService.h:83] deleteQueuePacketAndPacket(): [LoRaMesher] Deleting packet queue
16:59:28.891 > [752050][V][LoraMesher.cpp:378] receivingRoutine(): [LoRaMesher] Stack space unused after entering the task: 2092
16:59:28.902 > [752060][V][LoraMesher.cpp:379] receivingRoutine(): [LoRaMesher] Free heap: 336876
16:59:28.910 > [752067][I][PacketService.cpp:12] createEmptyPacket(): [LoRaMesher] Packet created with 17 bytes
16:59:28.918 > [752076][I][LoraMesher.cpp:392] receivingRoutine(): [LoRaMesher] Receiving LoRa packet: Size: 17 bytes RSSI: -10 SNR: 13
16:59:28.929 > [752087][V][LoraMesher.cpp:647] processPackets(): [LoRaMesher] Size of Received Packets Queue: 1
16:59:28.938 > [752096][I][PacketQueueService.h:80] deleteQueuePacketAndPacket(): [LoRaMesher] Deleting packet
16:59:28.947 > [752104][I][PacketQueueService.h:83] deleteQueuePacketAndPacket(): [LoRaMesher] Deleting packet queue
16:59:28.956 > [752113][V][LoraMesher.cpp:658] processPackets(): [LoRaMesher] TESTING: Packet not for me, deleting it
16:59:28.965 > [752122][V][LoraMesher.cpp:641] processPackets(): [LoRaMesher] Stack space unused after entering the task: 2040
16:59:28.975 > [752132][V][LoraMesher.cpp:642] processPackets(): [LoRaMesher] Free heap: 336876
16:59:29.608 > [752766][V][LoraMesher.cpp:378] receivingRoutine(): [LoRaMesher] Stack space unused after entering the task: 2092
16:59:29.618 > [752776][V][LoraMesher.cpp:379] receivingRoutine(): [LoRaMesher] Free heap: 336876
16:59:29.626 > [752784][I][PacketService.cpp:12] createEmptyPacket(): [LoRaMesher] Packet created with 17 bytes
16:59:29.635 > [752792][I][LoraMesher.cpp:392] receivingRoutine(): [LoRaMesher] Receiving LoRa packet: Size: 17 bytes RSSI: -63 SNR: 10
16:59:29.646 > [752804][V][LoraMesher.cpp:647] processPackets(): [LoRaMesher] Size of Received Packets Queue: 1
16:59:29.654 > [752812][I][PacketQueueService.h:80] deleteQueuePacketAndPacket(): [LoRaMesher] Deleting packet
16:59:29.663 > [752821][I][PacketQueueService.h:83] deleteQueuePacketAndPacket(): [LoRaMesher] Deleting packet queue
16:59:29.672 > [752830][V][LoraMesher.cpp:658] processPackets(): [LoRaMesher] TESTING: Packet not for me, deleting it
16:59:29.681 > [752839][V][LoraMesher.cpp:641] processPackets(): [LoRaMesher] Stack space unused after entering the task: 2040
16:59:29.691 > [752849][V][LoraMesher.cpp:642] processPackets(): [LoRaMesher] Free heap: 336876
16:59:30.255 > [753413][V][LoraMesher.cpp:378] receivingRoutine(): [LoRaMesher] Stack space unused after entering the task: 2092
16:59:30.266 > [753423][V][LoraMesher.cpp:379] receivingRoutine(): [LoRaMesher] Free heap: 336876
16:59:30.273 > [753431][I][PacketService.cpp:12] createEmptyPacket(): [LoRaMesher] Packet created with 17 bytes
16:59:30.282 > [753440][I][LoraMesher.cpp:392] receivingRoutine(): [LoRaMesher] Receiving LoRa packet: Size: 17 bytes RSSI: -13 SNR: 13
16:59:30.293 > [753451][V][LoraMesher.cpp:647] processPackets(): [LoRaMesher] Size of Received Packets Queue: 1
16:59:30.302 > [753460][I][PacketQueueService.h:80] deleteQueuePacketAndPacket(): [LoRaMesher] Deleting packet
16:59:30.310 > [753468][I][PacketQueueService.h:83] deleteQueuePacketAndPacket(): [LoRaMesher] Deleting packet queue
16:59:30.319 > [753477][V][LoraMesher.cpp:658] processPackets(): [LoRaMesher] TESTING: Packet not for me, deleting it
16:59:30.329 > [753486][V][LoraMesher.cpp:641] processPackets(): [LoRaMesher] Stack space unused after entering the task: 2040
16:59:30.338 > [753496][V][LoraMesher.cpp:642] processPackets(): [LoRaMesher] Free heap: 336876
16:59:47.636 > Send packet 38
16:59:47.638 > Sending packet to D110
16:59:47.640 > [770796][V][LoraMesher.h:250] createPacketAndSend(): [LoRaMesher] Creating a packet for send with 8 bytes
16:59:47.649 > [770808][V][PacketFactory.h:45] createPacket(): [LoRaMesher] Creating packet with 17 bytes
16:59:47.657 > [770816][I][PacketFactory.h:74] createPacket(): [LoRaMesher] Packet created with 17 bytes
16:59:47.665 > [770824][I][LoraMesher.h:659] setPackedForSend(): [LoRaMesher] Adding packet to Q_SP
16:59:47.673 > [770832][I][LoraMesher.h:661] setPackedForSend(): [LoRaMesher] Created packet to Q_SP
16:59:47.680 > [770839][I][LoraMesher.cpp:1051] addToSendOrderedAndNotify(): [LoRaMesher] Added packet to Q_SP, notifying sender task
16:59:47.691 > [770850][V][LoraMesher.cpp:511] sendPackets(): [LoRaMesher] Stack space unused after entering the task: 1972
16:59:47.701 > [770860][V][LoraMesher.cpp:512] sendPackets(): [LoRaMesher] Free heap: 336780
16:59:47.707 > [770867][V][LoraMesher.cpp:518] sendPackets(): [LoRaMesher] Size of Send Packets Queue: 1
16:59:47.715 > [770874][V][LoraMesher.cpp:525] sendPackets(): [LoRaMesher] Send n. 45
16:59:47.722 > [770881][V][LoraMesher.cpp:455] waitBeforeSend(): [LoRaMesher] RandomDelay 365 ms
16:59:48.094 > [771254][V][LoraMesher.cpp:754] printHeaderPacket(): [LoRaMesher] Packet send -- Size: 17 Src: B3F0 Dst: D110 Id: 45 Type: 2 Via: DE6C Seq_Id: 0 Num: 0
16:59:48.185 > [771344][V][LoraMesher.cpp:575] sendPackets(): [LoRaMesher] TimeOnAir 63 ms, next message in 0 ms
16:59:48.193 > [771352][I][PacketQueueService.h:80] deleteQueuePacketAndPacket(): [LoRaMesher] Deleting packet
16:59:48.202 > [771361][I][PacketQueueService.h:83] deleteQueuePacketAndPacket(): [LoRaMesher] Deleting packet queue
16:59:49.130 > [772289][V][LoraMesher.cpp:378] receivingRoutine(): [LoRaMesher] Stack space unused after entering the task: 2092
16:59:49.140 > [772299][V][LoraMesher.cpp:379] receivingRoutine(): [LoRaMesher] Free heap: 336876
16:59:49.148 > [772307][I][PacketService.cpp:12] createEmptyPacket(): [LoRaMesher] Packet created with 17 bytes
16:59:49.157 > [772316][I][LoraMesher.cpp:392] receivingRoutine(): [LoRaMesher] Receiving LoRa packet: Size: 17 bytes RSSI: -15 SNR: 12
16:59:49.168 > [772327][V][LoraMesher.cpp:647] processPackets(): [LoRaMesher] Size of Received Packets Queue: 1
16:59:49.176 > [772335][I][PacketQueueService.h:80] deleteQueuePacketAndPacket(): [LoRaMesher] Deleting packet
16:59:49.185 > [772344][I][PacketQueueService.h:83] deleteQueuePacketAndPacket(): [LoRaMesher] Deleting packet queue
16:59:49.194 > [772353][V][LoraMesher.cpp:658] processPackets(): [LoRaMesher] TESTING: Packet not for me, deleting it
16:59:49.203 > [772362][V][LoraMesher.cpp:641] processPackets(): [LoRaMesher] Stack space unused after entering the task: 2040
16:59:49.214 > [772372][V][LoraMesher.cpp:642] processPackets(): [LoRaMesher] Free heap: 336876
16:59:49.865 > [773024][V][LoraMesher.cpp:378] receivingRoutine(): [LoRaMesher] Stack space unused after entering the task: 2092
16:59:49.875 > [773034][V][LoraMesher.cpp:379] receivingRoutine(): [LoRaMesher] Free heap: 336876
16:59:49.883 > [773042][I][PacketService.cpp:12] createEmptyPacket(): [LoRaMesher] Packet created with 17 bytes
16:59:49.891 > [773050][I][LoraMesher.cpp:392] receivingRoutine(): [LoRaMesher] Receiving LoRa packet: Size: 17 bytes RSSI: -62 SNR: 10
16:59:49.902 > [773062][V][LoraMesher.cpp:647] processPackets(): [LoRaMesher] Size of Received Packets Queue: 1
16:59:49.911 > [773070][I][PacketQueueService.h:80] deleteQueuePacketAndPacket(): [LoRaMesher] Deleting packet
16:59:49.920 > [773079][I][PacketQueueService.h:83] deleteQueuePacketAndPacket(): [LoRaMesher] Deleting packet queue
16:59:49.929 > [773088][V][LoraMesher.cpp:658] processPackets(): [LoRaMesher] TESTING: Packet not for me, deleting it
16:59:49.938 > [773097][V][LoraMesher.cpp:641] processPackets(): [LoRaMesher] Stack space unused after entering the task: 2040
16:59:49.948 > [773107][V][LoraMesher.cpp:642] processPackets(): [LoRaMesher] Free heap: 336876
16:59:50.353 > [773512][V][LoraMesher.cpp:378] receivingRoutine(): [LoRaMesher] Stack space unused after entering the task: 2092
16:59:50.363 > [773523][V][LoraMesher.cpp:379] receivingRoutine(): [LoRaMesher] Free heap: 336876
16:59:50.372 > [773530][I][PacketService.cpp:12] createEmptyPacket(): [LoRaMesher] Packet created with 17 bytes
16:59:50.380 > [773539][I][LoraMesher.cpp:392] receivingRoutine(): [LoRaMesher] Receiving LoRa packet: Size: 17 bytes RSSI: -14 SNR: 13
16:59:50.391 > [773550][V][LoraMesher.cpp:647] processPackets(): [LoRaMesher] Size of Received Packets Queue: 1
16:59:50.399 > [773559][I][PacketQueueService.h:80] deleteQueuePacketAndPacket(): [LoRaMesher] Deleting packet
16:59:50.408 > [773567][I][PacketQueueService.h:83] deleteQueuePacketAndPacket(): [LoRaMesher] Deleting packet queue
16:59:50.417 > [773576][V][LoraMesher.cpp:658] processPackets(): [LoRaMesher] TESTING: Packet not for me, deleting it
16:59:50.426 > [773585][V][LoraMesher.cpp:641] processPackets(): [LoRaMesher] Stack space unused after entering the task: 2040
16:59:50.436 > [773595][V][LoraMesher.cpp:642] processPackets(): [LoRaMesher] Free heap: 336876
17:00:07.729 > Send packet 39
17:00:07.730 > Sending packet to D110
17:00:07.732 > [790889][V][LoraMesher.h:250] createPacketAndSend(): [LoRaMesher] Creating a packet for send with 8 bytes
17:00:07.742 > [790901][V][PacketFactory.h:45] createPacket(): [LoRaMesher] Creating packet with 17 bytes
17:00:07.750 > [790909][I][PacketFactory.h:74] createPacket(): [LoRaMesher] Packet created with 17 bytes
17:00:07.758 > [790917][I][LoraMesher.h:659] setPackedForSend(): [LoRaMesher] Adding packet to Q_SP
17:00:07.765 > [790925][I][LoraMesher.h:661] setPackedForSend(): [LoRaMesher] Created packet to Q_SP
17:00:07.773 > [790932][I][LoraMesher.cpp:1051] addToSendOrderedAndNotify(): [LoRaMesher] Added packet to Q_SP, notifying sender task
17:00:07.783 > [790943][V][LoraMesher.cpp:511] sendPackets(): [LoRaMesher] Stack space unused after entering the task: 1972
17:00:07.793 > [790953][V][LoraMesher.cpp:512] sendPackets(): [LoRaMesher] Free heap: 336780
17:00:07.800 > [790960][V][LoraMesher.cpp:518] sendPackets(): [LoRaMesher] Size of Send Packets Queue: 1
17:00:07.808 > [790967][V][LoraMesher.cpp:525] sendPackets(): [LoRaMesher] Send n. 46
17:00:07.814 > [790974][V][LoraMesher.cpp:455] waitBeforeSend(): [LoRaMesher] RandomDelay 990 ms
17:00:08.812 > [791972][V][LoraMesher.cpp:754] printHeaderPacket(): [LoRaMesher] Packet send -- Size: 17 Src: B3F0 Dst: D110 Id: 46 Type: 2 Via: DE6C Seq_Id: 0 Num: 0
17:00:08.902 > [792062][V][LoraMesher.cpp:575] sendPackets(): [LoRaMesher] TimeOnAir 63 ms, next message in 0 ms
17:00:08.911 > [792070][I][PacketQueueService.h:80] deleteQueuePacketAndPacket(): [LoRaMesher] Deleting packet
17:00:08.919 > [792079][I][PacketQueueService.h:83] deleteQueuePacketAndPacket(): [LoRaMesher] Deleting packet queue
17:00:09.800 > [792960][V][LoraMesher.cpp:378] receivingRoutine(): [LoRaMesher] Stack space unused after entering the task: 2092
17:00:09.810 > [792970][V][LoraMesher.cpp:379] receivingRoutine(): [LoRaMesher] Free heap: 336876
17:00:09.818 > [792977][I][PacketService.cpp:12] createEmptyPacket(): [LoRaMesher] Packet created with 17 bytes
17:00:09.827 > [792986][I][LoraMesher.cpp:392] receivingRoutine(): [LoRaMesher] Receiving LoRa packet: Size: 17 bytes RSSI: -11 SNR: 12
17:00:09.838 > [792997][V][LoraMesher.cpp:647] processPackets(): [LoRaMesher] Size of Received Packets Queue: 1
17:00:09.846 > [793006][I][PacketQueueService.h:80] deleteQueuePacketAndPacket(): [LoRaMesher] Deleting packet
17:00:09.855 > [793014][I][PacketQueueService.h:83] deleteQueuePacketAndPacket(): [LoRaMesher] Deleting packet queue
17:00:09.864 > [793023][V][LoraMesher.cpp:658] processPackets(): [LoRaMesher] TESTING: Packet not for me, deleting it
17:00:09.873 > [793033][V][LoraMesher.cpp:641] processPackets(): [LoRaMesher] Stack space unused after entering the task: 2040
17:00:09.883 > [793043][V][LoraMesher.cpp:642] processPackets(): [LoRaMesher] Free heap: 336876
17:00:10.275 > [793435][V][LoraMesher.cpp:378] receivingRoutine(): [LoRaMesher] Stack space unused after entering the task: 2092
17:00:10.286 > [793445][V][LoraMesher.cpp:379] receivingRoutine(): [LoRaMesher] Free heap: 336876
17:00:10.293 > [793453][I][PacketService.cpp:12] createEmptyPacket(): [LoRaMesher] Packet created with 17 bytes
17:00:10.302 > [793461][I][LoraMesher.cpp:392] receivingRoutine(): [LoRaMesher] Receiving LoRa packet: Size: 17 bytes RSSI: -63 SNR: 9
17:00:10.313 > [793472][V][LoraMesher.cpp:647] processPackets(): [LoRaMesher] Size of Received Packets Queue: 1
17:00:10.322 > [793481][I][PacketQueueService.h:80] deleteQueuePacketAndPacket(): [LoRaMesher] Deleting packet
17:00:10.330 > [793490][I][PacketQueueService.h:83] deleteQueuePacketAndPacket(): [LoRaMesher] Deleting packet queue
17:00:10.339 > [793499][V][LoraMesher.cpp:658] processPackets(): [LoRaMesher] TESTING: Packet not for me, deleting it
17:00:10.348 > [793508][V][LoraMesher.cpp:641] processPackets(): [LoRaMesher] Stack space unused after entering the task: 2040
17:00:10.358 > [793518][V][LoraMesher.cpp:642] processPackets(): [LoRaMesher] Free heap: 336876
17:00:11.004 > [794163][V][LoraMesher.cpp:378] receivingRoutine(): [LoRaMesher] Stack space unused after entering the task: 2092
17:00:11.014 > [794174][V][LoraMesher.cpp:379] receivingRoutine(): [LoRaMesher] Free heap: 336876
17:00:11.022 > [794181][I][PacketService.cpp:12] createEmptyPacket(): [LoRaMesher] Packet created with 17 bytes
17:00:11.030 > [794190][I][LoraMesher.cpp:392] receivingRoutine(): [LoRaMesher] Receiving LoRa packet: Size: 17 bytes RSSI: -14 SNR: 13
17:00:11.041 > [794201][V][LoraMesher.cpp:647] processPackets(): [LoRaMesher] Size of Received Packets Queue: 1
17:00:11.050 > [794210][I][PacketQueueService.h:80] deleteQueuePacketAndPacket(): [LoRaMesher] Deleting packet
17:00:11.059 > [794218][I][PacketQueueService.h:83] deleteQueuePacketAndPacket(): [LoRaMesher] Deleting packet queue
17:00:11.068 > [794227][V][LoraMesher.cpp:658] processPackets(): [LoRaMesher] TESTING: Packet not for me, deleting it
17:00:11.077 > [794236][V][LoraMesher.cpp:641] processPackets(): [LoRaMesher] Stack space unused after entering the task: 2040
17:00:11.087 > [794246][V][LoraMesher.cpp:642] processPackets(): [LoRaMesher] Free heap: 336876
17:00:27.821 > Send packet 40
17:00:27.823 > Sending packet to D110
17:00:27.825 > [810982][V][LoraMesher.h:250] createPacketAndSend(): [LoRaMesher] Creating a packet for send with 8 bytes
17:00:27.834 > [810994][V][PacketFactory.h:45] createPacket(): [LoRaMesher] Creating packet with 17 bytes
17:00:27.842 > [811002][I][PacketFactory.h:74] createPacket(): [LoRaMesher] Packet created with 17 bytes
17:00:27.850 > [811010][I][LoraMesher.h:659] setPackedForSend(): [LoRaMesher] Adding packet to Q_SP
17:00:27.858 > [811018][I][LoraMesher.h:661] setPackedForSend(): [LoRaMesher] Created packet to Q_SP
17:00:27.865 > [811025][I][LoraMesher.cpp:1051] addToSendOrderedAndNotify(): [LoRaMesher] Added packet to Q_SP, notifying sender task
17:00:27.876 > [811036][V][LoraMesher.cpp:511] sendPackets(): [LoRaMesher] Stack space unused after entering the task: 1972
17:00:27.886 > [811046][V][LoraMesher.cpp:512] sendPackets(): [LoRaMesher] Free heap: 336780
17:00:27.893 > [811053][V][LoraMesher.cpp:518] sendPackets(): [LoRaMesher] Size of Send Packets Queue: 1
17:00:27.901 > [811060][V][LoraMesher.cpp:525] sendPackets(): [LoRaMesher] Send n. 47
17:00:27.907 > [811067][V][LoraMesher.cpp:455] waitBeforeSend(): [LoRaMesher] RandomDelay 792 ms
17:00:28.706 > [811867][V][LoraMesher.cpp:754] printHeaderPacket(): [LoRaMesher] Packet send -- Size: 17 Src: B3F0 Dst: D110 Id: 47 Type: 2 Via: DE6C Seq_Id: 0 Num: 0
17:00:28.796 > [811957][V][LoraMesher.cpp:575] sendPackets(): [LoRaMesher] TimeOnAir 63 ms, next message in 0 ms
17:00:28.805 > [811965][I][PacketQueueService.h:80] deleteQueuePacketAndPacket(): [LoRaMesher] Deleting packet
17:00:28.814 > [811974][I][PacketQueueService.h:83] deleteQueuePacketAndPacket(): [LoRaMesher] Deleting packet queue
17:00:29.571 > [812731][V][LoraMesher.cpp:378] receivingRoutine(): [LoRaMesher] Stack space unused after entering the task: 2092
17:00:29.582 > [812741][V][LoraMesher.cpp:379] receivingRoutine(): [LoRaMesher] Free heap: 336876
17:00:29.589 > [812749][I][PacketService.cpp:12] createEmptyPacket(): [LoRaMesher] Packet created with 17 bytes
17:00:29.598 > [812758][I][LoraMesher.cpp:392] receivingRoutine(): [LoRaMesher] Receiving LoRa packet: Size: 17 bytes RSSI: -12 SNR: 13
17:00:29.609 > [812769][V][LoraMesher.cpp:647] processPackets(): [LoRaMesher] Size of Received Packets Queue: 1
17:00:29.618 > [812778][I][PacketQueueService.h:80] deleteQueuePacketAndPacket(): [LoRaMesher] Deleting packet
17:00:29.626 > [812786][I][PacketQueueService.h:83] deleteQueuePacketAndPacket(): [LoRaMesher] Deleting packet queue
17:00:29.635 > [812795][V][LoraMesher.cpp:658] processPackets(): [LoRaMesher] TESTING: Packet not for me, deleting it
17:00:29.644 > [812804][V][LoraMesher.cpp:641] processPackets(): [LoRaMesher] Stack space unused after entering the task: 2040
17:00:29.654 > [812814][V][LoraMesher.cpp:642] processPackets(): [LoRaMesher] Free heap: 336876
17:00:30.589 > [813749][V][LoraMesher.cpp:378] receivingRoutine(): [LoRaMesher] Stack space unused after entering the task: 2092
17:00:30.599 > [813759][V][LoraMesher.cpp:379] receivingRoutine(): [LoRaMesher] Free heap: 336876
17:00:30.607 > [813767][I][PacketService.cpp:12] createEmptyPacket(): [LoRaMesher] Packet created with 17 bytes
17:00:30.615 > [813775][I][LoraMesher.cpp:392] receivingRoutine(): [LoRaMesher] Receiving LoRa packet: Size: 17 bytes RSSI: -62 SNR: 10
17:00:30.627 > [813787][V][LoraMesher.cpp:647] processPackets(): [LoRaMesher] Size of Received Packets Queue: 1
17:00:30.635 > [813795][I][PacketQueueService.h:80] deleteQueuePacketAndPacket(): [LoRaMesher] Deleting packet
17:00:30.644 > [813804][I][PacketQueueService.h:83] deleteQueuePacketAndPacket(): [LoRaMesher] Deleting packet queue
17:00:30.653 > [813813][V][LoraMesher.cpp:658] processPackets(): [LoRaMesher] TESTING: Packet not for me, deleting it
17:00:30.662 > [813822][V][LoraMesher.cpp:641] processPackets(): [LoRaMesher] Stack space unused after entering the task: 2040
17:00:30.672 > [813832][V][LoraMesher.cpp:642] processPackets(): [LoRaMesher] Free heap: 336876
17:00:31.394 > [814554][V][LoraMesher.cpp:378] receivingRoutine(): [LoRaMesher] Stack space unused after entering the task: 2092
17:00:31.405 > [814565][V][LoraMesher.cpp:379] receivingRoutine(): [LoRaMesher] Free heap: 336876
17:00:31.412 > [814572][I][PacketService.cpp:12] createEmptyPacket(): [LoRaMesher] Packet created with 17 bytes
17:00:31.421 > [814581][I][LoraMesher.cpp:392] receivingRoutine(): [LoRaMesher] Receiving LoRa packet: Size: 17 bytes RSSI: -13 SNR: 13
17:00:31.432 > [814592][V][LoraMesher.cpp:647] processPackets(): [LoRaMesher] Size of Received Packets Queue: 1
17:00:31.441 > [814601][I][PacketQueueService.h:80] deleteQueuePacketAndPacket(): [LoRaMesher] Deleting packet
17:00:31.449 > [814609][I][PacketQueueService.h:83] deleteQueuePacketAndPacket(): [LoRaMesher] Deleting packet queue
17:00:31.458 > [814618][V][LoraMesher.cpp:658] processPackets(): [LoRaMesher] TESTING: Packet not for me, deleting it
17:00:31.467 > [814627][V][LoraMesher.cpp:641] processPackets(): [LoRaMesher] Stack space unused after entering the task: 2040
17:00:31.477 > [814637][V][LoraMesher.cpp:642] processPackets(): [LoRaMesher] Free heap: 336876
17:00:47.913 > Send packet 41
17:00:47.916 > Sending packet to D110
17:00:47.918 > [831075][V][LoraMesher.h:250] createPacketAndSend(): [LoRaMesher] Creating a packet for send with 8 bytes
17:00:47.927 > [831087][V][PacketFactory.h:45] createPacket(): [LoRaMesher] Creating packet with 17 bytes
17:00:47.935 > [831095][I][PacketFactory.h:74] createPacket(): [LoRaMesher] Packet created with 17 bytes
17:00:47.943 > [831103][I][LoraMesher.h:659] setPackedForSend(): [LoRaMesher] Adding packet to Q_SP
17:00:47.950 > [831111][I][LoraMesher.h:661] setPackedForSend(): [LoRaMesher] Created packet to Q_SP
17:00:47.958 > [831118][I][LoraMesher.cpp:1051] addToSendOrderedAndNotify(): [LoRaMesher] Added packet to Q_SP, notifying sender task
17:00:47.969 > [831129][V][LoraMesher.cpp:511] sendPackets(): [LoRaMesher] Stack space unused after entering the task: 1972
17:00:47.978 > [831139][V][LoraMesher.cpp:512] sendPackets(): [LoRaMesher] Free heap: 336780
17:00:47.985 > [831146][V][LoraMesher.cpp:518] sendPackets(): [LoRaMesher] Size of Send Packets Queue: 1
17:00:47.993 > [831153][V][LoraMesher.cpp:525] sendPackets(): [LoRaMesher] Send n. 48
17:00:48.000 > [831160][V][LoraMesher.cpp:455] waitBeforeSend(): [LoRaMesher] RandomDelay 445 ms
17:00:48.452 > [831613][V][LoraMesher.cpp:754] printHeaderPacket(): [LoRaMesher] Packet send -- Size: 17 Src: B3F0 Dst: D110 Id: 48 Type: 2 Via: DE6C Seq_Id: 0 Num: 0
17:00:48.542 > [831703][V][LoraMesher.cpp:575] sendPackets(): [LoRaMesher] TimeOnAir 63 ms, next message in 0 ms
17:00:48.551 > [831711][I][PacketQueueService.h:80] deleteQueuePacketAndPacket(): [LoRaMesher] Deleting packet
17:00:48.560 > [831720][I][PacketQueueService.h:83] deleteQueuePacketAndPacket(): [LoRaMesher] Deleting packet queue
17:00:49.389 > [832550][V][LoraMesher.cpp:378] receivingRoutine(): [LoRaMesher] Stack space unused after entering the task: 2092
17:00:49.400 > [832560][V][LoraMesher.cpp:379] receivingRoutine(): [LoRaMesher] Free heap: 336876
17:00:49.407 > [832568][I][PacketService.cpp:12] createEmptyPacket(): [LoRaMesher] Packet created with 17 bytes
17:00:49.416 > [832576][I][LoraMesher.cpp:392] receivingRoutine(): [LoRaMesher] Receiving LoRa packet: Size: 17 bytes RSSI: -11 SNR: 13
17:00:49.427 > [832587][V][LoraMesher.cpp:647] processPackets(): [LoRaMesher] Size of Received Packets Queue: 1
17:00:49.436 > [832596][I][PacketQueueService.h:80] deleteQueuePacketAndPacket(): [LoRaMesher] Deleting packet
17:00:49.444 > [832605][I][PacketQueueService.h:83] deleteQueuePacketAndPacket(): [LoRaMesher] Deleting packet queue
17:00:49.453 > [832614][V][LoraMesher.cpp:658] processPackets(): [LoRaMesher] TESTING: Packet not for me, deleting it
17:00:49.463 > [832623][V][LoraMesher.cpp:641] processPackets(): [LoRaMesher] Stack space unused after entering the task: 2040
17:00:49.472 > [832633][V][LoraMesher.cpp:642] processPackets(): [LoRaMesher] Free heap: 336876
17:00:50.256 > [833417][V][LoraMesher.cpp:378] receivingRoutine(): [LoRaMesher] Stack space unused after entering the task: 2092
17:00:50.267 > [833427][V][LoraMesher.cpp:379] receivingRoutine(): [LoRaMesher] Free heap: 336876
17:00:50.274 > [833435][I][PacketService.cpp:12] createEmptyPacket(): [LoRaMesher] Packet created with 17 bytes
17:00:50.283 > [833443][I][LoraMesher.cpp:392] receivingRoutine(): [LoRaMesher] Receiving LoRa packet: Size: 17 bytes RSSI: -62 SNR: 9
17:00:50.294 > [833454][V][LoraMesher.cpp:647] processPackets(): [LoRaMesher] Size of Received Packets Queue: 1
17:00:50.303 > [833463][I][PacketQueueService.h:80] deleteQueuePacketAndPacket(): [LoRaMesher] Deleting packet
17:00:50.311 > [833472][I][PacketQueueService.h:83] deleteQueuePacketAndPacket(): [LoRaMesher] Deleting packet queue
17:00:50.320 > [833481][V][LoraMesher.cpp:658] processPackets(): [LoRaMesher] TESTING: Packet not for me, deleting it
17:00:50.329 > [833490][V][LoraMesher.cpp:641] processPackets(): [LoRaMesher] Stack space unused after entering the task: 2040
17:00:50.339 > [833500][V][LoraMesher.cpp:642] processPackets(): [LoRaMesher] Free heap: 336876
17:00:51.408 > [834570][V][LoraMesher.cpp:378] receivingRoutine(): [LoRaMesher] Stack space unused after entering the task: 2092
17:00:51.419 > [834580][V][LoraMesher.cpp:379] receivingRoutine(): [LoRaMesher] Free heap: 336876
17:00:51.427 > [834587][I][PacketService.cpp:12] createEmptyPacket(): [LoRaMesher] Packet created with 17 bytes
17:00:51.436 > [834596][I][LoraMesher.cpp:392] receivingRoutine(): [LoRaMesher] Receiving LoRa packet: Size: 17 bytes RSSI: -12 SNR: 13
17:00:51.447 > [834607][V][LoraMesher.cpp:647] processPackets(): [LoRaMesher] Size of Received Packets Queue: 1
17:00:51.455 > [834616][I][PacketQueueService.h:80] deleteQueuePacketAndPacket(): [LoRaMesher] Deleting packet
17:00:51.464 > [834624][I][PacketQueueService.h:83] deleteQueuePacketAndPacket(): [LoRaMesher] Deleting packet queue
17:00:51.473 > [834633][V][LoraMesher.cpp:658] processPackets(): [LoRaMesher] TESTING: Packet not for me, deleting it
17:00:51.482 > [834642][V][LoraMesher.cpp:641] processPackets(): [LoRaMesher] Stack space unused after entering the task: 2040
17:00:51.492 > [834652][V][LoraMesher.cpp:642] processPackets(): [LoRaMesher] Free heap: 336876
17:01:05.182 > [848343][V][LoraMesher.cpp:598] sendHelloPacket(): [LoRaMesher] Creating Routing Packet
17:01:05.189 > [848351][V][LoraMesher.cpp:599] sendHelloPacket(): [LoRaMesher] Stack space unused after entering the task: 2324
17:01:05.199 > [848361][V][LoraMesher.cpp:600] sendHelloPacket(): [LoRaMesher] Free heap: 336876
17:01:05.207 > [848368][V][PacketFactory.h:45] createPacket(): [LoRaMesher] Creating packet with 24 bytes
17:01:05.215 > [848376][I][PacketFactory.h:74] createPacket(): [LoRaMesher] Packet created with 24 bytes
17:01:05.223 > [848384][I][LoraMesher.h:659] setPackedForSend(): [LoRaMesher] Adding packet to Q_SP
17:01:05.231 > [848392][I][LoraMesher.h:661] setPackedForSend(): [LoRaMesher] Created packet to Q_SP
17:01:05.239 > [848399][I][LoraMesher.cpp:1051] addToSendOrderedAndNotify(): [LoRaMesher] Added packet to Q_SP, notifying sender task
17:01:05.249 > [848410][V][LoraMesher.cpp:511] sendPackets(): [LoRaMesher] Stack space unused after entering the task: 1972
17:01:05.259 > [848420][V][LoraMesher.cpp:512] sendPackets(): [LoRaMesher] Free heap: 336776
17:01:05.266 > [848427][V][LoraMesher.cpp:518] sendPackets(): [LoRaMesher] Size of Send Packets Queue: 1
17:01:05.274 > [848435][V][LoraMesher.cpp:525] sendPackets(): [LoRaMesher] Send n. 49
17:01:05.279 > [848441][V][LoraMesher.cpp:455] waitBeforeSend(): [LoRaMesher] RandomDelay 984 ms
17:01:05.930 > [849091][V][LoraMesher.cpp:378] receivingRoutine(): [LoRaMesher] Stack space unused after entering the task: 2092
17:01:05.940 > [849102][V][LoraMesher.cpp:379] receivingRoutine(): [LoRaMesher] Free heap: 336804
17:01:05.948 > [849109][I][PacketService.cpp:12] createEmptyPacket(): [LoRaMesher] Packet created with 24 bytes
17:01:05.957 > [849118][I][LoraMesher.cpp:392] receivingRoutine(): [LoRaMesher] Receiving LoRa packet: Size: 24 bytes RSSI: -12 SNR: 13
17:01:05.968 > [849129][V][LoraMesher.cpp:647] processPackets(): [LoRaMesher] Size of Received Packets Queue: 1
17:01:05.976 > [849138][V][LoraMesher.cpp:754] printHeaderPacket(): [LoRaMesher] Packet received -- Size: 24 Src: DE6C Dst: FFFF Id: 7 Type: 4 Via: 0 Seq_Id: 0 Num: 0
17:01:05.990 > [849151][I][RoutingTableService.cpp:77] processRoute(): [LoRaMesher] Route packet from DE6C with size 4
17:01:06.000 > [849160][I][RoutingTableService.cpp:99] resetReceiveSNRRoutePacket(): [LoRaMesher] Reset Receive SNR from DE6C: 13
17:01:06.009 > [849171][I][RoutingTableService.cpp:192] printRoutingTable(): [LoRaMesher] Current routing table:
17:01:06.018 > [849179][I][RoutingTableService.cpp:206] printRoutingTable(): [LoRaMesher] 0 - DE6C via DE6C metric 1 Role 0
17:01:06.027 > [849189][I][RoutingTableService.cpp:206] printRoutingTable(): [LoRaMesher] 1 - AFC0 via DE6C metric 2 Role 0
17:01:06.037 > [849199][I][RoutingTableService.cpp:206] printRoutingTable(): [LoRaMesher] 2 - F02C via DE6C metric 3 Role 0
17:01:06.047 > [849208][I][RoutingTableService.cpp:206] printRoutingTable(): [LoRaMesher] 3 - D110 via DE6C metric 4 Role 1
17:01:06.056 > [849218][I][PacketQueueService.h:80] deleteQueuePacketAndPacket(): [LoRaMesher] Deleting packet
17:01:06.065 > [849226][I][PacketQueueService.h:83] deleteQueuePacketAndPacket(): [LoRaMesher] Deleting packet queue
17:01:06.074 > [849235][V][LoraMesher.cpp:641] processPackets(): [LoRaMesher] Stack space unused after entering the task: 2040
17:01:06.084 > [849245][V][LoraMesher.cpp:642] processPackets(): [LoRaMesher] Free heap: 336804
17:01:06.277 > [849438][V][LoraMesher.cpp:462] waitBeforeSend(): [LoRaMesher] Preamble detected while waiting 1
17:01:06.286 > [849447][V][LoraMesher.cpp:455] waitBeforeSend(): [LoRaMesher] RandomDelay 891 ms
17:01:06.745 > [849906][V][LoraMesher.cpp:378] receivingRoutine(): [LoRaMesher] Stack space unused after entering the task: 2092
17:01:06.755 > [849916][V][LoraMesher.cpp:379] receivingRoutine(): [LoRaMesher] Free heap: 336804
17:01:06.763 > [849924][I][PacketService.cpp:12] createEmptyPacket(): [LoRaMesher] Packet created with 24 bytes
17:01:06.771 > [849932][I][LoraMesher.cpp:392] receivingRoutine(): [LoRaMesher] Receiving LoRa packet: Size: 24 bytes RSSI: -63 SNR: 9
17:01:06.782 > [849943][V][LoraMesher.cpp:647] processPackets(): [LoRaMesher] Size of Received Packets Queue: 1
17:01:06.790 > [849952][I][PacketQueueService.h:80] deleteQueuePacketAndPacket(): [LoRaMesher] Deleting packet
17:01:06.800 > [849961][I][PacketQueueService.h:83] deleteQueuePacketAndPacket(): [LoRaMesher] Deleting packet queue
17:01:06.809 > [849970][V][LoraMesher.cpp:658] processPackets(): [LoRaMesher] TESTING: Packet not for me, deleting it
17:01:06.817 > [849979][V][LoraMesher.cpp:641] processPackets(): [LoRaMesher] Stack space unused after entering the task: 2040
17:01:06.827 > [849989][V][LoraMesher.cpp:642] processPackets(): [LoRaMesher] Free heap: 336804
17:01:07.190 > [850351][V][LoraMesher.cpp:462] waitBeforeSend(): [LoRaMesher] Preamble detected while waiting 2
17:01:07.198 > [850360][V][LoraMesher.cpp:455] waitBeforeSend(): [LoRaMesher] RandomDelay 841 ms
17:01:07.812 > [850974][V][LoraMesher.cpp:378] receivingRoutine(): [LoRaMesher] Stack space unused after entering the task: 2092
17:01:07.823 > [850984][V][LoraMesher.cpp:379] receivingRoutine(): [LoRaMesher] Free heap: 336804
17:01:07.830 > [850991][I][PacketService.cpp:12] createEmptyPacket(): [LoRaMesher] Packet created with 24 bytes
17:01:07.838 > [851000][I][LoraMesher.cpp:392] receivingRoutine(): [LoRaMesher] Receiving LoRa packet: Size: 24 bytes RSSI: -18 SNR: 13
17:01:07.850 > [851011][V][LoraMesher.cpp:647] processPackets(): [LoRaMesher] Size of Received Packets Queue: 1
17:01:07.858 > [851020][I][PacketQueueService.h:80] deleteQueuePacketAndPacket(): [LoRaMesher] Deleting packet
17:01:07.868 > [851028][I][PacketQueueService.h:83] deleteQueuePacketAndPacket(): [LoRaMesher] Deleting packet queue
17:01:07.877 > [851037][V][LoraMesher.cpp:658] processPackets(): [LoRaMesher] TESTING: Packet not for me, deleting it
17:01:07.885 > [851047][V][LoraMesher.cpp:641] processPackets(): [LoRaMesher] Stack space unused after entering the task: 2040
17:01:07.895 > [851056][V][LoraMesher.cpp:642] processPackets(): [LoRaMesher] Free heap: 336804
17:01:08.006 > Send packet 42
17:01:08.007 > Sending packet to D110
17:01:08.009 > [851168][V][LoraMesher.h:250] createPacketAndSend(): [LoRaMesher] Creating a packet for send with 8 bytes
17:01:08.018 > [851180][V][PacketFactory.h:45] createPacket(): [LoRaMesher] Creating packet with 17 bytes
17:01:08.027 > [851188][I][PacketFactory.h:74] createPacket(): [LoRaMesher] Packet created with 17 bytes
17:01:08.034 > [851196][I][LoraMesher.h:659] setPackedForSend(): [LoRaMesher] Adding packet to Q_SP
17:01:08.042 > [851204][I][LoraMesher.h:661] setPackedForSend(): [LoRaMesher] Created packet to Q_SP
17:01:08.053 > [851214][V][LoraMesher.cpp:462] waitBeforeSend(): [LoRaMesher] Preamble detected while waiting 3
17:01:08.062 > [851223][V][LoraMesher.cpp:455] waitBeforeSend(): [LoRaMesher] RandomDelay 1121 ms
17:01:08.070 > [851230][I][LoraMesher.cpp:1051] addToSendOrderedAndNotify(): [LoRaMesher] Added packet to Q_SP, notifying sender task
17:01:09.190 > [852352][V][LoraMesher.cpp:754] printHeaderPacket(): [LoRaMesher] Packet send -- Size: 24 Src: B3F0 Dst: FFFF Id: 49 Type: 4 Via: 0 Seq_Id: 0 Num: 0
17:01:09.294 > [852456][V][LoraMesher.cpp:575] sendPackets(): [LoRaMesher] TimeOnAir 78 ms, next message in 0 ms
17:01:09.304 > [852464][I][PacketQueueService.h:80] deleteQueuePacketAndPacket(): [LoRaMesher] Deleting packet
17:01:09.311 > [852473][I][PacketQueueService.h:83] deleteQueuePacketAndPacket(): [LoRaMesher] Deleting packet queue
17:01:09.320 > [852482][V][LoraMesher.cpp:518] sendPackets(): [LoRaMesher] Size of Send Packets Queue: 1
17:01:09.328 > [852490][V][LoraMesher.cpp:525] sendPackets(): [LoRaMesher] Send n. 50
17:01:09.335 > [852496][V][LoraMesher.cpp:455] waitBeforeSend(): [LoRaMesher] RandomDelay 790 ms
17:01:10.132 > [853294][V][LoraMesher.cpp:754] printHeaderPacket(): [LoRaMesher] Packet send -- Size: 17 Src: B3F0 Dst: D110 Id: 50 Type: 2 Via: DE6C Seq_Id: 0 Num: 0
17:01:10.222 > [853384][V][LoraMesher.cpp:575] sendPackets(): [LoRaMesher] TimeOnAir 63 ms, next message in 0 ms
17:01:10.231 > [853392][I][PacketQueueService.h:80] deleteQueuePacketAndPacket(): [LoRaMesher] Deleting packet
17:01:10.239 > [853401][I][PacketQueueService.h:83] deleteQueuePacketAndPacket(): [LoRaMesher] Deleting packet queue
17:01:11.030 > [854192][V][LoraMesher.cpp:378] receivingRoutine(): [LoRaMesher] Stack space unused after entering the task: 2092
17:01:11.041 > [854202][V][LoraMesher.cpp:379] receivingRoutine(): [LoRaMesher] Free heap: 336876
17:01:11.047 > [854209][I][PacketService.cpp:12] createEmptyPacket(): [LoRaMesher] Packet created with 24 bytes
17:01:11.057 > [854218][I][LoraMesher.cpp:392] receivingRoutine(): [LoRaMesher] Receiving LoRa packet: Size: 24 bytes RSSI: -12 SNR: 13
17:01:11.068 > [854229][V][LoraMesher.cpp:647] processPackets(): [LoRaMesher] Size of Received Packets Queue: 1
17:01:11.076 > [854238][I][PacketQueueService.h:80] deleteQueuePacketAndPacket(): [LoRaMesher] Deleting packet
17:01:11.085 > [854246][I][PacketQueueService.h:83] deleteQueuePacketAndPacket(): [LoRaMesher] Deleting packet queue
17:01:11.095 > [854255][V][LoraMesher.cpp:658] processPackets(): [LoRaMesher] TESTING: Packet not for me, deleting it
17:01:11.103 > [854265][V][LoraMesher.cpp:641] processPackets(): [LoRaMesher] Stack space unused after entering the task: 2040
17:01:11.113 > [854274][V][LoraMesher.cpp:642] processPackets(): [LoRaMesher] Free heap: 336876
17:01:11.788 > [854950][V][LoraMesher.cpp:378] receivingRoutine(): [LoRaMesher] Stack space unused after entering the task: 2092
17:01:11.798 > [854960][V][LoraMesher.cpp:379] receivingRoutine(): [LoRaMesher] Free heap: 336876
17:01:11.806 > [854967][I][PacketService.cpp:12] createEmptyPacket(): [LoRaMesher] Packet created with 17 bytes
17:01:11.814 > [854976][I][LoraMesher.cpp:392] receivingRoutine(): [LoRaMesher] Receiving LoRa packet: Size: 17 bytes RSSI: -12 SNR: 13
17:01:11.825 > [854987][V][LoraMesher.cpp:647] processPackets(): [LoRaMesher] Size of Received Packets Queue: 1
17:01:11.834 > [854996][I][PacketQueueService.h:80] deleteQueuePacketAndPacket(): [LoRaMesher] Deleting packet
17:01:11.842 > [855004][I][PacketQueueService.h:83] deleteQueuePacketAndPacket(): [LoRaMesher] Deleting packet queue
17:01:11.851 > [855013][V][LoraMesher.cpp:658] processPackets(): [LoRaMesher] TESTING: Packet not for me, deleting it
17:01:11.861 > [855022][V][LoraMesher.cpp:641] processPackets(): [LoRaMesher] Stack space unused after entering the task: 2040
17:01:11.870 > [855032][V][LoraMesher.cpp:642] processPackets(): [LoRaMesher] Free heap: 336876
17:01:13.074 > [856236][V][LoraMesher.cpp:378] receivingRoutine(): [LoRaMesher] Stack space unused after entering the task: 2092
17:01:13.084 > [856246][V][LoraMesher.cpp:379] receivingRoutine(): [LoRaMesher] Free heap: 336876
17:01:13.092 > [856254][I][PacketService.cpp:12] createEmptyPacket(): [LoRaMesher] Packet created with 17 bytes
17:01:13.101 > [856262][I][LoraMesher.cpp:392] receivingRoutine(): [LoRaMesher] Receiving LoRa packet: Size: 17 bytes RSSI: -62 SNR: 10
17:01:13.112 > [856273][V][LoraMesher.cpp:647] processPackets(): [LoRaMesher] Size of Received Packets Queue: 1
17:01:13.120 > [856282][I][PacketQueueService.h:80] deleteQueuePacketAndPacket(): [LoRaMesher] Deleting packet
17:01:13.129 > [856291][I][PacketQueueService.h:83] deleteQueuePacketAndPacket(): [LoRaMesher] Deleting packet queue
17:01:13.138 > [856300][V][LoraMesher.cpp:658] processPackets(): [LoRaMesher] TESTING: Packet not for me, deleting it
17:01:13.147 > [856309][V][LoraMesher.cpp:641] processPackets(): [LoRaMesher] Stack space unused after entering the task: 2040
17:01:13.158 > [856319][V][LoraMesher.cpp:642] processPackets(): [LoRaMesher] Free heap: 336876
17:01:14.461 > [857623][V][LoraMesher.cpp:378] receivingRoutine(): [LoRaMesher] Stack space unused after entering the task: 2092
17:01:14.471 > [857633][V][LoraMesher.cpp:379] receivingRoutine(): [LoRaMesher] Free heap: 336876
17:01:14.478 > [857640][I][PacketService.cpp:12] createEmptyPacket(): [LoRaMesher] Packet created with 17 bytes
17:01:14.487 > [857649][I][LoraMesher.cpp:392] receivingRoutine(): [LoRaMesher] Receiving LoRa packet: Size: 17 bytes RSSI: -12 SNR: 13
17:01:14.498 > [857660][V][LoraMesher.cpp:647] processPackets(): [LoRaMesher] Size of Received Packets Queue: 1
17:01:14.507 > [857669][I][PacketQueueService.h:80] deleteQueuePacketAndPacket(): [LoRaMesher] Deleting packet
17:01:14.515 > [857677][I][PacketQueueService.h:83] deleteQueuePacketAndPacket(): [LoRaMesher] Deleting packet queue
17:01:14.524 > [857686][V][LoraMesher.cpp:658] processPackets(): [LoRaMesher] TESTING: Packet not for me, deleting it
17:01:14.534 > [857695][V][LoraMesher.cpp:641] processPackets(): [LoRaMesher] Stack space unused after entering the task: 2040
17:01:14.543 > [857705][V][LoraMesher.cpp:642] processPackets(): [LoRaMesher] Free heap: 336876
17:01:28.079 > Send packet 43
17:01:28.080 > Sending packet to D110
17:01:28.082 > [871241][V][LoraMesher.h:250] createPacketAndSend(): [LoRaMesher] Creating a packet for send with 8 bytes
17:01:28.091 > [871253][V][PacketFactory.h:45] createPacket(): [LoRaMesher] Creating packet with 17 bytes
17:01:28.099 > [871261][I][PacketFactory.h:74] createPacket(): [LoRaMesher] Packet created with 17 bytes
17:01:28.107 > [871269][I][LoraMesher.h:659] setPackedForSend(): [LoRaMesher] Adding packet to Q_SP
17:01:28.115 > [871277][I][LoraMesher.h:661] setPackedForSend(): [LoRaMesher] Created packet to Q_SP
17:01:28.122 > [871284][I][LoraMesher.cpp:1051] addToSendOrderedAndNotify(): [LoRaMesher] Added packet to Q_SP, notifying sender task
17:01:28.133 > [871295][V][LoraMesher.cpp:511] sendPackets(): [LoRaMesher] Stack space unused after entering the task: 1972
17:01:28.142 > [871305][V][LoraMesher.cpp:512] sendPackets(): [LoRaMesher] Free heap: 336780
17:01:28.149 > [871312][V][LoraMesher.cpp:518] sendPackets(): [LoRaMesher] Size of Send Packets Queue: 1
17:01:28.157 > [871319][V][LoraMesher.cpp:525] sendPackets(): [LoRaMesher] Send n. 51
17:01:28.164 > [871326][V][LoraMesher.cpp:455] waitBeforeSend(): [LoRaMesher] RandomDelay 588 ms
17:01:28.760 > [871922][V][LoraMesher.cpp:754] printHeaderPacket(): [LoRaMesher] Packet send -- Size: 17 Src: B3F0 Dst: D110 Id: 51 Type: 2 Via: DE6C Seq_Id: 0 Num: 0
17:01:28.849 > [872012][V][LoraMesher.cpp:575] sendPackets(): [LoRaMesher] TimeOnAir 63 ms, next message in 0 ms
17:01:28.858 > [872020][I][PacketQueueService.h:80] deleteQueuePacketAndPacket(): [LoRaMesher] Deleting packet
17:01:28.867 > [872029][I][PacketQueueService.h:83] deleteQueuePacketAndPacket(): [LoRaMesher] Deleting packet queue
17:01:29.762 > [872924][V][LoraMesher.cpp:378] receivingRoutine(): [LoRaMesher] Stack space unused after entering the task: 2092
17:01:29.772 > [872934][V][LoraMesher.cpp:379] receivingRoutine(): [LoRaMesher] Free heap: 336876
17:01:29.780 > [872942][I][PacketService.cpp:12] createEmptyPacket(): [LoRaMesher] Packet created with 17 bytes
17:01:29.788 > [872951][I][LoraMesher.cpp:392] receivingRoutine(): [LoRaMesher] Receiving LoRa packet: Size: 17 bytes RSSI: -11 SNR: 12
17:01:29.800 > [872962][V][LoraMesher.cpp:647] processPackets(): [LoRaMesher] Size of Received Packets Queue: 1
17:01:29.808 > [872970][I][PacketQueueService.h:80] deleteQueuePacketAndPacket(): [LoRaMesher] Deleting packet
17:01:29.817 > [872979][I][PacketQueueService.h:83] deleteQueuePacketAndPacket(): [LoRaMesher] Deleting packet queue
17:01:29.826 > [872988][V][LoraMesher.cpp:658] processPackets(): [LoRaMesher] TESTING: Packet not for me, deleting it
17:01:29.835 > [872997][V][LoraMesher.cpp:641] processPackets(): [LoRaMesher] Stack space unused after entering the task: 2040
17:01:29.845 > [873007][V][LoraMesher.cpp:642] processPackets(): [LoRaMesher] Free heap: 336876
17:01:31.046 > [874209][V][LoraMesher.cpp:378] receivingRoutine(): [LoRaMesher] Stack space unused after entering the task: 2092
17:01:31.057 > [874219][V][LoraMesher.cpp:379] receivingRoutine(): [LoRaMesher] Free heap: 336876
17:01:31.064 > [874227][I][PacketService.cpp:12] createEmptyPacket(): [LoRaMesher] Packet created with 17 bytes
17:01:31.073 > [874235][I][LoraMesher.cpp:392] receivingRoutine(): [LoRaMesher] Receiving LoRa packet: Size: 17 bytes RSSI: -62 SNR: 11
17:01:31.084 > [874246][V][LoraMesher.cpp:647] processPackets(): [LoRaMesher] Size of Received Packets Queue: 1
17:01:31.093 > [874255][I][PacketQueueService.h:80] deleteQueuePacketAndPacket(): [LoRaMesher] Deleting packet
17:01:31.101 > [874264][I][PacketQueueService.h:83] deleteQueuePacketAndPacket(): [LoRaMesher] Deleting packet queue
17:01:31.110 > [874273][V][LoraMesher.cpp:658] processPackets(): [LoRaMesher] TESTING: Packet not for me, deleting it
17:01:31.120 > [874282][V][LoraMesher.cpp:641] processPackets(): [LoRaMesher] Stack space unused after entering the task: 2040
17:01:31.129 > [874292][V][LoraMesher.cpp:642] processPackets(): [LoRaMesher] Free heap: 336876
17:01:32.332 > [875495][V][LoraMesher.cpp:378] receivingRoutine(): [LoRaMesher] Stack space unused after entering the task: 2060
17:01:32.343 > [875505][V][LoraMesher.cpp:379] receivingRoutine(): [LoRaMesher] Free heap: 336876
17:01:32.350 > [875512][I][PacketService.cpp:12] createEmptyPacket(): [LoRaMesher] Packet created with 17 bytes
17:01:32.359 > [875521][I][LoraMesher.cpp:392] receivingRoutine(): [LoRaMesher] Receiving LoRa packet: Size: 17 bytes RSSI: -12 SNR: 12
17:01:32.370 > [875532][V][LoraMesher.cpp:647] processPackets(): [LoRaMesher] Size of Received Packets Queue: 1
17:01:32.379 > [875541][I][PacketQueueService.h:80] deleteQueuePacketAndPacket(): [LoRaMesher] Deleting packet
17:01:32.387 > [875549][I][PacketQueueService.h:83] deleteQueuePacketAndPacket(): [LoRaMesher] Deleting packet queue
17:01:32.396 > [875558][V][LoraMesher.cpp:658] processPackets(): [LoRaMesher] TESTING: Packet not for me, deleting it
17:01:32.405 > [875567][V][LoraMesher.cpp:641] processPackets(): [LoRaMesher] Stack space unused after entering the task: 2040
17:01:32.415 > [875577][V][LoraMesher.cpp:642] processPackets(): [LoRaMesher] Free heap: 336876
17:01:48.170 > Send packet 44
17:01:48.172 > Sending packet to D110
17:01:48.174 > [891334][V][LoraMesher.h:250] createPacketAndSend(): [LoRaMesher] Creating a packet for send with 8 bytes
17:01:48.184 > [891346][V][PacketFactory.h:45] createPacket(): [LoRaMesher] Creating packet with 17 bytes
17:01:48.192 > [891354][I][PacketFactory.h:74] createPacket(): [LoRaMesher] Packet created with 17 bytes
17:01:48.200 > [891362][I][LoraMesher.h:659] setPackedForSend(): [LoRaMesher] Adding packet to Q_SP
17:01:48.207 > [891370][I][LoraMesher.h:661] setPackedForSend(): [LoRaMesher] Created packet to Q_SP
17:01:48.215 > [891377][I][LoraMesher.cpp:1051] addToSendOrderedAndNotify(): [LoRaMesher] Added packet to Q_SP, notifying sender task
17:01:48.225 > [891388][V][LoraMesher.cpp:511] sendPackets(): [LoRaMesher] Stack space unused after entering the task: 1972
17:01:48.235 > [891398][V][LoraMesher.cpp:512] sendPackets(): [LoRaMesher] Free heap: 336780
17:01:48.242 > [891405][V][LoraMesher.cpp:518] sendPackets(): [LoRaMesher] Size of Send Packets Queue: 1
17:01:48.250 > [891412][V][LoraMesher.cpp:525] sendPackets(): [LoRaMesher] Send n. 52
17:01:48.256 > [891419][V][LoraMesher.cpp:455] waitBeforeSend(): [LoRaMesher] RandomDelay 297 ms
17:01:48.561 > [891724][V][LoraMesher.cpp:754] printHeaderPacket(): [LoRaMesher] Packet send -- Size: 17 Src: B3F0 Dst: D110 Id: 52 Type: 2 Via: DE6C Seq_Id: 0 Num: 0
17:01:48.651 > [891814][V][LoraMesher.cpp:575] sendPackets(): [LoRaMesher] TimeOnAir 63 ms, next message in 0 ms
17:01:48.660 > [891822][I][PacketQueueService.h:80] deleteQueuePacketAndPacket(): [LoRaMesher] Deleting packet
17:01:48.668 > [891831][I][PacketQueueService.h:83] deleteQueuePacketAndPacket(): [LoRaMesher] Deleting packet queue
17:01:49.697 > [892860][V][LoraMesher.cpp:378] receivingRoutine(): [LoRaMesher] Stack space unused after entering the task: 2060
17:01:49.707 > [892870][V][LoraMesher.cpp:379] receivingRoutine(): [LoRaMesher] Free heap: 336876
17:01:49.715 > [892877][I][PacketService.cpp:12] createEmptyPacket(): [LoRaMesher] Packet created with 17 bytes
17:01:49.724 > [892886][I][LoraMesher.cpp:392] receivingRoutine(): [LoRaMesher] Receiving LoRa packet: Size: 17 bytes RSSI: -12 SNR: 12
17:01:49.735 > [892897][V][LoraMesher.cpp:647] processPackets(): [LoRaMesher] Size of Received Packets Queue: 1
17:01:49.743 > [892906][I][PacketQueueService.h:80] deleteQueuePacketAndPacket(): [LoRaMesher] Deleting packet
17:01:49.752 > [892914][I][PacketQueueService.h:83] deleteQueuePacketAndPacket(): [LoRaMesher] Deleting packet queue
17:01:49.761 > [892923][V][LoraMesher.cpp:658] processPackets(): [LoRaMesher] TESTING: Packet not for me, deleting it
17:01:49.770 > [892933][V][LoraMesher.cpp:641] processPackets(): [LoRaMesher] Stack space unused after entering the task: 2040
17:01:49.780 > [892943][V][LoraMesher.cpp:642] processPackets(): [LoRaMesher] Free heap: 336876
17:01:50.373 > [893536][V][LoraMesher.cpp:378] receivingRoutine(): [LoRaMesher] Stack space unused after entering the task: 2060
17:01:50.383 > [893546][V][LoraMesher.cpp:379] receivingRoutine(): [LoRaMesher] Free heap: 336876
17:01:50.391 > [893554][I][PacketService.cpp:12] createEmptyPacket(): [LoRaMesher] Packet created with 17 bytes
17:01:50.400 > [893562][I][LoraMesher.cpp:392] receivingRoutine(): [LoRaMesher] Receiving LoRa packet: Size: 17 bytes RSSI: -62 SNR: 10
17:01:50.411 > [893573][V][LoraMesher.cpp:647] processPackets(): [LoRaMesher] Size of Received Packets Queue: 1
17:01:50.420 > [893582][I][PacketQueueService.h:80] deleteQueuePacketAndPacket(): [LoRaMesher] Deleting packet
17:01:50.428 > [893591][I][PacketQueueService.h:83] deleteQueuePacketAndPacket(): [LoRaMesher] Deleting packet queue
17:01:50.437 > [893600][V][LoraMesher.cpp:658] processPackets(): [LoRaMesher] TESTING: Packet not for me, deleting it
17:01:50.446 > [893609][V][LoraMesher.cpp:641] processPackets(): [LoRaMesher] Stack space unused after entering the task: 2040
17:01:50.456 > [893619][V][LoraMesher.cpp:642] processPackets(): [LoRaMesher] Free heap: 336876
17:01:51.502 > [894665][V][LoraMesher.cpp:378] receivingRoutine(): [LoRaMesher] Stack space unused after entering the task: 2060
17:01:51.512 > [894675][V][LoraMesher.cpp:379] receivingRoutine(): [LoRaMesher] Free heap: 336876
17:01:51.520 > [894682][I][PacketService.cpp:12] createEmptyPacket(): [LoRaMesher] Packet created with 17 bytes
17:01:51.528 > [894691][I][LoraMesher.cpp:392] receivingRoutine(): [LoRaMesher] Receiving LoRa packet: Size: 17 bytes RSSI: -13 SNR: 13
17:01:51.540 > [894702][V][LoraMesher.cpp:647] processPackets(): [LoRaMesher] Size of Received Packets Queue: 1
17:01:51.548 > [894711][I][PacketQueueService.h:80] deleteQueuePacketAndPacket(): [LoRaMesher] Deleting packet
17:01:51.557 > [894719][I][PacketQueueService.h:83] deleteQueuePacketAndPacket(): [LoRaMesher] Deleting packet queue
17:01:51.566 > [894728][V][LoraMesher.cpp:658] processPackets(): [LoRaMesher] TESTING: Packet not for me, deleting it
17:01:51.575 > [894737][V][LoraMesher.cpp:641] processPackets(): [LoRaMesher] Stack space unused after entering the task: 2040
17:01:51.585 > [894747][V][LoraMesher.cpp:642] processPackets(): [LoRaMesher] Free heap: 336876
17:02:08.263 > Send packet 45
17:02:08.265 > Sending packet to D110
17:02:08.267 > [911427][V][LoraMesher.h:250] createPacketAndSend(): [LoRaMesher] Creating a packet for send with 8 bytes
17:02:08.276 > [911439][V][PacketFactory.h:45] createPacket(): [LoRaMesher] Creating packet with 17 bytes
17:02:08.284 > [911447][I][PacketFactory.h:74] createPacket(): [LoRaMesher] Packet created with 17 bytes
17:02:08.292 > [911455][I][LoraMesher.h:659] setPackedForSend(): [LoRaMesher] Adding packet to Q_SP
17:02:08.300 > [911463][I][LoraMesher.h:661] setPackedForSend(): [LoRaMesher] Created packet to Q_SP
17:02:08.307 > [911470][I][LoraMesher.cpp:1051] addToSendOrderedAndNotify(): [LoRaMesher] Added packet to Q_SP, notifying sender task
17:02:08.318 > [911481][V][LoraMesher.cpp:511] sendPackets(): [LoRaMesher] Stack space unused after entering the task: 1972
17:02:08.328 > [911491][V][LoraMesher.cpp:512] sendPackets(): [LoRaMesher] Free heap: 336780
17:02:08.335 > [911498][V][LoraMesher.cpp:518] sendPackets(): [LoRaMesher] Size of Send Packets Queue: 1
17:02:08.343 > [911505][V][LoraMesher.cpp:525] sendPackets(): [LoRaMesher] Send n. 53
17:02:08.349 > [911512][V][LoraMesher.cpp:455] waitBeforeSend(): [LoRaMesher] RandomDelay 875 ms
17:02:09.231 > [912395][V][LoraMesher.cpp:754] printHeaderPacket(): [LoRaMesher] Packet send -- Size: 17 Src: B3F0 Dst: D110 Id: 53 Type: 2 Via: DE6C Seq_Id: 0 Num: 0
17:02:09.321 > [912485][V][LoraMesher.cpp:575] sendPackets(): [LoRaMesher] TimeOnAir 63 ms, next message in 0 ms
17:02:09.330 > [912493][I][PacketQueueService.h:80] deleteQueuePacketAndPacket(): [LoRaMesher] Deleting packet
17:02:09.339 > [912502][I][PacketQueueService.h:83] deleteQueuePacketAndPacket(): [LoRaMesher] Deleting packet queue
17:02:10.670 > [913833][V][LoraMesher.cpp:378] receivingRoutine(): [LoRaMesher] Stack space unused after entering the task: 2060
17:02:10.680 > [913843][V][LoraMesher.cpp:379] receivingRoutine(): [LoRaMesher] Free heap: 336876
17:02:10.688 > [913851][I][PacketService.cpp:12] createEmptyPacket(): [LoRaMesher] Packet created with 17 bytes
17:02:10.697 > [913860][I][LoraMesher.cpp:392] receivingRoutine(): [LoRaMesher] Receiving LoRa packet: Size: 17 bytes RSSI: -13 SNR: 12
17:02:10.708 > [913871][V][LoraMesher.cpp:647] processPackets(): [LoRaMesher] Size of Received Packets Queue: 1
17:02:10.717 > [913880][I][PacketQueueService.h:80] deleteQueuePacketAndPacket(): [LoRaMesher] Deleting packet
17:02:10.725 > [913888][I][PacketQueueService.h:83] deleteQueuePacketAndPacket(): [LoRaMesher] Deleting packet queue
17:02:10.734 > [913897][V][LoraMesher.cpp:658] processPackets(): [LoRaMesher] TESTING: Packet not for me, deleting it
17:02:10.743 > [913906][V][LoraMesher.cpp:641] processPackets(): [LoRaMesher] Stack space unused after entering the task: 2040
17:02:10.753 > [913916][V][LoraMesher.cpp:642] processPackets(): [LoRaMesher] Free heap: 336876
17:02:11.401 > [914564][V][LoraMesher.cpp:378] receivingRoutine(): [LoRaMesher] Stack space unused after entering the task: 2060
17:02:11.411 > [914574][V][LoraMesher.cpp:379] receivingRoutine(): [LoRaMesher] Free heap: 336876
17:02:11.418 > [914581][I][PacketService.cpp:12] createEmptyPacket(): [LoRaMesher] Packet created with 17 bytes
17:02:11.427 > [914590][I][LoraMesher.cpp:392] receivingRoutine(): [LoRaMesher] Receiving LoRa packet: Size: 17 bytes RSSI: -64 SNR: 9
17:02:11.438 > [914601][V][LoraMesher.cpp:647] processPackets(): [LoRaMesher] Size of Received Packets Queue: 1
17:02:11.447 > [914610][I][PacketQueueService.h:80] deleteQueuePacketAndPacket(): [LoRaMesher] Deleting packet
17:02:11.455 > [914618][I][PacketQueueService.h:83] deleteQueuePacketAndPacket(): [LoRaMesher] Deleting packet queue
17:02:11.464 > [914627][V][LoraMesher.cpp:658] processPackets(): [LoRaMesher] TESTING: Packet not for me, deleting it
17:02:11.474 > [914637][V][LoraMesher.cpp:641] processPackets(): [LoRaMesher] Stack space unused after entering the task: 2040
17:02:11.484 > [914647][V][LoraMesher.cpp:642] processPackets(): [LoRaMesher] Free heap: 336876
17:02:12.629 > [915793][V][LoraMesher.cpp:378] receivingRoutine(): [LoRaMesher] Stack space unused after entering the task: 2060
17:02:12.640 > [915803][V][LoraMesher.cpp:379] receivingRoutine(): [LoRaMesher] Free heap: 336876
17:02:12.647 > [915810][I][PacketService.cpp:12] createEmptyPacket(): [LoRaMesher] Packet created with 17 bytes
17:02:12.656 > [915819][I][LoraMesher.cpp:392] receivingRoutine(): [LoRaMesher] Receiving LoRa packet: Size: 17 bytes RSSI: -12 SNR: 12
17:02:12.667 > [915830][V][LoraMesher.cpp:647] processPackets(): [LoRaMesher] Size of Received Packets Queue: 1
17:02:12.676 > [915839][I][PacketQueueService.h:80] deleteQueuePacketAndPacket(): [LoRaMesher] Deleting packet
17:02:12.684 > [915847][I][PacketQueueService.h:83] deleteQueuePacketAndPacket(): [LoRaMesher] Deleting packet queue
17:02:12.693 > [915856][V][LoraMesher.cpp:658] processPackets(): [LoRaMesher] TESTING: Packet not for me, deleting it
17:02:12.703 > [915866][V][LoraMesher.cpp:641] processPackets(): [LoRaMesher] Stack space unused after entering the task: 2040
17:02:12.712 > [915875][V][LoraMesher.cpp:642] processPackets(): [LoRaMesher] Free heap: 336876
17:02:28.355 > Send packet 46
17:02:28.356 > Sending packet to D110
17:02:28.358 > [931520][V][LoraMesher.h:250] createPacketAndSend(): [LoRaMesher] Creating a packet for send with 8 bytes
17:02:28.368 > [931532][V][PacketFactory.h:45] createPacket(): [LoRaMesher] Creating packet with 17 bytes
17:02:28.376 > [931540][I][PacketFactory.h:74] createPacket(): [LoRaMesher] Packet created with 17 bytes
17:02:28.384 > [931548][I][LoraMesher.h:659] setPackedForSend(): [LoRaMesher] Adding packet to Q_SP
17:02:28.392 > [931556][I][LoraMesher.h:661] setPackedForSend(): [LoRaMesher] Created packet to Q_SP
17:02:28.399 > [931563][I][LoraMesher.cpp:1051] addToSendOrderedAndNotify(): [LoRaMesher] Added packet to Q_SP, notifying sender task
17:02:28.410 > [931574][V][LoraMesher.cpp:511] sendPackets(): [LoRaMesher] Stack space unused after entering the task: 1972
17:02:28.419 > [931584][V][LoraMesher.cpp:512] sendPackets(): [LoRaMesher] Free heap: 336780
17:02:28.427 > [931591][V][LoraMesher.cpp:518] sendPackets(): [LoRaMesher] Size of Send Packets Queue: 1
17:02:28.434 > [931598][V][LoraMesher.cpp:525] sendPackets(): [LoRaMesher] Send n. 54
17:02:28.440 > [931605][V][LoraMesher.cpp:455] waitBeforeSend(): [LoRaMesher] RandomDelay 1092 ms
17:02:29.540 > [932705][V][LoraMesher.cpp:754] printHeaderPacket(): [LoRaMesher] Packet send -- Size: 17 Src: B3F0 Dst: D110 Id: 54 Type: 2 Via: DE6C Seq_Id: 0 Num: 0
17:02:29.630 > [932795][V][LoraMesher.cpp:575] sendPackets(): [LoRaMesher] TimeOnAir 63 ms, next message in 0 ms
17:02:29.639 > [932803][I][PacketQueueService.h:80] deleteQueuePacketAndPacket(): [LoRaMesher] Deleting packet
17:02:29.647 > [932812][I][PacketQueueService.h:83] deleteQueuePacketAndPacket(): [LoRaMesher] Deleting packet queue
17:02:30.316 > [933480][V][LoraMesher.cpp:378] receivingRoutine(): [LoRaMesher] Stack space unused after entering the task: 2060
17:02:30.326 > [933490][V][LoraMesher.cpp:379] receivingRoutine(): [LoRaMesher] Free heap: 336876
17:02:30.334 > [933498][I][PacketService.cpp:12] createEmptyPacket(): [LoRaMesher] Packet created with 17 bytes
17:02:30.343 > [933506][I][LoraMesher.cpp:392] receivingRoutine(): [LoRaMesher] Receiving LoRa packet: Size: 17 bytes RSSI: -13 SNR: 12
17:02:30.353 > [933517][V][LoraMesher.cpp:647] processPackets(): [LoRaMesher] Size of Received Packets Queue: 1
17:02:30.363 > [933526][I][PacketQueueService.h:80] deleteQueuePacketAndPacket(): [LoRaMesher] Deleting packet
17:02:30.371 > [933535][I][PacketQueueService.h:83] deleteQueuePacketAndPacket(): [LoRaMesher] Deleting packet queue
17:02:30.379 > [933544][V][LoraMesher.cpp:658] processPackets(): [LoRaMesher] TESTING: Packet not for me, deleting it
17:02:30.388 > [933553][V][LoraMesher.cpp:641] processPackets(): [LoRaMesher] Stack space unused after entering the task: 2040
17:02:30.398 > [933563][V][LoraMesher.cpp:642] processPackets(): [LoRaMesher] Free heap: 336876
17:02:31.301 > [934466][V][LoraMesher.cpp:378] receivingRoutine(): [LoRaMesher] Stack space unused after entering the task: 2060
17:02:31.312 > [934476][V][LoraMesher.cpp:379] receivingRoutine(): [LoRaMesher] Free heap: 336876
17:02:31.319 > [934483][I][PacketService.cpp:12] createEmptyPacket(): [LoRaMesher] Packet created with 17 bytes
17:02:31.328 > [934492][I][LoraMesher.cpp:392] receivingRoutine(): [LoRaMesher] Receiving LoRa packet: Size: 17 bytes RSSI: -64 SNR: 9
17:02:31.339 > [934503][V][LoraMesher.cpp:647] processPackets(): [LoRaMesher] Size of Received Packets Queue: 1
17:02:31.348 > [934512][I][PacketQueueService.h:80] deleteQueuePacketAndPacket(): [LoRaMesher] Deleting packet
17:02:31.356 > [934520][I][PacketQueueService.h:83] deleteQueuePacketAndPacket(): [LoRaMesher] Deleting packet queue
17:02:31.365 > [934529][V][LoraMesher.cpp:658] processPackets(): [LoRaMesher] TESTING: Packet not for me, deleting it
17:02:31.374 > [934539][V][LoraMesher.cpp:641] processPackets(): [LoRaMesher] Stack space unused after entering the task: 2040
17:02:31.384 > [934549][V][LoraMesher.cpp:642] processPackets(): [LoRaMesher] Free heap: 336876
17:02:32.101 > [935266][V][LoraMesher.cpp:378] receivingRoutine(): [LoRaMesher] Stack space unused after entering the task: 2060
17:02:32.112 > [935276][V][LoraMesher.cpp:379] receivingRoutine(): [LoRaMesher] Free heap: 336876
17:02:32.120 > [935283][I][PacketService.cpp:12] createEmptyPacket(): [LoRaMesher] Packet created with 17 bytes
17:02:32.128 > [935292][I][LoraMesher.cpp:392] receivingRoutine(): [LoRaMesher] Receiving LoRa packet: Size: 17 bytes RSSI: -12 SNR: 11
17:02:32.139 > [935303][V][LoraMesher.cpp:647] processPackets(): [LoRaMesher] Size of Received Packets Queue: 1
17:02:32.148 > [935312][I][PacketQueueService.h:80] deleteQueuePacketAndPacket(): [LoRaMesher] Deleting packet
17:02:32.156 > [935320][I][PacketQueueService.h:83] deleteQueuePacketAndPacket(): [LoRaMesher] Deleting packet queue
17:02:32.165 > [935329][V][LoraMesher.cpp:658] processPackets(): [LoRaMesher] TESTING: Packet not for me, deleting it
17:02:32.174 > [935339][V][LoraMesher.cpp:641] processPackets(): [LoRaMesher] Stack space unused after entering the task: 2040
17:02:32.184 > [935349][V][LoraMesher.cpp:642] processPackets(): [LoRaMesher] Free heap: 336876
17:02:48.448 > Send packet 47
17:02:48.449 > Sending packet to D110
17:02:48.451 > [951613][V][LoraMesher.h:250] createPacketAndSend(): [LoRaMesher] Creating a packet for send with 8 bytes
17:02:48.460 > [951625][V][PacketFactory.h:45] createPacket(): [LoRaMesher] Creating packet with 17 bytes
17:02:48.468 > [951633][I][PacketFactory.h:74] createPacket(): [LoRaMesher] Packet created with 17 bytes
17:02:48.476 > [951641][I][LoraMesher.h:659] setPackedForSend(): [LoRaMesher] Adding packet to Q_SP
17:02:48.484 > [951649][I][LoraMesher.h:661] setPackedForSend(): [LoRaMesher] Created packet to Q_SP
17:02:48.492 > [951656][I][LoraMesher.cpp:1051] addToSendOrderedAndNotify(): [LoRaMesher] Added packet to Q_SP, notifying sender task
17:02:48.502 > [951667][V][LoraMesher.cpp:511] sendPackets(): [LoRaMesher] Stack space unused after entering the task: 1972
17:02:48.512 > [951677][V][LoraMesher.cpp:512] sendPackets(): [LoRaMesher] Free heap: 336780
17:02:48.519 > [951684][V][LoraMesher.cpp:518] sendPackets(): [LoRaMesher] Size of Send Packets Queue: 1
17:02:48.527 > [951691][V][LoraMesher.cpp:525] sendPackets(): [LoRaMesher] Send n. 55
17:02:48.533 > [951698][V][LoraMesher.cpp:455] waitBeforeSend(): [LoRaMesher] RandomDelay 613 ms
17:02:49.154 > [952319][V][LoraMesher.cpp:754] printHeaderPacket(): [LoRaMesher] Packet send -- Size: 17 Src: B3F0 Dst: D110 Id: 55 Type: 2 Via: DE6C Seq_Id: 0 Num: 0
17:02:49.244 > [952409][V][LoraMesher.cpp:575] sendPackets(): [LoRaMesher] TimeOnAir 63 ms, next message in 0 ms
17:02:49.253 > [952417][I][PacketQueueService.h:80] deleteQueuePacketAndPacket(): [LoRaMesher] Deleting packet
17:02:49.261 > [952426][I][PacketQueueService.h:83] deleteQueuePacketAndPacket(): [LoRaMesher] Deleting packet queue
17:02:49.791 > [952956][V][LoraMesher.cpp:378] receivingRoutine(): [LoRaMesher] Stack space unused after entering the task: 2060
17:02:49.802 > [952967][V][LoraMesher.cpp:379] receivingRoutine(): [LoRaMesher] Free heap: 336876
17:02:49.809 > [952974][I][PacketService.cpp:12] createEmptyPacket(): [LoRaMesher] Packet created with 17 bytes
17:02:49.818 > [952983][I][LoraMesher.cpp:392] receivingRoutine(): [LoRaMesher] Receiving LoRa packet: Size: 17 bytes RSSI: -12 SNR: 12
17:02:49.829 > [952994][V][LoraMesher.cpp:647] processPackets(): [LoRaMesher] Size of Received Packets Queue: 1
17:02:49.838 > [953003][I][PacketQueueService.h:80] deleteQueuePacketAndPacket(): [LoRaMesher] Deleting packet
17:02:49.846 > [953011][I][PacketQueueService.h:83] deleteQueuePacketAndPacket(): [LoRaMesher] Deleting packet queue
17:02:49.855 > [953020][V][LoraMesher.cpp:658] processPackets(): [LoRaMesher] TESTING: Packet not for me, deleting it
17:02:49.865 > [953029][V][LoraMesher.cpp:641] processPackets(): [LoRaMesher] Stack space unused after entering the task: 2040
17:02:49.875 > [953039][V][LoraMesher.cpp:642] processPackets(): [LoRaMesher] Free heap: 336876
17:02:50.793 > [953958][V][LoraMesher.cpp:378] receivingRoutine(): [LoRaMesher] Stack space unused after entering the task: 2060
17:02:50.803 > [953968][V][LoraMesher.cpp:379] receivingRoutine(): [LoRaMesher] Free heap: 336876
17:02:50.811 > [953975][I][PacketService.cpp:12] createEmptyPacket(): [LoRaMesher] Packet created with 17 bytes
17:02:50.819 > [953984][I][LoraMesher.cpp:392] receivingRoutine(): [LoRaMesher] Receiving LoRa packet: Size: 17 bytes RSSI: -62 SNR: 10
17:02:50.831 > [953995][V][LoraMesher.cpp:647] processPackets(): [LoRaMesher] Size of Received Packets Queue: 1
17:02:50.839 > [954004][I][PacketQueueService.h:80] deleteQueuePacketAndPacket(): [LoRaMesher] Deleting packet
17:02:50.849 > [954013][I][PacketQueueService.h:83] deleteQueuePacketAndPacket(): [LoRaMesher] Deleting packet queue
17:02:50.857 > [954022][V][LoraMesher.cpp:658] processPackets(): [LoRaMesher] TESTING: Packet not for me, deleting it
17:02:50.866 > [954031][V][LoraMesher.cpp:641] processPackets(): [LoRaMesher] Stack space unused after entering the task: 2040
17:02:50.876 > [954041][V][LoraMesher.cpp:642] processPackets(): [LoRaMesher] Free heap: 336876
17:02:51.816 > [954981][V][LoraMesher.cpp:378] receivingRoutine(): [LoRaMesher] Stack space unused after entering the task: 2060
17:02:51.826 > [954991][V][LoraMesher.cpp:379] receivingRoutine(): [LoRaMesher] Free heap: 336876
17:02:51.834 > [954998][I][PacketService.cpp:12] createEmptyPacket(): [LoRaMesher] Packet created with 17 bytes
17:02:51.842 > [955007][I][LoraMesher.cpp:392] receivingRoutine(): [LoRaMesher] Receiving LoRa packet: Size: 17 bytes RSSI: -13 SNR: 13
17:02:51.854 > [955018][V][LoraMesher.cpp:647] processPackets(): [LoRaMesher] Size of Received Packets Queue: 1
17:02:51.862 > [955027][I][PacketQueueService.h:80] deleteQueuePacketAndPacket(): [LoRaMesher] Deleting packet
17:02:51.871 > [955036][I][PacketQueueService.h:83] deleteQueuePacketAndPacket(): [LoRaMesher] Deleting packet queue
17:02:51.880 > [955045][V][LoraMesher.cpp:658] processPackets(): [LoRaMesher] TESTING: Packet not for me, deleting it
17:02:51.889 > [955054][V][LoraMesher.cpp:641] processPackets(): [LoRaMesher] Stack space unused after entering the task: 2040
17:02:51.899 > [955064][V][LoraMesher.cpp:642] processPackets(): [LoRaMesher] Free heap: 336876
17:03:05.243 > [968409][V][LoraMesher.cpp:598] sendHelloPacket(): [LoRaMesher] Creating Routing Packet
17:03:05.252 > [968417][V][LoraMesher.cpp:599] sendHelloPacket(): [LoRaMesher] Stack space unused after entering the task: 2324
17:03:05.262 > [968427][V][LoraMesher.cpp:600] sendHelloPacket(): [LoRaMesher] Free heap: 336876
17:03:05.269 > [968434][V][PacketFactory.h:45] createPacket(): [LoRaMesher] Creating packet with 24 bytes
17:03:05.277 > [968442][I][PacketFactory.h:74] createPacket(): [LoRaMesher] Packet created with 24 bytes
17:03:05.285 > [968450][I][LoraMesher.h:659] setPackedForSend(): [LoRaMesher] Adding packet to Q_SP
17:03:05.293 > [968458][I][LoraMesher.h:661] setPackedForSend(): [LoRaMesher] Created packet to Q_SP
17:03:05.300 > [968465][I][LoraMesher.cpp:1051] addToSendOrderedAndNotify(): [LoRaMesher] Added packet to Q_SP, notifying sender task
17:03:05.311 > [968476][V][LoraMesher.cpp:511] sendPackets(): [LoRaMesher] Stack space unused after entering the task: 1972
17:03:05.320 > [968486][V][LoraMesher.cpp:512] sendPackets(): [LoRaMesher] Free heap: 336776
17:03:05.327 > [968493][V][LoraMesher.cpp:518] sendPackets(): [LoRaMesher] Size of Send Packets Queue: 1
17:03:05.335 > [968501][V][LoraMesher.cpp:525] sendPackets(): [LoRaMesher] Send n. 56
17:03:05.342 > [968507][V][LoraMesher.cpp:455] waitBeforeSend(): [LoRaMesher] RandomDelay 653 ms
17:03:05.896 > [969061][V][LoraMesher.cpp:378] receivingRoutine(): [LoRaMesher] Stack space unused after entering the task: 2060
17:03:05.906 > [969071][V][LoraMesher.cpp:379] receivingRoutine(): [LoRaMesher] Free heap: 336804
17:03:05.914 > [969079][I][PacketService.cpp:12] createEmptyPacket(): [LoRaMesher] Packet created with 24 bytes
17:03:05.923 > [969088][I][LoraMesher.cpp:392] receivingRoutine(): [LoRaMesher] Receiving LoRa packet: Size: 24 bytes RSSI: -16 SNR: 13
17:03:05.934 > [969099][V][LoraMesher.cpp:647] processPackets(): [LoRaMesher] Size of Received Packets Queue: 1
17:03:05.943 > [969108][I][PacketQueueService.h:80] deleteQueuePacketAndPacket(): [LoRaMesher] Deleting packet
17:03:05.951 > [969116][I][PacketQueueService.h:83] deleteQueuePacketAndPacket(): [LoRaMesher] Deleting packet queue
17:03:05.960 > [969125][V][LoraMesher.cpp:658] processPackets(): [LoRaMesher] TESTING: Packet not for me, deleting it
17:03:05.969 > [969134][V][LoraMesher.cpp:641] processPackets(): [LoRaMesher] Stack space unused after entering the task: 2040
17:03:05.979 > [969144][V][LoraMesher.cpp:642] processPackets(): [LoRaMesher] Free heap: 336804
17:03:06.008 > [969173][V][LoraMesher.cpp:462] waitBeforeSend(): [LoRaMesher] Preamble detected while waiting 1
17:03:06.017 > [969182][V][LoraMesher.cpp:455] waitBeforeSend(): [LoRaMesher] RandomDelay 731 ms
17:03:06.753 > [969919][V][LoraMesher.cpp:378] receivingRoutine(): [LoRaMesher] Stack space unused after entering the task: 2060
17:03:06.764 > [969929][V][LoraMesher.cpp:379] receivingRoutine(): [LoRaMesher] Free heap: 336804
17:03:06.771 > [969936][I][PacketService.cpp:12] createEmptyPacket(): [LoRaMesher] Packet created with 24 bytes
17:03:06.780 > [969945][I][LoraMesher.cpp:392] receivingRoutine(): [LoRaMesher] Receiving LoRa packet: Size: 24 bytes RSSI: -63 SNR: 8
17:03:06.791 > [969956][V][LoraMesher.cpp:647] processPackets(): [LoRaMesher] Size of Received Packets Queue: 1
17:03:06.800 > [969965][I][PacketQueueService.h:80] deleteQueuePacketAndPacket(): [LoRaMesher] Deleting packet
17:03:06.808 > [969968][V][LoraMesher.cpp:462] waitBeforeSend(): [LoRaMesher] Preamble detected while waiting 2
17:03:06.817 > [969982][I][[9P6a9c9k8e2t]Q[uVe]u[eLSoraMesheerr.vcipcpe:.4h5:58]3 ]w adietlBeetfeoQrueeSueenPda(c)k:e t[ALnodRPaaMceksehte(r)]:  RaoRoMDehey 66elmt
17:03:06.830 > g packet queue
17:03:06.831 > [969996][V][LoraMesher.cpp:658] processPackets(): [LoRaMesher] TESTING: Packet not for me, deleting it
17:03:06.840 > [970006][V][LoraMesher.cpp:641] processPackets(): [LoRaMesher] Stack space unused after entering the task: 2040
17:03:06.850 > [970015][V][LoraMesher.cpp:642] processPackets(): [LoRaMesher] Free heap: 336804
17:03:07.495 > [970661][V][LoraMesher.cpp:754] printHeaderPacket(): [LoRaMesher] Packet send -- Size: 24 Src: B3F0 Dst: FFFF Id: 56 Type: 4 Via: 0 Seq_Id: 0 Num: 0
17:03:07.599 > [970765][V][LoraMesher.cpp:575] sendPackets(): [LoRaMesher] TimeOnAir 78 ms, next message in 0 ms
17:03:07.608 > [970773][I][PacketQueueService.h:80] deleteQueuePacketAndPacket(): [LoRaMesher] Deleting packet
17:03:07.617 > [970782][I][PacketQueueService.h:83] deleteQueuePacketAndPacket(): [LoRaMesher] Deleting packet queue
17:03:08.540 > Send packet 48
17:03:08.542 > Sending packet to D110
17:03:08.544 > [971706][V][LoraMesher.h:250] createPacketAndSend(): [LoRaMesher] Creating a packet for send with 8 bytes
17:03:08.553 > [971718][V][PacketFactory.h:45] createPacket(): [LoRaMesher] Creating packet with 17 bytes
17:03:08.561 > [971726][I][PacketFactory.h:74] createPacket(): [LoRaMesher] Packet created with 17 bytes
17:03:08.569 > [971734][I][LoraMesher.h:659] setPackedForSend(): [LoRaMesher] Adding packet to Q_SP
17:03:08.577 > [971742][I][LoraMesher.h:661] setPackedForSend(): [LoRaMesher] Created packet to Q_SP
17:03:08.584 > [971749][I][LoraMesher.cpp:1051] addToSendOrderedAndNotify(): [LoRaMesher] Added packet to Q_SP, notifying sender task
17:03:08.595 > [971760][V][LoraMesher.cpp:511] sendPackets(): [LoRaMesher] Stack space unused after entering the task: 1972
17:03:08.604 > [971770][V][LoraMesher.cpp:512] sendPackets(): [LoRaMesher] Free heap: 336780
17:03:08.611 > [971777][V][LoraMesher.cpp:518] sendPackets(): [LoRaMesher] Size of Send Packets Queue: 1
17:03:08.619 > [971784][V][LoraMesher.cpp:525] sendPackets(): [LoRaMesher] Send n. 57
17:03:08.626 > [971791][V][LoraMesher.cpp:455] waitBeforeSend(): [LoRaMesher] RandomDelay 941 ms
17:03:09.184 > [972350][V][LoraMesher.cpp:378] receivingRoutine(): [LoRaMesher] Stack space unused after entering the task: 2060
17:03:09.195 > [972360][V][LoraMesher.cpp:379] receivingRoutine(): [LoRaMesher] Free heap: 336812
17:03:09.202 > [972368][I][PacketService.cpp:12] createEmptyPacket(): [LoRaMesher] Packet created with 24 bytes
17:03:09.211 > [972376][I][LoraMesher.cpp:392] receivingRoutine(): [LoRaMesher] Receiving LoRa packet: Size: 24 bytes RSSI: -12 SNR: 13
17:03:09.223 > [972388][V][LoraMesher.cpp:647] processPackets(): [LoRaMesher] Size of Received Packets Queue: 1
17:03:09.231 > [972396][V][LoraMesher.cpp:754] printHeaderPacket(): [LoRaMesher] Packet received -- Size: 24 Src: DE6C Dst: FFFF Id: 8 Type: 4 Via: 0 Seq_Id: 0 Num: 0
17:03:09.245 > [972410][I][RoutingTableService.cpp:77] processRoute(): [LoRaMesher] Route packet from DE6C with size 4
17:03:09.254 > [972419][I][RoutingTableService.cpp:99] resetReceiveSNRRoutePacket(): [LoRaMesher] Reset Receive SNR from DE6C: 13
17:03:09.264 > [972429][I][RoutingTableService.cpp:192] printRoutingTable(): [LoRaMesher] Current routing table:
17:03:09.273 > [972438][I][RoutingTableService.cpp:206] printRoutingTable(): [LoRaMesher] 0 - DE6C via DE6C metric 1 Role 0
17:03:09.282 > [972448][I][RoutingTableService.cpp:206] printRoutingTable(): [LoRaMesher] 1 - AFC0 via DE6C metric 2 Role 0
17:03:09.292 > [972457][I][RoutingTableService.cpp:206] printRoutingTable(): [LoRaMesher] 2 - F02C via DE6C metric 3 Role 0
17:03:09.302 > [972467][I][RoutingTableService.cpp:206] printRoutingTable(): [LoRaMesher] 3 - D110 via DE6C metric 4 Role 1
17:03:09.311 > [972476][I][PacketQueueService.h:80] deleteQueuePacketAndPacket(): [LoRaMesher] Deleting packet
17:03:09.320 > [972485][I][PacketQueueService.h:83] deleteQueuePacketAndPacket(): [LoRaMesher] Deleting packet queue
17:03:09.329 > [972494][V][LoraMesher.cpp:641] processPackets(): [LoRaMesher] Stack space unused after entering the task: 2040
17:03:09.339 > [972504][V][LoraMesher.cpp:642] processPackets(): [LoRaMesher] Free heap: 336812
17:03:09.580 > [972745][V][LoraMesher.cpp:462] waitBeforeSend(): [LoRaMesher] Preamble detected while waiting 1
17:03:09.589 > [972754][V][LoraMesher.cpp:455] waitBeforeSend(): [LoRaMesher] RandomDelay 708 ms
17:03:10.304 > [973470][V][LoraMesher.cpp:754] printHeaderPacket(): [LoRaMesher] Packet send -- Size: 17 Src: B3F0 Dst: D110 Id: 57 Type: 2 Via: DE6C Seq_Id: 0 Num: 0
17:03:10.394 > [973560][V][LoraMesher.cpp:575] sendPackets(): [LoRaMesher] TimeOnAir 63 ms, next message in 0 ms
17:03:10.403 > [973568][I][PacketQueueService.h:80] deleteQueuePacketAndPacket(): [LoRaMesher] Deleting packet
17:03:10.412 > [973577][I][PacketQueueService.h:83] deleteQueuePacketAndPacket(): [LoRaMesher] Deleting packet queue
17:03:11.743 > [974909][V][LoraMesher.cpp:378] receivingRoutine(): [LoRaMesher] Stack space unused after entering the task: 2060
17:03:11.754 > [974919][V][LoraMesher.cpp:379] receivingRoutine(): [LoRaMesher] Free heap: 336876
17:03:11.762 > [974927][I][PacketService.cpp:12] createEmptyPacket(): [LoRaMesher] Packet created with 17 bytes
17:03:11.770 > [974936][I][LoraMesher.cpp:392] receivingRoutine(): [LoRaMesher] Receiving LoRa packet: Size: 17 bytes RSSI: -12 SNR: 13
17:03:11.782 > [974947][V][LoraMesher.cpp:647] processPackets(): [LoRaMesher] Size of Received Packets Queue: 1
17:03:11.790 > [974955][I][PacketQueueService.h:80] deleteQueuePacketAndPacket(): [LoRaMesher] Deleting packet
17:03:11.799 > [974964][I][PacketQueueService.h:83] deleteQueuePacketAndPacket(): [LoRaMesher] Deleting packet queue
17:03:11.808 > [974973][V][LoraMesher.cpp:658] processPackets(): [LoRaMesher] TESTING: Packet not for me, deleting it
17:03:11.817 > [974982][V][LoraMesher.cpp:641] processPackets(): [LoRaMesher] Stack space unused after entering the task: 2040
17:03:11.827 > [974992][V][LoraMesher.cpp:642] processPackets(): [LoRaMesher] Free heap: 336876
17:03:12.513 > [975679][V][LoraMesher.cpp:378] receivingRoutine(): [LoRaMesher] Stack space unused after entering the task: 2060
17:03:12.524 > [975689][V][LoraMesher.cpp:379] receivingRoutine(): [LoRaMesher] Free heap: 336876
17:03:12.531 > [975697][I][PacketService.cpp:12] createEmptyPacket(): [LoRaMesher] Packet created with 24 bytes
17:03:12.540 > [975705][I][LoraMesher.cpp:392] receivingRoutine(): [LoRaMesher] Receiving LoRa packet: Size: 24 bytes RSSI: -13 SNR: 13
17:03:12.551 > [975716][V][LoraMesher.cpp:647] processPackets(): [LoRaMesher] Size of Received Packets Queue: 1
17:03:12.560 > [975725][I][PacketQueueService.h:80] deleteQueuePacketAndPacket(): [LoRaMesher] Deleting packet
17:03:12.568 > [975734][I][PacketQueueService.h:83] deleteQueuePacketAndPacket(): [LoRaMesher] Deleting packet queue
17:03:12.577 > [975743][V][LoraMesher.cpp:658] processPackets(): [LoRaMesher] TESTING: Packet not for me, deleting it
17:03:12.587 > [975752][V][LoraMesher.cpp:641] processPackets(): [LoRaMesher] Stack space unused after entering the task: 2040
17:03:12.596 > [975762][V][LoraMesher.cpp:642] processPackets(): [LoRaMesher] Free heap: 336876
17:03:14.285 > [977451][V][LoraMesher.cpp:378] receivingRoutine(): [LoRaMesher] Stack space unused after entering the task: 2060
17:03:14.296 > [977461][V][LoraMesher.cpp:379] receivingRoutine(): [LoRaMesher] Free heap: 336876
17:03:14.303 > [977468][I][PacketService.cpp:12] createEmptyPacket(): [LoRaMesher] Packet created with 17 bytes
17:03:14.312 > [977477][I][LoraMesher.cpp:392] receivingRoutine(): [LoRaMesher] Receiving LoRa packet: Size: 17 bytes RSSI: -63 SNR: 8
17:03:14.323 > [977488][V][LoraMesher.cpp:647] processPackets(): [LoRaMesher] Size of Received Packets Queue: 1
17:03:14.332 > [977497][I][PacketQueueService.h:80] deleteQueuePacketAndPacket(): [LoRaMesher] Deleting packet
17:03:14.340 > [977505][I][PacketQueueService.h:83] deleteQueuePacketAndPacket(): [LoRaMesher] Deleting packet queue
17:03:14.349 > [977514][V][LoraMesher.cpp:658] processPackets(): [LoRaMesher] TESTING: Packet not for me, deleting it
17:03:14.358 > [977523][V][LoraMesher.cpp:641] processPackets(): [LoRaMesher] Stack space unused after entering the task: 2040
17:03:14.368 > [977533][V][LoraMesher.cpp:642] processPackets(): [LoRaMesher] Free heap: 336876
17:03:15.453 > [978619][V][LoraMesher.cpp:378] receivingRoutine(): [LoRaMesher] Stack space unused after entering the task: 2060
17:03:15.464 > [978629][V][LoraMesher.cpp:379] receivingRoutine(): [LoRaMesher] Free heap: 336876
17:03:15.471 > [978637][I][PacketService.cpp:12] createEmptyPacket(): [LoRaMesher] Packet created with 17 bytes
17:03:15.480 > [978645][I][LoraMesher.cpp:392] receivingRoutine(): [LoRaMesher] Receiving LoRa packet: Size: 17 bytes RSSI: -12 SNR: 13
17:03:15.491 > [978656][V][LoraMesher.cpp:647] processPackets(): [LoRaMesher] Size of Received Packets Queue: 1
17:03:15.500 > [978665][I][PacketQueueService.h:80] deleteQueuePacketAndPacket(): [LoRaMesher] Deleting packet
17:03:15.508 > [978674][I][PacketQueueService.h:83] deleteQueuePacketAndPacket(): [LoRaMesher] Deleting packet queue
17:03:15.517 > [978683][V][LoraMesher.cpp:658] processPackets(): [LoRaMesher] TESTING: Packet not for me, deleting it
17:03:15.526 > [978692][V][LoraMesher.cpp:641] processPackets(): [LoRaMesher] Stack space unused after entering the task: 2040
17:03:15.536 > [978702][V][LoraMesher.cpp:642] processPackets(): [LoRaMesher] Free heap: 336876
17:03:28.632 > Send packet 49
17:03:28.634 > Sending packet to D110
17:03:28.636 > [991799][V][LoraMesher.h:250] createPacketAndSend(): [LoRaMesher] Creating a packet for send with 8 bytes
17:03:28.646 > [991811][V][PacketFactory.h:45] createPacket(): [LoRaMesher] Creating packet with 17 bytes
17:03:28.654 > [991819][I][PacketFactory.h:74] createPacket(): [LoRaMesher] Packet created with 17 bytes
17:03:28.662 > [991827][I][LoraMesher.h:659] setPackedForSend(): [LoRaMesher] Adding packet to Q_SP
17:03:28.669 > [991835][I][LoraMesher.h:661] setPackedForSend(): [LoRaMesher] Created packet to Q_SP
17:03:28.677 > [991842][I][LoraMesher.cpp:1051] addToSendOrderedAndNotify(): [LoRaMesher] Added packet to Q_SP, notifying sender task
17:03:28.687 > [991853][V][LoraMesher.cpp:511] sendPackets(): [LoRaMesher] Stack space unused after entering the task: 1972
17:03:28.697 > [991863][V][LoraMesher.cpp:512] sendPackets(): [LoRaMesher] Free heap: 336780
17:03:28.704 > [991870][V][LoraMesher.cpp:518] sendPackets(): [LoRaMesher] Size of Send Packets Queue: 1
17:03:28.712 > [991878][V][LoraMesher.cpp:525] sendPackets(): [LoRaMesher] Send n. 58
17:03:28.718 > [991884][V][LoraMesher.cpp:455] waitBeforeSend(): [LoRaMesher] RandomDelay 1091 ms
17:03:29.816 > [992983][V][LoraMesher.cpp:754] printHeaderPacket(): [LoRaMesher] Packet send -- Size: 17 Src: B3F0 Dst: D110 Id: 58 Type: 2 Via: DE6C Seq_Id: 0 Num: 0
17:03:29.906 > [993073][V][LoraMesher.cpp:575] sendPackets(): [LoRaMesher] TimeOnAir 63 ms, next message in 0 ms
17:03:29.916 > [993081][I][PacketQueueService.h:80] deleteQueuePacketAndPacket(): [LoRaMesher] Deleting packet
17:03:29.924 > [993090][I][PacketQueueService.h:83] deleteQueuePacketAndPacket(): [LoRaMesher] Deleting packet queue
17:03:31.121 > [994288][V][LoraMesher.cpp:378] receivingRoutine(): [LoRaMesher] Stack space unused after entering the task: 2060
17:03:31.132 > [994298][V][LoraMesher.cpp:379] receivingRoutine(): [LoRaMesher] Free heap: 336876
17:03:31.140 > [994305][I][PacketService.cpp:12] createEmptyPacket(): [LoRaMesher] Packet created with 17 bytes
17:03:31.148 > [994314][I][LoraMesher.cpp:392] receivingRoutine(): [LoRaMesher] Receiving LoRa packet: Size: 17 bytes RSSI: -13 SNR: 12
17:03:31.160 > [994325][V][LoraMesher.cpp:647] processPackets(): [LoRaMesher] Size of Received Packets Queue: 1
17:03:31.168 > [994334][I][PacketQueueService.h:80] deleteQueuePacketAndPacket(): [LoRaMesher] Deleting packet
17:03:31.177 > [994342][I][PacketQueueService.h:83] deleteQueuePacketAndPacket(): [LoRaMesher] Deleting packet queue
17:03:31.186 > [994351][V][LoraMesher.cpp:658] processPackets(): [LoRaMesher] TESTING: Packet not for me, deleting it
17:03:31.195 > [994361][V][LoraMesher.cpp:641] processPackets(): [LoRaMesher] Stack space unused after entering the task: 2040
17:03:31.205 > [994370][V][LoraMesher.cpp:642] processPackets(): [LoRaMesher] Free heap: 336876
17:03:32.472 > [995639][V][LoraMesher.cpp:378] receivingRoutine(): [LoRaMesher] Stack space unused after entering the task: 2060
17:03:32.483 > [995649][V][LoraMesher.cpp:379] receivingRoutine(): [LoRaMesher] Free heap: 336876
17:03:32.491 > [995656][I][PacketService.cpp:12] createEmptyPacket(): [LoRaMesher] Packet created with 17 bytes
17:03:32.500 > [995665][I][LoraMesher.cpp:392] receivingRoutine(): [LoRaMesher] Receiving LoRa packet: Size: 17 bytes RSSI: -64 SNR: 8
17:03:32.511 > [995676][V][LoraMesher.cpp:647] processPackets(): [LoRaMesher] Size of Received Packets Queue: 1
17:03:32.519 > [995685][I][PacketQueueService.h:80] deleteQueuePacketAndPacket(): [LoRaMesher] Deleting packet
17:03:32.528 > [995693][I][PacketQueueService.h:83] deleteQueuePacketAndPacket(): [LoRaMesher] Deleting packet queue
17:03:32.537 > [995702][V][LoraMesher.cpp:658] processPackets(): [LoRaMesher] TESTING: Packet not for me, deleting it
17:03:32.546 > [995711][V][LoraMesher.cpp:641] processPackets(): [LoRaMesher] Stack space unused after entering the task: 2040
17:03:32.556 > [995721][V][LoraMesher.cpp:642] processPackets(): [LoRaMesher] Free heap: 336876
17:03:33.200 > [996366][V][LoraMesher.cpp:378] receivingRoutine(): [LoRaMesher] Stack space unused after entering the task: 2060
17:03:33.210 > [996376][V][LoraMesher.cpp:379] receivingRoutine(): [LoRaMesher] Free heap: 336876
17:03:33.218 > [996384][I][PacketService.cpp:12] createEmptyPacket(): [LoRaMesher] Packet created with 17 bytes
17:03:33.227 > [996392][I][LoraMesher.cpp:392] receivingRoutine(): [LoRaMesher] Receiving LoRa packet: Size: 17 bytes RSSI: -13 SNR: 13
17:03:33.238 > [996403][V][LoraMesher.cpp:647] processPackets(): [LoRaMesher] Size of Received Packets Queue: 1
17:03:33.246 > [996412][I][PacketQueueService.h:80] deleteQueuePacketAndPacket(): [LoRaMesher] Deleting packet
17:03:33.255 > [996421][I][PacketQueueService.h:83] deleteQueuePacketAndPacket(): [LoRaMesher] Deleting packet queue
17:03:33.264 > [996430][V][LoraMesher.cpp:658] processPackets(): [LoRaMesher] TESTING: Packet not for me, deleting it
17:03:33.273 > [996439][V][LoraMesher.cpp:641] processPackets(): [LoRaMesher] Stack space unused after entering the task: 2040
17:03:33.283 > [996449][V][LoraMesher.cpp:642] processPackets(): [LoRaMesher] Free heap: 336876
17:03:48.725 > Send packet 50
17:03:48.726 > Sending packet to D110
17:03:48.728 > [1011892][V][LoraMesher.h:250] createPacketAndSend(): [LoRaMesher] Creating a packet for send with 8 bytes
17:03:48.738 > [1011904][V][PacketFactory.h:45] createPacket(): [LoRaMesher] Creating packet with 17 bytes
17:03:48.745 > [1011912][I][PacketFactory.h:74] createPacket(): [LoRaMesher] Packet created with 17 bytes
17:03:48.754 > [1011920][I][LoraMesher.h:659] setPackedForSend(): [LoRaMesher] Adding packet to Q_SP
17:03:48.761 > [1011928][I][LoraMesher.h:661] setPackedForSend(): [LoRaMesher] Created packet to Q_SP
17:03:48.769 > [1011936][I][LoraMesher.cpp:1051] addToSendOrderedAndNotify(): [LoRaMesher] Added packet to Q_SP, notifying sender task
17:03:48.780 > [1011946][V][LoraMesher.cpp:511] sendPackets(): [LoRaMesher] Stack space unused after entering the task: 1972
17:03:48.790 > [1011956][V][LoraMesher.cpp:512] sendPackets(): [LoRaMesher] Free heap: 336780
17:03:48.797 > [1011963][V][LoraMesher.cpp:518] sendPackets(): [LoRaMesher] Size of Send Packets Queue: 1
17:03:48.804 > [1011971][V][LoraMesher.cpp:525] sendPackets(): [LoRaMesher] Send n. 59
17:03:48.811 > [1011978][V][LoraMesher.cpp:455] waitBeforeSend(): [LoRaMesher] RandomDelay 281 ms
17:03:49.100 > [1012267][V][LoraMesher.cpp:754] printHeaderPacket(): [LoRaMesher] Packet send -- Size: 17 Src: B3F0 Dst: D110 Id: 59 Type: 2 Via: DE6C Seq_Id: 0 Num: 0
17:03:49.190 > [1012357][V][LoraMesher.cpp:575] sendPackets(): [LoRaMesher] TimeOnAir 63 ms, next message in 0 ms
17:03:49.199 > [1012366][I][PacketQueueService.h:80] deleteQueuePacketAndPacket(): [LoRaMesher] Deleting packet
17:03:49.207 > [1012374][I][PacketQueueService.h:83] deleteQueuePacketAndPacket(): [LoRaMesher] Deleting packet queue
17:03:49.904 > [1013070][V][LoraMesher.cpp:378] receivingRoutine(): [LoRaMesher] Stack space unused after entering the task: 2060
17:03:49.914 > [1013081][V][LoraMesher.cpp:379] receivingRoutine(): [LoRaMesher] Free heap: 336876
17:03:49.922 > [1013088][I][PacketService.cpp:12] createEmptyPacket(): [LoRaMesher] Packet created with 17 bytes
17:03:49.931 > [1013097][I][LoraMesher.cpp:392] receivingRoutine(): [LoRaMesher] Receiving LoRa packet: Size: 17 bytes RSSI: -12 SNR: 12
17:03:49.941 > [1013108][V][LoraMesher.cpp:647] processPackets(): [LoRaMesher] Size of Received Packets Queue: 1
17:03:49.950 > [1013117][I][PacketQueueService.h:80] deleteQueuePacketAndPacket(): [LoRaMesher] Deleting packet
17:03:49.959 > [1013126][I][PacketQueueService.h:83] deleteQueuePacketAndPacket(): [LoRaMesher] Deleting packet queue
17:03:49.968 > [1013135][V][LoraMesher.cpp:658] processPackets(): [LoRaMesher] TESTING: Packet not for me, deleting it
17:03:49.977 > [1013144][V][LoraMesher.cpp:641] processPackets(): [LoRaMesher] Stack space unused after entering the task: 2040
17:03:49.987 > [1013154][V][LoraMesher.cpp:642] processPackets(): [LoRaMesher] Free heap: 336876
17:03:51.146 > [1014313][V][LoraMesher.cpp:378] receivingRoutine(): [LoRaMesher] Stack space unused after entering the task: 2060
17:03:51.156 > [1014323][V][LoraMesher.cpp:379] receivingRoutine(): [LoRaMesher] Free heap: 336876
17:03:51.165 > [1014331][I][PacketService.cpp:12] createEmptyPacket(): [LoRaMesher] Packet created with 17 bytes
17:03:51.173 > [1014340][I][LoraMesher.cpp:392] receivingRoutine(): [LoRaMesher] Receiving LoRa packet: Size: 17 bytes RSSI: -64 SNR: 8
17:03:51.184 > [1014351][V][LoraMesher.cpp:647] processPackets(): [LoRaMesher] Size of Received Packets Queue: 1
17:03:51.192 > [1014359][I][PacketQueueService.h:80] deleteQueuePacketAndPacket(): [LoRaMesher] Deleting packet
17:03:51.201 > [1014368][I][PacketQueueService.h:83] deleteQueuePacketAndPacket(): [LoRaMesher] Deleting packet queue
17:03:51.210 > [1014377][V][LoraMesher.cpp:658] processPackets(): [LoRaMesher] TESTING: Packet not for me, deleting it
17:03:51.219 > [1014386][V][LoraMesher.cpp:641] processPackets(): [LoRaMesher] Stack space unused after entering the task: 2040
17:03:51.229 > [1014396][V][LoraMesher.cpp:642] processPackets(): [LoRaMesher] Free heap: 336876
17:03:52.540 > [1015707][V][LoraMesher.cpp:378] receivingRoutine(): [LoRaMesher] Stack space unused after entering the task: 2060
17:03:52.551 > [1015717][V][LoraMesher.cpp:379] receivingRoutine(): [LoRaMesher] Free heap: 336876
17:03:52.559 > [1015725][I][PacketService.cpp:12] createEmptyPacket(): [LoRaMesher] Packet created with 17 bytes
17:03:52.567 > [1015734][I][LoraMesher.cpp:392] receivingRoutine(): [LoRaMesher] Receiving LoRa packet: Size: 17 bytes RSSI: -12 SNR: 12
17:03:52.578 > [1015745][V][LoraMesher.cpp:647] processPackets(): [LoRaMesher] Size of Received Packets Queue: 1
17:03:52.587 > [1015754][I][PacketQueueService.h:80] deleteQueuePacketAndPacket(): [LoRaMesher] Deleting packet
17:03:52.595 > [1015762][I][PacketQueueService.h:83] deleteQueuePacketAndPacket(): [LoRaMesher] Deleting packet queue
17:03:52.604 > [1015771][V][LoraMesher.cpp:658] processPackets(): [LoRaMesher] TESTING: Packet not for me, deleting it
17:03:52.614 > [1015781][V][LoraMesher.cpp:641] processPackets(): [LoRaMesher] Stack space unused after entering the task: 2040
17:03:52.624 > [1015791][V][LoraMesher.cpp:642] processPackets(): [LoRaMesher] Free heap: 336876
17:04:08.818 > Send packet 51
17:04:08.819 > Sending packet to D110
17:04:08.821 > [1031986][V][LoraMesher.h:250] createPacketAndSend(): [LoRaMesher] Creating a packet for send with 8 bytes
17:04:08.831 > [1031998][V][PacketFactory.h:45] createPacket(): [LoRaMesher] Creating packet with 17 bytes
17:04:08.839 > [1032006][I][PacketFactory.h:74] createPacket(): [LoRaMesher] Packet created with 17 bytes
17:04:08.847 > [1032014][I][LoraMesher.h:659] setPackedForSend(): [LoRaMesher] Adding packet to Q_SP
17:04:08.855 > [1032022][I][LoraMesher.h:661] setPackedForSend(): [LoRaMesher] Created packet to Q_SP
17:04:08.862 > [1032030][I][LoraMesher.cpp:1051] addToSendOrderedAndNotify(): [LoRaMesher] Added packet to Q_SP, notifying sender task
17:04:08.873 > [1032040][V][LoraMesher.cpp:511] sendPackets(): [LoRaMesher] Stack space unused after entering the task: 1972
17:04:08.883 > [1032050][V][LoraMesher.cpp:512] sendPackets(): [LoRaMesher] Free heap: 336780
17:04:08.890 > [1032057][V][LoraMesher.cpp:518] sendPackets(): [LoRaMesher] Size of Send Packets Queue: 1
17:04:08.898 > [1032065][V][LoraMesher.cpp:525] sendPackets(): [LoRaMesher] Send n. 60
17:04:08.904 > [1032072][V][LoraMesher.cpp:455] waitBeforeSend(): [LoRaMesher] RandomDelay 589 ms
17:04:09.501 > [1032669][V][LoraMesher.cpp:754] printHeaderPacket(): [LoRaMesher] Packet send -- Size: 17 Src: B3F0 Dst: D110 Id: 60 Type: 2 Via: DE6C Seq_Id: 0 Num: 0
17:04:09.591 > [1032759][V][LoraMesher.cpp:575] sendPackets(): [LoRaMesher] TimeOnAir 63 ms, next message in 0 ms
17:04:09.600 > [1032768][I][PacketQueueService.h:80] deleteQueuePacketAndPacket(): [LoRaMesher] Deleting packet
17:04:09.609 > [1032776][I][PacketQueueService.h:83] deleteQueuePacketAndPacket(): [LoRaMesher] Deleting packet queue
17:04:10.479 > [1033647][V][LoraMesher.cpp:378] receivingRoutine(): [LoRaMesher] Stack space unused after entering the task: 2060
17:04:10.490 > [1033657][V][LoraMesher.cpp:379] receivingRoutine(): [LoRaMesher] Free heap: 336876
17:04:10.497 > [1033665][I][PacketService.cpp:12] createEmptyPacket(): [LoRaMesher] Packet created with 17 bytes
17:04:10.506 > [1033674][I][LoraMesher.cpp:392] receivingRoutine(): [LoRaMesher] Receiving LoRa packet: Size: 17 bytes RSSI: -13 SNR: 13
17:04:10.517 > [1033685][V][LoraMesher.cpp:647] processPackets(): [LoRaMesher] Size of Received Packets Queue: 1
17:04:10.526 > [1033694][I][PacketQueueService.h:80] deleteQueuePacketAndPacket(): [LoRaMesher] Deleting packet
17:04:10.535 > [1033702][I][PacketQueueService.h:83] deleteQueuePacketAndPacket(): [LoRaMesher] Deleting packet queue
17:04:10.544 > [1033711][V][LoraMesher.cpp:658] processPackets(): [LoRaMesher] TESTING: Packet not for me, deleting it
17:04:10.553 > [1033720][V][LoraMesher.cpp:641] processPackets(): [LoRaMesher] Stack space unused after entering the task: 2040
17:04:10.563 > [1033731][V][LoraMesher.cpp:642] processPackets(): [LoRaMesher] Free heap: 336876
17:04:11.179 > [1034347][V][LoraMesher.cpp:378] receivingRoutine(): [LoRaMesher] Stack space unused after entering the task: 2060
17:04:11.190 > [1034357][V][LoraMesher.cpp:379] receivingRoutine(): [LoRaMesher] Free heap: 336876
17:04:11.197 > [1034365][I][PacketService.cpp:12] createEmptyPacket(): [LoRaMesher] Packet created with 17 bytes
17:04:11.206 > [1034374][I][LoraMesher.cpp:392] receivingRoutine(): [LoRaMesher] Receiving LoRa packet: Size: 17 bytes RSSI: -63 SNR: 9
17:04:11.217 > [1034385][V][LoraMesher.cpp:647] processPackets(): [LoRaMesher] Size of Received Packets Queue: 1
17:04:11.226 > [1034393][I][PacketQueueService.h:80] deleteQueuePacketAndPacket(): [LoRaMesher] Deleting packet
17:04:11.235 > [1034402][I][PacketQueueService.h:83] deleteQueuePacketAndPacket(): [LoRaMesher] Deleting packet queue
17:04:11.244 > [1034411][V][LoraMesher.cpp:658] processPackets(): [LoRaMesher] TESTING: Packet not for me, deleting it
17:04:11.253 > [1034420][V][LoraMesher.cpp:641] processPackets(): [LoRaMesher] Stack space unused after entering the task: 2040
17:04:11.263 > [1034430][V][LoraMesher.cpp:642] processPackets(): [LoRaMesher] Free heap: 336876
17:04:12.274 > [1035441][V][LoraMesher.cpp:378] receivingRoutine(): [LoRaMesher] Stack space unused after entering the task: 2060
17:04:12.284 > [1035451][V][LoraMesher.cpp:379] receivingRoutine(): [LoRaMesher] Free heap: 336876
17:04:12.291 > [1035459][I][PacketService.cpp:12] createEmptyPacket(): [LoRaMesher] Packet created with 17 bytes
17:04:12.300 > [1035468][I][LoraMesher.cpp:392] receivingRoutine(): [LoRaMesher] Receiving LoRa packet: Size: 17 bytes RSSI: -11 SNR: 13
17:04:12.312 > [1035479][V][LoraMesher.cpp:647] processPackets(): [LoRaMesher] Size of Received Packets Queue: 1
17:04:12.320 > [1035488][I][PacketQueueService.h:80] deleteQueuePacketAndPacket(): [LoRaMesher] Deleting packet
17:04:12.329 > [1035496][I][PacketQueueService.h:83] deleteQueuePacketAndPacket(): [LoRaMesher] Deleting packet queue
17:04:12.338 > [1035505][V][LoraMesher.cpp:658] processPackets(): [LoRaMesher] TESTING: Packet not for me, deleting it
17:04:12.347 > [1035515][V][LoraMesher.cpp:641] processPackets(): [LoRaMesher] Stack space unused after entering the task: 2040
17:04:12.357 > [1035525][V][LoraMesher.cpp:642] processPackets(): [LoRaMesher] Free heap: 336876
17:04:28.911 > Send packet 52
17:04:28.913 > Sending packet to D110
17:04:28.915 > [1052080][V][LoraMesher.h:250] createPacketAndSend(): [LoRaMesher] Creating a packet for send with 8 bytes
17:04:28.924 > [1052092][V][PacketFactory.h:45] createPacket(): [LoRaMesher] Creating packet with 17 bytes
17:04:28.933 > [1052100][I][PacketFactory.h:74] createPacket(): [LoRaMesher] Packet created with 17 bytes
17:04:28.941 > [1052108][I][LoraMesher.h:659] setPackedForSend(): [LoRaMesher] Adding packet to Q_SP
17:04:28.948 > [1052116][I][LoraMesher.h:661] setPackedForSend(): [LoRaMesher] Created packet to Q_SP
17:04:28.956 > [1052124][I][LoraMesher.cpp:1051] addToSendOrderedAndNotify(): [LoRaMesher] Added packet to Q_SP, notifying sender task
17:04:28.967 > [1052134][V][LoraMesher.cpp:511] sendPackets(): [LoRaMesher] Stack space unused after entering the task: 1972
17:04:28.976 > [1052144][V][LoraMesher.cpp:512] sendPackets(): [LoRaMesher] Free heap: 336780
17:04:28.983 > [1052151][V][LoraMesher.cpp:518] sendPackets(): [LoRaMesher] Size of Send Packets Queue: 1
17:04:28.991 > [1052159][V][LoraMesher.cpp:525] sendPackets(): [LoRaMesher] Send n. 61
17:04:28.998 > [1052166][V][LoraMesher.cpp:455] waitBeforeSend(): [LoRaMesher] RandomDelay 628 ms
17:04:29.634 > [1052802][V][LoraMesher.cpp:754] printHeaderPacket(): [LoRaMesher] Packet send -- Size: 17 Src: B3F0 Dst: D110 Id: 61 Type: 2 Via: DE6C Seq_Id: 0 Num: 0
17:04:29.723 > [1052892][V][LoraMesher.cpp:575] sendPackets(): [LoRaMesher] TimeOnAir 63 ms, next message in 0 ms
17:04:29.733 > [1052901][I][PacketQueueService.h:80] deleteQueuePacketAndPacket(): [LoRaMesher] Deleting packet
17:04:29.741 > [1052909][I][PacketQueueService.h:83] deleteQueuePacketAndPacket(): [LoRaMesher] Deleting packet queue
17:04:30.857 > [1054026][V][LoraMesher.cpp:378] receivingRoutine(): [LoRaMesher] Stack space unused after entering the task: 2060
17:04:30.868 > [1054036][V][LoraMesher.cpp:379] receivingRoutine(): [LoRaMesher] Free heap: 336876
17:04:30.875 > [1054043][I][PacketService.cpp:12] createEmptyPacket(): [LoRaMesher] Packet created with 17 bytes
17:04:30.884 > [1054052][I][LoraMesher.cpp:392] receivingRoutine(): [LoRaMesher] Receiving LoRa packet: Size: 17 bytes RSSI: -14 SNR: 13
17:04:30.896 > [1054063][V][LoraMesher.cpp:647] processPackets(): [LoRaMesher] Size of Received Packets Queue: 1
17:04:30.904 > [1054072][I][PacketQueueService.h:80] deleteQueuePacketAndPacket(): [LoRaMesher] Deleting packet
17:04:30.913 > [1054081][I][PacketQueueService.h:83] deleteQueuePacketAndPacket(): [LoRaMesher] Deleting packet queue
17:04:30.922 > [1054090][V][LoraMesher.cpp:658] processPackets(): [LoRaMesher] TESTING: Packet not for me, deleting it
17:04:30.931 > [1054099][V][LoraMesher.cpp:641] processPackets(): [LoRaMesher] Stack space unused after entering the task: 2040
17:04:30.941 > [1054109][V][LoraMesher.cpp:642] processPackets(): [LoRaMesher] Free heap: 336876
17:04:31.397 > [1054566][V][LoraMesher.cpp:378] receivingRoutine(): [LoRaMesher] Stack space unused after entering the task: 2060
17:04:31.408 > [1054576][V][LoraMesher.cpp:379] receivingRoutine(): [LoRaMesher] Free heap: 336876
17:04:31.416 > [1054584][I][PacketService.cpp:12] createEmptyPacket(): [LoRaMesher] Packet created with 17 bytes
17:04:31.425 > [1054592][I][LoraMesher.cpp:392] receivingRoutine(): [LoRaMesher] Receiving LoRa packet: Size: 17 bytes RSSI: -63 SNR: 10
17:04:31.436 > [1054604][V][LoraMesher.cpp:647] processPackets(): [LoRaMesher] Size of Received Packets Queue: 1
17:04:31.445 > [1054612][I][PacketQueueService.h:80] deleteQueuePacketAndPacket(): [LoRaMesher] Deleting packet
17:04:31.453 > [1054621][I][PacketQueueService.h:83] deleteQueuePacketAndPacket(): [LoRaMesher] Deleting packet queue
17:04:31.462 > [1054630][V][LoraMesher.cpp:658] processPackets(): [LoRaMesher] TESTING: Packet not for me, deleting it
17:04:31.472 > [1054639][V][LoraMesher.cpp:641] processPackets(): [LoRaMesher] Stack space unused after entering the task: 2040
17:04:31.481 > [1054649][V][LoraMesher.cpp:642] processPackets(): [LoRaMesher] Free heap: 336876
17:04:32.069 > [1055237][V][LoraMesher.cpp:378] receivingRoutine(): [LoRaMesher] Stack space unused after entering the task: 2060
17:04:32.080 > [1055247][V][LoraMesher.cpp:379] receivingRoutine(): [LoRaMesher] Free heap: 336876
17:04:32.087 > [1055255][I][PacketService.cpp:12] createEmptyPacket(): [LoRaMesher] Packet created with 17 bytes
17:04:32.096 > [1055264][I][LoraMesher.cpp:392] receivingRoutine(): [LoRaMesher] Receiving LoRa packet: Size: 17 bytes RSSI: -11 SNR: 13
17:04:32.107 > [1055275][V][LoraMesher.cpp:647] processPackets(): [LoRaMesher] Size of Received Packets Queue: 1
17:04:32.116 > [1055284][I][PacketQueueService.h:80] deleteQueuePacketAndPacket(): [LoRaMesher] Deleting packet
17:04:32.124 > [1055292][I][PacketQueueService.h:83] deleteQueuePacketAndPacket(): [LoRaMesher] Deleting packet queue
17:04:32.134 > [1055301][V][LoraMesher.cpp:658] processPackets(): [LoRaMesher] TESTING: Packet not for me, deleting it
17:04:32.143 > [1055311][V][LoraMesher.cpp:641] processPackets(): [LoRaMesher] Stack space unused after entering the task: 2040
17:04:32.153 > [1055321][V][LoraMesher.cpp:642] processPackets(): [LoRaMesher] Free heap: 336876
17:04:49.005 > Send packet 53
17:04:49.007 > Sending packet to D110
17:04:49.009 > [1072174][V][LoraMesher.h:250] createPacketAndSend(): [LoRaMesher] Creating a packet for send with 8 bytes
17:04:49.018 > [1072186][V][PacketFactory.h:45] createPacket(): [LoRaMesher] Creating packet with 17 bytes
17:04:49.026 > [1072194][I][PacketFactory.h:74] createPacket(): [LoRaMesher] Packet created with 17 bytes
17:04:49.034 > [1072202][I][LoraMesher.h:659] setPackedForSend(): [LoRaMesher] Adding packet to Q_SP
17:04:49.042 > [1072210][I][LoraMesher.h:661] setPackedForSend(): [LoRaMesher] Created packet to Q_SP
17:04:49.050 > [1072218][I][LoraMesher.cpp:1051] addToSendOrderedAndNotify(): [LoRaMesher] Added packet to Q_SP, notifying sender task
17:04:49.060 > [1072228][V][LoraMesher.cpp:511] sendPackets(): [LoRaMesher] Stack space unused after entering the task: 1972
17:04:49.070 > [1072238][V][LoraMesher.cpp:512] sendPackets(): [LoRaMesher] Free heap: 336780
17:04:49.077 > [1072245][V][LoraMesher.cpp:518] sendPackets(): [LoRaMesher] Size of Send Packets Queue: 1
17:04:49.085 > [1072253][V][LoraMesher.cpp:525] sendPackets(): [LoRaMesher] Send n. 62
17:04:49.091 > [1072260][V][LoraMesher.cpp:455] waitBeforeSend(): [LoRaMesher] RandomDelay 1043 ms
17:04:50.142 > [1073311][V][LoraMesher.cpp:754] printHeaderPacket(): [LoRaMesher] Packet send -- Size: 17 Src: B3F0 Dst: D110 Id: 62 Type: 2 Via: DE6C Seq_Id: 0 Num: 0
17:04:50.232 > [1073401][V][LoraMesher.cpp:575] sendPackets(): [LoRaMesher] TimeOnAir 63 ms, next message in 0 ms
17:04:50.241 > [1073410][I][PacketQueueService.h:80] deleteQueuePacketAndPacket(): [LoRaMesher] Deleting packet
17:04:50.250 > [1073418][I][PacketQueueService.h:83] deleteQueuePacketAndPacket(): [LoRaMesher] Deleting packet queue
17:04:51.187 > [1074356][V][LoraMesher.cpp:378] receivingRoutine(): [LoRaMesher] Stack space unused after entering the task: 2060
17:04:51.198 > [1074366][V][LoraMesher.cpp:379] receivingRoutine(): [LoRaMesher] Free heap: 336876
17:04:51.206 > [1074374][I][PacketService.cpp:12] createEmptyPacket(): [LoRaMesher] Packet created with 17 bytes
17:04:51.215 > [1074383][I][LoraMesher.cpp:392] receivingRoutine(): [LoRaMesher] Receiving LoRa packet: Size: 17 bytes RSSI: -14 SNR: 13
17:04:51.226 > [1074394][V][LoraMesher.cpp:647] processPackets(): [LoRaMesher] Size of Received Packets Queue: 1
17:04:51.235 > [1074403][I][PacketQueueService.h:80] deleteQueuePacketAndPacket(): [LoRaMesher] Deleting packet
17:04:51.243 > [1074411][I][PacketQueueService.h:83] deleteQueuePacketAndPacket(): [LoRaMesher] Deleting packet queue
17:04:51.252 > [1074421][V][LoraMesher.cpp:658] processPackets(): [LoRaMesher] TESTING: Packet not for me, deleting it
17:04:51.262 > [1074430][V][LoraMesher.cpp:641] processPackets(): [LoRaMesher] Stack space unused after entering the task: 2040
17:04:51.271 > [1074440][V][LoraMesher.cpp:642] processPackets(): [LoRaMesher] Free heap: 336876
17:04:51.907 > [1075076][V][LoraMesher.cpp:378] receivingRoutine(): [LoRaMesher] Stack space unused after entering the task: 2060
17:04:51.918 > [1075086][V][LoraMesher.cpp:379] receivingRoutine(): [LoRaMesher] Free heap: 336876
17:04:51.925 > [1075094][I][PacketService.cpp:12] createEmptyPacket(): [LoRaMesher] Packet created with 17 bytes
17:04:51.934 > [1075102][I][LoraMesher.cpp:392] receivingRoutine(): [LoRaMesher] Receiving LoRa packet: Size: 17 bytes RSSI: -64 SNR: 9
17:04:51.945 > [1075114][V][LoraMesher.cpp:647] processPackets(): [LoRaMesher] Size of Received Packets Queue: 1
17:04:51.954 > [1075122][I][PacketQueueService.h:80] deleteQueuePacketAndPacket(): [LoRaMesher] Deleting packet
17:04:51.963 > [1075131][I][PacketQueueService.h:83] deleteQueuePacketAndPacket(): [LoRaMesher] Deleting packet queue
17:04:51.972 > [1075140][V][LoraMesher.cpp:658] processPackets(): [LoRaMesher] TESTING: Packet not for me, deleting it
17:04:51.981 > [1075149][V][LoraMesher.cpp:641] processPackets(): [LoRaMesher] Stack space unused after entering the task: 2040
17:04:51.991 > [1075159][V][LoraMesher.cpp:642] processPackets(): [LoRaMesher] Free heap: 336876
17:04:53.075 > [1076244][V][LoraMesher.cpp:378] receivingRoutine(): [LoRaMesher] Stack space unused after entering the task: 2060
17:04:53.086 > [1076254][V][LoraMesher.cpp:379] receivingRoutine(): [LoRaMesher] Free heap: 336876
17:04:53.094 > [1076262][I][PacketService.cpp:12] createEmptyPacket(): [LoRaMesher] Packet created with 17 bytes
17:04:53.103 > [1076271][I][LoraMesher.cpp:392] receivingRoutine(): [LoRaMesher] Receiving LoRa packet: Size: 17 bytes RSSI: -11 SNR: 13
17:04:53.114 > [1076282][V][LoraMesher.cpp:647] processPackets(): [LoRaMesher] Size of Received Packets Queue: 1
17:04:53.123 > [1076291][I][PacketQueueService.h:80] deleteQueuePacketAndPacket(): [LoRaMesher] Deleting packet
17:04:53.131 > [1076299][I][PacketQueueService.h:83] deleteQueuePacketAndPacket(): [LoRaMesher] Deleting packet queue
17:04:53.140 > [1076309][V][LoraMesher.cpp:658] processPackets(): [LoRaMesher] TESTING: Packet not for me, deleting it
17:04:53.149 > [1076318][V][LoraMesher.cpp:641] processPackets(): [LoRaMesher] Stack space unused after entering the task: 2040
17:04:53.159 > [1076328][V][LoraMesher.cpp:642] processPackets(): [LoRaMesher] Free heap: 336876
17:05:05.306 > [1088475][V][LoraMesher.cpp:598] sendHelloPacket(): [LoRaMesher] Creating Routing Packet
17:05:05.313 > [1088483][V][LoraMesher.cpp:599] sendHelloPacket(): [LoRaMesher] Stack space unused after entering the task: 2324
17:05:05.324 > [1088493][V][LoraMesher.cpp:600] sendHelloPacket(): [LoRaMesher] Free heap: 336876
17:05:05.331 > [1088500][V][PacketFactory.h:45] createPacket(): [LoRaMesher] Creating packet with 24 bytes
17:05:05.339 > [1088509][I][PacketFactory.h:74] createPacket(): [LoRaMesher] Packet created with 24 bytes
17:05:05.347 > [1088517][I][LoraMesher.h:659] setPackedForSend(): [LoRaMesher] Adding packet to Q_SP
17:05:05.355 > [1088524][I][LoraMesher.h:661] setPackedForSend(): [LoRaMesher] Created packet to Q_SP
17:05:05.362 > [1088532][I][LoraMesher.cpp:1051] addToSendOrderedAndNotify(): [LoRaMesher] Added packet to Q_SP, notifying sender task
17:05:05.374 > [1088543][V][LoraMesher.cpp:511] sendPackets(): [LoRaMesher] Stack space unused after entering the task: 1972
17:05:05.384 > [1088552][V][LoraMesher.cpp:512] sendPackets(): [LoRaMesher] Free heap: 336776
17:05:05.391 > [1088559][V][LoraMesher.cpp:518] sendPackets(): [LoRaMesher] Size of Send Packets Queue: 1
17:05:05.399 > [1088567][V][LoraMesher.cpp:525] sendPackets(): [LoRaMesher] Send n. 63
17:05:05.405 > [1088574][V][LoraMesher.cpp:455] waitBeforeSend(): [LoRaMesher] RandomDelay 1007 ms
17:05:06.016 > [1089186][V][LoraMesher.cpp:378] receivingRoutine(): [LoRaMesher] Stack space unused after entering the task: 2060
17:05:06.027 > [1089196][V][LoraMesher.cpp:379] receivingRoutine(): [LoRaMesher] Free heap: 336804
17:05:06.035 > [1089204][I][PacketService.cpp:12] createEmptyPacket(): [LoRaMesher] Packet created with 24 bytes
17:05:06.043 > [1089213][I][LoraMesher.cpp:392] receivingRoutine(): [LoRaMesher] Receiving LoRa packet: Size: 24 bytes RSSI: -64 SNR: 9
17:05:06.055 > [1089224][V][LoraMesher.cpp:647] processPackets(): [LoRaMesher] Size of Received Packets Queue: 1
17:05:06.064 > [1089233][I][PacketQueueService.h:80] deleteQueuePacketAndPacket(): [LoRaMesher] Deleting packet
17:05:06.072 > [1089241][I][PacketQueueService.h:83] deleteQueuePacketAndPacket(): [LoRaMesher] Deleting packet queue
17:05:06.082 > [1089250][V][LoraMesher.cpp:658] processPackets(): [LoRaMesher] TESTING: Packet not for me, deleting it
17:05:06.090 > [1089259][V][LoraMesher.cpp:641] processPackets(): [LoRaMesher] Stack space unused after entering the task: 2040
17:05:06.101 > [1089270][V][LoraMesher.cpp:642] processPackets(): [LoRaMesher] Free heap: 336804
17:05:06.425 > [1089594][V][LoraMesher.cpp:462] waitBeforeSend(): [LoRaMesher] Preamble detected while waiting 1
17:05:06.433 > [1089603][V][LoraMesher.cpp:455] waitBeforeSend(): [LoRaMesher] RandomDelay 351 ms
17:05:06.792 > [1089962][V][LoraMesher.cpp:754] printHeaderPacket(): [LoRaMesher] Packet send -- Size: 24 Src: B3F0 Dst: FFFF Id: 63 Type: 4 Via: 0 Seq_Id: 0 Num: 0
17:05:06.896 > [1090066][V][LoraMesher.cpp:575] sendPackets(): [LoRaMesher] TimeOnAir 78 ms, next message in 0 ms
17:05:06.906 > [1090075][I][PacketQueueService.h:80] deleteQueuePacketAndPacket(): [LoRaMesher] Deleting packet
17:05:06.914 > [1090083][I][PacketQueueService.h:83] deleteQueuePacketAndPacket(): [LoRaMesher] Deleting packet queue
17:05:07.911 > [1091081][V][LoraMesher.cpp:378] receivingRoutine(): [LoRaMesher] Stack space unused after entering the task: 2060
17:05:07.922 > [1091091][V][LoraMesher.cpp:379] receivingRoutine(): [LoRaMesher] Free heap: 336876
17:05:07.930 > [1091099][I][PacketService.cpp:12] createEmptyPacket(): [LoRaMesher] Packet created with 24 bytes
17:05:07.939 > [1091108][I][LoraMesher.cpp:392] receivingRoutine(): [LoRaMesher] Receiving LoRa packet: Size: 24 bytes RSSI: -14 SNR: 13
17:05:07.950 > [1091119][V][LoraMesher.cpp:647] processPackets(): [LoRaMesher] Size of Received Packets Queue: 1
17:05:07.958 > [1091128][I][PacketQueueService.h:80] deleteQueuePacketAndPacket(): [LoRaMesher] Deleting packet
17:05:07.968 > [1091136][I][PacketQueueService.h:83] deleteQueuePacketAndPacket(): [LoRaMesher] Deleting packet queue
17:05:07.976 > [1091145][V][LoraMesher.cpp:658] processPackets(): [LoRaMesher] TESTING: Packet not for me, deleting it
17:05:07.985 > [1091155][V][LoraMesher.cpp:641] processPackets(): [LoRaMesher] Stack space unused after entering the task: 2040
17:05:07.995 > [1091165][V][LoraMesher.cpp:642] processPackets(): [LoRaMesher] Free heap: 336876
17:05:09.098 > Send packet 54
17:05:09.099 > Sending packet to D110
17:05:09.101 > [1092268][V][LoraMesher.h:250] createPacketAndSend(): [LoRaMesher] Creating a packet for send with 8 bytes
17:05:09.111 > [1092280][V][PacketFactory.h:45] createPacket(): [LoRaMesher] Creating packet with 17 bytes
17:05:09.119 > [1092288][I][PacketFactory.h:74] createPacket(): [LoRaMesher] Packet created with 17 bytes
17:05:09.127 > [1092296][I][LoraMesher.h:659] setPackedForSend(): [LoRaMesher] Adding packet to Q_SP
17:05:09.134 > [1092304][I][LoraMesher.h:661] setPackedForSend(): [LoRaMesher] Created packet to Q_SP
17:05:09.142 > [1092312][I][LoraMesher.cpp:1051] addToSendOrderedAndNotify(): [LoRaMesher] Added packet to Q_SP, notifying sender task
17:05:09.153 > [1092322][V][LoraMesher.cpp:511] sendPackets(): [LoRaMesher] Stack space unused after entering the task: 1972
17:05:09.163 > [1092332][V][LoraMesher.cpp:512] sendPackets(): [LoRaMesher] Free heap: 336780
17:05:09.170 > [1092339][V][LoraMesher.cpp:518] sendPackets(): [LoRaMesher] Size of Send Packets Queue: 1
17:05:09.178 > [1092347][V][LoraMesher.cpp:525] sendPackets(): [LoRaMesher] Send n. 64
17:05:09.184 > [1092354][V][LoraMesher.cpp:455] waitBeforeSend(): [LoRaMesher] RandomDelay 474 ms
17:05:09.666 > [1092836][V][LoraMesher.cpp:754] printHeaderPacket(): [LoRaMesher] Packet send -- Size: 17 Src: B3F0 Dst: D110 Id: 64 Type: 2 Via: DE6C Seq_Id: 0 Num: 0
17:05:09.756 > [1092926][V][LoraMesher.cpp:575] sendPackets(): [LoRaMesher] TimeOnAir 63 ms, next message in 0 ms
17:05:09.765 > [1092935][I][PacketQueueService.h:80] deleteQueuePacketAndPacket(): [LoRaMesher] Deleting packet
17:05:09.774 > [1092943][I][PacketQueueService.h:83] deleteQueuePacketAndPacket(): [LoRaMesher] Deleting packet queue
17:05:10.014 > [1093183][V][LoraMesher.cpp:378] receivingRoutine(): [LoRaMesher] Stack space unused after entering the task: 2060
17:05:10.025 > [1093193][V][LoraMesher.cpp:379] receivingRoutine(): [LoRaMesher] Free heap: 336876
17:05:10.031 > [1093201][I][PacketService.cpp:12] createEmptyPacket(): [LoRaMesher] Packet created with 24 bytes
17:05:10.040 > [1093210][I][LoraMesher.cpp:392] receivingRoutine(): [LoRaMesher] Receiving LoRa packet: Size: 24 bytes RSSI: -13 SNR: 13
17:05:10.052 > [1093221][V][LoraMesher.cpp:647] processPackets(): [LoRaMesher] Size of Received Packets Queue: 1
17:05:10.060 > [1093230][V][LoraMesher.cpp:754] printHeaderPacket(): [LoRaMesher] Packet received -- Size: 24 Src: DE6C Dst: FFFF Id: 9 Type: 4 Via: 0 Seq_Id: 0 Num: 0
17:05:10.074 > [1093244][I][RoutingTableService.cpp:77] processRoute(): [LoRaMesher] Route packet from DE6C with size 4
17:05:10.083 > [1093253][I][RoutingTableService.cpp:99] resetReceiveSNRRoutePacket(): [LoRaMesher] Reset Receive SNR from DE6C: 13
17:05:10.093 > [1093263][I][RoutingTableService.cpp:192] printRoutingTable(): [LoRaMesher] Current routing table:
17:05:10.102 > [1093272][I][RoutingTableService.cpp:206] printRoutingTable(): [LoRaMesher] 0 - DE6C via DE6C metric 1 Role 0
17:05:10.112 > [1093282][I][RoutingTableService.cpp:206] printRoutingTable(): [LoRaMesher] 1 - AFC0 via DE6C metric 2 Role 0
17:05:10.122 > [1093291][I][RoutingTableService.cpp:206] printRoutingTable(): [LoRaMesher] 2 - F02C via DE6C metric 3 Role 0
17:05:10.131 > [1093301][I][RoutingTableService.cpp:206] printRoutingTable(): [LoRaMesher] 3 - D110 via DE6C metric 4 Role 1
17:05:10.141 > [1093311][I][PacketQueueService.h:80] deleteQueuePacketAndPacket(): [LoRaMesher] Deleting packet
17:05:10.150 > [1093319][I][PacketQueueService.h:83] deleteQueuePacketAndPacket(): [LoRaMesher] Deleting packet queue
17:05:10.159 > [1093328][V][LoraMesher.cpp:641] processPackets(): [LoRaMesher] Stack space unused after entering the task: 2040
17:05:10.169 > [1093338][V][LoraMesher.cpp:642] processPackets(): [LoRaMesher] Free heap: 336876
17:05:11.138 > [1094307][V][LoraMesher.cpp:378] receivingRoutine(): [LoRaMesher] Stack space unused after entering the task: 2060
17:05:11.148 > [1094317][V][LoraMesher.cpp:379] receivingRoutine(): [LoRaMesher] Free heap: 336876
17:05:11.155 > [1094325][I][PacketService.cpp:12] createEmptyPacket(): [LoRaMesher] Packet created with 24 bytes
17:05:11.164 > [1094334][I][LoraMesher.cpp:392] receivingRoutine(): [LoRaMesher] Receiving LoRa packet: Size: 24 bytes RSSI: -11 SNR: 13
17:05:11.176 > [1094345][V][LoraMesher.cpp:647] processPackets(): [LoRaMesher] Size of Received Packets Queue: 1
17:05:11.185 > [1094354][I][PacketQueueService.h:80] deleteQueuePacketAndPacket(): [LoRaMesher] Deleting packet
17:05:11.193 > [1094363][I][PacketQueueService.h:83] deleteQueuePacketAndPacket(): [LoRaMesher] Deleting packet queue
17:05:11.203 > [1094372][V][LoraMesher.cpp:658] processPackets(): [LoRaMesher] TESTING: Packet not for me, deleting it
17:05:11.211 > [1094381][V][LoraMesher.cpp:641] processPackets(): [LoRaMesher] Stack space unused after entering the task: 2040
17:05:11.221 > [1094391][V][LoraMesher.cpp:642] processPackets(): [LoRaMesher] Free heap: 336876
17:05:12.018 > [1095188][V][LoraMesher.cpp:378] receivingRoutine(): [LoRaMesher] Stack space unused after entering the task: 2060
17:05:12.028 > [1095198][V][LoraMesher.cpp:379] receivingRoutine(): [LoRaMesher] Free heap: 336876
17:05:12.037 > [1095206][I][PacketService.cpp:12] createEmptyPacket(): [LoRaMesher] Packet created with 17 bytes
17:05:12.045 > [1095214][I][LoraMesher.cpp:392] receivingRoutine(): [LoRaMesher] Receiving LoRa packet: Size: 17 bytes RSSI: -13 SNR: 13
17:05:12.056 > [1095226][V][LoraMesher.cpp:647] processPackets(): [LoRaMesher] Size of Received Packets Queue: 1
17:05:12.065 > [1095234][I][PacketQueueService.h:80] deleteQueuePacketAndPacket(): [LoRaMesher] Deleting packet
17:05:12.074 > [1095243][I][PacketQueueService.h:83] deleteQueuePacketAndPacket(): [LoRaMesher] Deleting packet queue
17:05:12.082 > [1095252][V][LoraMesher.cpp:658] processPackets(): [LoRaMesher] TESTING: Packet not for me, deleting it
17:05:12.092 > [1095261][V][LoraMesher.cpp:641] processPackets(): [LoRaMesher] Stack space unused after entering the task: 2040
17:05:12.102 > [1095271][V][LoraMesher.cpp:642] processPackets(): [LoRaMesher] Free heap: 336876
17:05:13.278 > [1096448][V][LoraMesher.cpp:378] receivingRoutine(): [LoRaMesher] Stack space unused after entering the task: 2060
17:05:13.288 > [1096458][V][LoraMesher.cpp:379] receivingRoutine(): [LoRaMesher] Free heap: 336876
17:05:13.296 > [1096466][I][PacketService.cpp:12] createEmptyPacket(): [LoRaMesher] Packet created with 17 bytes
17:05:13.305 > [1096474][I][LoraMesher.cpp:392] receivingRoutine(): [LoRaMesher] Receiving LoRa packet: Size: 17 bytes RSSI: -65 SNR: 10
17:05:13.316 > [1096486][V][LoraMesher.cpp:647] processPackets(): [LoRaMesher] Size of Received Packets Queue: 1
17:05:13.325 > [1096494][I][PacketQueueService.h:80] deleteQueuePacketAndPacket(): [LoRaMesher] Deleting packet
17:05:13.333 > [1096503][I][PacketQueueService.h:83] deleteQueuePacketAndPacket(): [LoRaMesher] Deleting packet queue
17:05:13.342 > [1096512][V][LoraMesher.cpp:658] processPackets(): [LoRaMesher] TESTING: Packet not for me, deleting it
17:05:13.352 > [1096521][V][LoraMesher.cpp:641] processPackets(): [LoRaMesher] Stack space unused after entering the task: 2040
17:05:13.362 > [1096531][V][LoraMesher.cpp:642] processPackets(): [LoRaMesher] Free heap: 336876
17:05:14.140 > [1097309][V][LoraMesher.cpp:378] receivingRoutine(): [LoRaMesher] Stack space unused after entering the task: 2060
17:05:14.151 > [1097320][V][LoraMesher.cpp:379] receivingRoutine(): [LoRaMesher] Free heap: 336876
17:05:14.157 > [1097327][I][PacketService.cpp:12] createEmptyPacket(): [LoRaMesher] Packet created with 17 bytes
17:05:14.166 > [1097336][I][LoraMesher.cpp:392] receivingRoutine(): [LoRaMesher] Receiving LoRa packet: Size: 17 bytes RSSI: -11 SNR: 14
17:05:14.178 > [1097347][V][LoraMesher.cpp:647] processPackets(): [LoRaMesher] Size of Received Packets Queue: 1
17:05:14.186 > [1097356][I][PacketQueueService.h:80] deleteQueuePacketAndPacket(): [LoRaMesher] Deleting packet
17:05:14.196 > [1097364][I][PacketQueueService.h:83] deleteQueuePacketAndPacket(): [LoRaMesher] Deleting packet queue
17:05:14.204 > [1097374][V][LoraMesher.cpp:658] processPackets(): [LoRaMesher] TESTING: Packet not for me, deleting it
17:05:14.213 > [1097383][V][LoraMesher.cpp:641] processPackets(): [LoRaMesher] Stack space unused after entering the task: 2040
17:05:14.223 > [1097393][V][LoraMesher.cpp:642] processPackets(): [LoRaMesher] Free heap: 336876
17:05:29.191 > Send packet 55
17:05:29.193 > Sending packet to D110
17:05:29.195 > [1112362][V][LoraMesher.h:250] createPacketAndSend(): [LoRaMesher] Creating a packet for send with 8 bytes
17:05:29.204 > [1112374][V][PacketFactory.h:45] createPacket(): [LoRaMesher] Creating packet with 17 bytes
17:05:29.212 > [1112382][I][PacketFactory.h:74] createPacket(): [LoRaMesher] Packet created with 17 bytes
17:05:29.220 > [1112390][I][LoraMesher.h:659] setPackedForSend(): [LoRaMesher] Adding packet to Q_SP
17:05:29.228 > [1112398][I][LoraMesher.h:661] setPackedForSend(): [LoRaMesher] Created packet to Q_SP
17:05:29.236 > [1112406][I][LoraMesher.cpp:1051] addToSendOrderedAndNotify(): [LoRaMesher] Added packet to Q_SP, notifying sender task
17:05:29.246 > [1112416][V][LoraMesher.cpp:511] sendPackets(): [LoRaMesher] Stack space unused after entering the task: 1972
17:05:29.256 > [1112426][V][LoraMesher.cpp:512] sendPackets(): [LoRaMesher] Free heap: 336780
17:05:29.263 > [1112433][V][LoraMesher.cpp:518] sendPackets(): [LoRaMesher] Size of Send Packets Queue: 1
17:05:29.271 > [1112441][V][LoraMesher.cpp:525] sendPackets(): [LoRaMesher] Send n. 65
17:05:29.278 > [1112448][V][LoraMesher.cpp:455] waitBeforeSend(): [LoRaMesher] RandomDelay 267 ms
17:05:29.553 > [1112723][V][LoraMesher.cpp:754] printHeaderPacket(): [LoRaMesher] Packet send -- Size: 17 Src: B3F0 Dst: D110 Id: 65 Type: 2 Via: DE6C Seq_Id: 0 Num: 0
17:05:29.642 > [1112813][V][LoraMesher.cpp:575] sendPackets(): [LoRaMesher] TimeOnAir 63 ms, next message in 0 ms
17:05:29.651 > [1112822][I][PacketQueueService.h:80] deleteQueuePacketAndPacket(): [LoRaMesher] Deleting packet
17:05:29.660 > [1112830][I][PacketQueueService.h:83] deleteQueuePacketAndPacket(): [LoRaMesher] Deleting packet queue
17:05:30.106 > [1113276][V][LoraMesher.cpp:378] receivingRoutine(): [LoRaMesher] Stack space unused after entering the task: 2060
17:05:30.116 > [1113287][V][LoraMesher.cpp:379] receivingRoutine(): [LoRaMesher] Free heap: 336876
17:05:30.124 > [1113294][I][PacketService.cpp:12] createEmptyPacket(): [LoRaMesher] Packet created with 17 bytes
17:05:30.133 > [1113303][I][LoraMesher.cpp:392] receivingRoutine(): [LoRaMesher] Receiving LoRa packet: Size: 17 bytes RSSI: -13 SNR: 13
17:05:30.144 > [1113314][V][LoraMesher.cpp:647] processPackets(): [LoRaMesher] Size of Received Packets Queue: 1
17:05:30.153 > [1113323][I][PacketQueueService.h:80] deleteQueuePacketAndPacket(): [LoRaMesher] Deleting packet
17:05:30.161 > [1113332][I][PacketQueueService.h:83] deleteQueuePacketAndPacket(): [LoRaMesher] Deleting packet queue
17:05:30.171 > [1113341][V][LoraMesher.cpp:658] processPackets(): [LoRaMesher] TESTING: Packet not for me, deleting it
17:05:30.180 > [1113350][V][LoraMesher.cpp:641] processPackets(): [LoRaMesher] Stack space unused after entering the task: 2040
17:05:30.190 > [1113360][V][LoraMesher.cpp:642] processPackets(): [LoRaMesher] Free heap: 336876
17:05:31.142 > [1114312][V][LoraMesher.cpp:378] receivingRoutine(): [LoRaMesher] Stack space unused after entering the task: 2060
17:05:31.152 > [1114322][V][LoraMesher.cpp:379] receivingRoutine(): [LoRaMesher] Free heap: 336876
17:05:31.160 > [1114330][I][PacketService.cpp:12] createEmptyPacket(): [LoRaMesher] Packet created with 17 bytes
17:05:31.168 > [1114338][I][LoraMesher.cpp:392] receivingRoutine(): [LoRaMesher] Receiving LoRa packet: Size: 17 bytes RSSI: -64 SNR: 9
17:05:31.180 > [1114350][V][LoraMesher.cpp:647] processPackets(): [LoRaMesher] Size of Received Packets Queue: 1
17:05:31.188 > [1114358][I][PacketQueueService.h:80] deleteQueuePacketAndPacket(): [LoRaMesher] Deleting packet
17:05:31.197 > [1114367][I][PacketQueueService.h:83] deleteQueuePacketAndPacket(): [LoRaMesher] Deleting packet queue
17:05:31.206 > [1114376][V][LoraMesher.cpp:658] processPackets(): [LoRaMesher] TESTING: Packet not for me, deleting it
17:05:31.215 > [1114385][V][LoraMesher.cpp:641] processPackets(): [LoRaMesher] Stack space unused after entering the task: 2040
17:05:31.225 > [1114395][V][LoraMesher.cpp:642] processPackets(): [LoRaMesher] Free heap: 336876
17:05:32.486 > [1115656][V][LoraMesher.cpp:378] receivingRoutine(): [LoRaMesher] Stack space unused after entering the task: 2060
17:05:32.496 > [1115667][V][LoraMesher.cpp:379] receivingRoutine(): [LoRaMesher] Free heap: 336876
17:05:32.504 > [1115674][I][PacketService.cpp:12] createEmptyPacket(): [LoRaMesher] Packet created with 17 bytes
17:05:32.513 > [1115683][I][LoraMesher.cpp:392] receivingRoutine(): [LoRaMesher] Receiving LoRa packet: Size: 17 bytes RSSI: -12 SNR: 12
17:05:32.524 > [1115694][V][LoraMesher.cpp:647] processPackets(): [LoRaMesher] Size of Received Packets Queue: 1
17:05:32.533 > [1115703][I][PacketQueueService.h:80] deleteQueuePacketAndPacket(): [LoRaMesher] Deleting packet
17:05:32.541 > [1115712][I][PacketQueueService.h:83] deleteQueuePacketAndPacket(): [LoRaMesher] Deleting packet queue
17:05:32.550 > [1115721][V][LoraMesher.cpp:658] processPackets(): [LoRaMesher] TESTING: Packet not for me, deleting it
17:05:32.560 > [1115730][V][LoraMesher.cpp:641] processPackets(): [LoRaMesher] Stack space unused after entering the task: 2040
17:05:32.570 > [1115740][V][LoraMesher.cpp:642] processPackets(): [LoRaMesher] Free heap: 336876
17:05:49.285 > Send packet 56
17:05:49.286 > Sending packet to D110
17:05:49.288 > [1132456][V][LoraMesher.h:250] createPacketAndSend(): [LoRaMesher] Creating a packet for send with 8 bytes
17:05:49.298 > [1132468][V][PacketFactory.h:45] createPacket(): [LoRaMesher] Creating packet with 17 bytes
17:05:49.306 > [1132476][I][PacketFactory.h:74] createPacket(): [LoRaMesher] Packet created with 17 bytes
17:05:49.314 > [1132484][I][LoraMesher.h:659] setPackedForSend(): [LoRaMesher] Adding packet to Q_SP
17:05:49.322 > [1132492][I][LoraMesher.h:661] setPackedForSend(): [LoRaMesher] Created packet to Q_SP
17:05:49.329 > [1132500][I][LoraMesher.cpp:1051] addToSendOrderedAndNotify(): [LoRaMesher] Added packet to Q_SP, notifying sender task
17:05:49.340 > [1132510][V][LoraMesher.cpp:511] sendPackets(): [LoRaMesher] Stack space unused after entering the task: 1972
17:05:49.350 > [1132520][V][LoraMesher.cpp:512] sendPackets(): [LoRaMesher] Free heap: 336780
17:05:49.357 > [1132527][V][LoraMesher.cpp:518] sendPackets(): [LoRaMesher] Size of Send Packets Queue: 1
17:05:49.365 > [1132535][V][LoraMesher.cpp:525] sendPackets(): [LoRaMesher] Send n. 66
17:05:49.371 > [1132542][V][LoraMesher.cpp:455] waitBeforeSend(): [LoRaMesher] RandomDelay 1115 ms
17:05:50.494 > [1133665][V][LoraMesher.cpp:754] printHeaderPacket(): [LoRaMesher] Packet send -- Size: 17 Src: B3F0 Dst: D110 Id: 66 Type: 2 Via: DE6C Seq_Id: 0 Num: 0
17:05:50.584 > [1133755][V][LoraMesher.cpp:575] sendPackets(): [LoRaMesher] TimeOnAir 63 ms, next message in 0 ms
17:05:50.593 > [1133764][I][PacketQueueService.h:80] deleteQueuePacketAndPacket(): [LoRaMesher] Deleting packet
17:05:50.602 > [1133772][I][PacketQueueService.h:83] deleteQueuePacketAndPacket(): [LoRaMesher] Deleting packet queue
17:05:51.766 > [1134937][V][LoraMesher.cpp:378] receivingRoutine(): [LoRaMesher] Stack space unused after entering the task: 2060
17:05:51.777 > [1134947][V][LoraMesher.cpp:379] receivingRoutine(): [LoRaMesher] Free heap: 336876
17:05:51.784 > [1134955][I][PacketService.cpp:12] createEmptyPacket(): [LoRaMesher] Packet created with 17 bytes
17:05:51.793 > [1134964][I][LoraMesher.cpp:392] receivingRoutine(): [LoRaMesher] Receiving LoRa packet: Size: 17 bytes RSSI: -13 SNR: 13
17:05:51.804 > [1134975][V][LoraMesher.cpp:647] processPackets(): [LoRaMesher] Size of Received Packets Queue: 1
17:05:51.813 > [1134984][I][PacketQueueService.h:80] deleteQueuePacketAndPacket(): [LoRaMesher] Deleting packet
17:05:51.822 > [1134992][I][PacketQueueService.h:83] deleteQueuePacketAndPacket(): [LoRaMesher] Deleting packet queue
17:05:51.831 > [1135001][V][LoraMesher.cpp:658] processPackets(): [LoRaMesher] TESTING: Packet not for me, deleting it
17:05:51.840 > [1135010][V][LoraMesher.cpp:641] processPackets(): [LoRaMesher] Stack space unused after entering the task: 2040
17:05:51.850 > [1135021][V][LoraMesher.cpp:642] processPackets(): [LoRaMesher] Free heap: 336876
17:05:53.096 > [1136267][V][LoraMesher.cpp:378] receivingRoutine(): [LoRaMesher] Stack space unused after entering the task: 2060
17:05:53.106 > [1136277][V][LoraMesher.cpp:379] receivingRoutine(): [LoRaMesher] Free heap: 336876
17:05:53.114 > [1136285][I][PacketService.cpp:12] createEmptyPacket(): [LoRaMesher] Packet created with 17 bytes
17:05:53.123 > [1136293][I][LoraMesher.cpp:392] receivingRoutine(): [LoRaMesher] Receiving LoRa packet: Size: 17 bytes RSSI: -64 SNR: 9
17:05:53.134 > [1136305][V][LoraMesher.cpp:647] processPackets(): [LoRaMesher] Size of Received Packets Queue: 1
17:05:53.143 > [1136313][I][PacketQueueService.h:80] deleteQueuePacketAndPacket(): [LoRaMesher] Deleting packet
17:05:53.151 > [1136322][I][PacketQueueService.h:83] deleteQueuePacketAndPacket(): [LoRaMesher] Deleting packet queue
17:05:53.160 > [1136331][V][LoraMesher.cpp:658] processPackets(): [LoRaMesher] TESTING: Packet not for me, deleting it
17:05:53.170 > [1136340][V][LoraMesher.cpp:641] processPackets(): [LoRaMesher] Stack space unused after entering the task: 2040
17:05:53.180 > [1136350][V][LoraMesher.cpp:642] processPackets(): [LoRaMesher] Free heap: 336876
17:05:53.685 > [1136856][V][LoraMesher.cpp:378] receivingRoutine(): [LoRaMesher] Stack space unused after entering the task: 2060
17:05:53.696 > [1136867][V][LoraMesher.cpp:379] receivingRoutine(): [LoRaMesher] Free heap: 336876
17:05:53.704 > [1136874][I][PacketService.cpp:12] createEmptyPacket(): [LoRaMesher] Packet created with 17 bytes
17:05:53.713 > [1136883][I][LoraMesher.cpp:392] receivingRoutine(): [LoRaMesher] Receiving LoRa packet: Size: 17 bytes RSSI: -11 SNR: 13
17:05:53.724 > [1136894][V][LoraMesher.cpp:647] processPackets(): [LoRaMesher] Size of Received Packets Queue: 1
17:05:53.732 > [1136903][I][PacketQueueService.h:80] deleteQueuePacketAndPacket(): [LoRaMesher] Deleting packet
17:05:53.742 > [1136912][I][PacketQueueService.h:83] deleteQueuePacketAndPacket(): [LoRaMesher] Deleting packet queue
17:05:53.750 > [1136921][V][LoraMesher.cpp:658] processPackets(): [LoRaMesher] TESTING: Packet not for me, deleting it
17:05:53.759 > [1136930][V][LoraMesher.cpp:641] processPackets(): [LoRaMesher] Stack space unused after entering the task: 2040
17:05:53.769 > [1136940][V][LoraMesher.cpp:642] processPackets(): [LoRaMesher] Free heap: 336876
17:06:09.378 > Send packet 57
17:06:09.380 > Sending packet to D110
17:06:09.382 > [1152550][V][LoraMesher.h:250] createPacketAndSend(): [LoRaMesher] Creating a packet for send with 8 bytes
17:06:09.391 > [1152562][V][PacketFactory.h:45] createPacket(): [LoRaMesher] Creating packet with 17 bytes
17:06:09.400 > [1152570][I][PacketFactory.h:74] createPacket(): [LoRaMesher] Packet created with 17 bytes
17:06:09.408 > [1152578][I][LoraMesher.h:659] setPackedForSend(): [LoRaMesher] Adding packet to Q_SP
17:06:09.415 > [1152586][I][LoraMesher.h:661] setPackedForSend(): [LoRaMesher] Created packet to Q_SP
17:06:09.423 > [1152594][I][LoraMesher.cpp:1051] addToSendOrderedAndNotify(): [LoRaMesher] Added packet to Q_SP, notifying sender task
17:06:09.434 > [1152604][V][LoraMesher.cpp:511] sendPackets(): [LoRaMesher] Stack space unused after entering the task: 1972
17:06:09.443 > [1152614][V][LoraMesher.cpp:512] sendPackets(): [LoRaMesher] Free heap: 336780
17:06:09.450 > [1152621][V][LoraMesher.cpp:518] sendPackets(): [LoRaMesher] Size of Send Packets Queue: 1
17:06:09.458 > [1152629][V][LoraMesher.cpp:525] sendPackets(): [LoRaMesher] Send n. 67
17:06:09.465 > [1152636][V][LoraMesher.cpp:455] waitBeforeSend(): [LoRaMesher] RandomDelay 388 ms
17:06:09.860 > [1153032][V][LoraMesher.cpp:754] printHeaderPacket(): [LoRaMesher] Packet send -- Size: 17 Src: B3F0 Dst: D110 Id: 67 Type: 2 Via: DE6C Seq_Id: 0 Num: 0
17:06:09.950 > [1153122][V][LoraMesher.cpp:575] sendPackets(): [LoRaMesher] TimeOnAir 63 ms, next message in 0 ms
17:06:09.960 > [1153131][I][PacketQueueService.h:80] deleteQueuePacketAndPacket(): [LoRaMesher] Deleting packet
17:06:09.968 > [1153139][I][PacketQueueService.h:83] deleteQueuePacketAndPacket(): [LoRaMesher] Deleting packet queue
17:06:10.615 > [1153786][V][LoraMesher.cpp:378] receivingRoutine(): [LoRaMesher] Stack space unused after entering the task: 2060
17:06:10.626 > [1153797][V][LoraMesher.cpp:379] receivingRoutine(): [LoRaMesher] Free heap: 336876
17:06:10.633 > [1153804][I][PacketService.cpp:12] createEmptyPacket(): [LoRaMesher] Packet created with 17 bytes
17:06:10.642 > [1153813][I][LoraMesher.cpp:392] receivingRoutine(): [LoRaMesher] Receiving LoRa packet: Size: 17 bytes RSSI: -13 SNR: 13
17:06:10.654 > [1153824][V][LoraMesher.cpp:647] processPackets(): [LoRaMesher] Size of Received Packets Queue: 1
17:06:10.662 > [1153833][I][PacketQueueService.h:80] deleteQueuePacketAndPacket(): [LoRaMesher] Deleting packet
17:06:10.671 > [1153842][I][PacketQueueService.h:83] deleteQueuePacketAndPacket(): [LoRaMesher] Deleting packet queue
17:06:10.680 > [1153851][V][LoraMesher.cpp:658] processPackets(): [LoRaMesher] TESTING: Packet not for me, deleting it
17:06:10.689 > [1153860][V][LoraMesher.cpp:641] processPackets(): [LoRaMesher] Stack space unused after entering the task: 2040
17:06:10.699 > [1153870][V][LoraMesher.cpp:642] processPackets(): [LoRaMesher] Free heap: 336876
17:06:11.791 > [1154963][V][LoraMesher.cpp:378] receivingRoutine(): [LoRaMesher] Stack space unused after entering the task: 2060
17:06:11.802 > [1154973][V][LoraMesher.cpp:379] receivingRoutine(): [LoRaMesher] Free heap: 336876
17:06:11.810 > [1154981][I][PacketService.cpp:12] createEmptyPacket(): [LoRaMesher] Packet created with 17 bytes
17:06:11.818 > [1154989][I][LoraMesher.cpp:392] receivingRoutine(): [LoRaMesher] Receiving LoRa packet: Size: 17 bytes RSSI: -65 SNR: 7
17:06:11.830 > [1155001][V][LoraMesher.cpp:647] processPackets(): [LoRaMesher] Size of Received Packets Queue: 1
17:06:11.838 > [1155009][I][PacketQueueService.h:80] deleteQueuePacketAndPacket(): [LoRaMesher] Deleting packet
17:06:11.847 > [1155018][I][PacketQueueService.h:83] deleteQueuePacketAndPacket(): [LoRaMesher] Deleting packet queue
17:06:11.856 > [1155027][V][LoraMesher.cpp:658] processPackets(): [LoRaMesher] TESTING: Packet not for me, deleting it
17:06:11.865 > [1155036][V][LoraMesher.cpp:641] processPackets(): [LoRaMesher] Stack space unused after entering the task: 2040
17:06:11.875 > [1155046][V][LoraMesher.cpp:642] processPackets(): [LoRaMesher] Free heap: 336876
17:06:12.609 > [1155780][V][LoraMesher.cpp:378] receivingRoutine(): [LoRaMesher] Stack space unused after entering the task: 2060
17:06:12.620 > [1155791][V][LoraMesher.cpp:379] receivingRoutine(): [LoRaMesher] Free heap: 336876
17:06:12.627 > [1155798][I][PacketService.cpp:12] createEmptyPacket(): [LoRaMesher] Packet created with 17 bytes
17:06:12.636 > [1155807][I][LoraMesher.cpp:392] receivingRoutine(): [LoRaMesher] Receiving LoRa packet: Size: 17 bytes RSSI: -10 SNR: 13
17:06:12.647 > [1155818][V][LoraMesher.cpp:647] processPackets(): [LoRaMesher] Size of Received Packets Queue: 1
17:06:12.656 > [1155827][I][PacketQueueService.h:80] deleteQueuePacketAndPacket(): [LoRaMesher] Deleting packet
17:06:12.665 > [1155836][I][PacketQueueService.h:83] deleteQueuePacketAndPacket(): [LoRaMesher] Deleting packet queue
17:06:12.674 > [1155845][V][LoraMesher.cpp:658] processPackets(): [LoRaMesher] TESTING: Packet not for me, deleting it
17:06:12.683 > [1155854][V][LoraMesher.cpp:641] processPackets(): [LoRaMesher] Stack space unused after entering the task: 2040
17:06:12.693 > [1155864][V][LoraMesher.cpp:642] processPackets(): [LoRaMesher] Free heap: 336876
17:06:29.471 > Send packet 58
17:06:29.473 > Sending packet to D110
17:06:29.475 > [1172644][V][LoraMesher.h:250] createPacketAndSend(): [LoRaMesher] Creating a packet for send with 8 bytes
17:06:29.485 > [1172656][V][PacketFactory.h:45] createPacket(): [LoRaMesher] Creating packet with 17 bytes
17:06:29.492 > [1172664][I][PacketFactory.h:74] createPacket(): [LoRaMesher] Packet created with 17 bytes
17:06:29.500 > [1172672][I][LoraMesher.h:659] setPackedForSend(): [LoRaMesher] Adding packet to Q_SP
17:06:29.508 > [1172680][I][LoraMesher.h:661] setPackedForSend(): [LoRaMesher] Created packet to Q_SP
17:06:29.516 > [1172688][I][LoraMesher.cpp:1051] addToSendOrderedAndNotify(): [LoRaMesher] Added packet to Q_SP, notifying sender task
17:06:29.526 > [1172698][V][LoraMesher.cpp:511] sendPackets(): [LoRaMesher] Stack space unused after entering the task: 1972
17:06:29.536 > [1172708][V][LoraMesher.cpp:512] sendPackets(): [LoRaMesher] Free heap: 336780
17:06:29.543 > [1172715][V][LoraMesher.cpp:518] sendPackets(): [LoRaMesher] Size of Send Packets Queue: 1
17:06:29.551 > [1172723][V][LoraMesher.cpp:525] sendPackets(): [LoRaMesher] Send n. 68
17:06:29.557 > [1172730][V][LoraMesher.cpp:455] waitBeforeSend(): [LoRaMesher] RandomDelay 289 ms
17:06:29.854 > [1173027][V][LoraMesher.cpp:754] printHeaderPacket(): [LoRaMesher] Packet send -- Size: 17 Src: B3F0 Dst: D110 Id: 68 Type: 2 Via: DE6C Seq_Id: 0 Num: 0
17:06:29.944 > [1173117][V][LoraMesher.cpp:575] sendPackets(): [LoRaMesher] TimeOnAir 63 ms, next message in 0 ms
17:06:29.953 > [1173126][I][PacketQueueService.h:80] deleteQueuePacketAndPacket(): [LoRaMesher] Deleting packet
17:06:29.962 > [1173134][I][PacketQueueService.h:83] deleteQueuePacketAndPacket(): [LoRaMesher] Deleting packet queue
17:06:31.013 > [1174185][V][LoraMesher.cpp:378] receivingRoutine(): [LoRaMesher] Stack space unused after entering the task: 2060
17:06:31.023 > [1174195][V][LoraMesher.cpp:379] receivingRoutine(): [LoRaMesher] Free heap: 336876
17:06:31.031 > [1174203][I][PacketService.cpp:12] createEmptyPacket(): [LoRaMesher] Packet created with 17 bytes
17:06:31.039 > [1174212][I][LoraMesher.cpp:392] receivingRoutine(): [LoRaMesher] Receiving LoRa packet: Size: 17 bytes RSSI: -13 SNR: 12
17:06:31.051 > [1174223][V][LoraMesher.cpp:647] processPackets(): [LoRaMesher] Size of Received Packets Queue: 1
17:06:31.059 > [1174232][I][PacketQueueService.h:80] deleteQueuePacketAndPacket(): [LoRaMesher] Deleting packet
17:06:31.068 > [1174240][I][PacketQueueService.h:83] deleteQueuePacketAndPacket(): [LoRaMesher] Deleting packet queue
17:06:31.077 > [1174249][V][LoraMesher.cpp:658] processPackets(): [LoRaMesher] TESTING: Packet not for me, deleting it
17:06:31.086 > [1174259][V][LoraMesher.cpp:641] processPackets(): [LoRaMesher] Stack space unused after entering the task: 2040
17:06:31.096 > [1174269][V][LoraMesher.cpp:642] processPackets(): [LoRaMesher] Free heap: 336876
17:06:31.842 > [1175015][V][LoraMesher.cpp:378] receivingRoutine(): [LoRaMesher] Stack space unused after entering the task: 2060
17:06:31.853 > [1175025][V][LoraMesher.cpp:379] receivingRoutine(): [LoRaMesher] Free heap: 336876
17:06:31.860 > [1175033][I][PacketService.cpp:12] createEmptyPacket(): [LoRaMesher] Packet created with 17 bytes
17:06:31.869 > [1175041][I][LoraMesher.cpp:392] receivingRoutine(): [LoRaMesher] Receiving LoRa packet: Size: 17 bytes RSSI: -64 SNR: 9
17:06:31.881 > [1175053][V][LoraMesher.cpp:647] processPackets(): [LoRaMesher] Size of Received Packets Queue: 1
17:06:31.889 > [1175061][I][PacketQueueService.h:80] deleteQueuePacketAndPacket(): [LoRaMesher] Deleting packet
17:06:31.897 > [1175070][I][PacketQueueService.h:83] deleteQueuePacketAndPacket(): [LoRaMesher] Deleting packet queue
17:06:31.907 > [1175079][V][LoraMesher.cpp:658] processPackets(): [LoRaMesher] TESTING: Packet not for me, deleting it
17:06:31.917 > [1175088][V][LoraMesher.cpp:641] processPackets(): [LoRaMesher] Stack space unused after entering the task: 2040
17:06:31.926 > [1175098][V][LoraMesher.cpp:642] processPackets(): [LoRaMesher] Free heap: 336876
17:06:32.632 > [1175804][V][LoraMesher.cpp:378] receivingRoutine(): [LoRaMesher] Stack space unused after entering the task: 2060
17:06:32.642 > [1175815][V][LoraMesher.cpp:379] receivingRoutine(): [LoRaMesher] Free heap: 336876
17:06:32.650 > [1175822][I][PacketService.cpp:12] createEmptyPacket(): [LoRaMesher] Packet created with 17 bytes
17:06:32.659 > [1175831][I][LoraMesher.cpp:392] receivingRoutine(): [LoRaMesher] Receiving LoRa packet: Size: 17 bytes RSSI: -10 SNR: 13
17:06:32.670 > [1175842][V][LoraMesher.cpp:647] processPackets(): [LoRaMesher] Size of Received Packets Queue: 1
17:06:32.680 > [1175851][I][PacketQueueService.h:80] deleteQueuePacketAndPacket(): [LoRaMesher] Deleting packet
17:06:32.687 > [1175860][I][PacketQueueService.h:83] deleteQueuePacketAndPacket(): [LoRaMesher] Deleting packet queue
17:06:32.696 > [1175869][V][LoraMesher.cpp:658] processPackets(): [LoRaMesher] TESTING: Packet not for me, deleting it
17:06:32.706 > [1175878][V][LoraMesher.cpp:641] processPackets(): [LoRaMesher] Stack space unused after entering the task: 2040
17:06:32.717 > [1175888][V][LoraMesher.cpp:642] processPackets(): [LoRaMesher] Free heap: 336876
17:06:49.565 > Send packet 59
17:06:49.566 > Sending packet to D110
17:06:49.568 > [1192738][V][LoraMesher.h:250] createPacketAndSend(): [LoRaMesher] Creating a packet for send with 8 bytes
17:06:49.578 > [1192750][V][PacketFactory.h:45] createPacket(): [LoRaMesher] Creating packet with 17 bytes
17:06:49.586 > [1192758][I][PacketFactory.h:74] createPacket(): [LoRaMesher] Packet created with 17 bytes
17:06:49.594 > [1192766][I][LoraMesher.h:659] setPackedForSend(): [LoRaMesher] Adding packet to Q_SP
17:06:49.601 > [1192774][I][LoraMesher.h:661] setPackedForSend(): [LoRaMesher] Created packet to Q_SP
17:06:49.609 > [1192782][I][LoraMesher.cpp:1051] addToSendOrderedAndNotify(): [LoRaMesher] Added packet to Q_SP, notifying sender task
17:06:49.620 > [1192792][V][LoraMesher.cpp:511] sendPackets(): [LoRaMesher] Stack space unused after entering the task: 1972
17:06:49.629 > [1192802][V][LoraMesher.cpp:512] sendPackets(): [LoRaMesher] Free heap: 336780
17:06:49.637 > [1192809][V][LoraMesher.cpp:518] sendPackets(): [LoRaMesher] Size of Send Packets Queue: 1
17:06:49.645 > [1192817][V][LoraMesher.cpp:525] sendPackets(): [LoRaMesher] Send n. 69
17:06:49.651 > [1192824][V][LoraMesher.cpp:455] waitBeforeSend(): [LoRaMesher] RandomDelay 259 ms
17:06:49.918 > [1193091][V][LoraMesher.cpp:754] printHeaderPacket(): [LoRaMesher] Packet send -- Size: 17 Src: B3F0 Dst: D110 Id: 69 Type: 2 Via: DE6C Seq_Id: 0 Num: 0
17:06:50.008 > [1193181][V][LoraMesher.cpp:575] sendPackets(): [LoRaMesher] TimeOnAir 63 ms, next message in 0 ms
17:06:50.017 > [1193190][I][PacketQueueService.h:80] deleteQueuePacketAndPacket(): [LoRaMesher] Deleting packet
17:06:50.025 > [1193198][I][PacketQueueService.h:83] deleteQueuePacketAndPacket(): [LoRaMesher] Deleting packet queue
17:06:51.248 > [1194421][V][LoraMesher.cpp:378] receivingRoutine(): [LoRaMesher] Stack space unused after entering the task: 2060
17:06:51.258 > [1194431][V][LoraMesher.cpp:379] receivingRoutine(): [LoRaMesher] Free heap: 336876
17:06:51.266 > [1194438][I][PacketService.cpp:12] createEmptyPacket(): [LoRaMesher] Packet created with 17 bytes
17:06:51.275 > [1194447][I][LoraMesher.cpp:392] receivingRoutine(): [LoRaMesher] Receiving LoRa packet: Size: 17 bytes RSSI: -12 SNR: 13
17:06:51.286 > [1194459][V][LoraMesher.cpp:647] processPackets(): [LoRaMesher] Size of Received Packets Queue: 1
17:06:51.295 > [1194467][I][PacketQueueService.h:80] deleteQueuePacketAndPacket(): [LoRaMesher] Deleting packet
17:06:51.303 > [1194476][I][PacketQueueService.h:83] deleteQueuePacketAndPacket(): [LoRaMesher] Deleting packet queue
17:06:51.312 > [1194485][V][LoraMesher.cpp:658] processPackets(): [LoRaMesher] TESTING: Packet not for me, deleting it
17:06:51.322 > [1194494][V][LoraMesher.cpp:641] processPackets(): [LoRaMesher] Stack space unused after entering the task: 2040
17:06:51.332 > [1194504][V][LoraMesher.cpp:642] processPackets(): [LoRaMesher] Free heap: 336876
17:06:52.380 > [1195553][V][LoraMesher.cpp:378] receivingRoutine(): [LoRaMesher] Stack space unused after entering the task: 2060
17:06:52.390 > [1195563][V][LoraMesher.cpp:379] receivingRoutine(): [LoRaMesher] Free heap: 336876
17:06:52.398 > [1195570][I][PacketService.cpp:12] createEmptyPacket(): [LoRaMesher] Packet created with 17 bytes
17:06:52.407 > [1195579][I][LoraMesher.cpp:392] receivingRoutine(): [LoRaMesher] Receiving LoRa packet: Size: 17 bytes RSSI: -64 SNR: 8
17:06:52.418 > [1195590][V][LoraMesher.cpp:647] processPackets(): [LoRaMesher] Size of Received Packets Queue: 1
17:06:52.426 > [1195599][I][PacketQueueService.h:80] deleteQueuePacketAndPacket(): [LoRaMesher] Deleting packet
17:06:52.435 > [1195608][I][PacketQueueService.h:83] deleteQueuePacketAndPacket(): [LoRaMesher] Deleting packet queue
17:06:52.444 > [1195617][V][LoraMesher.cpp:658] processPackets(): [LoRaMesher] TESTING: Packet not for me, deleting it
17:06:52.453 > [1195626][V][LoraMesher.cpp:641] processPackets(): [LoRaMesher] Stack space unused after entering the task: 2040
17:06:52.463 > [1195636][V][LoraMesher.cpp:642] processPackets(): [LoRaMesher] Free heap: 336876
17:06:53.288 > [1196461][V][LoraMesher.cpp:378] receivingRoutine(): [LoRaMesher] Stack space unused after entering the task: 2060
17:06:53.298 > [1196471][V][LoraMesher.cpp:379] receivingRoutine(): [LoRaMesher] Free heap: 336876
17:06:53.306 > [1196478][I][PacketService.cpp:12] createEmptyPacket(): [LoRaMesher] Packet created with 17 bytes
17:06:53.314 > [1196487][I][LoraMesher.cpp:392] receivingRoutine(): [LoRaMesher] Receiving LoRa packet: Size: 17 bytes RSSI: -12 SNR: 13
17:06:53.326 > [1196498][V][LoraMesher.cpp:647] processPackets(): [LoRaMesher] Size of Received Packets Queue: 1
17:06:53.334 > [1196507][I][PacketQueueService.h:80] deleteQueuePacketAndPacket(): [LoRaMesher] Deleting packet
17:06:53.343 > [1196516][I][PacketQueueService.h:83] deleteQueuePacketAndPacket(): [LoRaMesher] Deleting packet queue
17:06:53.352 > [1196525][V][LoraMesher.cpp:658] processPackets(): [LoRaMesher] TESTING: Packet not for me, deleting it
17:06:53.361 > [1196534][V][LoraMesher.cpp:641] processPackets(): [LoRaMesher] Stack space unused after entering the task: 2040
17:06:53.371 > [1196544][V][LoraMesher.cpp:642] processPackets(): [LoRaMesher] Free heap: 336876
17:07:02.854 > [1206027][V][LoraMesher.cpp:694] routingTableManager(): [LoRaMesher] Stack space unused after entering the task: 2296
17:07:02.865 > [1206038][V][LoraMesher.cpp:695] routingTableManager(): [LoRaMesher] Free heap: 336876
17:07:02.872 > [1206045][I][RoutingTableService.cpp:216] manageTimeoutRoutingTable(): [LoRaMesher] Checking routes timeout
17:07:02.882 > [1206055][I][RoutingTableService.cpp:192] printRoutingTable(): [LoRaMesher] Current routing table:
17:07:02.891 > [1206064][I][RoutingTableService.cpp:206] printRoutingTable(): [LoRaMesher] 0 - DE6C via DE6C metric 1 Role 0
17:07:02.900 > [1206073][I][RoutingTableService.cpp:206] printRoutingTable(): [LoRaMesher] 1 - AFC0 via DE6C metric 2 Role 0
17:07:02.910 > [1206083][I][RoutingTableService.cpp:206] printRoutingTable(): [LoRaMesher] 2 - F02C via DE6C metric 3 Role 0
17:07:02.920 > [1206093][I][RoutingTableService.cpp:206] printRoutingTable(): [LoRaMesher] 3 - D110 via DE6C metric 4 Role 1
17:07:05.369 > [1208542][V][LoraMesher.cpp:598] sendHelloPacket(): [LoRaMesher] Creating Routing Packet
17:07:05.377 > [1208550][V][LoraMesher.cpp:599] sendHelloPacket(): [LoRaMesher] Stack space unused after entering the task: 2164
17:07:05.387 > [1208560][V][LoraMesher.cpp:600] sendHelloPacket(): [LoRaMesher] Free heap: 336876
17:07:05.394 > [1208567][V][PacketFactory.h:45] createPacket(): [LoRaMesher] Creating packet with 24 bytes
17:07:05.403 > [1208576][I][PacketFactory.h:74] createPacket(): [LoRaMesher] Packet created with 24 bytes
17:07:05.411 > [1208584][I][LoraMesher.h:659] setPackedForSend(): [LoRaMesher] Adding packet to Q_SP
17:07:05.418 > [1208591][I][LoraMesher.h:661] setPackedForSend(): [LoRaMesher] Created packet to Q_SP
17:07:05.426 > [1208599][I][LoraMesher.cpp:1051] addToSendOrderedAndNotify(): [LoRaMesher] Added packet to Q_SP, notifying sender task
17:07:05.437 > [1208610][V][LoraMesher.cpp:511] sendPackets(): [LoRaMesher] Stack space unused after entering the task: 1972
17:07:05.446 > [1208619][V][LoraMesher.cpp:512] sendPackets(): [LoRaMesher] Free heap: 336776
17:07:05.453 > [1208626][V][LoraMesher.cpp:518] sendPackets(): [LoRaMesher] Size of Send Packets Queue: 1
17:07:05.461 > [1208634][V][LoraMesher.cpp:525] sendPackets(): [LoRaMesher] Send n. 70
17:07:05.468 > [1208641][V][LoraMesher.cpp:455] waitBeforeSend(): [LoRaMesher] RandomDelay 716 ms
17:07:05.980 > [1209153][V][LoraMesher.cpp:378] receivingRoutine(): [LoRaMesher] Stack space unused after entering the task: 2060
17:07:05.990 > [1209163][V][LoraMesher.cpp:379] receivingRoutine(): [LoRaMesher] Free heap: 336804
17:07:05.998 > [1209171][I][PacketService.cpp:12] createEmptyPacket(): [LoRaMesher] Packet created with 24 bytes
17:07:06.007 > [1209180][I][LoraMesher.cpp:392] receivingRoutine(): [LoRaMesher] Receiving LoRa packet: Size: 24 bytes RSSI: -13 SNR: 13
17:07:06.018 > [1209191][V][LoraMesher.cpp:647] processPackets(): [LoRaMesher] Size of Received Packets Queue: 1
17:07:06.027 > [1209200][V][LoraMesher.cpp:754] printHeaderPacket(): [LoRaMesher] Packet received -- Size: 24 Src: DE6C Dst: FFFF Id: 10 Type: 4 Via: 0 Seq_Id: 0 Num: 0
17:07:06.041 > [1209214][I][RoutingTableService.cpp:77] processRoute(): [LoRaMesher] Route packet from DE6C with size 4
17:07:06.050 > [1209223][I][RoutingTableService.cpp:99] resetReceiveSNRRoutePacket(): [LoRaMesher] Reset Receive SNR from DE6C: 13
17:07:06.060 > [1209233][I][RoutingTableService.cpp:192] printRoutingTable(): [LoRaMesher] Current routing table:
17:07:06.069 > [1209242][I][RoutingTableService.cpp:206] printRoutingTable(): [LoRaMesher] 0 - DE6C via DE6C metric 1 Role 0
17:07:06.079 > [1209252][I][RoutingTableService.cpp:206] printRoutingTable(): [LoRaMesher] 1 - AFC0 via DE6C metric 2 Role 0
17:07:06.088 > [1209261][I][RoutingTableService.cpp:206] printRoutingTable(): [LoRaMesher] 2 - F02C via DE6C metric 3 Role 0
17:07:06.098 > [1209271][I][RoutingTableService.cpp:206] printRoutingTable(): [LoRaMesher] 3 - D110 via DE6C metric 4 Role 1
17:07:06.108 > [1209281][I][PacketQueueService.h:80] deleteQueuePacketAndPacket(): [LoRaMesher] Deleting packet
17:07:06.116 > [1209289][I][PacketQueueService.h:83] deleteQueuePacketAndPacket(): [LoRaMesher] Deleting packet queue
17:07:06.126 > [1209299][V][LoraMesher.cpp:641] processPackets(): [LoRaMesher] Stack space unused after entering the task: 2040
17:07:06.136 > [1209309][V][LoraMesher.cpp:642] processPackets(): [LoRaMesher] Free heap: 336804
17:07:06.197 > [1209370][V][LoraMesher.cpp:462] waitBeforeSend(): [LoRaMesher] Preamble detected while waiting 1
17:07:06.206 > [1209379][V][LoraMesher.cpp:455] waitBeforeSend(): [LoRaMesher] RandomDelay 518 ms
17:07:06.642 > [1209815][V][LoraMesher.cpp:378] receivingRoutine(): [LoRaMesher] Stack space unused after entering the task: 2060
17:07:06.653 > [1209826][V][LoraMesher.cpp:379] receivingRoutine(): [LoRaMesher] Free heap: 336804
17:07:06.660 > [1209833][I][PacketService.cpp:12] createEmptyPacket(): [LoRaMesher] Packet created with 24 bytes
17:07:06.669 > [1209842][I][LoraMesher.cpp:392] receivingRoutine(): [LoRaMesher] Receiving LoRa packet: Size: 24 bytes RSSI: -15 SNR: 12
17:07:06.680 > [1209853][V][LoraMesher.cpp:647] processPackets(): [LoRaMesher] Size of Received Packets Queue: 1
17:07:06.689 > [1209862][I][PacketQueueService.h:80] deleteQueuePacketAndPacket(): [LoRaMesher] Deleting packet
17:07:06.698 > [1209871][I][PacketQueueService.h:83] deleteQueuePacketAndPacket(): [LoRaMesher] Deleting packet queue
17:07:06.707 > [1209880][V][LoraMesher.cpp:658] processPackets(): [LoRaMesher] TESTING: Packet not for me, deleting it
17:07:06.716 > [1209889][V][LoraMesher.cpp:641] processPackets(): [LoRaMesher] Stack space unused after entering the task: 2040
17:07:06.726 > [1209899][V][LoraMesher.cpp:642] processPackets(): [LoRaMesher] Free heap: 336804
17:07:06.737 > [1209910][V][LoraMesher.cpp:462] waitBeforeSend(): [LoRaMesher] Preamble detected while waiting 2
17:07:06.746 > [1209919][V][LoraMesher.cpp:455] waitBeforeSend(): [LoRaMesher] RandomDelay 460 ms
17:07:07.213 > [1210387][V][LoraMesher.cpp:754] printHeaderPacket(): [LoRaMesher] Packet send -- Size: 24 Src: B3F0 Dst: FFFF Id: 70 Type: 4 Via: 0 Seq_Id: 0 Num: 0
17:07:07.317 > [1210491][V][LoraMesher.cpp:575] sendPackets(): [LoRaMesher] TimeOnAir 78 ms, next message in 0 ms
17:07:07.326 > [1210500][I][PacketQueueService.h:80] deleteQueuePacketAndPacket(): [LoRaMesher] Deleting packet
17:07:07.335 > [1210508][I][PacketQueueService.h:83] deleteQueuePacketAndPacket(): [LoRaMesher] Deleting packet queue
17:07:09.658 > Send packet 60
17:07:09.660 > Sending packet to D110
17:07:09.662 > [1212832][V][LoraMesher.h:250] createPacketAndSend(): [LoRaMesher] Creating a packet for send with 8 bytes
17:07:09.671 > [1212844][V][PacketFactory.h:45] createPacket(): [LoRaMesher] Creating packet with 17 bytes
17:07:09.679 > [1212852][I][PacketFactory.h:74] createPacket(): [LoRaMesher] Packet created with 17 bytes
17:07:09.687 > [1212860][I][LoraMesher.h:659] setPackedForSend(): [LoRaMesher] Adding packet to Q_SP
17:07:09.695 > [1212868][I][LoraMesher.h:661] setPackedForSend(): [LoRaMesher] Created packet to Q_SP
17:07:09.703 > [1212876][I][LoraMesher.cpp:1051] addToSendOrderedAndNotify(): [LoRaMesher] Added packet to Q_SP, notifying sender task
17:07:09.713 > [1212886][V][LoraMesher.cpp:511] sendPackets(): [LoRaMesher] Stack space unused after entering the task: 1972
17:07:09.723 > [1212896][V][LoraMesher.cpp:512] sendPackets(): [LoRaMesher] Free heap: 336780
17:07:09.730 > [1212903][V][LoraMesher.cpp:518] sendPackets(): [LoRaMesher] Size of Send Packets Queue: 1
17:07:09.738 > [1212911][V][LoraMesher.cpp:525] sendPackets(): [LoRaMesher] Send n. 71
17:07:09.745 > [1212918][V][LoraMesher.cpp:455] waitBeforeSend(): [LoRaMesher] RandomDelay 832 ms
17:07:10.159 > [1213333][V][LoraMesher.cpp:378] receivingRoutine(): [LoRaMesher] Stack space unused after entering the task: 2060
17:07:10.170 > [1213343][V][LoraMesher.cpp:379] receivingRoutine(): [LoRaMesher] Free heap: 336812
17:07:10.178 > [1213351][I][PacketService.cpp:12] createEmptyPacket(): [LoRaMesher] Packet created with 24 bytes
17:07:10.186 > [1213360][I][LoraMesher.cpp:392] receivingRoutine(): [LoRaMesher] Receiving LoRa packet: Size: 24 bytes RSSI: -12 SNR: 13
17:07:10.198 > [1213371][V][LoraMesher.cpp:647] processPackets(): [LoRaMesher] Size of Received Packets Queue: 1
17:07:10.206 > [1213380][I][PacketQueueService.h:80] deleteQueuePacketAndPacket(): [LoRaMesher] Deleting packet
17:07:10.215 > [1213388][I][PacketQueueService.h:83] deleteQueuePacketAndPacket(): [LoRaMesher] Deleting packet queue
17:07:10.224 > [1213397][V][LoraMesher.cpp:658] processPackets(): [LoRaMesher] TESTING: Packet not for me, deleting it
17:07:10.233 > [1213406][V][LoraMesher.cpp:641] processPackets(): [LoRaMesher] Stack space unused after entering the task: 2040
17:07:10.243 > [1213416][V][LoraMesher.cpp:642] processPackets(): [LoRaMesher] Free heap: 336812
17:07:10.590 > [1213763][V][LoraMesher.cpp:462] waitBeforeSend(): [LoRaMesher] Preamble detected while waiting 1
17:07:10.599 > [1213772][V][LoraMesher.cpp:455] waitBeforeSend(): [LoRaMesher] RandomDelay 671 ms
17:07:11.277 > [1214451][V][LoraMesher.cpp:754] printHeaderPacket(): [LoRaMesher] Packet send -- Size: 17 Src: B3F0 Dst: D110 Id: 71 Type: 2 Via: DE6C Seq_Id: 0 Num: 0
17:07:11.367 > [1214541][V][LoraMesher.cpp:575] sendPackets(): [LoRaMesher] TimeOnAir 63 ms, next message in 0 ms
17:07:11.376 > [1214549][I][PacketQueueService.h:80] deleteQueuePacketAndPacket(): [LoRaMesher] Deleting packet
17:07:11.385 > [1214558][I][PacketQueueService.h:83] deleteQueuePacketAndPacket(): [LoRaMesher] Deleting packet queue
17:07:12.117 > [1215290][V][LoraMesher.cpp:378] receivingRoutine(): [LoRaMesher] Stack space unused after entering the task: 2060
17:07:12.127 > [1215301][V][LoraMesher.cpp:379] receivingRoutine(): [LoRaMesher] Free heap: 336876
17:07:12.135 > [1215308][I][PacketService.cpp:12] createEmptyPacket(): [LoRaMesher] Packet created with 17 bytes
17:07:12.144 > [1215317][I][LoraMesher.cpp:392] receivingRoutine(): [LoRaMesher] Receiving LoRa packet: Size: 17 bytes RSSI: -12 SNR: 12
17:07:12.155 > [1215328][V][LoraMesher.cpp:647] processPackets(): [LoRaMesher] Size of Received Packets Queue: 1
17:07:12.164 > [1215337][I][PacketQueueService.h:80] deleteQueuePacketAndPacket(): [LoRaMesher] Deleting packet
17:07:12.172 > [1215346][I][PacketQueueService.h:83] deleteQueuePacketAndPacket(): [LoRaMesher] Deleting packet queue
17:07:12.181 > [1215355][V][LoraMesher.cpp:658] processPackets(): [LoRaMesher] TESTING: Packet not for me, deleting it
17:07:12.191 > [1215364][V][LoraMesher.cpp:641] processPackets(): [LoRaMesher] Stack space unused after entering the task: 2040
17:07:12.201 > [1215374][V][LoraMesher.cpp:642] processPackets(): [LoRaMesher] Free heap: 336876
17:07:12.714 > [1215888][V][LoraMesher.cpp:378] receivingRoutine(): [LoRaMesher] Stack space unused after entering the task: 2060
17:07:12.725 > [1215898][V][LoraMesher.cpp:379] receivingRoutine(): [LoRaMesher] Free heap: 336876
17:07:12.732 > [1215905][I][PacketService.cpp:12] createEmptyPacket(): [LoRaMesher] Packet created with 17 bytes
17:07:12.741 > [1215914][I][LoraMesher.cpp:392] receivingRoutine(): [LoRaMesher] Receiving LoRa packet: Size: 17 bytes RSSI: -64 SNR: 9
17:07:12.752 > [1215925][V][LoraMesher.cpp:647] processPackets(): [LoRaMesher] Size of Received Packets Queue: 1
17:07:12.761 > [1215934][I][PacketQueueService.h:80] deleteQueuePacketAndPacket(): [LoRaMesher] Deleting packet
17:07:12.770 > [1215943][I][PacketQueueService.h:83] deleteQueuePacketAndPacket(): [LoRaMesher] Deleting packet queue
17:07:12.779 > [1215952][V][LoraMesher.cpp:658] processPackets(): [LoRaMesher] TESTING: Packet not for me, deleting it
17:07:12.788 > [1215961][V][LoraMesher.cpp:641] processPackets(): [LoRaMesher] Stack space unused after entering the task: 2040
17:07:12.798 > [1215971][V][LoraMesher.cpp:642] processPackets(): [LoRaMesher] Free heap: 336876
17:07:13.596 > [1216770][V][LoraMesher.cpp:378] receivingRoutine(): [LoRaMesher] Stack space unused after entering the task: 2060
17:07:13.607 > [1216780][V][LoraMesher.cpp:379] receivingRoutine(): [LoRaMesher] Free heap: 336876
17:07:13.614 > [1216787][I][PacketService.cpp:12] createEmptyPacket(): [LoRaMesher] Packet created with 17 bytes
17:07:13.623 > [1216796][I][LoraMesher.cpp:392] receivingRoutine(): [LoRaMesher] Receiving LoRa packet: Size: 17 bytes RSSI: -12 SNR: 13
17:07:13.634 > [1216807][V][LoraMesher.cpp:647] processPackets(): [LoRaMesher] Size of Received Packets Queue: 1
17:07:13.643 > [1216816][I][PacketQueueService.h:80] deleteQueuePacketAndPacket(): [LoRaMesher] Deleting packet
17:07:13.652 > [1216825][I][PacketQueueService.h:83] deleteQueuePacketAndPacket(): [LoRaMesher] Deleting packet queue
17:07:13.661 > [1216834][V][LoraMesher.cpp:658] processPackets(): [LoRaMesher] TESTING: Packet not for me, deleting it
17:07:13.670 > [1216843][V][LoraMesher.cpp:641] processPackets(): [LoRaMesher] Stack space unused after entering the task: 2040
17:07:13.680 > [1216853][V][LoraMesher.cpp:642] processPackets(): [LoRaMesher] Free heap: 336876
17:07:29.751 > Send packet 61
17:07:29.753 > Sending packet to D110
17:07:29.755 > [1232926][V][LoraMesher.h:250] createPacketAndSend(): [LoRaMesher] Creating a packet for send with 8 bytes
17:07:29.765 > [1232938][V][PacketFactory.h:45] createPacket(): [LoRaMesher] Creating packet with 17 bytes
17:07:29.773 > [1232946][I][PacketFactory.h:74] createPacket(): [LoRaMesher] Packet created with 17 bytes
17:07:29.781 > [1232954][I][LoraMesher.h:659] setPackedForSend(): [LoRaMesher] Adding packet to Q_SP
17:07:29.789 > [1232962][I][LoraMesher.h:661] setPackedForSend(): [LoRaMesher] Created packet to Q_SP
17:07:29.796 > [1232970][I][LoraMesher.cpp:1051] addToSendOrderedAndNotify(): [LoRaMesher] Added packet to Q_SP, notifying sender task
17:07:29.807 > [1232980][V][LoraMesher.cpp:511] sendPackets(): [LoRaMesher] Stack space unused after entering the task: 1972
17:07:29.817 > [1232990][V][LoraMesher.cpp:512] sendPackets(): [LoRaMesher] Free heap: 336780
17:07:29.824 > [1232997][V][LoraMesher.cpp:518] sendPackets(): [LoRaMesher] Size of Send Packets Queue: 1
17:07:29.832 > [1233005][V][LoraMesher.cpp:525] sendPackets(): [LoRaMesher] Send n. 72
17:07:29.838 > [1233012][V][LoraMesher.cpp:455] waitBeforeSend(): [LoRaMesher] RandomDelay 562 ms
17:07:30.407 > [1233582][V][LoraMesher.cpp:754] printHeaderPacket(): [LoRaMesher] Packet send -- Size: 17 Src: B3F0 Dst: D110 Id: 72 Type: 2 Via: DE6C Seq_Id: 0 Num: 0
17:07:30.497 > [1233672][V][LoraMesher.cpp:575] sendPackets(): [LoRaMesher] TimeOnAir 63 ms, next message in 0 ms
17:07:30.507 > [1233681][I][PacketQueueService.h:80] deleteQueuePacketAndPacket(): [LoRaMesher] Deleting packet
17:07:30.516 > [1233689][I][PacketQueueService.h:83] deleteQueuePacketAndPacket(): [LoRaMesher] Deleting packet queue
17:07:30.974 > [1234148][V][LoraMesher.cpp:378] receivingRoutine(): [LoRaMesher] Stack space unused after entering the task: 2060
17:07:30.985 > [1234158][V][LoraMesher.cpp:379] receivingRoutine(): [LoRaMesher] Free heap: 336876
17:07:30.992 > [1234166][I][PacketService.cpp:12] createEmptyPacket(): [LoRaMesher] Packet created with 17 bytes
17:07:31.001 > [1234175][I][LoraMesher.cpp:392] receivingRoutine(): [LoRaMesher] Receiving LoRa packet: Size: 17 bytes RSSI: -12 SNR: 12
17:07:31.012 > [1234186][V][LoraMesher.cpp:647] processPackets(): [LoRaMesher] Size of Received Packets Queue: 1
17:07:31.021 > [1234195][I][PacketQueueService.h:80] deleteQueuePacketAndPacket(): [LoRaMesher] Deleting packet
17:07:31.030 > [1234203][I][PacketQueueService.h:83] deleteQueuePacketAndPacket(): [LoRaMesher] Deleting packet queue
17:07:31.039 > [1234212][V][LoraMesher.cpp:658] processPackets(): [LoRaMesher] TESTING: Packet not for me, deleting it
17:07:31.048 > [1234221][V][LoraMesher.cpp:641] processPackets(): [LoRaMesher] Stack space unused after entering the task: 2040
17:07:31.058 > [1234231][V][LoraMesher.cpp:642] processPackets(): [LoRaMesher] Free heap: 336876
17:07:31.866 > [1235040][V][LoraMesher.cpp:378] receivingRoutine(): [LoRaMesher] Stack space unused after entering the task: 2060
17:07:31.876 > [1235050][V][LoraMesher.cpp:379] receivingRoutine(): [LoRaMesher] Free heap: 336876
17:07:31.884 > [1235057][I][PacketService.cpp:12] createEmptyPacket(): [LoRaMesher] Packet created with 17 bytes
17:07:31.893 > [1235066][I][LoraMesher.cpp:392] receivingRoutine(): [LoRaMesher] Receiving LoRa packet: Size: 17 bytes RSSI: -64 SNR: 8
17:07:31.904 > [1235077][V][LoraMesher.cpp:647] processPackets(): [LoRaMesher] Size of Received Packets Queue: 1
17:07:31.913 > [1235086][I][PacketQueueService.h:80] deleteQueuePacketAndPacket(): [LoRaMesher] Deleting packet
17:07:31.921 > [1235095][I][PacketQueueService.h:83] deleteQueuePacketAndPacket(): [LoRaMesher] Deleting packet queue
17:07:31.930 > [1235104][V][LoraMesher.cpp:658] processPackets(): [LoRaMesher] TESTING: Packet not for me, deleting it
17:07:31.940 > [1235113][V][LoraMesher.cpp:641] processPackets(): [LoRaMesher] Stack space unused after entering the task: 2040
17:07:31.950 > [1235123][V][LoraMesher.cpp:642] processPackets(): [LoRaMesher] Free heap: 336876
17:07:32.341 > [1235516][V][LoraMesher.cpp:378] receivingRoutine(): [LoRaMesher] Stack space unused after entering the task: 2060
17:07:32.352 > [1235526][V][LoraMesher.cpp:379] receivingRoutine(): [LoRaMesher] Free heap: 336876
17:07:32.360 > [1235533][I][PacketService.cpp:12] createEmptyPacket(): [LoRaMesher] Packet created with 17 bytes
17:07:32.369 > [1235542][I][LoraMesher.cpp:392] receivingRoutine(): [LoRaMesher] Receiving LoRa packet: Size: 17 bytes RSSI: -12 SNR: 13
17:07:32.380 > [1235554][V][LoraMesher.cpp:647] processPackets(): [LoRaMesher] Size of Received Packets Queue: 1
17:07:32.389 > [1235562][I][PacketQueueService.h:80] deleteQueuePacketAndPacket(): [LoRaMesher] Deleting packet
17:07:32.397 > [1235571][I][PacketQueueService.h:83] deleteQueuePacketAndPacket(): [LoRaMesher] Deleting packet queue
17:07:32.406 > [1235580][V][LoraMesher.cpp:658] processPackets(): [LoRaMesher] TESTING: Packet not for me, deleting it
17:07:32.416 > [1235589][V][LoraMesher.cpp:641] processPackets(): [LoRaMesher] Stack space unused after entering the task: 2040
17:07:32.426 > [1235599][V][LoraMesher.cpp:642] processPackets(): [LoRaMesher] Free heap: 336876
