16:47:23.190 > [ 26324][V][LoraMesher.cpp:378] receivingRoutine(): [LoRaMesher] Stack space unused after entering the task: 2348
16:47:23.201 > [ 26335][V][LoraMesher.cpp:379] receivingRoutine(): [LoRaMesher] Free heap: 336400
16:47:23.209 > [ 26342][I][PacketService.cpp:12] createEmptyPacket(): [LoRaMesher] Packet created with 17 bytes
16:47:23.218 > [ 26351][I][LoraMesher.cpp:392] receivingRoutine(): [LoRaMesher] Receiving LoRa packet: Size: 17 bytes RSSI: -11 SNR: 14
16:47:23.228 > [ 26362][V][LoraMesher.cpp:647] processPackets(): [LoRaMesher] Size of Received Packets Queue: 1
16:47:23.236 > [ 26371][V][LoraMesher.cpp:754] printHeaderPacket(): [LoRaMesher] Packet received -- Size: 17 Src: B3F0 Dst: FFFF Id: 2 Type: 2 Via: F000 Seq_Id: 0 Num: 0
16:47:23.250 > [ 26384][I][LoraMesher.cpp:854] processDataPacket(): [LoRaMesher] Data packet from B3F0, destination FFFF, via F000
16:47:23.261 > [ 26395][V][LoraMesher.cpp:865] processDataPacket(): [LoRaMesher] Data packet from B3F0 BROADCAST
16:47:23.269 > [ 26403][V][LoraMesher.cpp:893] processDataPacketForMe(): [LoRaMesher] Data Packet received
16:47:23.278 > [ 26411][I][PacketQueueService.h:80] deleteQueuePacketAndPacket(): [LoRaMesher] Deleting packet
16:47:23.286 > [ 26420][I][PacketQueueService.h:83] deleteQueuePacketAndPacket(): [LoRaMesher] Deleting packet queue
16:47:23.295 > [ 26429][V][LoraMesher.cpp:641] processPackets(): [LoRaMesher] Stack space unused after entering the task: 2152
16:47:23.305 > [ 26439][V][LoraMesher.cpp:642] processPackets(): [LoRaMesher] Free heap: 336340
16:47:23.477 > ReceivedUserData_TaskHandle notify received
16:47:23.481 > Queue receiveUserData size: 1
16:47:23.485 > Packet arrived from B3F0 with size 8
16:47:23.487 > DATA:1 b3f0
16:47:43.391 > [ 46525][V][LoraMesher.cpp:378] receivingRoutine(): [LoRaMesher] Stack space unused after entering the task: 2184
16:47:43.401 > [ 46535][V][LoraMesher.cpp:379] receivingRoutine(): [LoRaMesher] Free heap: 336400
16:47:43.408 > [ 46542][I][PacketService.cpp:12] createEmptyPacket(): [LoRaMesher] Packet created with 17 bytes
16:47:43.417 > [ 46551][I][LoraMesher.cpp:392] receivingRoutine(): [LoRaMesher] Receiving LoRa packet: Size: 17 bytes RSSI: -10 SNR: 13
16:47:43.428 > [ 46562][V][LoraMesher.cpp:647] processPackets(): [LoRaMesher] Size of Received Packets Queue: 1
16:47:43.437 > [ 46571][V][LoraMesher.cpp:754] printHeaderPacket(): [LoRaMesher] Packet received -- Size: 17 Src: B3F0 Dst: FFFF Id: 3 Type: 2 Via: F000 Seq_Id: 0 Num: 0
16:47:43.451 > [ 46585][I][LoraMesher.cpp:854] processDataPacket(): [LoRaMesher] Data packet from B3F0, destination FFFF, via F000
16:47:43.461 > [ 46595][V][LoraMesher.cpp:865] processDataPacket(): [LoRaMesher] Data packet from B3F0 BROADCAST
16:47:43.470 > [ 46604][V][LoraMesher.cpp:893] processDataPacketForMe(): [LoRaMesher] Data Packet received
16:47:43.478 > [ 46612][I][PacketQueueService.h:80] deleteQueuePacketAndPacket(): [LoRaMesher] Deleting packet
16:47:43.486 > [ 46620][I][PacketQueueService.h:83] deleteQueuePacketAndPacket(): [LoRaMesher] Deleting packet queue
16:47:43.495 > [ 46629][V][LoraMesher.cpp:641] processPackets(): [LoRaMesher] Stack space unused after entering the task: 2152
16:47:43.505 > [ 46639][V][LoraMesher.cpp:642] processPackets(): [LoRaMesher] Free heap: 336340
16:47:43.677 > ReceivedUserData_TaskHandle notify received
16:47:43.681 > Queue receiveUserData size: 1
16:47:43.684 > Packet arrived from B3F0 with size 8
16:47:43.687 > DATA:2 b3f0
16:48:03.591 > [ 66725][V][LoraMesher.cpp:378] receivingRoutine(): [LoRaMesher] Stack space unused after entering the task: 2184
16:48:03.601 > [ 66735][V][LoraMesher.cpp:379] receivingRoutine(): [LoRaMesher] Free heap: 336400
16:48:03.609 > [ 66743][I][PacketService.cpp:12] createEmptyPacket(): [LoRaMesher] Packet created with 17 bytes
16:48:03.618 > [ 66752][I][LoraMesher.cpp:392] receivingRoutine(): [LoRaMesher] Receiving LoRa packet: Size: 17 bytes RSSI: -10 SNR: 13
16:48:03.629 > [ 66763][V][LoraMesher.cpp:647] processPackets(): [LoRaMesher] Size of Received Packets Queue: 1
16:48:03.638 > [ 66771][V][LoraMesher.cpp:754] printHeaderPacket(): [LoRaMesher] Packet received -- Size: 17 Src: B3F0 Dst: FFFF Id: 4 Type: 2 Via: F000 Seq_Id: 0 Num: 0
16:48:03.651 > [ 66785][I][LoraMesher.cpp:854] processDataPacket(): [LoRaMesher] Data packet from B3F0, destination FFFF, via F000
16:48:03.661 > [ 66795][V][LoraMesher.cpp:865] processDataPacket(): [LoRaMesher] Data packet from B3F0 BROADCAST
16:48:03.670 > [ 66804][V][LoraMesher.cpp:893] processDataPacketForMe(): [LoRaMesher] Data Packet received
16:48:03.678 > [ 66812][I][PacketQueueService.h:80] deleteQueuePacketAndPacket(): [LoRaMesher] Deleting packet
16:48:03.687 > [ 66821][I][PacketQueueService.h:83] deleteQueuePacketAndPacket(): [LoRaMesher] Deleting packet queue
16:48:03.696 > [ 66830][V][LoraMesher.cpp:641] processPackets(): [LoRaMesher] Stack space unused after entering the task: 2152
16:48:03.706 > [ 66840][V][LoraMesher.cpp:642] processPackets(): [LoRaMesher] Free heap: 336340
16:48:03.878 > ReceivedUserData_TaskHandle notify received
16:48:03.882 > Queue receiveUserData size: 1
16:48:03.885 > Packet arrived from B3F0 with size 8
16:48:03.888 > DATA:3 b3f0
16:48:23.791 > [ 86926][V][LoraMesher.cpp:378] receivingRoutine(): [LoRaMesher] Stack space unused after entering the task: 2184
16:48:23.802 > [ 86936][V][LoraMesher.cpp:379] receivingRoutine(): [LoRaMesher] Free heap: 336400
16:48:23.810 > [ 86943][I][PacketService.cpp:12] createEmptyPacket(): [LoRaMesher] Packet created with 17 bytes
16:48:23.818 > [ 86952][I][LoraMesher.cpp:392] receivingRoutine(): [LoRaMesher] Receiving LoRa packet: Size: 17 bytes RSSI: -10 SNR: 13
16:48:23.829 > [ 86963][V][LoraMesher.cpp:647] processPackets(): [LoRaMesher] Size of Received Packets Queue: 1
16:48:23.838 > [ 86972][V][LoraMesher.cpp:754] printHeaderPacket(): [LoRaMesher] Packet received -- Size: 17 Src: B3F0 Dst: FFFF Id: 5 Type: 2 Via: F000 Seq_Id: 0 Num: 0
16:48:23.852 > [ 86986][I][LoraMesher.cpp:854] processDataPacket(): [LoRaMesher] Data packet from B3F0, destination FFFF, via F000
16:48:23.862 > [ 86996][V][LoraMesher.cpp:865] processDataPacket(): [LoRaMesher] Data packet from B3F0 BROADCAST
16:48:23.871 > [ 87004][V][LoraMesher.cpp:893] processDataPacketForMe(): [LoRaMesher] Data Packet received
16:48:23.879 > [ 87013][I][PacketQueueService.h:80] deleteQueuePacketAndPacket(): [LoRaMesher] Deleting packet
16:48:23.887 > [ 87021][I][PacketQueueService.h:83] deleteQueuePacketAndPacket(): [LoRaMesher] Deleting packet queue
16:48:23.896 > [ 87030][V][LoraMesher.cpp:641] processPackets(): [LoRaMesher] Stack space unused after entering the task: 2104
16:48:23.906 > [ 87040][V][LoraMesher.cpp:642] processPackets(): [LoRaMesher] Free heap: 336340
16:48:24.078 > ReceivedUserData_TaskHandle notify received
16:48:24.082 > Queue receiveUserData size: 1
16:48:24.085 > Packet arrived from B3F0 with size 8
16:48:24.088 > DATA:4 b3f0
16:48:43.992 > [107126][V][LoraMesher.cpp:378] receivingRoutine(): [LoRaMesher] Stack space unused after entering the task: 2184
16:48:44.002 > [107136][V][LoraMesher.cpp:379] receivingRoutine(): [LoRaMesher] Free heap: 336400
16:48:44.011 > [107144][I][PacketService.cpp:12] createEmptyPacket(): [LoRaMesher] Packet created with 17 bytes
16:48:44.019 > [107152][I][LoraMesher.cpp:392] receivingRoutine(): [LoRaMesher] Receiving LoRa packet: Size: 17 bytes RSSI: -10 SNR: 12
16:48:44.029 > [107164][V][LoraMesher.cpp:647] processPackets(): [LoRaMesher] Size of Received Packets Queue: 1
16:48:44.039 > [107172][V][LoraMesher.cpp:754] printHeaderPacket(): [LoRaMesher] Packet received -- Size: 17 Src: B3F0 Dst: FFFF Id: 6 Type: 2 Via: F000 Seq_Id: 0 Num: 0
16:48:44.052 > [107186][I][LoraMesher.cpp:854] processDataPacket(): [LoRaMesher] Data packet from B3F0, destination FFFF, via F000
16:48:44.063 > [107196][V][LoraMesher.cpp:865] processDataPacket(): [LoRaMesher] Data packet from B3F0 BROADCAST
16:48:44.070 > [107205][V][LoraMesher.cpp:893] processDataPacketForMe(): [LoRaMesher] Data Packet received
16:48:44.079 > [107213][I][PacketQueueService.h:80] deleteQueuePacketAndPacket(): [LoRaMesher] Deleting packet
16:48:44.088 > [107221][I][PacketQueueService.h:83] deleteQueuePacketAndPacket(): [LoRaMesher] Deleting packet queue
16:48:44.097 > [107230][V][LoraMesher.cpp:641] processPackets(): [LoRaMesher] Stack space unused after entering the task: 2104
16:48:44.107 > [107240][V][LoraMesher.cpp:642] processPackets(): [LoRaMesher] Free heap: 336340
16:48:44.278 > ReceivedUserData_TaskHandle notify received
16:48:44.282 > Queue receiveUserData size: 1
16:48:44.284 > Packet arrived from B3F0 with size 8
16:48:44.287 > DATA:5 b3f0
16:49:04.192 > [127326][V][LoraMesher.cpp:378] receivingRoutine(): [LoRaMesher] Stack space unused after entering the task: 2184
16:49:04.202 > [127337][V][LoraMesher.cpp:379] receivingRoutine(): [LoRaMesher] Free heap: 336400
16:49:04.210 > [127344][I][PacketService.cpp:12] createEmptyPacket(): [LoRaMesher] Packet created with 17 bytes
16:49:04.219 > [127353][I][LoraMesher.cpp:392] receivingRoutine(): [LoRaMesher] Receiving LoRa packet: Size: 17 bytes RSSI: -10 SNR: 13
16:49:04.230 > [127364][V][LoraMesher.cpp:647] processPackets(): [LoRaMesher] Size of Received Packets Queue: 1
16:49:04.238 > [127373][V][LoraMesher.cpp:754] printHeaderPacket(): [LoRaMesher] Packet received -- Size: 17 Src: B3F0 Dst: FFFF Id: 7 Type: 2 Via: F000 Seq_Id: 0 Num: 0
16:49:04.252 > [127386][I][LoraMesher.cpp:854] processDataPacket(): [LoRaMesher] Data packet from B3F0, destination FFFF, via F000
16:49:04.262 > [127397][V][LoraMesher.cpp:865] processDataPacket(): [LoRaMesher] Data packet from B3F0 BROADCAST
16:49:04.271 > [127405][V][LoraMesher.cpp:893] processDataPacketForMe(): [LoRaMesher] Data Packet received
16:49:04.279 > [127413][I][PacketQueueService.h:80] deleteQueuePacketAndPacket(): [LoRaMesher] Deleting packet
16:49:04.288 > [127422][I][PacketQueueService.h:83] deleteQueuePacketAndPacket(): [LoRaMesher] Deleting packet queue
16:49:04.297 > [127431][V][LoraMesher.cpp:641] processPackets(): [LoRaMesher] Stack space unused after entering the task: 2104
16:49:04.307 > [127441][V][LoraMesher.cpp:642] processPackets(): [LoRaMesher] Free heap: 336340
16:49:04.479 > ReceivedUserData_TaskHandle notify received
16:49:04.483 > Queue receiveUserData size: 1
16:49:04.485 > Packet arrived from B3F0 with size 8
16:49:04.488 > DATA:6 b3f0
16:49:04.820 > [127954][V][LoraMesher.cpp:598] sendHelloPacket(): [LoRaMesher] Creating Routing Packet
16:49:04.828 > [127962][V][LoraMesher.cpp:599] sendHelloPacket(): [LoRaMesher] Stack space unused after entering the task: 2328
16:49:04.838 > [127972][V][LoraMesher.cpp:600] sendHelloPacket(): [LoRaMesher] Free heap: 336400
16:49:04.845 > [127979][V][PacketFactory.h:45] createPacket(): [LoRaMesher] Creating packet with 8 bytes
16:49:04.853 > [127987][I][PacketFactory.h:74] createPacket(): [LoRaMesher] Packet created with 8 bytes
16:49:04.861 > [127995][I][LoraMesher.h:659] setPackedForSend(): [LoRaMesher] Adding packet to Q_SP
16:49:04.868 > [128003][I][LoraMesher.h:661] setPackedForSend(): [LoRaMesher] Created packet to Q_SP
16:49:04.876 > [128010][I][LoraMesher.cpp:1051] addToSendOrderedAndNotify(): [LoRaMesher] Added packet to Q_SP, notifying sender task
16:49:04.887 > [128021][V][LoraMesher.cpp:511] sendPackets(): [LoRaMesher] Stack space unused after entering the task: 2260
16:49:04.896 > [128030][V][LoraMesher.cpp:512] sendPackets(): [LoRaMesher] Free heap: 336316
16:49:04.903 > [128037][V][LoraMesher.cpp:518] sendPackets(): [LoRaMesher] Size of Send Packets Queue: 1
16:49:04.911 > [128045][V][LoraMesher.cpp:525] sendPackets(): [LoRaMesher] Send n. 1
16:49:04.917 > [128052][V][LoraMesher.cpp:754] printHeaderPacket(): [LoRaMesher] Packet send -- Size: 8 Src: DE6C Dst: FFFF Id: 1 Type: 4 Via: 0 Seq_Id: 0 Num: 0
16:49:04.985 > [128120][V][LoraMesher.cpp:575] sendPackets(): [LoRaMesher] TimeOnAir 42 ms, next message in 0 ms
16:49:04.994 > [128128][I][PacketQueueService.h:80] deleteQueuePacketAndPacket(): [LoRaMesher] Deleting packet
16:49:05.003 > [128137][I][PacketQueueService.h:83] deleteQueuePacketAndPacket(): [LoRaMesher] Deleting packet queue
16:49:05.327 > [128462][V][LoraMesher.cpp:378] receivingRoutine(): [LoRaMesher] Stack space unused after entering the task: 2184
16:49:05.338 > [128472][V][LoraMesher.cpp:379] receivingRoutine(): [LoRaMesher] Free heap: 336400
16:49:05.345 > [128479][I][PacketService.cpp:12] createEmptyPacket(): [LoRaMesher] Packet created with 12 bytes
16:49:05.354 > [128488][I][LoraMesher.cpp:392] receivingRoutine(): [LoRaMesher] Receiving LoRa packet: Size: 12 bytes RSSI: -53 SNR: 12
16:49:05.365 > [128499][V][LoraMesher.cpp:647] processPackets(): [LoRaMesher] Size of Received Packets Queue: 1
16:49:05.374 > [128508][V][LoraMesher.cpp:754] printHeaderPacket(): [LoRaMesher] Packet received -- Size: 12 Src: AFC0 Dst: FFFF Id: 1 Type: 4 Via: 0 Seq_Id: 0 Num: 0
16:49:05.387 > [128521][I][RoutingTableService.cpp:77] processRoute(): [LoRaMesher] Route packet from AFC0 with size 1
16:49:05.396 > [128531][I][RoutingTableService.cpp:156] addNodeToRoutingTable(): [LoRaMesher] New route added: AFC0 via AFC0 metric 1, role 0
16:49:05.407 > [128542][I][RoutingTableService.cpp:99] resetReceiveSNRRoutePacket(): [LoRaMesher] Reset Receive SNR from AFC0: 12
16:49:05.418 > [128552][I][RoutingTableService.cpp:156] addNodeToRoutingTable(): [LoRaMesher] New route added: F02C via AFC0 metric 2, role 0
16:49:05.429 > [128563][I][RoutingTableService.cpp:192] printRoutingTable(): [LoRaMesher] Current routing table:
16:49:05.438 > [128572][I][RoutingTableService.cpp:206] printRoutingTable(): [LoRaMesher] 0 - AFC0 via AFC0 metric 1 Role 0
16:49:05.447 > [128579][V][LoraMesher.cpp:378] receivingRoutine(): [LoRaMesher] Stack space unused after entering the task: 2184
16:49:05.458 > [128[519218]5[9V1]][[LIo]r[aRMoeusthienrg.Tcapbpl:e3S7e9r]v irceec.ecipvpi:n2g0R6o]u tpirnien(t)R:o u[tLionRgaTMaebslhee(r)]:  F[rLeRaeaesh3r6 12
16:49:05.470 > F02C via AFC0 metric 2 Role 0
16:49:05.473 > [128607][I][PacketQueueService.h:80] deleteQueuePacketAndPacket(): [LoRaMesher] Deleting packet
16:49:05.481 > [128607][I][PacketService.cpp:12] createEmptyPacket(): [LoRaMesher] Packet created with 12 bytes
16:49:05.490 > [128624][I][PacketQueueService.h:83] deleteQueuePacketAndPacket(): [LoRaMesher] Deleting packet queue
16:49:05.499 > [128624][I][LoraMesher.cpp:392] receivingRoutine(): [LoRaMesher] Receiving LoRa packet: Size: 12 bytes RSSI: -7 SNR: 12
16:49:05.509 > [128643][V][LoraMesher.cpp:641] processPackets(): [LoRaMesher] Stack space unused after entering the task: 2104
16:49:05.519 > [128653][V][LoraMesher.cpp:642] processPackets(): [LoRaMesher] Free heap: 336184
16:49:09.479 > [132614][V][LoraMesher.cpp:378] receivingRoutine(): [LoRaMesher] Stack space unused after entering the task: 2184
16:49:09.489 > [132624][V][LoraMesher.cpp:379] receivingRoutine(): [LoRaMesher] Free heap: 336184
16:49:09.497 > [132631][I][PacketService.cpp:12] createEmptyPacket(): [LoRaMesher] Packet created with 16 bytes
16:49:09.506 > [132640][I][LoraMesher.cpp:392] receivingRoutine(): [LoRaMesher] Receiving LoRa packet: Size: 16 bytes RSSI: -2 SNR: 14
16:49:09.517 > [132651][V][LoraMesher.cpp:647] processPackets(): [LoRaMesher] Size of Received Packets Queue: 2
16:49:09.525 > [132660][I][PacketQueueService.h:80] deleteQueuePacketAndPacket(): [LoRaMesher] Deleting packet
16:49:09.534 > [132668][I][PacketQueueService.h:83] deleteQueuePacketAndPacket(): [LoRaMesher] Deleting packet queue
16:49:09.543 > [132677][V][LoraMesher.cpp:658] processPackets(): [LoRaMesher] TESTING: Packet not for me, deleting it
16:49:09.552 > [132686][I][PacketQueueService.h:80] deleteQueuePacketAndPacket(): [LoRaMesher] Deleting packet
16:49:09.561 > [132695][I][PacketQueueService.h:83] deleteQueuePacketAndPacket(): [LoRaMesher] Deleting packet queue
16:49:09.569 > [132704][V][LoraMesher.cpp:658] processPackets(): [LoRaMesher] TESTING: Packet not for me, deleting it
16:49:09.579 > [132713][V][LoraMesher.cpp:641] processPackets(): [LoRaMesher] Stack space unused after entering the task: 2104
16:49:09.589 > [132723][V][LoraMesher.cpp:642] processPackets(): [LoRaMesher] Free heap: 336272
16:49:24.392 > [147527][V][LoraMesher.cpp:378] receivingRoutine(): [LoRaMesher] Stack space unused after entering the task: 2184
16:49:24.403 > [147537][V][LoraMesher.cpp:379] receivingRoutine(): [LoRaMesher] Free heap: 336272
16:49:24.410 > [147544][I][PacketService.cpp:12] createEmptyPacket(): [LoRaMesher] Packet created with 17 bytes
16:49:24.419 > [147553][I][LoraMesher.cpp:392] receivingRoutine(): [LoRaMesher] Receiving LoRa packet: Size: 17 bytes RSSI: -10 SNR: 12
16:49:24.430 > [147564][V][LoraMesher.cpp:647] processPackets(): [LoRaMesher] Size of Received Packets Queue: 1
16:49:24.439 > [147573][V][LoraMesher.cpp:754] printHeaderPacket(): [LoRaMesher] Packet received -- Size: 17 Src: B3F0 Dst: FFFF Id: 9 Type: 2 Via: C000 Seq_Id: 0 Num: 0
16:49:24.453 > [147587][I][LoraMesher.cpp:854] processDataPacket(): [LoRaMesher] Data packet from B3F0, destination FFFF, via C000
16:49:24.463 > [147597][V][LoraMesher.cpp:865] processDataPacket(): [LoRaMesher] Data packet from B3F0 BROADCAST
16:49:24.471 > [147606][V][LoraMesher.cpp:893] processDataPacketForMe(): [LoRaMesher] Data Packet received
16:49:24.480 > [147614][I][PacketQueueService.h:80] deleteQueuePacketAndPacket(): [LoRaMesher] Deleting packet
16:49:24.488 > [147622][I][PacketQueueService.h:83] deleteQueuePacketAndPacket(): [LoRaMesher] Deleting packet queue
16:49:24.497 > [147631][V][LoraMesher.cpp:641] processPackets(): [LoRaMesher] Stack space unused after entering the task: 2104
16:49:24.507 > [147641][V][LoraMesher.cpp:642] processPackets(): [LoRaMesher] Free heap: 336212
16:49:24.678 > ReceivedUserData_TaskHandle notify received
16:49:24.683 > Queue receiveUserData size: 1
16:49:24.685 > Packet arrived from B3F0 with size 8
16:49:24.689 > DATA:7 b3f0
16:49:44.593 > [167727][V][LoraMesher.cpp:378] receivingRoutine(): [LoRaMesher] Stack space unused after entering the task: 2184
16:49:44.604 > [167738][V][LoraMesher.cpp:379] receivingRoutine(): [LoRaMesher] Free heap: 336272
16:49:44.611 > [167745][I][PacketService.cpp:12] createEmptyPacket(): [LoRaMesher] Packet created with 17 bytes
16:49:44.620 > [167754][I][LoraMesher.cpp:392] receivingRoutine(): [LoRaMesher] Receiving LoRa packet: Size: 17 bytes RSSI: -10 SNR: 12
16:49:44.631 > [167765][V][LoraMesher.cpp:647] processPackets(): [LoRaMesher] Size of Received Packets Queue: 1
16:49:44.640 > [167774][V][LoraMesher.cpp:754] printHeaderPacket(): [LoRaMesher] Packet received -- Size: 17 Src: B3F0 Dst: FFFF Id: 10 Type: 2 Via: C000 Seq_Id: 0 Num: 0
16:49:44.653 > [167787][I][LoraMesher.cpp:854] processDataPacket(): [LoRaMesher] Data packet from B3F0, destination FFFF, via C000
16:49:44.664 > [167798][V][LoraMesher.cpp:865] processDataPacket(): [LoRaMesher] Data packet from B3F0 BROADCAST
16:49:44.672 > [167806][V][LoraMesher.cpp:893] processDataPacketForMe(): [LoRaMesher] Data Packet received
16:49:44.681 > [167814][I][PacketQueueService.h:80] deleteQueuePacketAndPacket(): [LoRaMesher] Deleting packet
16:49:44.689 > [167823][I][PacketQueueService.h:83] deleteQueuePacketAndPacket(): [LoRaMesher] Deleting packet queue
16:49:44.698 > [167832][V][LoraMesher.cpp:641] processPackets(): [LoRaMesher] Stack space unused after entering the task: 2104
16:49:44.708 > [167842][V][LoraMesher.cpp:642] processPackets(): [LoRaMesher] Free heap: 336212
16:49:44.879 > ReceivedUserData_TaskHandle notify received
16:49:44.884 > Queue receiveUserData size: 1
16:49:44.887 > Packet arrived from B3F0 with size 8
16:49:44.890 > DATA:8 b3f0
16:50:04.793 > [187928][V][LoraMesher.cpp:378] receivingRoutine(): [LoRaMesher] Stack space unused after entering the task: 2104
16:50:04.804 > [187938][V][LoraMesher.cpp:379] receivingRoutine(): [LoRaMesher] Free heap: 336272
16:50:04.812 > [187945][I][PacketService.cpp:12] createEmptyPacket(): [LoRaMesher] Packet created with 17 bytes
16:50:04.820 > [187954][I][LoraMesher.cpp:392] receivingRoutine(): [LoRaMesher] Receiving LoRa packet: Size: 17 bytes RSSI: -9 SNR: 13
16:50:04.832 > [187965][V][LoraMesher.cpp:647] processPackets(): [LoRaMesher] Size of Received Packets Queue: 1
16:50:04.840 > [187974][V][LoraMesher.cpp:754] printHeaderPacket(): [LoRaMesher] Packet received -- Size: 17 Src: B3F0 Dst: FFFF Id: 11 Type: 2 Via: C000 Seq_Id: 0 Num: 0
16:50:04.854 > [187988][I][LoraMesher.cpp:854] processDataPacket(): [LoRaMesher] Data packet from B3F0, destination FFFF, via C000
16:50:04.864 > [187998][V][LoraMesher.cpp:865] processDataPacket(): [LoRaMesher] Data packet from B3F0 BROADCAST
16:50:04.873 > [188007][V][LoraMesher.cpp:893] processDataPacketForMe(): [LoRaMesher] Data Packet received
16:50:04.881 > [188015][I][PacketQueueService.h:80] deleteQueuePacketAndPacket(): [LoRaMesher] Deleting packet
16:50:04.889 > [188023][I][PacketQueueService.h:83] deleteQueuePacketAndPacket(): [LoRaMesher] Deleting packet queue
16:50:04.898 > [188032][V][LoraMesher.cpp:641] processPackets(): [LoRaMesher] Stack space unused after entering the task: 2104
16:50:04.908 > [188042][V][LoraMesher.cpp:642] processPackets(): [LoRaMesher] Free heap: 336212
16:50:05.079 > ReceivedUserData_TaskHandle notify received
16:50:05.084 > Queue receiveUserData size: 1
16:50:05.087 > Packet arrived from B3F0 with size 8
16:50:05.090 > DATA:9 b3f0
16:50:24.994 > [208128][V][LoraMesher.cpp:378] receivingRoutine(): [LoRaMesher] Stack space unused after entering the task: 2104
16:50:25.004 > [208138][V][LoraMesher.cpp:379] receivingRoutine(): [LoRaMesher] Free heap: 336272
16:50:25.011 > [208146][I][PacketService.cpp:12] createEmptyPacket(): [LoRaMesher] Packet created with 17 bytes
16:50:25.020 > [208155][I][LoraMesher.cpp:392] receivingRoutine(): [LoRaMesher] Receiving LoRa packet: Size: 17 bytes RSSI: -10 SNR: 12
16:50:25.031 > [208166][V][LoraMesher.cpp:647] processPackets(): [LoRaMesher] Size of Received Packets Queue: 1
16:50:25.040 > [208175][V][LoraMesher.cpp:754] printHeaderPacket(): [LoRaMesher] Packet received -- Size: 17 Src: B3F0 Dst: FFFF Id: 12 Type: 2 Via: C000 Seq_Id: 0 Num: 0
16:50:25.054 > [208188][I][LoraMesher.cpp:854] processDataPacket(): [LoRaMesher] Data packet from B3F0, destination FFFF, via C000
16:50:25.064 > [208199][V][LoraMesher.cpp:865] processDataPacket(): [LoRaMesher] Data packet from B3F0 BROADCAST
16:50:25.073 > [208207][V][LoraMesher.cpp:893] processDataPacketForMe(): [LoRaMesher] Data Packet received
16:50:25.081 > [208215][I][PacketQueueService.h:80] deleteQueuePacketAndPacket(): [LoRaMesher] Deleting packet
16:50:25.089 > [208224][I][PacketQueueService.h:83] deleteQueuePacketAndPacket(): [LoRaMesher] Deleting packet queue
16:50:25.098 > [208233][V][LoraMesher.cpp:641] processPackets(): [LoRaMesher] Stack space unused after entering the task: 2104
16:50:25.108 > [208243][V][LoraMesher.cpp:642] processPackets(): [LoRaMesher] Free heap: 336212
16:50:25.280 > ReceivedUserData_TaskHandle notify received
16:50:25.284 > Queue receiveUserData size: 1
16:50:25.287 > Packet arrived from B3F0 with size 8
16:50:25.290 > DATA:10 b3f0
16:50:45.195 > [228330][V][LoraMesher.cpp:378] receivingRoutine(): [LoRaMesher] Stack space unused after entering the task: 2104
16:50:45.205 > [228340][V][LoraMesher.cpp:379] receivingRoutine(): [LoRaMesher] Free heap: 336272
16:50:45.213 > [228347][I][PacketService.cpp:12] createEmptyPacket(): [LoRaMesher] Packet created with 17 bytes
16:50:45.222 > [228356][I][LoraMesher.cpp:392] receivingRoutine(): [LoRaMesher] Receiving LoRa packet: Size: 17 bytes RSSI: -9 SNR: 12
16:50:45.233 > [228367][V][LoraMesher.cpp:647] processPackets(): [LoRaMesher] Size of Received Packets Queue: 1
16:50:45.242 > [228376][V][LoraMesher.cpp:754] printHeaderPacket(): [LoRaMesher] Packet received -- Size: 17 Src: B3F0 Dst: FFFF Id: 13 Type: 2 Via: C000 Seq_Id: 0 Num: 0
16:50:45.255 > [228390][I][LoraMesher.cpp:854] processDataPacket(): [LoRaMesher] Data packet from B3F0, destination FFFF, via C000
16:50:45.265 > [228400][V][LoraMesher.cpp:865] processDataPacket(): [LoRaMesher] Data packet from B3F0 BROADCAST
16:50:45.274 > [228409][V][LoraMesher.cpp:893] processDataPacketForMe(): [LoRaMesher] Data Packet received
16:50:45.282 > [228417][I][PacketQueueService.h:80] deleteQueuePacketAndPacket(): [LoRaMesher] Deleting packet
16:50:45.291 > [228425][I][PacketQueueService.h:83] deleteQueuePacketAndPacket(): [LoRaMesher] Deleting packet queue
16:50:45.300 > [228434][V][LoraMesher.cpp:641] processPackets(): [LoRaMesher] Stack space unused after entering the task: 2104
16:50:45.310 > [228444][V][LoraMesher.cpp:642] processPackets(): [LoRaMesher] Free heap: 336212
16:50:45.481 > ReceivedUserData_TaskHandle notify received
16:50:45.486 > Queue receiveUserData size: 1
16:50:45.488 > Packet arrived from B3F0 with size 8
16:50:45.491 > DATA:11 b3f0
16:51:04.886 > [248021][V][LoraMesher.cpp:598] sendHelloPacket(): [LoRaMesher] Creating Routing Packet
16:51:04.895 > [248029][V][LoraMesher.cpp:599] sendHelloPacket(): [LoRaMesher] Stack space unused after entering the task: 2328
16:51:04.905 > [248039][V][LoraMesher.cpp:600] sendHelloPacket(): [LoRaMesher] Free heap: 336272
16:51:04.912 > [248046][V][PacketFactory.h:45] createPacket(): [LoRaMesher] Creating packet with 16 bytes
16:51:04.920 > [248054][I][PacketFactory.h:74] createPacket(): [LoRaMesher] Packet created with 16 bytes
16:51:04.928 > [248062][I][LoraMesher.h:659] setPackedForSend(): [LoRaMesher] Adding packet to Q_SP
16:51:04.936 > [248070][I][LoraMesher.h:661] setPackedForSend(): [LoRaMesher] Created packet to Q_SP
16:51:04.943 > [248077][I][LoraMesher.cpp:1051] addToSendOrderedAndNotify(): [LoRaMesher] Added packet to Q_SP, notifying sender task
16:51:04.954 > [248088][V][LoraMesher.cpp:511] sendPackets(): [LoRaMesher] Stack space unused after entering the task: 2260
16:51:04.963 > [248098][V][LoraMesher.cpp:512] sendPackets(): [LoRaMesher] Free heap: 336180
16:51:04.970 > [248105][V][LoraMesher.cpp:518] sendPackets(): [LoRaMesher] Size of Send Packets Queue: 1
16:51:04.978 > [248113][V][LoraMesher.cpp:525] sendPackets(): [LoRaMesher] Send n. 2
16:51:04.985 > [248119][V][LoraMesher.cpp:455] waitBeforeSend(): [LoRaMesher] RandomDelay 244 ms
16:51:05.031 > [248166][V][LoraMesher.cpp:378] receivingRoutine(): [LoRaMesher] Stack space unused after entering the task: 2104
16:51:05.042 > [248176][V][LoraMesher.cpp:379] receivingRoutine(): [LoRaMesher] Free heap: 336208
16:51:05.050 > [248184][I][PacketService.cpp:12] createEmptyPacket(): [LoRaMesher] Packet created with 8 bytes
16:51:05.058 > [248193][I][LoraMesher.cpp:392] receivingRoutine(): [LoRaMesher] Receiving LoRa packet: Size: 8 bytes RSSI: -10 SNR: 13
16:51:05.069 > [248204][V][LoraMesher.cpp:647] processPackets(): [LoRaMesher] Size of Received Packets Queue: 1
16:51:05.078 > [248212][V][LoraMesher.cpp:754] printHeaderPacket(): [LoRaMesher] Packet received -- Size: 8 Src: B3F0 Dst: FFFF Id: 14 Type: 4 Via: 0 Seq_Id: 0 Num: 0
16:51:05.091 > [248226][I][RoutingTableService.cpp:77] processRoute(): [LoRaMesher] Route packet from B3F0 with size 0
16:51:05.101 > [248235][I][RoutingTableService.cpp:156] addNodeToRoutingTable(): [LoRaMesher] New route added: B3F0 via B3F0 metric 1, role 0
16:51:05.112 > [248246][I][RoutingTableService.cpp:99] resetReceiveSNRRoutePacket(): [LoRaMesher] Reset Receive SNR from B3F0: 13
16:51:05.122 > [248256][I][RoutingTableService.cpp:192] printRoutingTable(): [LoRaMesher] Current routing table:
16:51:05.131 > [248265][I][RoutingTableService.cpp:206] printRoutingTable(): [LoRaMesher] 0 - AFC0 via AFC0 metric 1 Role 0
16:51:05.140 > [248275][I][RoutingTableService.cpp:206] printRoutingTable(): [LoRaMesher] 1 - F02C via AFC0 metric 2 Role 0
16:51:05.150 > [248284][I][RoutingTableService.cpp:206] printRoutingTable(): [LoRaMesher] 2 - B3F0 via B3F0 metric 1 Role 0
16:51:05.160 > [248294][I][PacketQueueService.h:80] deleteQueuePacketAndPacket(): [LoRaMesher] Deleting packet
16:51:05.168 > [248302][I][PacketQueueService.h:83] deleteQueuePacketAndPacket(): [LoRaMesher] Deleting packet queue
16:51:05.177 > [248311][V][LoraMesher.cpp:641] processPackets(): [LoRaMesher] Stack space unused after entering the task: 2104
16:51:05.187 > [248321][V][LoraMesher.cpp:642] processPackets(): [LoRaMesher] Free heap: 336144
16:51:05.240 > [248375][V][LoraMesher.cpp:462] waitBeforeSend(): [LoRaMesher] Preamble detected while waiting 1
16:51:05.249 > [248384][V][LoraMesher.cpp:455] waitBeforeSend(): [LoRaMesher] RandomDelay 815 ms
16:51:05.396 > [248531][V][LoraMesher.cpp:378] receivingRoutine(): [LoRaMesher] Stack space unused after entering the task: 2104
16:51:05.407 > [248541][V][LoraMesher.cpp:379] receivingRoutine(): [LoRaMesher] Free heap: 336144
16:51:05.415 > [248549][I][PacketService.cpp:12] createEmptyPacket(): [LoRaMesher] Packet created with 17 bytes
16:51:05.423 > [248558][I][LoraMesher.cpp:392] receivingRoutine(): [LoRaMesher] Receiving LoRa packet: Size: 17 bytes RSSI: -9 SNR: 13
16:51:05.434 > [248569][V][LoraMesher.cpp:647] processPackets(): [LoRaMesher] Size of Received Packets Queue: 1
16:51:05.443 > [248577][V][LoraMesher.cpp:754] printHeaderPacket(): [LoRaMesher] Packet received -- Size: 17 Src: B3F0 Dst: FFFF Id: 15 Type: 2 Via: F000 Seq_Id: 0 Num: 0
16:51:05.457 > [248591][I][LoraMesher.cpp:854] processDataPacket(): [LoRaMesher] Data packet from B3F0, destination FFFF, via F000
16:51:05.467 > [248601][V][LoraMesher.cpp:865] processDataPacket(): [LoRaMesher] Data packet from B3F0 BROADCAST
16:51:05.476 > [248610][V][LoraMesher.cpp:893] processDataPacketForMe(): [LoRaMesher] Data Packet received
16:51:05.484 > [248618][I][PacketQueueService.h:80] deleteQueuePacketAndPacket(): [LoRaMesher] Deleting packet
16:51:05.492 > [248627][I][PacketQueueService.h:83] deleteQueuePacketAndPacket(): [LoRaMesher] Deleting packet queue
16:51:05.501 > [248636][V][LoraMesher.cpp:641] processPackets(): [LoRaMesher] Stack space unused after entering the task: 2104
16:51:05.511 > [248646][V][LoraMesher.cpp:642] processPackets(): [LoRaMesher] Free heap: 336084
16:51:05.683 > ReceivedUserData_TaskHandle notify received
16:51:05.688 > Queue receiveUserData size: 1
16:51:05.690 > Packet arrived from B3F0 with size 8
16:51:05.694 > DATA:12 b3f0
16:51:06.077 > [249211][V][LoraMesher.cpp:462] waitBeforeSend(): [LoRaMesher] Preamble detected while waiting 2
16:51:06.085 > [249220][V][LoraMesher.cpp:455] waitBeforeSend(): [LoRaMesher] RandomDelay 928 ms
16:51:06.209 > [249343][V][LoraMesher.cpp:378] receivingRoutine(): [LoRaMesher] Stack space unused after entering the task: 2104
16:51:06.219 > [249354][V][LoraMesher.cpp:379] receivingRoutine(): [LoRaMesher] Free heap: 336144
16:51:06.227 > [249361][I][PacketService.cpp:12] createEmptyPacket(): [LoRaMesher] Packet created with 16 bytes
16:51:06.236 > [249370][I][LoraMesher.cpp:392] receivingRoutine(): [LoRaMesher] Receiving LoRa packet: Size: 16 bytes RSSI: -6 SNR: 13
16:51:06.247 > [249381][V][LoraMesher.cpp:647] processPackets(): [LoRaMesher] Size of Received Packets Queue: 1
16:51:06.255 > [249389][I][PacketQueueService.h:80] deleteQueuePacketAndPacket(): [LoRaMesher] Deleting packet
16:51:06.264 > [249398][I][PacketQueueService.h:83] deleteQueuePacketAndPacket(): [LoRaMesher] Deleting packet queue
16:51:06.273 > [249407][V][LoraMesher.cpp:658] processPackets(): [LoRaMesher] TESTING: Packet not for me, deleting it
16:51:06.282 > [249416][V][LoraMesher.cpp:641] processPackets(): [LoRaMesher] Stack space unused after entering the task: 2104
16:51:06.292 > [249426][V][LoraMesher.cpp:642] processPackets(): [LoRaMesher] Free heap: 336144
16:51:06.446 > [249581][V][LoraMesher.cpp:378] receivingRoutine(): [LoRaMesher] Stack space unused after entering the task: 2104
16:51:06.457 > [249591][V][LoraMesher.cpp:379] receivingRoutine(): [LoRaMesher] Free heap: 336144
16:51:06.465 > [249599][I][PacketService.cpp:12] createEmptyPacket(): [LoRaMesher] Packet created with 16 bytes
16:51:06.473 > [249608][I][LoraMesher.cpp:392] receivingRoutine(): [LoRaMesher] Receiving LoRa packet: Size: 16 bytes RSSI: -53 SNR: 13
16:51:06.485 > [249619][V][LoraMesher.cpp:647] processPackets(): [LoRaMesher] Size of Received Packets Queue: 1
16:51:06.493 > [249627][V][LoraMesher.cpp:754] printHeaderPacket(): [LoRaMesher] Packet received -- Size: 16 Src: AFC0 Dst: FFFF Id: 2 Type: 4 Via: 0 Seq_Id: 0 Num: 0
16:51:06.507 > [249641][I][RoutingTableService.cpp:77] processRoute(): [LoRaMesher] Route packet from AFC0 with size 2
16:51:06.516 > [249650][I][RoutingTableService.cpp:99] resetReceiveSNRRoutePacket(): [LoRaMesher] Reset Receive SNR from AFC0: 13
16:51:06.526 > [249660][I][RoutingTableService.cpp:156] addNodeToRoutingTable(): [LoRaMesher] New route added: D110 via AFC0 metric 3, role 1
16:51:06.537 > [249671][I][RoutingTableService.cpp:192] printRoutingTable(): [LoRaMesher] Current routing table:
16:51:06.546 > [249680][I][RoutingTableService.cpp:206] printRoutingTable(): [LoRaMesher] 0 - AFC0 via AFC0 metric 1 Role 0
16:51:06.555 > [249690][I][RoutingTableService.cpp:206] printRoutingTable(): [LoRaMesher] 1 - F02C via AFC0 metric 2 Role 0
16:51:06.565 > [249699][I][RoutingTableService.cpp:206] printRoutingTable(): [LoRaMesher] 2 - B3F0 via B3F0 metric 1 Role 0
16:51:06.575 > [249709][I][RoutingTableService.cpp:206] printRoutingTable(): [LoRaMesher] 3 - D110 via AFC0 metric 3 Role 1
16:51:06.584 > [249719][I][PacketQueueService.h:80] deleteQueuePacketAndPacket(): [LoRaMesher] Deleting packet
16:51:06.593 > [249727][I][PacketQueueService.h:83] deleteQueuePacketAndPacket(): [LoRaMesher] Deleting packet queue
16:51:06.602 > [249736][V][LoraMesher.cpp:641] processPackets(): [LoRaMesher] Stack space unused after entering the task: 2104
16:51:06.612 > [249746][V][LoraMesher.cpp:642] processPackets(): [LoRaMesher] Free heap: 336080
16:51:07.025 > [250160][V][LoraMesher.cpp:462] waitBeforeSend(): [LoRaMesher] Preamble detected while waiting 3
16:51:07.034 > [250169][V][LoraMesher.cpp:455] waitBeforeSend(): [LoRaMesher] RandomDelay 320 ms
16:51:07.361 > [250495][V][LoraMesher.cpp:754] printHeaderPacket(): [LoRaMesher] Packet send -- Size: 16 Src: DE6C Dst: FFFF Id: 2 Type: 4 Via: 0 Seq_Id: 0 Num: 0
16:51:07.450 > [250585][V][LoraMesher.cpp:575] sendPackets(): [LoRaMesher] TimeOnAir 63 ms, next message in 0 ms
16:51:07.459 > [250593][I][PacketQueueService.h:80] deleteQueuePacketAndPacket(): [LoRaMesher] Deleting packet
16:51:07.468 > [250602][I][PacketQueueService.h:83] deleteQueuePacketAndPacket(): [LoRaMesher] Deleting packet queue
16:51:09.590 > [252724][V][LoraMesher.cpp:378] receivingRoutine(): [LoRaMesher] Stack space unused after entering the task: 2104
16:51:09.600 > [252735][V][LoraMesher.cpp:379] receivingRoutine(): [LoRaMesher] Free heap: 336144
16:51:09.608 > [252742][I][PacketService.cpp:12] createEmptyPacket(): [LoRaMesher] Packet created with 16 bytes
16:51:09.617 > [252751][I][LoraMesher.cpp:392] receivingRoutine(): [LoRaMesher] Receiving LoRa packet: Size: 16 bytes RSSI: -2 SNR: 14
16:51:09.628 > [252762][V][LoraMesher.cpp:647] processPackets(): [LoRaMesher] Size of Received Packets Queue: 1
16:51:09.636 > [252770][I][PacketQueueService.h:80] deleteQueuePacketAndPacket(): [LoRaMesher] Deleting packet
16:51:09.645 > [252779][I][PacketQueueService.h:83] deleteQueuePacketAndPacket(): [LoRaMesher] Deleting packet queue
16:51:09.654 > [252788][V][LoraMesher.cpp:658] processPackets(): [LoRaMesher] TESTING: Packet not for me, deleting it
16:51:09.663 > [252797][V][LoraMesher.cpp:641] processPackets(): [LoRaMesher] Stack space unused after entering the task: 2104
16:51:09.673 > [252807][V][LoraMesher.cpp:642] processPackets(): [LoRaMesher] Free heap: 336144
16:51:26.570 > [269705][V][LoraMesher.cpp:378] receivingRoutine(): [LoRaMesher] Stack space unused after entering the task: 2104
16:51:26.581 > [269715][V][LoraMesher.cpp:379] receivingRoutine(): [LoRaMesher] Free heap: 336144
16:51:26.588 > [269723][I][PacketService.cpp:12] createEmptyPacket(): [LoRaMesher] Packet created with 17 bytes
16:51:26.597 > [269731][I][LoraMesher.cpp:392] receivingRoutine(): [LoRaMesher] Receiving LoRa packet: Size: 17 bytes RSSI: -9 SNR: 12
16:51:26.608 > [269742][V][LoraMesher.cpp:647] processPackets(): [LoRaMesher] Size of Received Packets Queue: 1
16:51:26.617 > [269751][V][LoraMesher.cpp:754] printHeaderPacket(): [LoRaMesher] Packet received -- Size: 17 Src: B3F0 Dst: FFFF Id: 16 Type: 2 Via: 0 Seq_Id: 0 Num: 0
16:51:26.631 > [269765][I][LoraMesher.cpp:854] processDataPacket(): [LoRaMesher] Data packet from B3F0, destination FFFF, via 0
16:51:26.640 > [269775][V][LoraMesher.cpp:865] processDataPacket(): [LoRaMesher] Data packet from B3F0 BROADCAST
16:51:26.649 > [269783][V][LoraMesher.cpp:893] processDataPacketForMe(): [LoRaMesher] Data Packet received
16:51:26.657 > [269791][I][PacketQueueService.h:80] deleteQueuePacketAndPacket(): [LoRaMesher] Deleting packet
16:51:26.666 > [269800][I][PacketQueueService.h:83] deleteQueuePacketAndPacket(): [LoRaMesher] Deleting packet queue
16:51:26.675 > [269809][V][LoraMesher.cpp:641] processPackets(): [LoRaMesher] Stack space unused after entering the task: 2104
16:51:26.685 > [269819][V][LoraMesher.cpp:642] processPackets(): [LoRaMesher] Free heap: 336084
16:51:26.856 > ReceivedUserData_TaskHandle notify received
16:51:26.861 > Queue receiveUserData size: 1
16:51:26.863 > Packet arrived from B3F0 with size 8
16:51:26.867 > DATA:13 b3f0
16:51:46.592 > [289727][V][LoraMesher.cpp:378] receivingRoutine(): [LoRaMesher] Stack space unused after entering the task: 2104
16:51:46.603 > [289738][V][LoraMesher.cpp:379] receivingRoutine(): [LoRaMesher] Free heap: 336144
16:51:46.610 > [289745][I][PacketService.cpp:12] createEmptyPacket(): [LoRaMesher] Packet created with 17 bytes
16:51:46.619 > [289754][I][LoraMesher.cpp:392] receivingRoutine(): [LoRaMesher] Receiving LoRa packet: Size: 17 bytes RSSI: -9 SNR: 13
16:51:46.630 > [289765][V][LoraMesher.cpp:647] processPackets(): [LoRaMesher] Size of Received Packets Queue: 1
16:51:46.639 > [289774][V][LoraMesher.cpp:754] printHeaderPacket(): [LoRaMesher] Packet received -- Size: 17 Src: B3F0 Dst: FFFF Id: 17 Type: 2 Via: 0 Seq_Id: 0 Num: 0
16:51:46.652 > [289787][I][LoraMesher.cpp:854] processDataPacket(): [LoRaMesher] Data packet from B3F0, destination FFFF, via 0
16:51:46.662 > [289797][V][LoraMesher.cpp:865] processDataPacket(): [LoRaMesher] Data packet from B3F0 BROADCAST
16:51:46.671 > [289806][V][LoraMesher.cpp:893] processDataPacketForMe(): [LoRaMesher] Data Packet received
16:51:46.679 > [289814][I][PacketQueueService.h:80] deleteQueuePacketAndPacket(): [LoRaMesher] Deleting packet
16:51:46.687 > [289822][I][PacketQueueService.h:83] deleteQueuePacketAndPacket(): [LoRaMesher] Deleting packet queue
16:51:46.697 > [289831][V][LoraMesher.cpp:641] processPackets(): [LoRaMesher] Stack space unused after entering the task: 2104
16:51:46.706 > [289841][V][LoraMesher.cpp:642] processPackets(): [LoRaMesher] Free heap: 336084
16:51:46.878 > ReceivedUserData_TaskHandle notify received
16:51:46.882 > Queue receiveUserData size: 1
16:51:46.885 > Packet arrived from B3F0 with size 8
16:51:46.888 > DATA:14 b3f0
16:52:06.181 > [309316][V][LoraMesher.cpp:378] receivingRoutine(): [LoRaMesher] Stack space unused after entering the task: 2104
16:52:06.191 > [309326][V][LoraMesher.cpp:379] receivingRoutine(): [LoRaMesher] Free heap: 336144
16:52:06.199 > [309333][I][PacketService.cpp:12] createEmptyPacket(): [LoRaMesher] Packet created with 17 bytes
16:52:06.208 > [309342][I][LoraMesher.cpp:392] receivingRoutine(): [LoRaMesher] Receiving LoRa packet: Size: 17 bytes RSSI: -10 SNR: 12
16:52:06.219 > [309353][V][LoraMesher.cpp:647] processPackets(): [LoRaMesher] Size of Received Packets Queue: 1
16:52:06.227 > [309362][V][LoraMesher.cpp:754] printHeaderPacket(): [LoRaMesher] Packet received -- Size: 17 Src: B3F0 Dst: FFFF Id: 18 Type: 2 Via: 0 Seq_Id: 0 Num: 0
16:52:06.241 > [309376][I][LoraMesher.cpp:854] processDataPacket(): [LoRaMesher] Data packet from B3F0, destination FFFF, via 0
16:52:06.251 > [309386][V][LoraMesher.cpp:865] processDataPacket(): [LoRaMesher] Data packet from B3F0 BROADCAST
16:52:06.260 > [309394][V][LoraMesher.cpp:893] processDataPacketForMe(): [LoRaMesher] Data Packet received
16:52:06.268 > [309402][I][PacketQueueService.h:80] deleteQueuePacketAndPacket(): [LoRaMesher] Deleting packet
16:52:06.276 > [309411][I][PacketQueueService.h:83] deleteQueuePacketAndPacket(): [LoRaMesher] Deleting packet queue
16:52:06.285 > [309420][V][LoraMesher.cpp:641] processPackets(): [LoRaMesher] Stack space unused after entering the task: 2104
16:52:06.295 > [309430][V][LoraMesher.cpp:642] processPackets(): [LoRaMesher] Free heap: 336084
16:52:06.467 > ReceivedUserData_TaskHandle notify received
16:52:06.471 > Queue receiveUserData size: 1
16:52:06.474 > Packet arrived from B3F0 with size 8
16:52:06.477 > DATA:15 b3f0
16:52:26.146 > [329281][V][LoraMesher.cpp:378] receivingRoutine(): [LoRaMesher] Stack space unused after entering the task: 2072
16:52:26.157 > [329291][V][LoraMesher.cpp:379] receivingRoutine(): [LoRaMesher] Free heap: 336144
16:52:26.164 > [329299][I][PacketService.cpp:12] createEmptyPacket(): [LoRaMesher] Packet created with 17 bytes
16:52:26.173 > [329308][I][LoraMesher.cpp:392] receivingRoutine(): [LoRaMesher] Receiving LoRa packet: Size: 17 bytes RSSI: -10 SNR: 12
16:52:26.184 > [329319][V][LoraMesher.cpp:647] processPackets(): [LoRaMesher] Size of Received Packets Queue: 1
16:52:26.193 > [329327][V][LoraMesher.cpp:754] printHeaderPacket(): [LoRaMesher] Packet received -- Size: 17 Src: B3F0 Dst: FFFF Id: 19 Type: 2 Via: 0 Seq_Id: 0 Num: 0
16:52:26.207 > [329341][I][LoraMesher.cpp:854] processDataPacket(): [LoRaMesher] Data packet from B3F0, destination FFFF, via 0
16:52:26.216 > [329351][V][LoraMesher.cpp:865] processDataPacket(): [LoRaMesher] Data packet from B3F0 BROADCAST
16:52:26.225 > [329360][V][LoraMesher.cpp:893] processDataPacketForMe(): [LoRaMesher] Data Packet received
16:52:26.233 > [329368][I][PacketQueueService.h:80] deleteQueuePacketAndPacket(): [LoRaMesher] Deleting packet
16:52:26.242 > [329376][I][PacketQueueService.h:83] deleteQueuePacketAndPacket(): [LoRaMesher] Deleting packet queue
16:52:26.251 > [329385][V][LoraMesher.cpp:641] processPackets(): [LoRaMesher] Stack space unused after entering the task: 2104
16:52:26.261 > [329395][V][LoraMesher.cpp:642] processPackets(): [LoRaMesher] Free heap: 336084
16:52:26.432 > ReceivedUserData_TaskHandle notify received
16:52:26.436 > Queue receiveUserData size: 1
16:52:26.439 > Packet arrived from B3F0 with size 8
16:52:26.442 > DATA:16 b3f0
16:52:46.849 > [349985][V][LoraMesher.cpp:378] receivingRoutine(): [LoRaMesher] Stack space unused after entering the task: 2072
16:52:46.860 > [349995][V][LoraMesher.cpp:379] receivingRoutine(): [LoRaMesher] Free heap: 336144
16:52:46.868 > [350002][I][PacketService.cpp:12] createEmptyPacket(): [LoRaMesher] Packet created with 17 bytes
16:52:46.877 > [350011][I][LoraMesher.cpp:392] receivingRoutine(): [LoRaMesher] Receiving LoRa packet: Size: 17 bytes RSSI: -10 SNR: 13
16:52:46.888 > [350022][V][LoraMesher.cpp:647] processPackets(): [LoRaMesher] Size of Received Packets Queue: 1
16:52:46.897 > [350031][V][LoraMesher.cpp:754] printHeaderPacket(): [LoRaMesher] Packet received -- Size: 17 Src: B3F0 Dst: FFFF Id: 20 Type: 2 Via: 0 Seq_Id: 0 Num: 0
16:52:46.910 > [350044][I][LoraMesher.cpp:854] processDataPacket(): [LoRaMesher] Data packet from B3F0, destination FFFF, via 0
16:52:46.920 > [350054][V][LoraMesher.cpp:865] processDataPacket(): [LoRaMesher] Data packet from B3F0 BROADCAST
16:52:46.929 > [350063][V][LoraMesher.cpp:893] processDataPacketForMe(): [LoRaMesher] Data Packet received
16:52:46.937 > [350071][I][PacketQueueService.h:80] deleteQueuePacketAndPacket(): [LoRaMesher] Deleting packet
16:52:46.945 > [350080][I][PacketQueueService.h:83] deleteQueuePacketAndPacket(): [LoRaMesher] Deleting packet queue
16:52:46.954 > [350089][V][LoraMesher.cpp:641] processPackets(): [LoRaMesher] Stack space unused after entering the task: 2104
16:52:46.964 > [350099][V][LoraMesher.cpp:642] processPackets(): [LoRaMesher] Free heap: 336084
16:52:47.136 > ReceivedUserData_TaskHandle notify received
16:52:47.141 > Queue receiveUserData size: 1
16:52:47.143 > Packet arrived from B3F0 with size 8
16:52:47.146 > DATA:17 b3f0
16:53:04.953 > [368088][V][LoraMesher.cpp:598] sendHelloPacket(): [LoRaMesher] Creating Routing Packet
16:53:04.961 > [368096][V][LoraMesher.cpp:599] sendHelloPacket(): [LoRaMesher] Stack space unused after entering the task: 2328
16:53:04.971 > [368106][V][LoraMesher.cpp:600] sendHelloPacket(): [LoRaMesher] Free heap: 336144
16:53:04.978 > [368113][V][PacketFactory.h:45] createPacket(): [LoRaMesher] Creating packet with 24 bytes
16:53:04.987 > [368121][I][PacketFactory.h:74] createPacket(): [LoRaMesher] Packet created with 24 bytes
16:53:04.994 > [368129][I][LoraMesher.h:659] setPackedForSend(): [LoRaMesher] Adding packet to Q_SP
16:53:05.003 > [368137][I][LoraMesher.h:661] setPackedForSend(): [LoRaMesher] Created packet to Q_SP
16:53:05.009 > [368144][I][LoraMesher.cpp:1051] addToSendOrderedAndNotify(): [LoRaMesher] Added packet to Q_SP, notifying sender task
16:53:05.020 > [368155][V][LoraMesher.cpp:511] sendPackets(): [LoRaMesher] Stack space unused after entering the task: 2004
16:53:05.029 > [368165][V][LoraMesher.cpp:512] sendPackets(): [LoRaMesher] Free heap: 336044
16:53:05.036 > [368172][V][LoraMesher.cpp:518] sendPackets(): [LoRaMesher] Size of Send Packets Queue: 1
16:53:05.044 > [368180][V][LoraMesher.cpp:525] sendPackets(): [LoRaMesher] Send n. 3
16:53:05.051 > [368186][V][LoraMesher.cpp:455] waitBeforeSend(): [LoRaMesher] RandomDelay 318 ms
16:53:05.375 > [368510][V][LoraMesher.cpp:754] printHeaderPacket(): [LoRaMesher] Packet send -- Size: 24 Src: DE6C Dst: FFFF Id: 3 Type: 4 Via: 0 Seq_Id: 0 Num: 0
16:53:05.479 > [368614][V][LoraMesher.cpp:575] sendPackets(): [LoRaMesher] TimeOnAir 78 ms, next message in 0 ms
16:53:05.488 > [368623][I][PacketQueueService.h:80] deleteQueuePacketAndPacket(): [LoRaMesher] Deleting packet
16:53:05.496 > [368631][I][PacketQueueService.h:83] deleteQueuePacketAndPacket(): [LoRaMesher] Deleting packet queue
16:53:06.250 > [369385][V][LoraMesher.cpp:378] receivingRoutine(): [LoRaMesher] Stack space unused after entering the task: 2072
16:53:06.260 > [369395][V][LoraMesher.cpp:379] receivingRoutine(): [LoRaMesher] Free heap: 336144
16:53:06.268 > [369403][I][PacketService.cpp:12] createEmptyPacket(): [LoRaMesher] Packet created with 20 bytes
16:53:06.277 > [369412][I][LoraMesher.cpp:392] receivingRoutine(): [LoRaMesher] Receiving LoRa packet: Size: 20 bytes RSSI: -9 SNR: 13
16:53:06.289 > [369423][V][LoraMesher.cpp:647] processPackets(): [LoRaMesher] Size of Received Packets Queue: 1
16:53:06.296 > [369431][V][LoraMesher.cpp:754] printHeaderPacket(): [LoRaMesher] Packet received -- Size: 20 Src: B3F0 Dst: FFFF Id: 21 Type: 4 Via: 0 Seq_Id: 0 Num: 0
16:53:06.310 > [369445][I][RoutingTableService.cpp:77] processRoute(): [LoRaMesher] Route packet from B3F0 with size 3
16:53:06.319 > [369454][I][RoutingTableService.cpp:99] resetReceiveSNRRoutePacket(): [LoRaMesher] Reset Receive SNR from B3F0: 13
16:53:06.329 > [369464][I][RoutingTableService.cpp:192] printRoutingTable(): [LoRaMesher] Current routing table:
16:53:06.338 > [369473][I][RoutingTableService.cpp:206] printRoutingTable(): [LoRaMesher] 0 - AFC0 via AFC0 metric 1 Role 0
16:53:06.348 > [369483][I][RoutingTableService.cpp:206] printRoutingTable(): [LoRaMesher] 1 - F02C via AFC0 metric 2 Role 0
16:53:06.357 > [369492][I][RoutingTableService.cpp:206] printRoutingTable(): [LoRaMesher] 2 - B3F0 via B3F0 metric 1 Role 0
16:53:06.367 > [369502][I][RoutingTableService.cpp:206] printRoutingTable(): [LoRaMesher] 3 - D110 via AFC0 metric 3 Role 1
16:53:06.376 > [369512][I][PacketQueueService.h:80] deleteQueuePacketAndPacket(): [LoRaMesher] Deleting packet
16:53:06.385 > [369520][I][PacketQueueService.h:83] deleteQueuePacketAndPacket(): [LoRaMesher] Deleting packet queue
16:53:06.394 > [369529][V][LoraMesher.cpp:641] processPackets(): [LoRaMesher] Stack space unused after entering the task: 2040
16:53:06.404 > [369539][V][LoraMesher.cpp:642] processPackets(): [LoRaMesher] Free heap: 336144
16:53:07.380 > [370515][V][LoraMesher.cpp:378] receivingRoutine(): [LoRaMesher] Stack space unused after entering the task: 2072
16:53:07.390 > [370525][V][LoraMesher.cpp:379] receivingRoutine(): [LoRaMesher] Free heap: 336144
16:53:07.398 > [370533][I][PacketService.cpp:12] createEmptyPacket(): [LoRaMesher] Packet created with 17 bytes
16:53:07.407 > [370542][I][LoraMesher.cpp:392] receivingRoutine(): [LoRaMesher] Receiving LoRa packet: Size: 17 bytes RSSI: -9 SNR: 12
16:53:07.418 > [370553][V][LoraMesher.cpp:647] processPackets(): [LoRaMesher] Size of Received Packets Queue: 1
16:53:07.426 > [370561][V][LoraMesher.cpp:754] printHeaderPacket(): [LoRaMesher] Packet received -- Size: 17 Src: B3F0 Dst: D110 Id: 22 Type: 2 Via: DE6C Seq_Id: 0 Num: 0
16:53:07.440 > [370575][I][LoraMesher.cpp:854] processDataPacket(): [LoRaMesher] Data packet from B3F0, destination D110, via DE6C
16:53:07.450 > [370585][V][LoraMesher.cpp:872] processDataPacket(): [LoRaMesher] Data Packet from B3F0 for D110. Via is me. Forwarding it
16:53:07.461 > [370596][I][LoraMesher.cpp:1051] addToSendOrderedAndNotify(): [LoRaMesher] Added packet to Q_SP, notifying sender task
16:53:07.472 > [370607][V][LoraMesher.cpp:511] sendPackets(): [LoRaMesher] Stack space unused after entering the task: 2004
16:53:07.481 > [370616][V][LoraMesher.cpp:512] sendPackets(): [LoRaMesher] Free heap: 336048
16:53:07.488 > [370623][V][LoraMesher.cpp:518] sendPackets(): [LoRaMesher] Size of Send Packets Queue: 1
16:53:07.496 > [370631][V][LoraMesher.cpp:525] sendPackets(): [LoRaMesher] Send n. 4
16:53:07.503 > [370638][V][LoraMesher.cpp:455] waitBeforeSend(): [LoRaMesher] RandomDelay 563 ms
16:53:07.510 > [370645][V][LoraMesher.cpp:641] processPackets(): [LoRaMesher] Stack space unused after entering the task: 2040
16:53:07.520 > [370655][V][LoraMesher.cpp:642] processPackets(): [LoRaMesher] Free heap: 336076
16:53:08.068 > [371203][V][LoraMesher.cpp:378] receivingRoutine(): [LoRaMesher] Stack space unused after entering the task: 2072
16:53:08.078 > [371207][V][LoraMesher.cpp:754] printHeaderPacket(): [LoRaMesher] Packet send -- Size: 17 Src: B3F0 Dst: D110 Id: 22 Type: 2 Via: AFC0 Seq_Id: 0 Num: 0
16:53:08.092 > [371227][V][LoraMesher.cpp:379] receivingRoutine(): [LoRaMesher] Free heap: 336076
16:53:08.099 > [371234][I][PacketService.cpp:12] createEmptyPacket(): [LoRaMesher] Packet created with 20 bytes
16:53:08.108 > [371243][I][LoraMesher.cpp:392] receivingRoutine(): [LoRaMesher] Receiving LoRa packet: Size: 20 bytes RSSI: -53 SNR: 13
16:53:08.119 > [371254][W][LoraMesher.cpp:413] receivingRoutine(): [LoRaMesher] Packet size is different from the size read
16:53:08.427 > [371562][E][LoraMesher.cpp:486] sendPacket(): [LoRaMesher] Transmit gave error: -5
16:53:08.435 > [371570][V][LoraMesher.cpp:518] sendPackets(): [LoRaMesher] Size of Send Packets Queue: 1
16:53:08.443 > [371578][V][LoraMesher.cpp:525] sendPackets(): [LoRaMesher] Send n. 5
16:53:08.449 > [371584][V][LoraMesher.cpp:455] waitBeforeSend(): [LoRaMesher] RandomDelay 439 ms
16:53:08.895 > [372030][V][LoraMesher.cpp:754] printHeaderPacket(): [LoRaMesher] Packet send -- Size: 17 Src: B3F0 Dst: D110 Id: 22 Type: 2 Via: AFC0 Seq_Id: 0 Num: 0
16:53:08.985 > [372120][V][LoraMesher.cpp:575] sendPackets(): [LoRaMesher] TimeOnAir 63 ms, next message in 0 ms
16:53:08.994 > [372129][I][PacketQueueService.h:80] deleteQueuePacketAndPacket(): [LoRaMesher] Deleting packet
16:53:09.002 > [372137][I][PacketQueueService.h:83] deleteQueuePacketAndPacket(): [LoRaMesher] Deleting packet queue
16:53:10.336 > [373470][V][LoraMesher.cpp:378] receivingRoutine(): [LoRaMesher] Stack space unused after entering the task: 2072
16:53:10.346 > [373481][V][LoraMesher.cpp:379] receivingRoutine(): [LoRaMesher] Free heap: 336144
16:53:10.353 > [373488][I][PacketService.cpp:12] createEmptyPacket(): [LoRaMesher] Packet created with 17 bytes
16:53:10.362 > [373497][I][LoraMesher.cpp:392] receivingRoutine(): [LoRaMesher] Receiving LoRa packet: Size: 17 bytes RSSI: -52 SNR: 13
16:53:10.373 > [373508][V][LoraMesher.cpp:647] processPackets(): [LoRaMesher] Size of Received Packets Queue: 1
16:53:10.382 > [373517][V][LoraMesher.cpp:754] printHeaderPacket(): [LoRaMesher] Packet received -- Size: 17 Src: B3F0 Dst: D110 Id: 22 Type: 2 Via: F02C Seq_Id: 0 Num: 0
16:53:10.395 > [373531][I][LoraMesher.cpp:854] processDataPacket(): [LoRaMesher] Data packet from B3F0, destination D110, via F02C
16:53:10.406 > [373541][V][LoraMesher.cpp:878] processDataPacket(): [LoRaMesher] Packet not for me, deleting it
16:53:10.414 > [373549][I][PacketQueueService.h:80] deleteQueuePacketAndPacket(): [LoRaMesher] Deleting packet
16:53:10.423 > [373558][I][PacketQueueService.h:83] deleteQueuePacketAndPacket(): [LoRaMesher] Deleting packet queue
16:53:10.432 > [373567][V][LoraMesher.cpp:641] processPackets(): [LoRaMesher] Stack space unused after entering the task: 2040
16:53:10.442 > [373577][V][LoraMesher.cpp:642] processPackets(): [LoRaMesher] Free heap: 336144
16:53:11.361 > [374496][V][LoraMesher.cpp:378] receivingRoutine(): [LoRaMesher] Stack space unused after entering the task: 2072
16:53:11.371 > [374506][V][LoraMesher.cpp:379] receivingRoutine(): [LoRaMesher] Free heap: 336144
16:53:11.379 > [374514][I][PacketService.cpp:12] createEmptyPacket(): [LoRaMesher] Packet created with 20 bytes
16:53:11.388 > [374523][I][LoraMesher.cpp:392] receivingRoutine(): [LoRaMesher] Receiving LoRa packet: Size: 20 bytes RSSI: -3 SNR: 14
16:53:11.399 > [374534][V][LoraMesher.cpp:647] processPackets(): [LoRaMesher] Size of Received Packets Queue: 1
16:53:11.407 > [374542][I][PacketQueueService.h:80] deleteQueuePacketAndPacket(): [LoRaMesher] Deleting packet
16:53:11.416 > [374551][I][PacketQueueService.h:83] deleteQueuePacketAndPacket(): [LoRaMesher] Deleting packet queue
16:53:11.425 > [374560][V][LoraMesher.cpp:658] processPackets(): [LoRaMesher] TESTING: Packet not for me, deleting it
16:53:11.434 > [374569][V][LoraMesher.cpp:641] processPackets(): [LoRaMesher] Stack space unused after entering the task: 2040
16:53:11.444 > [374579][V][LoraMesher.cpp:642] processPackets(): [LoRaMesher] Free heap: 336144
16:53:12.345 > [375480][V][LoraMesher.cpp:378] receivingRoutine(): [LoRaMesher] Stack space unused after entering the task: 2072
16:53:12.355 > [375491][V][LoraMesher.cpp:379] receivingRoutine(): [LoRaMesher] Free heap: 336144
16:53:12.363 > [375498][I][PacketService.cpp:12] createEmptyPacket(): [LoRaMesher] Packet created with 17 bytes
16:53:12.372 > [375507][I][LoraMesher.cpp:392] receivingRoutine(): [LoRaMesher] Receiving LoRa packet: Size: 17 bytes RSSI: -3 SNR: 13
16:53:12.383 > [375518][V][LoraMesher.cpp:647] processPackets(): [LoRaMesher] Size of Received Packets Queue: 1
16:53:12.391 > [375526][V][LoraMesher.cpp:754] printHeaderPacket(): [LoRaMesher] Packet received -- Size: 17 Src: B3F0 Dst: D110 Id: 22 Type: 2 Via: D110 Seq_Id: 0 Num: 0
16:53:12.405 > [375540][I][LoraMesher.cpp:854] processDataPacket(): [LoRaMesher] Data packet from B3F0, destination D110, via D110
16:53:12.415 > [375551][V][LoraMesher.cpp:878] processDataPacket(): [LoRaMesher] Packet not for me, deleting it
16:53:12.424 > [375559][I][PacketQueueService.h:80] deleteQueuePacketAndPacket(): [LoRaMesher] Deleting packet
16:53:12.432 > [375568][I][PacketQueueService.h:83] deleteQueuePacketAndPacket(): [LoRaMesher] Deleting packet queue
16:53:12.442 > [375577][V][LoraMesher.cpp:641] processPackets(): [LoRaMesher] Stack space unused after entering the task: 2040
16:53:12.451 > [375587][V][LoraMesher.cpp:642] processPackets(): [LoRaMesher] Free heap: 336144
16:53:27.182 > [390317][V][LoraMesher.cpp:378] receivingRoutine(): [LoRaMesher] Stack space unused after entering the task: 2072
16:53:27.192 > [390327][V][LoraMesher.cpp:379] receivingRoutine(): [LoRaMesher] Free heap: 336144
16:53:27.199 > [390334][I][PacketService.cpp:12] createEmptyPacket(): [LoRaMesher] Packet created with 17 bytes
16:53:27.208 > [390343][I][LoraMesher.cpp:392] receivingRoutine(): [LoRaMesher] Receiving LoRa packet: Size: 17 bytes RSSI: -9 SNR: 12
16:53:27.219 > [390354][V][LoraMesher.cpp:647] processPackets(): [LoRaMesher] Size of Received Packets Queue: 1
16:53:27.228 > [390363][V][LoraMesher.cpp:754] printHeaderPacket(): [LoRaMesher] Packet received -- Size: 17 Src: B3F0 Dst: D110 Id: 23 Type: 2 Via: DE6C Seq_Id: 0 Num: 0
16:53:27.242 > [390377][I][LoraMesher.cpp:854] processDataPacket(): [LoRaMesher] Data packet from B3F0, destination D110, via DE6C
16:53:27.252 > [390387][V][LoraMesher.cpp:872] processDataPacket(): [LoRaMesher] Data Packet from B3F0 for D110. Via is me. Forwarding it
16:53:27.263 > [390398][I][LoraMesher.cpp:1051] addToSendOrderedAndNotify(): [LoRaMesher] Added packet to Q_SP, notifying sender task
16:53:27.273 > [390408][V][LoraMesher.cpp:511] sendPackets(): [LoRaMesher] Stack space unused after entering the task: 2004
16:53:27.283 > [390418][V][LoraMesher.cpp:512] sendPackets(): [LoRaMesher] Free heap: 336048
16:53:27.290 > [390425][V][LoraMesher.cpp:518] sendPackets(): [LoRaMesher] Size of Send Packets Queue: 1
16:53:27.298 > [390433][V][LoraMesher.cpp:525] sendPackets(): [LoRaMesher] Send n. 6
16:53:27.304 > [390439][V][LoraMesher.cpp:455] waitBeforeSend(): [LoRaMesher] RandomDelay 482 ms
16:53:27.312 > [390446][V][LoraMesher.cpp:641] processPackets(): [LoRaMesher] Stack space unused after entering the task: 2040
16:53:27.321 > [390456][V][LoraMesher.cpp:642] processPackets(): [LoRaMesher] Free heap: 336076
16:53:27.793 > [390928][V][LoraMesher.cpp:754] printHeaderPacket(): [LoRaMesher] Packet send -- Size: 17 Src: B3F0 Dst: D110 Id: 23 Type: 2 Via: AFC0 Seq_Id: 0 Num: 0
16:53:27.883 > [391018][V][LoraMesher.cpp:575] sendPackets(): [LoRaMesher] TimeOnAir 63 ms, next message in 0 ms
16:53:27.892 > [391027][I][PacketQueueService.h:80] deleteQueuePacketAndPacket(): [LoRaMesher] Deleting packet
16:53:27.900 > [391035][I][PacketQueueService.h:83] deleteQueuePacketAndPacket(): [LoRaMesher] Deleting packet queue
16:53:29.169 > [392304][V][LoraMesher.cpp:378] receivingRoutine(): [LoRaMesher] Stack space unused after entering the task: 2072
16:53:29.179 > [392314][V][LoraMesher.cpp:379] receivingRoutine(): [LoRaMesher] Free heap: 336144
16:53:29.187 > [392322][I][PacketService.cpp:12] createEmptyPacket(): [LoRaMesher] Packet created with 17 bytes
16:53:29.195 > [392330][I][LoraMesher.cpp:392] receivingRoutine(): [LoRaMesher] Receiving LoRa packet: Size: 17 bytes RSSI: -53 SNR: 12
16:53:29.207 > [392341][V][LoraMesher.cpp:647] processPackets(): [LoRaMesher] Size of Received Packets Queue: 1
16:53:29.215 > [392350][V][LoraMesher.cpp:754] printHeaderPacket(): [LoRaMesher] Packet received -- Size: 17 Src: B3F0 Dst: D110 Id: 23 Type: 2 Via: F02C Seq_Id: 0 Num: 0
16:53:29.229 > [392364][I][LoraMesher.cpp:854] processDataPacket(): [LoRaMesher] Data packet from B3F0, destination D110, via F02C
16:53:29.239 > [392374][V][LoraMesher.cpp:878] processDataPacket(): [LoRaMesher] Packet not for me, deleting it
16:53:29.248 > [392383][I][PacketQueueService.h:80] deleteQueuePacketAndPacket(): [LoRaMesher] Deleting packet
16:53:29.256 > [392391][I][PacketQueueService.h:83] deleteQueuePacketAndPacket(): [LoRaMesher] Deleting packet queue
16:53:29.265 > [392400][V][LoraMesher.cpp:641] processPackets(): [LoRaMesher] Stack space unused after entering the task: 2040
16:53:29.275 > [392410][V][LoraMesher.cpp:642] processPackets(): [LoRaMesher] Free heap: 336144
16:53:29.729 > [392864][V][LoraMesher.cpp:378] receivingRoutine(): [LoRaMesher] Stack space unused after entering the task: 2072
16:53:29.739 > [392874][V][LoraMesher.cpp:379] receivingRoutine(): [LoRaMesher] Free heap: 336144
16:53:29.747 > [392882][I][PacketService.cpp:12] createEmptyPacket(): [LoRaMesher] Packet created with 17 bytes
16:53:29.756 > [392890][I][LoraMesher.cpp:392] receivingRoutine(): [LoRaMesher] Receiving LoRa packet: Size: 17 bytes RSSI: -3 SNR: 13
16:53:29.767 > [392901][V][LoraMesher.cpp:647] processPackets(): [LoRaMesher] Size of Received Packets Queue: 1
16:53:29.775 > [392910][V][LoraMesher.cpp:754] printHeaderPacket(): [LoRaMesher] Packet received -- Size: 17 Src: B3F0 Dst: D110 Id: 23 Type: 2 Via: D110 Seq_Id: 0 Num: 0
16:53:29.789 > [392924][I][LoraMesher.cpp:854] processDataPacket(): [LoRaMesher] Data packet from B3F0, destination D110, via D110
16:53:29.799 > [392934][V][LoraMesher.cpp:878] processDataPacket(): [LoRaMesher] Packet not for me, deleting it
16:53:29.808 > [392943][I][PacketQueueService.h:80] deleteQueuePacketAndPacket(): [LoRaMesher] Deleting packet
16:53:29.816 > [392951][I][PacketQueueService.h:83] deleteQueuePacketAndPacket(): [LoRaMesher] Deleting packet queue
16:53:29.825 > [392960][V][LoraMesher.cpp:641] processPackets(): [LoRaMesher] Stack space unused after entering the task: 2040
16:53:29.835 > [392970][V][LoraMesher.cpp:642] processPackets(): [LoRaMesher] Free heap: 336144
16:53:46.681 > [409816][V][LoraMesher.cpp:378] receivingRoutine(): [LoRaMesher] Stack space unused after entering the task: 2072
16:53:46.692 > [409826][V][LoraMesher.cpp:379] receivingRoutine(): [LoRaMesher] Free heap: 336144
16:53:46.699 > [409834][I][PacketService.cpp:12] createEmptyPacket(): [LoRaMesher] Packet created with 17 bytes
16:53:46.708 > [409843][I][LoraMesher.cpp:392] receivingRoutine(): [LoRaMesher] Receiving LoRa packet: Size: 17 bytes RSSI: -9 SNR: 13
16:53:46.719 > [409854][V][LoraMesher.cpp:647] processPackets(): [LoRaMesher] Size of Received Packets Queue: 1
16:53:46.728 > [409862][V][LoraMesher.cpp:754] printHeaderPacket(): [LoRaMesher] Packet received -- Size: 17 Src: B3F0 Dst: D110 Id: 24 Type: 2 Via: DE6C Seq_Id: 0 Num: 0
16:53:46.741 > [409876][I][LoraMesher.cpp:854] processDataPacket(): [LoRaMesher] Data packet from B3F0, destination D110, via DE6C
16:53:46.752 > [409886][V][LoraMesher.cpp:872] processDataPacket(): [LoRaMesher] Data Packet from B3F0 for D110. Via is me. Forwarding it
16:53:46.762 > [409897][I][LoraMesher.cpp:1051] addToSendOrderedAndNotify(): [LoRaMesher] Added packet to Q_SP, notifying sender task
16:53:46.773 > [409908][V][LoraMesher.cpp:511] sendPackets(): [LoRaMesher] Stack space unused after entering the task: 2004
16:53:46.783 > [409917][V][LoraMesher.cpp:512] sendPackets(): [LoRaMesher] Free heap: 336048
16:53:46.790 > [409924][V][LoraMesher.cpp:518] sendPackets(): [LoRaMesher] Size of Send Packets Queue: 1
16:53:46.797 > [409932][V][LoraMesher.cpp:525] sendPackets(): [LoRaMesher] Send n. 7
16:53:46.804 > [409938][V][LoraMesher.cpp:455] waitBeforeSend(): [LoRaMesher] RandomDelay 357 ms
16:53:46.811 > [409946][V][LoraMesher.cpp:641] processPackets(): [LoRaMesher] Stack space unused after entering the task: 2040
16:53:46.821 > [409956][V][LoraMesher.cpp:642] processPackets(): [LoRaMesher] Free heap: 336076
16:53:47.167 > [410302][V][LoraMesher.cpp:754] printHeaderPacket(): [LoRaMesher] Packet send -- Size: 17 Src: B3F0 Dst: D110 Id: 24 Type: 2 Via: AFC0 Seq_Id: 0 Num: 0
16:53:47.257 > [410392][V][LoraMesher.cpp:575] sendPackets(): [LoRaMesher] TimeOnAir 63 ms, next message in 0 ms
16:53:47.266 > [410401][I][PacketQueueService.h:80] deleteQueuePacketAndPacket(): [LoRaMesher] Deleting packet
16:53:47.274 > [410409][I][PacketQueueService.h:83] deleteQueuePacketAndPacket(): [LoRaMesher] Deleting packet queue
16:53:48.025 > [411160][V][LoraMesher.cpp:378] receivingRoutine(): [LoRaMesher] Stack space unused after entering the task: 2072
16:53:48.036 > [411170][V][LoraMesher.cpp:379] receivingRoutine(): [LoRaMesher] Free heap: 336144
16:53:48.043 > [411178][I][PacketService.cpp:12] createEmptyPacket(): [LoRaMesher] Packet created with 17 bytes
16:53:48.052 > [411187][I][LoraMesher.cpp:392] receivingRoutine(): [LoRaMesher] Receiving LoRa packet: Size: 17 bytes RSSI: -53 SNR: 13
16:53:48.063 > [411198][V][LoraMesher.cpp:647] processPackets(): [LoRaMesher] Size of Received Packets Queue: 1
16:53:48.072 > [411207][V][LoraMesher.cpp:754] printHeaderPacket(): [LoRaMesher] Packet received -- Size: 17 Src: B3F0 Dst: D110 Id: 24 Type: 2 Via: F02C Seq_Id: 0 Num: 0
16:53:48.086 > [411220][I][LoraMesher.cpp:854] processDataPacket(): [LoRaMesher] Data packet from B3F0, destination D110, via F02C
16:53:48.096 > [411231][V][LoraMesher.cpp:878] processDataPacket(): [LoRaMesher] Packet not for me, deleting it
16:53:48.104 > [411239][I][PacketQueueService.h:80] deleteQueuePacketAndPacket(): [LoRaMesher] Deleting packet
16:53:48.113 > [411248][I][PacketQueueService.h:83] deleteQueuePacketAndPacket(): [LoRaMesher] Deleting packet queue
16:53:48.122 > [411257][V][LoraMesher.cpp:641] processPackets(): [LoRaMesher] Stack space unused after entering the task: 2040
16:53:48.132 > [411267][V][LoraMesher.cpp:642] processPackets(): [LoRaMesher] Free heap: 336144
16:53:48.697 > [411832][V][LoraMesher.cpp:378] receivingRoutine(): [LoRaMesher] Stack space unused after entering the task: 2072
16:53:48.708 > [411843][V][LoraMesher.cpp:379] receivingRoutine(): [LoRaMesher] Free heap: 336144
16:53:48.715 > [411850][I][PacketService.cpp:12] createEmptyPacket(): [LoRaMesher] Packet created with 17 bytes
16:53:48.724 > [411859][I][LoraMesher.cpp:392] receivingRoutine(): [LoRaMesher] Receiving LoRa packet: Size: 17 bytes RSSI: -2 SNR: 14
16:53:48.735 > [411870][V][LoraMesher.cpp:647] processPackets(): [LoRaMesher] Size of Received Packets Queue: 1
16:53:48.744 > [411879][V][LoraMesher.cpp:754] printHeaderPacket(): [LoRaMesher] Packet received -- Size: 17 Src: B3F0 Dst: D110 Id: 24 Type: 2 Via: D110 Seq_Id: 0 Num: 0
16:53:48.758 > [411892][I][LoraMesher.cpp:854] processDataPacket(): [LoRaMesher] Data packet from B3F0, destination D110, via D110
16:53:48.768 > [411903][V][LoraMesher.cpp:878] processDataPacket(): [LoRaMesher] Packet not for me, deleting it
16:53:48.776 > [411911][I][PacketQueueService.h:80] deleteQueuePacketAndPacket(): [LoRaMesher] Deleting packet
16:53:48.785 > [411920][I][PacketQueueService.h:83] deleteQueuePacketAndPacket(): [LoRaMesher] Deleting packet queue
16:53:48.794 > [411929][V][LoraMesher.cpp:641] processPackets(): [LoRaMesher] Stack space unused after entering the task: 2040
16:53:48.804 > [411939][V][LoraMesher.cpp:642] processPackets(): [LoRaMesher] Free heap: 336144
16:54:07.296 > [430432][V][LoraMesher.cpp:378] receivingRoutine(): [LoRaMesher] Stack space unused after entering the task: 2072
16:54:07.307 > [430442][V][LoraMesher.cpp:379] receivingRoutine(): [LoRaMesher] Free heap: 336144
16:54:07.315 > [430449][I][PacketService.cpp:12] createEmptyPacket(): [LoRaMesher] Packet created with 17 bytes
16:54:07.323 > [430458][I][LoraMesher.cpp:392] receivingRoutine(): [LoRaMesher] Receiving LoRa packet: Size: 17 bytes RSSI: -9 SNR: 12
16:54:07.334 > [430469][V][LoraMesher.cpp:647] processPackets(): [LoRaMesher] Size of Received Packets Queue: 1
16:54:07.343 > [430478][V][LoraMesher.cpp:754] printHeaderPacket(): [LoRaMesher] Packet received -- Size: 17 Src: B3F0 Dst: D110 Id: 25 Type: 2 Via: DE6C Seq_Id: 0 Num: 0
16:54:07.357 > [430491][I][LoraMesher.cpp:854] processDataPacket(): [LoRaMesher] Data packet from B3F0, destination D110, via DE6C
16:54:07.367 > [430502][V][LoraMesher.cpp:872] processDataPacket(): [LoRaMesher] Data Packet from B3F0 for D110. Via is me. Forwarding it
16:54:07.378 > [430513][I][LoraMesher.cpp:1051] addToSendOrderedAndNotify(): [LoRaMesher] Added packet to Q_SP, notifying sender task
16:54:07.389 > [430523][V][LoraMesher.cpp:511] sendPackets(): [LoRaMesher] Stack space unused after entering the task: 2004
16:54:07.398 > [430533][V][LoraMesher.cpp:512] sendPackets(): [LoRaMesher] Free heap: 336048
16:54:07.405 > [430540][V][LoraMesher.cpp:518] sendPackets(): [LoRaMesher] Size of Send Packets Queue: 1
16:54:07.413 > [430548][V][LoraMesher.cpp:525] sendPackets(): [LoRaMesher] Send n. 8
16:54:07.419 > [430554][V][LoraMesher.cpp:455] waitBeforeSend(): [LoRaMesher] RandomDelay 1141 ms
16:54:07.427 > [430561][V][LoraMesher.cpp:641] processPackets(): [LoRaMesher] Stack space unused after entering the task: 2040
16:54:07.437 > [430571][V][LoraMesher.cpp:642] processPackets(): [LoRaMesher] Free heap: 336076
16:54:08.567 > [431702][V][LoraMesher.cpp:754] printHeaderPacket(): [LoRaMesher] Packet send -- Size: 17 Src: B3F0 Dst: D110 Id: 25 Type: 2 Via: AFC0 Seq_Id: 0 Num: 0
16:54:08.657 > [431792][V][LoraMesher.cpp:575] sendPackets(): [LoRaMesher] TimeOnAir 63 ms, next message in 0 ms
16:54:08.666 > [431801][I][PacketQueueService.h:80] deleteQueuePacketAndPacket(): [LoRaMesher] Deleting packet
16:54:08.675 > [431809][I][PacketQueueService.h:83] deleteQueuePacketAndPacket(): [LoRaMesher] Deleting packet queue
16:54:09.958 > [433094][V][LoraMesher.cpp:378] receivingRoutine(): [LoRaMesher] Stack space unused after entering the task: 2072
16:54:09.969 > [433104][V][LoraMesher.cpp:379] receivingRoutine(): [LoRaMesher] Free heap: 336144
16:54:09.977 > [433111][I][PacketService.cpp:12] createEmptyPacket(): [LoRaMesher] Packet created with 17 bytes
16:54:09.986 > [433120][I][LoraMesher.cpp:392] receivingRoutine(): [LoRaMesher] Receiving LoRa packet: Size: 17 bytes RSSI: -53 SNR: 13
16:54:09.996 > [433131][V][LoraMesher.cpp:647] processPackets(): [LoRaMesher] Size of Received Packets Queue: 1
16:54:10.005 > [433140][V][LoraMesher.cpp:754] printHeaderPacket(): [LoRaMesher] Packet received -- Size: 17 Src: B3F0 Dst: D110 Id: 25 Type: 2 Via: F02C Seq_Id: 0 Num: 0
16:54:10.019 > [433154][I][LoraMesher.cpp:854] processDataPacket(): [LoRaMesher] Data packet from B3F0, destination D110, via F02C
16:54:10.029 > [433164][V][LoraMesher.cpp:878] processDataPacket(): [LoRaMesher] Packet not for me, deleting it
16:54:10.038 > [433172][I][PacketQueueService.h:80] deleteQueuePacketAndPacket(): [LoRaMesher] Deleting packet
16:54:10.046 > [433181][I][PacketQueueService.h:83] deleteQueuePacketAndPacket(): [LoRaMesher] Deleting packet queue
16:54:10.055 > [433190][V][LoraMesher.cpp:641] processPackets(): [LoRaMesher] Stack space unused after entering the task: 2040
16:54:10.065 > [433200][V][LoraMesher.cpp:642] processPackets(): [LoRaMesher] Free heap: 336144
16:54:10.885 > [434020][V][LoraMesher.cpp:378] receivingRoutine(): [LoRaMesher] Stack space unused after entering the task: 2072
16:54:10.895 > [434030][V][LoraMesher.cpp:379] receivingRoutine(): [LoRaMesher] Free heap: 336144
16:54:10.903 > [434038][I][PacketService.cpp:12] createEmptyPacket(): [LoRaMesher] Packet created with 17 bytes
16:54:10.912 > [434046][I][LoraMesher.cpp:392] receivingRoutine(): [LoRaMesher] Receiving LoRa packet: Size: 17 bytes RSSI: -3 SNR: 13
16:54:10.923 > [434057][V][LoraMesher.cpp:647] processPackets(): [LoRaMesher] Size of Received Packets Queue: 1
16:54:10.932 > [434066][V][LoraMesher.cpp:754] printHeaderPacket(): [LoRaMesher] Packet received -- Size: 17 Src: B3F0 Dst: D110 Id: 25 Type: 2 Via: D110 Seq_Id: 0 Num: 0
16:54:10.945 > [434080][I][LoraMesher.cpp:854] processDataPacket(): [LoRaMesher] Data packet from B3F0, destination D110, via D110
16:54:10.955 > [434090][V][LoraMesher.cpp:878] processDataPacket(): [LoRaMesher] Packet not for me, deleting it
16:54:10.964 > [434099][I][PacketQueueService.h:80] deleteQueuePacketAndPacket(): [LoRaMesher] Deleting packet
16:54:10.972 > [434107][I][PacketQueueService.h:83] deleteQueuePacketAndPacket(): [LoRaMesher] Deleting packet queue
16:54:10.981 > [434116][V][LoraMesher.cpp:641] processPackets(): [LoRaMesher] Stack space unused after entering the task: 2040
16:54:10.992 > [434126][V][LoraMesher.cpp:642] processPackets(): [LoRaMesher] Free heap: 336144
16:54:27.348 > [450483][V][LoraMesher.cpp:378] receivingRoutine(): [LoRaMesher] Stack space unused after entering the task: 2072
16:54:27.359 > [450493][V][LoraMesher.cpp:379] receivingRoutine(): [LoRaMesher] Free heap: 336144
16:54:27.365 > [450501][I][PacketService.cpp:12] createEmptyPacket(): [LoRaMesher] Packet created with 17 bytes
16:54:27.374 > [450509][I][LoraMesher.cpp:392] receivingRoutine(): [LoRaMesher] Receiving LoRa packet: Size: 17 bytes RSSI: -10 SNR: 13
16:54:27.385 > [450521][V][LoraMesher.cpp:647] processPackets(): [LoRaMesher] Size of Received Packets Queue: 1
16:54:27.395 > [450529][V][LoraMesher.cpp:754] printHeaderPacket(): [LoRaMesher] Packet received -- Size: 17 Src: B3F0 Dst: D110 Id: 26 Type: 2 Via: DE6C Seq_Id: 0 Num: 0
16:54:27.408 > [450543][I][LoraMesher.cpp:854] processDataPacket(): [LoRaMesher] Data packet from B3F0, destination D110, via DE6C
16:54:27.418 > [450553][V][LoraMesher.cpp:872] processDataPacket(): [LoRaMesher] Data Packet from B3F0 for D110. Via is me. Forwarding it
16:54:27.429 > [450564][I][LoraMesher.cpp:1051] addToSendOrderedAndNotify(): [LoRaMesher] Added packet to Q_SP, notifying sender task
16:54:27.439 > [450575][V][LoraMesher.cpp:511] sendPackets(): [LoRaMesher] Stack space unused after entering the task: 2004
16:54:27.449 > [450584][V][LoraMesher.cpp:512] sendPackets(): [LoRaMesher] Free heap: 336048
16:54:27.456 > [450591][V][LoraMesher.cpp:518] sendPackets(): [LoRaMesher] Size of Send Packets Queue: 1
16:54:27.464 > [450599][V][LoraMesher.cpp:525] sendPackets(): [LoRaMesher] Send n. 9
16:54:27.470 > [450605][V][LoraMesher.cpp:455] waitBeforeSend(): [LoRaMesher] RandomDelay 964 ms
16:54:27.477 > [450613][V][LoraMesher.cpp:641] processPackets(): [LoRaMesher] Stack space unused after entering the task: 2040
16:54:27.487 > [450623][V][LoraMesher.cpp:642] processPackets(): [LoRaMesher] Free heap: 336076
16:54:28.441 > [451576][V][LoraMesher.cpp:754] printHeaderPacket(): [LoRaMesher] Packet send -- Size: 17 Src: B3F0 Dst: D110 Id: 26 Type: 2 Via: AFC0 Seq_Id: 0 Num: 0
16:54:28.531 > [451666][V][LoraMesher.cpp:575] sendPackets(): [LoRaMesher] TimeOnAir 63 ms, next message in 0 ms
16:54:28.539 > [451675][I][PacketQueueService.h:80] deleteQueuePacketAndPacket(): [LoRaMesher] Deleting packet
16:54:28.548 > [451683][I][PacketQueueService.h:83] deleteQueuePacketAndPacket(): [LoRaMesher] Deleting packet queue
16:54:29.308 > [452443][V][LoraMesher.cpp:378] receivingRoutine(): [LoRaMesher] Stack space unused after entering the task: 2072
16:54:29.318 > [452453][V][LoraMesher.cpp:379] receivingRoutine(): [LoRaMesher] Free heap: 336144
16:54:29.325 > [452461][I][PacketService.cpp:12] createEmptyPacket(): [LoRaMesher] Packet created with 17 bytes
16:54:29.334 > [452470][I][LoraMesher.cpp:392] receivingRoutine(): [LoRaMesher] Receiving LoRa packet: Size: 17 bytes RSSI: -53 SNR: 12
16:54:29.345 > [452481][V][LoraMesher.cpp:647] processPackets(): [LoRaMesher] Size of Received Packets Queue: 1
16:54:29.354 > [452489][V][LoraMesher.cpp:754] printHeaderPacket(): [LoRaMesher] Packet received -- Size: 17 Src: B3F0 Dst: D110 Id: 26 Type: 2 Via: F02C Seq_Id: 0 Num: 0
16:54:29.368 > [452503][I][LoraMesher.cpp:854] processDataPacket(): [LoRaMesher] Data packet from B3F0, destination D110, via F02C
16:54:29.378 > [452513][V][LoraMesher.cpp:878] processDataPacket(): [LoRaMesher] Packet not for me, deleting it
16:54:29.387 > [452522][I][PacketQueueService.h:80] deleteQueuePacketAndPacket(): [LoRaMesher] Deleting packet
16:54:29.396 > [452530][I][PacketQueueService.h:83] deleteQueuePacketAndPacket(): [LoRaMesher] Deleting packet queue
16:54:29.404 > [452539][V][LoraMesher.cpp:641] processPackets(): [LoRaMesher] Stack space unused after entering the task: 2040
16:54:29.414 > [452549][V][LoraMesher.cpp:642] processPackets(): [LoRaMesher] Free heap: 336144
16:54:30.567 > [453702][V][LoraMesher.cpp:378] receivingRoutine(): [LoRaMesher] Stack space unused after entering the task: 2072
16:54:30.577 > [453712][V][LoraMesher.cpp:379] receivingRoutine(): [LoRaMesher] Free heap: 336144
16:54:30.585 > [453720][I][PacketService.cpp:12] createEmptyPacket(): [LoRaMesher] Packet created with 17 bytes
16:54:30.593 > [453729][I][LoraMesher.cpp:392] receivingRoutine(): [LoRaMesher] Receiving LoRa packet: Size: 17 bytes RSSI: -2 SNR: 13
16:54:30.604 > [453740][V][LoraMesher.cpp:647] processPackets(): [LoRaMesher] Size of Received Packets Queue: 1
16:54:30.613 > [453748][V][LoraMesher.cpp:754] printHeaderPacket(): [LoRaMesher] Packet received -- Size: 17 Src: B3F0 Dst: D110 Id: 26 Type: 2 Via: D110 Seq_Id: 0 Num: 0
16:54:30.627 > [453762][I][LoraMesher.cpp:854] processDataPacket(): [LoRaMesher] Data packet from B3F0, destination D110, via D110
16:54:30.637 > [453772][V][LoraMesher.cpp:878] processDataPacket(): [LoRaMesher] Packet not for me, deleting it
16:54:30.646 > [453781][I][PacketQueueService.h:80] deleteQueuePacketAndPacket(): [LoRaMesher] Deleting packet
16:54:30.654 > [453790][I][PacketQueueService.h:83] deleteQueuePacketAndPacket(): [LoRaMesher] Deleting packet queue
16:54:30.663 > [453799][V][LoraMesher.cpp:641] processPackets(): [LoRaMesher] Stack space unused after entering the task: 2040
16:54:30.673 > [453808][V][LoraMesher.cpp:642] processPackets(): [LoRaMesher] Free heap: 336144
16:54:47.227 > [470362][V][LoraMesher.cpp:378] receivingRoutine(): [LoRaMesher] Stack space unused after entering the task: 2072
16:54:47.237 > [470373][V][LoraMesher.cpp:379] receivingRoutine(): [LoRaMesher] Free heap: 336144
16:54:47.245 > [470380][I][PacketService.cpp:12] createEmptyPacket(): [LoRaMesher] Packet created with 17 bytes
16:54:47.254 > [470389][I][LoraMesher.cpp:392] receivingRoutine(): [LoRaMesher] Receiving LoRa packet: Size: 17 bytes RSSI: -11 SNR: 13
16:54:47.265 > [470400][V][LoraMesher.cpp:647] processPackets(): [LoRaMesher] Size of Received Packets Queue: 1
16:54:47.273 > [470409][V][LoraMesher.cpp:754] printHeaderPacket(): [LoRaMesher] Packet received -- Size: 17 Src: B3F0 Dst: D110 Id: 27 Type: 2 Via: DE6C Seq_Id: 0 Num: 0
16:54:47.287 > [470422][I][LoraMesher.cpp:854] processDataPacket(): [LoRaMesher] Data packet from B3F0, destination D110, via DE6C
16:54:47.297 > [470433][V][LoraMesher.cpp:872] processDataPacket(): [LoRaMesher] Data Packet from B3F0 for D110. Via is me. Forwarding it
16:54:47.308 > [470443][I][LoraMesher.cpp:1051] addToSendOrderedAndNotify(): [LoRaMesher] Added packet to Q_SP, notifying sender task
16:54:47.319 > [470454][V][LoraMesher.cpp:511] sendPackets(): [LoRaMesher] Stack space unused after entering the task: 2004
16:54:47.328 > [470464][V][LoraMesher.cpp:512] sendPackets(): [LoRaMesher] Free heap: 336048
16:54:47.335 > [470471][V][LoraMesher.cpp:518] sendPackets(): [LoRaMesher] Size of Send Packets Queue: 1
16:54:47.343 > [470479][V][LoraMesher.cpp:525] sendPackets(): [LoRaMesher] Send n. 10
16:54:47.350 > [470485][V][LoraMesher.cpp:455] waitBeforeSend(): [LoRaMesher] RandomDelay 561 ms
16:54:47.357 > [470492][V][LoraMesher.cpp:641] processPackets(): [LoRaMesher] Stack space unused after entering the task: 2040
16:54:47.367 > [470502][V][LoraMesher.cpp:642] processPackets(): [LoRaMesher] Free heap: 336076
16:54:47.918 > [471053][V][LoraMesher.cpp:754] printHeaderPacket(): [LoRaMesher] Packet send -- Size: 17 Src: B3F0 Dst: D110 Id: 27 Type: 2 Via: AFC0 Seq_Id: 0 Num: 0
16:54:48.008 > [471143][V][LoraMesher.cpp:575] sendPackets(): [LoRaMesher] TimeOnAir 63 ms, next message in 0 ms
16:54:48.017 > [471152][I][PacketQueueService.h:80] deleteQueuePacketAndPacket(): [LoRaMesher] Deleting packet
16:54:48.025 > [471160][I][PacketQueueService.h:83] deleteQueuePacketAndPacket(): [LoRaMesher] Deleting packet queue
16:54:49.081 > [472216][V][LoraMesher.cpp:378] receivingRoutine(): [LoRaMesher] Stack space unused after entering the task: 2072
16:54:49.091 > [472227][V][LoraMesher.cpp:379] receivingRoutine(): [LoRaMesher] Free heap: 336144
16:54:49.099 > [472234][I][PacketService.cpp:12] createEmptyPacket(): [LoRaMesher] Packet created with 17 bytes
16:54:49.108 > [472243][I][LoraMesher.cpp:392] receivingRoutine(): [LoRaMesher] Receiving LoRa packet: Size: 17 bytes RSSI: -53 SNR: 14
16:54:49.119 > [472254][V][LoraMesher.cpp:647] processPackets(): [LoRaMesher] Size of Received Packets Queue: 1
16:54:49.128 > [472263][V][LoraMesher.cpp:754] printHeaderPacket(): [LoRaMesher] Packet received -- Size: 17 Src: B3F0 Dst: D110 Id: 27 Type: 2 Via: F02C Seq_Id: 0 Num: 0
16:54:49.141 > [472277][I][LoraMesher.cpp:854] processDataPacket(): [LoRaMesher] Data packet from B3F0, destination D110, via F02C
16:54:49.152 > [472287][V][LoraMesher.cpp:878] processDataPacket(): [LoRaMesher] Packet not for me, deleting it
16:54:49.160 > [472295][I][PacketQueueService.h:80] deleteQueuePacketAndPacket(): [LoRaMesher] Deleting packet
16:54:49.169 > [472304][I][PacketQueueService.h:83] deleteQueuePacketAndPacket(): [LoRaMesher] Deleting packet queue
16:54:49.178 > [472313][V][LoraMesher.cpp:641] processPackets(): [LoRaMesher] Stack space unused after entering the task: 2040
16:54:49.188 > [472323][V][LoraMesher.cpp:642] processPackets(): [LoRaMesher] Free heap: 336144
16:54:50.323 > [473459][V][LoraMesher.cpp:378] receivingRoutine(): [LoRaMesher] Stack space unused after entering the task: 2072
16:54:50.334 > [473469][V][LoraMesher.cpp:379] receivingRoutine(): [LoRaMesher] Free heap: 336144
16:54:50.341 > [473476][I][PacketService.cpp:12] createEmptyPacket(): [LoRaMesher] Packet created with 17 bytes
16:54:50.350 > [473485][I][LoraMesher.cpp:392] receivingRoutine(): [LoRaMesher] Receiving LoRa packet: Size: 17 bytes RSSI: -2 SNR: 13
16:54:50.361 > [473496][V][LoraMesher.cpp:647] processPackets(): [LoRaMesher] Size of Received Packets Queue: 1
16:54:50.370 > [473505][V][LoraMesher.cpp:754] printHeaderPacket(): [LoRaMesher] Packet received -- Size: 17 Src: B3F0 Dst: D110 Id: 27 Type: 2 Via: D110 Seq_Id: 0 Num: 0
16:54:50.383 > [473519][I][LoraMesher.cpp:854] processDataPacket(): [LoRaMesher] Data packet from B3F0, destination D110, via D110
16:54:50.394 > [473529][V][LoraMesher.cpp:878] processDataPacket(): [LoRaMesher] Packet not for me, deleting it
16:54:50.402 > [473537][I][PacketQueueService.h:80] deleteQueuePacketAndPacket(): [LoRaMesher] Deleting packet
16:54:50.411 > [473546][I][PacketQueueService.h:83] deleteQueuePacketAndPacket(): [LoRaMesher] Deleting packet queue
16:54:50.420 > [473555][V][LoraMesher.cpp:641] processPackets(): [LoRaMesher] Stack space unused after entering the task: 2040
16:54:50.430 > [473565][V][LoraMesher.cpp:642] processPackets(): [LoRaMesher] Free heap: 336144
16:55:05.019 > [488155][V][LoraMesher.cpp:598] sendHelloPacket(): [LoRaMesher] Creating Routing Packet
16:55:05.028 > [488163][V][LoraMesher.cpp:599] sendHelloPacket(): [LoRaMesher] Stack space unused after entering the task: 2328
16:55:05.038 > [488173][V][LoraMesher.cpp:600] sendHelloPacket(): [LoRaMesher] Free heap: 336144
16:55:05.045 > [488180][V][PacketFactory.h:45] createPacket(): [LoRaMesher] Creating packet with 24 bytes
16:55:05.053 > [488188][I][PacketFactory.h:74] createPacket(): [LoRaMesher] Packet created with 24 bytes
16:55:05.061 > [488196][I][LoraMesher.h:659] setPackedForSend(): [LoRaMesher] Adding packet to Q_SP
16:55:05.069 > [488204][I][LoraMesher.h:661] setPackedForSend(): [LoRaMesher] Created packet to Q_SP
16:55:05.076 > [488211][I][LoraMesher.cpp:1051] addToSendOrderedAndNotify(): [LoRaMesher] Added packet to Q_SP, notifying sender task
16:55:05.087 > [488222][V][LoraMesher.cpp:511] sendPackets(): [LoRaMesher] Stack space unused after entering the task: 2004
16:55:05.097 > [488232][V][LoraMesher.cpp:512] sendPackets(): [LoRaMesher] Free heap: 336044
16:55:05.103 > [488239][V][LoraMesher.cpp:518] sendPackets(): [LoRaMesher] Size of Send Packets Queue: 1
16:55:05.111 > [488247][V][LoraMesher.cpp:525] sendPackets(): [LoRaMesher] Send n. 11
16:55:05.118 > [488253][V][LoraMesher.cpp:455] waitBeforeSend(): [LoRaMesher] RandomDelay 398 ms
16:55:05.523 > [488658][V][LoraMesher.cpp:754] printHeaderPacket(): [LoRaMesher] Packet send -- Size: 24 Src: DE6C Dst: FFFF Id: 4 Type: 4 Via: 0 Seq_Id: 0 Num: 0
16:55:05.626 > [488762][V][LoraMesher.cpp:575] sendPackets(): [LoRaMesher] TimeOnAir 78 ms, next message in 0 ms
16:55:05.636 > [488771][I][PacketQueueService.h:80] deleteQueuePacketAndPacket(): [LoRaMesher] Deleting packet
16:55:05.644 > [488779][I][PacketQueueService.h:83] deleteQueuePacketAndPacket(): [LoRaMesher] Deleting packet queue
16:55:06.869 > [490005][V][LoraMesher.cpp:378] receivingRoutine(): [LoRaMesher] Stack space unused after entering the task: 2072
16:55:06.880 > [490015][V][LoraMesher.cpp:379] receivingRoutine(): [LoRaMesher] Free heap: 336144
16:55:06.887 > [490022][I][PacketService.cpp:12] createEmptyPacket(): [LoRaMesher] Packet created with 20 bytes
16:55:06.896 > [490031][I][LoraMesher.cpp:392] receivingRoutine(): [LoRaMesher] Receiving LoRa packet: Size: 20 bytes RSSI: -6 SNR: 12
16:55:06.907 > [490042][V][LoraMesher.cpp:647] processPackets(): [LoRaMesher] Size of Received Packets Queue: 1
16:55:06.916 > [490051][I][PacketQueueService.h:80] deleteQueuePacketAndPacket(): [LoRaMesher] Deleting packet
16:55:06.924 > [490059][I][PacketQueueService.h:83] deleteQueuePacketAndPacket(): [LoRaMesher] Deleting packet queue
16:55:06.933 > [490068][V][LoraMesher.cpp:658] processPackets(): [LoRaMesher] TESTING: Packet not for me, deleting it
16:55:06.942 > [490077][V][LoraMesher.cpp:641] processPackets(): [LoRaMesher] Stack space unused after entering the task: 2040
16:55:06.952 > [490087][V][LoraMesher.cpp:642] processPackets(): [LoRaMesher] Free heap: 336144
16:55:07.725 > [490861][V][LoraMesher.cpp:378] receivingRoutine(): [LoRaMesher] Stack space unused after entering the task: 2072
16:55:07.736 > [490871][V][LoraMesher.cpp:379] receivingRoutine(): [LoRaMesher] Free heap: 336144
16:55:07.743 > [490878][I][PacketService.cpp:12] createEmptyPacket(): [LoRaMesher] Packet created with 17 bytes
16:55:07.752 > [490887][I][LoraMesher.cpp:392] receivingRoutine(): [LoRaMesher] Receiving LoRa packet: Size: 17 bytes RSSI: -10 SNR: 13
16:55:07.763 > [490898][V][LoraMesher.cpp:647] processPackets(): [LoRaMesher] Size of Received Packets Queue: 1
16:55:07.772 > [490907][V][LoraMesher.cpp:754] printHeaderPacket(): [LoRaMesher] Packet received -- Size: 17 Src: B3F0 Dst: D110 Id: 29 Type: 2 Via: DE6C Seq_Id: 0 Num: 0
16:55:07.786 > [490921][I][LoraMesher.cpp:854] processDataPacket(): [LoRaMesher] Data packet from B3F0, destination D110, via DE6C
16:55:07.796 > [490931][V][LoraMesher.cpp:872] processDataPacket(): [LoRaMesher] Data Packet from B3F0 for D110. Via is me. Forwarding it
16:55:07.807 > [490942][I][LoraMesher.cpp:1051] addToSendOrderedAndNotify(): [LoRaMesher] Added packet to Q_SP, notifying sender task
16:55:07.817 > [490952][V][LoraMesher.cpp:511] sendPackets(): [LoRaMesher] Stack space unused after entering the task: 2004
16:55:07.827 > [490962][V][LoraMesher.cpp:512] sendPackets(): [LoRaMesher] Free heap: 336048
16:55:07.834 > [490969][V][LoraMesher.cpp:518] sendPackets(): [LoRaMesher] Size of Send Packets Queue: 1
16:55:07.842 > [490977][V][LoraMesher.cpp:525] sendPackets(): [LoRaMesher] Send n. 12
16:55:07.848 > [490983][V][LoraMesher.cpp:455] waitBeforeSend(): [LoRaMesher] RandomDelay 699 ms
16:55:07.856 > [490990][V][LoraMesher.cpp:641] processPackets(): [LoRaMesher] Stack space unused after entering the task: 2040
16:55:07.865 > [491000][V][LoraMesher.cpp:642] processPackets(): [LoRaMesher] Free heap: 336076
16:55:08.554 > [491689][V][LoraMesher.cpp:754] printHeaderPacket(): [LoRaMesher] Packet send -- Size: 17 Src: B3F0 Dst: D110 Id: 29 Type: 2 Via: AFC0 Seq_Id: 0 Num: 0
16:55:08.643 > [491779][V][LoraMesher.cpp:575] sendPackets(): [LoRaMesher] TimeOnAir 63 ms, next message in 0 ms
16:55:08.653 > [491788][I][PacketQueueService.h:80] deleteQueuePacketAndPacket(): [LoRaMesher] Deleting packet
16:55:08.661 > [491796][I][PacketQueueService.h:83] deleteQueuePacketAndPacket(): [LoRaMesher] Deleting packet queue
16:55:08.945 > [492080][V][LoraMesher.cpp:378] receivingRoutine(): [LoRaMesher] Stack space unused after entering the task: 2072
16:55:08.955 > [492090][V][LoraMesher.cpp:379] receivingRoutine(): [LoRaMesher] Free heap: 336144
16:55:08.963 > [492098][I][PacketService.cpp:12] createEmptyPacket(): [LoRaMesher] Packet created with 24 bytes
16:55:08.972 > [492107][I][LoraMesher.cpp:392] receivingRoutine(): [LoRaMesher] Receiving LoRa packet: Size: 24 bytes RSSI: -53 SNR: 13
16:55:08.983 > [492118][V][LoraMesher.cpp:647] processPackets(): [LoRaMesher] Size of Received Packets Queue: 1
16:55:08.992 > [492127][V][LoraMesher.cpp:754] printHeaderPacket(): [LoRaMesher] Packet received -- Size: 24 Src: AFC0 Dst: FFFF Id: 4 Type: 4 Via: 0 Seq_Id: 0 Num: 0
16:55:09.005 > [492140][I][RoutingTableService.cpp:77] processRoute(): [LoRaMesher] Route packet from AFC0 with size 4
16:55:09.014 > [492149][I][RoutingTableService.cpp:99] resetReceiveSNRRoutePacket(): [LoRaMesher] Reset Receive SNR from AFC0: 13
16:55:09.024 > [492159][I][RoutingTableService.cpp:192] printRoutingTable(): [LoRaMesher] Current routing table:
16:55:09.033 > [492168][I][RoutingTableService.cpp:206] printRoutingTable(): [LoRaMesher] 0 - AFC0 via AFC0 metric 1 Role 0
16:55:09.043 > [492178][I][RoutingTableService.cpp:206] printRoutingTable(): [LoRaMesher] 1 - F02C via AFC0 metric 2 Role 0
16:55:09.052 > [492187][I][RoutingTableService.cpp:206] printRoutingTable(): [LoRaMesher] 2 - B3F0 via B3F0 metric 1 Role 0
16:55:09.062 > [492197][I][RoutingTableService.cpp:206] printRoutingTable(): [LoRaMesher] 3 - D110 via AFC0 metric 3 Role 1
16:55:09.072 > [492207][I][PacketQueueService.h:80] deleteQueuePacketAndPacket(): [LoRaMesher] Deleting packet
16:55:09.080 > [492215][I][PacketQueueService.h:83] deleteQueuePacketAndPacket(): [LoRaMesher] Deleting packet queue
16:55:09.089 > [492224][V][LoraMesher.cpp:641] processPackets(): [LoRaMesher] Stack space unused after entering the task: 2040
16:55:09.099 > [492234][V][LoraMesher.cpp:642] processPackets(): [LoRaMesher] Free heap: 336144
16:55:09.552 > [492688][V][LoraMesher.cpp:378] receivingRoutine(): [LoRaMesher] Stack space unused after entering the task: 2072
16:55:09.563 > [492698][V][LoraMesher.cpp:379] receivingRoutine(): [LoRaMesher] Free heap: 336144
16:55:09.570 > [492705][I][PacketService.cpp:12] createEmptyPacket(): [LoRaMesher] Packet created with 17 bytes
16:55:09.579 > [492714][I][LoraMesher.cpp:392] receivingRoutine(): [LoRaMesher] Receiving LoRa packet: Size: 17 bytes RSSI: -53 SNR: 13
16:55:09.590 > [492725][V][LoraMesher.cpp:647] processPackets(): [LoRaMesher] Size of Received Packets Queue: 1
16:55:09.599 > [492734][V][LoraMesher.cpp:754] printHeaderPacket(): [LoRaMesher] Packet received -- Size: 17 Src: B3F0 Dst: D110 Id: 29 Type: 2 Via: F02C Seq_Id: 0 Num: 0
16:55:09.613 > [492748][I][LoraMesher.cpp:854] processDataPacket(): [LoRaMesher] Data packet from B3F0, destination D110, via F02C
16:55:09.623 > [492758][V][LoraMesher.cpp:878] processDataPacket(): [LoRaMesher] Packet not for me, deleting it
16:55:09.632 > [492767][I][PacketQueueService.h:80] deleteQueuePacketAndPacket(): [LoRaMesher] Deleting packet
16:55:09.640 > [492775][I][PacketQueueService.h:83] deleteQueuePacketAndPacket(): [LoRaMesher] Deleting packet queue
16:55:09.649 > [492784][V][LoraMesher.cpp:641] processPackets(): [LoRaMesher] Stack space unused after entering the task: 2040
16:55:09.659 > [492794][V][LoraMesher.cpp:642] processPackets(): [LoRaMesher] Free heap: 336144
16:55:10.991 > [494127][V][LoraMesher.cpp:378] receivingRoutine(): [LoRaMesher] Stack space unused after entering the task: 2072
16:55:11.002 > [494137][V][LoraMesher.cpp:379] receivingRoutine(): [LoRaMesher] Free heap: 336144
16:55:11.010 > [494145][I][PacketService.cpp:12] createEmptyPacket(): [LoRaMesher] Packet created with 20 bytes
16:55:11.018 > [494153][I][LoraMesher.cpp:392] receivingRoutine(): [LoRaMesher] Receiving LoRa packet: Size: 20 bytes RSSI: -2 SNR: 14
16:55:11.030 > [494165][V][LoraMesher.cpp:647] processPackets(): [LoRaMesher] Size of Received Packets Queue: 1
16:55:11.038 > [494173][I][PacketQueueService.h:80] deleteQueuePacketAndPacket(): [LoRaMesher] Deleting packet
16:55:11.047 > [494182][I][PacketQueueService.h:83] deleteQueuePacketAndPacket(): [LoRaMesher] Deleting packet queue
16:55:11.056 > [494191][V][LoraMesher.cpp:658] processPackets(): [LoRaMesher] TESTING: Packet not for me, deleting it
16:55:11.065 > [494200][V][LoraMesher.cpp:641] processPackets(): [LoRaMesher] Stack space unused after entering the task: 2040
16:55:11.075 > [494210][V][LoraMesher.cpp:642] processPackets(): [LoRaMesher] Free heap: 336144
16:55:11.533 > [494668][V][LoraMesher.cpp:378] receivingRoutine(): [LoRaMesher] Stack space unused after entering the task: 2072
16:55:11.543 > [494678][V][LoraMesher.cpp:379] receivingRoutine(): [LoRaMesher] Free heap: 336144
16:55:11.551 > [494686][I][PacketService.cpp:12] createEmptyPacket(): [LoRaMesher] Packet created with 17 bytes
16:55:11.560 > [494695][I][LoraMesher.cpp:392] receivingRoutine(): [LoRaMesher] Receiving LoRa packet: Size: 17 bytes RSSI: -2 SNR: 13
16:55:11.571 > [494706][V][LoraMesher.cpp:647] processPackets(): [LoRaMesher] Size of Received Packets Queue: 1
16:55:11.579 > [494714][V][LoraMesher.cpp:754] printHeaderPacket(): [LoRaMesher] Packet received -- Size: 17 Src: B3F0 Dst: D110 Id: 29 Type: 2 Via: D110 Seq_Id: 0 Num: 0
16:55:11.593 > [494728][I][LoraMesher.cpp:854] processDataPacket(): [LoRaMesher] Data packet from B3F0, destination D110, via D110
16:55:11.603 > [494738][V][LoraMesher.cpp:878] processDataPacket(): [LoRaMesher] Packet not for me, deleting it
16:55:11.612 > [494747][I][PacketQueueService.h:80] deleteQueuePacketAndPacket(): [LoRaMesher] Deleting packet
16:55:11.620 > [494755][I][PacketQueueService.h:83] deleteQueuePacketAndPacket(): [LoRaMesher] Deleting packet queue
16:55:11.629 > [494764][V][LoraMesher.cpp:641] processPackets(): [LoRaMesher] Stack space unused after entering the task: 2040
16:55:11.639 > [494774][V][LoraMesher.cpp:642] processPackets(): [LoRaMesher] Free heap: 336144
16:55:27.574 > [510709][V][LoraMesher.cpp:378] receivingRoutine(): [LoRaMesher] Stack space unused after entering the task: 2072
16:55:27.584 > [510719][V][LoraMesher.cpp:379] receivingRoutine(): [LoRaMesher] Free heap: 336144
16:55:27.592 > [510727][I][PacketService.cpp:12] createEmptyPacket(): [LoRaMesher] Packet created with 17 bytes
16:55:27.601 > [510736][I][LoraMesher.cpp:392] receivingRoutine(): [LoRaMesher] Receiving LoRa packet: Size: 17 bytes RSSI: -10 SNR: 13
16:55:27.612 > [510747][V][LoraMesher.cpp:647] processPackets(): [LoRaMesher] Size of Received Packets Queue: 1
16:55:27.621 > [510755][V][LoraMesher.cpp:754] printHeaderPacket(): [LoRaMesher] Packet received -- Size: 17 Src: B3F0 Dst: D110 Id: 30 Type: 2 Via: DE6C Seq_Id: 0 Num: 0
16:55:27.634 > [510769][I][LoraMesher.cpp:854] processDataPacket(): [LoRaMesher] Data packet from B3F0, destination D110, via DE6C
16:55:27.645 > [510779][V][LoraMesher.cpp:872] processDataPacket(): [LoRaMesher] Data Packet from B3F0 for D110. Via is me. Forwarding it
16:55:27.655 > [510790][I][LoraMesher.cpp:1051] addToSendOrderedAndNotify(): [LoRaMesher] Added packet to Q_SP, notifying sender task
16:55:27.666 > [510801][V][LoraMesher.cpp:511] sendPackets(): [LoRaMesher] Stack space unused after entering the task: 2004
16:55:27.676 > [510810][V][LoraMesher.cpp:512] sendPackets(): [LoRaMesher] Free heap: 336048
16:55:27.683 > [510817][V][LoraMesher.cpp:518] sendPackets(): [LoRaMesher] Size of Send Packets Queue: 1
16:55:27.691 > [510825][V][LoraMesher.cpp:525] sendPackets(): [LoRaMesher] Send n. 13
16:55:27.697 > [510832][V][LoraMesher.cpp:455] waitBeforeSend(): [LoRaMesher] RandomDelay 888 ms
16:55:27.704 > [510839][V][LoraMesher.cpp:641] processPackets(): [LoRaMesher] Stack space unused after entering the task: 2040
16:55:27.714 > [510849][V][LoraMesher.cpp:642] processPackets(): [LoRaMesher] Free heap: 336076
16:55:28.591 > [511726][V][LoraMesher.cpp:754] printHeaderPacket(): [LoRaMesher] Packet send -- Size: 17 Src: B3F0 Dst: D110 Id: 30 Type: 2 Via: AFC0 Seq_Id: 0 Num: 0
16:55:28.680 > [511816][V][LoraMesher.cpp:575] sendPackets(): [LoRaMesher] TimeOnAir 63 ms, next message in 0 ms
16:55:28.690 > [511825][I][PacketQueueService.h:80] deleteQueuePacketAndPacket(): [LoRaMesher] Deleting packet
16:55:28.698 > [511833][I][PacketQueueService.h:83] deleteQueuePacketAndPacket(): [LoRaMesher] Deleting packet queue
16:55:29.151 > [512286][V][LoraMesher.cpp:378] receivingRoutine(): [LoRaMesher] Stack space unused after entering the task: 2072
16:55:29.162 > [512296][V][LoraMesher.cpp:379] receivingRoutine(): [LoRaMesher] Free heap: 336144
16:55:29.169 > [512304][I][PacketService.cpp:12] createEmptyPacket(): [LoRaMesher] Packet created with 17 bytes
16:55:29.178 > [512313][I][LoraMesher.cpp:392] receivingRoutine(): [LoRaMesher] Receiving LoRa packet: Size: 17 bytes RSSI: -53 SNR: 13
16:55:29.189 > [512324][V][LoraMesher.cpp:647] processPackets(): [LoRaMesher] Size of Received Packets Queue: 1
16:55:29.198 > [512332][V][LoraMesher.cpp:754] printHeaderPacket(): [LoRaMesher] Packet received -- Size: 17 Src: B3F0 Dst: D110 Id: 30 Type: 2 Via: F02C Seq_Id: 0 Num: 0
16:55:29.211 > [512346][I][LoraMesher.cpp:854] processDataPacket(): [LoRaMesher] Data packet from B3F0, destination D110, via F02C
16:55:29.222 > [512357][V][LoraMesher.cpp:878] processDataPacket(): [LoRaMesher] Packet not for me, deleting it
16:55:29.230 > [512365][I][PacketQueueService.h:80] deleteQueuePacketAndPacket(): [LoRaMesher] Deleting packet
16:55:29.239 > [512374][I][PacketQueueService.h:83] deleteQueuePacketAndPacket(): [LoRaMesher] Deleting packet queue
16:55:29.248 > [512383][V][LoraMesher.cpp:641] processPackets(): [LoRaMesher] Stack space unused after entering the task: 2040
16:55:29.258 > [512393][V][LoraMesher.cpp:642] processPackets(): [LoRaMesher] Free heap: 336144
16:55:30.083 > [513219][V][LoraMesher.cpp:378] receivingRoutine(): [LoRaMesher] Stack space unused after entering the task: 2072
16:55:30.094 > [513229][V][LoraMesher.cpp:379] receivingRoutine(): [LoRaMesher] Free heap: 336144
16:55:30.102 > [513236][I][PacketService.cpp:12] createEmptyPacket(): [LoRaMesher] Packet created with 17 bytes
16:55:30.110 > [513245][I][LoraMesher.cpp:392] receivingRoutine(): [LoRaMesher] Receiving LoRa packet: Size: 17 bytes RSSI: -2 SNR: 13
16:55:30.121 > [513256][V][LoraMesher.cpp:647] processPackets(): [LoRaMesher] Size of Received Packets Queue: 1
16:55:30.130 > [513265][V][LoraMesher.cpp:754] printHeaderPacket(): [LoRaMesher] Packet received -- Size: 17 Src: B3F0 Dst: D110 Id: 30 Type: 2 Via: D110 Seq_Id: 0 Num: 0
16:55:30.144 > [513279][I][LoraMesher.cpp:854] processDataPacket(): [LoRaMesher] Data packet from B3F0, destination D110, via D110
16:55:30.154 > [513289][V][LoraMesher.cpp:878] processDataPacket(): [LoRaMesher] Packet not for me, deleting it
16:55:30.163 > [513297][I][PacketQueueService.h:80] deleteQueuePacketAndPacket(): [LoRaMesher] Deleting packet
16:55:30.171 > [513306][I][PacketQueueService.h:83] deleteQueuePacketAndPacket(): [LoRaMesher] Deleting packet queue
16:55:30.180 > [513315][V][LoraMesher.cpp:641] processPackets(): [LoRaMesher] Stack space unused after entering the task: 2040
16:55:30.190 > [513325][V][LoraMesher.cpp:642] processPackets(): [LoRaMesher] Free heap: 336144
16:55:47.199 > [530335][V][LoraMesher.cpp:378] receivingRoutine(): [LoRaMesher] Stack space unused after entering the task: 2072
16:55:47.210 > [530345][V][LoraMesher.cpp:379] receivingRoutine(): [LoRaMesher] Free heap: 336144
16:55:47.217 > [530352][I][PacketService.cpp:12] createEmptyPacket(): [LoRaMesher] Packet created with 17 bytes
16:55:47.225 > [530361][I][LoraMesher.cpp:392] receivingRoutine(): [LoRaMesher] Receiving LoRa packet: Size: 17 bytes RSSI: -10 SNR: 13
16:55:47.237 > [530372][V][LoraMesher.cpp:647] processPackets(): [LoRaMesher] Size of Received Packets Queue: 1
16:55:47.245 > [530381][V][LoraMesher.cpp:754] printHeaderPacket(): [LoRaMesher] Packet received -- Size: 17 Src: B3F0 Dst: D110 Id: 31 Type: 2 Via: DE6C Seq_Id: 0 Num: 0
16:55:47.259 > [530395][I][LoraMesher.cpp:854] processDataPacket(): [LoRaMesher] Data packet from B3F0, destination D110, via DE6C
16:55:47.269 > [530405][V][LoraMesher.cpp:872] processDataPacket(): [LoRaMesher] Data Packet from B3F0 for D110. Via is me. Forwarding it
16:55:47.280 > [530416][I][LoraMesher.cpp:1051] addToSendOrderedAndNotify(): [LoRaMesher] Added packet to Q_SP, notifying sender task
16:55:47.291 > [530426][V][LoraMesher.cpp:511] sendPackets(): [LoRaMesher] Stack space unused after entering the task: 2004
16:55:47.300 > [530436][V][LoraMesher.cpp:512] sendPackets(): [LoRaMesher] Free heap: 336048
16:55:47.307 > [530443][V][LoraMesher.cpp:518] sendPackets(): [LoRaMesher] Size of Send Packets Queue: 1
16:55:47.315 > [530451][V][LoraMesher.cpp:525] sendPackets(): [LoRaMesher] Send n. 14
16:55:47.321 > [530457][V][LoraMesher.cpp:455] waitBeforeSend(): [LoRaMesher] RandomDelay 1088 ms
16:55:47.329 > [530464][V][LoraMesher.cpp:641] processPackets(): [LoRaMesher] Stack space unused after entering the task: 2040
16:55:47.339 > [530474][V][LoraMesher.cpp:642] processPackets(): [LoRaMesher] Free heap: 336076
16:55:48.417 > [531552][V][LoraMesher.cpp:754] printHeaderPacket(): [LoRaMesher] Packet send -- Size: 17 Src: B3F0 Dst: D110 Id: 31 Type: 2 Via: AFC0 Seq_Id: 0 Num: 0
16:55:48.506 > [531642][V][LoraMesher.cpp:575] sendPackets(): [LoRaMesher] TimeOnAir 63 ms, next message in 0 ms
16:55:48.515 > [531651][I][PacketQueueService.h:80] deleteQueuePacketAndPacket(): [LoRaMesher] Deleting packet
16:55:48.524 > [531659][I][PacketQueueService.h:83] deleteQueuePacketAndPacket(): [LoRaMesher] Deleting packet queue
16:55:49.531 > [532667][V][LoraMesher.cpp:378] receivingRoutine(): [LoRaMesher] Stack space unused after entering the task: 2072
16:55:49.542 > [532677][V][LoraMesher.cpp:379] receivingRoutine(): [LoRaMesher] Free heap: 336144
16:55:49.549 > [532684][I][PacketService.cpp:12] createEmptyPacket(): [LoRaMesher] Packet created with 17 bytes
16:55:49.557 > [532693][I][LoraMesher.cpp:392] receivingRoutine(): [LoRaMesher] Receiving LoRa packet: Size: 17 bytes RSSI: -53 SNR: 13
16:55:49.569 > [532704][V][LoraMesher.cpp:647] processPackets(): [LoRaMesher] Size of Received Packets Queue: 1
16:55:49.579 > [532713][V][LoraMesher.cpp:754] printHeaderPacket(): [LoRaMesher] Packet received -- Size: 17 Src: B3F0 Dst: D110 Id: 31 Type: 2 Via: F02C Seq_Id: 0 Num: 0
16:55:49.591 > [532727][I][LoraMesher.cpp:854] processDataPacket(): [LoRaMesher] Data packet from B3F0, destination D110, via F02C
16:55:49.601 > [532737][V][LoraMesher.cpp:878] processDataPacket(): [LoRaMesher] Packet not for me, deleting it
16:55:49.610 > [532745][I][PacketQueueService.h:80] deleteQueuePacketAndPacket(): [LoRaMesher] Deleting packet
16:55:49.618 > [532754][I][PacketQueueService.h:83] deleteQueuePacketAndPacket(): [LoRaMesher] Deleting packet queue
16:55:49.627 > [532763][V][LoraMesher.cpp:641] processPackets(): [LoRaMesher] Stack space unused after entering the task: 2040
16:55:49.637 > [532773][V][LoraMesher.cpp:642] processPackets(): [LoRaMesher] Free heap: 336144
16:55:50.909 > [534044][V][LoraMesher.cpp:378] receivingRoutine(): [LoRaMesher] Stack space unused after entering the task: 2072
16:55:50.919 > [534054][V][LoraMesher.cpp:379] receivingRoutine(): [LoRaMesher] Free heap: 336144
16:55:50.926 > [534062][I][PacketService.cpp:12] createEmptyPacket(): [LoRaMesher] Packet created with 17 bytes
16:55:50.935 > [534071][I][LoraMesher.cpp:392] receivingRoutine(): [LoRaMesher] Receiving LoRa packet: Size: 17 bytes RSSI: -2 SNR: 13
16:55:50.946 > [534082][V][LoraMesher.cpp:647] processPackets(): [LoRaMesher] Size of Received Packets Queue: 1
16:55:50.955 > [534090][V][LoraMesher.cpp:754] printHeaderPacket(): [LoRaMesher] Packet received -- Size: 17 Src: B3F0 Dst: D110 Id: 31 Type: 2 Via: D110 Seq_Id: 0 Num: 0
16:55:50.968 > [534104][I][LoraMesher.cpp:854] processDataPacket(): [LoRaMesher] Data packet from B3F0, destination D110, via D110
16:55:50.979 > [534114][V][LoraMesher.cpp:878] processDataPacket(): [LoRaMesher] Packet not for me, deleting it
16:55:50.987 > [534123][I][PacketQueueService.h:80] deleteQueuePacketAndPacket(): [LoRaMesher] Deleting packet
16:55:50.996 > [534131][I][PacketQueueService.h:83] deleteQueuePacketAndPacket(): [LoRaMesher] Deleting packet queue
16:55:51.005 > [534140][V][LoraMesher.cpp:641] processPackets(): [LoRaMesher] Stack space unused after entering the task: 2040
16:55:51.015 > [534150][V][LoraMesher.cpp:642] processPackets(): [LoRaMesher] Free heap: 336144
16:56:07.949 > [551085][V][LoraMesher.cpp:378] receivingRoutine(): [LoRaMesher] Stack space unused after entering the task: 2072
16:56:07.960 > [551095][V][LoraMesher.cpp:379] receivingRoutine(): [LoRaMesher] Free heap: 336144
16:56:07.967 > [551103][I][PacketService.cpp:12] createEmptyPacket(): [LoRaMesher] Packet created with 17 bytes
16:56:07.976 > [551111][I][LoraMesher.cpp:392] receivingRoutine(): [LoRaMesher] Receiving LoRa packet: Size: 17 bytes RSSI: -10 SNR: 13
16:56:07.987 > [551123][V][LoraMesher.cpp:647] processPackets(): [LoRaMesher] Size of Received Packets Queue: 1
16:56:07.996 > [551131][V][LoraMesher.cpp:754] printHeaderPacket(): [LoRaMesher] Packet received -- Size: 17 Src: B3F0 Dst: D110 Id: 32 Type: 2 Via: DE6C Seq_Id: 0 Num: 0
16:56:08.009 > [551145][I][LoraMesher.cpp:854] processDataPacket(): [LoRaMesher] Data packet from B3F0, destination D110, via DE6C
16:56:08.020 > [551155][V][LoraMesher.cpp:872] processDataPacket(): [LoRaMesher] Data Packet from B3F0 for D110. Via is me. Forwarding it
16:56:08.031 > [551166][I][LoraMesher.cpp:1051] addToSendOrderedAndNotify(): [LoRaMesher] Added packet to Q_SP, notifying sender task
16:56:08.041 > [551177][V][LoraMesher.cpp:511] sendPackets(): [LoRaMesher] Stack space unused after entering the task: 2004
16:56:08.051 > [551186][V][LoraMesher.cpp:512] sendPackets(): [LoRaMesher] Free heap: 336048
16:56:08.058 > [551193][V][LoraMesher.cpp:518] sendPackets(): [LoRaMesher] Size of Send Packets Queue: 1
16:56:08.066 > [551201][V][LoraMesher.cpp:525] sendPackets(): [LoRaMesher] Send n. 15
16:56:08.072 > [551207][V][LoraMesher.cpp:455] waitBeforeSend(): [LoRaMesher] RandomDelay 684 ms
16:56:08.079 > [551215][V][LoraMesher.cpp:641] processPackets(): [LoRaMesher] Stack space unused after entering the task: 2040
16:56:08.089 > [551225][V][LoraMesher.cpp:642] processPackets(): [LoRaMesher] Free heap: 336076
16:56:08.762 > [551898][V][LoraMesher.cpp:754] printHeaderPacket(): [LoRaMesher] Packet send -- Size: 17 Src: B3F0 Dst: D110 Id: 32 Type: 2 Via: AFC0 Seq_Id: 0 Num: 0
16:56:08.852 > [551988][V][LoraMesher.cpp:575] sendPackets(): [LoRaMesher] TimeOnAir 63 ms, next message in 0 ms
16:56:08.861 > [551997][I][PacketQueueService.h:80] deleteQueuePacketAndPacket(): [LoRaMesher] Deleting packet
16:56:08.870 > [552005][I][PacketQueueService.h:83] deleteQueuePacketAndPacket(): [LoRaMesher] Deleting packet queue
16:56:09.327 > [552463][V][LoraMesher.cpp:378] receivingRoutine(): [LoRaMesher] Stack space unused after entering the task: 2072
16:56:09.338 > [552473][V][LoraMesher.cpp:379] receivingRoutine(): [LoRaMesher] Free heap: 336144
16:56:09.345 > [552481][I][PacketService.cpp:12] createEmptyPacket(): [LoRaMesher] Packet created with 17 bytes
16:56:09.354 > [552489][I][LoraMesher.cpp:392] receivingRoutine(): [LoRaMesher] Receiving LoRa packet: Size: 17 bytes RSSI: -53 SNR: 13
16:56:09.365 > [552501][V][LoraMesher.cpp:647] processPackets(): [LoRaMesher] Size of Received Packets Queue: 1
16:56:09.374 > [552509][V][LoraMesher.cpp:754] printHeaderPacket(): [LoRaMesher] Packet received -- Size: 17 Src: B3F0 Dst: D110 Id: 32 Type: 2 Via: F02C Seq_Id: 0 Num: 0
16:56:09.388 > [552523][I][LoraMesher.cpp:854] processDataPacket(): [LoRaMesher] Data packet from B3F0, destination D110, via F02C
16:56:09.398 > [552533][V][LoraMesher.cpp:878] processDataPacket(): [LoRaMesher] Packet not for me, deleting it
16:56:09.406 > [552542][I][PacketQueueService.h:80] deleteQueuePacketAndPacket(): [LoRaMesher] Deleting packet
16:56:09.415 > [552550][I][PacketQueueService.h:83] deleteQueuePacketAndPacket(): [LoRaMesher] Deleting packet queue
16:56:09.424 > [552559][V][LoraMesher.cpp:641] processPackets(): [LoRaMesher] Stack space unused after entering the task: 2040
16:56:09.434 > [552569][V][LoraMesher.cpp:642] processPackets(): [LoRaMesher] Free heap: 336144
16:56:10.151 > [553287][V][LoraMesher.cpp:378] receivingRoutine(): [LoRaMesher] Stack space unused after entering the task: 2072
16:56:10.161 > [553297][V][LoraMesher.cpp:379] receivingRoutine(): [LoRaMesher] Free heap: 336144
16:56:10.169 > [553304][I][PacketService.cpp:12] createEmptyPacket(): [LoRaMesher] Packet created with 17 bytes
16:56:10.178 > [553313][I][LoraMesher.cpp:392] receivingRoutine(): [LoRaMesher] Receiving LoRa packet: Size: 17 bytes RSSI: -2 SNR: 13
16:56:10.189 > [553324][V][LoraMesher.cpp:647] processPackets(): [LoRaMesher] Size of Received Packets Queue: 1
16:56:10.197 > [553333][V][LoraMesher.cpp:754] printHeaderPacket(): [LoRaMesher] Packet received -- Size: 17 Src: B3F0 Dst: D110 Id: 32 Type: 2 Via: D110 Seq_Id: 0 Num: 0
16:56:10.211 > [553347][I][LoraMesher.cpp:854] processDataPacket(): [LoRaMesher] Data packet from B3F0, destination D110, via D110
16:56:10.221 > [553357][V][LoraMesher.cpp:878] processDataPacket(): [LoRaMesher] Packet not for me, deleting it
16:56:10.230 > [553365][I][PacketQueueService.h:80] deleteQueuePacketAndPacket(): [LoRaMesher] Deleting packet
16:56:10.238 > [553374][I][PacketQueueService.h:83] deleteQueuePacketAndPacket(): [LoRaMesher] Deleting packet queue
16:56:10.247 > [553383][V][LoraMesher.cpp:641] processPackets(): [LoRaMesher] Stack space unused after entering the task: 2040
16:56:10.257 > [553393][V][LoraMesher.cpp:642] processPackets(): [LoRaMesher] Free heap: 336144
16:56:27.575 > [570710][V][LoraMesher.cpp:378] receivingRoutine(): [LoRaMesher] Stack space unused after entering the task: 2072
16:56:27.585 > [570721][V][LoraMesher.cpp:379] receivingRoutine(): [LoRaMesher] Free heap: 336144
16:56:27.593 > [570728][I][PacketService.cpp:12] createEmptyPacket(): [LoRaMesher] Packet created with 17 bytes
16:56:27.602 > [570737][I][LoraMesher.cpp:392] receivingRoutine(): [LoRaMesher] Receiving LoRa packet: Size: 17 bytes RSSI: -11 SNR: 13
16:56:27.613 > [570748][V][LoraMesher.cpp:647] processPackets(): [LoRaMesher] Size of Received Packets Queue: 1
16:56:27.621 > [570757][V][LoraMesher.cpp:754] printHeaderPacket(): [LoRaMesher] Packet received -- Size: 17 Src: B3F0 Dst: D110 Id: 33 Type: 2 Via: DE6C Seq_Id: 0 Num: 0
16:56:27.635 > [570770][I][LoraMesher.cpp:854] processDataPacket(): [LoRaMesher] Data packet from B3F0, destination D110, via DE6C
16:56:27.645 > [570781][V][LoraMesher.cpp:872] processDataPacket(): [LoRaMesher] Data Packet from B3F0 for D110. Via is me. Forwarding it
16:56:27.656 > [570791][I][LoraMesher.cpp:1051] addToSendOrderedAndNotify(): [LoRaMesher] Added packet to Q_SP, notifying sender task
16:56:27.667 > [570802][V][LoraMesher.cpp:511] sendPackets(): [LoRaMesher] Stack space unused after entering the task: 2004
16:56:27.676 > [570812][V][LoraMesher.cpp:512] sendPackets(): [LoRaMesher] Free heap: 336048
16:56:27.683 > [570819][V][LoraMesher.cpp:518] sendPackets(): [LoRaMesher] Size of Send Packets Queue: 1
16:56:27.691 > [570827][V][LoraMesher.cpp:525] sendPackets(): [LoRaMesher] Send n. 16
16:56:27.698 > [570833][V][LoraMesher.cpp:455] waitBeforeSend(): [LoRaMesher] RandomDelay 269 ms
16:56:27.705 > [570840][V][LoraMesher.cpp:641] processPackets(): [LoRaMesher] Stack space unused after entering the task: 2040
16:56:27.715 > [570850][V][LoraMesher.cpp:642] processPackets(): [LoRaMesher] Free heap: 336076
16:56:27.974 > [571109][V][LoraMesher.cpp:754] printHeaderPacket(): [LoRaMesher] Packet send -- Size: 17 Src: B3F0 Dst: D110 Id: 33 Type: 2 Via: AFC0 Seq_Id: 0 Num: 0
16:56:28.063 > [571199][V][LoraMesher.cpp:575] sendPackets(): [LoRaMesher] TimeOnAir 63 ms, next message in 0 ms
16:56:28.072 > [571208][I][PacketQueueService.h:80] deleteQueuePacketAndPacket(): [LoRaMesher] Deleting packet
16:56:28.081 > [571216][I][PacketQueueService.h:83] deleteQueuePacketAndPacket(): [LoRaMesher] Deleting packet queue
16:56:29.009 > [572144][V][LoraMesher.cpp:378] receivingRoutine(): [LoRaMesher] Stack space unused after entering the task: 2072
16:56:29.019 > [572155][V][LoraMesher.cpp:379] receivingRoutine(): [LoRaMesher] Free heap: 336144
16:56:29.027 > [572162][I][PacketService.cpp:12] createEmptyPacket(): [LoRaMesher] Packet created with 17 bytes
16:56:29.036 > [572171][I][LoraMesher.cpp:392] receivingRoutine(): [LoRaMesher] Receiving LoRa packet: Size: 17 bytes RSSI: -54 SNR: 13
16:56:29.047 > [572182][V][LoraMesher.cpp:647] processPackets(): [LoRaMesher] Size of Received Packets Queue: 1
16:56:29.055 > [572191][V][LoraMesher.cpp:754] printHeaderPacket(): [LoRaMesher] Packet received -- Size: 17 Src: B3F0 Dst: D110 Id: 33 Type: 2 Via: F02C Seq_Id: 0 Num: 0
16:56:29.069 > [572204][I][LoraMesher.cpp:854] processDataPacket(): [LoRaMesher] Data packet from B3F0, destination D110, via F02C
16:56:29.079 > [572215][V][LoraMesher.cpp:878] processDataPacket(): [LoRaMesher] Packet not for me, deleting it
16:56:29.088 > [572223][I][PacketQueueService.h:80] deleteQueuePacketAndPacket(): [LoRaMesher] Deleting packet
16:56:29.096 > [572232][I][PacketQueueService.h:83] deleteQueuePacketAndPacket(): [LoRaMesher] Deleting packet queue
16:56:29.106 > [572241][V][LoraMesher.cpp:641] processPackets(): [LoRaMesher] Stack space unused after entering the task: 2040
16:56:29.115 > [572251][V][LoraMesher.cpp:642] processPackets(): [LoRaMesher] Free heap: 336144
16:56:30.425 > [573560][V][LoraMesher.cpp:378] receivingRoutine(): [LoRaMesher] Stack space unused after entering the task: 2072
16:56:30.435 > [573570][V][LoraMesher.cpp:379] receivingRoutine(): [LoRaMesher] Free heap: 336144
16:56:30.442 > [573578][I][PacketService.cpp:12] createEmptyPacket(): [LoRaMesher] Packet created with 17 bytes
16:56:30.451 > [573587][I][LoraMesher.cpp:392] receivingRoutine(): [LoRaMesher] Receiving LoRa packet: Size: 17 bytes RSSI: -3 SNR: 13
16:56:30.462 > [573598][V][LoraMesher.cpp:647] processPackets(): [LoRaMesher] Size of Received Packets Queue: 1
16:56:30.471 > [573606][V][LoraMesher.cpp:754] printHeaderPacket(): [LoRaMesher] Packet received -- Size: 17 Src: B3F0 Dst: D110 Id: 33 Type: 2 Via: D110 Seq_Id: 0 Num: 0
16:56:30.485 > [573620][I][LoraMesher.cpp:854] processDataPacket(): [LoRaMesher] Data packet from B3F0, destination D110, via D110
16:56:30.495 > [573630][V][LoraMesher.cpp:878] processDataPacket(): [LoRaMesher] Packet not for me, deleting it
16:56:30.503 > [573639][I][PacketQueueService.h:80] deleteQueuePacketAndPacket(): [LoRaMesher] Deleting packet
16:56:30.512 > [573647][I][PacketQueueService.h:83] deleteQueuePacketAndPacket(): [LoRaMesher] Deleting packet queue
16:56:30.521 > [573656][V][LoraMesher.cpp:641] processPackets(): [LoRaMesher] Stack space unused after entering the task: 2040
16:56:30.531 > [573666][V][LoraMesher.cpp:642] processPackets(): [LoRaMesher] Free heap: 336144
16:56:47.349 > [590485][V][LoraMesher.cpp:378] receivingRoutine(): [LoRaMesher] Stack space unused after entering the task: 2072
16:56:47.360 > [590495][V][LoraMesher.cpp:379] receivingRoutine(): [LoRaMesher] Free heap: 336144
16:56:47.367 > [590502][I][PacketService.cpp:12] createEmptyPacket(): [LoRaMesher] Packet created with 17 bytes
16:56:47.376 > [590511][I][LoraMesher.cpp:392] receivingRoutine(): [LoRaMesher] Receiving LoRa packet: Size: 17 bytes RSSI: -11 SNR: 12
16:56:47.387 > [590522][V][LoraMesher.cpp:647] processPackets(): [LoRaMesher] Size of Received Packets Queue: 1
16:56:47.396 > [590531][V][LoraMesher.cpp:754] printHeaderPacket(): [LoRaMesher] Packet received -- Size: 17 Src: B3F0 Dst: D110 Id: 34 Type: 2 Via: DE6C Seq_Id: 0 Num: 0
16:56:47.410 > [590545][I][LoraMesher.cpp:854] processDataPacket(): [LoRaMesher] Data packet from B3F0, destination D110, via DE6C
16:56:47.420 > [590555][V][LoraMesher.cpp:872] processDataPacket(): [LoRaMesher] Data Packet from B3F0 for D110. Via is me. Forwarding it
16:56:47.431 > [590566][I][LoraMesher.cpp:1051] addToSendOrderedAndNotify(): [LoRaMesher] Added packet to Q_SP, notifying sender task
16:56:47.441 > [590576][V][LoraMesher.cpp:511] sendPackets(): [LoRaMesher] Stack space unused after entering the task: 2004
16:56:47.451 > [590586][V][LoraMesher.cpp:512] sendPackets(): [LoRaMesher] Free heap: 336048
16:56:47.458 > [590593][V][LoraMesher.cpp:518] sendPackets(): [LoRaMesher] Size of Send Packets Queue: 1
16:56:47.466 > [590601][V][LoraMesher.cpp:525] sendPackets(): [LoRaMesher] Send n. 17
16:56:47.472 > [590607][V][LoraMesher.cpp:455] waitBeforeSend(): [LoRaMesher] RandomDelay 699 ms
16:56:47.480 > [590615][V][LoraMesher.cpp:641] processPackets(): [LoRaMesher] Stack space unused after entering the task: 2040
16:56:47.489 > [590625][V][LoraMesher.cpp:642] processPackets(): [LoRaMesher] Free heap: 336076
16:56:48.177 > [591313][V][LoraMesher.cpp:754] printHeaderPacket(): [LoRaMesher] Packet send -- Size: 17 Src: B3F0 Dst: D110 Id: 34 Type: 2 Via: AFC0 Seq_Id: 0 Num: 0
16:56:48.267 > [591403][V][LoraMesher.cpp:575] sendPackets(): [LoRaMesher] TimeOnAir 63 ms, next message in 0 ms
16:56:48.277 > [591412][I][PacketQueueService.h:80] deleteQueuePacketAndPacket(): [LoRaMesher] Deleting packet
16:56:48.285 > [591420][I][PacketQueueService.h:83] deleteQueuePacketAndPacket(): [LoRaMesher] Deleting packet queue
16:56:48.874 > [592010][V][LoraMesher.cpp:378] receivingRoutine(): [LoRaMesher] Stack space unused after entering the task: 2072
16:56:48.885 > [592020][V][LoraMesher.cpp:379] receivingRoutine(): [LoRaMesher] Free heap: 336144
16:56:48.892 > [592028][I][PacketService.cpp:12] createEmptyPacket(): [LoRaMesher] Packet created with 17 bytes
16:56:48.901 > [592036][I][LoraMesher.cpp:392] receivingRoutine(): [LoRaMesher] Receiving LoRa packet: Size: 17 bytes RSSI: -53 SNR: 13
16:56:48.912 > [592047][V][LoraMesher.cpp:647] processPackets(): [LoRaMesher] Size of Received Packets Queue: 1
16:56:48.921 > [592056][V][LoraMesher.cpp:754] printHeaderPacket(): [LoRaMesher] Packet received -- Size: 17 Src: B3F0 Dst: D110 Id: 34 Type: 2 Via: F02C Seq_Id: 0 Num: 0
16:56:48.935 > [592070][I][LoraMesher.cpp:854] processDataPacket(): [LoRaMesher] Data packet from B3F0, destination D110, via F02C
16:56:48.945 > [592080][V][LoraMesher.cpp:878] processDataPacket(): [LoRaMesher] Packet not for me, deleting it
16:56:48.954 > [592089][I][PacketQueueService.h:80] deleteQueuePacketAndPacket(): [LoRaMesher] Deleting packet
16:56:48.962 > [592097][I][PacketQueueService.h:83] deleteQueuePacketAndPacket(): [LoRaMesher] Deleting packet queue
16:56:48.971 > [592106][V][LoraMesher.cpp:641] processPackets(): [LoRaMesher] Stack space unused after entering the task: 2040
16:56:48.981 > [592116][V][LoraMesher.cpp:642] processPackets(): [LoRaMesher] Free heap: 336144
16:56:49.422 > [592558][V][LoraMesher.cpp:378] receivingRoutine(): [LoRaMesher] Stack space unused after entering the task: 2072
16:56:49.433 > [592568][V][LoraMesher.cpp:379] receivingRoutine(): [LoRaMesher] Free heap: 336144
16:56:49.440 > [592575][I][PacketService.cpp:12] createEmptyPacket(): [LoRaMesher] Packet created with 17 bytes
16:56:49.449 > [592584][I][LoraMesher.cpp:392] receivingRoutine(): [LoRaMesher] Receiving LoRa packet: Size: 17 bytes RSSI: -3 SNR: 12
16:56:49.460 > [592595][V][LoraMesher.cpp:647] processPackets(): [LoRaMesher] Size of Received Packets Queue: 1
16:56:49.469 > [592604][V][LoraMesher.cpp:754] printHeaderPacket(): [LoRaMesher] Packet received -- Size: 17 Src: B3F0 Dst: D110 Id: 34 Type: 2 Via: D110 Seq_Id: 0 Num: 0
16:56:49.482 > [592617][I][LoraMesher.cpp:854] processDataPacket(): [LoRaMesher] Data packet from B3F0, destination D110, via D110
16:56:49.493 > [592628][V][LoraMesher.cpp:878] processDataPacket(): [LoRaMesher] Packet not for me, deleting it
16:56:49.501 > [592636][I][PacketQueueService.h:80] deleteQueuePacketAndPacket(): [LoRaMesher] Deleting packet
16:56:49.510 > [592645][I][PacketQueueService.h:83] deleteQueuePacketAndPacket(): [LoRaMesher] Deleting packet queue
16:56:49.519 > [592654][V][LoraMesher.cpp:641] processPackets(): [LoRaMesher] Stack space unused after entering the task: 2040
16:56:49.529 > [592664][V][LoraMesher.cpp:642] processPackets(): [LoRaMesher] Free heap: 336144
16:57:02.820 > [605956][V][LoraMesher.cpp:694] routingTableManager(): [LoRaMesher] Stack space unused after entering the task: 2296
16:57:02.831 > [605966][V][LoraMesher.cpp:695] routingTableManager(): [LoRaMesher] Free heap: 336144
16:57:02.838 > [605974][I][RoutingTableService.cpp:216] manageTimeoutRoutingTable(): [LoRaMesher] Checking routes timeout
16:57:02.848 > [605984][I][RoutingTableService.cpp:192] printRoutingTable(): [LoRaMesher] Current routing table:
16:57:02.857 > [605992][I][RoutingTableService.cpp:206] printRoutingTable(): [LoRaMesher] 0 - AFC0 via AFC0 metric 1 Role 0
16:57:02.866 > [606002][I][RoutingTableService.cpp:206] printRoutingTable(): [LoRaMesher] 1 - F02C via AFC0 metric 2 Role 0
16:57:02.876 > [606011][I][RoutingTableService.cpp:206] printRoutingTable(): [LoRaMesher] 2 - B3F0 via B3F0 metric 1 Role 0
16:57:02.885 > [606021][I][RoutingTableService.cpp:206] printRoutingTable(): [LoRaMesher] 3 - D110 via AFC0 metric 3 Role 1
16:57:05.086 > [608222][V][LoraMesher.cpp:598] sendHelloPacket(): [LoRaMesher] Creating Routing Packet
16:57:05.094 > [608230][V][LoraMesher.cpp:599] sendHelloPacket(): [LoRaMesher] Stack space unused after entering the task: 2328
16:57:05.104 > [608240][V][LoraMesher.cpp:600] sendHelloPacket(): [LoRaMesher] Free heap: 336144
16:57:05.111 > [608247][V][PacketFactory.h:45] createPacket(): [LoRaMesher] Creating packet with 24 bytes
16:57:05.120 > [608255][I][PacketFactory.h:74] createPacket(): [LoRaMesher] Packet created with 24 bytes
16:57:05.128 > [608263][I][LoraMesher.h:659] setPackedForSend(): [LoRaMesher] Adding packet to Q_SP
16:57:05.136 > [608271][I][LoraMesher.h:661] setPackedForSend(): [LoRaMesher] Created packet to Q_SP
16:57:05.142 > [608278][I][LoraMesher.cpp:1051] addToSendOrderedAndNotify(): [LoRaMesher] Added packet to Q_SP, notifying sender task
16:57:05.154 > [608289][V][LoraMesher.cpp:511] sendPackets(): [LoRaMesher] Stack space unused after entering the task: 2004
16:57:05.163 > [608299][V][LoraMesher.cpp:512] sendPackets(): [LoRaMesher] Free heap: 336044
16:57:05.170 > [608306][V][LoraMesher.cpp:518] sendPackets(): [LoRaMesher] Size of Send Packets Queue: 1
16:57:05.178 > [608314][V][LoraMesher.cpp:525] sendPackets(): [LoRaMesher] Send n. 18
16:57:05.184 > [608320][V][LoraMesher.cpp:455] waitBeforeSend(): [LoRaMesher] RandomDelay 471 ms
16:57:05.662 > [608798][V][LoraMesher.cpp:754] printHeaderPacket(): [LoRaMesher] Packet send -- Size: 24 Src: DE6C Dst: FFFF Id: 5 Type: 4 Via: 0 Seq_Id: 0 Num: 0
16:57:05.766 > [608902][V][LoraMesher.cpp:575] sendPackets(): [LoRaMesher] TimeOnAir 78 ms, next message in 0 ms
16:57:05.775 > [608911][I][PacketQueueService.h:80] deleteQueuePacketAndPacket(): [LoRaMesher] Deleting packet
16:57:05.783 > [608919][I][PacketQueueService.h:83] deleteQueuePacketAndPacket(): [LoRaMesher] Deleting packet queue
16:57:06.466 > [609602][V][LoraMesher.cpp:378] receivingRoutine(): [LoRaMesher] Stack space unused after entering the task: 2072
16:57:06.476 > [609612][V][LoraMesher.cpp:379] receivingRoutine(): [LoRaMesher] Free heap: 336144
16:57:06.483 > [609619][I][PacketService.cpp:12] createEmptyPacket(): [LoRaMesher] Packet created with 20 bytes
16:57:06.492 > [609628][I][LoraMesher.cpp:392] receivingRoutine(): [LoRaMesher] Receiving LoRa packet: Size: 20 bytes RSSI: -6 SNR: 12
16:57:06.503 > [609639][V][LoraMesher.cpp:647] processPackets(): [LoRaMesher] Size of Received Packets Queue: 1
16:57:06.512 > [609648][I][PacketQueueService.h:80] deleteQueuePacketAndPacket(): [LoRaMesher] Deleting packet
16:57:06.520 > [609656][I][PacketQueueService.h:83] deleteQueuePacketAndPacket(): [LoRaMesher] Deleting packet queue
16:57:06.529 > [609665][V][LoraMesher.cpp:658] processPackets(): [LoRaMesher] TESTING: Packet not for me, deleting it
16:57:06.538 > [609674][V][LoraMesher.cpp:641] processPackets(): [LoRaMesher] Stack space unused after entering the task: 2040
16:57:06.548 > [609684][V][LoraMesher.cpp:642] processPackets(): [LoRaMesher] Free heap: 336144
16:57:07.429 > [610564][V][LoraMesher.cpp:378] receivingRoutine(): [LoRaMesher] Stack space unused after entering the task: 2072
16:57:07.438 > [610574][V][LoraMesher.cpp:379] receivingRoutine(): [LoRaMesher] Free heap: 336144
16:57:07.446 > [610582][I][PacketService.cpp:12] createEmptyPacket(): [LoRaMesher] Packet created with 24 bytes
16:57:07.455 > [610591][I][LoraMesher.cpp:392] receivingRoutine(): [LoRaMesher] Receiving LoRa packet: Size: 24 bytes RSSI: -11 SNR: 13
16:57:07.466 > [610602][V][LoraMesher.cpp:647] processPackets(): [LoRaMesher] Size of Received Packets Queue: 1
16:57:07.475 > [610611][V][LoraMesher.cpp:754] printHeaderPacket(): [LoRaMesher] Packet received -- Size: 24 Src: B3F0 Dst: FFFF Id: 35 Type: 4 Via: 0 Seq_Id: 0 Num: 0
16:57:07.488 > [610624][I][RoutingTableService.cpp:77] processRoute(): [LoRaMesher] Route packet from B3F0 with size 4
16:57:07.497 > [610633][I][RoutingTableService.cpp:99] resetReceiveSNRRoutePacket(): [LoRaMesher] Reset Receive SNR from B3F0: 13
16:57:07.508 > [610643][I][RoutingTableService.cpp:192] printRoutingTable(): [LoRaMesher] Current routing table:
16:57:07.517 > [610652][I][RoutingTableService.cpp:206] printRoutingTable(): [LoRaMesher] 0 - AFC0 via AFC0 metric 1 Role 0
16:57:07.526 > [610662][I][RoutingTableService.cpp:206] printRoutingTable(): [LoRaMesher] 1 - F02C via AFC0 metric 2 Role 0
16:57:07.535 > [610671][I][RoutingTableService.cpp:206] printRoutingTable(): [LoRaMesher] 2 - B3F0 via B3F0 metric 1 Role 0
16:57:07.545 > [610681][I][RoutingTableService.cpp:206] printRoutingTable(): [LoRaMesher] 3 - D110 via AFC0 metric 3 Role 1
16:57:07.555 > [610691][I][PacketQueueService.h:80] deleteQueuePacketAndPacket(): [LoRaMesher] Deleting packet
16:57:07.563 > [610699][I][PacketQueueService.h:83] deleteQueuePacketAndPacket(): [LoRaMesher] Deleting packet queue
16:57:07.572 > [610708][V][LoraMesher.cpp:641] processPackets(): [LoRaMesher] Stack space unused after entering the task: 2040
16:57:07.582 > [610718][V][LoraMesher.cpp:642] processPackets(): [LoRaMesher] Free heap: 336144
16:57:08.066 > [611201][V][LoraMesher.cpp:378] receivingRoutine(): [LoRaMesher] Stack space unused after entering the task: 2072
16:57:08.075 > [611211][V][LoraMesher.cpp:379] receivingRoutine(): [LoRaMesher] Free heap: 336144
16:57:08.084 > [611219][I][PacketService.cpp:12] createEmptyPacket(): [LoRaMesher] Packet created with 17 bytes
16:57:08.092 > [611228][I][LoraMesher.cpp:392] receivingRoutine(): [LoRaMesher] Receiving LoRa packet: Size: 17 bytes RSSI: -10 SNR: 13
16:57:08.103 > [611239][V][LoraMesher.cpp:647] processPackets(): [LoRaMesher] Size of Received Packets Queue: 1
16:57:08.112 > [611247][V][LoraMesher.cpp:754] printHeaderPacket(): [LoRaMesher] Packet received -- Size: 17 Src: B3F0 Dst: D110 Id: 36 Type: 2 Via: DE6C Seq_Id: 0 Num: 0
16:57:08.125 > [611261][I][LoraMesher.cpp:854] processDataPacket(): [LoRaMesher] Data packet from B3F0, destination D110, via DE6C
16:57:08.136 > [611271][V][LoraMesher.cpp:872] processDataPacket(): [LoRaMesher] Data Packet from B3F0 for D110. Via is me. Forwarding it
16:57:08.146 > [611282][I][LoraMesher.cpp:1051] addToSendOrderedAndNotify(): [LoRaMesher] Added packet to Q_SP, notifying sender task
16:57:08.157 > [611293][V][LoraMesher.cpp:511] sendPackets(): [LoRaMesher] Stack space unused after entering the task: 2004
16:57:08.167 > [611302][V][LoraMesher.cpp:512] sendPackets(): [LoRaMesher] Free heap: 336048
16:57:08.173 > [611309][V][LoraMesher.cpp:518] sendPackets(): [LoRaMesher] Size of Send Packets Queue: 1
16:57:08.181 > [611317][V][LoraMesher.cpp:525] sendPackets(): [LoRaMesher] Send n. 19
16:57:08.188 > [611324][V][LoraMesher.cpp:455] waitBeforeSend(): [LoRaMesher] RandomDelay 362 ms
16:57:08.195 > [611331][V][LoraMesher.cpp:641] processPackets(): [LoRaMesher] Stack space unused after entering the task: 2040
16:57:08.206 > [611341][V][LoraMesher.cpp:642] processPackets(): [LoRaMesher] Free heap: 336076
16:57:08.556 > [611692][V][LoraMesher.cpp:754] printHeaderPacket(): [LoRaMesher] Packet send -- Size: 17 Src: B3F0 Dst: D110 Id: 36 Type: 2 Via: AFC0 Seq_Id: 0 Num: 0
16:57:08.646 > [611782][V][LoraMesher.cpp:575] sendPackets(): [LoRaMesher] TimeOnAir 63 ms, next message in 0 ms
16:57:08.656 > [611791][I][PacketQueueService.h:80] deleteQueuePacketAndPacket(): [LoRaMesher] Deleting packet
16:57:08.663 > [611799][I][PacketQueueService.h:83] deleteQueuePacketAndPacket(): [LoRaMesher] Deleting packet queue
16:57:09.071 > [612207][V][LoraMesher.cpp:378] receivingRoutine(): [LoRaMesher] Stack space unused after entering the task: 2072
16:57:09.081 > [612217][V][LoraMesher.cpp:379] receivingRoutine(): [LoRaMesher] Free heap: 336144
16:57:09.088 > [612224][I][PacketService.cpp:12] createEmptyPacket(): [LoRaMesher] Packet created with 24 bytes
16:57:09.097 > [612233][I][LoraMesher.cpp:392] receivingRoutine(): [LoRaMesher] Receiving LoRa packet: Size: 24 bytes RSSI: -54 SNR: 14
16:57:09.108 > [612244][V][LoraMesher.cpp:647] processPackets(): [LoRaMesher] Size of Received Packets Queue: 1
16:57:09.117 > [612253][V][LoraMesher.cpp:754] printHeaderPacket(): [LoRaMesher] Packet received -- Size: 24 Src: AFC0 Dst: FFFF Id: 5 Type: 4 Via: 0 Seq_Id: 0 Num: 0
16:57:09.131 > [612266][I][RoutingTableService.cpp:77] processRoute(): [LoRaMesher] Route packet from AFC0 with size 4
16:57:09.140 > [612276][I][RoutingTableService.cpp:99] resetReceiveSNRRoutePacket(): [LoRaMesher] Reset Receive SNR from AFC0: 14
16:57:09.150 > [612286][I][RoutingTableService.cpp:192] printRoutingTable(): [LoRaMesher] Current routing table:
16:57:09.159 > [612295][I][RoutingTableService.cpp:206] printRoutingTable(): [LoRaMesher] 0 - AFC0 via AFC0 metric 1 Role 0
16:57:09.168 > [612304][I][RoutingTableService.cpp:206] printRoutingTable(): [LoRaMesher] 1 - F02C via AFC0 metric 2 Role 0
16:57:09.178 > [612314][I][RoutingTableService.cpp:206] printRoutingTable(): [LoRaMesher] 2 - B3F0 via B3F0 metric 1 Role 0
16:57:09.187 > [612323][I][RoutingTableService.cpp:206] printRoutingTable(): [LoRaMesher] 3 - D110 via AFC0 metric 3 Role 1
16:57:09.197 > [612333][I][PacketQueueService.h:80] deleteQueuePacketAndPacket(): [LoRaMesher] Deleting packet
16:57:09.206 > [612342][I][PacketQueueService.h:83] deleteQueuePacketAndPacket(): [LoRaMesher] Deleting packet queue
16:57:09.215 > [612351][V][LoraMesher.cpp:641] processPackets(): [LoRaMesher] Stack space unused after entering the task: 2040
16:57:09.225 > [612360][V][LoraMesher.cpp:642] processPackets(): [LoRaMesher] Free heap: 336144
16:57:09.680 > [612816][V][LoraMesher.cpp:378] receivingRoutine(): [LoRaMesher] Stack space unused after entering the task: 2072
16:57:09.690 > [612826][V][LoraMesher.cpp:379] receivingRoutine(): [LoRaMesher] Free heap: 336144
16:57:09.698 > [612834][I][PacketService.cpp:12] createEmptyPacket(): [LoRaMesher] Packet created with 17 bytes
16:57:09.707 > [612843][I][LoraMesher.cpp:392] receivingRoutine(): [LoRaMesher] Receiving LoRa packet: Size: 17 bytes RSSI: -54 SNR: 13
16:57:09.718 > [612854][V][LoraMesher.cpp:647] processPackets(): [LoRaMesher] Size of Received Packets Queue: 1
16:57:09.727 > [612862][V][LoraMesher.cpp:754] printHeaderPacket(): [LoRaMesher] Packet received -- Size: 17 Src: B3F0 Dst: D110 Id: 36 Type: 2 Via: F02C Seq_Id: 0 Num: 0
16:57:09.740 > [612876][I][LoraMesher.cpp:854] processDataPacket(): [LoRaMesher] Data packet from B3F0, destination D110, via F02C
16:57:09.750 > [612886][V][LoraMesher.cpp:878] processDataPacket(): [LoRaMesher] Packet not for me, deleting it
16:57:09.759 > [612895][I][PacketQueueService.h:80] deleteQueuePacketAndPacket(): [LoRaMesher] Deleting packet
16:57:09.768 > [612903][I][PacketQueueService.h:83] deleteQueuePacketAndPacket(): [LoRaMesher] Deleting packet queue
16:57:09.777 > [612912][V][LoraMesher.cpp:641] processPackets(): [LoRaMesher] Stack space unused after entering the task: 2040
16:57:09.787 > [612922][V][LoraMesher.cpp:642] processPackets(): [LoRaMesher] Free heap: 336144
16:57:10.962 > [614098][V][LoraMesher.cpp:378] receivingRoutine(): [LoRaMesher] Stack space unused after entering the task: 2072
16:57:10.972 > [614108][V][LoraMesher.cpp:379] receivingRoutine(): [LoRaMesher] Free heap: 336144
16:57:10.980 > [614116][I][PacketService.cpp:12] createEmptyPacket(): [LoRaMesher] Packet created with 24 bytes
16:57:10.989 > [614124][I][LoraMesher.cpp:392] receivingRoutine(): [LoRaMesher] Receiving LoRa packet: Size: 24 bytes RSSI: -3 SNR: 13
16:57:11.000 > [614136][V][LoraMesher.cpp:647] processPackets(): [LoRaMesher] Size of Received Packets Queue: 1
16:57:11.008 > [614144][I][PacketQueueService.h:80] deleteQueuePacketAndPacket(): [LoRaMesher] Deleting packet
16:57:11.017 > [614153][I][PacketQueueService.h:83] deleteQueuePacketAndPacket(): [LoRaMesher] Deleting packet queue
16:57:11.026 > [614162][V][LoraMesher.cpp:658] processPackets(): [LoRaMesher] TESTING: Packet not for me, deleting it
16:57:11.035 > [614171][V][LoraMesher.cpp:641] processPackets(): [LoRaMesher] Stack space unused after entering the task: 2040
16:57:11.045 > [614181][V][LoraMesher.cpp:642] processPackets(): [LoRaMesher] Free heap: 336144
16:57:11.882 > [615018][V][LoraMesher.cpp:378] receivingRoutine(): [LoRaMesher] Stack space unused after entering the task: 2072
16:57:11.892 > [615028][V][LoraMesher.cpp:379] receivingRoutine(): [LoRaMesher] Free heap: 336144
16:57:11.900 > [615036][I][PacketService.cpp:12] createEmptyPacket(): [LoRaMesher] Packet created with 17 bytes
16:57:11.908 > [615044][I][LoraMesher.cpp:392] receivingRoutine(): [LoRaMesher] Receiving LoRa packet: Size: 17 bytes RSSI: -3 SNR: 12
16:57:11.920 > [615055][V][LoraMesher.cpp:647] processPackets(): [LoRaMesher] Size of Received Packets Queue: 1
16:57:11.928 > [615064][V][LoraMesher.cpp:754] printHeaderPacket(): [LoRaMesher] Packet received -- Size: 17 Src: B3F0 Dst: D110 Id: 36 Type: 2 Via: D110 Seq_Id: 0 Num: 0
16:57:11.942 > [615078][I][LoraMesher.cpp:854] processDataPacket(): [LoRaMesher] Data packet from B3F0, destination D110, via D110
16:57:11.952 > [615088][V][LoraMesher.cpp:878] processDataPacket(): [LoRaMesher] Packet not for me, deleting it
16:57:11.961 > [615097][I][PacketQueueService.h:80] deleteQueuePacketAndPacket(): [LoRaMesher] Deleting packet
16:57:11.969 > [615105][I][PacketQueueService.h:83] deleteQueuePacketAndPacket(): [LoRaMesher] Deleting packet queue
16:57:11.978 > [615114][V][LoraMesher.cpp:641] processPackets(): [LoRaMesher] Stack space unused after entering the task: 2040
16:57:11.988 > [615124][V][LoraMesher.cpp:642] processPackets(): [LoRaMesher] Free heap: 336144
16:57:28.312 > [631448][V][LoraMesher.cpp:378] receivingRoutine(): [LoRaMesher] Stack space unused after entering the task: 2072
16:57:28.322 > [631458][V][LoraMesher.cpp:379] receivingRoutine(): [LoRaMesher] Free heap: 336144
16:57:28.330 > [631465][I][PacketService.cpp:12] createEmptyPacket(): [LoRaMesher] Packet created with 17 bytes
16:57:28.338 > [631474][I][LoraMesher.cpp:392] receivingRoutine(): [LoRaMesher] Receiving LoRa packet: Size: 17 bytes RSSI: -10 SNR: 13
16:57:28.349 > [631485][V][LoraMesher.cpp:647] processPackets(): [LoRaMesher] Size of Received Packets Queue: 1
16:57:28.358 > [631494][V][LoraMesher.cpp:754] printHeaderPacket(): [LoRaMesher] Packet received -- Size: 17 Src: B3F0 Dst: D110 Id: 37 Type: 2 Via: DE6C Seq_Id: 0 Num: 0
16:57:28.372 > [631508][I][LoraMesher.cpp:854] processDataPacket(): [LoRaMesher] Data packet from B3F0, destination D110, via DE6C
16:57:28.382 > [631518][V][LoraMesher.cpp:872] processDataPacket(): [LoRaMesher] Data Packet from B3F0 for D110. Via is me. Forwarding it
16:57:28.393 > [631529][I][LoraMesher.cpp:1051] addToSendOrderedAndNotify(): [LoRaMesher] Added packet to Q_SP, notifying sender task
16:57:28.403 > [631539][V][LoraMesher.cpp:511] sendPackets(): [LoRaMesher] Stack space unused after entering the task: 2004
16:57:28.413 > [631549][V][LoraMesher.cpp:512] sendPackets(): [LoRaMesher] Free heap: 336048
16:57:28.420 > [631556][V][LoraMesher.cpp:518] sendPackets(): [LoRaMesher] Size of Send Packets Queue: 1
16:57:28.428 > [631564][V][LoraMesher.cpp:525] sendPackets(): [LoRaMesher] Send n. 20
16:57:28.434 > [631570][V][LoraMesher.cpp:455] waitBeforeSend(): [LoRaMesher] RandomDelay 970 ms
16:57:28.442 > [631577][V][LoraMesher.cpp:641] processPackets(): [LoRaMesher] Stack space unused after entering the task: 2040
16:57:28.452 > [631587][V][LoraMesher.cpp:642] processPackets(): [LoRaMesher] Free heap: 336076
16:57:29.411 > [632547][V][LoraMesher.cpp:754] printHeaderPacket(): [LoRaMesher] Packet send -- Size: 17 Src: B3F0 Dst: D110 Id: 37 Type: 2 Via: AFC0 Seq_Id: 0 Num: 0
16:57:29.501 > [632637][V][LoraMesher.cpp:575] sendPackets(): [LoRaMesher] TimeOnAir 63 ms, next message in 0 ms
16:57:29.510 > [632646][I][PacketQueueService.h:80] deleteQueuePacketAndPacket(): [LoRaMesher] Deleting packet
16:57:29.518 > [632654][I][PacketQueueService.h:83] deleteQueuePacketAndPacket(): [LoRaMesher] Deleting packet queue
16:57:30.556 > [633692][V][LoraMesher.cpp:378] receivingRoutine(): [LoRaMesher] Stack space unused after entering the task: 2072
16:57:30.566 > [633702][V][LoraMesher.cpp:379] receivingRoutine(): [LoRaMesher] Free heap: 336144
16:57:30.574 > [633709][I][PacketService.cpp:12] createEmptyPacket(): [LoRaMesher] Packet created with 17 bytes
16:57:30.582 > [633718][I][LoraMesher.cpp:392] receivingRoutine(): [LoRaMesher] Receiving LoRa packet: Size: 17 bytes RSSI: -53 SNR: 13
16:57:30.593 > [633729][V][LoraMesher.cpp:647] processPackets(): [LoRaMesher] Size of Received Packets Queue: 1
16:57:30.602 > [633738][V][LoraMesher.cpp:754] printHeaderPacket(): [LoRaMesher] Packet received -- Size: 17 Src: B3F0 Dst: D110 Id: 37 Type: 2 Via: F02C Seq_Id: 0 Num: 0
16:57:30.616 > [633752][I][LoraMesher.cpp:854] processDataPacket(): [LoRaMesher] Data packet from B3F0, destination D110, via F02C
16:57:30.626 > [633762][V][LoraMesher.cpp:878] processDataPacket(): [LoRaMesher] Packet not for me, deleting it
16:57:30.635 > [633770][I][PacketQueueService.h:80] deleteQueuePacketAndPacket(): [LoRaMesher] Deleting packet
16:57:30.643 > [633779][I][PacketQueueService.h:83] deleteQueuePacketAndPacket(): [LoRaMesher] Deleting packet queue
16:57:30.652 > [633788][V][LoraMesher.cpp:641] processPackets(): [LoRaMesher] Stack space unused after entering the task: 2040
16:57:30.662 > [633798][V][LoraMesher.cpp:642] processPackets(): [LoRaMesher] Free heap: 336144
16:57:31.857 > [634992][V][LoraMesher.cpp:378] receivingRoutine(): [LoRaMesher] Stack space unused after entering the task: 2072
16:57:31.867 > [635003][V][LoraMesher.cpp:379] receivingRoutine(): [LoRaMesher] Free heap: 336144
16:57:31.874 > [635010][I][PacketService.cpp:12] createEmptyPacket(): [LoRaMesher] Packet created with 17 bytes
16:57:31.883 > [635019][I][LoraMesher.cpp:392] receivingRoutine(): [LoRaMesher] Receiving LoRa packet: Size: 17 bytes RSSI: -3 SNR: 12
16:57:31.894 > [635030][V][LoraMesher.cpp:647] processPackets(): [LoRaMesher] Size of Received Packets Queue: 1
16:57:31.903 > [635039][V][LoraMesher.cpp:754] printHeaderPacket(): [LoRaMesher] Packet received -- Size: 17 Src: B3F0 Dst: D110 Id: 37 Type: 2 Via: D110 Seq_Id: 0 Num: 0
16:57:31.917 > [635052][I][LoraMesher.cpp:854] processDataPacket(): [LoRaMesher] Data packet from B3F0, destination D110, via D110
16:57:31.927 > [635063][V][LoraMesher.cpp:878] processDataPacket(): [LoRaMesher] Packet not for me, deleting it
16:57:31.935 > [635071][I][PacketQueueService.h:80] deleteQueuePacketAndPacket(): [LoRaMesher] Deleting packet
16:57:31.944 > [635080][I][PacketQueueService.h:83] deleteQueuePacketAndPacket(): [LoRaMesher] Deleting packet queue
16:57:31.953 > [635089][V][LoraMesher.cpp:641] processPackets(): [LoRaMesher] Stack space unused after entering the task: 2040
16:57:31.963 > [635099][V][LoraMesher.cpp:642] processPackets(): [LoRaMesher] Free heap: 336144
16:57:48.454 > [651590][V][LoraMesher.cpp:378] receivingRoutine(): [LoRaMesher] Stack space unused after entering the task: 2072
16:57:48.465 > [651600][V][LoraMesher.cpp:379] receivingRoutine(): [LoRaMesher] Free heap: 336144
16:57:48.472 > [651608][I][PacketService.cpp:12] createEmptyPacket(): [LoRaMesher] Packet created with 17 bytes
16:57:48.481 > [651616][I][LoraMesher.cpp:392] receivingRoutine(): [LoRaMesher] Receiving LoRa packet: Size: 17 bytes RSSI: -10 SNR: 13
16:57:48.492 > [651628][V][LoraMesher.cpp:647] processPackets(): [LoRaMesher] Size of Received Packets Queue: 1
16:57:48.501 > [651636][V][LoraMesher.cpp:754] printHeaderPacket(): [LoRaMesher] Packet received -- Size: 17 Src: B3F0 Dst: D110 Id: 38 Type: 2 Via: DE6C Seq_Id: 0 Num: 0
16:57:48.514 > [651650][I][LoraMesher.cpp:854] processDataPacket(): [LoRaMesher] Data packet from B3F0, destination D110, via DE6C
16:57:48.525 > [651660][V][LoraMesher.cpp:872] processDataPacket(): [LoRaMesher] Data Packet from B3F0 for D110. Via is me. Forwarding it
16:57:48.536 > [651671][I][LoraMesher.cpp:1051] addToSendOrderedAndNotify(): [LoRaMesher] Added packet to Q_SP, notifying sender task
16:57:48.546 > [651682][V][LoraMesher.cpp:511] sendPackets(): [LoRaMesher] Stack space unused after entering the task: 2004
16:57:48.556 > [651691][V][LoraMesher.cpp:512] sendPackets(): [LoRaMesher] Free heap: 336048
16:57:48.563 > [651698][V][LoraMesher.cpp:518] sendPackets(): [LoRaMesher] Size of Send Packets Queue: 1
16:57:48.571 > [651706][V][LoraMesher.cpp:525] sendPackets(): [LoRaMesher] Send n. 21
16:57:48.577 > [651713][V][LoraMesher.cpp:455] waitBeforeSend(): [LoRaMesher] RandomDelay 1137 ms
16:57:48.584 > [651720][V][LoraMesher.cpp:641] processPackets(): [LoRaMesher] Stack space unused after entering the task: 2040
16:57:48.594 > [651730][V][LoraMesher.cpp:642] processPackets(): [LoRaMesher] Free heap: 336076
16:57:49.720 > [652856][V][LoraMesher.cpp:754] printHeaderPacket(): [LoRaMesher] Packet send -- Size: 17 Src: B3F0 Dst: D110 Id: 38 Type: 2 Via: AFC0 Seq_Id: 0 Num: 0
16:57:49.810 > [652946][V][LoraMesher.cpp:575] sendPackets(): [LoRaMesher] TimeOnAir 63 ms, next message in 0 ms
16:57:49.819 > [652955][I][PacketQueueService.h:80] deleteQueuePacketAndPacket(): [LoRaMesher] Deleting packet
16:57:49.828 > [652963][I][PacketQueueService.h:83] deleteQueuePacketAndPacket(): [LoRaMesher] Deleting packet queue
16:57:50.480 > [653616][V][LoraMesher.cpp:378] receivingRoutine(): [LoRaMesher] Stack space unused after entering the task: 2072
16:57:50.491 > [653626][V][LoraMesher.cpp:379] receivingRoutine(): [LoRaMesher] Free heap: 336144
16:57:50.498 > [653634][I][PacketService.cpp:12] createEmptyPacket(): [LoRaMesher] Packet created with 17 bytes
16:57:50.507 > [653642][I][LoraMesher.cpp:392] receivingRoutine(): [LoRaMesher] Receiving LoRa packet: Size: 17 bytes RSSI: -53 SNR: 13
16:57:50.518 > [653654][V][LoraMesher.cpp:647] processPackets(): [LoRaMesher] Size of Received Packets Queue: 1
16:57:50.527 > [653662][V][LoraMesher.cpp:754] printHeaderPacket(): [LoRaMesher] Packet received -- Size: 17 Src: B3F0 Dst: D110 Id: 38 Type: 2 Via: F02C Seq_Id: 0 Num: 0
16:57:50.540 > [653676][I][LoraMesher.cpp:854] processDataPacket(): [LoRaMesher] Data packet from B3F0, destination D110, via F02C
16:57:50.551 > [653686][V][LoraMesher.cpp:878] processDataPacket(): [LoRaMesher] Packet not for me, deleting it
16:57:50.559 > [653695][I][PacketQueueService.h:80] deleteQueuePacketAndPacket(): [LoRaMesher] Deleting packet
16:57:50.568 > [653703][I][PacketQueueService.h:83] deleteQueuePacketAndPacket(): [LoRaMesher] Deleting packet queue
16:57:50.577 > [653712][V][LoraMesher.cpp:641] processPackets(): [LoRaMesher] Stack space unused after entering the task: 2040
16:57:50.587 > [653722][V][LoraMesher.cpp:642] processPackets(): [LoRaMesher] Free heap: 336144
16:57:51.269 > [654405][V][LoraMesher.cpp:378] receivingRoutine(): [LoRaMesher] Stack space unused after entering the task: 2072
16:57:51.280 > [654415][V][LoraMesher.cpp:379] receivingRoutine(): [LoRaMesher] Free heap: 336144
16:57:51.287 > [654423][I][PacketService.cpp:12] createEmptyPacket(): [LoRaMesher] Packet created with 17 bytes
16:57:51.296 > [654431][I][LoraMesher.cpp:392] receivingRoutine(): [LoRaMesher] Receiving LoRa packet: Size: 17 bytes RSSI: -4 SNR: 12
16:57:51.307 > [654442][V][LoraMesher.cpp:647] processPackets(): [LoRaMesher] Size of Received Packets Queue: 1
16:57:51.316 > [654451][V][LoraMesher.cpp:754] printHeaderPacket(): [LoRaMesher] Packet received -- Size: 17 Src: B3F0 Dst: D110 Id: 38 Type: 2 Via: D110 Seq_Id: 0 Num: 0
16:57:51.329 > [654465][I][LoraMesher.cpp:854] processDataPacket(): [LoRaMesher] Data packet from B3F0, destination D110, via D110
16:57:51.340 > [654475][V][LoraMesher.cpp:878] processDataPacket(): [LoRaMesher] Packet not for me, deleting it
16:57:51.348 > [654484][I][PacketQueueService.h:80] deleteQueuePacketAndPacket(): [LoRaMesher] Deleting packet
16:57:51.357 > [654492][I][PacketQueueService.h:83] deleteQueuePacketAndPacket(): [LoRaMesher] Deleting packet queue
16:57:51.366 > [654501][V][LoraMesher.cpp:641] processPackets(): [LoRaMesher] Stack space unused after entering the task: 2040
16:57:51.376 > [654511][V][LoraMesher.cpp:642] processPackets(): [LoRaMesher] Free heap: 336144
16:58:07.730 > [670865][V][LoraMesher.cpp:378] receivingRoutine(): [LoRaMesher] Stack space unused after entering the task: 2072
16:58:07.740 > [670876][V][LoraMesher.cpp:379] receivingRoutine(): [LoRaMesher] Free heap: 336144
16:58:07.748 > [670883][I][PacketService.cpp:12] createEmptyPacket(): [LoRaMesher] Packet created with 17 bytes
16:58:07.757 > [670892][I][LoraMesher.cpp:392] receivingRoutine(): [LoRaMesher] Receiving LoRa packet: Size: 17 bytes RSSI: -10 SNR: 13
16:58:07.768 > [670903][V][LoraMesher.cpp:647] processPackets(): [LoRaMesher] Size of Received Packets Queue: 1
16:58:07.776 > [670912][V][LoraMesher.cpp:754] printHeaderPacket(): [LoRaMesher] Packet received -- Size: 17 Src: B3F0 Dst: D110 Id: 39 Type: 2 Via: DE6C Seq_Id: 0 Num: 0
16:58:07.790 > [670925][I][LoraMesher.cpp:854] processDataPacket(): [LoRaMesher] Data packet from B3F0, destination D110, via DE6C
16:58:07.800 > [670936][V][LoraMesher.cpp:872] processDataPacket(): [LoRaMesher] Data Packet from B3F0 for D110. Via is me. Forwarding it
16:58:07.811 > [670947][I][LoraMesher.cpp:1051] addToSendOrderedAndNotify(): [LoRaMesher] Added packet to Q_SP, notifying sender task
16:58:07.822 > [670957][V][LoraMesher.cpp:511] sendPackets(): [LoRaMesher] Stack space unused after entering the task: 2004
16:58:07.831 > [670967][V][LoraMesher.cpp:512] sendPackets(): [LoRaMesher] Free heap: 336048
16:58:07.838 > [670974][V][LoraMesher.cpp:518] sendPackets(): [LoRaMesher] Size of Send Packets Queue: 1
16:58:07.846 > [670982][V][LoraMesher.cpp:525] sendPackets(): [LoRaMesher] Send n. 22
16:58:07.853 > [670988][V][LoraMesher.cpp:455] waitBeforeSend(): [LoRaMesher] RandomDelay 998 ms
16:58:07.860 > [670995][V][LoraMesher.cpp:641] processPackets(): [LoRaMesher] Stack space unused after entering the task: 2040
16:58:07.870 > [671005][V][LoraMesher.cpp:642] processPackets(): [LoRaMesher] Free heap: 336076
16:58:08.857 > [671993][V][LoraMesher.cpp:754] printHeaderPacket(): [LoRaMesher] Packet send -- Size: 17 Src: B3F0 Dst: D110 Id: 39 Type: 2 Via: AFC0 Seq_Id: 0 Num: 0
16:58:08.947 > [672083][V][LoraMesher.cpp:575] sendPackets(): [LoRaMesher] TimeOnAir 63 ms, next message in 0 ms
16:58:08.956 > [672092][I][PacketQueueService.h:80] deleteQueuePacketAndPacket(): [LoRaMesher] Deleting packet
16:58:08.965 > [672100][I][PacketQueueService.h:83] deleteQueuePacketAndPacket(): [LoRaMesher] Deleting packet queue
16:58:10.143 > [673279][V][LoraMesher.cpp:378] receivingRoutine(): [LoRaMesher] Stack space unused after entering the task: 2072
16:58:10.154 > [673290][V][LoraMesher.cpp:379] receivingRoutine(): [LoRaMesher] Free heap: 336144
16:58:10.162 > [673297][I][PacketService.cpp:12] createEmptyPacket(): [LoRaMesher] Packet created with 17 bytes
16:58:10.170 > [673306][I][LoraMesher.cpp:392] receivingRoutine(): [LoRaMesher] Receiving LoRa packet: Size: 17 bytes RSSI: -53 SNR: 13
16:58:10.182 > [673317][V][LoraMesher.cpp:647] processPackets(): [LoRaMesher] Size of Received Packets Queue: 1
16:58:10.190 > [673326][V][LoraMesher.cpp:754] printHeaderPacket(): [LoRaMesher] Packet received -- Size: 17 Src: B3F0 Dst: D110 Id: 39 Type: 2 Via: F02C Seq_Id: 0 Num: 0
16:58:10.204 > [673339][I][LoraMesher.cpp:854] processDataPacket(): [LoRaMesher] Data packet from B3F0, destination D110, via F02C
16:58:10.214 > [673350][V][LoraMesher.cpp:878] processDataPacket(): [LoRaMesher] Packet not for me, deleting it
16:58:10.223 > [673358][I][PacketQueueService.h:80] deleteQueuePacketAndPacket(): [LoRaMesher] Deleting packet
16:58:10.231 > [673367][I][PacketQueueService.h:83] deleteQueuePacketAndPacket(): [LoRaMesher] Deleting packet queue
16:58:10.240 > [673376][V][LoraMesher.cpp:641] processPackets(): [LoRaMesher] Stack space unused after entering the task: 2040
16:58:10.250 > [673386][V][LoraMesher.cpp:642] processPackets(): [LoRaMesher] Free heap: 336144
16:58:10.635 > [673771][V][LoraMesher.cpp:378] receivingRoutine(): [LoRaMesher] Stack space unused after entering the task: 2072
16:58:10.646 > [673782][V][LoraMesher.cpp:379] receivingRoutine(): [LoRaMesher] Free heap: 336144
16:58:10.654 > [673789][I][PacketService.cpp:12] createEmptyPacket(): [LoRaMesher] Packet created with 17 bytes
16:58:10.663 > [673798][I][LoraMesher.cpp:392] receivingRoutine(): [LoRaMesher] Receiving LoRa packet: Size: 17 bytes RSSI: -3 SNR: 12
16:58:10.674 > [673809][V][LoraMesher.cpp:647] processPackets(): [LoRaMesher] Size of Received Packets Queue: 1
16:58:10.682 > [673818][V][LoraMesher.cpp:754] printHeaderPacket(): [LoRaMesher] Packet received -- Size: 17 Src: B3F0 Dst: D110 Id: 39 Type: 2 Via: D110 Seq_Id: 0 Num: 0
16:58:10.696 > [673831][I][LoraMesher.cpp:854] processDataPacket(): [LoRaMesher] Data packet from B3F0, destination D110, via D110
16:58:10.706 > [673842][V][LoraMesher.cpp:878] processDataPacket(): [LoRaMesher] Packet not for me, deleting it
16:58:10.715 > [673850][I][PacketQueueService.h:80] deleteQueuePacketAndPacket(): [LoRaMesher] Deleting packet
16:58:10.723 > [673859][I][PacketQueueService.h:83] deleteQueuePacketAndPacket(): [LoRaMesher] Deleting packet queue
16:58:10.732 > [673868][V][LoraMesher.cpp:641] processPackets(): [LoRaMesher] Stack space unused after entering the task: 2040
16:58:10.742 > [673878][V][LoraMesher.cpp:642] processPackets(): [LoRaMesher] Free heap: 336144
16:58:27.837 > [690973][V][LoraMesher.cpp:378] receivingRoutine(): [LoRaMesher] Stack space unused after entering the task: 2072
16:58:27.847 > [690983][V][LoraMesher.cpp:379] receivingRoutine(): [LoRaMesher] Free heap: 336144
16:58:27.854 > [690991][I][PacketService.cpp:12] createEmptyPacket(): [LoRaMesher] Packet created with 17 bytes
16:58:27.863 > [690999][I][LoraMesher.cpp:392] receivingRoutine(): [LoRaMesher] Receiving LoRa packet: Size: 17 bytes RSSI: -10 SNR: 13
16:58:27.875 > [691010][V][LoraMesher.cpp:647] processPackets(): [LoRaMesher] Size of Received Packets Queue: 1
16:58:27.883 > [691019][V][LoraMesher.cpp:754] printHeaderPacket(): [LoRaMesher] Packet received -- Size: 17 Src: B3F0 Dst: D110 Id: 40 Type: 2 Via: DE6C Seq_Id: 0 Num: 0
16:58:27.897 > [691033][I][LoraMesher.cpp:854] processDataPacket(): [LoRaMesher] Data packet from B3F0, destination D110, via DE6C
16:58:27.907 > [691043][V][LoraMesher.cpp:872] processDataPacket(): [LoRaMesher] Data Packet from B3F0 for D110. Via is me. Forwarding it
16:58:27.918 > [691054][I][LoraMesher.cpp:1051] addToSendOrderedAndNotify(): [LoRaMesher] Added packet to Q_SP, notifying sender task
16:58:27.928 > [691064][V][LoraMesher.cpp:511] sendPackets(): [LoRaMesher] Stack space unused after entering the task: 2004
16:58:27.938 > [691074][V][LoraMesher.cpp:512] sendPackets(): [LoRaMesher] Free heap: 336048
16:58:27.945 > [691081][V][LoraMesher.cpp:518] sendPackets(): [LoRaMesher] Size of Send Packets Queue: 1
16:58:27.953 > [691089][V][LoraMesher.cpp:525] sendPackets(): [LoRaMesher] Send n. 23
16:58:27.959 > [691095][V][LoraMesher.cpp:455] waitBeforeSend(): [LoRaMesher] RandomDelay 303 ms
16:58:27.967 > [691103][V][LoraMesher.cpp:641] processPackets(): [LoRaMesher] Stack space unused after entering the task: 2040
16:58:27.976 > [691113][V][LoraMesher.cpp:642] processPackets(): [LoRaMesher] Free heap: 336076
16:58:28.269 > [691405][V][LoraMesher.cpp:754] printHeaderPacket(): [LoRaMesher] Packet send -- Size: 17 Src: B3F0 Dst: D110 Id: 40 Type: 2 Via: AFC0 Seq_Id: 0 Num: 0
16:58:28.359 > [691495][V][LoraMesher.cpp:575] sendPackets(): [LoRaMesher] TimeOnAir 63 ms, next message in 0 ms
16:58:28.368 > [691504][I][PacketQueueService.h:80] deleteQueuePacketAndPacket(): [LoRaMesher] Deleting packet
16:58:28.377 > [691512][I][PacketQueueService.h:83] deleteQueuePacketAndPacket(): [LoRaMesher] Deleting packet queue
16:58:29.671 > [692807][V][LoraMesher.cpp:378] receivingRoutine(): [LoRaMesher] Stack space unused after entering the task: 2072
16:58:29.681 > [692817][V][LoraMesher.cpp:379] receivingRoutine(): [LoRaMesher] Free heap: 336144
16:58:29.688 > [692824][I][PacketService.cpp:12] createEmptyPacket(): [LoRaMesher] Packet created with 17 bytes
16:58:29.697 > [692833][I][LoraMesher.cpp:392] receivingRoutine(): [LoRaMesher] Receiving LoRa packet: Size: 17 bytes RSSI: -54 SNR: 13
16:58:29.708 > [692844][V][LoraMesher.cpp:647] processPackets(): [LoRaMesher] Size of Received Packets Queue: 1
16:58:29.717 > [692853][V][LoraMesher.cpp:754] printHeaderPacket(): [LoRaMesher] Packet received -- Size: 17 Src: B3F0 Dst: D110 Id: 40 Type: 2 Via: F02C Seq_Id: 0 Num: 0
16:58:29.731 > [692867][I][LoraMesher.cpp:854] processDataPacket(): [LoRaMesher] Data packet from B3F0, destination D110, via F02C
16:58:29.741 > [692877][V][LoraMesher.cpp:878] processDataPacket(): [LoRaMesher] Packet not for me, deleting it
16:58:29.749 > [692886][I][PacketQueueService.h:80] deleteQueuePacketAndPacket(): [LoRaMesher] Deleting packet
16:58:29.758 > [692894][I][PacketQueueService.h:83] deleteQueuePacketAndPacket(): [LoRaMesher] Deleting packet queue
16:58:29.767 > [692903][V][LoraMesher.cpp:641] processPackets(): [LoRaMesher] Stack space unused after entering the task: 2040
16:58:29.777 > [692913][V][LoraMesher.cpp:642] processPackets(): [LoRaMesher] Free heap: 336144
16:58:30.642 > [693778][V][LoraMesher.cpp:378] receivingRoutine(): [LoRaMesher] Stack space unused after entering the task: 2072
16:58:30.652 > [693788][V][LoraMesher.cpp:379] receivingRoutine(): [LoRaMesher] Free heap: 336144
16:58:30.659 > [693796][I][PacketService.cpp:12] createEmptyPacket(): [LoRaMesher] Packet created with 17 bytes
16:58:30.668 > [693804][I][LoraMesher.cpp:392] receivingRoutine(): [LoRaMesher] Receiving LoRa packet: Size: 17 bytes RSSI: -4 SNR: 13
16:58:30.680 > [693815][V][LoraMesher.cpp:647] processPackets(): [LoRaMesher] Size of Received Packets Queue: 1
16:58:30.688 > [693824][V][LoraMesher.cpp:754] printHeaderPacket(): [LoRaMesher] Packet received -- Size: 17 Src: B3F0 Dst: D110 Id: 40 Type: 2 Via: D110 Seq_Id: 0 Num: 0
16:58:30.702 > [693838][I][LoraMesher.cpp:854] processDataPacket(): [LoRaMesher] Data packet from B3F0, destination D110, via D110
16:58:30.712 > [693848][V][LoraMesher.cpp:878] processDataPacket(): [LoRaMesher] Packet not for me, deleting it
16:58:30.720 > [693857][I][PacketQueueService.h:80] deleteQueuePacketAndPacket(): [LoRaMesher] Deleting packet
16:58:30.729 > [693865][I][PacketQueueService.h:83] deleteQueuePacketAndPacket(): [LoRaMesher] Deleting packet queue
16:58:30.738 > [693874][V][LoraMesher.cpp:641] processPackets(): [LoRaMesher] Stack space unused after entering the task: 2040
16:58:30.748 > [693884][V][LoraMesher.cpp:642] processPackets(): [LoRaMesher] Free heap: 336144
16:58:47.975 > [711111][V][LoraMesher.cpp:378] receivingRoutine(): [LoRaMesher] Stack space unused after entering the task: 2072
16:58:47.985 > [711121][V][LoraMesher.cpp:379] receivingRoutine(): [LoRaMesher] Free heap: 336144
16:58:47.993 > [711129][I][PacketService.cpp:12] createEmptyPacket(): [LoRaMesher] Packet created with 17 bytes
16:58:48.002 > [711138][I][LoraMesher.cpp:392] receivingRoutine(): [LoRaMesher] Receiving LoRa packet: Size: 17 bytes RSSI: -10 SNR: 13
16:58:48.013 > [711149][V][LoraMesher.cpp:647] processPackets(): [LoRaMesher] Size of Received Packets Queue: 1
16:58:48.021 > [711157][V][LoraMesher.cpp:754] printHeaderPacket(): [LoRaMesher] Packet received -- Size: 17 Src: B3F0 Dst: D110 Id: 41 Type: 2 Via: DE6C Seq_Id: 0 Num: 0
16:58:48.035 > [711171][I][LoraMesher.cpp:854] processDataPacket(): [LoRaMesher] Data packet from B3F0, destination D110, via DE6C
16:58:48.045 > [711181][V][LoraMesher.cpp:872] processDataPacket(): [LoRaMesher] Data Packet from B3F0 for D110. Via is me. Forwarding it
16:58:48.056 > [711192][I][LoraMesher.cpp:1051] addToSendOrderedAndNotify(): [LoRaMesher] Added packet to Q_SP, notifying sender task
16:58:48.067 > [711203][V][LoraMesher.cpp:511] sendPackets(): [LoRaMesher] Stack space unused after entering the task: 2004
16:58:48.076 > [711213][V][LoraMesher.cpp:512] sendPackets(): [LoRaMesher] Free heap: 336048
16:58:48.083 > [711219][V][LoraMesher.cpp:518] sendPackets(): [LoRaMesher] Size of Send Packets Queue: 1
16:58:48.091 > [711227][V][LoraMesher.cpp:525] sendPackets(): [LoRaMesher] Send n. 24
16:58:48.098 > [711234][V][LoraMesher.cpp:455] waitBeforeSend(): [LoRaMesher] RandomDelay 1111 ms
16:58:48.105 > [711241][V][LoraMesher.cpp:641] processPackets(): [LoRaMesher] Stack space unused after entering the task: 2040
16:58:48.115 > [711251][V][LoraMesher.cpp:642] processPackets(): [LoRaMesher] Free heap: 336076
16:58:49.216 > [712352][V][LoraMesher.cpp:754] printHeaderPacket(): [LoRaMesher] Packet send -- Size: 17 Src: B3F0 Dst: D110 Id: 41 Type: 2 Via: AFC0 Seq_Id: 0 Num: 0
16:58:49.306 > [712442][V][LoraMesher.cpp:575] sendPackets(): [LoRaMesher] TimeOnAir 63 ms, next message in 0 ms
16:58:49.315 > [712451][I][PacketQueueService.h:80] deleteQueuePacketAndPacket(): [LoRaMesher] Deleting packet
16:58:49.323 > [712459][I][PacketQueueService.h:83] deleteQueuePacketAndPacket(): [LoRaMesher] Deleting packet queue
16:58:50.466 > [713602][V][LoraMesher.cpp:378] receivingRoutine(): [LoRaMesher] Stack space unused after entering the task: 2072
16:58:50.476 > [713612][V][LoraMesher.cpp:379] receivingRoutine(): [LoRaMesher] Free heap: 336144
16:58:50.484 > [713620][I][PacketService.cpp:12] createEmptyPacket(): [LoRaMesher] Packet created with 17 bytes
16:58:50.493 > [713629][I][LoraMesher.cpp:392] receivingRoutine(): [LoRaMesher] Receiving LoRa packet: Size: 17 bytes RSSI: -54 SNR: 13
16:58:50.504 > [713640][V][LoraMesher.cpp:647] processPackets(): [LoRaMesher] Size of Received Packets Queue: 1
16:58:50.512 > [713648][V][LoraMesher.cpp:754] printHeaderPacket(): [LoRaMesher] Packet received -- Size: 17 Src: B3F0 Dst: D110 Id: 41 Type: 2 Via: F02C Seq_Id: 0 Num: 0
16:58:50.526 > [713662][I][LoraMesher.cpp:854] processDataPacket(): [LoRaMesher] Data packet from B3F0, destination D110, via F02C
16:58:50.536 > [713672][V][LoraMesher.cpp:878] processDataPacket(): [LoRaMesher] Packet not for me, deleting it
16:58:50.545 > [713681][I][PacketQueueService.h:80] deleteQueuePacketAndPacket(): [LoRaMesher] Deleting packet
16:58:50.553 > [713689][I][PacketQueueService.h:83] deleteQueuePacketAndPacket(): [LoRaMesher] Deleting packet queue
16:58:50.563 > [713698][V][LoraMesher.cpp:641] processPackets(): [LoRaMesher] Stack space unused after entering the task: 2040
16:58:50.572 > [713708][V][LoraMesher.cpp:642] processPackets(): [LoRaMesher] Free heap: 336144
16:58:51.360 > [714496][V][LoraMesher.cpp:378] receivingRoutine(): [LoRaMesher] Stack space unused after entering the task: 2072
16:58:51.370 > [714506][V][LoraMesher.cpp:379] receivingRoutine(): [LoRaMesher] Free heap: 336144
16:58:51.378 > [714514][I][PacketService.cpp:12] createEmptyPacket(): [LoRaMesher] Packet created with 17 bytes
16:58:51.387 > [714523][I][LoraMesher.cpp:392] receivingRoutine(): [LoRaMesher] Receiving LoRa packet: Size: 17 bytes RSSI: -3 SNR: 12
16:58:51.398 > [714534][V][LoraMesher.cpp:647] processPackets(): [LoRaMesher] Size of Received Packets Queue: 1
16:58:51.406 > [714542][V][LoraMesher.cpp:754] printHeaderPacket(): [LoRaMesher] Packet received -- Size: 17 Src: B3F0 Dst: D110 Id: 41 Type: 2 Via: D110 Seq_Id: 0 Num: 0
16:58:51.420 > [714556][I][LoraMesher.cpp:854] processDataPacket(): [LoRaMesher] Data packet from B3F0, destination D110, via D110
16:58:51.430 > [714566][V][LoraMesher.cpp:878] processDataPacket(): [LoRaMesher] Packet not for me, deleting it
16:58:51.439 > [714575][I][PacketQueueService.h:80] deleteQueuePacketAndPacket(): [LoRaMesher] Deleting packet
16:58:51.447 > [714584][I][PacketQueueService.h:83] deleteQueuePacketAndPacket(): [LoRaMesher] Deleting packet queue
16:58:51.457 > [714593][V][LoraMesher.cpp:641] processPackets(): [LoRaMesher] Stack space unused after entering the task: 2040
16:58:51.466 > [714602][V][LoraMesher.cpp:642] processPackets(): [LoRaMesher] Free heap: 336144
16:59:05.153 > [728289][V][LoraMesher.cpp:598] sendHelloPacket(): [LoRaMesher] Creating Routing Packet
16:59:05.161 > [728297][V][LoraMesher.cpp:599] sendHelloPacket(): [LoRaMesher] Stack space unused after entering the task: 2328
16:59:05.171 > [728307][V][LoraMesher.cpp:600] sendHelloPacket(): [LoRaMesher] Free heap: 336144
16:59:05.178 > [728314][V][PacketFactory.h:45] createPacket(): [LoRaMesher] Creating packet with 24 bytes
16:59:05.186 > [728322][I][PacketFactory.h:74] createPacket(): [LoRaMesher] Packet created with 24 bytes
16:59:05.194 > [728330][I][LoraMesher.h:659] setPackedForSend(): [LoRaMesher] Adding packet to Q_SP
16:59:05.202 > [728338][I][LoraMesher.h:661] setPackedForSend(): [LoRaMesher] Created packet to Q_SP
16:59:05.210 > [728345][I][LoraMesher.cpp:1051] addToSendOrderedAndNotify(): [LoRaMesher] Added packet to Q_SP, notifying sender task
16:59:05.220 > [728356][V][LoraMesher.cpp:511] sendPackets(): [LoRaMesher] Stack space unused after entering the task: 2004
16:59:05.230 > [728366][V][LoraMesher.cpp:512] sendPackets(): [LoRaMesher] Free heap: 336044
16:59:05.237 > [728373][V][LoraMesher.cpp:518] sendPackets(): [LoRaMesher] Size of Send Packets Queue: 1
16:59:05.245 > [728381][V][LoraMesher.cpp:525] sendPackets(): [LoRaMesher] Send n. 25
16:59:05.251 > [728387][V][LoraMesher.cpp:455] waitBeforeSend(): [LoRaMesher] RandomDelay 305 ms
16:59:05.563 > [728699][V][LoraMesher.cpp:754] printHeaderPacket(): [LoRaMesher] Packet send -- Size: 24 Src: DE6C Dst: FFFF Id: 6 Type: 4 Via: 0 Seq_Id: 0 Num: 0
16:59:05.667 > [728803][V][LoraMesher.cpp:575] sendPackets(): [LoRaMesher] TimeOnAir 78 ms, next message in 0 ms
16:59:05.676 > [728812][I][PacketQueueService.h:80] deleteQueuePacketAndPacket(): [LoRaMesher] Deleting packet
16:59:05.684 > [728820][I][PacketQueueService.h:83] deleteQueuePacketAndPacket(): [LoRaMesher] Deleting packet queue
16:59:06.260 > [729397][V][LoraMesher.cpp:378] receivingRoutine(): [LoRaMesher] Stack space unused after entering the task: 2072
16:59:06.271 > [729407][V][LoraMesher.cpp:379] receivingRoutine(): [LoRaMesher] Free heap: 336144
16:59:06.279 > [729415][I][PacketService.cpp:12] createEmptyPacket(): [LoRaMesher] Packet created with 24 bytes
16:59:06.287 > [729423][I][LoraMesher.cpp:392] receivingRoutine(): [LoRaMesher] Receiving LoRa packet: Size: 24 bytes RSSI: -6 SNR: 12
16:59:06.299 > [729434][V][LoraMesher.cpp:647] processPackets(): [LoRaMesher] Size of Received Packets Queue: 1
16:59:06.307 > [729443][I][PacketQueueService.h:80] deleteQueuePacketAndPacket(): [LoRaMesher] Deleting packet
16:59:06.316 > [729452][I][PacketQueueService.h:83] deleteQueuePacketAndPacket(): [LoRaMesher] Deleting packet queue
16:59:06.325 > [729461][V][LoraMesher.cpp:658] processPackets(): [LoRaMesher] TESTING: Packet not for me, deleting it
16:59:06.334 > [729470][V][LoraMesher.cpp:641] processPackets(): [LoRaMesher] Stack space unused after entering the task: 2040
16:59:06.344 > [729480][V][LoraMesher.cpp:642] processPackets(): [LoRaMesher] Free heap: 336144
16:59:07.212 > [730349][V][LoraMesher.cpp:378] receivingRoutine(): [LoRaMesher] Stack space unused after entering the task: 2072
16:59:07.223 > [730359][V][LoraMesher.cpp:379] receivingRoutine(): [LoRaMesher] Free heap: 336144
16:59:07.230 > [730366][I][PacketService.cpp:12] createEmptyPacket(): [LoRaMesher] Packet created with 24 bytes
16:59:07.239 > [730375][I][LoraMesher.cpp:392] receivingRoutine(): [LoRaMesher] Receiving LoRa packet: Size: 24 bytes RSSI: -53 SNR: 14
16:59:07.250 > [730386][V][LoraMesher.cpp:647] processPackets(): [LoRaMesher] Size of Received Packets Queue: 1
16:59:07.259 > [730395][V][LoraMesher.cpp:754] printHeaderPacket(): [LoRaMesher] Packet received -- Size: 24 Src: AFC0 Dst: FFFF Id: 6 Type: 4 Via: 0 Seq_Id: 0 Num: 0
16:59:07.272 > [730408][I][RoutingTableService.cpp:77] processRoute(): [LoRaMesher] Route packet from AFC0 with size 4
16:59:07.282 > [730418][I][RoutingTableService.cpp:99] resetReceiveSNRRoutePacket(): [LoRaMesher] Reset Receive SNR from AFC0: 14
16:59:07.292 > [730428][I][RoutingTableService.cpp:192] printRoutingTable(): [LoRaMesher] Current routing table:
16:59:07.300 > [730436][I][RoutingTableService.cpp:206] printRoutingTable(): [LoRaMesher] 0 - AFC0 via AFC0 metric 1 Role 0
16:59:07.310 > [730446][I][RoutingTableService.cpp:206] printRoutingTable(): [LoRaMesher] 1 - F02C via AFC0 metric 2 Role 0
16:59:07.320 > [730456][I][RoutingTableService.cpp:206] printRoutingTable(): [LoRaMesher] 2 - B3F0 via B3F0 metric 1 Role 0
16:59:07.329 > [730465][I][RoutingTableService.cpp:206] printRoutingTable(): [LoRaMesher] 3 - D110 via AFC0 metric 3 Role 1
16:59:07.339 > [730475][I][PacketQueueService.h:80] deleteQueuePacketAndPacket(): [LoRaMesher] Deleting packet
16:59:07.347 > [730483][I][PacketQueueService.h:83] deleteQueuePacketAndPacket(): [LoRaMesher] Deleting packet queue
16:59:07.357 > [730492][V][LoraMesher.cpp:641] processPackets(): [LoRaMesher] Stack space unused after entering the task: 2040
16:59:07.366 > [730502][V][LoraMesher.cpp:642] processPackets(): [LoRaMesher] Free heap: 336144
16:59:08.058 > [731194][V][LoraMesher.cpp:378] receivingRoutine(): [LoRaMesher] Stack space unused after entering the task: 2072
16:59:08.068 > [731204][V][LoraMesher.cpp:379] receivingRoutine(): [LoRaMesher] Free heap: 336144
16:59:08.076 > [731211][I][PacketService.cpp:12] createEmptyPacket(): [LoRaMesher] Packet created with 24 bytes
16:59:08.084 > [731220][I][LoraMesher.cpp:392] receivingRoutine(): [LoRaMesher] Receiving LoRa packet: Size: 24 bytes RSSI: -10 SNR: 13
16:59:08.096 > [731231][V][LoraMesher.cpp:647] processPackets(): [LoRaMesher] Size of Received Packets Queue: 1
16:59:08.104 > [731240][V][LoraMesher.cpp:754] printHeaderPacket(): [LoRaMesher] Packet received -- Size: 24 Src: B3F0 Dst: FFFF Id: 42 Type: 4 Via: 0 Seq_Id: 0 Num: 0
16:59:08.118 > [731254][I][RoutingTableService.cpp:77] processRoute(): [LoRaMesher] Route packet from B3F0 with size 4
16:59:08.127 > [731263][I][RoutingTableService.cpp:99] resetReceiveSNRRoutePacket(): [LoRaMesher] Reset Receive SNR from B3F0: 13
16:59:08.137 > [731273][I][RoutingTableService.cpp:192] printRoutingTable(): [LoRaMesher] Current routing table:
16:59:08.146 > [731282][I][RoutingTableService.cpp:206] printRoutingTable(): [LoRaMesher] 0 - AFC0 via AFC0 metric 1 Role 0
16:59:08.155 > [731291][I][RoutingTableService.cpp:206] printRoutingTable(): [LoRaMesher] 1 - F02C via AFC0 metric 2 Role 0
16:59:08.165 > [731301][I][RoutingTableService.cpp:206] printRoutingTable(): [LoRaMesher] 2 - B3F0 via B3F0 metric 1 Role 0
16:59:08.175 > [731311][I][RoutingTableService.cpp:206] printRoutingTable(): [LoRaMesher] 3 - D110 via AFC0 metric 3 Role 1
16:59:08.184 > [731320][I][PacketQueueService.h:80] deleteQueuePacketAndPacket(): [LoRaMesher] Deleting packet
16:59:08.193 > [731329][I][PacketQueueService.h:83] deleteQueuePacketAndPacket(): [LoRaMesher] Deleting packet queue
16:59:08.202 > [731338][V][LoraMesher.cpp:641] processPackets(): [LoRaMesher] Stack space unused after entering the task: 2040
16:59:08.212 > [731348][V][LoraMesher.cpp:642] processPackets(): [LoRaMesher] Free heap: 336144
16:59:09.098 > [732235][V][LoraMesher.cpp:378] receivingRoutine(): [LoRaMesher] Stack space unused after entering the task: 2072
16:59:09.109 > [732245][V][LoraMesher.cpp:379] receivingRoutine(): [LoRaMesher] Free heap: 336144
16:59:09.116 > [732252][I][PacketService.cpp:12] createEmptyPacket(): [LoRaMesher] Packet created with 17 bytes
16:59:09.125 > [732261][I][LoraMesher.cpp:392] receivingRoutine(): [LoRaMesher] Receiving LoRa packet: Size: 17 bytes RSSI: -10 SNR: 13
16:59:09.136 > [732272][V][LoraMesher.cpp:647] processPackets(): [LoRaMesher] Size of Received Packets Queue: 1
16:59:09.145 > [732281][V][LoraMesher.cpp:754] printHeaderPacket(): [LoRaMesher] Packet received -- Size: 17 Src: B3F0 Dst: D110 Id: 43 Type: 2 Via: DE6C Seq_Id: 0 Num: 0
16:59:09.159 > [732295][I][LoraMesher.cpp:854] processDataPacket(): [LoRaMesher] Data packet from B3F0, destination D110, via DE6C
16:59:09.169 > [732305][V][LoraMesher.cpp:872] processDataPacket(): [LoRaMesher] Data Packet from B3F0 for D110. Via is me. Forwarding it
16:59:09.180 > [732316][I][LoraMesher.cpp:1051] addToSendOrderedAndNotify(): [LoRaMesher] Added packet to Q_SP, notifying sender task
16:59:09.190 > [732326][V][LoraMesher.cpp:511] sendPackets(): [LoRaMesher] Stack space unused after entering the task: 2004
16:59:09.200 > [732336][V][LoraMesher.cpp:512] sendPackets(): [LoRaMesher] Free heap: 336048
16:59:09.207 > [732343][V][LoraMesher.cpp:518] sendPackets(): [LoRaMesher] Size of Send Packets Queue: 1
16:59:09.215 > [732351][V][LoraMesher.cpp:525] sendPackets(): [LoRaMesher] Send n. 26
16:59:09.221 > [732357][V][LoraMesher.cpp:455] waitBeforeSend(): [LoRaMesher] RandomDelay 513 ms
16:59:09.229 > [732364][V][LoraMesher.cpp:641] processPackets(): [LoRaMesher] Stack space unused after entering the task: 2040
16:59:09.239 > [732374][V][LoraMesher.cpp:642] processPackets(): [LoRaMesher] Free heap: 336076
16:59:09.741 > [732877][V][LoraMesher.cpp:754] printHeaderPacket(): [LoRaMesher] Packet send -- Size: 17 Src: B3F0 Dst: D110 Id: 43 Type: 2 Via: AFC0 Seq_Id: 0 Num: 0
16:59:09.831 > [732967][V][LoraMesher.cpp:575] sendPackets(): [LoRaMesher] TimeOnAir 63 ms, next message in 0 ms
16:59:09.840 > [732976][I][PacketQueueService.h:80] deleteQueuePacketAndPacket(): [LoRaMesher] Deleting packet
16:59:09.848 > [732984][I][PacketQueueService.h:83] deleteQueuePacketAndPacket(): [LoRaMesher] Deleting packet queue
16:59:10.264 > [733401][V][LoraMesher.cpp:378] receivingRoutine(): [LoRaMesher] Stack space unused after entering the task: 2072
16:59:10.275 > [733411][V][LoraMesher.cpp:379] receivingRoutine(): [LoRaMesher] Free heap: 336144
16:59:10.283 > [733418][I][PacketService.cpp:12] createEmptyPacket(): [LoRaMesher] Packet created with 24 bytes
16:59:10.291 > [733427][I][LoraMesher.cpp:392] receivingRoutine(): [LoRaMesher] Receiving LoRa packet: Size: 24 bytes RSSI: -3 SNR: 13
16:59:10.302 > [733438][V][LoraMesher.cpp:647] processPackets(): [LoRaMesher] Size of Received Packets Queue: 1
16:59:10.311 > [733447][I][PacketQueueService.h:80] deleteQueuePacketAndPacket(): [LoRaMesher] Deleting packet
16:59:10.320 > [733455][I][PacketQueueService.h:83] deleteQueuePacketAndPacket(): [LoRaMesher] Deleting packet queue
16:59:10.329 > [733464][V][LoraMesher.cpp:658] processPackets(): [LoRaMesher] TESTING: Packet not for me, deleting it
16:59:10.338 > [733474][V][LoraMesher.cpp:641] processPackets(): [LoRaMesher] Stack space unused after entering the task: 2040
16:59:10.348 > [733484][V][LoraMesher.cpp:642] processPackets(): [LoRaMesher] Free heap: 336144
16:59:11.410 > [734546][V][LoraMesher.cpp:378] receivingRoutine(): [LoRaMesher] Stack space unused after entering the task: 2072
16:59:11.421 > [734557][V][LoraMesher.cpp:379] receivingRoutine(): [LoRaMesher] Free heap: 336144
16:59:11.428 > [734564][I][PacketService.cpp:12] createEmptyPacket(): [LoRaMesher] Packet created with 17 bytes
16:59:11.437 > [734573][I][LoraMesher.cpp:392] receivingRoutine(): [LoRaMesher] Receiving LoRa packet: Size: 17 bytes RSSI: -53 SNR: 12
16:59:11.448 > [734584][V][LoraMesher.cpp:647] processPackets(): [LoRaMesher] Size of Received Packets Queue: 1
16:59:11.457 > [734593][V][LoraMesher.cpp:754] printHeaderPacket(): [LoRaMesher] Packet received -- Size: 17 Src: B3F0 Dst: D110 Id: 43 Type: 2 Via: F02C Seq_Id: 0 Num: 0
16:59:11.471 > [734606][I][LoraMesher.cpp:854] processDataPacket(): [LoRaMesher] Data packet from B3F0, destination D110, via F02C
16:59:11.481 > [734617][V][LoraMesher.cpp:878] processDataPacket(): [LoRaMesher] Packet not for me, deleting it
16:59:11.489 > [734625][I][PacketQueueService.h:80] deleteQueuePacketAndPacket(): [LoRaMesher] Deleting packet
16:59:11.498 > [734634][I][PacketQueueService.h:83] deleteQueuePacketAndPacket(): [LoRaMesher] Deleting packet queue
16:59:11.507 > [734643][V][LoraMesher.cpp:641] processPackets(): [LoRaMesher] Stack space unused after entering the task: 2040
16:59:11.517 > [734653][V][LoraMesher.cpp:642] processPackets(): [LoRaMesher] Free heap: 336144
16:59:12.379 > [735515][V][LoraMesher.cpp:378] receivingRoutine(): [LoRaMesher] Stack space unused after entering the task: 2072
16:59:12.389 > [735525][V][LoraMesher.cpp:379] receivingRoutine(): [LoRaMesher] Free heap: 336144
16:59:12.397 > [735532][I][PacketService.cpp:12] createEmptyPacket(): [LoRaMesher] Packet created with 17 bytes
16:59:12.405 > [735541][I][LoraMesher.cpp:392] receivingRoutine(): [LoRaMesher] Receiving LoRa packet: Size: 17 bytes RSSI: -3 SNR: 13
16:59:12.416 > [735552][V][LoraMesher.cpp:647] processPackets(): [LoRaMesher] Size of Received Packets Queue: 1
16:59:12.425 > [735561][V][LoraMesher.cpp:754] printHeaderPacket(): [LoRaMesher] Packet received -- Size: 17 Src: B3F0 Dst: D110 Id: 43 Type: 2 Via: D110 Seq_Id: 0 Num: 0
16:59:12.439 > [735575][I][LoraMesher.cpp:854] processDataPacket(): [LoRaMesher] Data packet from B3F0, destination D110, via D110
16:59:12.449 > [735585][V][LoraMesher.cpp:878] processDataPacket(): [LoRaMesher] Packet not for me, deleting it
16:59:12.458 > [735593][I][PacketQueueService.h:80] deleteQueuePacketAndPacket(): [LoRaMesher] Deleting packet
16:59:12.466 > [735602][I][PacketQueueService.h:83] deleteQueuePacketAndPacket(): [LoRaMesher] Deleting packet queue
16:59:12.475 > [735611][V][LoraMesher.cpp:641] processPackets(): [LoRaMesher] Stack space unused after entering the task: 2040
16:59:12.485 > [735621][V][LoraMesher.cpp:642] processPackets(): [LoRaMesher] Free heap: 336144
16:59:28.269 > [751405][V][LoraMesher.cpp:378] receivingRoutine(): [LoRaMesher] Stack space unused after entering the task: 2072
16:59:28.280 > [751415][V][LoraMesher.cpp:379] receivingRoutine(): [LoRaMesher] Free heap: 336144
16:59:28.287 > [751423][I][PacketService.cpp:12] createEmptyPacket(): [LoRaMesher] Packet created with 17 bytes
16:59:28.296 > [751432][I][LoraMesher.cpp:392] receivingRoutine(): [LoRaMesher] Receiving LoRa packet: Size: 17 bytes RSSI: -10 SNR: 13
16:59:28.307 > [751443][V][LoraMesher.cpp:647] processPackets(): [LoRaMesher] Size of Received Packets Queue: 1
16:59:28.316 > [751451][V][LoraMesher.cpp:754] printHeaderPacket(): [LoRaMesher] Packet received -- Size: 17 Src: B3F0 Dst: D110 Id: 44 Type: 2 Via: DE6C Seq_Id: 0 Num: 0
16:59:28.329 > [751465][I][LoraMesher.cpp:854] processDataPacket(): [LoRaMesher] Data packet from B3F0, destination D110, via DE6C
16:59:28.340 > [751475][V][LoraMesher.cpp:872] processDataPacket(): [LoRaMesher] Data Packet from B3F0 for D110. Via is me. Forwarding it
16:59:28.350 > [751486][I][LoraMesher.cpp:1051] addToSendOrderedAndNotify(): [LoRaMesher] Added packet to Q_SP, notifying sender task
16:59:28.361 > [751497][V][LoraMesher.cpp:511] sendPackets(): [LoRaMesher] Stack space unused after entering the task: 2004
16:59:28.371 > [751506][V][LoraMesher.cpp:512] sendPackets(): [LoRaMesher] Free heap: 336048
16:59:28.378 > [751513][V][LoraMesher.cpp:518] sendPackets(): [LoRaMesher] Size of Send Packets Queue: 1
16:59:28.386 > [751521][V][LoraMesher.cpp:525] sendPackets(): [LoRaMesher] Send n. 27
16:59:28.392 > [751528][V][LoraMesher.cpp:455] waitBeforeSend(): [LoRaMesher] RandomDelay 409 ms
16:59:28.399 > [751535][V][LoraMesher.cpp:641] processPackets(): [LoRaMesher] Stack space unused after entering the task: 2040
16:59:28.409 > [751545][V][LoraMesher.cpp:642] processPackets(): [LoRaMesher] Free heap: 336076
16:59:28.807 > [751943][V][LoraMesher.cpp:754] printHeaderPacket(): [LoRaMesher] Packet send -- Size: 17 Src: B3F0 Dst: D110 Id: 44 Type: 2 Via: AFC0 Seq_Id: 0 Num: 0
16:59:28.897 > [752033][V][LoraMesher.cpp:575] sendPackets(): [LoRaMesher] TimeOnAir 63 ms, next message in 0 ms
16:59:28.906 > [752042][I][PacketQueueService.h:80] deleteQueuePacketAndPacket(): [LoRaMesher] Deleting packet
16:59:28.915 > [752050][I][PacketQueueService.h:83] deleteQueuePacketAndPacket(): [LoRaMesher] Deleting packet queue
16:59:29.608 > [752744][V][LoraMesher.cpp:378] receivingRoutine(): [LoRaMesher] Stack space unused after entering the task: 2072
16:59:29.618 > [752754][V][LoraMesher.cpp:379] receivingRoutine(): [LoRaMesher] Free heap: 336144
16:59:29.626 > [752762][I][PacketService.cpp:12] createEmptyPacket(): [LoRaMesher] Packet created with 17 bytes
16:59:29.635 > [752770][I][LoraMesher.cpp:392] receivingRoutine(): [LoRaMesher] Receiving LoRa packet: Size: 17 bytes RSSI: -53 SNR: 13
16:59:29.646 > [752782][V][LoraMesher.cpp:647] processPackets(): [LoRaMesher] Size of Received Packets Queue: 1
16:59:29.655 > [752790][V][LoraMesher.cpp:754] printHeaderPacket(): [LoRaMesher] Packet received -- Size: 17 Src: B3F0 Dst: D110 Id: 44 Type: 2 Via: F02C Seq_Id: 0 Num: 0
16:59:29.668 > [752804][I][LoraMesher.cpp:854] processDataPacket(): [LoRaMesher] Data packet from B3F0, destination D110, via F02C
16:59:29.679 > [752814][V][LoraMesher.cpp:878] processDataPacket(): [LoRaMesher] Packet not for me, deleting it
16:59:29.687 > [752823][I][PacketQueueService.h:80] deleteQueuePacketAndPacket(): [LoRaMesher] Deleting packet
16:59:29.696 > [752831][I][PacketQueueService.h:83] deleteQueuePacketAndPacket(): [LoRaMesher] Deleting packet queue
16:59:29.705 > [752840][V][LoraMesher.cpp:641] processPackets(): [LoRaMesher] Stack space unused after entering the task: 2040
16:59:29.715 > [752850][V][LoraMesher.cpp:642] processPackets(): [LoRaMesher] Free heap: 336144
16:59:30.255 > [753391][V][LoraMesher.cpp:378] receivingRoutine(): [LoRaMesher] Stack space unused after entering the task: 2072
16:59:30.266 > [753401][V][LoraMesher.cpp:379] receivingRoutine(): [LoRaMesher] Free heap: 336144
16:59:30.273 > [753409][I][PacketService.cpp:12] createEmptyPacket(): [LoRaMesher] Packet created with 17 bytes
16:59:30.282 > [753418][I][LoraMesher.cpp:392] receivingRoutine(): [LoRaMesher] Receiving LoRa packet: Size: 17 bytes RSSI: -3 SNR: 14
16:59:30.293 > [753429][V][LoraMesher.cpp:647] processPackets(): [LoRaMesher] Size of Received Packets Queue: 1
16:59:30.302 > [753437][V][LoraMesher.cpp:754] printHeaderPacket(): [LoRaMesher] Packet received -- Size: 17 Src: B3F0 Dst: D110 Id: 44 Type: 2 Via: D110 Seq_Id: 0 Num: 0
16:59:30.316 > [753451][I][LoraMesher.cpp:854] processDataPacket(): [LoRaMesher] Data packet from B3F0, destination D110, via D110
16:59:30.326 > [753461][V][LoraMesher.cpp:878] processDataPacket(): [LoRaMesher] Packet not for me, deleting it
16:59:30.334 > [753470][I][PacketQueueService.h:80] deleteQueuePacketAndPacket(): [LoRaMesher] Deleting packet
16:59:30.343 > [753478][I][PacketQueueService.h:83] deleteQueuePacketAndPacket(): [LoRaMesher] Deleting packet queue
16:59:30.352 > [753487][V][LoraMesher.cpp:641] processPackets(): [LoRaMesher] Stack space unused after entering the task: 2040
16:59:30.362 > [753497][V][LoraMesher.cpp:642] processPackets(): [LoRaMesher] Free heap: 336144
16:59:48.179 > [771316][V][LoraMesher.cpp:378] receivingRoutine(): [LoRaMesher] Stack space unused after entering the task: 2072
16:59:48.189 > [771326][V][LoraMesher.cpp:379] receivingRoutine(): [LoRaMesher] Free heap: 336144
16:59:48.197 > [771333][I][PacketService.cpp:12] createEmptyPacket(): [LoRaMesher] Packet created with 17 bytes
16:59:48.205 > [771342][I][LoraMesher.cpp:392] receivingRoutine(): [LoRaMesher] Receiving LoRa packet: Size: 17 bytes RSSI: -10 SNR: 13
16:59:48.217 > [771353][V][LoraMesher.cpp:647] processPackets(): [LoRaMesher] Size of Received Packets Queue: 1
16:59:48.225 > [771362][V][LoraMesher.cpp:754] printHeaderPacket(): [LoRaMesher] Packet received -- Size: 17 Src: B3F0 Dst: D110 Id: 45 Type: 2 Via: DE6C Seq_Id: 0 Num: 0
16:59:48.239 > [771376][I][LoraMesher.cpp:854] processDataPacket(): [LoRaMesher] Data packet from B3F0, destination D110, via DE6C
16:59:48.249 > [771386][V][LoraMesher.cpp:872] processDataPacket(): [LoRaMesher] Data Packet from B3F0 for D110. Via is me. Forwarding it
16:59:48.260 > [771397][I][LoraMesher.cpp:1051] addToSendOrderedAndNotify(): [LoRaMesher] Added packet to Q_SP, notifying sender task
16:59:48.271 > [771407][V][LoraMesher.cpp:511] sendPackets(): [LoRaMesher] Stack space unused after entering the task: 2004
16:59:48.280 > [771417][V][LoraMesher.cpp:512] sendPackets(): [LoRaMesher] Free heap: 336048
16:59:48.287 > [771424][V][LoraMesher.cpp:518] sendPackets(): [LoRaMesher] Size of Send Packets Queue: 1
16:59:48.295 > [771432][V][LoraMesher.cpp:525] sendPackets(): [LoRaMesher] Send n. 28
16:59:48.302 > [771438][V][LoraMesher.cpp:455] waitBeforeSend(): [LoRaMesher] RandomDelay 737 ms
16:59:48.309 > [771445][V][LoraMesher.cpp:641] processPackets(): [LoRaMesher] Stack space unused after entering the task: 2040
16:59:48.319 > [771455][V][LoraMesher.cpp:642] processPackets(): [LoRaMesher] Free heap: 336076
16:59:49.046 > [772182][V][LoraMesher.cpp:754] printHeaderPacket(): [LoRaMesher] Packet send -- Size: 17 Src: B3F0 Dst: D110 Id: 45 Type: 2 Via: AFC0 Seq_Id: 0 Num: 0
16:59:49.135 > [772272][V][LoraMesher.cpp:575] sendPackets(): [LoRaMesher] TimeOnAir 63 ms, next message in 0 ms
16:59:49.145 > [772281][I][PacketQueueService.h:80] deleteQueuePacketAndPacket(): [LoRaMesher] Deleting packet
16:59:49.153 > [772289][I][PacketQueueService.h:83] deleteQueuePacketAndPacket(): [LoRaMesher] Deleting packet queue
16:59:49.865 > [773001][V][LoraMesher.cpp:378] receivingRoutine(): [LoRaMesher] Stack space unused after entering the task: 2072
16:59:49.875 > [773012][V][LoraMesher.cpp:379] receivingRoutine(): [LoRaMesher] Free heap: 336144
16:59:49.883 > [773019][I][PacketService.cpp:12] createEmptyPacket(): [LoRaMesher] Packet created with 17 bytes
16:59:49.891 > [773028][I][LoraMesher.cpp:392] receivingRoutine(): [LoRaMesher] Receiving LoRa packet: Size: 17 bytes RSSI: -54 SNR: 13
16:59:49.902 > [773039][V][LoraMesher.cpp:647] processPackets(): [LoRaMesher] Size of Received Packets Queue: 1
16:59:49.911 > [773048][V][LoraMesher.cpp:754] printHeaderPacket(): [LoRaMesher] Packet received -- Size: 17 Src: B3F0 Dst: D110 Id: 45 Type: 2 Via: F02C Seq_Id: 0 Num: 0
16:59:49.925 > [773061][I][LoraMesher.cpp:854] processDataPacket(): [LoRaMesher] Data packet from B3F0, destination D110, via F02C
16:59:49.935 > [773072][V][LoraMesher.cpp:878] processDataPacket(): [LoRaMesher] Packet not for me, deleting it
16:59:49.944 > [773080][I][PacketQueueService.h:80] deleteQueuePacketAndPacket(): [LoRaMesher] Deleting packet
16:59:49.952 > [773089][I][PacketQueueService.h:83] deleteQueuePacketAndPacket(): [LoRaMesher] Deleting packet queue
16:59:49.961 > [773098][V][LoraMesher.cpp:641] processPackets(): [LoRaMesher] Stack space unused after entering the task: 2040
16:59:49.971 > [773108][V][LoraMesher.cpp:642] processPackets(): [LoRaMesher] Free heap: 336144
16:59:50.353 > [773490][V][LoraMesher.cpp:378] receivingRoutine(): [LoRaMesher] Stack space unused after entering the task: 2072
16:59:50.363 > [773500][V][LoraMesher.cpp:379] receivingRoutine(): [LoRaMesher] Free heap: 336144
16:59:50.371 > [773507][I][PacketService.cpp:12] createEmptyPacket(): [LoRaMesher] Packet created with 17 bytes
16:59:50.380 > [773516][I][LoraMesher.cpp:392] receivingRoutine(): [LoRaMesher] Receiving LoRa packet: Size: 17 bytes RSSI: -3 SNR: 12
16:59:50.391 > [773527][V][LoraMesher.cpp:647] processPackets(): [LoRaMesher] Size of Received Packets Queue: 1
16:59:50.399 > [773536][V][LoraMesher.cpp:754] printHeaderPacket(): [LoRaMesher] Packet received -- Size: 17 Src: B3F0 Dst: D110 Id: 45 Type: 2 Via: D110 Seq_Id: 0 Num: 0
16:59:50.413 > [773550][I][LoraMesher.cpp:854] processDataPacket(): [LoRaMesher] Data packet from B3F0, destination D110, via D110
16:59:50.423 > [773560][V][LoraMesher.cpp:878] processDataPacket(): [LoRaMesher] Packet not for me, deleting it
16:59:50.432 > [773568][I][PacketQueueService.h:80] deleteQueuePacketAndPacket(): [LoRaMesher] Deleting packet
16:59:50.440 > [773577][I][PacketQueueService.h:83] deleteQueuePacketAndPacket(): [LoRaMesher] Deleting packet queue
16:59:50.450 > [773586][V][LoraMesher.cpp:641] processPackets(): [LoRaMesher] Stack space unused after entering the task: 2040
16:59:50.459 > [773596][V][LoraMesher.cpp:642] processPackets(): [LoRaMesher] Free heap: 336144
17:00:08.896 > [792033][V][LoraMesher.cpp:378] receivingRoutine(): [LoRaMesher] Stack space unused after entering the task: 2072
17:00:08.907 > [792043][V][LoraMesher.cpp:379] receivingRoutine(): [LoRaMesher] Free heap: 336144
17:00:08.914 > [792051][I][PacketService.cpp:12] createEmptyPacket(): [LoRaMesher] Packet created with 17 bytes
17:00:08.923 > [792059][I][LoraMesher.cpp:392] receivingRoutine(): [LoRaMesher] Receiving LoRa packet: Size: 17 bytes RSSI: -10 SNR: 13
17:00:08.934 > [792070][V][LoraMesher.cpp:647] processPackets(): [LoRaMesher] Size of Received Packets Queue: 1
17:00:08.943 > [792079][V][LoraMesher.cpp:754] printHeaderPacket(): [LoRaMesher] Packet received -- Size: 17 Src: B3F0 Dst: D110 Id: 46 Type: 2 Via: DE6C Seq_Id: 0 Num: 0
17:00:08.957 > [792093][I][LoraMesher.cpp:854] processDataPacket(): [LoRaMesher] Data packet from B3F0, destination D110, via DE6C
17:00:08.967 > [792103][V][LoraMesher.cpp:872] processDataPacket(): [LoRaMesher] Data Packet from B3F0 for D110. Via is me. Forwarding it
17:00:08.978 > [792114][I][LoraMesher.cpp:1051] addToSendOrderedAndNotify(): [LoRaMesher] Added packet to Q_SP, notifying sender task
17:00:08.988 > [792124][V][LoraMesher.cpp:511] sendPackets(): [LoRaMesher] Stack space unused after entering the task: 2004
17:00:08.998 > [792134][V][LoraMesher.cpp:512] sendPackets(): [LoRaMesher] Free heap: 336048
17:00:09.005 > [792141][V][LoraMesher.cpp:518] sendPackets(): [LoRaMesher] Size of Send Packets Queue: 1
17:00:09.013 > [792149][V][LoraMesher.cpp:525] sendPackets(): [LoRaMesher] Send n. 29
17:00:09.019 > [792155][V][LoraMesher.cpp:455] waitBeforeSend(): [LoRaMesher] RandomDelay 690 ms
17:00:09.026 > [792163][V][LoraMesher.cpp:641] processPackets(): [LoRaMesher] Stack space unused after entering the task: 2040
17:00:09.036 > [792173][V][LoraMesher.cpp:642] processPackets(): [LoRaMesher] Free heap: 336076
17:00:09.715 > [792852][V][LoraMesher.cpp:754] printHeaderPacket(): [LoRaMesher] Packet send -- Size: 17 Src: B3F0 Dst: D110 Id: 46 Type: 2 Via: AFC0 Seq_Id: 0 Num: 0
17:00:09.805 > [792942][V][LoraMesher.cpp:575] sendPackets(): [LoRaMesher] TimeOnAir 63 ms, next message in 0 ms
17:00:09.814 > [792951][I][PacketQueueService.h:80] deleteQueuePacketAndPacket(): [LoRaMesher] Deleting packet
17:00:09.823 > [792959][I][PacketQueueService.h:83] deleteQueuePacketAndPacket(): [LoRaMesher] Deleting packet queue
17:00:10.275 > [793412][V][LoraMesher.cpp:378] receivingRoutine(): [LoRaMesher] Stack space unused after entering the task: 2072
17:00:10.286 > [793422][V][LoraMesher.cpp:379] receivingRoutine(): [LoRaMesher] Free heap: 336144
17:00:10.293 > [793429][I][PacketService.cpp:12] createEmptyPacket(): [LoRaMesher] Packet created with 17 bytes
17:00:10.302 > [793438][I][LoraMesher.cpp:392] receivingRoutine(): [LoRaMesher] Receiving LoRa packet: Size: 17 bytes RSSI: -53 SNR: 12
17:00:10.313 > [793449][V][LoraMesher.cpp:647] processPackets(): [LoRaMesher] Size of Received Packets Queue: 1
17:00:10.322 > [793458][V][LoraMesher.cpp:754] printHeaderPacket(): [LoRaMesher] Packet received -- Size: 17 Src: B3F0 Dst: D110 Id: 46 Type: 2 Via: F02C Seq_Id: 0 Num: 0
17:00:10.335 > [793472][I][LoraMesher.cpp:854] processDataPacket(): [LoRaMesher] Data packet from B3F0, destination D110, via F02C
17:00:10.346 > [793482][V][LoraMesher.cpp:878] processDataPacket(): [LoRaMesher] Packet not for me, deleting it
17:00:10.354 > [793491][I][PacketQueueService.h:80] deleteQueuePacketAndPacket(): [LoRaMesher] Deleting packet
17:00:10.363 > [793499][I][PacketQueueService.h:83] deleteQueuePacketAndPacket(): [LoRaMesher] Deleting packet queue
17:00:10.372 > [793508][V][LoraMesher.cpp:641] processPackets(): [LoRaMesher] Stack space unused after entering the task: 2040
17:00:10.382 > [793518][V][LoraMesher.cpp:642] processPackets(): [LoRaMesher] Free heap: 336144
17:00:11.004 > [794140][V][LoraMesher.cpp:378] receivingRoutine(): [LoRaMesher] Stack space unused after entering the task: 2072
17:00:11.014 > [794150][V][LoraMesher.cpp:379] receivingRoutine(): [LoRaMesher] Free heap: 336144
17:00:11.022 > [794158][I][PacketService.cpp:12] createEmptyPacket(): [LoRaMesher] Packet created with 17 bytes
17:00:11.030 > [794167][I][LoraMesher.cpp:392] receivingRoutine(): [LoRaMesher] Receiving LoRa packet: Size: 17 bytes RSSI: -3 SNR: 13
17:00:11.041 > [794178][V][LoraMesher.cpp:647] processPackets(): [LoRaMesher] Size of Received Packets Queue: 1
17:00:11.050 > [794186][V][LoraMesher.cpp:754] printHeaderPacket(): [LoRaMesher] Packet received -- Size: 17 Src: B3F0 Dst: D110 Id: 46 Type: 2 Via: D110 Seq_Id: 0 Num: 0
17:00:11.064 > [794200][I][LoraMesher.cpp:854] processDataPacket(): [LoRaMesher] Data packet from B3F0, destination D110, via D110
17:00:11.074 > [794210][V][LoraMesher.cpp:878] processDataPacket(): [LoRaMesher] Packet not for me, deleting it
17:00:11.083 > [794219][I][PacketQueueService.h:80] deleteQueuePacketAndPacket(): [LoRaMesher] Deleting packet
17:00:11.091 > [794227][I][PacketQueueService.h:83] deleteQueuePacketAndPacket(): [LoRaMesher] Deleting packet queue
17:00:11.100 > [794236][V][LoraMesher.cpp:641] processPackets(): [LoRaMesher] Stack space unused after entering the task: 2040
17:00:11.110 > [794246][V][LoraMesher.cpp:642] processPackets(): [LoRaMesher] Free heap: 336144
17:00:28.791 > [811927][V][LoraMesher.cpp:378] receivingRoutine(): [LoRaMesher] Stack space unused after entering the task: 2072
17:00:28.801 > [811937][V][LoraMesher.cpp:379] receivingRoutine(): [LoRaMesher] Free heap: 336144
17:00:28.809 > [811945][I][PacketService.cpp:12] createEmptyPacket(): [LoRaMesher] Packet created with 17 bytes
17:00:28.818 > [811954][I][LoraMesher.cpp:392] receivingRoutine(): [LoRaMesher] Receiving LoRa packet: Size: 17 bytes RSSI: -11 SNR: 13
17:00:28.829 > [811965][V][LoraMesher.cpp:647] processPackets(): [LoRaMesher] Size of Received Packets Queue: 1
17:00:28.837 > [811973][V][LoraMesher.cpp:754] printHeaderPacket(): [LoRaMesher] Packet received -- Size: 17 Src: B3F0 Dst: D110 Id: 47 Type: 2 Via: DE6C Seq_Id: 0 Num: 0
17:00:28.851 > [811987][I][LoraMesher.cpp:854] processDataPacket(): [LoRaMesher] Data packet from B3F0, destination D110, via DE6C
17:00:28.861 > [811998][V][LoraMesher.cpp:872] processDataPacket(): [LoRaMesher] Data Packet from B3F0 for D110. Via is me. Forwarding it
17:00:28.872 > [812008][I][LoraMesher.cpp:1051] addToSendOrderedAndNotify(): [LoRaMesher] Added packet to Q_SP, notifying sender task
17:00:28.883 > [812019][V][LoraMesher.cpp:511] sendPackets(): [LoRaMesher] Stack space unused after entering the task: 2004
17:00:28.892 > [812029][V][LoraMesher.cpp:512] sendPackets(): [LoRaMesher] Free heap: 336048
17:00:28.899 > [812036][V][LoraMesher.cpp:518] sendPackets(): [LoRaMesher] Size of Send Packets Queue: 1
17:00:28.907 > [812043][V][LoraMesher.cpp:525] sendPackets(): [LoRaMesher] Send n. 30
17:00:28.914 > [812050][V][LoraMesher.cpp:455] waitBeforeSend(): [LoRaMesher] RandomDelay 566 ms
17:00:28.921 > [812057][V][LoraMesher.cpp:641] processPackets(): [LoRaMesher] Stack space unused after entering the task: 2040
17:00:28.931 > [812067][V][LoraMesher.cpp:642] processPackets(): [LoRaMesher] Free heap: 336076
17:00:29.486 > [812623][V][LoraMesher.cpp:754] printHeaderPacket(): [LoRaMesher] Packet send -- Size: 17 Src: B3F0 Dst: D110 Id: 47 Type: 2 Via: AFC0 Seq_Id: 0 Num: 0
17:00:29.576 > [812713][V][LoraMesher.cpp:575] sendPackets(): [LoRaMesher] TimeOnAir 63 ms, next message in 0 ms
17:00:29.586 > [812722][I][PacketQueueService.h:80] deleteQueuePacketAndPacket(): [LoRaMesher] Deleting packet
17:00:29.594 > [812730][I][PacketQueueService.h:83] deleteQueuePacketAndPacket(): [LoRaMesher] Deleting packet queue
17:00:30.589 > [813725][V][LoraMesher.cpp:378] receivingRoutine(): [LoRaMesher] Stack space unused after entering the task: 2072
17:00:30.599 > [813735][V][LoraMesher.cpp:379] receivingRoutine(): [LoRaMesher] Free heap: 336144
17:00:30.607 > [813743][I][PacketService.cpp:12] createEmptyPacket(): [LoRaMesher] Packet created with 17 bytes
17:00:30.615 > [813752][I][LoraMesher.cpp:392] receivingRoutine(): [LoRaMesher] Receiving LoRa packet: Size: 17 bytes RSSI: -53 SNR: 13
17:00:30.627 > [813763][V][LoraMesher.cpp:647] processPackets(): [LoRaMesher] Size of Received Packets Queue: 1
17:00:30.635 > [813771][V][LoraMesher.cpp:754] printHeaderPacket(): [LoRaMesher] Packet received -- Size: 17 Src: B3F0 Dst: D110 Id: 47 Type: 2 Via: F02C Seq_Id: 0 Num: 0
17:00:30.649 > [813785][I][LoraMesher.cpp:854] processDataPacket(): [LoRaMesher] Data packet from B3F0, destination D110, via F02C
17:00:30.659 > [813795][V][LoraMesher.cpp:878] processDataPacket(): [LoRaMesher] Packet not for me, deleting it
17:00:30.668 > [813804][I][PacketQueueService.h:80] deleteQueuePacketAndPacket(): [LoRaMesher] Deleting packet
17:00:30.676 > [813812][I][PacketQueueService.h:83] deleteQueuePacketAndPacket(): [LoRaMesher] Deleting packet queue
17:00:30.685 > [813821][V][LoraMesher.cpp:641] processPackets(): [LoRaMesher] Stack space unused after entering the task: 2040
17:00:30.695 > [813831][V][LoraMesher.cpp:642] processPackets(): [LoRaMesher] Free heap: 336144
17:00:31.394 > [814531][V][LoraMesher.cpp:378] receivingRoutine(): [LoRaMesher] Stack space unused after entering the task: 2072
17:00:31.405 > [814541][V][LoraMesher.cpp:379] receivingRoutine(): [LoRaMesher] Free heap: 336144
17:00:31.412 > [814548][I][PacketService.cpp:12] createEmptyPacket(): [LoRaMesher] Packet created with 17 bytes
17:00:31.421 > [814557][I][LoraMesher.cpp:392] receivingRoutine(): [LoRaMesher] Receiving LoRa packet: Size: 17 bytes RSSI: -3 SNR: 12
17:00:31.432 > [814568][V][LoraMesher.cpp:647] processPackets(): [LoRaMesher] Size of Received Packets Queue: 1
17:00:31.441 > [814577][V][LoraMesher.cpp:754] printHeaderPacket(): [LoRaMesher] Packet received -- Size: 17 Src: B3F0 Dst: D110 Id: 47 Type: 2 Via: D110 Seq_Id: 0 Num: 0
17:00:31.454 > [814591][I][LoraMesher.cpp:854] processDataPacket(): [LoRaMesher] Data packet from B3F0, destination D110, via D110
17:00:31.465 > [814601][V][LoraMesher.cpp:878] processDataPacket(): [LoRaMesher] Packet not for me, deleting it
17:00:31.473 > [814609][I][PacketQueueService.h:80] deleteQueuePacketAndPacket(): [LoRaMesher] Deleting packet
17:00:31.482 > [814618][I][PacketQueueService.h:83] deleteQueuePacketAndPacket(): [LoRaMesher] Deleting packet queue
17:00:31.491 > [814627][V][LoraMesher.cpp:641] processPackets(): [LoRaMesher] Stack space unused after entering the task: 2040
17:00:31.501 > [814637][V][LoraMesher.cpp:642] processPackets(): [LoRaMesher] Free heap: 336144
17:00:48.536 > [831673][V][LoraMesher.cpp:378] receivingRoutine(): [LoRaMesher] Stack space unused after entering the task: 2072
17:00:48.547 > [831683][V][LoraMesher.cpp:379] receivingRoutine(): [LoRaMesher] Free heap: 336144
17:00:48.554 > [831690][I][PacketService.cpp:12] createEmptyPacket(): [LoRaMesher] Packet created with 17 bytes
17:00:48.563 > [831699][I][LoraMesher.cpp:392] receivingRoutine(): [LoRaMesher] Receiving LoRa packet: Size: 17 bytes RSSI: -10 SNR: 13
17:00:48.574 > [831710][V][LoraMesher.cpp:647] processPackets(): [LoRaMesher] Size of Received Packets Queue: 1
17:00:48.583 > [831719][V][LoraMesher.cpp:754] printHeaderPacket(): [LoRaMesher] Packet received -- Size: 17 Src: B3F0 Dst: D110 Id: 48 Type: 2 Via: DE6C Seq_Id: 0 Num: 0
17:00:48.597 > [831733][I][LoraMesher.cpp:854] processDataPacket(): [LoRaMesher] Data packet from B3F0, destination D110, via DE6C
17:00:48.607 > [831743][V][LoraMesher.cpp:872] processDataPacket(): [LoRaMesher] Data Packet from B3F0 for D110. Via is me. Forwarding it
17:00:48.618 > [831754][I][LoraMesher.cpp:1051] addToSendOrderedAndNotify(): [LoRaMesher] Added packet to Q_SP, notifying sender task
17:00:48.628 > [831764][V][LoraMesher.cpp:511] sendPackets(): [LoRaMesher] Stack space unused after entering the task: 2004
17:00:48.638 > [831774][V][LoraMesher.cpp:512] sendPackets(): [LoRaMesher] Free heap: 336048
17:00:48.645 > [831781][V][LoraMesher.cpp:518] sendPackets(): [LoRaMesher] Size of Send Packets Queue: 1
17:00:48.653 > [831789][V][LoraMesher.cpp:525] sendPackets(): [LoRaMesher] Send n. 31
17:00:48.659 > [831795][V][LoraMesher.cpp:455] waitBeforeSend(): [LoRaMesher] RandomDelay 639 ms
17:00:48.667 > [831803][V][LoraMesher.cpp:641] processPackets(): [LoRaMesher] Stack space unused after entering the task: 2040
17:00:48.676 > [831812][V][LoraMesher.cpp:642] processPackets(): [LoRaMesher] Free heap: 336076
17:00:49.304 > [832441][V][LoraMesher.cpp:754] printHeaderPacket(): [LoRaMesher] Packet send -- Size: 17 Src: B3F0 Dst: D110 Id: 48 Type: 2 Via: AFC0 Seq_Id: 0 Num: 0
17:00:49.394 > [832531][V][LoraMesher.cpp:575] sendPackets(): [LoRaMesher] TimeOnAir 63 ms, next message in 0 ms
17:00:49.404 > [832540][I][PacketQueueService.h:80] deleteQueuePacketAndPacket(): [LoRaMesher] Deleting packet
17:00:49.412 > [832548][I][PacketQueueService.h:83] deleteQueuePacketAndPacket(): [LoRaMesher] Deleting packet queue
17:00:50.256 > [833393][V][LoraMesher.cpp:378] receivingRoutine(): [LoRaMesher] Stack space unused after entering the task: 2072
17:00:50.267 > [833403][V][LoraMesher.cpp:379] receivingRoutine(): [LoRaMesher] Free heap: 336144
17:00:50.274 > [833410][I][PacketService.cpp:12] createEmptyPacket(): [LoRaMesher] Packet created with 17 bytes
17:00:50.283 > [833419][I][LoraMesher.cpp:392] receivingRoutine(): [LoRaMesher] Receiving LoRa packet: Size: 17 bytes RSSI: -53 SNR: 12
17:00:50.294 > [833430][V][LoraMesher.cpp:647] processPackets(): [LoRaMesher] Size of Received Packets Queue: 1
17:00:50.303 > [833439][V][LoraMesher.cpp:754] printHeaderPacket(): [LoRaMesher] Packet received -- Size: 17 Src: B3F0 Dst: D110 Id: 48 Type: 2 Via: F02C Seq_Id: 0 Num: 0
17:00:50.317 > [833453][I][LoraMesher.cpp:854] processDataPacket(): [LoRaMesher] Data packet from B3F0, destination D110, via F02C
17:00:50.327 > [833463][V][LoraMesher.cpp:878] processDataPacket(): [LoRaMesher] Packet not for me, deleting it
17:00:50.335 > [833471][I][PacketQueueService.h:80] deleteQueuePacketAndPacket(): [LoRaMesher] Deleting packet
17:00:50.344 > [833480][I][PacketQueueService.h:83] deleteQueuePacketAndPacket(): [LoRaMesher] Deleting packet queue
17:00:50.353 > [833489][V][LoraMesher.cpp:641] processPackets(): [LoRaMesher] Stack space unused after entering the task: 2040
17:00:50.363 > [833499][V][LoraMesher.cpp:642] processPackets(): [LoRaMesher] Free heap: 336144
17:00:51.408 > [834545][V][LoraMesher.cpp:378] receivingRoutine(): [LoRaMesher] Stack space unused after entering the task: 2072
17:00:51.419 > [834555][V][LoraMesher.cpp:379] receivingRoutine(): [LoRaMesher] Free heap: 336144
17:00:51.427 > [834563][I][PacketService.cpp:12] createEmptyPacket(): [LoRaMesher] Packet created with 17 bytes
17:00:51.436 > [834572][I][LoraMesher.cpp:392] receivingRoutine(): [LoRaMesher] Receiving LoRa packet: Size: 17 bytes RSSI: -3 SNR: 13
17:00:51.447 > [834583][V][LoraMesher.cpp:647] processPackets(): [LoRaMesher] Size of Received Packets Queue: 1
17:00:51.455 > [834591][V][LoraMesher.cpp:754] printHeaderPacket(): [LoRaMesher] Packet received -- Size: 17 Src: B3F0 Dst: D110 Id: 48 Type: 2 Via: D110 Seq_Id: 0 Num: 0
17:00:51.469 > [834605][I][LoraMesher.cpp:854] processDataPacket(): [LoRaMesher] Data packet from B3F0, destination D110, via D110
17:00:51.479 > [834615][V][LoraMesher.cpp:878] processDataPacket(): [LoRaMesher] Packet not for me, deleting it
17:00:51.488 > [834624][I][PacketQueueService.h:80] deleteQueuePacketAndPacket(): [LoRaMesher] Deleting packet
17:00:51.496 > [834632][I][PacketQueueService.h:83] deleteQueuePacketAndPacket(): [LoRaMesher] Deleting packet queue
17:00:51.505 > [834641][V][LoraMesher.cpp:641] processPackets(): [LoRaMesher] Stack space unused after entering the task: 2040
17:00:51.515 > [834651][V][LoraMesher.cpp:642] processPackets(): [LoRaMesher] Free heap: 336144
17:01:05.219 > [848356][V][LoraMesher.cpp:598] sendHelloPacket(): [LoRaMesher] Creating Routing Packet
17:01:05.228 > [848364][V][LoraMesher.cpp:599] sendHelloPacket(): [LoRaMesher] Stack space unused after entering the task: 2328
17:01:05.238 > [848374][V][LoraMesher.cpp:600] sendHelloPacket(): [LoRaMesher] Free heap: 336144
17:01:05.245 > [848381][V][PacketFactory.h:45] createPacket(): [LoRaMesher] Creating packet with 24 bytes
17:01:05.253 > [848389][I][PacketFactory.h:74] createPacket(): [LoRaMesher] Packet created with 24 bytes
17:01:05.261 > [848397][I][LoraMesher.h:659] setPackedForSend(): [LoRaMesher] Adding packet to Q_SP
17:01:05.269 > [848405][I][LoraMesher.h:661] setPackedForSend(): [LoRaMesher] Created packet to Q_SP
17:01:05.276 > [848412][I][LoraMesher.cpp:1051] addToSendOrderedAndNotify(): [LoRaMesher] Added packet to Q_SP, notifying sender task
17:01:05.286 > [848423][V][LoraMesher.cpp:511] sendPackets(): [LoRaMesher] Stack space unused after entering the task: 2004
17:01:05.296 > [848433][V][LoraMesher.cpp:512] sendPackets(): [LoRaMesher] Free heap: 336044
17:01:05.304 > [848440][V][LoraMesher.cpp:518] sendPackets(): [LoRaMesher] Size of Send Packets Queue: 1
17:01:05.311 > [848448][V][LoraMesher.cpp:525] sendPackets(): [LoRaMesher] Send n. 32
17:01:05.317 > [848454][V][LoraMesher.cpp:455] waitBeforeSend(): [LoRaMesher] RandomDelay 507 ms
17:01:05.832 > [848968][V][LoraMesher.cpp:754] printHeaderPacket(): [LoRaMesher] Packet send -- Size: 24 Src: DE6C Dst: FFFF Id: 7 Type: 4 Via: 0 Seq_Id: 0 Num: 0
17:01:05.935 > [849072][V][LoraMesher.cpp:575] sendPackets(): [LoRaMesher] TimeOnAir 78 ms, next message in 0 ms
17:01:05.944 > [849081][I][PacketQueueService.h:80] deleteQueuePacketAndPacket(): [LoRaMesher] Deleting packet
17:01:05.953 > [849089][I][PacketQueueService.h:83] deleteQueuePacketAndPacket(): [LoRaMesher] Deleting packet queue
17:01:06.745 > [849881][V][LoraMesher.cpp:378] receivingRoutine(): [LoRaMesher] Stack space unused after entering the task: 2072
17:01:06.754 > [849891][V][LoraMesher.cpp:379] receivingRoutine(): [LoRaMesher] Free heap: 336144
17:01:06.762 > [849899][I][PacketService.cpp:12] createEmptyPacket(): [LoRaMesher] Packet created with 24 bytes
17:01:06.771 > [849907][I][LoraMesher.cpp:392] receivingRoutine(): [LoRaMesher] Receiving LoRa packet: Size: 24 bytes RSSI: -53 SNR: 13
17:01:06.782 > [849919][V][LoraMesher.cpp:647] processPackets(): [LoRaMesher] Size of Received Packets Queue: 1
17:01:06.791 > [849927][V][LoraMesher.cpp:754] printHeaderPacket(): [LoRaMesher] Packet received -- Size: 24 Src: AFC0 Dst: FFFF Id: 8 Type: 4 Via: 0 Seq_Id: 0 Num: 0
17:01:06.804 > [849941][I][RoutingTableService.cpp:77] processRoute(): [LoRaMesher] Route packet from AFC0 with size 4
17:01:06.813 > [849950][I][RoutingTableService.cpp:99] resetReceiveSNRRoutePacket(): [LoRaMesher] Reset Receive SNR from AFC0: 13
17:01:06.823 > [849960][I][RoutingTableService.cpp:192] printRoutingTable(): [LoRaMesher] Current routing table:
17:01:06.833 > [849969][I][RoutingTableService.cpp:206] printRoutingTable(): [LoRaMesher] 0 - AFC0 via AFC0 metric 1 Role 0
17:01:06.842 > [849978][I][RoutingTableService.cpp:206] printRoutingTable(): [LoRaMesher] 1 - F02C via AFC0 metric 2 Role 0
17:01:06.851 > [849988][I][RoutingTableService.cpp:206] printRoutingTable(): [LoRaMesher] 2 - B3F0 via B3F0 metric 1 Role 0
17:01:06.861 > [849998][I][RoutingTableService.cpp:206] printRoutingTable(): [LoRaMesher] 3 - D110 via AFC0 metric 3 Role 1
17:01:06.871 > [850007][I][PacketQueueService.h:80] deleteQueuePacketAndPacket(): [LoRaMesher] Deleting packet
17:01:06.879 > [850016][I][PacketQueueService.h:83] deleteQueuePacketAndPacket(): [LoRaMesher] Deleting packet queue
17:01:06.888 > [850025][V][LoraMesher.cpp:641] processPackets(): [LoRaMesher] Stack space unused after entering the task: 2040
17:01:06.898 > [850035][V][LoraMesher.cpp:642] processPackets(): [LoRaMesher] Free heap: 336144
17:01:07.812 > [850949][V][LoraMesher.cpp:378] receivingRoutine(): [LoRaMesher] Stack space unused after entering the task: 2072
17:01:07.823 > [850959][V][LoraMesher.cpp:379] receivingRoutine(): [LoRaMesher] Free heap: 336144
17:01:07.830 > [850966][I][PacketService.cpp:12] createEmptyPacket(): [LoRaMesher] Packet created with 24 bytes
17:01:07.838 > [850975][I][LoraMesher.cpp:392] receivingRoutine(): [LoRaMesher] Receiving LoRa packet: Size: 24 bytes RSSI: -6 SNR: 12
17:01:07.850 > [850986][V][LoraMesher.cpp:647] processPackets(): [LoRaMesher] Size of Received Packets Queue: 1
17:01:07.858 > [850995][I][PacketQueueService.h:80] deleteQueuePacketAndPacket(): [LoRaMesher] Deleting packet
17:01:07.868 > [851003][I][PacketQueueService.h:83] deleteQueuePacketAndPacket(): [LoRaMesher] Deleting packet queue
17:01:07.877 > [851012][V][LoraMesher.cpp:658] processPackets(): [LoRaMesher] TESTING: Packet not for me, deleting it
17:01:07.885 > [851022][V][LoraMesher.cpp:641] processPackets(): [LoRaMesher] Stack space unused after entering the task: 2040
17:01:07.896 > [851032][V][LoraMesher.cpp:642] processPackets(): [LoRaMesher] Free heap: 336144
17:01:09.288 > [852425][V][LoraMesher.cpp:378] receivingRoutine(): [LoRaMesher] Stack space unused after entering the task: 2072
17:01:09.299 > [852435][V][LoraMesher.cpp:379] receivingRoutine(): [LoRaMesher] Free heap: 336144
17:01:09.306 > [852443][I][PacketService.cpp:12] createEmptyPacket(): [LoRaMesher] Packet created with 24 bytes
17:01:09.315 > [852452][I][LoraMesher.cpp:392] receivingRoutine(): [LoRaMesher] Receiving LoRa packet: Size: 24 bytes RSSI: -10 SNR: 13
17:01:09.326 > [852463][V][LoraMesher.cpp:647] processPackets(): [LoRaMesher] Size of Received Packets Queue: 1
17:01:09.335 > [852471][V][LoraMesher.cpp:754] printHeaderPacket(): [LoRaMesher] Packet received -- Size: 24 Src: B3F0 Dst: FFFF Id: 49 Type: 4 Via: 0 Seq_Id: 0 Num: 0
17:01:09.348 > [852485][I][RoutingTableService.cpp:77] processRoute(): [LoRaMesher] Route packet from B3F0 with size 4
17:01:09.357 > [852494][I][RoutingTableService.cpp:99] resetReceiveSNRRoutePacket(): [LoRaMesher] Reset Receive SNR from B3F0: 13
17:01:09.368 > [852504][I][RoutingTableService.cpp:192] printRoutingTable(): [LoRaMesher] Current routing table:
17:01:09.376 > [852513][I][RoutingTableService.cpp:206] printRoutingTable(): [LoRaMesher] 0 - AFC0 via AFC0 metric 1 Role 0
17:01:09.386 > [852523][I][RoutingTableService.cpp:206] printRoutingTable(): [LoRaMesher] 1 - F02C via AFC0 metric 2 Role 0
17:01:09.396 > [852532][I][RoutingTableService.cpp:206] printRoutingTable(): [LoRaMesher] 2 - B3F0 via B3F0 metric 1 Role 0
17:01:09.405 > [852542][I][RoutingTableService.cpp:206] printRoutingTable(): [LoRaMesher] 3 - D110 via AFC0 metric 3 Role 1
17:01:09.415 > [852552][I][PacketQueueService.h:80] deleteQueuePacketAndPacket(): [LoRaMesher] Deleting packet
17:01:09.423 > [852560][I][PacketQueueService.h:83] deleteQueuePacketAndPacket(): [LoRaMesher] Deleting packet queue
17:01:09.432 > [852569][V][LoraMesher.cpp:641] processPackets(): [LoRaMesher] Stack space unused after entering the task: 2040
17:01:09.442 > [852579][V][LoraMesher.cpp:642] processPackets(): [LoRaMesher] Free heap: 336144
17:01:10.216 > [853353][V][LoraMesher.cpp:378] receivingRoutine(): [LoRaMesher] Stack space unused after entering the task: 2072
17:01:10.227 > [853363][V][LoraMesher.cpp:379] receivingRoutine(): [LoRaMesher] Free heap: 336144
17:01:10.234 > [853371][I][PacketService.cpp:12] createEmptyPacket(): [LoRaMesher] Packet created with 17 bytes
17:01:10.243 > [853379][I][LoraMesher.cpp:392] receivingRoutine(): [LoRaMesher] Receiving LoRa packet: Size: 17 bytes RSSI: -11 SNR: 13
17:01:10.254 > [853391][V][LoraMesher.cpp:647] processPackets(): [LoRaMesher] Size of Received Packets Queue: 1
17:01:10.263 > [853399][V][LoraMesher.cpp:754] printHeaderPacket(): [LoRaMesher] Packet received -- Size: 17 Src: B3F0 Dst: D110 Id: 50 Type: 2 Via: DE6C Seq_Id: 0 Num: 0
17:01:10.276 > [853413][I][LoraMesher.cpp:854] processDataPacket(): [LoRaMesher] Data packet from B3F0, destination D110, via DE6C
17:01:10.287 > [853423][V][LoraMesher.cpp:872] processDataPacket(): [LoRaMesher] Data Packet from B3F0 for D110. Via is me. Forwarding it
17:01:10.297 > [853434][I][LoraMesher.cpp:1051] addToSendOrderedAndNotify(): [LoRaMesher] Added packet to Q_SP, notifying sender task
17:01:10.308 > [853445][V][LoraMesher.cpp:511] sendPackets(): [LoRaMesher] Stack space unused after entering the task: 2004
17:01:10.318 > [853454][V][LoraMesher.cpp:512] sendPackets(): [LoRaMesher] Free heap: 336048
17:01:10.324 > [853461][V][LoraMesher.cpp:518] sendPackets(): [LoRaMesher] Size of Send Packets Queue: 1
17:01:10.332 > [853469][V][LoraMesher.cpp:525] sendPackets(): [LoRaMesher] Send n. 33
17:01:10.339 > [853476][V][LoraMesher.cpp:455] waitBeforeSend(): [LoRaMesher] RandomDelay 857 ms
17:01:10.346 > [853483][V][LoraMesher.cpp:641] processPackets(): [LoRaMesher] Stack space unused after entering the task: 2040
17:01:10.356 > [853493][V][LoraMesher.cpp:642] processPackets(): [LoRaMesher] Free heap: 336076
17:01:11.030 > [854167][V][LoraMesher.cpp:378] receivingRoutine(): [LoRaMesher] Stack space unused after entering the task: 2072
17:01:11.040 > [854177][V][LoraMesher.cpp:379] receivingRoutine(): [LoRaMesher] Free heap: 336076
17:01:11.047 > [854184][I][PacketService.cpp:12] createEmptyPacket(): [LoRaMesher] Packet created with 24 bytes
17:01:11.056 > [854193][I][LoraMesher.cpp:392] receivingRoutine(): [LoRaMesher] Receiving LoRa packet: Size: 24 bytes RSSI: -3 SNR: 13
17:01:11.067 > [854204][V][LoraMesher.cpp:647] processPackets(): [LoRaMesher] Size of Received Packets Queue: 1
17:01:11.076 > [854213][I][PacketQueueService.h:80] deleteQueuePacketAndPacket(): [LoRaMesher] Deleting packet
17:01:11.085 > [854221][I][PacketQueueService.h:83] deleteQueuePacketAndPacket(): [LoRaMesher] Deleting packet queue
17:01:11.094 > [854230][V][LoraMesher.cpp:658] processPackets(): [LoRaMesher] TESTING: Packet not for me, deleting it
17:01:11.103 > [854239][V][LoraMesher.cpp:641] processPackets(): [LoRaMesher] Stack space unused after entering the task: 2040
17:01:11.113 > [854249][V][LoraMesher.cpp:642] processPackets(): [LoRaMesher] Free heap: 336076
17:01:11.208 > [854345][V][LoraMesher.cpp:462] waitBeforeSend(): [LoRaMesher] Preamble detected while waiting 1
17:01:11.217 > [854354][V][LoraMesher.cpp:455] waitBeforeSend(): [LoRaMesher] RandomDelay 480 ms
17:01:11.703 > [854840][V][LoraMesher.cpp:754] printHeaderPacket(): [LoRaMesher] Packet send -- Size: 17 Src: B3F0 Dst: D110 Id: 50 Type: 2 Via: AFC0 Seq_Id: 0 Num: 0
17:01:11.793 > [854930][V][LoraMesher.cpp:575] sendPackets(): [LoRaMesher] TimeOnAir 63 ms, next message in 0 ms
17:01:11.802 > [854939][I][PacketQueueService.h:80] deleteQueuePacketAndPacket(): [LoRaMesher] Deleting packet
17:01:11.810 > [854947][I][PacketQueueService.h:83] deleteQueuePacketAndPacket(): [LoRaMesher] Deleting packet queue
17:01:13.074 > [856211][V][LoraMesher.cpp:378] receivingRoutine(): [LoRaMesher] Stack space unused after entering the task: 2072
17:01:13.084 > [856221][V][LoraMesher.cpp:379] receivingRoutine(): [LoRaMesher] Free heap: 336144
17:01:13.092 > [856228][I][PacketService.cpp:12] createEmptyPacket(): [LoRaMesher] Packet created with 17 bytes
17:01:13.101 > [856237][I][LoraMesher.cpp:392] receivingRoutine(): [LoRaMesher] Receiving LoRa packet: Size: 17 bytes RSSI: -54 SNR: 13
17:01:13.112 > [856248][V][LoraMesher.cpp:647] processPackets(): [LoRaMesher] Size of Received Packets Queue: 1
17:01:13.120 > [856257][V][LoraMesher.cpp:754] printHeaderPacket(): [LoRaMesher] Packet received -- Size: 17 Src: B3F0 Dst: D110 Id: 50 Type: 2 Via: F02C Seq_Id: 0 Num: 0
17:01:13.134 > [856271][I][LoraMesher.cpp:854] processDataPacket(): [LoRaMesher] Data packet from B3F0, destination D110, via F02C
17:01:13.144 > [856281][V][LoraMesher.cpp:878] processDataPacket(): [LoRaMesher] Packet not for me, deleting it
17:01:13.153 > [856290][I][PacketQueueService.h:80] deleteQueuePacketAndPacket(): [LoRaMesher] Deleting packet
17:01:13.161 > [856298][I][PacketQueueService.h:83] deleteQueuePacketAndPacket(): [LoRaMesher] Deleting packet queue
17:01:13.170 > [856307][V][LoraMesher.cpp:641] processPackets(): [LoRaMesher] Stack space unused after entering the task: 2040
17:01:13.180 > [856317][V][LoraMesher.cpp:642] processPackets(): [LoRaMesher] Free heap: 336144
17:01:14.461 > [857597][V][LoraMesher.cpp:378] receivingRoutine(): [LoRaMesher] Stack space unused after entering the task: 2072
17:01:14.471 > [857608][V][LoraMesher.cpp:379] receivingRoutine(): [LoRaMesher] Free heap: 336144
17:01:14.478 > [857615][I][PacketService.cpp:12] createEmptyPacket(): [LoRaMesher] Packet created with 17 bytes
17:01:14.488 > [857624][I][LoraMesher.cpp:392] receivingRoutine(): [LoRaMesher] Receiving LoRa packet: Size: 17 bytes RSSI: -3 SNR: 13
17:01:14.498 > [857635][V][LoraMesher.cpp:647] processPackets(): [LoRaMesher] Size of Received Packets Queue: 1
17:01:14.507 > [857644][V][LoraMesher.cpp:754] printHeaderPacket(): [LoRaMesher] Packet received -- Size: 17 Src: B3F0 Dst: D110 Id: 50 Type: 2 Via: D110 Seq_Id: 0 Num: 0
17:01:14.521 > [857657][I][LoraMesher.cpp:854] processDataPacket(): [LoRaMesher] Data packet from B3F0, destination D110, via D110
17:01:14.531 > [857668][V][LoraMesher.cpp:878] processDataPacket(): [LoRaMesher] Packet not for me, deleting it
17:01:14.539 > [857676][I][PacketQueueService.h:80] deleteQueuePacketAndPacket(): [LoRaMesher] Deleting packet
17:01:14.548 > [857685][I][PacketQueueService.h:83] deleteQueuePacketAndPacket(): [LoRaMesher] Deleting packet queue
17:01:14.557 > [857694][V][LoraMesher.cpp:641] processPackets(): [LoRaMesher] Stack space unused after entering the task: 2040
17:01:14.567 > [857704][V][LoraMesher.cpp:642] processPackets(): [LoRaMesher] Free heap: 336144
17:01:28.844 > [871981][V][LoraMesher.cpp:378] receivingRoutine(): [LoRaMesher] Stack space unused after entering the task: 2072
17:01:28.854 > [871991][V][LoraMesher.cpp:379] receivingRoutine(): [LoRaMesher] Free heap: 336144
17:01:28.862 > [871998][I][PacketService.cpp:12] createEmptyPacket(): [LoRaMesher] Packet created with 17 bytes
17:01:28.870 > [872007][I][LoraMesher.cpp:392] receivingRoutine(): [LoRaMesher] Receiving LoRa packet: Size: 17 bytes RSSI: -10 SNR: 13
17:01:28.882 > [872018][V][LoraMesher.cpp:647] processPackets(): [LoRaMesher] Size of Received Packets Queue: 1
17:01:28.890 > [872027][V][LoraMesher.cpp:754] printHeaderPacket(): [LoRaMesher] Packet received -- Size: 17 Src: B3F0 Dst: D110 Id: 51 Type: 2 Via: DE6C Seq_Id: 0 Num: 0
17:01:28.904 > [872041][I][LoraMesher.cpp:854] processDataPacket(): [LoRaMesher] Data packet from B3F0, destination D110, via DE6C
17:01:28.914 > [872051][V][LoraMesher.cpp:872] processDataPacket(): [LoRaMesher] Data Packet from B3F0 for D110. Via is me. Forwarding it
17:01:28.925 > [872062][I][LoraMesher.cpp:1051] addToSendOrderedAndNotify(): [LoRaMesher] Added packet to Q_SP, notifying sender task
17:01:28.936 > [872072][V][LoraMesher.cpp:511] sendPackets(): [LoRaMesher] Stack space unused after entering the task: 2004
17:01:28.945 > [872082][V][LoraMesher.cpp:512] sendPackets(): [LoRaMesher] Free heap: 336048
17:01:28.952 > [872089][V][LoraMesher.cpp:518] sendPackets(): [LoRaMesher] Size of Send Packets Queue: 1
17:01:28.960 > [872097][V][LoraMesher.cpp:525] sendPackets(): [LoRaMesher] Send n. 34
17:01:28.966 > [872103][V][LoraMesher.cpp:455] waitBeforeSend(): [LoRaMesher] RandomDelay 704 ms
17:01:28.974 > [872110][V][LoraMesher.cpp:641] processPackets(): [LoRaMesher] Stack space unused after entering the task: 2040
17:01:28.984 > [872120][V][LoraMesher.cpp:642] processPackets(): [LoRaMesher] Free heap: 336076
17:01:29.677 > [872814][V][LoraMesher.cpp:754] printHeaderPacket(): [LoRaMesher] Packet send -- Size: 17 Src: B3F0 Dst: D110 Id: 51 Type: 2 Via: AFC0 Seq_Id: 0 Num: 0
17:01:29.767 > [872904][V][LoraMesher.cpp:575] sendPackets(): [LoRaMesher] TimeOnAir 63 ms, next message in 0 ms
17:01:29.776 > [872913][I][PacketQueueService.h:80] deleteQueuePacketAndPacket(): [LoRaMesher] Deleting packet
17:01:29.785 > [872921][I][PacketQueueService.h:83] deleteQueuePacketAndPacket(): [LoRaMesher] Deleting packet queue
17:01:31.046 > [874183][V][LoraMesher.cpp:378] receivingRoutine(): [LoRaMesher] Stack space unused after entering the task: 2072
17:01:31.057 > [874193][V][LoraMesher.cpp:379] receivingRoutine(): [LoRaMesher] Free heap: 336144
17:01:31.064 > [874201][I][PacketService.cpp:12] createEmptyPacket(): [LoRaMesher] Packet created with 17 bytes
17:01:31.073 > [874210][I][LoraMesher.cpp:392] receivingRoutine(): [LoRaMesher] Receiving LoRa packet: Size: 17 bytes RSSI: -54 SNR: 12
17:01:31.084 > [874221][V][LoraMesher.cpp:647] processPackets(): [LoRaMesher] Size of Received Packets Queue: 1
17:01:31.093 > [874230][V][LoraMesher.cpp:754] printHeaderPacket(): [LoRaMesher] Packet received -- Size: 17 Src: B3F0 Dst: D110 Id: 51 Type: 2 Via: F02C Seq_Id: 0 Num: 0
17:01:31.107 > [874243][I][LoraMesher.cpp:854] processDataPacket(): [LoRaMesher] Data packet from B3F0, destination D110, via F02C
17:01:31.117 > [874254][V][LoraMesher.cpp:878] processDataPacket(): [LoRaMesher] Packet not for me, deleting it
17:01:31.126 > [874262][I][PacketQueueService.h:80] deleteQueuePacketAndPacket(): [LoRaMesher] Deleting packet
17:01:31.134 > [874271][I][PacketQueueService.h:83] deleteQueuePacketAndPacket(): [LoRaMesher] Deleting packet queue
17:01:31.143 > [874280][V][LoraMesher.cpp:641] processPackets(): [LoRaMesher] Stack space unused after entering the task: 2040
17:01:31.153 > [874290][V][LoraMesher.cpp:642] processPackets(): [LoRaMesher] Free heap: 336144
17:01:32.332 > [875469][V][LoraMesher.cpp:378] receivingRoutine(): [LoRaMesher] Stack space unused after entering the task: 2072
17:01:32.343 > [875479][V][LoraMesher.cpp:379] receivingRoutine(): [LoRaMesher] Free heap: 336144
17:01:32.350 > [875487][I][PacketService.cpp:12] createEmptyPacket(): [LoRaMesher] Packet created with 17 bytes
17:01:32.359 > [875495][I][LoraMesher.cpp:392] receivingRoutine(): [LoRaMesher] Receiving LoRa packet: Size: 17 bytes RSSI: -3 SNR: 12
17:01:32.370 > [875506][V][LoraMesher.cpp:647] processPackets(): [LoRaMesher] Size of Received Packets Queue: 1
17:01:32.379 > [875515][V][LoraMesher.cpp:754] printHeaderPacket(): [LoRaMesher] Packet received -- Size: 17 Src: B3F0 Dst: D110 Id: 51 Type: 2 Via: D110 Seq_Id: 0 Num: 0
17:01:32.392 > [875529][I][LoraMesher.cpp:854] processDataPacket(): [LoRaMesher] Data packet from B3F0, destination D110, via D110
17:01:32.403 > [875539][V][LoraMesher.cpp:878] processDataPacket(): [LoRaMesher] Packet not for me, deleting it
17:01:32.411 > [875548][I][PacketQueueService.h:80] deleteQueuePacketAndPacket(): [LoRaMesher] Deleting packet
17:01:32.420 > [875556][I][PacketQueueService.h:83] deleteQueuePacketAndPacket(): [LoRaMesher] Deleting packet queue
17:01:32.429 > [875565][V][LoraMesher.cpp:641] processPackets(): [LoRaMesher] Stack space unused after entering the task: 2040
17:01:32.439 > [875575][V][LoraMesher.cpp:642] processPackets(): [LoRaMesher] Free heap: 336144
17:01:48.645 > [891782][V][LoraMesher.cpp:378] receivingRoutine(): [LoRaMesher] Stack space unused after entering the task: 2072
17:01:48.656 > [891792][V][LoraMesher.cpp:379] receivingRoutine(): [LoRaMesher] Free heap: 336144
17:01:48.663 > [891800][I][PacketService.cpp:12] createEmptyPacket(): [LoRaMesher] Packet created with 17 bytes
17:01:48.672 > [891808][I][LoraMesher.cpp:392] receivingRoutine(): [LoRaMesher] Receiving LoRa packet: Size: 17 bytes RSSI: -11 SNR: 13
17:01:48.683 > [891820][V][LoraMesher.cpp:647] processPackets(): [LoRaMesher] Size of Received Packets Queue: 1
17:01:48.692 > [891828][V][LoraMesher.cpp:754] printHeaderPacket(): [LoRaMesher] Packet received -- Size: 17 Src: B3F0 Dst: D110 Id: 52 Type: 2 Via: DE6C Seq_Id: 0 Num: 0
17:01:48.706 > [891842][I][LoraMesher.cpp:854] processDataPacket(): [LoRaMesher] Data packet from B3F0, destination D110, via DE6C
17:01:48.716 > [891852][V][LoraMesher.cpp:872] processDataPacket(): [LoRaMesher] Data Packet from B3F0 for D110. Via is me. Forwarding it
17:01:48.727 > [891863][I][LoraMesher.cpp:1051] addToSendOrderedAndNotify(): [LoRaMesher] Added packet to Q_SP, notifying sender task
17:01:48.737 > [891874][V][LoraMesher.cpp:511] sendPackets(): [LoRaMesher] Stack space unused after entering the task: 2004
17:01:48.747 > [891883][V][LoraMesher.cpp:512] sendPackets(): [LoRaMesher] Free heap: 336048
17:01:48.754 > [891890][V][LoraMesher.cpp:518] sendPackets(): [LoRaMesher] Size of Send Packets Queue: 1
17:01:48.762 > [891898][V][LoraMesher.cpp:525] sendPackets(): [LoRaMesher] Send n. 35
17:01:48.768 > [891904][V][LoraMesher.cpp:455] waitBeforeSend(): [LoRaMesher] RandomDelay 838 ms
17:01:48.775 > [891912][V][LoraMesher.cpp:641] processPackets(): [LoRaMesher] Stack space unused after entering the task: 2040
17:01:48.785 > [891922][V][LoraMesher.cpp:642] processPackets(): [LoRaMesher] Free heap: 336076
17:01:49.612 > [892749][V][LoraMesher.cpp:754] printHeaderPacket(): [LoRaMesher] Packet send -- Size: 17 Src: B3F0 Dst: D110 Id: 52 Type: 2 Via: AFC0 Seq_Id: 0 Num: 0
17:01:49.702 > [892839][V][LoraMesher.cpp:575] sendPackets(): [LoRaMesher] TimeOnAir 63 ms, next message in 0 ms
17:01:49.711 > [892848][I][PacketQueueService.h:80] deleteQueuePacketAndPacket(): [LoRaMesher] Deleting packet
17:01:49.720 > [892856][I][PacketQueueService.h:83] deleteQueuePacketAndPacket(): [LoRaMesher] Deleting packet queue
17:01:50.373 > [893510][V][LoraMesher.cpp:378] receivingRoutine(): [LoRaMesher] Stack space unused after entering the task: 2072
17:01:50.383 > [893520][V][LoraMesher.cpp:379] receivingRoutine(): [LoRaMesher] Free heap: 336144
17:01:50.391 > [893527][I][PacketService.cpp:12] createEmptyPacket(): [LoRaMesher] Packet created with 17 bytes
17:01:50.400 > [893536][I][LoraMesher.cpp:392] receivingRoutine(): [LoRaMesher] Receiving LoRa packet: Size: 17 bytes RSSI: -54 SNR: 13
17:01:50.411 > [893547][V][LoraMesher.cpp:647] processPackets(): [LoRaMesher] Size of Received Packets Queue: 1
17:01:50.420 > [893556][V][LoraMesher.cpp:754] printHeaderPacket(): [LoRaMesher] Packet received -- Size: 17 Src: B3F0 Dst: D110 Id: 52 Type: 2 Via: F02C Seq_Id: 0 Num: 0
17:01:50.433 > [893570][I][LoraMesher.cpp:854] processDataPacket(): [LoRaMesher] Data packet from B3F0, destination D110, via F02C
17:01:50.444 > [893580][V][LoraMesher.cpp:878] processDataPacket(): [LoRaMesher] Packet not for me, deleting it
17:01:50.452 > [893589][I][PacketQueueService.h:80] deleteQueuePacketAndPacket(): [LoRaMesher] Deleting packet
17:01:50.461 > [893597][I][PacketQueueService.h:83] deleteQueuePacketAndPacket(): [LoRaMesher] Deleting packet queue
17:01:50.470 > [893606][V][LoraMesher.cpp:641] processPackets(): [LoRaMesher] Stack space unused after entering the task: 2040
17:01:50.480 > [893616][V][LoraMesher.cpp:642] processPackets(): [LoRaMesher] Free heap: 336144
17:01:51.502 > [894638][V][LoraMesher.cpp:378] receivingRoutine(): [LoRaMesher] Stack space unused after entering the task: 2072
17:01:51.512 > [894649][V][LoraMesher.cpp:379] receivingRoutine(): [LoRaMesher] Free heap: 336144
17:01:51.520 > [894656][I][PacketService.cpp:12] createEmptyPacket(): [LoRaMesher] Packet created with 17 bytes
17:01:51.529 > [894665][I][LoraMesher.cpp:392] receivingRoutine(): [LoRaMesher] Receiving LoRa packet: Size: 17 bytes RSSI: -4 SNR: 12
17:01:51.540 > [894676][V][LoraMesher.cpp:647] processPackets(): [LoRaMesher] Size of Received Packets Queue: 1
17:01:51.548 > [894685][V][LoraMesher.cpp:754] printHeaderPacket(): [LoRaMesher] Packet received -- Size: 17 Src: B3F0 Dst: D110 Id: 52 Type: 2 Via: D110 Seq_Id: 0 Num: 0
17:01:51.562 > [894698][I][LoraMesher.cpp:854] processDataPacket(): [LoRaMesher] Data packet from B3F0, destination D110, via D110
17:01:51.572 > [894709][V][LoraMesher.cpp:878] processDataPacket(): [LoRaMesher] Packet not for me, deleting it
17:01:51.581 > [894717][I][PacketQueueService.h:80] deleteQueuePacketAndPacket(): [LoRaMesher] Deleting packet
17:01:51.589 > [894726][I][PacketQueueService.h:83] deleteQueuePacketAndPacket(): [LoRaMesher] Deleting packet queue
17:01:51.598 > [894735][V][LoraMesher.cpp:641] processPackets(): [LoRaMesher] Stack space unused after entering the task: 2040
17:01:51.608 > [894745][V][LoraMesher.cpp:642] processPackets(): [LoRaMesher] Free heap: 336144
17:02:09.316 > [912452][V][LoraMesher.cpp:378] receivingRoutine(): [LoRaMesher] Stack space unused after entering the task: 2072
17:02:09.326 > [912463][V][LoraMesher.cpp:379] receivingRoutine(): [LoRaMesher] Free heap: 336144
17:02:09.334 > [912470][I][PacketService.cpp:12] createEmptyPacket(): [LoRaMesher] Packet created with 17 bytes
17:02:09.343 > [912479][I][LoraMesher.cpp:392] receivingRoutine(): [LoRaMesher] Receiving LoRa packet: Size: 17 bytes RSSI: -12 SNR: 13
17:02:09.354 > [912490][V][LoraMesher.cpp:647] processPackets(): [LoRaMesher] Size of Received Packets Queue: 1
17:02:09.362 > [912499][V][LoraMesher.cpp:754] printHeaderPacket(): [LoRaMesher] Packet received -- Size: 17 Src: B3F0 Dst: D110 Id: 53 Type: 2 Via: DE6C Seq_Id: 0 Num: 0
17:02:09.376 > [912512][I][LoraMesher.cpp:854] processDataPacket(): [LoRaMesher] Data packet from B3F0, destination D110, via DE6C
17:02:09.386 > [912523][V][LoraMesher.cpp:872] processDataPacket(): [LoRaMesher] Data Packet from B3F0 for D110. Via is me. Forwarding it
17:02:09.397 > [912533][I][LoraMesher.cpp:1051] addToSendOrderedAndNotify(): [LoRaMesher] Added packet to Q_SP, notifying sender task
17:02:09.408 > [912544][V][LoraMesher.cpp:511] sendPackets(): [LoRaMesher] Stack space unused after entering the task: 2004
17:02:09.417 > [912554][V][LoraMesher.cpp:512] sendPackets(): [LoRaMesher] Free heap: 336048
17:02:09.424 > [912561][V][LoraMesher.cpp:518] sendPackets(): [LoRaMesher] Size of Send Packets Queue: 1
17:02:09.432 > [912569][V][LoraMesher.cpp:525] sendPackets(): [LoRaMesher] Send n. 36
17:02:09.439 > [912575][V][LoraMesher.cpp:455] waitBeforeSend(): [LoRaMesher] RandomDelay 1140 ms
17:02:09.446 > [912582][V][LoraMesher.cpp:641] processPackets(): [LoRaMesher] Stack space unused after entering the task: 2040
17:02:09.456 > [912592][V][LoraMesher.cpp:642] processPackets(): [LoRaMesher] Free heap: 336076
17:02:10.585 > [913722][V][LoraMesher.cpp:754] printHeaderPacket(): [LoRaMesher] Packet send -- Size: 17 Src: B3F0 Dst: D110 Id: 53 Type: 2 Via: AFC0 Seq_Id: 0 Num: 0
17:02:10.675 > [913812][V][LoraMesher.cpp:575] sendPackets(): [LoRaMesher] TimeOnAir 63 ms, next message in 0 ms
17:02:10.685 > [913821][I][PacketQueueService.h:80] deleteQueuePacketAndPacket(): [LoRaMesher] Deleting packet
17:02:10.693 > [913829][I][PacketQueueService.h:83] deleteQueuePacketAndPacket(): [LoRaMesher] Deleting packet queue
17:02:11.400 > [914537][V][LoraMesher.cpp:378] receivingRoutine(): [LoRaMesher] Stack space unused after entering the task: 2072
17:02:11.411 > [914547][V][LoraMesher.cpp:379] receivingRoutine(): [LoRaMesher] Free heap: 336144
17:02:11.418 > [914555][I][PacketService.cpp:12] createEmptyPacket(): [LoRaMesher] Packet created with 17 bytes
17:02:11.427 > [914563][I][LoraMesher.cpp:392] receivingRoutine(): [LoRaMesher] Receiving LoRa packet: Size: 17 bytes RSSI: -54 SNR: 13
17:02:11.438 > [914575][V][LoraMesher.cpp:647] processPackets(): [LoRaMesher] Size of Received Packets Queue: 1
17:02:11.447 > [914583][V][LoraMesher.cpp:754] printHeaderPacket(): [LoRaMesher] Packet received -- Size: 17 Src: B3F0 Dst: D110 Id: 53 Type: 2 Via: F02C Seq_Id: 0 Num: 0
17:02:11.461 > [914597][I][LoraMesher.cpp:854] processDataPacket(): [LoRaMesher] Data packet from B3F0, destination D110, via F02C
17:02:11.471 > [914607][V][LoraMesher.cpp:878] processDataPacket(): [LoRaMesher] Packet not for me, deleting it
17:02:11.480 > [914616][I][PacketQueueService.h:80] deleteQueuePacketAndPacket(): [LoRaMesher] Deleting packet
17:02:11.488 > [914624][I][PacketQueueService.h:83] deleteQueuePacketAndPacket(): [LoRaMesher] Deleting packet queue
17:02:11.497 > [914633][V][LoraMesher.cpp:641] processPackets(): [LoRaMesher] Stack space unused after entering the task: 2040
17:02:11.507 > [914643][V][LoraMesher.cpp:642] processPackets(): [LoRaMesher] Free heap: 336144
17:02:12.629 > [915766][V][LoraMesher.cpp:378] receivingRoutine(): [LoRaMesher] Stack space unused after entering the task: 2072
17:02:12.640 > [915776][V][LoraMesher.cpp:379] receivingRoutine(): [LoRaMesher] Free heap: 336144
17:02:12.647 > [915784][I][PacketService.cpp:12] createEmptyPacket(): [LoRaMesher] Packet created with 17 bytes
17:02:12.656 > [915792][I][LoraMesher.cpp:392] receivingRoutine(): [LoRaMesher] Receiving LoRa packet: Size: 17 bytes RSSI: -4 SNR: 12
17:02:12.667 > [915803][V][LoraMesher.cpp:647] processPackets(): [LoRaMesher] Size of Received Packets Queue: 1
17:02:12.676 > [915812][V][LoraMesher.cpp:754] printHeaderPacket(): [LoRaMesher] Packet received -- Size: 17 Src: B3F0 Dst: D110 Id: 53 Type: 2 Via: D110 Seq_Id: 0 Num: 0
17:02:12.690 > [915826][I][LoraMesher.cpp:854] processDataPacket(): [LoRaMesher] Data packet from B3F0, destination D110, via D110
17:02:12.700 > [915836][V][LoraMesher.cpp:878] processDataPacket(): [LoRaMesher] Packet not for me, deleting it
17:02:12.708 > [915845][I][PacketQueueService.h:80] deleteQueuePacketAndPacket(): [LoRaMesher] Deleting packet
17:02:12.717 > [915853][I][PacketQueueService.h:83] deleteQueuePacketAndPacket(): [LoRaMesher] Deleting packet queue
17:02:12.726 > [915862][V][LoraMesher.cpp:641] processPackets(): [LoRaMesher] Stack space unused after entering the task: 2040
17:02:12.736 > [915872][V][LoraMesher.cpp:642] processPackets(): [LoRaMesher] Free heap: 336144
17:02:29.625 > [932762][V][LoraMesher.cpp:378] receivingRoutine(): [LoRaMesher] Stack space unused after entering the task: 2072
17:02:29.636 > [932772][V][LoraMesher.cpp:379] receivingRoutine(): [LoRaMesher] Free heap: 336144
17:02:29.643 > [932779][I][PacketService.cpp:12] createEmptyPacket(): [LoRaMesher] Packet created with 17 bytes
17:02:29.652 > [932788][I][LoraMesher.cpp:392] receivingRoutine(): [LoRaMesher] Receiving LoRa packet: Size: 17 bytes RSSI: -12 SNR: 13
17:02:29.662 > [932799][V][LoraMesher.cpp:647] processPackets(): [LoRaMesher] Size of Received Packets Queue: 1
17:02:29.671 > [932808][V][LoraMesher.cpp:754] printHeaderPacket(): [LoRaMesher] Packet received -- Size: 17 Src: B3F0 Dst: D110 Id: 54 Type: 2 Via: DE6C Seq_Id: 0 Num: 0
17:02:29.686 > [932822][I][LoraMesher.cpp:854] processDataPacket(): [LoRaMesher] Data packet from B3F0, destination D110, via DE6C
17:02:29.695 > [932832][V][LoraMesher.cpp:872] processDataPacket(): [LoRaMesher] Data Packet from B3F0 for D110. Via is me. Forwarding it
17:02:29.706 > [932843][I][LoraMesher.cpp:1051] addToSendOrderedAndNotify(): [LoRaMesher] Added packet to Q_SP, notifying sender task
17:02:29.716 > [932853][V][LoraMesher.cpp:511] sendPackets(): [LoRaMesher] Stack space unused after entering the task: 2004
17:02:29.726 > [932863][V][LoraMesher.cpp:512] sendPackets(): [LoRaMesher] Free heap: 336048
17:02:29.733 > [932870][V][LoraMesher.cpp:518] sendPackets(): [LoRaMesher] Size of Send Packets Queue: 1
17:02:29.741 > [932878][V][LoraMesher.cpp:525] sendPackets(): [LoRaMesher] Send n. 37
17:02:29.747 > [932884][V][LoraMesher.cpp:455] waitBeforeSend(): [LoRaMesher] RandomDelay 477 ms
17:02:29.755 > [932892][V][LoraMesher.cpp:641] processPackets(): [LoRaMesher] Stack space unused after entering the task: 2040
17:02:29.764 > [932902][V][LoraMesher.cpp:642] processPackets(): [LoRaMesher] Free heap: 336076
17:02:30.231 > [933368][V][LoraMesher.cpp:754] printHeaderPacket(): [LoRaMesher] Packet send -- Size: 17 Src: B3F0 Dst: D110 Id: 54 Type: 2 Via: AFC0 Seq_Id: 0 Num: 0
17:02:30.321 > [933458][V][LoraMesher.cpp:575] sendPackets(): [LoRaMesher] TimeOnAir 63 ms, next message in 0 ms
17:02:30.331 > [933467][I][PacketQueueService.h:80] deleteQueuePacketAndPacket(): [LoRaMesher] Deleting packet
17:02:30.339 > [933475][I][PacketQueueService.h:83] deleteQueuePacketAndPacket(): [LoRaMesher] Deleting packet queue
17:02:31.301 > [934438][V][LoraMesher.cpp:378] receivingRoutine(): [LoRaMesher] Stack space unused after entering the task: 2072
17:02:31.312 > [934449][V][LoraMesher.cpp:379] receivingRoutine(): [LoRaMesher] Free heap: 336144
17:02:31.319 > [934456][I][PacketService.cpp:12] createEmptyPacket(): [LoRaMesher] Packet created with 17 bytes
17:02:31.329 > [934465][I][LoraMesher.cpp:392] receivingRoutine(): [LoRaMesher] Receiving LoRa packet: Size: 17 bytes RSSI: -54 SNR: 13
17:02:31.339 > [934476][V][LoraMesher.cpp:647] processPackets(): [LoRaMesher] Size of Received Packets Queue: 1
17:02:31.348 > [934485][V][LoraMesher.cpp:754] printHeaderPacket(): [LoRaMesher] Packet received -- Size: 17 Src: B3F0 Dst: D110 Id: 54 Type: 2 Via: F02C Seq_Id: 0 Num: 0
17:02:31.362 > [934499][I][LoraMesher.cpp:854] processDataPacket(): [LoRaMesher] Data packet from B3F0, destination D110, via F02C
17:02:31.373 > [934509][V][LoraMesher.cpp:878] processDataPacket(): [LoRaMesher] Packet not for me, deleting it
17:02:31.380 > [934517][I][PacketQueueService.h:80] deleteQueuePacketAndPacket(): [LoRaMesher] Deleting packet
17:02:31.389 > [934526][I][PacketQueueService.h:83] deleteQueuePacketAndPacket(): [LoRaMesher] Deleting packet queue
17:02:31.398 > [934535][V][LoraMesher.cpp:641] processPackets(): [LoRaMesher] Stack space unused after entering the task: 2040
17:02:31.409 > [934545][V][LoraMesher.cpp:642] processPackets(): [LoRaMesher] Free heap: 336144
17:02:32.101 > [935238][V][LoraMesher.cpp:378] receivingRoutine(): [LoRaMesher] Stack space unused after entering the task: 2072
17:02:32.112 > [935249][V][LoraMesher.cpp:379] receivingRoutine(): [LoRaMesher] Free heap: 336144
17:02:32.120 > [935256][I][PacketService.cpp:12] createEmptyPacket(): [LoRaMesher] Packet created with 17 bytes
17:02:32.128 > [935265][I][LoraMesher.cpp:392] receivingRoutine(): [LoRaMesher] Receiving LoRa packet: Size: 17 bytes RSSI: -4 SNR: 12
17:02:32.139 > [935276][V][LoraMesher.cpp:647] processPackets(): [LoRaMesher] Size of Received Packets Queue: 1
17:02:32.148 > [935284][V][LoraMesher.cpp:754] printHeaderPacket(): [LoRaMesher] Packet received -- Size: 17 Src: B3F0 Dst: D110 Id: 54 Type: 2 Via: D110 Seq_Id: 0 Num: 0
17:02:32.161 > [935298][I][LoraMesher.cpp:854] processDataPacket(): [LoRaMesher] Data packet from B3F0, destination D110, via D110
17:02:32.171 > [935309][V][LoraMesher.cpp:878] processDataPacket(): [LoRaMesher] Packet not for me, deleting it
17:02:32.180 > [935317][I][PacketQueueService.h:80] deleteQueuePacketAndPacket(): [LoRaMesher] Deleting packet
17:02:32.189 > [935326][I][PacketQueueService.h:83] deleteQueuePacketAndPacket(): [LoRaMesher] Deleting packet queue
17:02:32.198 > [935335][V][LoraMesher.cpp:641] processPackets(): [LoRaMesher] Stack space unused after entering the task: 2040
17:02:32.207 > [935345][V][LoraMesher.cpp:642] processPackets(): [LoRaMesher] Free heap: 336144
17:02:49.238 > [952375][V][LoraMesher.cpp:378] receivingRoutine(): [LoRaMesher] Stack space unused after entering the task: 2072
17:02:49.248 > [952385][V][LoraMesher.cpp:379] receivingRoutine(): [LoRaMesher] Free heap: 336144
17:02:49.256 > [952393][I][PacketService.cpp:12] createEmptyPacket(): [LoRaMesher] Packet created with 17 bytes
17:02:49.265 > [952402][I][LoraMesher.cpp:392] receivingRoutine(): [LoRaMesher] Receiving LoRa packet: Size: 17 bytes RSSI: -11 SNR: 12
17:02:49.276 > [952413][V][LoraMesher.cpp:647] processPackets(): [LoRaMesher] Size of Received Packets Queue: 1
17:02:49.285 > [952421][V][LoraMesher.cpp:754] printHeaderPacket(): [LoRaMesher] Packet received -- Size: 17 Src: B3F0 Dst: D110 Id: 55 Type: 2 Via: DE6C Seq_Id: 0 Num: 0
17:02:49.298 > [952435][I][LoraMesher.cpp:854] processDataPacket(): [LoRaMesher] Data packet from B3F0, destination D110, via DE6C
17:02:49.309 > [952445][V][LoraMesher.cpp:872] processDataPacket(): [LoRaMesher] Data Packet from B3F0 for D110. Via is me. Forwarding it
17:02:49.319 > [952456][I][LoraMesher.cpp:1051] addToSendOrderedAndNotify(): [LoRaMesher] Added packet to Q_SP, notifying sender task
17:02:49.330 > [952467][V][LoraMesher.cpp:511] sendPackets(): [LoRaMesher] Stack space unused after entering the task: 2004
17:02:49.340 > [952476][V][LoraMesher.cpp:512] sendPackets(): [LoRaMesher] Free heap: 336048
17:02:49.346 > [952483][V][LoraMesher.cpp:518] sendPackets(): [LoRaMesher] Size of Send Packets Queue: 1
17:02:49.354 > [952491][V][LoraMesher.cpp:525] sendPackets(): [LoRaMesher] Send n. 38
17:02:49.361 > [952498][V][LoraMesher.cpp:455] waitBeforeSend(): [LoRaMesher] RandomDelay 340 ms
17:02:49.368 > [952505][V][LoraMesher.cpp:641] processPackets(): [LoRaMesher] Stack space unused after entering the task: 2040
17:02:49.378 > [952515][V][LoraMesher.cpp:642] processPackets(): [LoRaMesher] Free heap: 336076
17:02:49.707 > [952844][V][LoraMesher.cpp:754] printHeaderPacket(): [LoRaMesher] Packet send -- Size: 17 Src: B3F0 Dst: D110 Id: 55 Type: 2 Via: AFC0 Seq_Id: 0 Num: 0
17:02:49.797 > [952934][V][LoraMesher.cpp:575] sendPackets(): [LoRaMesher] TimeOnAir 63 ms, next message in 0 ms
17:02:49.806 > [952943][I][PacketQueueService.h:80] deleteQueuePacketAndPacket(): [LoRaMesher] Deleting packet
17:02:49.814 > [952951][I][PacketQueueService.h:83] deleteQueuePacketAndPacket(): [LoRaMesher] Deleting packet queue
17:02:50.793 > [953930][V][LoraMesher.cpp:378] receivingRoutine(): [LoRaMesher] Stack space unused after entering the task: 2072
17:02:50.803 > [953940][V][LoraMesher.cpp:379] receivingRoutine(): [LoRaMesher] Free heap: 336144
17:02:50.811 > [953948][I][PacketService.cpp:12] createEmptyPacket(): [LoRaMesher] Packet created with 17 bytes
17:02:50.819 > [953956][I][LoraMesher.cpp:392] receivingRoutine(): [LoRaMesher] Receiving LoRa packet: Size: 17 bytes RSSI: -53 SNR: 13
17:02:50.831 > [953967][V][LoraMesher.cpp:647] processPackets(): [LoRaMesher] Size of Received Packets Queue: 1
17:02:50.839 > [953976][V][LoraMesher.cpp:754] printHeaderPacket(): [LoRaMesher] Packet received -- Size: 17 Src: B3F0 Dst: D110 Id: 55 Type: 2 Via: F02C Seq_Id: 0 Num: 0
17:02:50.853 > [953990][I][LoraMesher.cpp:854] processDataPacket(): [LoRaMesher] Data packet from B3F0, destination D110, via F02C
17:02:50.863 > [954000][V][LoraMesher.cpp:878] processDataPacket(): [LoRaMesher] Packet not for me, deleting it
17:02:50.872 > [954009][I][PacketQueueService.h:80] deleteQueuePacketAndPacket(): [LoRaMesher] Deleting packet
17:02:50.880 > [954017][I][PacketQueueService.h:83] deleteQueuePacketAndPacket(): [LoRaMesher] Deleting packet queue
17:02:50.889 > [954026][V][LoraMesher.cpp:641] processPackets(): [LoRaMesher] Stack space unused after entering the task: 2040
17:02:50.899 > [954036][V][LoraMesher.cpp:642] processPackets(): [LoRaMesher] Free heap: 336144
17:02:51.816 > [954953][V][LoraMesher.cpp:378] receivingRoutine(): [LoRaMesher] Stack space unused after entering the task: 2072
17:02:51.826 > [954963][V][LoraMesher.cpp:379] receivingRoutine(): [LoRaMesher] Free heap: 336144
17:02:51.834 > [954971][I][PacketService.cpp:12] createEmptyPacket(): [LoRaMesher] Packet created with 17 bytes
17:02:51.842 > [954979][I][LoraMesher.cpp:392] receivingRoutine(): [LoRaMesher] Receiving LoRa packet: Size: 17 bytes RSSI: -3 SNR: 13
17:02:51.853 > [954990][V][LoraMesher.cpp:647] processPackets(): [LoRaMesher] Size of Received Packets Queue: 1
17:02:51.862 > [954999][V][LoraMesher.cpp:754] printHeaderPacket(): [LoRaMesher] Packet received -- Size: 17 Src: B3F0 Dst: D110 Id: 55 Type: 2 Via: D110 Seq_Id: 0 Num: 0
17:02:51.876 > [955013][I][LoraMesher.cpp:854] processDataPacket(): [LoRaMesher] Data packet from B3F0, destination D110, via D110
17:02:51.886 > [955023][V][LoraMesher.cpp:878] processDataPacket(): [LoRaMesher] Packet not for me, deleting it
17:02:51.895 > [955032][I][PacketQueueService.h:80] deleteQueuePacketAndPacket(): [LoRaMesher] Deleting packet
17:02:51.903 > [955040][I][PacketQueueService.h:83] deleteQueuePacketAndPacket(): [LoRaMesher] Deleting packet queue
17:02:51.913 > [955049][V][LoraMesher.cpp:641] processPackets(): [LoRaMesher] Stack space unused after entering the task: 2040
17:02:51.922 > [955059][V][LoraMesher.cpp:642] processPackets(): [LoRaMesher] Free heap: 336144
17:03:05.286 > [968423][V][LoraMesher.cpp:598] sendHelloPacket(): [LoRaMesher] Creating Routing Packet
17:03:05.294 > [968431][V][LoraMesher.cpp:599] sendHelloPacket(): [LoRaMesher] Stack space unused after entering the task: 2328
17:03:05.304 > [968441][V][LoraMesher.cpp:600] sendHelloPacket(): [LoRaMesher] Free heap: 336144
17:03:05.312 > [968448][V][PacketFactory.h:45] createPacket(): [LoRaMesher] Creating packet with 24 bytes
17:03:05.320 > [968456][I][PacketFactory.h:74] createPacket(): [LoRaMesher] Packet created with 24 bytes
17:03:05.328 > [968464][I][LoraMesher.h:659] setPackedForSend(): [LoRaMesher] Adding packet to Q_SP
17:03:05.335 > [968472][I][LoraMesher.h:661] setPackedForSend(): [LoRaMesher] Created packet to Q_SP
17:03:05.343 > [968479][I][LoraMesher.cpp:1051] addToSendOrderedAndNotify(): [LoRaMesher] Added packet to Q_SP, notifying sender task
17:03:05.353 > [968490][V][LoraMesher.cpp:511] sendPackets(): [LoRaMesher] Stack space unused after entering the task: 2004
17:03:05.363 > [968500][V][LoraMesher.cpp:512] sendPackets(): [LoRaMesher] Free heap: 336044
17:03:05.370 > [968507][V][LoraMesher.cpp:518] sendPackets(): [LoRaMesher] Size of Send Packets Queue: 1
17:03:05.378 > [968515][V][LoraMesher.cpp:525] sendPackets(): [LoRaMesher] Send n. 39
17:03:05.384 > [968521][V][LoraMesher.cpp:455] waitBeforeSend(): [LoRaMesher] RandomDelay 733 ms
17:03:05.896 > [969033][V][LoraMesher.cpp:378] receivingRoutine(): [LoRaMesher] Stack space unused after entering the task: 2072
17:03:05.906 > [969043][V][LoraMesher.cpp:379] receivingRoutine(): [LoRaMesher] Free heap: 336072
17:03:05.914 > [969051][I][PacketService.cpp:12] createEmptyPacket(): [LoRaMesher] Packet created with 24 bytes
17:03:05.923 > [969059][I][LoraMesher.cpp:392] receivingRoutine(): [LoRaMesher] Receiving LoRa packet: Size: 24 bytes RSSI: -6 SNR: 13
17:03:05.934 > [969070][V][LoraMesher.cpp:647] processPackets(): [LoRaMesher] Size of Received Packets Queue: 1
17:03:05.942 > [969079][I][PacketQueueService.h:80] deleteQueuePacketAndPacket(): [LoRaMesher] Deleting packet
17:03:05.951 > [969088][I][PacketQueueService.h:83] deleteQueuePacketAndPacket(): [LoRaMesher] Deleting packet queue
17:03:05.960 > [969097][V][LoraMesher.cpp:658] processPackets(): [LoRaMesher] TESTING: Packet not for me, deleting it
17:03:05.969 > [969106][V][LoraMesher.cpp:641] processPackets(): [LoRaMesher] Stack space unused after entering the task: 2040
17:03:05.979 > [969116][V][LoraMesher.cpp:642] processPackets(): [LoRaMesher] Free heap: 336072
17:03:06.130 > [969267][V][LoraMesher.cpp:462] waitBeforeSend(): [LoRaMesher] Preamble detected while waiting 1
17:03:06.139 > [969275][V][LoraMesher.cpp:455] waitBeforeSend(): [LoRaMesher] RandomDelay 979 ms
17:03:06.753 > [969890][V][LoraMesher.cpp:378] receivingRoutine(): [LoRaMesher] Stack space unused after entering the task: 2072
17:03:06.764 > [969901][V][LoraMesher.cpp:379] receivingRoutine(): [LoRaMesher] Free heap: 336072
17:03:06.771 > [969908][I][PacketService.cpp:12] createEmptyPacket(): [LoRaMesher] Packet created with 24 bytes
17:03:06.780 > [969917][I][LoraMesher.cpp:392] receivingRoutine(): [LoRaMesher] Receiving LoRa packet: Size: 24 bytes RSSI: -54 SNR: 13
17:03:06.791 > [969928][V][LoraMesher.cpp:647] processPackets(): [LoRaMesher] Size of Received Packets Queue: 1
17:03:06.800 > [969937][V][LoraMesher.cpp:754] printHeaderPacket(): [LoRaMesher] Packet received -- Size: 24 Src: AFC0 Dst: FFFF Id: 9 Type: 4 Via: 0 Seq_Id: 0 Num: 0
17:03:06.813 > [969950][I][RoutingTableService.cpp:77] processRoute(): [LoRaMesher] Route packet from AFC0 with size 4
17:03:06.823 > [969959][I][RoutingTableService.cpp:99] resetReceiveSNRRoutePacket(): [LoRaMesher] Reset Receive SNR from AFC0: 13
17:03:06.833 > [969969][I][RoutingTableService.cpp:192] printRoutingTable(): [LoRaMesher] Current routing table:
17:03:06.841 > [969978][I][RoutingTableService.cpp:206] printRoutingTable(): [LoRaMesher] 0 - AFC0 via AFC0 metric 1 Role 0
17:03:06.851 > [969988][I][RoutingTableService.cpp:206] printRoutingTable(): [LoRaMesher] 1 - F02C via AFC0 metric 2 Role 0
17:03:06.861 > [969997][I][RoutingTableService.cpp:206] printRoutingTable(): [LoRaMesher] 2 - B3F0 via B3F0 metric 1 Role 0
17:03:06.870 > [970007][I][RoutingTableService.cpp:206] printRoutingTable(): [LoRaMesher] 3 - D110 via AFC0 metric 3 Role 1
17:03:06.880 > [970017][I][PacketQueueService.h:80] deleteQueuePacketAndPacket(): [LoRaMesher] Deleting packet
17:03:06.888 > [970025][I][PacketQueueService.h:83] deleteQueuePacketAndPacket(): [LoRaMesher] Deleting packet queue
17:03:06.897 > [970034][V][LoraMesher.cpp:641] processPackets(): [LoRaMesher] Stack space unused after entering the task: 2040
17:03:06.907 > [970044][V][LoraMesher.cpp:642] processPackets(): [LoRaMesher] Free heap: 336072
17:03:07.130 > [970267][V][LoraMesher.cpp:462] waitBeforeSend(): [LoRaMesher] Preamble detected while waiting 2
17:03:07.139 > [970276][V][LoraMesher.cpp:455] waitBeforeSend(): [LoRaMesher] RandomDelay 827 ms
17:03:07.594 > [970731][V][LoraMesher.cpp:378] receivingRoutine(): [LoRaMesher] Stack space unused after entering the task: 2072
17:03:07.604 > [970741][V][LoraMesher.cpp:379] receivingRoutine(): [LoRaMesher] Free heap: 336072
17:03:07.612 > [970748][I][PacketService.cpp:12] createEmptyPacket(): [LoRaMesher] Packet created with 24 bytes
17:03:07.620 > [970757][I][LoraMesher.cpp:392] receivingRoutine(): [LoRaMesher] Receiving LoRa packet: Size: 24 bytes RSSI: -11 SNR: 13
17:03:07.632 > [970768][V][LoraMesher.cpp:647] processPackets(): [LoRaMesher] Size of Received Packets Queue: 1
17:03:07.640 > [970777][V][LoraMesher.cpp:754] printHeaderPacket(): [LoRaMesher] Packet received -- Size: 24 Src: B3F0 Dst: FFFF Id: 56 Type: 4 Via: 0 Seq_Id: 0 Num: 0
17:03:07.654 > [970790][I][RoutingTableService.cpp:77] processRoute(): [LoRaMesher] Route packet from B3F0 with size 4
17:03:07.663 > [970800][I][RoutingTableService.cpp:99] resetReceiveSNRRoutePacket(): [LoRaMesher] Reset Receive SNR from B3F0: 13
17:03:07.673 > [970810][I][RoutingTableService.cpp:192] printRoutingTable(): [LoRaMesher] Current routing table:
17:03:07.682 > [970818][I][RoutingTableService.cpp:206] printRoutingTable(): [LoRaMesher] 0 - AFC0 via AFC0 metric 1 Role 0
17:03:07.691 > [970828][I][RoutingTableService.cpp:206] printRoutingTable(): [LoRaMesher] 1 - F02C via AFC0 metric 2 Role 0
17:03:07.701 > [970838][I][RoutingTableService.cpp:206] printRoutingTable(): [LoRaMesher] 2 - B3F0 via B3F0 metric 1 Role 0
17:03:07.711 > [970847][I][RoutingTableService.cpp:206] printRoutingTable(): [LoRaMesher] 3 - D110 via AFC0 metric 3 Role 1
17:03:07.720 > [970857][I][PacketQueueService.h:80] deleteQueuePacketAndPacket(): [LoRaMesher] Deleting packet
17:03:07.729 > [970865][I][PacketQueueService.h:83] deleteQueuePacketAndPacket(): [LoRaMesher] Deleting packet queue
17:03:07.738 > [970874][V][LoraMesher.cpp:641] processPackets(): [LoRaMesher] Stack space unused after entering the task: 2040
17:03:07.748 > [970884][V][LoraMesher.cpp:642] processPackets(): [LoRaMesher] Free heap: 336072
17:03:07.978 > [971115][V][LoraMesher.cpp:462] waitBeforeSend(): [LoRaMesher] Preamble detected while waiting 3
17:03:07.987 > [971124][V][LoraMesher.cpp:455] waitBeforeSend(): [LoRaMesher] RandomDelay 1093 ms
17:03:09.086 > [972223][V][LoraMesher.cpp:754] printHeaderPacket(): [LoRaMesher] Packet send -- Size: 24 Src: DE6C Dst: FFFF Id: 8 Type: 4 Via: 0 Seq_Id: 0 Num: 0
17:03:09.190 > [972327][V][LoraMesher.cpp:575] sendPackets(): [LoRaMesher] TimeOnAir 78 ms, next message in 0 ms
17:03:09.199 > [972336][I][PacketQueueService.h:80] deleteQueuePacketAndPacket(): [LoRaMesher] Deleting packet
17:03:09.207 > [972344][I][PacketQueueService.h:83] deleteQueuePacketAndPacket(): [LoRaMesher] Deleting packet queue
17:03:10.389 > [973525][V][LoraMesher.cpp:378] receivingRoutine(): [LoRaMesher] Stack space unused after entering the task: 2072
17:03:10.399 > [973536][V][LoraMesher.cpp:379] receivingRoutine(): [LoRaMesher] Free heap: 336144
17:03:10.406 > [973543][I][PacketService.cpp:12] createEmptyPacket(): [LoRaMesher] Packet created with 17 bytes
17:03:10.415 > [973552][I][LoraMesher.cpp:392] receivingRoutine(): [LoRaMesher] Receiving LoRa packet: Size: 17 bytes RSSI: -11 SNR: 13
17:03:10.426 > [973563][V][LoraMesher.cpp:647] processPackets(): [LoRaMesher] Size of Received Packets Queue: 1
17:03:10.435 > [973572][V][LoraMesher.cpp:754] printHeaderPacket(): [LoRaMesher] Packet received -- Size: 17 Src: B3F0 Dst: D110 Id: 57 Type: 2 Via: DE6C Seq_Id: 0 Num: 0
17:03:10.449 > [973586][I][LoraMesher.cpp:854] processDataPacket(): [LoRaMesher] Data packet from B3F0, destination D110, via DE6C
17:03:10.459 > [973596][V][LoraMesher.cpp:872] processDataPacket(): [LoRaMesher] Data Packet from B3F0 for D110. Via is me. Forwarding it
17:03:10.470 > [973607][I][LoraMesher.cpp:1051] addToSendOrderedAndNotify(): [LoRaMesher] Added packet to Q_SP, notifying sender task
17:03:10.480 > [973617][V][LoraMesher.cpp:511] sendPackets(): [LoRaMesher] Stack space unused after entering the task: 2004
17:03:10.490 > [973627][V][LoraMesher.cpp:512] sendPackets(): [LoRaMesher] Free heap: 336048
17:03:10.497 > [973634][V][LoraMesher.cpp:518] sendPackets(): [LoRaMesher] Size of Send Packets Queue: 1
17:03:10.505 > [973642][V][LoraMesher.cpp:525] sendPackets(): [LoRaMesher] Send n. 40
17:03:10.511 > [973648][V][LoraMesher.cpp:455] waitBeforeSend(): [LoRaMesher] RandomDelay 1141 ms
17:03:10.519 > [973655][V][LoraMesher.cpp:641] processPackets(): [LoRaMesher] Stack space unused after entering the task: 2040
17:03:10.529 > [973665][V][LoraMesher.cpp:642] processPackets(): [LoRaMesher] Free heap: 336076
17:03:11.659 > [974796][V][LoraMesher.cpp:754] printHeaderPacket(): [LoRaMesher] Packet send -- Size: 17 Src: B3F0 Dst: D110 Id: 57 Type: 2 Via: AFC0 Seq_Id: 0 Num: 0
17:03:11.749 > [974886][V][LoraMesher.cpp:575] sendPackets(): [LoRaMesher] TimeOnAir 63 ms, next message in 0 ms
17:03:11.758 > [974895][I][PacketQueueService.h:80] deleteQueuePacketAndPacket(): [LoRaMesher] Deleting packet
17:03:11.767 > [974903][I][PacketQueueService.h:83] deleteQueuePacketAndPacket(): [LoRaMesher] Deleting packet queue
17:03:12.513 > [975650][V][LoraMesher.cpp:378] receivingRoutine(): [LoRaMesher] Stack space unused after entering the task: 2072
17:03:12.524 > [975660][V][LoraMesher.cpp:379] receivingRoutine(): [LoRaMesher] Free heap: 336144
17:03:12.531 > [975668][I][PacketService.cpp:12] createEmptyPacket(): [LoRaMesher] Packet created with 24 bytes
17:03:12.540 > [975677][I][LoraMesher.cpp:392] receivingRoutine(): [LoRaMesher] Receiving LoRa packet: Size: 24 bytes RSSI: -3 SNR: 13
17:03:12.551 > [975688][V][LoraMesher.cpp:647] processPackets(): [LoRaMesher] Size of Received Packets Queue: 1
17:03:12.560 > [975696][I][PacketQueueService.h:80] deleteQueuePacketAndPacket(): [LoRaMesher] Deleting packet
17:03:12.568 > [975705][I][PacketQueueService.h:83] deleteQueuePacketAndPacket(): [LoRaMesher] Deleting packet queue
17:03:12.577 > [975714][V][LoraMesher.cpp:658] processPackets(): [LoRaMesher] TESTING: Packet not for me, deleting it
17:03:12.586 > [975723][V][LoraMesher.cpp:641] processPackets(): [LoRaMesher] Stack space unused after entering the task: 2040
17:03:12.596 > [975733][V][LoraMesher.cpp:642] processPackets(): [LoRaMesher] Free heap: 336144
17:03:14.285 > [977422][V][LoraMesher.cpp:378] receivingRoutine(): [LoRaMesher] Stack space unused after entering the task: 2072
17:03:14.296 > [977432][V][LoraMesher.cpp:379] receivingRoutine(): [LoRaMesher] Free heap: 336144
17:03:14.303 > [977440][I][PacketService.cpp:12] createEmptyPacket(): [LoRaMesher] Packet created with 17 bytes
17:03:14.312 > [977449][I][LoraMesher.cpp:392] receivingRoutine(): [LoRaMesher] Receiving LoRa packet: Size: 17 bytes RSSI: -53 SNR: 12
17:03:14.323 > [977460][V][LoraMesher.cpp:647] processPackets(): [LoRaMesher] Size of Received Packets Queue: 1
17:03:14.332 > [977468][V][LoraMesher.cpp:754] printHeaderPacket(): [LoRaMesher] Packet received -- Size: 17 Src: B3F0 Dst: D110 Id: 57 Type: 2 Via: F02C Seq_Id: 0 Num: 0
17:03:14.345 > [977482][I][LoraMesher.cpp:854] processDataPacket(): [LoRaMesher] Data packet from B3F0, destination D110, via F02C
17:03:14.356 > [977492][V][LoraMesher.cpp:878] processDataPacket(): [LoRaMesher] Packet not for me, deleting it
17:03:14.364 > [977501][I][PacketQueueService.h:80] deleteQueuePacketAndPacket(): [LoRaMesher] Deleting packet
17:03:14.373 > [977509][I][PacketQueueService.h:83] deleteQueuePacketAndPacket(): [LoRaMesher] Deleting packet queue
17:03:14.382 > [977518][V][LoraMesher.cpp:641] processPackets(): [LoRaMesher] Stack space unused after entering the task: 2040
17:03:14.392 > [977528][V][LoraMesher.cpp:642] processPackets(): [LoRaMesher] Free heap: 336144
17:03:15.453 > [978590][V][LoraMesher.cpp:378] receivingRoutine(): [LoRaMesher] Stack space unused after entering the task: 2072
17:03:15.464 > [978600][V][LoraMesher.cpp:379] receivingRoutine(): [LoRaMesher] Free heap: 336144
17:03:15.471 > [978608][I][PacketService.cpp:12] createEmptyPacket(): [LoRaMesher] Packet created with 17 bytes
17:03:15.480 > [978617][I][LoraMesher.cpp:392] receivingRoutine(): [LoRaMesher] Receiving LoRa packet: Size: 17 bytes RSSI: -3 SNR: 12
17:03:15.491 > [978628][V][LoraMesher.cpp:647] processPackets(): [LoRaMesher] Size of Received Packets Queue: 1
17:03:15.500 > [978636][V][LoraMesher.cpp:754] printHeaderPacket(): [LoRaMesher] Packet received -- Size: 17 Src: B3F0 Dst: D110 Id: 57 Type: 2 Via: D110 Seq_Id: 0 Num: 0
17:03:15.513 > [978650][I][LoraMesher.cpp:854] processDataPacket(): [LoRaMesher] Data packet from B3F0, destination D110, via D110
17:03:15.524 > [978660][V][LoraMesher.cpp:878] processDataPacket(): [LoRaMesher] Packet not for me, deleting it
17:03:15.532 > [978669][I][PacketQueueService.h:80] deleteQueuePacketAndPacket(): [LoRaMesher] Deleting packet
17:03:15.541 > [978677][I][PacketQueueService.h:83] deleteQueuePacketAndPacket(): [LoRaMesher] Deleting packet queue
17:03:15.550 > [978686][V][LoraMesher.cpp:641] processPackets(): [LoRaMesher] Stack space unused after entering the task: 2040
17:03:15.560 > [978696][V][LoraMesher.cpp:642] processPackets(): [LoRaMesher] Free heap: 336144
17:03:29.901 > [993038][V][LoraMesher.cpp:378] receivingRoutine(): [LoRaMesher] Stack space unused after entering the task: 2072
17:03:29.912 > [993048][V][LoraMesher.cpp:379] receivingRoutine(): [LoRaMesher] Free heap: 336144
17:03:29.919 > [993056][I][PacketService.cpp:12] createEmptyPacket(): [LoRaMesher] Packet created with 17 bytes
17:03:29.928 > [993064][I][LoraMesher.cpp:392] receivingRoutine(): [LoRaMesher] Receiving LoRa packet: Size: 17 bytes RSSI: -11 SNR: 13
17:03:29.939 > [993075][V][LoraMesher.cpp:647] processPackets(): [LoRaMesher] Size of Received Packets Queue: 1
17:03:29.948 > [993084][V][LoraMesher.cpp:754] printHeaderPacket(): [LoRaMesher] Packet received -- Size: 17 Src: B3F0 Dst: D110 Id: 58 Type: 2 Via: DE6C Seq_Id: 0 Num: 0
17:03:29.961 > [993098][I][LoraMesher.cpp:854] processDataPacket(): [LoRaMesher] Data packet from B3F0, destination D110, via DE6C
17:03:29.972 > [993108][V][LoraMesher.cpp:872] processDataPacket(): [LoRaMesher] Data Packet from B3F0 for D110. Via is me. Forwarding it
17:03:29.982 > [993119][I][LoraMesher.cpp:1051] addToSendOrderedAndNotify(): [LoRaMesher] Added packet to Q_SP, notifying sender task
17:03:29.993 > [993130][V][LoraMesher.cpp:511] sendPackets(): [LoRaMesher] Stack space unused after entering the task: 2004
17:03:30.003 > [993139][V][LoraMesher.cpp:512] sendPackets(): [LoRaMesher] Free heap: 336048
17:03:30.010 > [993146][V][LoraMesher.cpp:518] sendPackets(): [LoRaMesher] Size of Send Packets Queue: 1
17:03:30.018 > [993154][V][LoraMesher.cpp:525] sendPackets(): [LoRaMesher] Send n. 41
17:03:30.024 > [993160][V][LoraMesher.cpp:455] waitBeforeSend(): [LoRaMesher] RandomDelay 1007 ms
17:03:30.031 > [993168][V][LoraMesher.cpp:641] processPackets(): [LoRaMesher] Stack space unused after entering the task: 2040
17:03:30.041 > [993178][V][LoraMesher.cpp:642] processPackets(): [LoRaMesher] Free heap: 336076
17:03:31.037 > [994174][V][LoraMesher.cpp:754] printHeaderPacket(): [LoRaMesher] Packet send -- Size: 17 Src: B3F0 Dst: D110 Id: 58 Type: 2 Via: AFC0 Seq_Id: 0 Num: 0
17:03:31.127 > [994264][V][LoraMesher.cpp:575] sendPackets(): [LoRaMesher] TimeOnAir 63 ms, next message in 0 ms
17:03:31.136 > [994273][I][PacketQueueService.h:80] deleteQueuePacketAndPacket(): [LoRaMesher] Deleting packet
17:03:31.145 > [994281][I][PacketQueueService.h:83] deleteQueuePacketAndPacket(): [LoRaMesher] Deleting packet queue
17:03:32.472 > [995610][V][LoraMesher.cpp:378] receivingRoutine(): [LoRaMesher] Stack space unused after entering the task: 2072
17:03:32.483 > [995620][V][LoraMesher.cpp:379] receivingRoutine(): [LoRaMesher] Free heap: 336144
17:03:32.491 > [995627][I][PacketService.cpp:12] createEmptyPacket(): [LoRaMesher] Packet created with 17 bytes
17:03:32.500 > [995636][I][LoraMesher.cpp:392] receivingRoutine(): [LoRaMesher] Receiving LoRa packet: Size: 17 bytes RSSI: -54 SNR: 13
17:03:32.511 > [995647][V][LoraMesher.cpp:647] processPackets(): [LoRaMesher] Size of Received Packets Queue: 1
17:03:32.519 > [995656][V][LoraMesher.cpp:754] printHeaderPacket(): [LoRaMesher] Packet received -- Size: 17 Src: B3F0 Dst: D110 Id: 58 Type: 2 Via: F02C Seq_Id: 0 Num: 0
17:03:32.533 > [995670][I][LoraMesher.cpp:854] processDataPacket(): [LoRaMesher] Data packet from B3F0, destination D110, via F02C
17:03:32.543 > [995680][V][LoraMesher.cpp:878] processDataPacket(): [LoRaMesher] Packet not for me, deleting it
17:03:32.552 > [995688][I][PacketQueueService.h:80] deleteQueuePacketAndPacket(): [LoRaMesher] Deleting packet
17:03:32.560 > [995697][I][PacketQueueService.h:83] deleteQueuePacketAndPacket(): [LoRaMesher] Deleting packet queue
17:03:32.570 > [995706][V][LoraMesher.cpp:641] processPackets(): [LoRaMesher] Stack space unused after entering the task: 2040
17:03:32.579 > [995716][V][LoraMesher.cpp:642] processPackets(): [LoRaMesher] Free heap: 336144
17:03:33.200 > [996337][V][LoraMesher.cpp:378] receivingRoutine(): [LoRaMesher] Stack space unused after entering the task: 2072
17:03:33.210 > [996347][V][LoraMesher.cpp:379] receivingRoutine(): [LoRaMesher] Free heap: 336144
17:03:33.218 > [996354][I][PacketService.cpp:12] createEmptyPacket(): [LoRaMesher] Packet created with 17 bytes
17:03:33.227 > [996363][I][LoraMesher.cpp:392] receivingRoutine(): [LoRaMesher] Receiving LoRa packet: Size: 17 bytes RSSI: -3 SNR: 13
17:03:33.238 > [996374][V][LoraMesher.cpp:647] processPackets(): [LoRaMesher] Size of Received Packets Queue: 1
17:03:33.246 > [996383][V][LoraMesher.cpp:754] printHeaderPacket(): [LoRaMesher] Packet received -- Size: 17 Src: B3F0 Dst: D110 Id: 58 Type: 2 Via: D110 Seq_Id: 0 Num: 0
17:03:33.260 > [996397][I][LoraMesher.cpp:854] processDataPacket(): [LoRaMesher] Data packet from B3F0, destination D110, via D110
17:03:33.270 > [996407][V][LoraMesher.cpp:878] processDataPacket(): [LoRaMesher] Packet not for me, deleting it
17:03:33.279 > [996415][I][PacketQueueService.h:80] deleteQueuePacketAndPacket(): [LoRaMesher] Deleting packet
17:03:33.287 > [996424][I][PacketQueueService.h:83] deleteQueuePacketAndPacket(): [LoRaMesher] Deleting packet queue
17:03:33.297 > [996433][V][LoraMesher.cpp:641] processPackets(): [LoRaMesher] Stack space unused after entering the task: 2040
17:03:33.306 > [996443][V][LoraMesher.cpp:642] processPackets(): [LoRaMesher] Free heap: 336144
17:03:49.184 > [1012322][V][LoraMesher.cpp:378] receivingRoutine(): [LoRaMesher] Stack space unused after entering the task: 2072
17:03:49.195 > [1012332][V][LoraMesher.cpp:379] receivingRoutine(): [LoRaMesher] Free heap: 336144
17:03:49.203 > [1012339][I][PacketService.cpp:12] createEmptyPacket(): [LoRaMesher] Packet created with 17 bytes
17:03:49.212 > [1012348][I][LoraMesher.cpp:392] receivingRoutine(): [LoRaMesher] Receiving LoRa packet: Size: 17 bytes RSSI: -11 SNR: 13
17:03:49.222 > [1012359][V][LoraMesher.cpp:647] processPackets(): [LoRaMesher] Size of Received Packets Queue: 1
17:03:49.231 > [1012368][V][LoraMesher.cpp:754] printHeaderPacket(): [LoRaMesher] Packet received -- Size: 17 Src: B3F0 Dst: D110 Id: 59 Type: 2 Via: DE6C Seq_Id: 0 Num: 0
17:03:49.245 > [1012382][I][LoraMesher.cpp:854] processDataPacket(): [LoRaMesher] Data packet from B3F0, destination D110, via DE6C
17:03:49.255 > [1012392][V][LoraMesher.cpp:872] processDataPacket(): [LoRaMesher] Data Packet from B3F0 for D110. Via is me. Forwarding it
17:03:49.267 > [1012403][I][LoraMesher.cpp:1051] addToSendOrderedAndNotify(): [LoRaMesher] Added packet to Q_SP, notifying sender task
17:03:49.277 > [1012414][V][LoraMesher.cpp:511] sendPackets(): [LoRaMesher] Stack space unused after entering the task: 2004
17:03:49.286 > [1012424][V][LoraMesher.cpp:512] sendPackets(): [LoRaMesher] Free heap: 336048
17:03:49.293 > [1012431][V][LoraMesher.cpp:518] sendPackets(): [LoRaMesher] Size of Send Packets Queue: 1
17:03:49.301 > [1012439][V][LoraMesher.cpp:525] sendPackets(): [LoRaMesher] Send n. 42
17:03:49.308 > [1012445][V][LoraMesher.cpp:455] waitBeforeSend(): [LoRaMesher] RandomDelay 504 ms
17:03:49.315 > [1012453][V][LoraMesher.cpp:641] processPackets(): [LoRaMesher] Stack space unused after entering the task: 2040
17:03:49.325 > [1012463][V][LoraMesher.cpp:642] processPackets(): [LoRaMesher] Free heap: 336076
17:03:49.819 > [1012956][V][LoraMesher.cpp:754] printHeaderPacket(): [LoRaMesher] Packet send -- Size: 17 Src: B3F0 Dst: D110 Id: 59 Type: 2 Via: AFC0 Seq_Id: 0 Num: 0
17:03:49.909 > [1013046][V][LoraMesher.cpp:575] sendPackets(): [LoRaMesher] TimeOnAir 63 ms, next message in 0 ms
17:03:49.918 > [1013055][I][PacketQueueService.h:80] deleteQueuePacketAndPacket(): [LoRaMesher] Deleting packet
17:03:49.927 > [1013064][I][PacketQueueService.h:83] deleteQueuePacketAndPacket(): [LoRaMesher] Deleting packet queue
17:03:51.146 > [1014283][V][LoraMesher.cpp:378] receivingRoutine(): [LoRaMesher] Stack space unused after entering the task: 2072
17:03:51.156 > [1014293][V][LoraMesher.cpp:379] receivingRoutine(): [LoRaMesher] Free heap: 336144
17:03:51.164 > [1014301][I][PacketService.cpp:12] createEmptyPacket(): [LoRaMesher] Packet created with 17 bytes
17:03:51.173 > [1014310][I][LoraMesher.cpp:392] receivingRoutine(): [LoRaMesher] Receiving LoRa packet: Size: 17 bytes RSSI: -54 SNR: 13
17:03:51.184 > [1014321][V][LoraMesher.cpp:647] processPackets(): [LoRaMesher] Size of Received Packets Queue: 1
17:03:51.193 > [1014330][V][LoraMesher.cpp:754] printHeaderPacket(): [LoRaMesher] Packet received -- Size: 17 Src: B3F0 Dst: D110 Id: 59 Type: 2 Via: F02C Seq_Id: 0 Num: 0
17:03:51.207 > [1014344][I][LoraMesher.cpp:854] processDataPacket(): [LoRaMesher] Data packet from B3F0, destination D110, via F02C
17:03:51.218 > [1014354][V][LoraMesher.cpp:878] processDataPacket(): [LoRaMesher] Packet not for me, deleting it
17:03:51.225 > [1014363][I][PacketQueueService.h:80] deleteQueuePacketAndPacket(): [LoRaMesher] Deleting packet
17:03:51.235 > [1014371][I][PacketQueueService.h:83] deleteQueuePacketAndPacket(): [LoRaMesher] Deleting packet queue
17:03:51.243 > [1014380][V][LoraMesher.cpp:641] processPackets(): [LoRaMesher] Stack space unused after entering the task: 2040
17:03:51.253 > [1014390][V][LoraMesher.cpp:642] processPackets(): [LoRaMesher] Free heap: 336144
17:03:52.540 > [1015677][V][LoraMesher.cpp:378] receivingRoutine(): [LoRaMesher] Stack space unused after entering the task: 2072
17:03:52.551 > [1015688][V][LoraMesher.cpp:379] receivingRoutine(): [LoRaMesher] Free heap: 336144
17:03:52.559 > [1015695][I][PacketService.cpp:12] createEmptyPacket(): [LoRaMesher] Packet created with 17 bytes
17:03:52.567 > [1015704][I][LoraMesher.cpp:392] receivingRoutine(): [LoRaMesher] Receiving LoRa packet: Size: 17 bytes RSSI: -3 SNR: 12
17:03:52.578 > [1015715][V][LoraMesher.cpp:647] processPackets(): [LoRaMesher] Size of Received Packets Queue: 1
17:03:52.587 > [1015724][V][LoraMesher.cpp:754] printHeaderPacket(): [LoRaMesher] Packet received -- Size: 17 Src: B3F0 Dst: D110 Id: 59 Type: 2 Via: D110 Seq_Id: 0 Num: 0
17:03:52.600 > [1015738][I][LoraMesher.cpp:854] processDataPacket(): [LoRaMesher] Data packet from B3F0, destination D110, via D110
17:03:52.612 > [1015748][V][LoraMesher.cpp:878] processDataPacket(): [LoRaMesher] Packet not for me, deleting it
17:03:52.619 > [1015757][I][PacketQueueService.h:80] deleteQueuePacketAndPacket(): [LoRaMesher] Deleting packet
17:03:52.628 > [1015765][I][PacketQueueService.h:83] deleteQueuePacketAndPacket(): [LoRaMesher] Deleting packet queue
17:03:52.637 > [1015774][V][LoraMesher.cpp:641] processPackets(): [LoRaMesher] Stack space unused after entering the task: 2040
17:03:52.647 > [1015784][V][LoraMesher.cpp:642] processPackets(): [LoRaMesher] Free heap: 336144
17:04:09.586 > [1032723][V][LoraMesher.cpp:378] receivingRoutine(): [LoRaMesher] Stack space unused after entering the task: 2072
17:04:09.596 > [1032733][V][LoraMesher.cpp:379] receivingRoutine(): [LoRaMesher] Free heap: 336144
17:04:09.604 > [1032741][I][PacketService.cpp:12] createEmptyPacket(): [LoRaMesher] Packet created with 17 bytes
17:04:09.612 > [1032750][I][LoraMesher.cpp:392] receivingRoutine(): [LoRaMesher] Receiving LoRa packet: Size: 17 bytes RSSI: -12 SNR: 12
17:04:09.624 > [1032761][V][LoraMesher.cpp:647] processPackets(): [LoRaMesher] Size of Received Packets Queue: 1
17:04:09.632 > [1032770][V][LoraMesher.cpp:754] printHeaderPacket(): [LoRaMesher] Packet received -- Size: 17 Src: B3F0 Dst: D110 Id: 60 Type: 2 Via: DE6C Seq_Id: 0 Num: 0
17:04:09.646 > [1032783][I][LoraMesher.cpp:854] processDataPacket(): [LoRaMesher] Data packet from B3F0, destination D110, via DE6C
17:04:09.657 > [1032794][V][LoraMesher.cpp:872] processDataPacket(): [LoRaMesher] Data Packet from B3F0 for D110. Via is me. Forwarding it
17:04:09.668 > [1032805][I][LoraMesher.cpp:1051] addToSendOrderedAndNotify(): [LoRaMesher] Added packet to Q_SP, notifying sender task
17:04:09.678 > [1032815][V][LoraMesher.cpp:511] sendPackets(): [LoRaMesher] Stack space unused after entering the task: 2004
17:04:09.688 > [1032825][V][LoraMesher.cpp:512] sendPackets(): [LoRaMesher] Free heap: 336048
17:04:09.695 > [1032832][V][LoraMesher.cpp:518] sendPackets(): [LoRaMesher] Size of Send Packets Queue: 1
17:04:09.703 > [1032840][V][LoraMesher.cpp:525] sendPackets(): [LoRaMesher] Send n. 43
17:04:09.709 > [1032847][V][LoraMesher.cpp:455] waitBeforeSend(): [LoRaMesher] RandomDelay 679 ms
17:04:09.717 > [1032854][V][LoraMesher.cpp:641] processPackets(): [LoRaMesher] Stack space unused after entering the task: 2040
17:04:09.727 > [1032864][V][LoraMesher.cpp:642] processPackets(): [LoRaMesher] Free heap: 336076
17:04:10.395 > [1033532][V][LoraMesher.cpp:754] printHeaderPacket(): [LoRaMesher] Packet send -- Size: 17 Src: B3F0 Dst: D110 Id: 60 Type: 2 Via: AFC0 Seq_Id: 0 Num: 0
17:04:10.485 > [1033622][V][LoraMesher.cpp:575] sendPackets(): [LoRaMesher] TimeOnAir 63 ms, next message in 0 ms
17:04:10.494 > [1033631][I][PacketQueueService.h:80] deleteQueuePacketAndPacket(): [LoRaMesher] Deleting packet
17:04:10.502 > [1033639][I][PacketQueueService.h:83] deleteQueuePacketAndPacket(): [LoRaMesher] Deleting packet queue
17:04:11.179 > [1034317][V][LoraMesher.cpp:378] receivingRoutine(): [LoRaMesher] Stack space unused after entering the task: 2072
17:04:11.190 > [1034327][V][LoraMesher.cpp:379] receivingRoutine(): [LoRaMesher] Free heap: 336144
17:04:11.197 > [1034334][I][PacketService.cpp:12] createEmptyPacket(): [LoRaMesher] Packet created with 17 bytes
17:04:11.206 > [1034343][I][LoraMesher.cpp:392] receivingRoutine(): [LoRaMesher] Receiving LoRa packet: Size: 17 bytes RSSI: -53 SNR: 12
17:04:11.217 > [1034354][V][LoraMesher.cpp:647] processPackets(): [LoRaMesher] Size of Received Packets Queue: 1
17:04:11.226 > [1034363][V][LoraMesher.cpp:754] printHeaderPacket(): [LoRaMesher] Packet received -- Size: 17 Src: B3F0 Dst: D110 Id: 60 Type: 2 Via: F02C Seq_Id: 0 Num: 0
17:04:11.240 > [1034377][I][LoraMesher.cpp:854] processDataPacket(): [LoRaMesher] Data packet from B3F0, destination D110, via F02C
17:04:11.250 > [1034387][V][LoraMesher.cpp:878] processDataPacket(): [LoRaMesher] Packet not for me, deleting it
17:04:11.259 > [1034396][I][PacketQueueService.h:80] deleteQueuePacketAndPacket(): [LoRaMesher] Deleting packet
17:04:11.267 > [1034405][I][PacketQueueService.h:83] deleteQueuePacketAndPacket(): [LoRaMesher] Deleting packet queue
17:04:11.277 > [1034414][V][LoraMesher.cpp:641] processPackets(): [LoRaMesher] Stack space unused after entering the task: 2040
17:04:11.287 > [1034424][V][LoraMesher.cpp:642] processPackets(): [LoRaMesher] Free heap: 336144
17:04:12.274 > [1035411][V][LoraMesher.cpp:378] receivingRoutine(): [LoRaMesher] Stack space unused after entering the task: 2072
17:04:12.284 > [1035421][V][LoraMesher.cpp:379] receivingRoutine(): [LoRaMesher] Free heap: 336144
17:04:12.292 > [1035429][I][PacketService.cpp:12] createEmptyPacket(): [LoRaMesher] Packet created with 17 bytes
17:04:12.300 > [1035437][I][LoraMesher.cpp:392] receivingRoutine(): [LoRaMesher] Receiving LoRa packet: Size: 17 bytes RSSI: -5 SNR: 13
17:04:12.311 > [1035449][V][LoraMesher.cpp:647] processPackets(): [LoRaMesher] Size of Received Packets Queue: 1
17:04:12.320 > [1035457][V][LoraMesher.cpp:754] printHeaderPacket(): [LoRaMesher] Packet received -- Size: 17 Src: B3F0 Dst: D110 Id: 60 Type: 2 Via: D110 Seq_Id: 0 Num: 0
17:04:12.334 > [1035471][I][LoraMesher.cpp:854] processDataPacket(): [LoRaMesher] Data packet from B3F0, destination D110, via D110
17:04:12.344 > [1035482][V][LoraMesher.cpp:878] processDataPacket(): [LoRaMesher] Packet not for me, deleting it
17:04:12.353 > [1035490][I][PacketQueueService.h:80] deleteQueuePacketAndPacket(): [LoRaMesher] Deleting packet
17:04:12.362 > [1035499][I][PacketQueueService.h:83] deleteQueuePacketAndPacket(): [LoRaMesher] Deleting packet queue
17:04:12.371 > [1035508][V][LoraMesher.cpp:641] processPackets(): [LoRaMesher] Stack space unused after entering the task: 2040
17:04:12.381 > [1035518][V][LoraMesher.cpp:642] processPackets(): [LoRaMesher] Free heap: 336144
17:04:29.718 > [1052855][V][LoraMesher.cpp:378] receivingRoutine(): [LoRaMesher] Stack space unused after entering the task: 2072
17:04:29.729 > [1052866][V][LoraMesher.cpp:379] receivingRoutine(): [LoRaMesher] Free heap: 336144
17:04:29.736 > [1052873][I][PacketService.cpp:12] createEmptyPacket(): [LoRaMesher] Packet created with 17 bytes
17:04:29.745 > [1052882][I][LoraMesher.cpp:392] receivingRoutine(): [LoRaMesher] Receiving LoRa packet: Size: 17 bytes RSSI: -12 SNR: 13
17:04:29.756 > [1052893][V][LoraMesher.cpp:647] processPackets(): [LoRaMesher] Size of Received Packets Queue: 1
17:04:29.765 > [1052902][V][LoraMesher.cpp:754] printHeaderPacket(): [LoRaMesher] Packet received -- Size: 17 Src: B3F0 Dst: D110 Id: 61 Type: 2 Via: DE6C Seq_Id: 0 Num: 0
17:04:29.779 > [1052916][I][LoraMesher.cpp:854] processDataPacket(): [LoRaMesher] Data packet from B3F0, destination D110, via DE6C
17:04:29.789 > [1052926][V][LoraMesher.cpp:872] processDataPacket(): [LoRaMesher] Data Packet from B3F0 for D110. Via is me. Forwarding it
17:04:29.800 > [1052937][I][LoraMesher.cpp:1051] addToSendOrderedAndNotify(): [LoRaMesher] Added packet to Q_SP, notifying sender task
17:04:29.811 > [1052948][V][LoraMesher.cpp:511] sendPackets(): [LoRaMesher] Stack space unused after entering the task: 2004
17:04:29.820 > [1052957][V][LoraMesher.cpp:512] sendPackets(): [LoRaMesher] Free heap: 336048
17:04:29.827 > [1052964][V][LoraMesher.cpp:518] sendPackets(): [LoRaMesher] Size of Send Packets Queue: 1
17:04:29.836 > [1052973][V][LoraMesher.cpp:525] sendPackets(): [LoRaMesher] Send n. 44
17:04:29.842 > [1052979][V][LoraMesher.cpp:455] waitBeforeSend(): [LoRaMesher] RandomDelay 924 ms
17:04:29.849 > [1052986][V][LoraMesher.cpp:641] processPackets(): [LoRaMesher] Stack space unused after entering the task: 2040
17:04:29.859 > [1052996][V][LoraMesher.cpp:642] processPackets(): [LoRaMesher] Free heap: 336076
17:04:30.773 > [1053910][V][LoraMesher.cpp:754] printHeaderPacket(): [LoRaMesher] Packet send -- Size: 17 Src: B3F0 Dst: D110 Id: 61 Type: 2 Via: AFC0 Seq_Id: 0 Num: 0
17:04:30.863 > [1054000][V][LoraMesher.cpp:575] sendPackets(): [LoRaMesher] TimeOnAir 63 ms, next message in 0 ms
17:04:30.872 > [1054009][I][PacketQueueService.h:80] deleteQueuePacketAndPacket(): [LoRaMesher] Deleting packet
17:04:30.881 > [1054017][I][PacketQueueService.h:83] deleteQueuePacketAndPacket(): [LoRaMesher] Deleting packet queue
17:04:31.397 > [1054535][V][LoraMesher.cpp:378] receivingRoutine(): [LoRaMesher] Stack space unused after entering the task: 2072
17:04:31.408 > [1054545][V][LoraMesher.cpp:379] receivingRoutine(): [LoRaMesher] Free heap: 336144
17:04:31.416 > [1054553][I][PacketService.cpp:12] createEmptyPacket(): [LoRaMesher] Packet created with 17 bytes
17:04:31.425 > [1054562][I][LoraMesher.cpp:392] receivingRoutine(): [LoRaMesher] Receiving LoRa packet: Size: 17 bytes RSSI: -53 SNR: 13
17:04:31.436 > [1054573][V][LoraMesher.cpp:647] processPackets(): [LoRaMesher] Size of Received Packets Queue: 1
17:04:31.445 > [1054582][V][LoraMesher.cpp:754] printHeaderPacket(): [LoRaMesher] Packet received -- Size: 17 Src: B3F0 Dst: D110 Id: 61 Type: 2 Via: F02C Seq_Id: 0 Num: 0
17:04:31.459 > [1054595][I][LoraMesher.cpp:854] processDataPacket(): [LoRaMesher] Data packet from B3F0, destination D110, via F02C
17:04:31.469 > [1054606][V][LoraMesher.cpp:878] processDataPacket(): [LoRaMesher] Packet not for me, deleting it
17:04:31.477 > [1054614][I][PacketQueueService.h:80] deleteQueuePacketAndPacket(): [LoRaMesher] Deleting packet
17:04:31.486 > [1054623][I][PacketQueueService.h:83] deleteQueuePacketAndPacket(): [LoRaMesher] Deleting packet queue
17:04:31.495 > [1054632][V][LoraMesher.cpp:641] processPackets(): [LoRaMesher] Stack space unused after entering the task: 2040
17:04:31.505 > [1054642][V][LoraMesher.cpp:642] processPackets(): [LoRaMesher] Free heap: 336144
17:04:32.069 > [1055206][V][LoraMesher.cpp:378] receivingRoutine(): [LoRaMesher] Stack space unused after entering the task: 2072
17:04:32.080 > [1055216][V][LoraMesher.cpp:379] receivingRoutine(): [LoRaMesher] Free heap: 336144
17:04:32.087 > [1055224][I][PacketService.cpp:12] createEmptyPacket(): [LoRaMesher] Packet created with 17 bytes
17:04:32.096 > [1055233][I][LoraMesher.cpp:392] receivingRoutine(): [LoRaMesher] Receiving LoRa packet: Size: 17 bytes RSSI: -5 SNR: 13
17:04:32.107 > [1055244][V][LoraMesher.cpp:647] processPackets(): [LoRaMesher] Size of Received Packets Queue: 1
17:04:32.116 > [1055253][V][LoraMesher.cpp:754] printHeaderPacket(): [LoRaMesher] Packet received -- Size: 17 Src: B3F0 Dst: D110 Id: 61 Type: 2 Via: D110 Seq_Id: 0 Num: 0
17:04:32.130 > [1055267][I][LoraMesher.cpp:854] processDataPacket(): [LoRaMesher] Data packet from B3F0, destination D110, via D110
17:04:32.140 > [1055277][V][LoraMesher.cpp:878] processDataPacket(): [LoRaMesher] Packet not for me, deleting it
17:04:32.149 > [1055286][I][PacketQueueService.h:80] deleteQueuePacketAndPacket(): [LoRaMesher] Deleting packet
17:04:32.157 > [1055294][I][PacketQueueService.h:83] deleteQueuePacketAndPacket(): [LoRaMesher] Deleting packet queue
17:04:32.166 > [1055303][V][LoraMesher.cpp:641] processPackets(): [LoRaMesher] Stack space unused after entering the task: 2040
17:04:32.176 > [1055313][V][LoraMesher.cpp:642] processPackets(): [LoRaMesher] Free heap: 336144
17:04:50.226 > [1073364][V][LoraMesher.cpp:378] receivingRoutine(): [LoRaMesher] Stack space unused after entering the task: 2072
17:04:50.237 > [1073374][V][LoraMesher.cpp:379] receivingRoutine(): [LoRaMesher] Free heap: 336144
17:04:50.245 > [1073382][I][PacketService.cpp:12] createEmptyPacket(): [LoRaMesher] Packet created with 17 bytes
17:04:50.254 > [1073390][I][LoraMesher.cpp:392] receivingRoutine(): [LoRaMesher] Receiving LoRa packet: Size: 17 bytes RSSI: -12 SNR: 12
17:04:50.265 > [1073402][V][LoraMesher.cpp:647] processPackets(): [LoRaMesher] Size of Received Packets Queue: 1
17:04:50.274 > [1073410][V][LoraMesher.cpp:754] printHeaderPacket(): [LoRaMesher] Packet received -- Size: 17 Src: B3F0 Dst: D110 Id: 62 Type: 2 Via: DE6C Seq_Id: 0 Num: 0
17:04:50.287 > [1073424][I][LoraMesher.cpp:854] processDataPacket(): [LoRaMesher] Data packet from B3F0, destination D110, via DE6C
17:04:50.298 > [1073435][V][LoraMesher.cpp:872] processDataPacket(): [LoRaMesher] Data Packet from B3F0 for D110. Via is me. Forwarding it
17:04:50.309 > [1073445][I][LoraMesher.cpp:1051] addToSendOrderedAndNotify(): [LoRaMesher] Added packet to Q_SP, notifying sender task
17:04:50.319 > [1073456][V][LoraMesher.cpp:511] sendPackets(): [LoRaMesher] Stack space unused after entering the task: 2004
17:04:50.329 > [1073466][V][LoraMesher.cpp:512] sendPackets(): [LoRaMesher] Free heap: 336048
17:04:50.336 > [1073473][V][LoraMesher.cpp:518] sendPackets(): [LoRaMesher] Size of Send Packets Queue: 1
17:04:50.344 > [1073481][V][LoraMesher.cpp:525] sendPackets(): [LoRaMesher] Send n. 45
17:04:50.351 > [1073487][V][LoraMesher.cpp:455] waitBeforeSend(): [LoRaMesher] RandomDelay 746 ms
17:04:50.358 > [1073495][V][LoraMesher.cpp:641] processPackets(): [LoRaMesher] Stack space unused after entering the task: 2040
17:04:50.368 > [1073505][V][LoraMesher.cpp:642] processPackets(): [LoRaMesher] Free heap: 336076
17:04:51.103 > [1074240][V][LoraMesher.cpp:754] printHeaderPacket(): [LoRaMesher] Packet send -- Size: 17 Src: B3F0 Dst: D110 Id: 62 Type: 2 Via: AFC0 Seq_Id: 0 Num: 0
17:04:51.193 > [1074330][V][LoraMesher.cpp:575] sendPackets(): [LoRaMesher] TimeOnAir 63 ms, next message in 0 ms
17:04:51.202 > [1074339][I][PacketQueueService.h:80] deleteQueuePacketAndPacket(): [LoRaMesher] Deleting packet
17:04:51.211 > [1074347][I][PacketQueueService.h:83] deleteQueuePacketAndPacket(): [LoRaMesher] Deleting packet queue
17:04:51.907 > [1075044][V][LoraMesher.cpp:378] receivingRoutine(): [LoRaMesher] Stack space unused after entering the task: 2072
17:04:51.918 > [1075055][V][LoraMesher.cpp:379] receivingRoutine(): [LoRaMesher] Free heap: 336144
17:04:51.925 > [1075062][I][PacketService.cpp:12] createEmptyPacket(): [LoRaMesher] Packet created with 17 bytes
17:04:51.934 > [1075071][I][LoraMesher.cpp:392] receivingRoutine(): [LoRaMesher] Receiving LoRa packet: Size: 17 bytes RSSI: -53 SNR: 12
17:04:51.945 > [1075082][V][LoraMesher.cpp:647] processPackets(): [LoRaMesher] Size of Received Packets Queue: 1
17:04:51.954 > [1075091][V][LoraMesher.cpp:754] printHeaderPacket(): [LoRaMesher] Packet received -- Size: 17 Src: B3F0 Dst: D110 Id: 62 Type: 2 Via: F02C Seq_Id: 0 Num: 0
17:04:51.968 > [1075105][I][LoraMesher.cpp:854] processDataPacket(): [LoRaMesher] Data packet from B3F0, destination D110, via F02C
17:04:51.978 > [1075115][V][LoraMesher.cpp:878] processDataPacket(): [LoRaMesher] Packet not for me, deleting it
17:04:51.987 > [1075124][I][PacketQueueService.h:80] deleteQueuePacketAndPacket(): [LoRaMesher] Deleting packet
17:04:51.996 > [1075132][I][PacketQueueService.h:83] deleteQueuePacketAndPacket(): [LoRaMesher] Deleting packet queue
17:04:52.005 > [1075141][V][LoraMesher.cpp:641] processPackets(): [LoRaMesher] Stack space unused after entering the task: 2040
17:04:52.015 > [1075152][V][LoraMesher.cpp:642] processPackets(): [LoRaMesher] Free heap: 336144
17:04:53.075 > [1076213][V][LoraMesher.cpp:378] receivingRoutine(): [LoRaMesher] Stack space unused after entering the task: 2072
17:04:53.086 > [1076223][V][LoraMesher.cpp:379] receivingRoutine(): [LoRaMesher] Free heap: 336144
17:04:53.094 > [1076230][I][PacketService.cpp:12] createEmptyPacket(): [LoRaMesher] Packet created with 17 bytes
17:04:53.103 > [1076239][I][LoraMesher.cpp:392] receivingRoutine(): [LoRaMesher] Receiving LoRa packet: Size: 17 bytes RSSI: -5 SNR: 13
17:04:53.114 > [1076250][V][LoraMesher.cpp:647] processPackets(): [LoRaMesher] Size of Received Packets Queue: 1
17:04:53.123 > [1076259][V][LoraMesher.cpp:754] printHeaderPacket(): [LoRaMesher] Packet received -- Size: 17 Src: B3F0 Dst: D110 Id: 62 Type: 2 Via: D110 Seq_Id: 0 Num: 0
17:04:53.136 > [1076273][I][LoraMesher.cpp:854] processDataPacket(): [LoRaMesher] Data packet from B3F0, destination D110, via D110
17:04:53.147 > [1076283][V][LoraMesher.cpp:878] processDataPacket(): [LoRaMesher] Packet not for me, deleting it
17:04:53.155 > [1076292][I][PacketQueueService.h:80] deleteQueuePacketAndPacket(): [LoRaMesher] Deleting packet
17:04:53.164 > [1076301][I][PacketQueueService.h:83] deleteQueuePacketAndPacket(): [LoRaMesher] Deleting packet queue
17:04:53.173 > [1076310][V][LoraMesher.cpp:641] processPackets(): [LoRaMesher] Stack space unused after entering the task: 2040
17:04:53.183 > [1076320][V][LoraMesher.cpp:642] processPackets(): [LoRaMesher] Free heap: 336144
17:05:05.352 > [1088490][V][LoraMesher.cpp:598] sendHelloPacket(): [LoRaMesher] Creating Routing Packet
17:05:05.361 > [1088498][V][LoraMesher.cpp:599] sendHelloPacket(): [LoRaMesher] Stack space unused after entering the task: 2328
17:05:05.371 > [1088508][V][LoraMesher.cpp:600] sendHelloPacket(): [LoRaMesher] Free heap: 336144
17:05:05.378 > [1088516][V][PacketFactory.h:45] createPacket(): [LoRaMesher] Creating packet with 24 bytes
17:05:05.386 > [1088524][I][PacketFactory.h:74] createPacket(): [LoRaMesher] Packet created with 24 bytes
17:05:05.395 > [1088532][I][LoraMesher.h:659] setPackedForSend(): [LoRaMesher] Adding packet to Q_SP
17:05:05.403 > [1088539][I][LoraMesher.h:661] setPackedForSend(): [LoRaMesher] Created packet to Q_SP
17:05:05.409 > [1088547][I][LoraMesher.cpp:1051] addToSendOrderedAndNotify(): [LoRaMesher] Added packet to Q_SP, notifying sender task
17:05:05.420 > [1088558][V][LoraMesher.cpp:511] sendPackets(): [LoRaMesher] Stack space unused after entering the task: 2004
17:05:05.430 > [1088567][V][LoraMesher.cpp:512] sendPackets(): [LoRaMesher] Free heap: 336044
17:05:05.437 > [1088574][V][LoraMesher.cpp:518] sendPackets(): [LoRaMesher] Size of Send Packets Queue: 1
17:05:05.445 > [1088583][V][LoraMesher.cpp:525] sendPackets(): [LoRaMesher] Send n. 46
17:05:05.452 > [1088589][V][LoraMesher.cpp:455] waitBeforeSend(): [LoRaMesher] RandomDelay 941 ms
17:05:06.016 > [1089154][V][LoraMesher.cpp:378] receivingRoutine(): [LoRaMesher] Stack space unused after entering the task: 2040
17:05:06.027 > [1089164][V][LoraMesher.cpp:379] receivingRoutine(): [LoRaMesher] Free heap: 336072
17:05:06.034 > [1089172][I][PacketService.cpp:12] createEmptyPacket(): [LoRaMesher] Packet created with 24 bytes
17:05:06.044 > [1089181][I][LoraMesher.cpp:392] receivingRoutine(): [LoRaMesher] Receiving LoRa packet: Size: 24 bytes RSSI: -54 SNR: 13
17:05:06.054 > [1089192][V][LoraMesher.cpp:647] processPackets(): [LoRaMesher] Size of Received Packets Queue: 1
17:05:06.064 > [1089201][V][LoraMesher.cpp:754] printHeaderPacket(): [LoRaMesher] Packet received -- Size: 24 Src: AFC0 Dst: FFFF Id: 10 Type: 4 Via: 0 Seq_Id: 0 Num: 0
17:05:06.078 > [1089214][I][RoutingTableService.cpp:77] processRoute(): [LoRaMesher] Route packet from AFC0 with size 4
17:05:06.087 > [1089224][I][RoutingTableService.cpp:99] resetReceiveSNRRoutePacket(): [LoRaMesher] Reset Receive SNR from AFC0: 13
17:05:06.096 > [1089234][I][RoutingTableService.cpp:192] printRoutingTable(): [LoRaMesher] Current routing table:
17:05:06.105 > [1089243][I][RoutingTableService.cpp:206] printRoutingTable(): [LoRaMesher] 0 - AFC0 via AFC0 metric 1 Role 0
17:05:06.115 > [1089252][I][RoutingTableService.cpp:206] printRoutingTable(): [LoRaMesher] 1 - F02C via AFC0 metric 2 Role 0
17:05:06.125 > [1089262][I][RoutingTableService.cpp:206] printRoutingTable(): [LoRaMesher] 2 - B3F0 via B3F0 metric 1 Role 0
17:05:06.135 > [1089272][I][RoutingTableService.cpp:206] printRoutingTable(): [LoRaMesher] 3 - D110 via AFC0 metric 3 Role 1
17:05:06.144 > [1089282][I][PacketQueueService.h:80] deleteQueuePacketAndPacket(): [LoRaMesher] Deleting packet
17:05:06.152 > [1089290][I][PacketQueueService.h:83] deleteQueuePacketAndPacket(): [LoRaMesher] Deleting packet queue
17:05:06.162 > [1089299][V][LoraMesher.cpp:641] processPackets(): [LoRaMesher] Stack space unused after entering the task: 2040
17:05:06.172 > [1089309][V][LoraMesher.cpp:642] processPackets(): [LoRaMesher] Free heap: 336072
17:05:06.405 > [1089543][V][LoraMesher.cpp:462] waitBeforeSend(): [LoRaMesher] Preamble detected while waiting 1
17:05:06.415 > [1089552][V][LoraMesher.cpp:455] waitBeforeSend(): [LoRaMesher] RandomDelay 1091 ms
17:05:06.891 > [1090028][V][LoraMesher.cpp:378] receivingRoutine(): [LoRaMesher] Stack space unused after entering the task: 2040
17:05:06.902 > [1090039][V][LoraMesher.cpp:379] receivingRoutine(): [LoRaMesher] Free heap: 336072
17:05:06.909 > [1090046][I][PacketService.cpp:12] createEmptyPacket(): [LoRaMesher] Packet created with 24 bytes
17:05:06.918 > [1090055][I][LoraMesher.cpp:392] receivingRoutine(): [LoRaMesher] Receiving LoRa packet: Size: 24 bytes RSSI: -11 SNR: 13
17:05:06.929 > [1090066][V][LoraMesher.cpp:647] processPackets(): [LoRaMesher] Size of Received Packets Queue: 1
17:05:06.937 > [1090075][V][LoraMesher.cpp:754] printHeaderPacket(): [LoRaMesher] Packet received -- Size: 24 Src: B3F0 Dst: FFFF Id: 63 Type: 4 Via: 0 Seq_Id: 0 Num: 0
17:05:06.951 > [1090089][I][RoutingTableService.cpp:77] processRoute(): [LoRaMesher] Route packet from B3F0 with size 4
17:05:06.961 > [1090098][I][RoutingTableService.cpp:99] resetReceiveSNRRoutePacket(): [LoRaMesher] Reset Receive SNR from B3F0: 13
17:05:06.970 > [1090108][I][RoutingTableService.cpp:192] printRoutingTable(): [LoRaMesher] Current routing table:
17:05:06.980 > [1090117][I][RoutingTableService.cpp:206] printRoutingTable(): [LoRaMesher] 0 - AFC0 via AFC0 metric 1 Role 0
17:05:06.989 > [1090127][I][RoutingTableService.cpp:206] printRoutingTable(): [LoRaMesher] 1 - F02C via AFC0 metric 2 Role 0
17:05:06.999 > [1090136][I][RoutingTableService.cpp:206] printRoutingTable(): [LoRaMesher] 2 - B3F0 via B3F0 metric 1 Role 0
17:05:07.009 > [1090146][I][RoutingTableService.cpp:206] printRoutingTable(): [LoRaMesher] 3 - D110 via AFC0 metric 3 Role 1
17:05:07.018 > [1090156][I][PacketQueueService.h:80] deleteQueuePacketAndPacket(): [LoRaMesher] Deleting packet
17:05:07.027 > [1090164][I][PacketQueueService.h:83] deleteQueuePacketAndPacket(): [LoRaMesher] Deleting packet queue
17:05:07.036 > [1090173][V][LoraMesher.cpp:641] processPackets(): [LoRaMesher] Stack space unused after entering the task: 2040
17:05:07.046 > [1090183][V][LoraMesher.cpp:642] processPackets(): [LoRaMesher] Free heap: 336072
17:05:07.518 > [1090656][V][LoraMesher.cpp:462] waitBeforeSend(): [LoRaMesher] Preamble detected while waiting 2
17:05:07.528 > [1090665][V][LoraMesher.cpp:455] waitBeforeSend(): [LoRaMesher] RandomDelay 842 ms
17:05:07.911 > [1091049][V][LoraMesher.cpp:378] receivingRoutine(): [LoRaMesher] Stack space unused after entering the task: 2040
17:05:07.922 > [1091059][V][LoraMesher.cpp:379] receivingRoutine(): [LoRaMesher] Free heap: 336072
17:05:07.930 > [1091067][I][PacketService.cpp:12] createEmptyPacket(): [LoRaMesher] Packet created with 24 bytes
17:05:07.939 > [1091076][I][LoraMesher.cpp:392] receivingRoutine(): [LoRaMesher] Receiving LoRa packet: Size: 24 bytes RSSI: -6 SNR: 12
17:05:07.949 > [1091087][V][LoraMesher.cpp:647] processPackets(): [LoRaMesher] Size of Received Packets Queue: 1
17:05:07.958 > [1091096][I][PacketQueueService.h:80] deleteQueuePacketAndPacket(): [LoRaMesher] Deleting packet
17:05:07.967 > [1091104][I][PacketQueueService.h:83] deleteQueuePacketAndPacket(): [LoRaMesher] Deleting packet queue
17:05:07.976 > [1091113][V][LoraMesher.cpp:658] processPackets(): [LoRaMesher] TESTING: Packet not for me, deleting it
17:05:07.985 > [1091122][V][LoraMesher.cpp:641] processPackets(): [LoRaMesher] Stack space unused after entering the task: 2040
17:05:07.996 > [1091132][V][LoraMesher.cpp:642] processPackets(): [LoRaMesher] Free heap: 336072
17:05:08.381 > [1091519][V][LoraMesher.cpp:462] waitBeforeSend(): [LoRaMesher] Preamble detected while waiting 3
17:05:08.390 > [1091528][V][LoraMesher.cpp:455] waitBeforeSend(): [LoRaMesher] RandomDelay 1504 ms
17:05:09.751 > [1092888][V][LoraMesher.cpp:378] receivingRoutine(): [LoRaMesher] Stack space unused after entering the task: 2040
17:05:09.762 > [1092898][V][LoraMesher.cpp:379] receivingRoutine(): [LoRaMesher] Free heap: 336072
17:05:09.768 > [1092906][I][PacketService.cpp:12] createEmptyPacket(): [LoRaMesher] Packet created with 17 bytes
17:05:09.777 > [1092915][I][LoraMesher.cpp:392] receivingRoutine(): [LoRaMesher] Receiving LoRa packet: Size: 17 bytes RSSI: -12 SNR: 12
17:05:09.788 > [1092926][V][LoraMesher.cpp:647] processPackets(): [LoRaMesher] Size of Received Packets Queue: 1
17:05:09.797 > [1092935][V][LoraMesher.cpp:754] printHeaderPacket(): [LoRaMesher] Packet received -- Size: 17 Src: B3F0 Dst: D110 Id: 64 Type: 2 Via: DE6C Seq_Id: 0 Num: 0
17:05:09.811 > [1092949][I][LoraMesher.cpp:854] processDataPacket(): [LoRaMesher] Data packet from B3F0, destination D110, via DE6C
17:05:09.821 > [1092959][V][LoraMesher.cpp:872] processDataPacket(): [LoRaMesher] Data Packet from B3F0 for D110. Via is me. Forwarding it
17:05:09.832 > [1092970][I][LoraMesher.cpp:1051] addToSendOrderedAndNotify(): [LoRaMesher] Added packet to Q_SP, notifying sender task
17:05:09.843 > [1092980][V][LoraMesher.cpp:641] processPackets(): [LoRaMesher] Stack space unused after entering the task: 2040
17:05:09.853 > [1092991][V][LoraMesher.cpp:642] processPackets(): [LoRaMesher] Free heap: 335964
17:05:09.906 > [1093044][V][LoraMesher.cpp:462] waitBeforeSend(): [LoRaMesher] Preamble detected while waiting 4
17:05:09.915 > [1093053][V][LoraMesher.cpp:754] printHeaderPacket(): [LoRaMesher] Packet send -- Size: 24 Src: DE6C Dst: FFFF Id: 9 Type: 4 Via: 0 Seq_Id: 0 Num: 0
17:05:10.019 > [1093157][V][LoraMesher.cpp:575] sendPackets(): [LoRaMesher] TimeOnAir 78 ms, next message in 0 ms
17:05:10.029 > [1093165][I][PacketQueueService.h:80] deleteQueuePacketAndPacket(): [LoRaMesher] Deleting packet
17:05:10.037 > [1093174][I][PacketQueueService.h:83] deleteQueuePacketAndPacket(): [LoRaMesher] Deleting packet queue
17:05:10.046 > [1093183][V][LoraMesher.cpp:518] sendPackets(): [LoRaMesher] Size of Send Packets Queue: 1
17:05:10.054 > [1093191][V][LoraMesher.cpp:525] sendPackets(): [LoRaMesher] Send n. 47
17:05:10.060 > [1093198][V][LoraMesher.cpp:455] waitBeforeSend(): [LoRaMesher] RandomDelay 1127 ms
17:05:11.138 > [1094275][V][LoraMesher.cpp:378] receivingRoutine(): [LoRaMesher] Stack space unused after entering the task: 2040
17:05:11.148 > [1094285][V][LoraMesher.cpp:379] receivingRoutine(): [LoRaMesher] Free heap: 336064
17:05:11.155 > [1094293][I][PacketService.cpp:12] createEmptyPacket(): [LoRaMesher] Packet created with 24 bytes
17:05:11.164 > [1094302][I][LoraMesher.cpp:392] receivingRoutine(): [LoRaMesher] Receiving LoRa packet: Size: 24 bytes RSSI: -5 SNR: 14
17:05:11.176 > [1094313][V][LoraMesher.cpp:647] processPackets(): [LoRaMesher] Size of Received Packets Queue: 1
17:05:11.185 > [1094322][I][PacketQueueService.h:80] deleteQueuePacketAndPacket(): [LoRaMesher] Deleting packet
17:05:11.193 > [1094330][I][PacketQueueService.h:83] deleteQueuePacketAndPacket(): [LoRaMesher] Deleting packet queue
17:05:11.202 > [1094338][V][LoraMesher.cpp:462] waitBeforeSend(): [LoRaMesher] Preamble detected while waiting 1
17:05:11.211 > [1094348][V][LoraMesher.cpp:455] waitBeforeSend(): [LoRaMesher] RandomDelay 716 ms
17:05:11.220 > [1094355][V][LoraMesher.cpp:658] processPackets(): [LoRaMesher] TESTING: Packet not for me, deleting it
17:05:11.227 > [1094365][V][LoraMesher.cpp:641] processPackets(): [LoRaMesher] Stack space unused after entering the task: 2040
17:05:11.237 > [1094375][V][LoraMesher.cpp:642] processPackets(): [LoRaMesher] Free heap: 336064
17:05:11.934 > [1095071][V][LoraMesher.cpp:754] printHeaderPacket(): [LoRaMesher] Packet send -- Size: 17 Src: B3F0 Dst: D110 Id: 64 Type: 2 Via: AFC0 Seq_Id: 0 Num: 0
17:05:12.023 > [1095161][V][LoraMesher.cpp:575] sendPackets(): [LoRaMesher] TimeOnAir 63 ms, next message in 0 ms
17:05:12.032 > [1095170][I][PacketQueueService.h:80] deleteQueuePacketAndPacket(): [LoRaMesher] Deleting packet
17:05:12.041 > [1095178][I][PacketQueueService.h:83] deleteQueuePacketAndPacket(): [LoRaMesher] Deleting packet queue
17:05:13.278 > [1096416][V][LoraMesher.cpp:378] receivingRoutine(): [LoRaMesher] Stack space unused after entering the task: 2040
17:05:13.288 > [1096426][V][LoraMesher.cpp:379] receivingRoutine(): [LoRaMesher] Free heap: 336144
17:05:13.296 > [1096433][I][PacketService.cpp:12] createEmptyPacket(): [LoRaMesher] Packet created with 17 bytes
17:05:13.305 > [1096442][I][LoraMesher.cpp:392] receivingRoutine(): [LoRaMesher] Receiving LoRa packet: Size: 17 bytes RSSI: -54 SNR: 12
17:05:13.316 > [1096453][V][LoraMesher.cpp:647] processPackets(): [LoRaMesher] Size of Received Packets Queue: 1
17:05:13.325 > [1096462][V][LoraMesher.cpp:754] printHeaderPacket(): [LoRaMesher] Packet received -- Size: 17 Src: B3F0 Dst: D110 Id: 64 Type: 2 Via: F02C Seq_Id: 0 Num: 0
17:05:13.339 > [1096476][I][LoraMesher.cpp:854] processDataPacket(): [LoRaMesher] Data packet from B3F0, destination D110, via F02C
17:05:13.349 > [1096486][V][LoraMesher.cpp:878] processDataPacket(): [LoRaMesher] Packet not for me, deleting it
17:05:13.357 > [1096495][I][PacketQueueService.h:80] deleteQueuePacketAndPacket(): [LoRaMesher] Deleting packet
17:05:13.366 > [1096504][I][PacketQueueService.h:83] deleteQueuePacketAndPacket(): [LoRaMesher] Deleting packet queue
17:05:13.375 > [1096513][V][LoraMesher.cpp:641] processPackets(): [LoRaMesher] Stack space unused after entering the task: 2040
17:05:13.385 > [1096523][V][LoraMesher.cpp:642] processPackets(): [LoRaMesher] Free heap: 336144
17:05:14.140 > [1097277][V][LoraMesher.cpp:378] receivingRoutine(): [LoRaMesher] Stack space unused after entering the task: 2040
17:05:14.150 > [1097287][V][LoraMesher.cpp:379] receivingRoutine(): [LoRaMesher] Free heap: 336144
17:05:14.157 > [1097295][I][PacketService.cpp:12] createEmptyPacket(): [LoRaMesher] Packet created with 17 bytes
17:05:14.166 > [1097304][I][LoraMesher.cpp:392] receivingRoutine(): [LoRaMesher] Receiving LoRa packet: Size: 17 bytes RSSI: -5 SNR: 13
17:05:14.178 > [1097315][V][LoraMesher.cpp:647] processPackets(): [LoRaMesher] Size of Received Packets Queue: 1
17:05:14.186 > [1097324][V][LoraMesher.cpp:754] printHeaderPacket(): [LoRaMesher] Packet received -- Size: 17 Src: B3F0 Dst: D110 Id: 64 Type: 2 Via: D110 Seq_Id: 0 Num: 0
17:05:14.200 > [1097338][I][LoraMesher.cpp:854] processDataPacket(): [LoRaMesher] Data packet from B3F0, destination D110, via D110
17:05:14.210 > [1097348][V][LoraMesher.cpp:878] processDataPacket(): [LoRaMesher] Packet not for me, deleting it
17:05:14.219 > [1097357][I][PacketQueueService.h:80] deleteQueuePacketAndPacket(): [LoRaMesher] Deleting packet
17:05:14.227 > [1097365][I][PacketQueueService.h:83] deleteQueuePacketAndPacket(): [LoRaMesher] Deleting packet queue
17:05:14.237 > [1097374][V][LoraMesher.cpp:641] processPackets(): [LoRaMesher] Stack space unused after entering the task: 2040
17:05:14.247 > [1097384][V][LoraMesher.cpp:642] processPackets(): [LoRaMesher] Free heap: 336144
17:05:29.637 > [1112775][V][LoraMesher.cpp:378] receivingRoutine(): [LoRaMesher] Stack space unused after entering the task: 2040
17:05:29.647 > [1112785][V][LoraMesher.cpp:379] receivingRoutine(): [LoRaMesher] Free heap: 336144
17:05:29.655 > [1112792][I][PacketService.cpp:12] createEmptyPacket(): [LoRaMesher] Packet created with 17 bytes
17:05:29.664 > [1112801][I][LoraMesher.cpp:392] receivingRoutine(): [LoRaMesher] Receiving LoRa packet: Size: 17 bytes RSSI: -12 SNR: 13
17:05:29.675 > [1112812][V][LoraMesher.cpp:647] processPackets(): [LoRaMesher] Size of Received Packets Queue: 1
17:05:29.684 > [1112821][V][LoraMesher.cpp:754] printHeaderPacket(): [LoRaMesher] Packet received -- Size: 17 Src: B3F0 Dst: D110 Id: 65 Type: 2 Via: DE6C Seq_Id: 0 Num: 0
17:05:29.698 > [1112835][I][LoraMesher.cpp:854] processDataPacket(): [LoRaMesher] Data packet from B3F0, destination D110, via DE6C
17:05:29.708 > [1112845][V][LoraMesher.cpp:872] processDataPacket(): [LoRaMesher] Data Packet from B3F0 for D110. Via is me. Forwarding it
17:05:29.719 > [1112856][I][LoraMesher.cpp:1051] addToSendOrderedAndNotify(): [LoRaMesher] Added packet to Q_SP, notifying sender task
17:05:29.730 > [1112867][V][LoraMesher.cpp:511] sendPackets(): [LoRaMesher] Stack space unused after entering the task: 2004
17:05:29.739 > [1112877][V][LoraMesher.cpp:512] sendPackets(): [LoRaMesher] Free heap: 336048
17:05:29.746 > [1112884][V][LoraMesher.cpp:518] sendPackets(): [LoRaMesher] Size of Send Packets Queue: 1
17:05:29.754 > [1112892][V][LoraMesher.cpp:525] sendPackets(): [LoRaMesher] Send n. 48
17:05:29.761 > [1112898][V][LoraMesher.cpp:455] waitBeforeSend(): [LoRaMesher] RandomDelay 254 ms
17:05:29.768 > [1112906][V][LoraMesher.cpp:641] processPackets(): [LoRaMesher] Stack space unused after entering the task: 2040
17:05:29.778 > [1112916][V][LoraMesher.cpp:642] processPackets(): [LoRaMesher] Free heap: 336076
17:05:30.021 > [1113159][V][LoraMesher.cpp:754] printHeaderPacket(): [LoRaMesher] Packet send -- Size: 17 Src: B3F0 Dst: D110 Id: 65 Type: 2 Via: AFC0 Seq_Id: 0 Num: 0
17:05:30.111 > [1113249][V][LoraMesher.cpp:575] sendPackets(): [LoRaMesher] TimeOnAir 63 ms, next message in 0 ms
17:05:30.120 > [1113258][I][PacketQueueService.h:80] deleteQueuePacketAndPacket(): [LoRaMesher] Deleting packet
17:05:30.129 > [1113266][I][PacketQueueService.h:83] deleteQueuePacketAndPacket(): [LoRaMesher] Deleting packet queue
17:05:31.142 > [1114279][V][LoraMesher.cpp:378] receivingRoutine(): [LoRaMesher] Stack space unused after entering the task: 2040
17:05:31.152 > [1114289][V][LoraMesher.cpp:379] receivingRoutine(): [LoRaMesher] Free heap: 336144
17:05:31.159 > [1114297][I][PacketService.cpp:12] createEmptyPacket(): [LoRaMesher] Packet created with 17 bytes
17:05:31.168 > [1114306][I][LoraMesher.cpp:392] receivingRoutine(): [LoRaMesher] Receiving LoRa packet: Size: 17 bytes RSSI: -54 SNR: 13
17:05:31.180 > [1114317][V][LoraMesher.cpp:647] processPackets(): [LoRaMesher] Size of Received Packets Queue: 1
17:05:31.188 > [1114326][V][LoraMesher.cpp:754] printHeaderPacket(): [LoRaMesher] Packet received -- Size: 17 Src: B3F0 Dst: D110 Id: 65 Type: 2 Via: F02C Seq_Id: 0 Num: 0
17:05:31.202 > [1114340][I][LoraMesher.cpp:854] processDataPacket(): [LoRaMesher] Data packet from B3F0, destination D110, via F02C
17:05:31.213 > [1114350][V][LoraMesher.cpp:878] processDataPacket(): [LoRaMesher] Packet not for me, deleting it
17:05:31.221 > [1114359][I][PacketQueueService.h:80] deleteQueuePacketAndPacket(): [LoRaMesher] Deleting packet
17:05:31.230 > [1114367][I][PacketQueueService.h:83] deleteQueuePacketAndPacket(): [LoRaMesher] Deleting packet queue
17:05:31.240 > [1114376][V][LoraMesher.cpp:641] processPackets(): [LoRaMesher] Stack space unused after entering the task: 2040
17:05:31.249 > [1114386][V][LoraMesher.cpp:642] processPackets(): [LoRaMesher] Free heap: 336144
17:05:32.486 > [1115624][V][LoraMesher.cpp:378] receivingRoutine(): [LoRaMesher] Stack space unused after entering the task: 2040
17:05:32.496 > [1115634][V][LoraMesher.cpp:379] receivingRoutine(): [LoRaMesher] Free heap: 336144
17:05:32.504 > [1115641][I][PacketService.cpp:12] createEmptyPacket(): [LoRaMesher] Packet created with 17 bytes
17:05:32.513 > [1115650][I][LoraMesher.cpp:392] receivingRoutine(): [LoRaMesher] Receiving LoRa packet: Size: 17 bytes RSSI: -5 SNR: 13
17:05:32.524 > [1115661][V][LoraMesher.cpp:647] processPackets(): [LoRaMesher] Size of Received Packets Queue: 1
17:05:32.533 > [1115670][V][LoraMesher.cpp:754] printHeaderPacket(): [LoRaMesher] Packet received -- Size: 17 Src: B3F0 Dst: D110 Id: 65 Type: 2 Via: D110 Seq_Id: 0 Num: 0
17:05:32.547 > [1115684][I][LoraMesher.cpp:854] processDataPacket(): [LoRaMesher] Data packet from B3F0, destination D110, via D110
17:05:32.557 > [1115694][V][LoraMesher.cpp:878] processDataPacket(): [LoRaMesher] Packet not for me, deleting it
17:05:32.566 > [1115703][I][PacketQueueService.h:80] deleteQueuePacketAndPacket(): [LoRaMesher] Deleting packet
17:05:32.574 > [1115712][I][PacketQueueService.h:83] deleteQueuePacketAndPacket(): [LoRaMesher] Deleting packet queue
17:05:32.583 > [1115721][V][LoraMesher.cpp:641] processPackets(): [LoRaMesher] Stack space unused after entering the task: 2040
17:05:32.593 > [1115731][V][LoraMesher.cpp:642] processPackets(): [LoRaMesher] Free heap: 336144
17:05:50.579 > [1133716][V][LoraMesher.cpp:378] receivingRoutine(): [LoRaMesher] Stack space unused after entering the task: 2040
17:05:50.589 > [1133726][V][LoraMesher.cpp:379] receivingRoutine(): [LoRaMesher] Free heap: 336144
17:05:50.597 > [1133734][I][PacketService.cpp:12] createEmptyPacket(): [LoRaMesher] Packet created with 17 bytes
17:05:50.605 > [1133743][I][LoraMesher.cpp:392] receivingRoutine(): [LoRaMesher] Receiving LoRa packet: Size: 17 bytes RSSI: -12 SNR: 13
17:05:50.617 > [1133754][V][LoraMesher.cpp:647] processPackets(): [LoRaMesher] Size of Received Packets Queue: 1
17:05:50.625 > [1133763][V][LoraMesher.cpp:754] printHeaderPacket(): [LoRaMesher] Packet received -- Size: 17 Src: B3F0 Dst: D110 Id: 66 Type: 2 Via: DE6C Seq_Id: 0 Num: 0
17:05:50.639 > [1133776][I][LoraMesher.cpp:854] processDataPacket(): [LoRaMesher] Data packet from B3F0, destination D110, via DE6C
17:05:50.649 > [1133787][V][LoraMesher.cpp:872] processDataPacket(): [LoRaMesher] Data Packet from B3F0 for D110. Via is me. Forwarding it
17:05:50.660 > [1133798][I][LoraMesher.cpp:1051] addToSendOrderedAndNotify(): [LoRaMesher] Added packet to Q_SP, notifying sender task
17:05:50.671 > [1133808][V][LoraMesher.cpp:511] sendPackets(): [LoRaMesher] Stack space unused after entering the task: 2004
17:05:50.681 > [1133818][V][LoraMesher.cpp:512] sendPackets(): [LoRaMesher] Free heap: 336048
17:05:50.688 > [1133825][V][LoraMesher.cpp:518] sendPackets(): [LoRaMesher] Size of Send Packets Queue: 1
17:05:50.696 > [1133833][V][LoraMesher.cpp:525] sendPackets(): [LoRaMesher] Send n. 49
17:05:50.702 > [1133840][V][LoraMesher.cpp:455] waitBeforeSend(): [LoRaMesher] RandomDelay 973 ms
17:05:50.710 > [1133847][V][LoraMesher.cpp:641] processPackets(): [LoRaMesher] Stack space unused after entering the task: 2040
17:05:50.720 > [1133857][V][LoraMesher.cpp:642] processPackets(): [LoRaMesher] Free heap: 336076
17:05:51.681 > [1134819][V][LoraMesher.cpp:754] printHeaderPacket(): [LoRaMesher] Packet send -- Size: 17 Src: B3F0 Dst: D110 Id: 66 Type: 2 Via: AFC0 Seq_Id: 0 Num: 0
17:05:51.771 > [1134909][V][LoraMesher.cpp:575] sendPackets(): [LoRaMesher] TimeOnAir 63 ms, next message in 0 ms
17:05:51.781 > [1134918][I][PacketQueueService.h:80] deleteQueuePacketAndPacket(): [LoRaMesher] Deleting packet
17:05:51.789 > [1134926][I][PacketQueueService.h:83] deleteQueuePacketAndPacket(): [LoRaMesher] Deleting packet queue
17:05:53.096 > [1136233][V][LoraMesher.cpp:378] receivingRoutine(): [LoRaMesher] Stack space unused after entering the task: 2040
17:05:53.106 > [1136244][V][LoraMesher.cpp:379] receivingRoutine(): [LoRaMesher] Free heap: 336144
17:05:53.114 > [1136251][I][PacketService.cpp:12] createEmptyPacket(): [LoRaMesher] Packet created with 17 bytes
17:05:53.123 > [1136260][I][LoraMesher.cpp:392] receivingRoutine(): [LoRaMesher] Receiving LoRa packet: Size: 17 bytes RSSI: -54 SNR: 12
17:05:53.134 > [1136271][V][LoraMesher.cpp:647] processPackets(): [LoRaMesher] Size of Received Packets Queue: 1
17:05:53.143 > [1136280][V][LoraMesher.cpp:754] printHeaderPacket(): [LoRaMesher] Packet received -- Size: 17 Src: B3F0 Dst: D110 Id: 66 Type: 2 Via: F02C Seq_Id: 0 Num: 0
17:05:53.157 > [1136294][I][LoraMesher.cpp:854] processDataPacket(): [LoRaMesher] Data packet from B3F0, destination D110, via F02C
17:05:53.167 > [1136304][V][LoraMesher.cpp:878] processDataPacket(): [LoRaMesher] Packet not for me, deleting it
17:05:53.176 > [1136313][I][PacketQueueService.h:80] deleteQueuePacketAndPacket(): [LoRaMesher] Deleting packet
17:05:53.184 > [1136322][I][PacketQueueService.h:83] deleteQueuePacketAndPacket(): [LoRaMesher] Deleting packet queue
17:05:53.193 > [1136331][V][LoraMesher.cpp:641] processPackets(): [LoRaMesher] Stack space unused after entering the task: 2040
17:05:53.203 > [1136341][V][LoraMesher.cpp:642] processPackets(): [LoRaMesher] Free heap: 336144
17:05:53.685 > [1136823][V][LoraMesher.cpp:378] receivingRoutine(): [LoRaMesher] Stack space unused after entering the task: 2040
17:05:53.696 > [1136833][V][LoraMesher.cpp:379] receivingRoutine(): [LoRaMesher] Free heap: 336144
17:05:53.704 > [1136841][I][PacketService.cpp:12] createEmptyPacket(): [LoRaMesher] Packet created with 17 bytes
17:05:53.713 > [1136850][I][LoraMesher.cpp:392] receivingRoutine(): [LoRaMesher] Receiving LoRa packet: Size: 17 bytes RSSI: -5 SNR: 13
17:05:53.724 > [1136861][V][LoraMesher.cpp:647] processPackets(): [LoRaMesher] Size of Received Packets Queue: 1
17:05:53.732 > [1136870][V][LoraMesher.cpp:754] printHeaderPacket(): [LoRaMesher] Packet received -- Size: 17 Src: B3F0 Dst: D110 Id: 66 Type: 2 Via: D110 Seq_Id: 0 Num: 0
17:05:53.746 > [1136883][I][LoraMesher.cpp:854] processDataPacket(): [LoRaMesher] Data packet from B3F0, destination D110, via D110
17:05:53.757 > [1136894][V][LoraMesher.cpp:878] processDataPacket(): [LoRaMesher] Packet not for me, deleting it
17:05:53.765 > [1136902][I][PacketQueueService.h:80] deleteQueuePacketAndPacket(): [LoRaMesher] Deleting packet
17:05:53.774 > [1136911][I][PacketQueueService.h:83] deleteQueuePacketAndPacket(): [LoRaMesher] Deleting packet queue
17:05:53.783 > [1136920][V][LoraMesher.cpp:641] processPackets(): [LoRaMesher] Stack space unused after entering the task: 2040
17:05:53.793 > [1136930][V][LoraMesher.cpp:642] processPackets(): [LoRaMesher] Free heap: 336144
17:06:09.945 > [1153082][V][LoraMesher.cpp:378] receivingRoutine(): [LoRaMesher] Stack space unused after entering the task: 2040
17:06:09.956 > [1153093][V][LoraMesher.cpp:379] receivingRoutine(): [LoRaMesher] Free heap: 336144
17:06:09.963 > [1153100][I][PacketService.cpp:12] createEmptyPacket(): [LoRaMesher] Packet created with 17 bytes
17:06:09.972 > [1153109][I][LoraMesher.cpp:392] receivingRoutine(): [LoRaMesher] Receiving LoRa packet: Size: 17 bytes RSSI: -12 SNR: 12
17:06:09.983 > [1153120][V][LoraMesher.cpp:647] processPackets(): [LoRaMesher] Size of Received Packets Queue: 1
17:06:09.992 > [1153129][V][LoraMesher.cpp:754] printHeaderPacket(): [LoRaMesher] Packet received -- Size: 17 Src: B3F0 Dst: D110 Id: 67 Type: 2 Via: DE6C Seq_Id: 0 Num: 0
17:06:10.006 > [1153143][I][LoraMesher.cpp:854] processDataPacket(): [LoRaMesher] Data packet from B3F0, destination D110, via DE6C
17:06:10.016 > [1153153][V][LoraMesher.cpp:872] processDataPacket(): [LoRaMesher] Data Packet from B3F0 for D110. Via is me. Forwarding it
17:06:10.027 > [1153164][I][LoraMesher.cpp:1051] addToSendOrderedAndNotify(): [LoRaMesher] Added packet to Q_SP, notifying sender task
17:06:10.038 > [1153175][V][LoraMesher.cpp:511] sendPackets(): [LoRaMesher] Stack space unused after entering the task: 2004
17:06:10.047 > [1153184][V][LoraMesher.cpp:512] sendPackets(): [LoRaMesher] Free heap: 336048
17:06:10.054 > [1153192][V][LoraMesher.cpp:518] sendPackets(): [LoRaMesher] Size of Send Packets Queue: 1
17:06:10.062 > [1153200][V][LoraMesher.cpp:525] sendPackets(): [LoRaMesher] Send n. 50
17:06:10.069 > [1153206][V][LoraMesher.cpp:455] waitBeforeSend(): [LoRaMesher] RandomDelay 455 ms
17:06:10.076 > [1153213][V][LoraMesher.cpp:641] processPackets(): [LoRaMesher] Stack space unused after entering the task: 2040
17:06:10.086 > [1153223][V][LoraMesher.cpp:642] processPackets(): [LoRaMesher] Free heap: 336076
17:06:10.530 > [1153668][V][LoraMesher.cpp:754] printHeaderPacket(): [LoRaMesher] Packet send -- Size: 17 Src: B3F0 Dst: D110 Id: 67 Type: 2 Via: AFC0 Seq_Id: 0 Num: 0
17:06:10.620 > [1153758][V][LoraMesher.cpp:575] sendPackets(): [LoRaMesher] TimeOnAir 63 ms, next message in 0 ms
17:06:10.630 > [1153767][I][PacketQueueService.h:80] deleteQueuePacketAndPacket(): [LoRaMesher] Deleting packet
17:06:10.638 > [1153775][I][PacketQueueService.h:83] deleteQueuePacketAndPacket(): [LoRaMesher] Deleting packet queue
17:06:11.791 > [1154929][V][LoraMesher.cpp:378] receivingRoutine(): [LoRaMesher] Stack space unused after entering the task: 2040
17:06:11.802 > [1154939][V][LoraMesher.cpp:379] receivingRoutine(): [LoRaMesher] Free heap: 336144
17:06:11.810 > [1154947][I][PacketService.cpp:12] createEmptyPacket(): [LoRaMesher] Packet created with 17 bytes
17:06:11.819 > [1154956][I][LoraMesher.cpp:392] receivingRoutine(): [LoRaMesher] Receiving LoRa packet: Size: 17 bytes RSSI: -53 SNR: 12
17:06:11.830 > [1154967][V][LoraMesher.cpp:647] processPackets(): [LoRaMesher] Size of Received Packets Queue: 1
17:06:11.839 > [1154976][V][LoraMesher.cpp:754] printHeaderPacket(): [LoRaMesher] Packet received -- Size: 17 Src: B3F0 Dst: D110 Id: 67 Type: 2 Via: F02C Seq_Id: 0 Num: 0
17:06:11.852 > [1154989][I][LoraMesher.cpp:854] processDataPacket(): [LoRaMesher] Data packet from B3F0, destination D110, via F02C
17:06:11.863 > [1155000][V][LoraMesher.cpp:878] processDataPacket(): [LoRaMesher] Packet not for me, deleting it
17:06:11.871 > [1155008][I][PacketQueueService.h:80] deleteQueuePacketAndPacket(): [LoRaMesher] Deleting packet
17:06:11.880 > [1155017][I][PacketQueueService.h:83] deleteQueuePacketAndPacket(): [LoRaMesher] Deleting packet queue
17:06:11.889 > [1155026][V][LoraMesher.cpp:641] processPackets(): [LoRaMesher] Stack space unused after entering the task: 2040
17:06:11.899 > [1155036][V][LoraMesher.cpp:642] processPackets(): [LoRaMesher] Free heap: 336144
17:06:12.609 > [1155747][V][LoraMesher.cpp:378] receivingRoutine(): [LoRaMesher] Stack space unused after entering the task: 2040
17:06:12.620 > [1155757][V][LoraMesher.cpp:379] receivingRoutine(): [LoRaMesher] Free heap: 336144
17:06:12.627 > [1155764][I][PacketService.cpp:12] createEmptyPacket(): [LoRaMesher] Packet created with 17 bytes
17:06:12.636 > [1155773][I][LoraMesher.cpp:392] receivingRoutine(): [LoRaMesher] Receiving LoRa packet: Size: 17 bytes RSSI: -5 SNR: 13
17:06:12.647 > [1155784][V][LoraMesher.cpp:647] processPackets(): [LoRaMesher] Size of Received Packets Queue: 1
17:06:12.656 > [1155793][V][LoraMesher.cpp:754] printHeaderPacket(): [LoRaMesher] Packet received -- Size: 17 Src: B3F0 Dst: D110 Id: 67 Type: 2 Via: D110 Seq_Id: 0 Num: 0
17:06:12.670 > [1155807][I][LoraMesher.cpp:854] processDataPacket(): [LoRaMesher] Data packet from B3F0, destination D110, via D110
17:06:12.680 > [1155817][V][LoraMesher.cpp:878] processDataPacket(): [LoRaMesher] Packet not for me, deleting it
17:06:12.689 > [1155826][I][PacketQueueService.h:80] deleteQueuePacketAndPacket(): [LoRaMesher] Deleting packet
17:06:12.697 > [1155834][I][PacketQueueService.h:83] deleteQueuePacketAndPacket(): [LoRaMesher] Deleting packet queue
17:06:12.707 > [1155844][V][LoraMesher.cpp:641] processPackets(): [LoRaMesher] Stack space unused after entering the task: 2040
17:06:12.717 > [1155854][V][LoraMesher.cpp:642] processPackets(): [LoRaMesher] Free heap: 336144
17:06:29.939 > [1173077][V][LoraMesher.cpp:378] receivingRoutine(): [LoRaMesher] Stack space unused after entering the task: 2040
17:06:29.950 > [1173087][V][LoraMesher.cpp:379] receivingRoutine(): [LoRaMesher] Free heap: 336144
17:06:29.957 > [1173095][I][PacketService.cpp:12] createEmptyPacket(): [LoRaMesher] Packet created with 17 bytes
17:06:29.967 > [1173103][I][LoraMesher.cpp:392] receivingRoutine(): [LoRaMesher] Receiving LoRa packet: Size: 17 bytes RSSI: -12 SNR: 12
17:06:29.977 > [1173115][V][LoraMesher.cpp:647] processPackets(): [LoRaMesher] Size of Received Packets Queue: 1
17:06:29.986 > [1173123][V][LoraMesher.cpp:754] printHeaderPacket(): [LoRaMesher] Packet received -- Size: 17 Src: B3F0 Dst: D110 Id: 68 Type: 2 Via: DE6C Seq_Id: 0 Num: 0
17:06:29.999 > [1173137][I][LoraMesher.cpp:854] processDataPacket(): [LoRaMesher] Data packet from B3F0, destination D110, via DE6C
17:06:30.011 > [1173148][V][LoraMesher.cpp:872] processDataPacket(): [LoRaMesher] Data Packet from B3F0 for D110. Via is me. Forwarding it
17:06:30.021 > [1173159][I][LoraMesher.cpp:1051] addToSendOrderedAndNotify(): [LoRaMesher] Added packet to Q_SP, notifying sender task
17:06:30.031 > [1173169][V][LoraMesher.cpp:511] sendPackets(): [LoRaMesher] Stack space unused after entering the task: 2004
17:06:30.041 > [1173179][V][LoraMesher.cpp:512] sendPackets(): [LoRaMesher] Free heap: 336048
17:06:30.048 > [1173186][V][LoraMesher.cpp:518] sendPackets(): [LoRaMesher] Size of Send Packets Queue: 1
17:06:30.056 > [1173194][V][LoraMesher.cpp:525] sendPackets(): [LoRaMesher] Send n. 51
17:06:30.063 > [1173200][V][LoraMesher.cpp:455] waitBeforeSend(): [LoRaMesher] RandomDelay 859 ms
17:06:30.070 > [1173208][V][LoraMesher.cpp:641] processPackets(): [LoRaMesher] Stack space unused after entering the task: 2040
17:06:30.080 > [1173218][V][LoraMesher.cpp:642] processPackets(): [LoRaMesher] Free heap: 336076
17:06:30.928 > [1174066][V][LoraMesher.cpp:754] printHeaderPacket(): [LoRaMesher] Packet send -- Size: 17 Src: B3F0 Dst: D110 Id: 68 Type: 2 Via: AFC0 Seq_Id: 0 Num: 0
17:06:31.018 > [1174156][V][LoraMesher.cpp:575] sendPackets(): [LoRaMesher] TimeOnAir 63 ms, next message in 0 ms
17:06:31.027 > [1174165][I][PacketQueueService.h:80] deleteQueuePacketAndPacket(): [LoRaMesher] Deleting packet
17:06:31.036 > [1174173][I][PacketQueueService.h:83] deleteQueuePacketAndPacket(): [LoRaMesher] Deleting packet queue
17:06:31.842 > [1174980][V][LoraMesher.cpp:378] receivingRoutine(): [LoRaMesher] Stack space unused after entering the task: 2040
17:06:31.853 > [1174990][V][LoraMesher.cpp:379] receivingRoutine(): [LoRaMesher] Free heap: 336144
17:06:31.860 > [1174998][I][PacketService.cpp:12] createEmptyPacket(): [LoRaMesher] Packet created with 17 bytes
17:06:31.869 > [1175007][I][LoraMesher.cpp:392] receivingRoutine(): [LoRaMesher] Receiving LoRa packet: Size: 17 bytes RSSI: -53 SNR: 13
17:06:31.880 > [1175018][V][LoraMesher.cpp:647] processPackets(): [LoRaMesher] Size of Received Packets Queue: 1
17:06:31.889 > [1175027][V][LoraMesher.cpp:754] printHeaderPacket(): [LoRaMesher] Packet received -- Size: 17 Src: B3F0 Dst: D110 Id: 68 Type: 2 Via: F02C Seq_Id: 0 Num: 0
17:06:31.903 > [1175041][I][LoraMesher.cpp:854] processDataPacket(): [LoRaMesher] Data packet from B3F0, destination D110, via F02C
17:06:31.913 > [1175051][V][LoraMesher.cpp:878] processDataPacket(): [LoRaMesher] Packet not for me, deleting it
17:06:31.922 > [1175060][I][PacketQueueService.h:80] deleteQueuePacketAndPacket(): [LoRaMesher] Deleting packet
17:06:31.930 > [1175068][I][PacketQueueService.h:83] deleteQueuePacketAndPacket(): [LoRaMesher] Deleting packet queue
17:06:31.940 > [1175077][V][LoraMesher.cpp:641] processPackets(): [LoRaMesher] Stack space unused after entering the task: 2040
17:06:31.950 > [1175087][V][LoraMesher.cpp:642] processPackets(): [LoRaMesher] Free heap: 336144
17:06:32.632 > [1175770][V][LoraMesher.cpp:378] receivingRoutine(): [LoRaMesher] Stack space unused after entering the task: 2040
17:06:32.643 > [1175780][V][LoraMesher.cpp:379] receivingRoutine(): [LoRaMesher] Free heap: 336144
17:06:32.650 > [1175788][I][PacketService.cpp:12] createEmptyPacket(): [LoRaMesher] Packet created with 17 bytes
17:06:32.659 > [1175797][I][LoraMesher.cpp:392] receivingRoutine(): [LoRaMesher] Receiving LoRa packet: Size: 17 bytes RSSI: -5 SNR: 13
17:06:32.670 > [1175808][V][LoraMesher.cpp:647] processPackets(): [LoRaMesher] Size of Received Packets Queue: 1
17:06:32.679 > [1175817][V][LoraMesher.cpp:754] printHeaderPacket(): [LoRaMesher] Packet received -- Size: 17 Src: B3F0 Dst: D110 Id: 68 Type: 2 Via: D110 Seq_Id: 0 Num: 0
17:06:32.693 > [1175830][I][LoraMesher.cpp:854] processDataPacket(): [LoRaMesher] Data packet from B3F0, destination D110, via D110
17:06:32.703 > [1175841][V][LoraMesher.cpp:878] processDataPacket(): [LoRaMesher] Packet not for me, deleting it
17:06:32.712 > [1175849][I][PacketQueueService.h:80] deleteQueuePacketAndPacket(): [LoRaMesher] Deleting packet
17:06:32.720 > [1175858][I][PacketQueueService.h:83] deleteQueuePacketAndPacket(): [LoRaMesher] Deleting packet queue
17:06:32.729 > [1175867][V][LoraMesher.cpp:641] processPackets(): [LoRaMesher] Stack space unused after entering the task: 2040
17:06:32.739 > [1175877][V][LoraMesher.cpp:642] processPackets(): [LoRaMesher] Free heap: 336144
17:06:50.002 > [1193140][V][LoraMesher.cpp:378] receivingRoutine(): [LoRaMesher] Stack space unused after entering the task: 2040
17:06:50.013 > [1193150][V][LoraMesher.cpp:379] receivingRoutine(): [LoRaMesher] Free heap: 336144
17:06:50.020 > [1193158][I][PacketService.cpp:12] createEmptyPacket(): [LoRaMesher] Packet created with 17 bytes
17:06:50.029 > [1193167][I][LoraMesher.cpp:392] receivingRoutine(): [LoRaMesher] Receiving LoRa packet: Size: 17 bytes RSSI: -11 SNR: 14
17:06:50.040 > [1193178][V][LoraMesher.cpp:647] processPackets(): [LoRaMesher] Size of Received Packets Queue: 1
17:06:50.049 > [1193187][V][LoraMesher.cpp:754] printHeaderPacket(): [LoRaMesher] Packet received -- Size: 17 Src: B3F0 Dst: D110 Id: 69 Type: 2 Via: DE6C Seq_Id: 0 Num: 0
17:06:50.063 > [1193201][I][LoraMesher.cpp:854] processDataPacket(): [LoRaMesher] Data packet from B3F0, destination D110, via DE6C
17:06:50.073 > [1193211][V][LoraMesher.cpp:872] processDataPacket(): [LoRaMesher] Data Packet from B3F0 for D110. Via is me. Forwarding it
17:06:50.084 > [1193222][I][LoraMesher.cpp:1051] addToSendOrderedAndNotify(): [LoRaMesher] Added packet to Q_SP, notifying sender task
17:06:50.095 > [1193233][V][LoraMesher.cpp:511] sendPackets(): [LoRaMesher] Stack space unused after entering the task: 2004
17:06:50.105 > [1193242][V][LoraMesher.cpp:512] sendPackets(): [LoRaMesher] Free heap: 336048
17:06:50.112 > [1193249][V][LoraMesher.cpp:518] sendPackets(): [LoRaMesher] Size of Send Packets Queue: 1
17:06:50.120 > [1193257][V][LoraMesher.cpp:525] sendPackets(): [LoRaMesher] Send n. 52
17:06:50.126 > [1193264][V][LoraMesher.cpp:455] waitBeforeSend(): [LoRaMesher] RandomDelay 1030 ms
17:06:50.134 > [1193271][V][LoraMesher.cpp:641] processPackets(): [LoRaMesher] Stack space unused after entering the task: 2040
17:06:50.144 > [1193281][V][LoraMesher.cpp:642] processPackets(): [LoRaMesher] Free heap: 336076
17:06:51.163 > [1194301][V][LoraMesher.cpp:754] printHeaderPacket(): [LoRaMesher] Packet send -- Size: 17 Src: B3F0 Dst: D110 Id: 69 Type: 2 Via: AFC0 Seq_Id: 0 Num: 0
17:06:51.253 > [1194391][V][LoraMesher.cpp:575] sendPackets(): [LoRaMesher] TimeOnAir 63 ms, next message in 0 ms
17:06:51.262 > [1194400][I][PacketQueueService.h:80] deleteQueuePacketAndPacket(): [LoRaMesher] Deleting packet
17:06:51.271 > [1194408][I][PacketQueueService.h:83] deleteQueuePacketAndPacket(): [LoRaMesher] Deleting packet queue
17:06:52.380 > [1195518][V][LoraMesher.cpp:378] receivingRoutine(): [LoRaMesher] Stack space unused after entering the task: 2040
17:06:52.390 > [1195528][V][LoraMesher.cpp:379] receivingRoutine(): [LoRaMesher] Free heap: 336144
17:06:52.398 > [1195535][I][PacketService.cpp:12] createEmptyPacket(): [LoRaMesher] Packet created with 17 bytes
17:06:52.407 > [1195544][I][LoraMesher.cpp:392] receivingRoutine(): [LoRaMesher] Receiving LoRa packet: Size: 17 bytes RSSI: -54 SNR: 12
17:06:52.418 > [1195555][V][LoraMesher.cpp:647] processPackets(): [LoRaMesher] Size of Received Packets Queue: 1
17:06:52.427 > [1195564][V][LoraMesher.cpp:754] printHeaderPacket(): [LoRaMesher] Packet received -- Size: 17 Src: B3F0 Dst: D110 Id: 69 Type: 2 Via: F02C Seq_Id: 0 Num: 0
17:06:52.440 > [1195578][I][LoraMesher.cpp:854] processDataPacket(): [LoRaMesher] Data packet from B3F0, destination D110, via F02C
17:06:52.451 > [1195588][V][LoraMesher.cpp:878] processDataPacket(): [LoRaMesher] Packet not for me, deleting it
17:06:52.459 > [1195597][I][PacketQueueService.h:80] deleteQueuePacketAndPacket(): [LoRaMesher] Deleting packet
17:06:52.468 > [1195606][I][PacketQueueService.h:83] deleteQueuePacketAndPacket(): [LoRaMesher] Deleting packet queue
17:06:52.477 > [1195615][V][LoraMesher.cpp:641] processPackets(): [LoRaMesher] Stack space unused after entering the task: 2040
17:06:52.487 > [1195625][V][LoraMesher.cpp:642] processPackets(): [LoRaMesher] Free heap: 336144
17:06:53.288 > [1196425][V][LoraMesher.cpp:378] receivingRoutine(): [LoRaMesher] Stack space unused after entering the task: 2040
17:06:53.298 > [1196436][V][LoraMesher.cpp:379] receivingRoutine(): [LoRaMesher] Free heap: 336144
17:06:53.306 > [1196443][I][PacketService.cpp:12] createEmptyPacket(): [LoRaMesher] Packet created with 17 bytes
17:06:53.314 > [1196452][I][LoraMesher.cpp:392] receivingRoutine(): [LoRaMesher] Receiving LoRa packet: Size: 17 bytes RSSI: -4 SNR: 13
17:06:53.326 > [1196463][V][LoraMesher.cpp:647] processPackets(): [LoRaMesher] Size of Received Packets Queue: 1
17:06:53.334 > [1196472][V][LoraMesher.cpp:754] printHeaderPacket(): [LoRaMesher] Packet received -- Size: 17 Src: B3F0 Dst: D110 Id: 69 Type: 2 Via: D110 Seq_Id: 0 Num: 0
17:06:53.348 > [1196486][I][LoraMesher.cpp:854] processDataPacket(): [LoRaMesher] Data packet from B3F0, destination D110, via D110
17:06:53.358 > [1196496][V][LoraMesher.cpp:878] processDataPacket(): [LoRaMesher] Packet not for me, deleting it
17:06:53.367 > [1196505][I][PacketQueueService.h:80] deleteQueuePacketAndPacket(): [LoRaMesher] Deleting packet
17:06:53.376 > [1196513][I][PacketQueueService.h:83] deleteQueuePacketAndPacket(): [LoRaMesher] Deleting packet queue
17:06:53.385 > [1196522][V][LoraMesher.cpp:641] processPackets(): [LoRaMesher] Stack space unused after entering the task: 2040
17:06:53.395 > [1196533][V][LoraMesher.cpp:642] processPackets(): [LoRaMesher] Free heap: 336144
17:07:02.892 > [1206030][V][LoraMesher.cpp:694] routingTableManager(): [LoRaMesher] Stack space unused after entering the task: 2296
17:07:02.903 > [1206041][V][LoraMesher.cpp:695] routingTableManager(): [LoRaMesher] Free heap: 336144
17:07:02.911 > [1206048][I][RoutingTableService.cpp:216] manageTimeoutRoutingTable(): [LoRaMesher] Checking routes timeout
17:07:02.920 > [1206058][I][RoutingTableService.cpp:192] printRoutingTable(): [LoRaMesher] Current routing table:
17:07:02.929 > [1206067][I][RoutingTableService.cpp:206] printRoutingTable(): [LoRaMesher] 0 - AFC0 via AFC0 metric 1 Role 0
17:07:02.939 > [1206076][I][RoutingTableService.cpp:206] printRoutingTable(): [LoRaMesher] 1 - F02C via AFC0 metric 2 Role 0
17:07:02.948 > [1206086][I][RoutingTableService.cpp:206] printRoutingTable(): [LoRaMesher] 2 - B3F0 via B3F0 metric 1 Role 0
17:07:02.958 > [1206096][I][RoutingTableService.cpp:206] printRoutingTable(): [LoRaMesher] 3 - D110 via AFC0 metric 3 Role 1
17:07:05.420 > [1208558][V][LoraMesher.cpp:598] sendHelloPacket(): [LoRaMesher] Creating Routing Packet
17:07:05.428 > [1208566][V][LoraMesher.cpp:599] sendHelloPacket(): [LoRaMesher] Stack space unused after entering the task: 2168
17:07:05.439 > [1208576][V][LoraMesher.cpp:600] sendHelloPacket(): [LoRaMesher] Free heap: 336144
17:07:05.446 > [1208583][V][PacketFactory.h:45] createPacket(): [LoRaMesher] Creating packet with 24 bytes
17:07:05.454 > [1208592][I][PacketFactory.h:74] createPacket(): [LoRaMesher] Packet created with 24 bytes
17:07:05.462 > [1208600][I][LoraMesher.h:659] setPackedForSend(): [LoRaMesher] Adding packet to Q_SP
17:07:05.470 > [1208607][I][LoraMesher.h:661] setPackedForSend(): [LoRaMesher] Created packet to Q_SP
17:07:05.477 > [1208615][I][LoraMesher.cpp:1051] addToSendOrderedAndNotify(): [LoRaMesher] Added packet to Q_SP, notifying sender task
17:07:05.488 > [1208626][V][LoraMesher.cpp:511] sendPackets(): [LoRaMesher] Stack space unused after entering the task: 2004
17:07:05.498 > [1208635][V][LoraMesher.cpp:512] sendPackets(): [LoRaMesher] Free heap: 336044
17:07:05.505 > [1208642][V][LoraMesher.cpp:518] sendPackets(): [LoRaMesher] Size of Send Packets Queue: 1
17:07:05.513 > [1208651][V][LoraMesher.cpp:525] sendPackets(): [LoRaMesher] Send n. 53
17:07:05.519 > [1208657][V][LoraMesher.cpp:455] waitBeforeSend(): [LoRaMesher] RandomDelay 355 ms
17:07:05.881 > [1209019][V][LoraMesher.cpp:754] printHeaderPacket(): [LoRaMesher] Packet send -- Size: 24 Src: DE6C Dst: FFFF Id: 10 Type: 4 Via: 0 Seq_Id: 0 Num: 0
17:07:05.985 > [1209123][V][LoraMesher.cpp:575] sendPackets(): [LoRaMesher] TimeOnAir 78 ms, next message in 0 ms
17:07:05.994 > [1209132][I][PacketQueueService.h:80] deleteQueuePacketAndPacket(): [LoRaMesher] Deleting packet
17:07:06.003 > [1209141][I][PacketQueueService.h:83] deleteQueuePacketAndPacket(): [LoRaMesher] Deleting packet queue
17:07:06.642 > [1209780][V][LoraMesher.cpp:378] receivingRoutine(): [LoRaMesher] Stack space unused after entering the task: 2040
17:07:06.653 > [1209790][V][LoraMesher.cpp:379] receivingRoutine(): [LoRaMesher] Free heap: 336144
17:07:06.660 > [1209798][I][PacketService.cpp:12] createEmptyPacket(): [LoRaMesher] Packet created with 24 bytes
17:07:06.669 > [1209807][I][LoraMesher.cpp:392] receivingRoutine(): [LoRaMesher] Receiving LoRa packet: Size: 24 bytes RSSI: -6 SNR: 12
17:07:06.680 > [1209818][V][LoraMesher.cpp:647] processPackets(): [LoRaMesher] Size of Received Packets Queue: 1
17:07:06.689 > [1209827][I][PacketQueueService.h:80] deleteQueuePacketAndPacket(): [LoRaMesher] Deleting packet
17:07:06.698 > [1209835][I][PacketQueueService.h:83] deleteQueuePacketAndPacket(): [LoRaMesher] Deleting packet queue
17:07:06.707 > [1209844][V][LoraMesher.cpp:658] processPackets(): [LoRaMesher] TESTING: Packet not for me, deleting it
17:07:06.716 > [1209853][V][LoraMesher.cpp:641] processPackets(): [LoRaMesher] Stack space unused after entering the task: 2040
17:07:06.726 > [1209864][V][LoraMesher.cpp:642] processPackets(): [LoRaMesher] Free heap: 336144
17:07:07.312 > [1210450][V][LoraMesher.cpp:378] receivingRoutine(): [LoRaMesher] Stack space unused after entering the task: 2040
17:07:07.322 > [1210460][V][LoraMesher.cpp:379] receivingRoutine(): [LoRaMesher] Free heap: 336144
17:07:07.330 > [1210467][I][PacketService.cpp:12] createEmptyPacket(): [LoRaMesher] Packet created with 24 bytes
17:07:07.339 > [1210476][I][LoraMesher.cpp:392] receivingRoutine(): [LoRaMesher] Receiving LoRa packet: Size: 24 bytes RSSI: -11 SNR: 13
17:07:07.350 > [1210488][V][LoraMesher.cpp:647] processPackets(): [LoRaMesher] Size of Received Packets Queue: 1
17:07:07.359 > [1210496][V][LoraMesher.cpp:754] printHeaderPacket(): [LoRaMesher] Packet received -- Size: 24 Src: B3F0 Dst: FFFF Id: 70 Type: 4 Via: 0 Seq_Id: 0 Num: 0
17:07:07.372 > [1210510][I][RoutingTableService.cpp:77] processRoute(): [LoRaMesher] Route packet from B3F0 with size 4
17:07:07.382 > [1210519][I][RoutingTableService.cpp:99] resetReceiveSNRRoutePacket(): [LoRaMesher] Reset Receive SNR from B3F0: 13
17:07:07.392 > [1210530][I][RoutingTableService.cpp:192] printRoutingTable(): [LoRaMesher] Current routing table:
17:07:07.401 > [1210538][I][RoutingTableService.cpp:206] printRoutingTable(): [LoRaMesher] 0 - AFC0 via AFC0 metric 1 Role 0
17:07:07.410 > [1210548][I][RoutingTableService.cpp:206] printRoutingTable(): [LoRaMesher] 1 - F02C via AFC0 metric 2 Role 0
17:07:07.420 > [1210558][I][RoutingTableService.cpp:206] printRoutingTable(): [LoRaMesher] 2 - B3F0 via B3F0 metric 1 Role 0
17:07:07.431 > [1210567][I][RoutingTableService.cpp:206] printRoutingTable(): [LoRaMesher] 3 - D110 via AFC0 metric 3 Role 1
17:07:07.440 > [1210577][I][PacketQueueService.h:80] deleteQueuePacketAndPacket(): [LoRaMesher] Deleting packet
17:07:07.448 > [1210586][I][PacketQueueService.h:83] deleteQueuePacketAndPacket(): [LoRaMesher] Deleting packet queue
17:07:07.457 > [1210595][V][LoraMesher.cpp:641] processPackets(): [LoRaMesher] Stack space unused after entering the task: 2040
17:07:07.467 > [1210605][V][LoraMesher.cpp:642] processPackets(): [LoRaMesher] Free heap: 336144
17:07:10.159 > [1213297][V][LoraMesher.cpp:378] receivingRoutine(): [LoRaMesher] Stack space unused after entering the task: 2040
17:07:10.170 > [1213307][V][LoraMesher.cpp:379] receivingRoutine(): [LoRaMesher] Free heap: 336144
17:07:10.177 > [1213315][I][PacketService.cpp:12] createEmptyPacket(): [LoRaMesher] Packet created with 24 bytes
17:07:10.186 > [1213324][I][LoraMesher.cpp:392] receivingRoutine(): [LoRaMesher] Receiving LoRa packet: Size: 24 bytes RSSI: -4 SNR: 13
17:07:10.198 > [1213335][V][LoraMesher.cpp:647] processPackets(): [LoRaMesher] Size of Received Packets Queue: 1
17:07:10.206 > [1213344][I][PacketQueueService.h:80] deleteQueuePacketAndPacket(): [LoRaMesher] Deleting packet
17:07:10.215 > [1213352][I][PacketQueueService.h:83] deleteQueuePacketAndPacket(): [LoRaMesher] Deleting packet queue
17:07:10.224 > [1213361][V][LoraMesher.cpp:658] processPackets(): [LoRaMesher] TESTING: Packet not for me, deleting it
17:07:10.233 > [1213371][V][LoraMesher.cpp:641] processPackets(): [LoRaMesher] Stack space unused after entering the task: 2040
17:07:10.243 > [1213381][V][LoraMesher.cpp:642] processPackets(): [LoRaMesher] Free heap: 336144
17:07:11.362 > [1214499][V][LoraMesher.cpp:378] receivingRoutine(): [LoRaMesher] Stack space unused after entering the task: 2040
17:07:11.372 > [1214510][V][LoraMesher.cpp:379] receivingRoutine(): [LoRaMesher] Free heap: 336144
17:07:11.380 > [1214517][I][PacketService.cpp:12] createEmptyPacket(): [LoRaMesher] Packet created with 17 bytes
17:07:11.389 > [1214526][I][LoraMesher.cpp:392] receivingRoutine(): [LoRaMesher] Receiving LoRa packet: Size: 17 bytes RSSI: -11 SNR: 13
17:07:11.400 > [1214537][V][LoraMesher.cpp:647] processPackets(): [LoRaMesher] Size of Received Packets Queue: 1
17:07:11.409 > [1214546][V][LoraMesher.cpp:754] printHeaderPacket(): [LoRaMesher] Packet received -- Size: 17 Src: B3F0 Dst: D110 Id: 71 Type: 2 Via: DE6C Seq_Id: 0 Num: 0
17:07:11.422 > [1214560][I][LoraMesher.cpp:854] processDataPacket(): [LoRaMesher] Data packet from B3F0, destination D110, via DE6C
17:07:11.433 > [1214570][V][LoraMesher.cpp:872] processDataPacket(): [LoRaMesher] Data Packet from B3F0 for D110. Via is me. Forwarding it
17:07:11.444 > [1214581][I][LoraMesher.cpp:1051] addToSendOrderedAndNotify(): [LoRaMesher] Added packet to Q_SP, notifying sender task
17:07:11.454 > [1214592][V][LoraMesher.cpp:511] sendPackets(): [LoRaMesher] Stack space unused after entering the task: 2004
17:07:11.464 > [1214602][V][LoraMesher.cpp:512] sendPackets(): [LoRaMesher] Free heap: 336048
17:07:11.471 > [1214609][V][LoraMesher.cpp:518] sendPackets(): [LoRaMesher] Size of Send Packets Queue: 1
17:07:11.479 > [1214617][V][LoraMesher.cpp:525] sendPackets(): [LoRaMesher] Send n. 54
17:07:11.486 > [1214623][V][LoraMesher.cpp:455] waitBeforeSend(): [LoRaMesher] RandomDelay 540 ms
17:07:11.493 > [1214631][V][LoraMesher.cpp:641] processPackets(): [LoRaMesher] Stack space unused after entering the task: 2040
17:07:11.503 > [1214641][V][LoraMesher.cpp:642] processPackets(): [LoRaMesher] Free heap: 336076
17:07:12.032 > [1215170][V][LoraMesher.cpp:754] printHeaderPacket(): [LoRaMesher] Packet send -- Size: 17 Src: B3F0 Dst: D110 Id: 71 Type: 2 Via: AFC0 Seq_Id: 0 Num: 0
17:07:12.122 > [1215260][V][LoraMesher.cpp:575] sendPackets(): [LoRaMesher] TimeOnAir 63 ms, next message in 0 ms
17:07:12.131 > [1215269][I][PacketQueueService.h:80] deleteQueuePacketAndPacket(): [LoRaMesher] Deleting packet
17:07:12.140 > [1215277][I][PacketQueueService.h:83] deleteQueuePacketAndPacket(): [LoRaMesher] Deleting packet queue
17:07:12.714 > [1215852][V][LoraMesher.cpp:378] receivingRoutine(): [LoRaMesher] Stack space unused after entering the task: 2040
17:07:12.725 > [1215862][V][LoraMesher.cpp:379] receivingRoutine(): [LoRaMesher] Free heap: 336144
17:07:12.732 > [1215870][I][PacketService.cpp:12] createEmptyPacket(): [LoRaMesher] Packet created with 17 bytes
17:07:12.741 > [1215879][I][LoraMesher.cpp:392] receivingRoutine(): [LoRaMesher] Receiving LoRa packet: Size: 17 bytes RSSI: -54 SNR: 13
17:07:12.752 > [1215890][V][LoraMesher.cpp:647] processPackets(): [LoRaMesher] Size of Received Packets Queue: 1
17:07:12.761 > [1215899][V][LoraMesher.cpp:754] printHeaderPacket(): [LoRaMesher] Packet received -- Size: 17 Src: B3F0 Dst: D110 Id: 71 Type: 2 Via: F02C Seq_Id: 0 Num: 0
17:07:12.775 > [1215913][I][LoraMesher.cpp:854] processDataPacket(): [LoRaMesher] Data packet from B3F0, destination D110, via F02C
17:07:12.785 > [1215923][V][LoraMesher.cpp:878] processDataPacket(): [LoRaMesher] Packet not for me, deleting it
17:07:12.794 > [1215932][I][PacketQueueService.h:80] deleteQueuePacketAndPacket(): [LoRaMesher] Deleting packet
17:07:12.803 > [1215940][I][PacketQueueService.h:83] deleteQueuePacketAndPacket(): [LoRaMesher] Deleting packet queue
17:07:12.812 > [1215949][V][LoraMesher.cpp:641] processPackets(): [LoRaMesher] Stack space unused after entering the task: 2040
17:07:12.822 > [1215959][V][LoraMesher.cpp:642] processPackets(): [LoRaMesher] Free heap: 336144
17:07:13.596 > [1216734][V][LoraMesher.cpp:378] receivingRoutine(): [LoRaMesher] Stack space unused after entering the task: 2040
17:07:13.607 > [1216744][V][LoraMesher.cpp:379] receivingRoutine(): [LoRaMesher] Free heap: 336144
17:07:13.614 > [1216752][I][PacketService.cpp:12] createEmptyPacket(): [LoRaMesher] Packet created with 17 bytes
17:07:13.623 > [1216761][I][LoraMesher.cpp:392] receivingRoutine(): [LoRaMesher] Receiving LoRa packet: Size: 17 bytes RSSI: -4 SNR: 12
17:07:13.634 > [1216772][V][LoraMesher.cpp:647] processPackets(): [LoRaMesher] Size of Received Packets Queue: 1
17:07:13.643 > [1216780][V][LoraMesher.cpp:754] printHeaderPacket(): [LoRaMesher] Packet received -- Size: 17 Src: B3F0 Dst: D110 Id: 71 Type: 2 Via: D110 Seq_Id: 0 Num: 0
17:07:13.657 > [1216794][I][LoraMesher.cpp:854] processDataPacket(): [LoRaMesher] Data packet from B3F0, destination D110, via D110
17:07:13.667 > [1216805][V][LoraMesher.cpp:878] processDataPacket(): [LoRaMesher] Packet not for me, deleting it
17:07:13.676 > [1216813][I][PacketQueueService.h:80] deleteQueuePacketAndPacket(): [LoRaMesher] Deleting packet
17:07:13.684 > [1216822][I][PacketQueueService.h:83] deleteQueuePacketAndPacket(): [LoRaMesher] Deleting packet queue
17:07:13.694 > [1216831][V][LoraMesher.cpp:641] processPackets(): [LoRaMesher] Stack space unused after entering the task: 2040
17:07:13.704 > [1216841][V][LoraMesher.cpp:642] processPackets(): [LoRaMesher] Free heap: 336144
17:07:30.492 > [1233630][V][LoraMesher.cpp:378] receivingRoutine(): [LoRaMesher] Stack space unused after entering the task: 2040
17:07:30.503 > [1233640][V][LoraMesher.cpp:379] receivingRoutine(): [LoRaMesher] Free heap: 336144
17:07:30.510 > [1233648][I][PacketService.cpp:12] createEmptyPacket(): [LoRaMesher] Packet created with 17 bytes
17:07:30.519 > [1233657][I][LoraMesher.cpp:392] receivingRoutine(): [LoRaMesher] Receiving LoRa packet: Size: 17 bytes RSSI: -11 SNR: 14
17:07:30.531 > [1233668][V][LoraMesher.cpp:647] processPackets(): [LoRaMesher] Size of Received Packets Queue: 1
17:07:30.539 > [1233677][V][LoraMesher.cpp:754] printHeaderPacket(): [LoRaMesher] Packet received -- Size: 17 Src: B3F0 Dst: D110 Id: 72 Type: 2 Via: DE6C Seq_Id: 0 Num: 0
17:07:30.553 > [1233690][I][LoraMesher.cpp:854] processDataPacket(): [LoRaMesher] Data packet from B3F0, destination D110, via DE6C
17:07:30.563 > [1233701][V][LoraMesher.cpp:872] processDataPacket(): [LoRaMesher] Data Packet from B3F0 for D110. Via is me. Forwarding it
17:07:30.574 > [1233712][I][LoraMesher.cpp:1051] addToSendOrderedAndNotify(): [LoRaMesher] Added packet to Q_SP, notifying sender task
17:07:30.585 > [1233722][V][LoraMesher.cpp:511] sendPackets(): [LoRaMesher] Stack space unused after entering the task: 2004
17:07:30.595 > [1233732][V][LoraMesher.cpp:512] sendPackets(): [LoRaMesher] Free heap: 336048
17:07:30.602 > [1233739][V][LoraMesher.cpp:518] sendPackets(): [LoRaMesher] Size of Send Packets Queue: 1
17:07:30.610 > [1233747][V][LoraMesher.cpp:525] sendPackets(): [LoRaMesher] Send n. 55
17:07:30.616 > [1233754][V][LoraMesher.cpp:455] waitBeforeSend(): [LoRaMesher] RandomDelay 267 ms
17:07:30.624 > [1233761][V][LoraMesher.cpp:641] processPackets(): [LoRaMesher] Stack space unused after entering the task: 2040
17:07:30.634 > [1233771][V][LoraMesher.cpp:642] processPackets(): [LoRaMesher] Free heap: 336076
17:07:30.889 > [1234027][V][LoraMesher.cpp:754] printHeaderPacket(): [LoRaMesher] Packet send -- Size: 17 Src: B3F0 Dst: D110 Id: 72 Type: 2 Via: AFC0 Seq_Id: 0 Num: 0
17:07:30.979 > [1234117][V][LoraMesher.cpp:575] sendPackets(): [LoRaMesher] TimeOnAir 63 ms, next message in 0 ms
17:07:30.989 > [1234126][I][PacketQueueService.h:80] deleteQueuePacketAndPacket(): [LoRaMesher] Deleting packet
17:07:30.997 > [1234134][I][PacketQueueService.h:83] deleteQueuePacketAndPacket(): [LoRaMesher] Deleting packet queue
17:07:31.866 > [1235003][V][LoraMesher.cpp:378] receivingRoutine(): [LoRaMesher] Stack space unused after entering the task: 2040
17:07:31.876 > [1235014][V][LoraMesher.cpp:379] receivingRoutine(): [LoRaMesher] Free heap: 336144
17:07:31.884 > [1235021][I][PacketService.cpp:12] createEmptyPacket(): [LoRaMesher] Packet created with 17 bytes
17:07:31.893 > [1235030][I][LoraMesher.cpp:392] receivingRoutine(): [LoRaMesher] Receiving LoRa packet: Size: 17 bytes RSSI: -54 SNR: 13
17:07:31.904 > [1235041][V][LoraMesher.cpp:647] processPackets(): [LoRaMesher] Size of Received Packets Queue: 1
17:07:31.913 > [1235050][V][LoraMesher.cpp:754] printHeaderPacket(): [LoRaMesher] Packet received -- Size: 17 Src: B3F0 Dst: D110 Id: 72 Type: 2 Via: F02C Seq_Id: 0 Num: 0
17:07:31.927 > [1235064][I][LoraMesher.cpp:854] processDataPacket(): [LoRaMesher] Data packet from B3F0, destination D110, via F02C
17:07:31.937 > [1235074][V][LoraMesher.cpp:878] processDataPacket(): [LoRaMesher] Packet not for me, deleting it
17:07:31.946 > [1235083][I][PacketQueueService.h:80] deleteQueuePacketAndPacket(): [LoRaMesher] Deleting packet
17:07:31.954 > [1235092][I][PacketQueueService.h:83] deleteQueuePacketAndPacket(): [LoRaMesher] Deleting packet queue
17:07:31.963 > [1235101][V][LoraMesher.cpp:641] processPackets(): [LoRaMesher] Stack space unused after entering the task: 2040
17:07:31.973 > [1235111][V][LoraMesher.cpp:642] processPackets(): [LoRaMesher] Free heap: 336144
17:07:32.341 > [1235479][V][LoraMesher.cpp:378] receivingRoutine(): [LoRaMesher] Stack space unused after entering the task: 2040
17:07:32.352 > [1235490][V][LoraMesher.cpp:379] receivingRoutine(): [LoRaMesher] Free heap: 336144
17:07:32.360 > [1235497][I][PacketService.cpp:12] createEmptyPacket(): [LoRaMesher] Packet created with 17 bytes
17:07:32.369 > [1235506][I][LoraMesher.cpp:392] receivingRoutine(): [LoRaMesher] Receiving LoRa packet: Size: 17 bytes RSSI: -4 SNR: 13
17:07:32.380 > [1235517][V][LoraMesher.cpp:647] processPackets(): [LoRaMesher] Size of Received Packets Queue: 1
17:07:32.389 > [1235526][V][LoraMesher.cpp:754] printHeaderPacket(): [LoRaMesher] Packet received -- Size: 17 Src: B3F0 Dst: D110 Id: 72 Type: 2 Via: D110 Seq_Id: 0 Num: 0
17:07:32.402 > [1235540][I][LoraMesher.cpp:854] processDataPacket(): [LoRaMesher] Data packet from B3F0, destination D110, via D110
17:07:32.413 > [1235550][V][LoraMesher.cpp:878] processDataPacket(): [LoRaMesher] Packet not for me, deleting it
17:07:32.421 > [1235559][I][PacketQueueService.h:80] deleteQueuePacketAndPacket(): [LoRaMesher] Deleting packet
17:07:32.430 > [1235567][I][PacketQueueService.h:83] deleteQueuePacketAndPacket(): [LoRaMesher] Deleting packet queue
17:07:32.439 > [1235576][V][LoraMesher.cpp:641] processPackets(): [LoRaMesher] Stack space unused after entering the task: 2040
17:07:32.449 > [1235586][V][LoraMesher.cpp:642] processPackets(): [LoRaMesher] Free heap: 336144
