16:47:23.190 > [ 22756][V][LoraMesher.cpp:378] receivingRoutine(): [LoRaMesher] Stack space unused after entering the task: 2412
16:47:23.201 > [ 22766][V][LoraMesher.cpp:379] receivingRoutine(): [LoRaMesher] Free heap: 336728
16:47:23.208 > [ 22774][I][PacketService.cpp:12] createEmptyPacket(): [LoRaMesher] Packet created with 17 bytes
16:47:23.217 > [ 22782][I][LoraMesher.cpp:392] receivingRoutine(): [LoRaMesher] Receiving LoRa packet: Size: 17 bytes RSSI: -13 SNR: 13
16:47:23.228 > [ 22794][V][LoraMesher.cpp:647] processPackets(): [LoRaMesher] Size of Received Packets Queue: 1
16:47:23.237 > [ 22802][I][PacketQueueService.h:80] deleteQueuePacketAndPacket(): [LoRaMesher] Deleting packet
16:47:23.245 > [ 22811][I][PacketQueueService.h:83] deleteQueuePacketAndPacket(): [LoRaMesher] Deleting packet queue
16:47:23.254 > [ 22820][V][LoraMesher.cpp:658] processPackets(): [LoRaMesher] TESTING: Packet not for me, deleting it
16:47:23.264 > [ 22829][V][LoraMesher.cpp:641] processPackets(): [LoRaMesher] Stack space unused after entering the task: 2360
16:47:23.274 > [ 22839][V][LoraMesher.cpp:642] processPackets(): [LoRaMesher] Free heap: 336728
16:47:43.391 > [ 42957][V][LoraMesher.cpp:378] receivingRoutine(): [LoRaMesher] Stack space unused after entering the task: 2348
16:47:43.401 > [ 42967][V][LoraMesher.cpp:379] receivingRoutine(): [LoRaMesher] Free heap: 336728
16:47:43.409 > [ 42975][I][PacketService.cpp:12] createEmptyPacket(): [LoRaMesher] Packet created with 17 bytes
16:47:43.418 > [ 42983][I][LoraMesher.cpp:392] receivingRoutine(): [LoRaMesher] Receiving LoRa packet: Size: 17 bytes RSSI: -13 SNR: 12
16:47:43.429 > [ 42994][V][LoraMesher.cpp:647] processPackets(): [LoRaMesher] Size of Received Packets Queue: 1
16:47:43.437 > [ 43003][I][PacketQueueService.h:80] deleteQueuePacketAndPacket(): [LoRaMesher] Deleting packet
16:47:43.446 > [ 43012][I][PacketQueueService.h:83] deleteQueuePacketAndPacket(): [LoRaMesher] Deleting packet queue
16:47:43.455 > [ 43021][V][LoraMesher.cpp:658] processPackets(): [LoRaMesher] TESTING: Packet not for me, deleting it
16:47:43.464 > [ 43030][V][LoraMesher.cpp:641] processPackets(): [LoRaMesher] Stack space unused after entering the task: 2360
16:47:43.474 > [ 43040][V][LoraMesher.cpp:642] processPackets(): [LoRaMesher] Free heap: 336728
16:48:03.591 > [ 63158][V][LoraMesher.cpp:378] receivingRoutine(): [LoRaMesher] Stack space unused after entering the task: 2136
16:48:03.602 > [ 63168][V][LoraMesher.cpp:379] receivingRoutine(): [LoRaMesher] Free heap: 336728
16:48:03.609 > [ 63176][I][PacketService.cpp:12] createEmptyPacket(): [LoRaMesher] Packet created with 17 bytes
16:48:03.618 > [ 63184][I][LoraMesher.cpp:392] receivingRoutine(): [LoRaMesher] Receiving LoRa packet: Size: 17 bytes RSSI: -13 SNR: 13
16:48:03.629 > [ 63195][V][LoraMesher.cpp:647] processPackets(): [LoRaMesher] Size of Received Packets Queue: 1
16:48:03.638 > [ 63204][I][PacketQueueService.h:80] deleteQueuePacketAndPacket(): [LoRaMesher] Deleting packet
16:48:03.646 > [ 63213][I][PacketQueueService.h:83] deleteQueuePacketAndPacket(): [LoRaMesher] Deleting packet queue
16:48:03.655 > [ 63222][V][LoraMesher.cpp:658] processPackets(): [LoRaMesher] TESTING: Packet not for me, deleting it
16:48:03.664 > [ 63231][V][LoraMesher.cpp:641] processPackets(): [LoRaMesher] Stack space unused after entering the task: 2264
16:48:03.675 > [ 63241][V][LoraMesher.cpp:642] processPackets(): [LoRaMesher] Free heap: 336728
16:48:23.791 > [ 83359][V][LoraMesher.cpp:378] receivingRoutine(): [LoRaMesher] Stack space unused after entering the task: 2136
16:48:23.801 > [ 83369][V][LoraMesher.cpp:379] receivingRoutine(): [LoRaMesher] Free heap: 336728
16:48:23.809 > [ 83376][I][PacketService.cpp:12] createEmptyPacket(): [LoRaMesher] Packet created with 17 bytes
16:48:23.818 > [ 83385][I][LoraMesher.cpp:392] receivingRoutine(): [LoRaMesher] Receiving LoRa packet: Size: 17 bytes RSSI: -12 SNR: 12
16:48:23.829 > [ 83396][V][LoraMesher.cpp:647] processPackets(): [LoRaMesher] Size of Received Packets Queue: 1
16:48:23.838 > [ 83405][I][PacketQueueService.h:80] deleteQueuePacketAndPacket(): [LoRaMesher] Deleting packet
16:48:23.846 > [ 83413][I][PacketQueueService.h:83] deleteQueuePacketAndPacket(): [LoRaMesher] Deleting packet queue
16:48:23.855 > [ 83422][V][LoraMesher.cpp:658] processPackets(): [LoRaMesher] TESTING: Packet not for me, deleting it
16:48:23.864 > [ 83432][V][LoraMesher.cpp:641] processPackets(): [LoRaMesher] Stack space unused after entering the task: 2264
16:48:23.874 > [ 83442][V][LoraMesher.cpp:642] processPackets(): [LoRaMesher] Free heap: 336728
16:48:43.992 > [103560][V][LoraMesher.cpp:378] receivingRoutine(): [LoRaMesher] Stack space unused after entering the task: 2136
16:48:44.002 > [103570][V][LoraMesher.cpp:379] receivingRoutine(): [LoRaMesher] Free heap: 336728
16:48:44.010 > [103577][I][PacketService.cpp:12] createEmptyPacket(): [LoRaMesher] Packet created with 17 bytes
16:48:44.018 > [103586][I][LoraMesher.cpp:392] receivingRoutine(): [LoRaMesher] Receiving LoRa packet: Size: 17 bytes RSSI: -12 SNR: 12
16:48:44.030 > [103597][V][LoraMesher.cpp:647] processPackets(): [LoRaMesher] Size of Received Packets Queue: 1
16:48:44.038 > [103606][I][PacketQueueService.h:80] deleteQueuePacketAndPacket(): [LoRaMesher] Deleting packet
16:48:44.047 > [103614][I][PacketQueueService.h:83] deleteQueuePacketAndPacket(): [LoRaMesher] Deleting packet queue
16:48:44.056 > [103623][V][LoraMesher.cpp:658] processPackets(): [LoRaMesher] TESTING: Packet not for me, deleting it
16:48:44.065 > [103633][V][LoraMesher.cpp:641] processPackets(): [LoRaMesher] Stack space unused after entering the task: 2264
16:48:44.075 > [103643][V][LoraMesher.cpp:642] processPackets(): [LoRaMesher] Free heap: 336728
16:49:04.192 > [123761][V][LoraMesher.cpp:378] receivingRoutine(): [LoRaMesher] Stack space unused after entering the task: 2136
16:49:04.203 > [123771][V][LoraMesher.cpp:379] receivingRoutine(): [LoRaMesher] Free heap: 336728
16:49:04.210 > [123778][I][PacketService.cpp:12] createEmptyPacket(): [LoRaMesher] Packet created with 17 bytes
16:49:04.219 > [123787][I][LoraMesher.cpp:392] receivingRoutine(): [LoRaMesher] Receiving LoRa packet: Size: 17 bytes RSSI: -14 SNR: 13
16:49:04.230 > [123798][V][LoraMesher.cpp:647] processPackets(): [LoRaMesher] Size of Received Packets Queue: 1
16:49:04.239 > [123807][I][PacketQueueService.h:80] deleteQueuePacketAndPacket(): [LoRaMesher] Deleting packet
16:49:04.247 > [123815][I][PacketQueueService.h:83] deleteQueuePacketAndPacket(): [LoRaMesher] Deleting packet queue
16:49:04.256 > [123824][V][LoraMesher.cpp:658] processPackets(): [LoRaMesher] TESTING: Packet not for me, deleting it
16:49:04.265 > [123834][V][LoraMesher.cpp:641] processPackets(): [LoRaMesher] Stack space unused after entering the task: 2264
16:49:04.275 > [123843][V][LoraMesher.cpp:642] processPackets(): [LoRaMesher] Free heap: 336728
16:49:05.327 > [124896][V][LoraMesher.cpp:378] receivingRoutine(): [LoRaMesher] Stack space unused after entering the task: 2040
16:49:05.338 > [124906][V][LoraMesher.cpp:379] receivingRoutine(): [LoRaMesher] Free heap: 336728
16:49:05.345 > [124914][I][PacketService.cpp:12] createEmptyPacket(): [LoRaMesher] Packet created with 12 bytes
16:49:05.354 > [124922][I][LoraMesher.cpp:392] receivingRoutine(): [LoRaMesher] Receiving LoRa packet: Size: 12 bytes RSSI: -59 SNR: 12
16:49:05.365 > [124934][V][LoraMesher.cpp:647] processPackets(): [LoRaMesher] Size of Received Packets Queue: 1
16:49:05.374 > [124942][V][LoraMesher.cpp:754] printHeaderPacket(): [LoRaMesher] Packet received -- Size: 12 Src: AFC0 Dst: FFFF Id: 1 Type: 4 Via: 0 Seq_Id: 0 Num: 0
16:49:05.387 > [124956][I][RoutingTableService.cpp:77] processRoute(): [LoRaMesher] Route packet from AFC0 with size 1
16:49:05.397 > [124965][I][RoutingTableService.cpp:156] addNodeToRoutingTable(): [LoRaMesher] New route added: AFC0 via AFC0 metric 1, role 0
16:49:05.408 > [124976][I][RoutingTableService.cpp:99] resetReceiveSNRRoutePacket(): [LoRaMesher] Reset Receive SNR from AFC0: 12
16:49:05.418 > [124986][I][RoutingTableService.cpp:192] printRoutingTable(): [LoRaMesher] Current routing table:
16:49:05.427 > [124995][I][RoutingTableService.cpp:206] printRoutingTable(): [LoRaMesher] 0 - AFC0 via AFC0 metric 1 Role 0
16:49:05.436 > [125005][I][PacketQueueService.h:80] deleteQueuePacketAndPacket(): [LoRaMesher] Deleting packet
16:49:05.445 > [125013][I][PacketQueueService.h:83] deleteQueuePacketAndPacket(): [LoRaMesher] Deleting packet queue
16:49:05.454 > [125014][V][LoraMesher.cpp:378] receivingRoutine(): [LoRaMesher] Stack space unused after entering the task: 2040
16:49:05.464 > [125032][V][LoraMesher.cpp:379] receivingRoutine(): [LoRaMesher] Free heap: 336664
16:49:05.471 > [125032][V][LoraMesher.cpp:641] processPackets(): [LoRaMesher] Stack space unused after entering the task: 2216
16:49:05.481 > [125049][V][LoraMesher.cpp:642] processPackets(): [LoRaMesher] Free heap: 336664
16:49:05.488 > [125049][I][PacketService.cpp:12] createEmptyPacket(): [LoRaMesher] Packet created with 12 bytes
16:49:05.497 > [125065][I][LoraMesher.cpp:392] receivingRoutine(): [LoRaMesher] Receiving LoRa packet: Size: 12 bytes RSSI: -4 SNR: 12
16:49:05.508 > [125076][V][LoraMesher.cpp:647] processPackets(): [LoRaMesher] Size of Received Packets Queue: 1
16:49:05.517 > [125085][V][LoraMesher.cpp:754] printHeaderPacket(): [LoRaMesher] Packet received -- Size: 12 Src: D110 Dst: FFFF Id: 2 Type: 4 Via: 0 Seq_Id: 0 Num: 0
16:49:05.530 > [125098][I][RoutingTableService.cpp:77] processRoute(): [LoRaMesher] Route packet from D110 with size 1
16:49:05.539 > [125108][I][RoutingTableService.cpp:156] addNodeToRoutingTable(): [LoRaMesher] New route added: D110 via D110 metric 1, role 1
16:49:05.551 > [125119][I][RoutingTableService.cpp:99] resetReceiveSNRRoutePacket(): [LoRaMesher] Reset Receive SNR from D110: 12
16:49:05.561 > [125129][I][RoutingTableService.cpp:192] printRoutingTable(): [LoRaMesher] Current routing table:
16:49:05.569 > [125138][I][RoutingTableService.cpp:206] printRoutingTable(): [LoRaMesher] 0 - AFC0 via AFC0 metric 1 Role 0
16:49:05.579 > [125147][I][RoutingTableService.cpp:206] printRoutingTable(): [LoRaMesher] 1 - D110 via D110 metric 1 Role 1
16:49:05.589 > [125157][I][PacketQueueService.h:80] deleteQueuePacketAndPacket(): [LoRaMesher] Deleting packet
16:49:05.597 > [125165][I][PacketQueueService.h:83] deleteQueuePacketAndPacket(): [LoRaMesher] Deleting packet queue
16:49:05.606 > [125174][V][LoraMesher.cpp:641] processPackets(): [LoRaMesher] Stack space unused after entering the task: 2120
16:49:05.616 > [125184][V][LoraMesher.cpp:642] processPackets(): [LoRaMesher] Free heap: 336600
16:49:08.382 > [127951][V][LoraMesher.cpp:598] sendHelloPacket(): [LoRaMesher] Creating Routing Packet
16:49:08.391 > [127959][V][LoraMesher.cpp:599] sendHelloPacket(): [LoRaMesher] Stack space unused after entering the task: 2332
16:49:08.400 > [127969][V][LoraMesher.cpp:600] sendHelloPacket(): [LoRaMesher] Free heap: 336600
16:49:08.408 > [127976][V][PacketFactory.h:45] createPacket(): [LoRaMesher] Creating packet with 16 bytes
16:49:08.416 > [127984][I][PacketFactory.h:74] createPacket(): [LoRaMesher] Packet created with 16 bytes
16:49:08.424 > [127992][I][LoraMesher.h:659] setPackedForSend(): [LoRaMesher] Adding packet to Q_SP
16:49:08.431 > [128000][I][LoraMesher.h:661] setPackedForSend(): [LoRaMesher] Created packet to Q_SP
16:49:08.439 > [128007][I][LoraMesher.cpp:1051] addToSendOrderedAndNotify(): [LoRaMesher] Added packet to Q_SP, notifying sender task
16:49:08.450 > [128018][V][LoraMesher.cpp:511] sendPackets(): [LoRaMesher] Stack space unused after entering the task: 2260
16:49:08.459 > [128027][V][LoraMesher.cpp:512] sendPackets(): [LoRaMesher] Free heap: 336508
16:49:08.466 > [128034][V][LoraMesher.cpp:518] sendPackets(): [LoRaMesher] Size of Send Packets Queue: 1
16:49:08.474 > [128042][V][LoraMesher.cpp:525] sendPackets(): [LoRaMesher] Send n. 1
16:49:08.480 > [128049][V][LoraMesher.cpp:455] waitBeforeSend(): [LoRaMesher] RandomDelay 908 ms
16:49:09.395 > [128964][V][LoraMesher.cpp:754] printHeaderPacket(): [LoRaMesher] Packet send -- Size: 16 Src: F02C Dst: FFFF Id: 1 Type: 4 Via: 0 Seq_Id: 0 Num: 0
16:49:09.485 > [129054][V][LoraMesher.cpp:575] sendPackets(): [LoRaMesher] TimeOnAir 63 ms, next message in 0 ms
16:49:09.494 > [129062][I][PacketQueueService.h:80] deleteQueuePacketAndPacket(): [LoRaMesher] Deleting packet
16:49:09.503 > [129071][I][PacketQueueService.h:83] deleteQueuePacketAndPacket(): [LoRaMesher] Deleting packet queue
16:49:24.392 > [143962][V][LoraMesher.cpp:378] receivingRoutine(): [LoRaMesher] Stack space unused after entering the task: 2040
16:49:24.403 > [143972][V][LoraMesher.cpp:379] receivingRoutine(): [LoRaMesher] Free heap: 336600
16:49:24.411 > [143979][I][PacketService.cpp:12] createEmptyPacket(): [LoRaMesher] Packet created with 17 bytes
16:49:24.420 > [143988][I][LoraMesher.cpp:392] receivingRoutine(): [LoRaMesher] Receiving LoRa packet: Size: 17 bytes RSSI: -13 SNR: 13
16:49:24.431 > [143999][V][LoraMesher.cpp:647] processPackets(): [LoRaMesher] Size of Received Packets Queue: 1
16:49:24.439 > [144008][I][PacketQueueService.h:80] deleteQueuePacketAndPacket(): [LoRaMesher] Deleting packet
16:49:24.448 > [144016][I][PacketQueueService.h:83] deleteQueuePacketAndPacket(): [LoRaMesher] Deleting packet queue
16:49:24.457 > [144025][V][LoraMesher.cpp:658] processPackets(): [LoRaMesher] TESTING: Packet not for me, deleting it
16:49:24.466 > [144035][V][LoraMesher.cpp:641] processPackets(): [LoRaMesher] Stack space unused after entering the task: 2120
16:49:24.476 > [144045][V][LoraMesher.cpp:642] processPackets(): [LoRaMesher] Free heap: 336600
16:49:44.593 > [164163][V][LoraMesher.cpp:378] receivingRoutine(): [LoRaMesher] Stack space unused after entering the task: 2040
16:49:44.603 > [164173][V][LoraMesher.cpp:379] receivingRoutine(): [LoRaMesher] Free heap: 336600
16:49:44.611 > [164180][I][PacketService.cpp:12] createEmptyPacket(): [LoRaMesher] Packet created with 17 bytes
16:49:44.619 > [164189][I][LoraMesher.cpp:392] receivingRoutine(): [LoRaMesher] Receiving LoRa packet: Size: 17 bytes RSSI: -13 SNR: 12
16:49:44.630 > [164200][V][LoraMesher.cpp:647] processPackets(): [LoRaMesher] Size of Received Packets Queue: 1
16:49:44.640 > [164209][I][PacketQueueService.h:80] deleteQueuePacketAndPacket(): [LoRaMesher] Deleting packet
16:49:44.648 > [164217][I][PacketQueueService.h:83] deleteQueuePacketAndPacket(): [LoRaMesher] Deleting packet queue
16:49:44.657 > [164226][V][LoraMesher.cpp:658] processPackets(): [LoRaMesher] TESTING: Packet not for me, deleting it
16:49:44.666 > [164236][V][LoraMesher.cpp:641] processPackets(): [LoRaMesher] Stack space unused after entering the task: 2120
16:49:44.676 > [164246][V][LoraMesher.cpp:642] processPackets(): [LoRaMesher] Free heap: 336600
16:50:04.793 > [184364][V][LoraMesher.cpp:378] receivingRoutine(): [LoRaMesher] Stack space unused after entering the task: 2040
16:50:04.804 > [184374][V][LoraMesher.cpp:379] receivingRoutine(): [LoRaMesher] Free heap: 336600
16:50:04.811 > [184381][I][PacketService.cpp:12] createEmptyPacket(): [LoRaMesher] Packet created with 17 bytes
16:50:04.820 > [184390][I][LoraMesher.cpp:392] receivingRoutine(): [LoRaMesher] Receiving LoRa packet: Size: 17 bytes RSSI: -13 SNR: 13
16:50:04.831 > [184401][V][LoraMesher.cpp:647] processPackets(): [LoRaMesher] Size of Received Packets Queue: 1
16:50:04.840 > [184410][I][PacketQueueService.h:80] deleteQueuePacketAndPacket(): [LoRaMesher] Deleting packet
16:50:04.848 > [184418][I][PacketQueueService.h:83] deleteQueuePacketAndPacket(): [LoRaMesher] Deleting packet queue
16:50:04.857 > [184427][V][LoraMesher.cpp:658] processPackets(): [LoRaMesher] TESTING: Packet not for me, deleting it
16:50:04.866 > [184437][V][LoraMesher.cpp:641] processPackets(): [LoRaMesher] Stack space unused after entering the task: 2120
16:50:04.876 > [184447][V][LoraMesher.cpp:642] processPackets(): [LoRaMesher] Free heap: 336600
16:50:24.994 > [204565][V][LoraMesher.cpp:378] receivingRoutine(): [LoRaMesher] Stack space unused after entering the task: 2040
16:50:25.004 > [204575][V][LoraMesher.cpp:379] receivingRoutine(): [LoRaMesher] Free heap: 336600
16:50:25.012 > [204582][I][PacketService.cpp:12] createEmptyPacket(): [LoRaMesher] Packet created with 17 bytes
16:50:25.021 > [204591][I][LoraMesher.cpp:392] receivingRoutine(): [LoRaMesher] Receiving LoRa packet: Size: 17 bytes RSSI: -13 SNR: 13
16:50:25.032 > [204602][V][LoraMesher.cpp:647] processPackets(): [LoRaMesher] Size of Received Packets Queue: 1
16:50:25.040 > [204611][I][PacketQueueService.h:80] deleteQueuePacketAndPacket(): [LoRaMesher] Deleting packet
16:50:25.049 > [204619][I][PacketQueueService.h:83] deleteQueuePacketAndPacket(): [LoRaMesher] Deleting packet queue
16:50:25.058 > [204628][V][LoraMesher.cpp:658] processPackets(): [LoRaMesher] TESTING: Packet not for me, deleting it
16:50:25.067 > [204638][V][LoraMesher.cpp:641] processPackets(): [LoRaMesher] Stack space unused after entering the task: 2120
16:50:25.077 > [204648][V][LoraMesher.cpp:642] processPackets(): [LoRaMesher] Free heap: 336600
16:50:45.195 > [224767][V][LoraMesher.cpp:378] receivingRoutine(): [LoRaMesher] Stack space unused after entering the task: 2040
16:50:45.206 > [224777][V][LoraMesher.cpp:379] receivingRoutine(): [LoRaMesher] Free heap: 336600
16:50:45.213 > [224784][I][PacketService.cpp:12] createEmptyPacket(): [LoRaMesher] Packet created with 17 bytes
16:50:45.222 > [224793][I][LoraMesher.cpp:392] receivingRoutine(): [LoRaMesher] Receiving LoRa packet: Size: 17 bytes RSSI: -12 SNR: 12
16:50:45.233 > [224804][V][LoraMesher.cpp:647] processPackets(): [LoRaMesher] Size of Received Packets Queue: 1
16:50:45.242 > [224813][I][PacketQueueService.h:80] deleteQueuePacketAndPacket(): [LoRaMesher] Deleting packet
16:50:45.250 > [224821][I][PacketQueueService.h:83] deleteQueuePacketAndPacket(): [LoRaMesher] Deleting packet queue
16:50:45.259 > [224830][V][LoraMesher.cpp:658] processPackets(): [LoRaMesher] TESTING: Packet not for me, deleting it
16:50:45.269 > [224840][V][LoraMesher.cpp:641] processPackets(): [LoRaMesher] Stack space unused after entering the task: 2120
16:50:45.278 > [224850][V][LoraMesher.cpp:642] processPackets(): [LoRaMesher] Free heap: 336600
16:51:05.031 > [244604][V][LoraMesher.cpp:378] receivingRoutine(): [LoRaMesher] Stack space unused after entering the task: 2040
16:51:05.042 > [244614][V][LoraMesher.cpp:379] receivingRoutine(): [LoRaMesher] Free heap: 336600
16:51:05.049 > [244621][I][PacketService.cpp:12] createEmptyPacket(): [LoRaMesher] Packet created with 8 bytes
16:51:05.058 > [244630][I][LoraMesher.cpp:392] receivingRoutine(): [LoRaMesher] Receiving LoRa packet: Size: 8 bytes RSSI: -13 SNR: 12
16:51:05.069 > [244641][V][LoraMesher.cpp:647] processPackets(): [LoRaMesher] Size of Received Packets Queue: 1
16:51:05.077 > [244650][I][PacketQueueService.h:80] deleteQueuePacketAndPacket(): [LoRaMesher] Deleting packet
16:51:05.086 > [244658][I][PacketQueueService.h:83] deleteQueuePacketAndPacket(): [LoRaMesher] Deleting packet queue
16:51:05.095 > [244667][V][LoraMesher.cpp:658] processPackets(): [LoRaMesher] TESTING: Packet not for me, deleting it
16:51:05.104 > [244676][V][LoraMesher.cpp:641] processPackets(): [LoRaMesher] Stack space unused after entering the task: 2120
16:51:05.114 > [244686][V][LoraMesher.cpp:642] processPackets(): [LoRaMesher] Free heap: 336600
16:51:05.396 > [244969][V][LoraMesher.cpp:378] receivingRoutine(): [LoRaMesher] Stack space unused after entering the task: 2040
16:51:05.406 > [244979][V][LoraMesher.cpp:379] receivingRoutine(): [LoRaMesher] Free heap: 336600
16:51:05.414 > [244986][I][PacketService.cpp:12] createEmptyPacket(): [LoRaMesher] Packet created with 17 bytes
16:51:05.423 > [244995][I][LoraMesher.cpp:392] receivingRoutine(): [LoRaMesher] Receiving LoRa packet: Size: 17 bytes RSSI: -12 SNR: 13
16:51:05.434 > [245006][V][LoraMesher.cpp:647] processPackets(): [LoRaMesher] Size of Received Packets Queue: 1
16:51:05.443 > [245015][I][PacketQueueService.h:80] deleteQueuePacketAndPacket(): [LoRaMesher] Deleting packet
16:51:05.451 > [245023][I][PacketQueueService.h:83] deleteQueuePacketAndPacket(): [LoRaMesher] Deleting packet queue
16:51:05.460 > [245032][V][LoraMesher.cpp:658] processPackets(): [LoRaMesher] TESTING: Packet not for me, deleting it
16:51:05.469 > [245042][V][LoraMesher.cpp:641] processPackets(): [LoRaMesher] Stack space unused after entering the task: 2120
16:51:05.479 > [245051][V][LoraMesher.cpp:642] processPackets(): [LoRaMesher] Free heap: 336600
16:51:06.209 > [245781][V][LoraMesher.cpp:378] receivingRoutine(): [LoRaMesher] Stack space unused after entering the task: 2040
16:51:06.220 > [245791][V][LoraMesher.cpp:379] receivingRoutine(): [LoRaMesher] Free heap: 336600
16:51:06.226 > [245799][I][PacketService.cpp:12] createEmptyPacket(): [LoRaMesher] Packet created with 16 bytes
16:51:06.235 > [245807][I][LoraMesher.cpp:392] receivingRoutine(): [LoRaMesher] Receiving LoRa packet: Size: 16 bytes RSSI: -4 SNR: 13
16:51:06.246 > [245818][V][LoraMesher.cpp:647] processPackets(): [LoRaMesher] Size of Received Packets Queue: 1
16:51:06.256 > [245827][V][LoraMesher.cpp:754] printHeaderPacket(): [LoRaMesher] Packet received -- Size: 16 Src: D110 Dst: FFFF Id: 3 Type: 4 Via: 0 Seq_Id: 0 Num: 0
16:51:06.268 > [245841][I][RoutingTableService.cpp:77] processRoute(): [LoRaMesher] Route packet from D110 with size 2
16:51:06.277 > [245850][I][RoutingTableService.cpp:99] resetReceiveSNRRoutePacket(): [LoRaMesher] Reset Receive SNR from D110: 13
16:51:06.288 > [245860][I][RoutingTableService.cpp:192] printRoutingTable(): [LoRaMesher] Current routing table:
16:51:06.296 > [245869][I][RoutingTableService.cpp:206] printRoutingTable(): [LoRaMesher] 0 - AFC0 via AFC0 metric 1 Role 0
16:51:06.306 > [245878][I][RoutingTableService.cpp:206] printRoutingTable(): [LoRaMesher] 1 - D110 via D110 metric 1 Role 1
16:51:06.315 > [245888][I][PacketQueueService.h:80] deleteQueuePacketAndPacket(): [LoRaMesher] Deleting packet
16:51:06.324 > [245896][I][PacketQueueService.h:83] deleteQueuePacketAndPacket(): [LoRaMesher] Deleting packet queue
16:51:06.333 > [245905][V][LoraMesher.cpp:641] processPackets(): [LoRaMesher] Stack space unused after entering the task: 2120
16:51:06.343 > [245915][V][LoraMesher.cpp:642] processPackets(): [LoRaMesher] Free heap: 336600
16:51:06.446 > [246019][V][LoraMesher.cpp:378] receivingRoutine(): [LoRaMesher] Stack space unused after entering the task: 2040
16:51:06.457 > [246029][V][LoraMesher.cpp:379] receivingRoutine(): [LoRaMesher] Free heap: 336600
16:51:06.464 > [246036][I][PacketService.cpp:12] createEmptyPacket(): [LoRaMesher] Packet created with 16 bytes
16:51:06.473 > [246045][I][LoraMesher.cpp:392] receivingRoutine(): [LoRaMesher] Receiving LoRa packet: Size: 16 bytes RSSI: -59 SNR: 12
16:51:06.484 > [246056][V][LoraMesher.cpp:647] processPackets(): [LoRaMesher] Size of Received Packets Queue: 1
16:51:06.493 > [246065][V][LoraMesher.cpp:754] printHeaderPacket(): [LoRaMesher] Packet received -- Size: 16 Src: AFC0 Dst: FFFF Id: 2 Type: 4 Via: 0 Seq_Id: 0 Num: 0
16:51:06.506 > [246078][I][RoutingTableService.cpp:77] processRoute(): [LoRaMesher] Route packet from AFC0 with size 2
16:51:06.515 > [246088][I][RoutingTableService.cpp:99] resetReceiveSNRRoutePacket(): [LoRaMesher] Reset Receive SNR from AFC0: 12
16:51:06.525 > [246098][I][RoutingTableService.cpp:192] printRoutingTable(): [LoRaMesher] Current routing table:
16:51:06.534 > [246107][I][RoutingTableService.cpp:206] printRoutingTable(): [LoRaMesher] 0 - AFC0 via AFC0 metric 1 Role 0
16:51:06.544 > [246116][I][RoutingTableService.cpp:206] printRoutingTable(): [LoRaMesher] 1 - D110 via D110 metric 1 Role 1
16:51:06.553 > [246126][I][PacketQueueService.h:80] deleteQueuePacketAndPacket(): [LoRaMesher] Deleting packet
16:51:06.562 > [246134][I][PacketQueueService.h:83] deleteQueuePacketAndPacket(): [LoRaMesher] Deleting packet queue
16:51:06.571 > [246143][V][LoraMesher.cpp:641] processPackets(): [LoRaMesher] Stack space unused after entering the task: 2120
16:51:06.581 > [246153][V][LoraMesher.cpp:642] processPackets(): [LoRaMesher] Free heap: 336600
16:51:07.445 > [247017][V][LoraMesher.cpp:378] receivingRoutine(): [LoRaMesher] Stack space unused after entering the task: 2040
16:51:07.454 > [247027][V][LoraMesher.cpp:379] receivingRoutine(): [LoRaMesher] Free heap: 336600
16:51:07.462 > [247034][I][PacketService.cpp:12] createEmptyPacket(): [LoRaMesher] Packet created with 16 bytes
16:51:07.471 > [247043][I][LoraMesher.cpp:392] receivingRoutine(): [LoRaMesher] Receiving LoRa packet: Size: 16 bytes RSSI: -5 SNR: 13
16:51:07.482 > [247054][V][LoraMesher.cpp:647] processPackets(): [LoRaMesher] Size of Received Packets Queue: 1
16:51:07.490 > [247063][I][PacketQueueService.h:80] deleteQueuePacketAndPacket(): [LoRaMesher] Deleting packet
16:51:07.499 > [247071][I][PacketQueueService.h:83] deleteQueuePacketAndPacket(): [LoRaMesher] Deleting packet queue
16:51:07.508 > [247080][V][LoraMesher.cpp:658] processPackets(): [LoRaMesher] TESTING: Packet not for me, deleting it
16:51:07.517 > [247089][V][LoraMesher.cpp:641] processPackets(): [LoRaMesher] Stack space unused after entering the task: 2120
16:51:07.527 > [247099][V][LoraMesher.cpp:642] processPackets(): [LoRaMesher] Free heap: 336600
16:51:08.446 > [248018][V][LoraMesher.cpp:598] sendHelloPacket(): [LoRaMesher] Creating Routing Packet
16:51:08.453 > [248026][V][LoraMesher.cpp:599] sendHelloPacket(): [LoRaMesher] Stack space unused after entering the task: 2332
16:51:08.463 > [248036][V][LoraMesher.cpp:600] sendHelloPacket(): [LoRaMesher] Free heap: 336600
16:51:08.471 > [248043][V][PacketFactory.h:45] createPacket(): [LoRaMesher] Creating packet with 16 bytes
16:51:08.479 > [248051][I][PacketFactory.h:74] createPacket(): [LoRaMesher] Packet created with 16 bytes
16:51:08.487 > [248059][I][LoraMesher.h:659] setPackedForSend(): [LoRaMesher] Adding packet to Q_SP
16:51:08.494 > [248067][I][LoraMesher.h:661] setPackedForSend(): [LoRaMesher] Created packet to Q_SP
16:51:08.502 > [248074][I][LoraMesher.cpp:1051] addToSendOrderedAndNotify(): [LoRaMesher] Added packet to Q_SP, notifying sender task
16:51:08.512 > [248085][V][LoraMesher.cpp:511] sendPackets(): [LoRaMesher] Stack space unused after entering the task: 2260
16:51:08.522 > [248094][V][LoraMesher.cpp:512] sendPackets(): [LoRaMesher] Free heap: 336508
16:51:08.529 > [248101][V][LoraMesher.cpp:518] sendPackets(): [LoRaMesher] Size of Send Packets Queue: 1
16:51:08.537 > [248109][V][LoraMesher.cpp:525] sendPackets(): [LoRaMesher] Send n. 2
16:51:08.543 > [248116][V][LoraMesher.cpp:455] waitBeforeSend(): [LoRaMesher] RandomDelay 955 ms
16:51:09.505 > [249078][V][LoraMesher.cpp:754] printHeaderPacket(): [LoRaMesher] Packet send -- Size: 16 Src: F02C Dst: FFFF Id: 2 Type: 4 Via: 0 Seq_Id: 0 Num: 0
16:51:09.595 > [249168][V][LoraMesher.cpp:575] sendPackets(): [LoRaMesher] TimeOnAir 63 ms, next message in 0 ms
16:51:09.604 > [249176][I][PacketQueueService.h:80] deleteQueuePacketAndPacket(): [LoRaMesher] Deleting packet
16:51:09.612 > [249185][I][PacketQueueService.h:83] deleteQueuePacketAndPacket(): [LoRaMesher] Deleting packet queue
16:51:26.570 > [266143][V][LoraMesher.cpp:378] receivingRoutine(): [LoRaMesher] Stack space unused after entering the task: 2040
16:51:26.581 > [266153][V][LoraMesher.cpp:379] receivingRoutine(): [LoRaMesher] Free heap: 336600
16:51:26.588 > [266161][I][PacketService.cpp:12] createEmptyPacket(): [LoRaMesher] Packet created with 17 bytes
16:51:26.597 > [266170][I][LoraMesher.cpp:392] receivingRoutine(): [LoRaMesher] Receiving LoRa packet: Size: 17 bytes RSSI: -13 SNR: 13
16:51:26.608 > [266181][V][LoraMesher.cpp:647] processPackets(): [LoRaMesher] Size of Received Packets Queue: 1
16:51:26.617 > [266189][I][PacketQueueService.h:80] deleteQueuePacketAndPacket(): [LoRaMesher] Deleting packet
16:51:26.625 > [266198][I][PacketQueueService.h:83] deleteQueuePacketAndPacket(): [LoRaMesher] Deleting packet queue
16:51:26.634 > [266207][V][LoraMesher.cpp:658] processPackets(): [LoRaMesher] TESTING: Packet not for me, deleting it
16:51:26.643 > [266216][V][LoraMesher.cpp:641] processPackets(): [LoRaMesher] Stack space unused after entering the task: 2120
16:51:26.653 > [266226][V][LoraMesher.cpp:642] processPackets(): [LoRaMesher] Free heap: 336600
16:51:46.592 > [286166][V][LoraMesher.cpp:378] receivingRoutine(): [LoRaMesher] Stack space unused after entering the task: 2040
16:51:46.603 > [286176][V][LoraMesher.cpp:379] receivingRoutine(): [LoRaMesher] Free heap: 336600
16:51:46.611 > [286184][I][PacketService.cpp:12] createEmptyPacket(): [LoRaMesher] Packet created with 17 bytes
16:51:46.619 > [286193][I][LoraMesher.cpp:392] receivingRoutine(): [LoRaMesher] Receiving LoRa packet: Size: 17 bytes RSSI: -12 SNR: 13
16:51:46.631 > [286204][V][LoraMesher.cpp:647] processPackets(): [LoRaMesher] Size of Received Packets Queue: 1
16:51:46.639 > [286212][I][PacketQueueService.h:80] deleteQueuePacketAndPacket(): [LoRaMesher] Deleting packet
16:51:46.648 > [286221][I][PacketQueueService.h:83] deleteQueuePacketAndPacket(): [LoRaMesher] Deleting packet queue
16:51:46.657 > [286230][V][LoraMesher.cpp:658] processPackets(): [LoRaMesher] TESTING: Packet not for me, deleting it
16:51:46.666 > [286239][V][LoraMesher.cpp:641] processPackets(): [LoRaMesher] Stack space unused after entering the task: 2120
16:51:46.676 > [286249][V][LoraMesher.cpp:642] processPackets(): [LoRaMesher] Free heap: 336600
16:52:06.181 > [305755][V][LoraMesher.cpp:378] receivingRoutine(): [LoRaMesher] Stack space unused after entering the task: 2040
16:52:06.192 > [305765][V][LoraMesher.cpp:379] receivingRoutine(): [LoRaMesher] Free heap: 336600
16:52:06.199 > [305773][I][PacketService.cpp:12] createEmptyPacket(): [LoRaMesher] Packet created with 17 bytes
16:52:06.208 > [305781][I][LoraMesher.cpp:392] receivingRoutine(): [LoRaMesher] Receiving LoRa packet: Size: 17 bytes RSSI: -13 SNR: 12
16:52:06.219 > [305793][V][LoraMesher.cpp:647] processPackets(): [LoRaMesher] Size of Received Packets Queue: 1
16:52:06.228 > [305801][I][PacketQueueService.h:80] deleteQueuePacketAndPacket(): [LoRaMesher] Deleting packet
16:52:06.236 > [305810][I][PacketQueueService.h:83] deleteQueuePacketAndPacket(): [LoRaMesher] Deleting packet queue
16:52:06.245 > [305819][V][LoraMesher.cpp:658] processPackets(): [LoRaMesher] TESTING: Packet not for me, deleting it
16:52:06.254 > [305828][V][LoraMesher.cpp:641] processPackets(): [LoRaMesher] Stack space unused after entering the task: 2120
16:52:06.264 > [305838][V][LoraMesher.cpp:642] processPackets(): [LoRaMesher] Free heap: 336600
16:52:26.146 > [325721][V][LoraMesher.cpp:378] receivingRoutine(): [LoRaMesher] Stack space unused after entering the task: 2040
16:52:26.156 > [325731][V][LoraMesher.cpp:379] receivingRoutine(): [LoRaMesher] Free heap: 336600
16:52:26.164 > [325739][I][PacketService.cpp:12] createEmptyPacket(): [LoRaMesher] Packet created with 17 bytes
16:52:26.173 > [325747][I][LoraMesher.cpp:392] receivingRoutine(): [LoRaMesher] Receiving LoRa packet: Size: 17 bytes RSSI: -13 SNR: 12
16:52:26.184 > [325759][V][LoraMesher.cpp:647] processPackets(): [LoRaMesher] Size of Received Packets Queue: 1
16:52:26.193 > [325767][I][PacketQueueService.h:80] deleteQueuePacketAndPacket(): [LoRaMesher] Deleting packet
16:52:26.201 > [325776][I][PacketQueueService.h:83] deleteQueuePacketAndPacket(): [LoRaMesher] Deleting packet queue
16:52:26.211 > [325785][V][LoraMesher.cpp:658] processPackets(): [LoRaMesher] TESTING: Packet not for me, deleting it
16:52:26.219 > [325794][V][LoraMesher.cpp:641] processPackets(): [LoRaMesher] Stack space unused after entering the task: 2120
16:52:26.229 > [325804][V][LoraMesher.cpp:642] processPackets(): [LoRaMesher] Free heap: 336600
16:52:46.849 > [346425][V][LoraMesher.cpp:378] receivingRoutine(): [LoRaMesher] Stack space unused after entering the task: 2040
16:52:46.860 > [346435][V][LoraMesher.cpp:379] receivingRoutine(): [LoRaMesher] Free heap: 336600
16:52:46.867 > [346443][I][PacketService.cpp:12] createEmptyPacket(): [LoRaMesher] Packet created with 17 bytes
16:52:46.876 > [346451][I][LoraMesher.cpp:392] receivingRoutine(): [LoRaMesher] Receiving LoRa packet: Size: 17 bytes RSSI: -13 SNR: 13
16:52:46.887 > [346463][V][LoraMesher.cpp:647] processPackets(): [LoRaMesher] Size of Received Packets Queue: 1
16:52:46.896 > [346471][I][PacketQueueService.h:80] deleteQueuePacketAndPacket(): [LoRaMesher] Deleting packet
16:52:46.904 > [346480][I][PacketQueueService.h:83] deleteQueuePacketAndPacket(): [LoRaMesher] Deleting packet queue
16:52:46.913 > [346489][V][LoraMesher.cpp:658] processPackets(): [LoRaMesher] TESTING: Packet not for me, deleting it
16:52:46.923 > [346498][V][LoraMesher.cpp:641] processPackets(): [LoRaMesher] Stack space unused after entering the task: 2120
16:52:46.933 > [346508][V][LoraMesher.cpp:642] processPackets(): [LoRaMesher] Free heap: 336600
16:53:05.473 > [365049][V][LoraMesher.cpp:378] receivingRoutine(): [LoRaMesher] Stack space unused after entering the task: 2040
16:53:05.484 > [365060][V][LoraMesher.cpp:379] receivingRoutine(): [LoRaMesher] Free heap: 336600
16:53:05.492 > [365067][I][PacketService.cpp:12] createEmptyPacket(): [LoRaMesher] Packet created with 24 bytes
16:53:05.500 > [365076][I][LoraMesher.cpp:392] receivingRoutine(): [LoRaMesher] Receiving LoRa packet: Size: 24 bytes RSSI: -4 SNR: -2
16:53:05.511 > [365087][V][LoraMesher.cpp:647] processPackets(): [LoRaMesher] Size of Received Packets Queue: 1
16:53:05.520 > [365096][I][PacketQueueService.h:80] deleteQueuePacketAndPacket(): [LoRaMesher] Deleting packet
16:53:05.529 > [365104][I][PacketQueueService.h:83] deleteQueuePacketAndPacket(): [LoRaMesher] Deleting packet queue
16:53:05.538 > [365113][V][LoraMesher.cpp:658] processPackets(): [LoRaMesher] TESTING: Packet not for me, deleting it
16:53:05.547 > [365122][V][LoraMesher.cpp:641] processPackets(): [LoRaMesher] Stack space unused after entering the task: 2120
16:53:05.557 > [365132][V][LoraMesher.cpp:642] processPackets(): [LoRaMesher] Free heap: 336600
16:53:06.250 > [365826][V][LoraMesher.cpp:378] receivingRoutine(): [LoRaMesher] Stack space unused after entering the task: 2040
16:53:06.261 > [365836][V][LoraMesher.cpp:379] receivingRoutine(): [LoRaMesher] Free heap: 336600
16:53:06.268 > [365844][I][PacketService.cpp:12] createEmptyPacket(): [LoRaMesher] Packet created with 20 bytes
16:53:06.277 > [365853][I][LoraMesher.cpp:392] receivingRoutine(): [LoRaMesher] Receiving LoRa packet: Size: 20 bytes RSSI: -13 SNR: 13
16:53:06.288 > [365864][V][LoraMesher.cpp:647] processPackets(): [LoRaMesher] Size of Received Packets Queue: 1
16:53:06.297 > [365872][I][PacketQueueService.h:80] deleteQueuePacketAndPacket(): [LoRaMesher] Deleting packet
16:53:06.305 > [365881][I][PacketQueueService.h:83] deleteQueuePacketAndPacket(): [LoRaMesher] Deleting packet queue
16:53:06.314 > [365890][V][LoraMesher.cpp:658] processPackets(): [LoRaMesher] TESTING: Packet not for me, deleting it
16:53:06.323 > [365899][V][LoraMesher.cpp:641] processPackets(): [LoRaMesher] Stack space unused after entering the task: 2120
16:53:06.333 > [365909][V][LoraMesher.cpp:642] processPackets(): [LoRaMesher] Free heap: 336600
16:53:07.380 > [366956][V][LoraMesher.cpp:378] receivingRoutine(): [LoRaMesher] Stack space unused after entering the task: 2040
16:53:07.391 > [366966][V][LoraMesher.cpp:379] receivingRoutine(): [LoRaMesher] Free heap: 336600
16:53:07.398 > [366974][I][PacketService.cpp:12] createEmptyPacket(): [LoRaMesher] Packet created with 17 bytes
16:53:07.407 > [366983][I][LoraMesher.cpp:392] receivingRoutine(): [LoRaMesher] Receiving LoRa packet: Size: 17 bytes RSSI: -13 SNR: 13
16:53:07.418 > [366994][V][LoraMesher.cpp:647] processPackets(): [LoRaMesher] Size of Received Packets Queue: 1
16:53:07.427 > [367002][I][PacketQueueService.h:80] deleteQueuePacketAndPacket(): [LoRaMesher] Deleting packet
16:53:07.435 > [367011][I][PacketQueueService.h:83] deleteQueuePacketAndPacket(): [LoRaMesher] Deleting packet queue
16:53:07.444 > [367020][V][LoraMesher.cpp:658] processPackets(): [LoRaMesher] TESTING: Packet not for me, deleting it
16:53:07.453 > [367029][V][LoraMesher.cpp:641] processPackets(): [LoRaMesher] Stack space unused after entering the task: 2120
16:53:07.463 > [367039][V][LoraMesher.cpp:642] processPackets(): [LoRaMesher] Free heap: 336600
16:53:08.068 > [367644][V][LoraMesher.cpp:378] receivingRoutine(): [LoRaMesher] Stack space unused after entering the task: 2040
16:53:08.079 > [367654][V][LoraMesher.cpp:379] receivingRoutine(): [LoRaMesher] Free heap: 336600
16:53:08.086 > [367662][I][PacketService.cpp:12] createEmptyPacket(): [LoRaMesher] Packet created with 20 bytes
16:53:08.095 > [367671][I][LoraMesher.cpp:392] receivingRoutine(): [LoRaMesher] Receiving LoRa packet: Size: 20 bytes RSSI: -58 SNR: 12
16:53:08.106 > [367682][V][LoraMesher.cpp:647] processPackets(): [LoRaMesher] Size of Received Packets Queue: 1
16:53:08.115 > [367690][V][LoraMesher.cpp:754] printHeaderPacket(): [LoRaMesher] Packet received -- Size: 20 Src: AFC0 Dst: FFFF Id: 3 Type: 4 Via: 0 Seq_Id: 0 Num: 0
16:53:08.128 > [367704][I][RoutingTableService.cpp:77] processRoute(): [LoRaMesher] Route packet from AFC0 with size 3
16:53:08.138 > [367713][I][RoutingTableService.cpp:99] resetReceiveSNRRoutePacket(): [LoRaMesher] Reset Receive SNR from AFC0: 12
16:53:08.148 > [367723][I][RoutingTableService.cpp:156] addNodeToRoutingTable(): [LoRaMesher] New route added: DE6C via AFC0 metric 2, role 0
16:53:08.159 > [367735][I][RoutingTableService.cpp:192] printRoutingTable(): [LoRaMesher] Current routing table:
16:53:08.168 > [367743][I][RoutingTableService.cpp:206] printRoutingTable(): [LoRaMesher] 0 - AFC0 via AFC0 metric 1 Role 0
16:53:08.177 > [367753][I][RoutingTableService.cpp:206] printRoutingTable(): [LoRaMesher] 1 - D110 via D110 metric 1 Role 1
16:53:08.187 > [367762][I][RoutingTableService.cpp:206] printRoutingTable(): [LoRaMesher] 2 - DE6C via AFC0 metric 2 Role 0
16:53:08.196 > [367772][I][PacketQueueService.h:80] deleteQueuePacketAndPacket(): [LoRaMesher] Deleting packet
16:53:08.205 > [367781][I][PacketQueueService.h:83] deleteQueuePacketAndPacket(): [LoRaMesher] Deleting packet queue
16:53:08.214 > [367790][V][LoraMesher.cpp:641] processPackets(): [LoRaMesher] Stack space unused after entering the task: 2120
16:53:08.224 > [367800][V][LoraMesher.cpp:642] processPackets(): [LoRaMesher] Free heap: 336536
16:53:08.509 > [368085][V][LoraMesher.cpp:598] sendHelloPacket(): [LoRaMesher] Creating Routing Packet
16:53:08.517 > [368093][V][LoraMesher.cpp:599] sendHelloPacket(): [LoRaMesher] Stack space unused after entering the task: 2332
16:53:08.527 > [368103][V][LoraMesher.cpp:600] sendHelloPacket(): [LoRaMesher] Free heap: 336536
16:53:08.534 > [368110][V][PacketFactory.h:45] createPacket(): [LoRaMesher] Creating packet with 20 bytes
16:53:08.543 > [368118][I][PacketFactory.h:74] createPacket(): [LoRaMesher] Packet created with 20 bytes
16:53:08.551 > [368126][I][LoraMesher.h:659] setPackedForSend(): [LoRaMesher] Adding packet to Q_SP
16:53:08.558 > [368134][I][LoraMesher.h:661] setPackedForSend(): [LoRaMesher] Created packet to Q_SP
16:53:08.566 > [368141][I][LoraMesher.cpp:1051] addToSendOrderedAndNotify(): [LoRaMesher] Added packet to Q_SP, notifying sender task
16:53:08.576 > [368152][V][LoraMesher.cpp:511] sendPackets(): [LoRaMesher] Stack space unused after entering the task: 2260
16:53:08.586 > [368161][V][LoraMesher.cpp:512] sendPackets(): [LoRaMesher] Free heap: 336440
16:53:08.593 > [368168][V][LoraMesher.cpp:518] sendPackets(): [LoRaMesher] Size of Send Packets Queue: 1
16:53:08.601 > [368176][V][LoraMesher.cpp:525] sendPackets(): [LoRaMesher] Send n. 3
16:53:08.607 > [368183][V][LoraMesher.cpp:455] waitBeforeSend(): [LoRaMesher] RandomDelay 880 ms
16:53:08.979 > [368555][V][LoraMesher.cpp:378] receivingRoutine(): [LoRaMesher] Stack space unused after entering the task: 2040
16:53:08.990 > [368566][V][LoraMesher.cpp:379] receivingRoutine(): [LoRaMesher] Free heap: 336468
16:53:08.998 > [368573][I][PacketService.cpp:12] createEmptyPacket(): [LoRaMesher] Packet created with 17 bytes
16:53:09.006 > [368582][I][LoraMesher.cpp:392] receivingRoutine(): [LoRaMesher] Receiving LoRa packet: Size: 17 bytes RSSI: -5 SNR: 13
16:53:09.017 > [368593][V][LoraMesher.cpp:647] processPackets(): [LoRaMesher] Size of Received Packets Queue: 1
16:53:09.026 > [368602][I][PacketQueueService.h:80] deleteQueuePacketAndPacket(): [LoRaMesher] Deleting packet
16:53:09.035 > [368610][I][PacketQueueService.h:83] deleteQueuePacketAndPacket(): [LoRaMesher] Deleting packet queue
16:53:09.044 > [368619][V][LoraMesher.cpp:658] processPackets(): [LoRaMesher] TESTING: Packet not for me, deleting it
16:53:09.053 > [368628][V][LoraMesher.cpp:641] processPackets(): [LoRaMesher] Stack space unused after entering the task: 2120
16:53:09.063 > [368638][V][LoraMesher.cpp:642] processPackets(): [LoRaMesher] Free heap: 336468
16:53:09.500 > [369076][V][LoraMesher.cpp:462] waitBeforeSend(): [LoRaMesher] Preamble detected while waiting 1
16:53:09.518 > [369084][V][LoraMesher.cpp:455] waitBeforeSend(): [LoRaMesher] RandomDelay 903 ms
16:53:10.336 > [369911][V][LoraMesher.cpp:378] receivingRoutine(): [LoRaMesher] Stack space unused after entering the task: 2040
16:53:10.346 > [369922][V][LoraMesher.cpp:379] receivingRoutine(): [LoRaMesher] Free heap: 336468
16:53:10.353 > [369929][I][PacketService.cpp:12] createEmptyPacket(): [LoRaMesher] Packet created with 17 bytes
16:53:10.362 > [369938][I][LoraMesher.cpp:392] receivingRoutine(): [LoRaMesher] Receiving LoRa packet: Size: 17 bytes RSSI: -58 SNR: 11
16:53:10.373 > [369949][V][LoraMesher.cpp:647] processPackets(): [LoRaMesher] Size of Received Packets Queue: 1
16:53:10.382 > [369958][V][LoraMesher.cpp:754] printHeaderPacket(): [LoRaMesher] Packet received -- Size: 17 Src: B3F0 Dst: D110 Id: 22 Type: 2 Via: F02C Seq_Id: 0 Num: 0
16:53:10.396 > [369971][I][LoraMesher.cpp:854] processDataPacket(): [LoRaMesher] Data packet from B3F0, destination D110, via F02C
16:53:10.406 > [369982][V][LoraMesher.cpp:872] processDataPacket(): [LoRaMesher] Data Packet from B3F0 for D110. Via is me. Forwarding it
16:53:10.417 > [369993][I][LoraMesher.cpp:1051] addToSendOrderedAndNotify(): [LoRaMesher] Added packet to Q_SP, notifying sender task
16:53:10.427 > [370000][V][LoraMesher.cpp:462] waitBeforeSend(): [LoRaMesher] Preamble detected while waiting 2
16:53:10.436 > [370012][V][LoraMesher.cpp:455] waitBeforeSend(): [LoRaMesher] RandomDelay 828 ms
16:53:10.443 > [370019][V][LoraMesher.cpp:641] processPackets(): [LoRaMesher] Stack space unused after entering the task: 2120
16:53:10.453 > [370029][V][LoraMesher.cpp:642] processPackets(): [LoRaMesher] Free heap: 336372
16:53:11.270 > [370846][V][LoraMesher.cpp:754] printHeaderPacket(): [LoRaMesher] Packet send -- Size: 20 Src: F02C Dst: FFFF Id: 3 Type: 4 Via: 0 Seq_Id: 0 Num: 0
16:53:11.367 > [370943][V][LoraMesher.cpp:575] sendPackets(): [LoRaMesher] TimeOnAir 70 ms, next message in 0 ms
16:53:11.376 > [370952][I][PacketQueueService.h:80] deleteQueuePacketAndPacket(): [LoRaMesher] Deleting packet
16:53:11.384 > [370960][I][PacketQueueService.h:83] deleteQueuePacketAndPacket(): [LoRaMesher] Deleting packet queue
16:53:11.393 > [370969][V][LoraMesher.cpp:518] sendPackets(): [LoRaMesher] Size of Send Packets Queue: 1
16:53:11.401 > [370977][V][LoraMesher.cpp:525] sendPackets(): [LoRaMesher] Send n. 4
16:53:11.408 > [370983][V][LoraMesher.cpp:455] waitBeforeSend(): [LoRaMesher] RandomDelay 847 ms
16:53:12.261 > [371837][V][LoraMesher.cpp:754] printHeaderPacket(): [LoRaMesher] Packet send -- Size: 17 Src: B3F0 Dst: D110 Id: 22 Type: 2 Via: D110 Seq_Id: 0 Num: 0
16:53:12.351 > [371927][V][LoraMesher.cpp:575] sendPackets(): [LoRaMesher] TimeOnAir 63 ms, next message in 0 ms
16:53:12.360 > [371936][I][PacketQueueService.h:80] deleteQueuePacketAndPacket(): [LoRaMesher] Deleting packet
16:53:12.368 > [371944][I][PacketQueueService.h:83] deleteQueuePacketAndPacket(): [LoRaMesher] Deleting packet queue
16:53:27.182 > [386758][V][LoraMesher.cpp:378] receivingRoutine(): [LoRaMesher] Stack space unused after entering the task: 2040
16:53:27.192 > [386768][V][LoraMesher.cpp:379] receivingRoutine(): [LoRaMesher] Free heap: 336536
16:53:27.200 > [386776][I][PacketService.cpp:12] createEmptyPacket(): [LoRaMesher] Packet created with 17 bytes
16:53:27.209 > [386785][I][LoraMesher.cpp:392] receivingRoutine(): [LoRaMesher] Receiving LoRa packet: Size: 17 bytes RSSI: -13 SNR: 13
16:53:27.220 > [386796][V][LoraMesher.cpp:647] processPackets(): [LoRaMesher] Size of Received Packets Queue: 1
16:53:27.229 > [386804][I][PacketQueueService.h:80] deleteQueuePacketAndPacket(): [LoRaMesher] Deleting packet
16:53:27.237 > [386813][I][PacketQueueService.h:83] deleteQueuePacketAndPacket(): [LoRaMesher] Deleting packet queue
16:53:27.246 > [386822][V][LoraMesher.cpp:658] processPackets(): [LoRaMesher] TESTING: Packet not for me, deleting it
16:53:27.255 > [386831][V][LoraMesher.cpp:641] processPackets(): [LoRaMesher] Stack space unused after entering the task: 2120
16:53:27.265 > [386841][V][LoraMesher.cpp:642] processPackets(): [LoRaMesher] Free heap: 336536
16:53:27.878 > [387454][V][LoraMesher.cpp:378] receivingRoutine(): [LoRaMesher] Stack space unused after entering the task: 2040
16:53:27.888 > [387464][V][LoraMesher.cpp:379] receivingRoutine(): [LoRaMesher] Free heap: 336536
16:53:27.896 > [387472][I][PacketService.cpp:12] createEmptyPacket(): [LoRaMesher] Packet created with 17 bytes
16:53:27.904 > [387480][I][LoraMesher.cpp:392] receivingRoutine(): [LoRaMesher] Receiving LoRa packet: Size: 17 bytes RSSI: -5 SNR: 13
16:53:27.916 > [387491][V][LoraMesher.cpp:647] processPackets(): [LoRaMesher] Size of Received Packets Queue: 1
16:53:27.924 > [387500][I][PacketQueueService.h:80] deleteQueuePacketAndPacket(): [LoRaMesher] Deleting packet
16:53:27.933 > [387509][I][PacketQueueService.h:83] deleteQueuePacketAndPacket(): [LoRaMesher] Deleting packet queue
16:53:27.942 > [387518][V][LoraMesher.cpp:658] processPackets(): [LoRaMesher] TESTING: Packet not for me, deleting it
16:53:27.951 > [387527][V][LoraMesher.cpp:641] processPackets(): [LoRaMesher] Stack space unused after entering the task: 2120
16:53:27.961 > [387537][V][LoraMesher.cpp:642] processPackets(): [LoRaMesher] Free heap: 336536
16:53:29.169 > [388745][V][LoraMesher.cpp:378] receivingRoutine(): [LoRaMesher] Stack space unused after entering the task: 2040
16:53:29.180 > [388756][V][LoraMesher.cpp:379] receivingRoutine(): [LoRaMesher] Free heap: 336536
16:53:29.187 > [388763][I][PacketService.cpp:12] createEmptyPacket(): [LoRaMesher] Packet created with 17 bytes
16:53:29.196 > [388772][I][LoraMesher.cpp:392] receivingRoutine(): [LoRaMesher] Receiving LoRa packet: Size: 17 bytes RSSI: -58 SNR: 12
16:53:29.207 > [388783][V][LoraMesher.cpp:647] processPackets(): [LoRaMesher] Size of Received Packets Queue: 1
16:53:29.216 > [388792][V][LoraMesher.cpp:754] printHeaderPacket(): [LoRaMesher] Packet received -- Size: 17 Src: B3F0 Dst: D110 Id: 23 Type: 2 Via: F02C Seq_Id: 0 Num: 0
16:53:29.229 > [388805][I][LoraMesher.cpp:854] processDataPacket(): [LoRaMesher] Data packet from B3F0, destination D110, via F02C
16:53:29.240 > [388816][V][LoraMesher.cpp:872] processDataPacket(): [LoRaMesher] Data Packet from B3F0 for D110. Via is me. Forwarding it
16:53:29.251 > [388826][I][LoraMesher.cpp:1051] addToSendOrderedAndNotify(): [LoRaMesher] Added packet to Q_SP, notifying sender task
16:53:29.261 > [388837][V][LoraMesher.cpp:511] sendPackets(): [LoRaMesher] Stack space unused after entering the task: 2148
16:53:29.271 > [388847][V][LoraMesher.cpp:512] sendPackets(): [LoRaMesher] Free heap: 336440
16:53:29.278 > [388854][V][LoraMesher.cpp:518] sendPackets(): [LoRaMesher] Size of Send Packets Queue: 1
16:53:29.286 > [388862][V][LoraMesher.cpp:525] sendPackets(): [LoRaMesher] Send n. 5
16:53:29.292 > [388868][V][LoraMesher.cpp:455] waitBeforeSend(): [LoRaMesher] RandomDelay 346 ms
16:53:29.299 > [388875][V][LoraMesher.cpp:641] processPackets(): [LoRaMesher] Stack space unused after entering the task: 2120
16:53:29.309 > [388885][V][LoraMesher.cpp:642] processPackets(): [LoRaMesher] Free heap: 336468
16:53:29.644 > [389221][V][LoraMesher.cpp:754] printHeaderPacket(): [LoRaMesher] Packet send -- Size: 17 Src: B3F0 Dst: D110 Id: 23 Type: 2 Via: D110 Seq_Id: 0 Num: 0
16:53:29.734 > [389311][V][LoraMesher.cpp:575] sendPackets(): [LoRaMesher] TimeOnAir 63 ms, next message in 0 ms
16:53:29.744 > [389320][I][PacketQueueService.h:80] deleteQueuePacketAndPacket(): [LoRaMesher] Deleting packet
16:53:29.752 > [389328][I][PacketQueueService.h:83] deleteQueuePacketAndPacket(): [LoRaMesher] Deleting packet queue
16:53:46.681 > [406258][V][LoraMesher.cpp:378] receivingRoutine(): [LoRaMesher] Stack space unused after entering the task: 2040
16:53:46.691 > [406268][V][LoraMesher.cpp:379] receivingRoutine(): [LoRaMesher] Free heap: 336536
16:53:46.699 > [406276][I][PacketService.cpp:12] createEmptyPacket(): [LoRaMesher] Packet created with 17 bytes
16:53:46.707 > [406285][I][LoraMesher.cpp:392] receivingRoutine(): [LoRaMesher] Receiving LoRa packet: Size: 17 bytes RSSI: -14 SNR: 13
16:53:46.718 > [406296][V][LoraMesher.cpp:647] processPackets(): [LoRaMesher] Size of Received Packets Queue: 1
16:53:46.727 > [406304][I][PacketQueueService.h:80] deleteQueuePacketAndPacket(): [LoRaMesher] Deleting packet
16:53:46.736 > [406313][I][PacketQueueService.h:83] deleteQueuePacketAndPacket(): [LoRaMesher] Deleting packet queue
16:53:46.745 > [406322][V][LoraMesher.cpp:658] processPackets(): [LoRaMesher] TESTING: Packet not for me, deleting it
16:53:46.754 > [406331][V][LoraMesher.cpp:641] processPackets(): [LoRaMesher] Stack space unused after entering the task: 2120
16:53:46.764 > [406341][V][LoraMesher.cpp:642] processPackets(): [LoRaMesher] Free heap: 336536
16:53:47.251 > [406828][V][LoraMesher.cpp:378] receivingRoutine(): [LoRaMesher] Stack space unused after entering the task: 2040
16:53:47.261 > [406839][V][LoraMesher.cpp:379] receivingRoutine(): [LoRaMesher] Free heap: 336536
16:53:47.269 > [406846][I][PacketService.cpp:12] createEmptyPacket(): [LoRaMesher] Packet created with 17 bytes
16:53:47.278 > [406855][I][LoraMesher.cpp:392] receivingRoutine(): [LoRaMesher] Receiving LoRa packet: Size: 17 bytes RSSI: -5 SNR: 13
16:53:47.289 > [406866][V][LoraMesher.cpp:647] processPackets(): [LoRaMesher] Size of Received Packets Queue: 1
16:53:47.297 > [406875][I][PacketQueueService.h:80] deleteQueuePacketAndPacket(): [LoRaMesher] Deleting packet
16:53:47.306 > [406883][I][PacketQueueService.h:83] deleteQueuePacketAndPacket(): [LoRaMesher] Deleting packet queue
16:53:47.315 > [406892][V][LoraMesher.cpp:658] processPackets(): [LoRaMesher] TESTING: Packet not for me, deleting it
16:53:47.324 > [406901][V][LoraMesher.cpp:641] processPackets(): [LoRaMesher] Stack space unused after entering the task: 2120
16:53:47.334 > [406911][V][LoraMesher.cpp:642] processPackets(): [LoRaMesher] Free heap: 336536
16:53:48.025 > [407602][V][LoraMesher.cpp:378] receivingRoutine(): [LoRaMesher] Stack space unused after entering the task: 2040
16:53:48.036 > [407612][V][LoraMesher.cpp:379] receivingRoutine(): [LoRaMesher] Free heap: 336536
16:53:48.043 > [407620][I][PacketService.cpp:12] createEmptyPacket(): [LoRaMesher] Packet created with 17 bytes
16:53:48.051 > [407629][I][LoraMesher.cpp:392] receivingRoutine(): [LoRaMesher] Receiving LoRa packet: Size: 17 bytes RSSI: -58 SNR: 12
16:53:48.063 > [407640][V][LoraMesher.cpp:647] processPackets(): [LoRaMesher] Size of Received Packets Queue: 1
16:53:48.071 > [407649][V][LoraMesher.cpp:754] printHeaderPacket(): [LoRaMesher] Packet received -- Size: 17 Src: B3F0 Dst: D110 Id: 24 Type: 2 Via: F02C Seq_Id: 0 Num: 0
16:53:48.085 > [407662][I][LoraMesher.cpp:854] processDataPacket(): [LoRaMesher] Data packet from B3F0, destination D110, via F02C
16:53:48.095 > [407673][V][LoraMesher.cpp:872] processDataPacket(): [LoRaMesher] Data Packet from B3F0 for D110. Via is me. Forwarding it
16:53:48.106 > [407683][I][LoraMesher.cpp:1051] addToSendOrderedAndNotify(): [LoRaMesher] Added packet to Q_SP, notifying sender task
16:53:48.117 > [407694][V][LoraMesher.cpp:511] sendPackets(): [LoRaMesher] Stack space unused after entering the task: 2084
16:53:48.126 > [407704][V][LoraMesher.cpp:512] sendPackets(): [LoRaMesher] Free heap: 336440
16:53:48.133 > [407711][V][LoraMesher.cpp:518] sendPackets(): [LoRaMesher] Size of Send Packets Queue: 1
16:53:48.141 > [407719][V][LoraMesher.cpp:525] sendPackets(): [LoRaMesher] Send n. 6
16:53:48.147 > [407725][V][LoraMesher.cpp:455] waitBeforeSend(): [LoRaMesher] RandomDelay 458 ms
16:53:48.155 > [407732][V][LoraMesher.cpp:641] processPackets(): [LoRaMesher] Stack space unused after entering the task: 2120
16:53:48.165 > [407742][V][LoraMesher.cpp:642] processPackets(): [LoRaMesher] Free heap: 336468
16:53:48.613 > [408190][V][LoraMesher.cpp:754] printHeaderPacket(): [LoRaMesher] Packet send -- Size: 17 Src: B3F0 Dst: D110 Id: 24 Type: 2 Via: D110 Seq_Id: 0 Num: 0
16:53:48.703 > [408280][V][LoraMesher.cpp:575] sendPackets(): [LoRaMesher] TimeOnAir 63 ms, next message in 0 ms
16:53:48.711 > [408289][I][PacketQueueService.h:80] deleteQueuePacketAndPacket(): [LoRaMesher] Deleting packet
16:53:48.720 > [408297][I][PacketQueueService.h:83] deleteQueuePacketAndPacket(): [LoRaMesher] Deleting packet queue
16:54:07.296 > [426874][V][LoraMesher.cpp:378] receivingRoutine(): [LoRaMesher] Stack space unused after entering the task: 2040
16:54:07.307 > [426884][V][LoraMesher.cpp:379] receivingRoutine(): [LoRaMesher] Free heap: 336536
16:54:07.314 > [426892][I][PacketService.cpp:12] createEmptyPacket(): [LoRaMesher] Packet created with 17 bytes
16:54:07.323 > [426900][I][LoraMesher.cpp:392] receivingRoutine(): [LoRaMesher] Receiving LoRa packet: Size: 17 bytes RSSI: -14 SNR: 13
16:54:07.334 > [426912][V][LoraMesher.cpp:647] processPackets(): [LoRaMesher] Size of Received Packets Queue: 1
16:54:07.343 > [426920][I][PacketQueueService.h:80] deleteQueuePacketAndPacket(): [LoRaMesher] Deleting packet
16:54:07.351 > [426929][I][PacketQueueService.h:83] deleteQueuePacketAndPacket(): [LoRaMesher] Deleting packet queue
16:54:07.360 > [426938][V][LoraMesher.cpp:658] processPackets(): [LoRaMesher] TESTING: Packet not for me, deleting it
16:54:07.369 > [426947][V][LoraMesher.cpp:641] processPackets(): [LoRaMesher] Stack space unused after entering the task: 2120
16:54:07.379 > [426957][V][LoraMesher.cpp:642] processPackets(): [LoRaMesher] Free heap: 336536
16:54:08.652 > [428229][V][LoraMesher.cpp:378] receivingRoutine(): [LoRaMesher] Stack space unused after entering the task: 2040
16:54:08.662 > [428239][V][LoraMesher.cpp:379] receivingRoutine(): [LoRaMesher] Free heap: 336536
16:54:08.669 > [428247][I][PacketService.cpp:12] createEmptyPacket(): [LoRaMesher] Packet created with 17 bytes
16:54:08.678 > [428255][I][LoraMesher.cpp:392] receivingRoutine(): [LoRaMesher] Receiving LoRa packet: Size: 17 bytes RSSI: -5 SNR: 13
16:54:08.689 > [428267][V][LoraMesher.cpp:647] processPackets(): [LoRaMesher] Size of Received Packets Queue: 1
16:54:08.697 > [428275][I][PacketQueueService.h:80] deleteQueuePacketAndPacket(): [LoRaMesher] Deleting packet
16:54:08.706 > [428284][I][PacketQueueService.h:83] deleteQueuePacketAndPacket(): [LoRaMesher] Deleting packet queue
16:54:08.715 > [428293][V][LoraMesher.cpp:658] processPackets(): [LoRaMesher] TESTING: Packet not for me, deleting it
16:54:08.724 > [428302][V][LoraMesher.cpp:641] processPackets(): [LoRaMesher] Stack space unused after entering the task: 2120
16:54:08.734 > [428312][V][LoraMesher.cpp:642] processPackets(): [LoRaMesher] Free heap: 336536
16:54:09.958 > [429536][V][LoraMesher.cpp:378] receivingRoutine(): [LoRaMesher] Stack space unused after entering the task: 2040
16:54:09.969 > [429546][V][LoraMesher.cpp:379] receivingRoutine(): [LoRaMesher] Free heap: 336536
16:54:09.976 > [429554][I][PacketService.cpp:12] createEmptyPacket(): [LoRaMesher] Packet created with 17 bytes
16:54:09.985 > [429563][I][LoraMesher.cpp:392] receivingRoutine(): [LoRaMesher] Receiving LoRa packet: Size: 17 bytes RSSI: -58 SNR: 11
16:54:09.996 > [429574][V][LoraMesher.cpp:647] processPackets(): [LoRaMesher] Size of Received Packets Queue: 1
16:54:10.005 > [429582][V][LoraMesher.cpp:754] printHeaderPacket(): [LoRaMesher] Packet received -- Size: 17 Src: B3F0 Dst: D110 Id: 25 Type: 2 Via: F02C Seq_Id: 0 Num: 0
16:54:10.019 > [429596][I][LoraMesher.cpp:854] processDataPacket(): [LoRaMesher] Data packet from B3F0, destination D110, via F02C
16:54:10.029 > [429606][V][LoraMesher.cpp:872] processDataPacket(): [LoRaMesher] Data Packet from B3F0 for D110. Via is me. Forwarding it
16:54:10.040 > [429617][I][LoraMesher.cpp:1051] addToSendOrderedAndNotify(): [LoRaMesher] Added packet to Q_SP, notifying sender task
16:54:10.050 > [429628][V][LoraMesher.cpp:511] sendPackets(): [LoRaMesher] Stack space unused after entering the task: 2084
16:54:10.060 > [429638][V][LoraMesher.cpp:512] sendPackets(): [LoRaMesher] Free heap: 336440
16:54:10.067 > [429645][V][LoraMesher.cpp:518] sendPackets(): [LoRaMesher] Size of Send Packets Queue: 1
16:54:10.075 > [429652][V][LoraMesher.cpp:525] sendPackets(): [LoRaMesher] Send n. 7
16:54:10.081 > [429659][V][LoraMesher.cpp:455] waitBeforeSend(): [LoRaMesher] RandomDelay 712 ms
16:54:10.088 > [429666][V][LoraMesher.cpp:641] processPackets(): [LoRaMesher] Stack space unused after entering the task: 2120
16:54:10.098 > [429676][V][LoraMesher.cpp:642] processPackets(): [LoRaMesher] Free heap: 336468
16:54:10.800 > [430378][V][LoraMesher.cpp:754] printHeaderPacket(): [LoRaMesher] Packet send -- Size: 17 Src: B3F0 Dst: D110 Id: 25 Type: 2 Via: D110 Seq_Id: 0 Num: 0
16:54:10.890 > [430468][V][LoraMesher.cpp:575] sendPackets(): [LoRaMesher] TimeOnAir 63 ms, next message in 0 ms
16:54:10.899 > [430477][I][PacketQueueService.h:80] deleteQueuePacketAndPacket(): [LoRaMesher] Deleting packet
16:54:10.908 > [430485][I][PacketQueueService.h:83] deleteQueuePacketAndPacket(): [LoRaMesher] Deleting packet queue
16:54:27.348 > [446926][V][LoraMesher.cpp:378] receivingRoutine(): [LoRaMesher] Stack space unused after entering the task: 2040
16:54:27.358 > [446936][V][LoraMesher.cpp:379] receivingRoutine(): [LoRaMesher] Free heap: 336536
16:54:27.366 > [446944][I][PacketService.cpp:12] createEmptyPacket(): [LoRaMesher] Packet created with 17 bytes
16:54:27.374 > [446952][I][LoraMesher.cpp:392] receivingRoutine(): [LoRaMesher] Receiving LoRa packet: Size: 17 bytes RSSI: -13 SNR: 13
16:54:27.386 > [446964][V][LoraMesher.cpp:647] processPackets(): [LoRaMesher] Size of Received Packets Queue: 1
16:54:27.394 > [446972][I][PacketQueueService.h:80] deleteQueuePacketAndPacket(): [LoRaMesher] Deleting packet
16:54:27.403 > [446981][I][PacketQueueService.h:83] deleteQueuePacketAndPacket(): [LoRaMesher] Deleting packet queue
16:54:27.412 > [446990][V][LoraMesher.cpp:658] processPackets(): [LoRaMesher] TESTING: Packet not for me, deleting it
16:54:27.421 > [446999][V][LoraMesher.cpp:641] processPackets(): [LoRaMesher] Stack space unused after entering the task: 2120
16:54:27.431 > [447009][V][LoraMesher.cpp:642] processPackets(): [LoRaMesher] Free heap: 336536
16:54:28.525 > [448104][V][LoraMesher.cpp:378] receivingRoutine(): [LoRaMesher] Stack space unused after entering the task: 2040
16:54:28.536 > [448114][V][LoraMesher.cpp:379] receivingRoutine(): [LoRaMesher] Free heap: 336536
16:54:28.543 > [448121][I][PacketService.cpp:12] createEmptyPacket(): [LoRaMesher] Packet created with 17 bytes
16:54:28.552 > [448130][I][LoraMesher.cpp:392] receivingRoutine(): [LoRaMesher] Receiving LoRa packet: Size: 17 bytes RSSI: -5 SNR: 13
16:54:28.563 > [448141][V][LoraMesher.cpp:647] processPackets(): [LoRaMesher] Size of Received Packets Queue: 1
16:54:28.572 > [448150][I][PacketQueueService.h:80] deleteQueuePacketAndPacket(): [LoRaMesher] Deleting packet
16:54:28.580 > [448158][I][PacketQueueService.h:83] deleteQueuePacketAndPacket(): [LoRaMesher] Deleting packet queue
16:54:28.589 > [448167][V][LoraMesher.cpp:658] processPackets(): [LoRaMesher] TESTING: Packet not for me, deleting it
16:54:28.598 > [448176][V][LoraMesher.cpp:641] processPackets(): [LoRaMesher] Stack space unused after entering the task: 2120
16:54:28.608 > [448186][V][LoraMesher.cpp:642] processPackets(): [LoRaMesher] Free heap: 336536
16:54:29.308 > [448886][V][LoraMesher.cpp:378] receivingRoutine(): [LoRaMesher] Stack space unused after entering the task: 2040
16:54:29.318 > [448896][V][LoraMesher.cpp:379] receivingRoutine(): [LoRaMesher] Free heap: 336536
16:54:29.326 > [448904][I][PacketService.cpp:12] createEmptyPacket(): [LoRaMesher] Packet created with 17 bytes
16:54:29.335 > [448913][I][LoraMesher.cpp:392] receivingRoutine(): [LoRaMesher] Receiving LoRa packet: Size: 17 bytes RSSI: -58 SNR: 11
16:54:29.346 > [448924][V][LoraMesher.cpp:647] processPackets(): [LoRaMesher] Size of Received Packets Queue: 1
16:54:29.354 > [448932][V][LoraMesher.cpp:754] printHeaderPacket(): [LoRaMesher] Packet received -- Size: 17 Src: B3F0 Dst: D110 Id: 26 Type: 2 Via: F02C Seq_Id: 0 Num: 0
16:54:29.368 > [448946][I][LoraMesher.cpp:854] processDataPacket(): [LoRaMesher] Data packet from B3F0, destination D110, via F02C
16:54:29.378 > [448956][V][LoraMesher.cpp:872] processDataPacket(): [LoRaMesher] Data Packet from B3F0 for D110. Via is me. Forwarding it
16:54:29.389 > [448967][I][LoraMesher.cpp:1051] addToSendOrderedAndNotify(): [LoRaMesher] Added packet to Q_SP, notifying sender task
16:54:29.400 > [448978][V][LoraMesher.cpp:511] sendPackets(): [LoRaMesher] Stack space unused after entering the task: 2084
16:54:29.409 > [448987][V][LoraMesher.cpp:512] sendPackets(): [LoRaMesher] Free heap: 336440
16:54:29.416 > [448994][V][LoraMesher.cpp:518] sendPackets(): [LoRaMesher] Size of Send Packets Queue: 1
16:54:29.424 > [449002][V][LoraMesher.cpp:525] sendPackets(): [LoRaMesher] Send n. 8
16:54:29.431 > [449009][V][LoraMesher.cpp:455] waitBeforeSend(): [LoRaMesher] RandomDelay 1045 ms
16:54:29.438 > [449016][V][LoraMesher.cpp:641] processPackets(): [LoRaMesher] Stack space unused after entering the task: 2120
16:54:29.448 > [449026][V][LoraMesher.cpp:642] processPackets(): [LoRaMesher] Free heap: 336468
16:54:30.483 > [450061][V][LoraMesher.cpp:754] printHeaderPacket(): [LoRaMesher] Packet send -- Size: 17 Src: B3F0 Dst: D110 Id: 26 Type: 2 Via: D110 Seq_Id: 0 Num: 0
16:54:30.572 > [450151][V][LoraMesher.cpp:575] sendPackets(): [LoRaMesher] TimeOnAir 63 ms, next message in 0 ms
16:54:30.582 > [450160][I][PacketQueueService.h:80] deleteQueuePacketAndPacket(): [LoRaMesher] Deleting packet
16:54:30.590 > [450168][I][PacketQueueService.h:83] deleteQueuePacketAndPacket(): [LoRaMesher] Deleting packet queue
16:54:47.227 > [466806][V][LoraMesher.cpp:378] receivingRoutine(): [LoRaMesher] Stack space unused after entering the task: 2040
16:54:47.238 > [466816][V][LoraMesher.cpp:379] receivingRoutine(): [LoRaMesher] Free heap: 336536
16:54:47.245 > [466824][I][PacketService.cpp:12] createEmptyPacket(): [LoRaMesher] Packet created with 17 bytes
16:54:47.254 > [466832][I][LoraMesher.cpp:392] receivingRoutine(): [LoRaMesher] Receiving LoRa packet: Size: 17 bytes RSSI: -14 SNR: 13
16:54:47.265 > [466844][V][LoraMesher.cpp:647] processPackets(): [LoRaMesher] Size of Received Packets Queue: 1
16:54:47.274 > [466852][I][PacketQueueService.h:80] deleteQueuePacketAndPacket(): [LoRaMesher] Deleting packet
16:54:47.282 > [466861][I][PacketQueueService.h:83] deleteQueuePacketAndPacket(): [LoRaMesher] Deleting packet queue
16:54:47.291 > [466870][V][LoraMesher.cpp:658] processPackets(): [LoRaMesher] TESTING: Packet not for me, deleting it
16:54:47.301 > [466879][V][LoraMesher.cpp:641] processPackets(): [LoRaMesher] Stack space unused after entering the task: 2120
16:54:47.310 > [466889][V][LoraMesher.cpp:642] processPackets(): [LoRaMesher] Free heap: 336536
16:54:48.002 > [467581][V][LoraMesher.cpp:378] receivingRoutine(): [LoRaMesher] Stack space unused after entering the task: 2040
16:54:48.013 > [467591][V][LoraMesher.cpp:379] receivingRoutine(): [LoRaMesher] Free heap: 336536
16:54:48.020 > [467599][I][PacketService.cpp:12] createEmptyPacket(): [LoRaMesher] Packet created with 17 bytes
16:54:48.029 > [467608][I][LoraMesher.cpp:392] receivingRoutine(): [LoRaMesher] Receiving LoRa packet: Size: 17 bytes RSSI: -5 SNR: 13
16:54:48.040 > [467619][V][LoraMesher.cpp:647] processPackets(): [LoRaMesher] Size of Received Packets Queue: 1
16:54:48.049 > [467627][I][PacketQueueService.h:80] deleteQueuePacketAndPacket(): [LoRaMesher] Deleting packet
16:54:48.057 > [467636][I][PacketQueueService.h:83] deleteQueuePacketAndPacket(): [LoRaMesher] Deleting packet queue
16:54:48.066 > [467645][V][LoraMesher.cpp:658] processPackets(): [LoRaMesher] TESTING: Packet not for me, deleting it
16:54:48.076 > [467654][V][LoraMesher.cpp:641] processPackets(): [LoRaMesher] Stack space unused after entering the task: 2120
16:54:48.085 > [467664][V][LoraMesher.cpp:642] processPackets(): [LoRaMesher] Free heap: 336536
16:54:49.081 > [468660][V][LoraMesher.cpp:378] receivingRoutine(): [LoRaMesher] Stack space unused after entering the task: 2040
16:54:49.092 > [468670][V][LoraMesher.cpp:379] receivingRoutine(): [LoRaMesher] Free heap: 336536
16:54:49.099 > [468678][I][PacketService.cpp:12] createEmptyPacket(): [LoRaMesher] Packet created with 17 bytes
16:54:49.108 > [468687][I][LoraMesher.cpp:392] receivingRoutine(): [LoRaMesher] Receiving LoRa packet: Size: 17 bytes RSSI: -58 SNR: 12
16:54:49.119 > [468698][V][LoraMesher.cpp:647] processPackets(): [LoRaMesher] Size of Received Packets Queue: 1
16:54:49.128 > [468706][V][LoraMesher.cpp:754] printHeaderPacket(): [LoRaMesher] Packet received -- Size: 17 Src: B3F0 Dst: D110 Id: 27 Type: 2 Via: F02C Seq_Id: 0 Num: 0
16:54:49.142 > [468720][I][LoraMesher.cpp:854] processDataPacket(): [LoRaMesher] Data packet from B3F0, destination D110, via F02C
16:54:49.152 > [468730][V][LoraMesher.cpp:872] processDataPacket(): [LoRaMesher] Data Packet from B3F0 for D110. Via is me. Forwarding it
16:54:49.163 > [468741][I][LoraMesher.cpp:1051] addToSendOrderedAndNotify(): [LoRaMesher] Added packet to Q_SP, notifying sender task
16:54:49.173 > [468752][V][LoraMesher.cpp:511] sendPackets(): [LoRaMesher] Stack space unused after entering the task: 2084
16:54:49.183 > [468761][V][LoraMesher.cpp:512] sendPackets(): [LoRaMesher] Free heap: 336440
16:54:49.190 > [468768][V][LoraMesher.cpp:518] sendPackets(): [LoRaMesher] Size of Send Packets Queue: 1
16:54:49.198 > [468776][V][LoraMesher.cpp:525] sendPackets(): [LoRaMesher] Send n. 9
16:54:49.204 > [468783][V][LoraMesher.cpp:455] waitBeforeSend(): [LoRaMesher] RandomDelay 1028 ms
16:54:49.212 > [468790][V][LoraMesher.cpp:641] processPackets(): [LoRaMesher] Stack space unused after entering the task: 2120
16:54:49.222 > [468800][V][LoraMesher.cpp:642] processPackets(): [LoRaMesher] Free heap: 336468
16:54:50.239 > [469818][V][LoraMesher.cpp:754] printHeaderPacket(): [LoRaMesher] Packet send -- Size: 17 Src: B3F0 Dst: D110 Id: 27 Type: 2 Via: D110 Seq_Id: 0 Num: 0
16:54:50.329 > [469908][V][LoraMesher.cpp:575] sendPackets(): [LoRaMesher] TimeOnAir 63 ms, next message in 0 ms
16:54:50.338 > [469917][I][PacketQueueService.h:80] deleteQueuePacketAndPacket(): [LoRaMesher] Deleting packet
16:54:50.347 > [469925][I][PacketQueueService.h:83] deleteQueuePacketAndPacket(): [LoRaMesher] Deleting packet queue
16:55:05.621 > [485201][V][LoraMesher.cpp:378] receivingRoutine(): [LoRaMesher] Stack space unused after entering the task: 2040
16:55:05.631 > [485211][V][LoraMesher.cpp:379] receivingRoutine(): [LoRaMesher] Free heap: 336536
16:55:05.639 > [485218][I][PacketService.cpp:12] createEmptyPacket(): [LoRaMesher] Packet created with 24 bytes
16:55:05.647 > [485227][I][LoraMesher.cpp:392] receivingRoutine(): [LoRaMesher] Receiving LoRa packet: Size: 24 bytes RSSI: -4 SNR: 11
16:55:05.659 > [485238][V][LoraMesher.cpp:647] processPackets(): [LoRaMesher] Size of Received Packets Queue: 1
16:55:05.667 > [485247][I][PacketQueueService.h:80] deleteQueuePacketAndPacket(): [LoRaMesher] Deleting packet
16:55:05.676 > [485255][I][PacketQueueService.h:83] deleteQueuePacketAndPacket(): [LoRaMesher] Deleting packet queue
16:55:05.685 > [485264][V][LoraMesher.cpp:658] processPackets(): [LoRaMesher] TESTING: Packet not for me, deleting it
16:55:05.695 > [485273][V][LoraMesher.cpp:641] processPackets(): [LoRaMesher] Stack space unused after entering the task: 2120
16:55:05.704 > [485283][V][LoraMesher.cpp:642] processPackets(): [LoRaMesher] Free heap: 336536
16:55:06.869 > [486449][V][LoraMesher.cpp:378] receivingRoutine(): [LoRaMesher] Stack space unused after entering the task: 2040
16:55:06.880 > [486459][V][LoraMesher.cpp:379] receivingRoutine(): [LoRaMesher] Free heap: 336536
16:55:06.887 > [486466][I][PacketService.cpp:12] createEmptyPacket(): [LoRaMesher] Packet created with 20 bytes
16:55:06.895 > [486475][I][LoraMesher.cpp:392] receivingRoutine(): [LoRaMesher] Receiving LoRa packet: Size: 20 bytes RSSI: -3 SNR: 12
16:55:06.907 > [486486][V][LoraMesher.cpp:647] processPackets(): [LoRaMesher] Size of Received Packets Queue: 1
16:55:06.915 > [486495][V][LoraMesher.cpp:754] printHeaderPacket(): [LoRaMesher] Packet received -- Size: 20 Src: D110 Dst: FFFF Id: 5 Type: 4 Via: 0 Seq_Id: 0 Num: 0
16:55:06.929 > [486508][I][RoutingTableService.cpp:77] processRoute(): [LoRaMesher] Route packet from D110 with size 3
16:55:06.938 > [486517][I][RoutingTableService.cpp:99] resetReceiveSNRRoutePacket(): [LoRaMesher] Reset Receive SNR from D110: 12
16:55:06.948 > [486528][I][RoutingTableService.cpp:192] printRoutingTable(): [LoRaMesher] Current routing table:
16:55:06.957 > [486536][I][RoutingTableService.cpp:206] printRoutingTable(): [LoRaMesher] 0 - AFC0 via AFC0 metric 1 Role 0
16:55:06.966 > [486546][I][RoutingTableService.cpp:206] printRoutingTable(): [LoRaMesher] 1 - D110 via D110 metric 1 Role 1
16:55:06.976 > [486556][I][RoutingTableService.cpp:206] printRoutingTable(): [LoRaMesher] 2 - DE6C via AFC0 metric 2 Role 0
16:55:06.986 > [486565][I][PacketQueueService.h:80] deleteQueuePacketAndPacket(): [LoRaMesher] Deleting packet
16:55:06.994 > [486574][I][PacketQueueService.h:83] deleteQueuePacketAndPacket(): [LoRaMesher] Deleting packet queue
16:55:07.003 > [486583][V][LoraMesher.cpp:641] processPackets(): [LoRaMesher] Stack space unused after entering the task: 2120
16:55:07.013 > [486593][V][LoraMesher.cpp:642] processPackets(): [LoRaMesher] Free heap: 336536
16:55:07.725 > [487305][V][LoraMesher.cpp:378] receivingRoutine(): [LoRaMesher] Stack space unused after entering the task: 2040
16:55:07.735 > [487315][V][LoraMesher.cpp:379] receivingRoutine(): [LoRaMesher] Free heap: 336536
16:55:07.743 > [487322][I][PacketService.cpp:12] createEmptyPacket(): [LoRaMesher] Packet created with 17 bytes
16:55:07.752 > [487331][I][LoraMesher.cpp:392] receivingRoutine(): [LoRaMesher] Receiving LoRa packet: Size: 17 bytes RSSI: -14 SNR: 14
16:55:07.763 > [487342][V][LoraMesher.cpp:647] processPackets(): [LoRaMesher] Size of Received Packets Queue: 1
16:55:07.771 > [487351][I][PacketQueueService.h:80] deleteQueuePacketAndPacket(): [LoRaMesher] Deleting packet
16:55:07.780 > [487360][I][PacketQueueService.h:83] deleteQueuePacketAndPacket(): [LoRaMesher] Deleting packet queue
16:55:07.789 > [487369][V][LoraMesher.cpp:658] processPackets(): [LoRaMesher] TESTING: Packet not for me, deleting it
16:55:07.799 > [487378][V][LoraMesher.cpp:641] processPackets(): [LoRaMesher] Stack space unused after entering the task: 2120
16:55:07.808 > [487388][V][LoraMesher.cpp:642] processPackets(): [LoRaMesher] Free heap: 336536
16:55:08.572 > [488152][V][LoraMesher.cpp:598] sendHelloPacket(): [LoRaMesher] Creating Routing Packet
16:55:08.580 > [488160][V][LoraMesher.cpp:599] sendHelloPacket(): [LoRaMesher] Stack space unused after entering the task: 2332
16:55:08.590 > [488170][V][LoraMesher.cpp:600] sendHelloPacket(): [LoRaMesher] Free heap: 336536
16:55:08.597 > [488177][V][PacketFactory.h:45] createPacket(): [LoRaMesher] Creating packet with 20 bytes
16:55:08.605 > [488185][I][PacketFactory.h:74] createPacket(): [LoRaMesher] Packet created with 20 bytes
16:55:08.613 > [488193][I][LoraMesher.h:659] setPackedForSend(): [LoRaMesher] Adding packet to Q_SP
16:55:08.621 > [488201][I][LoraMesher.h:661] setPackedForSend(): [LoRaMesher] Created packet to Q_SP
16:55:08.629 > [488208][I][LoraMesher.cpp:1051] addToSendOrderedAndNotify(): [LoRaMesher] Added packet to Q_SP, notifying sender task
16:55:08.639 > [488218][V][LoraMesher.cpp:378] receivingRoutine(): [LoRaMesher] Stack space unused after entering the task: 2040
16:55:08.649 > [488229][V][LoraMesher.cpp:379] receivingRoutine(): [LoRaMesher] Free heap: 336408
16:55:08.656 > [488229][V][LoraMesher.cpp:511] sendPackets(): [LoRaMesher] Stack space unused after entering the task: 2084
16:55:08.666 > [488246][V][LoraMesher.cpp:512] sendPackets(): [LoRaMesher] Free heap: 336408
16:55:08.673 > [488246][I][PacketService.cpp:12] createEmptyPacket(): [LoRaMesher] Packet created with 17 bytes
16:55:08.681 > [488261][V][LoraMesher.cpp:518] sendPackets(): [LoRaMesher] Size of Send Packets Queue: 1
16:55:08.689 > [488261][I][LoraMesher.cpp:392] receivingRoutine(): [LoRaMesher] Receiving LoRa packet: Size: 17 bytes RSSI: -5 SNR: 12
16:55:08.700 > [488280][V][LoraMesher.cpp:525] sendPackets(): [LoRaMesher] Send n. 10
16:55:08.706 > [488286][V][LoraMesher.cpp:455] waitBeforeSend(): [LoRaMesher] RandomDelay 968 ms
16:55:08.714 > [488293][V][LoraMesher.cpp:647] processPackets(): [LoRaMesher] Size of Received Packets Queue: 1
16:55:08.722 > [488302][I][PacketQueueService.h:80] deleteQueuePacketAndPacket(): [LoRaMesher] Deleting packet
16:55:08.731 > [488310][I][PacketQueueService.h:83] deleteQueuePacketAndPacket(): [LoRaMesher] Deleting packet queue
16:55:08.740 > [488319][V][LoraMesher.cpp:658] processPackets(): [LoRaMesher] TESTING: Packet not for me, deleting it
16:55:08.749 > [488328][V][LoraMesher.cpp:641] processPackets(): [LoRaMesher] Stack space unused after entering the task: 2120
16:55:08.759 > [488338][V][LoraMesher.cpp:642] processPackets(): [LoRaMesher] Free heap: 336468
16:55:08.945 > [488524][V][LoraMesher.cpp:378] receivingRoutine(): [LoRaMesher] Stack space unused after entering the task: 2040
16:55:08.955 > [488535][V][LoraMesher.cpp:379] receivingRoutine(): [LoRaMesher] Free heap: 336468
16:55:08.962 > [488542][I][PacketService.cpp:12] createEmptyPacket(): [LoRaMesher] Packet created with 24 bytes
16:55:08.971 > [488551][I][LoraMesher.cpp:392] receivingRoutine(): [LoRaMesher] Receiving LoRa packet: Size: 24 bytes RSSI: -58 SNR: 11
16:55:08.982 > [488562][V][LoraMesher.cpp:647] processPackets(): [LoRaMesher] Size of Received Packets Queue: 1
16:55:08.991 > [488571][V][LoraMesher.cpp:754] printHeaderPacket(): [LoRaMesher] Packet received -- Size: 24 Src: AFC0 Dst: FFFF Id: 4 Type: 4 Via: 0 Seq_Id: 0 Num: 0
16:55:09.004 > [488584][I][RoutingTableService.cpp:77] processRoute(): [LoRaMesher] Route packet from AFC0 with size 4
16:55:09.014 > [488593][I][RoutingTableService.cpp:99] resetReceiveSNRRoutePacket(): [LoRaMesher] Reset Receive SNR from AFC0: 11
16:55:09.024 > [488604][I][RoutingTableService.cpp:156] addNodeToRoutingTable(): [LoRaMesher] New route added: B3F0 via AFC0 metric 3, role 0
16:55:09.035 > [488615][I][RoutingTableService.cpp:192] printRoutingTable(): [LoRaMesher] Current routing table:
16:55:09.044 > [488624][I][RoutingTableService.cpp:206] printRoutingTable(): [LoRaMesher] 0 - AFC0 via AFC0 metric 1 Role 0
16:55:09.053 > [488633][I][RoutingTableService.cpp:206] printRoutingTable(): [LoRaMesher] 1 - D110 via D110 metric 1 Role 1
16:55:09.063 > [488643][I][RoutingTableService.cpp:206] printRoutingTable(): [LoRaMesher] 2 - DE6C via AFC0 metric 2 Role 0
16:55:09.073 > [488652][I][RoutingTableService.cpp:206] printRoutingTable(): [LoRaMesher] 3 - B3F0 via AFC0 metric 3 Role 0
16:55:09.082 > [488662][I][PacketQueueService.h:80] deleteQueuePacketAndPacket(): [LoRaMesher] Deleting packet
16:55:09.091 > [488671][I][PacketQueueService.h:83] deleteQueuePacketAndPacket(): [LoRaMesher] Deleting packet queue
16:55:09.100 > [488680][V][LoraMesher.cpp:641] processPackets(): [LoRaMesher] Stack space unused after entering the task: 2040
16:55:09.110 > [488689][V][LoraMesher.cpp:642] processPackets(): [LoRaMesher] Free heap: 336404
16:55:09.552 > [489132][V][LoraMesher.cpp:378] receivingRoutine(): [LoRaMesher] Stack space unused after entering the task: 2040
16:55:09.562 > [489142][V][LoraMesher.cpp:379] receivingRoutine(): [LoRaMesher] Free heap: 336404
16:55:09.570 > [489150][I][PacketService.cpp:12] createEmptyPacket(): [LoRaMesher] Packet created with 17 bytes
16:55:09.579 > [489158][I][LoraMesher.cpp:392] receivingRoutine(): [LoRaMesher] Receiving LoRa packet: Size: 17 bytes RSSI: -59 SNR: 11
16:55:09.590 > [489170][V][LoraMesher.cpp:647] processPackets(): [LoRaMesher] Size of Received Packets Queue: 1
16:55:09.599 > [489178][V][LoraMesher.cpp:754] printHeaderPacket(): [LoRaMesher] Packet received -- Size: 17 Src: B3F0 Dst: D110 Id: 29 Type: 2 Via: F02C Seq_Id: 0 Num: 0
16:55:09.612 > [489192][I][LoraMesher.cpp:854] processDataPacket(): [LoRaMesher] Data packet from B3F0, destination D110, via F02C
16:55:09.623 > [489202][V][LoraMesher.cpp:872] processDataPacket(): [LoRaMesher] Data Packet from B3F0 for D110. Via is me. Forwarding it
16:55:09.633 > [489213][I][LoraMesher.cpp:1051] addToSendOrderedAndNotify(): [LoRaMesher] Added packet to Q_SP, notifying sender task
16:55:09.644 > [489224][V][LoraMesher.cpp:641] processPackets(): [LoRaMesher] Stack space unused after entering the task: 2040
16:55:09.654 > [489234][V][LoraMesher.cpp:642] processPackets(): [LoRaMesher] Free heap: 336304
16:55:09.687 > [489267][V][LoraMesher.cpp:462] waitBeforeSend(): [LoRaMesher] Preamble detected while waiting 1
16:55:09.696 > [489275][V][LoraMesher.cpp:455] waitBeforeSend(): [LoRaMesher] RandomDelay 1198 ms
16:55:10.900 > [490480][V][LoraMesher.cpp:754] printHeaderPacket(): [LoRaMesher] Packet send -- Size: 20 Src: F02C Dst: FFFF Id: 4 Type: 4 Via: 0 Seq_Id: 0 Num: 0
16:55:10.997 > [490577][V][LoraMesher.cpp:575] sendPackets(): [LoRaMesher] TimeOnAir 70 ms, next message in 0 ms
16:55:11.006 > [490586][I][PacketQueueService.h:80] deleteQueuePacketAndPacket(): [LoRaMesher] Deleting packet
16:55:11.014 > [490594][I][PacketQueueService.h:83] deleteQueuePacketAndPacket(): [LoRaMesher] Deleting packet queue
16:55:11.023 > [490603][V][LoraMesher.cpp:518] sendPackets(): [LoRaMesher] Size of Send Packets Queue: 1
16:55:11.031 > [490611][V][LoraMesher.cpp:525] sendPackets(): [LoRaMesher] Send n. 11
16:55:11.038 > [490617][V][LoraMesher.cpp:455] waitBeforeSend(): [LoRaMesher] RandomDelay 404 ms
16:55:11.448 > [491028][V][LoraMesher.cpp:754] printHeaderPacket(): [LoRaMesher] Packet send -- Size: 17 Src: B3F0 Dst: D110 Id: 29 Type: 2 Via: D110 Seq_Id: 0 Num: 0
16:55:11.538 > [491118][V][LoraMesher.cpp:575] sendPackets(): [LoRaMesher] TimeOnAir 63 ms, next message in 0 ms
16:55:11.547 > [491127][I][PacketQueueService.h:80] deleteQueuePacketAndPacket(): [LoRaMesher] Deleting packet
16:55:11.555 > [491135][I][PacketQueueService.h:83] deleteQueuePacketAndPacket(): [LoRaMesher] Deleting packet queue
16:55:27.574 > [507154][V][LoraMesher.cpp:378] receivingRoutine(): [LoRaMesher] Stack space unused after entering the task: 2040
16:55:27.584 > [507164][V][LoraMesher.cpp:379] receivingRoutine(): [LoRaMesher] Free heap: 336472
16:55:27.591 > [507171][I][PacketService.cpp:12] createEmptyPacket(): [LoRaMesher] Packet created with 17 bytes
16:55:27.600 > [507180][I][LoraMesher.cpp:392] receivingRoutine(): [LoRaMesher] Receiving LoRa packet: Size: 17 bytes RSSI: -14 SNR: 13
16:55:27.611 > [507191][V][LoraMesher.cpp:647] processPackets(): [LoRaMesher] Size of Received Packets Queue: 1
16:55:27.620 > [507200][I][PacketQueueService.h:80] deleteQueuePacketAndPacket(): [LoRaMesher] Deleting packet
16:55:27.629 > [507209][I][PacketQueueService.h:83] deleteQueuePacketAndPacket(): [LoRaMesher] Deleting packet queue
16:55:27.638 > [507218][V][LoraMesher.cpp:658] processPackets(): [LoRaMesher] TESTING: Packet not for me, deleting it
16:55:27.647 > [507227][V][LoraMesher.cpp:641] processPackets(): [LoRaMesher] Stack space unused after entering the task: 2040
16:55:27.657 > [507237][V][LoraMesher.cpp:642] processPackets(): [LoRaMesher] Free heap: 336472
16:55:28.675 > [508255][V][LoraMesher.cpp:378] receivingRoutine(): [LoRaMesher] Stack space unused after entering the task: 2040
16:55:28.685 > [508265][V][LoraMesher.cpp:379] receivingRoutine(): [LoRaMesher] Free heap: 336472
16:55:28.693 > [508273][I][PacketService.cpp:12] createEmptyPacket(): [LoRaMesher] Packet created with 17 bytes
16:55:28.702 > [508282][I][LoraMesher.cpp:392] receivingRoutine(): [LoRaMesher] Receiving LoRa packet: Size: 17 bytes RSSI: -4 SNR: 13
16:55:28.713 > [508293][V][LoraMesher.cpp:647] processPackets(): [LoRaMesher] Size of Received Packets Queue: 1
16:55:28.721 > [508301][I][PacketQueueService.h:80] deleteQueuePacketAndPacket(): [LoRaMesher] Deleting packet
16:55:28.730 > [508310][I][PacketQueueService.h:83] deleteQueuePacketAndPacket(): [LoRaMesher] Deleting packet queue
16:55:28.739 > [508319][V][LoraMesher.cpp:658] processPackets(): [LoRaMesher] TESTING: Packet not for me, deleting it
16:55:28.748 > [508328][V][LoraMesher.cpp:641] processPackets(): [LoRaMesher] Stack space unused after entering the task: 2040
16:55:28.758 > [508338][V][LoraMesher.cpp:642] processPackets(): [LoRaMesher] Free heap: 336472
16:55:29.151 > [508731][V][LoraMesher.cpp:378] receivingRoutine(): [LoRaMesher] Stack space unused after entering the task: 2040
16:55:29.162 > [508741][V][LoraMesher.cpp:379] receivingRoutine(): [LoRaMesher] Free heap: 336472
16:55:29.169 > [508749][I][PacketService.cpp:12] createEmptyPacket(): [LoRaMesher] Packet created with 17 bytes
16:55:29.177 > [508757][I][LoraMesher.cpp:392] receivingRoutine(): [LoRaMesher] Receiving LoRa packet: Size: 17 bytes RSSI: -58 SNR: 12
16:55:29.188 > [508769][V][LoraMesher.cpp:647] processPackets(): [LoRaMesher] Size of Received Packets Queue: 1
16:55:29.197 > [508777][V][LoraMesher.cpp:754] printHeaderPacket(): [LoRaMesher] Packet received -- Size: 17 Src: B3F0 Dst: D110 Id: 30 Type: 2 Via: F02C Seq_Id: 0 Num: 0
16:55:29.211 > [508791][I][LoraMesher.cpp:854] processDataPacket(): [LoRaMesher] Data packet from B3F0, destination D110, via F02C
16:55:29.221 > [508801][V][LoraMesher.cpp:872] processDataPacket(): [LoRaMesher] Data Packet from B3F0 for D110. Via is me. Forwarding it
16:55:29.232 > [508812][I][LoraMesher.cpp:1051] addToSendOrderedAndNotify(): [LoRaMesher] Added packet to Q_SP, notifying sender task
16:55:29.243 > [508823][V][LoraMesher.cpp:511] sendPackets(): [LoRaMesher] Stack space unused after entering the task: 2084
16:55:29.252 > [508832][V][LoraMesher.cpp:512] sendPackets(): [LoRaMesher] Free heap: 336376
16:55:29.259 > [508839][V][LoraMesher.cpp:518] sendPackets(): [LoRaMesher] Size of Send Packets Queue: 1
16:55:29.267 > [508847][V][LoraMesher.cpp:525] sendPackets(): [LoRaMesher] Send n. 12
16:55:29.273 > [508854][V][LoraMesher.cpp:455] waitBeforeSend(): [LoRaMesher] RandomDelay 719 ms
16:55:29.281 > [508861][V][LoraMesher.cpp:641] processPackets(): [LoRaMesher] Stack space unused after entering the task: 2040
16:55:29.291 > [508871][V][LoraMesher.cpp:642] processPackets(): [LoRaMesher] Free heap: 336404
16:55:29.999 > [509579][V][LoraMesher.cpp:754] printHeaderPacket(): [LoRaMesher] Packet send -- Size: 17 Src: B3F0 Dst: D110 Id: 30 Type: 2 Via: D110 Seq_Id: 0 Num: 0
16:55:30.089 > [509669][V][LoraMesher.cpp:575] sendPackets(): [LoRaMesher] TimeOnAir 63 ms, next message in 0 ms
16:55:30.098 > [509678][I][PacketQueueService.h:80] deleteQueuePacketAndPacket(): [LoRaMesher] Deleting packet
16:55:30.106 > [509686][I][PacketQueueService.h:83] deleteQueuePacketAndPacket(): [LoRaMesher] Deleting packet queue
16:55:47.199 > [526780][V][LoraMesher.cpp:378] receivingRoutine(): [LoRaMesher] Stack space unused after entering the task: 2040
16:55:47.210 > [526790][V][LoraMesher.cpp:379] receivingRoutine(): [LoRaMesher] Free heap: 336472
16:55:47.217 > [526797][I][PacketService.cpp:12] createEmptyPacket(): [LoRaMesher] Packet created with 17 bytes
16:55:47.226 > [526806][I][LoraMesher.cpp:392] receivingRoutine(): [LoRaMesher] Receiving LoRa packet: Size: 17 bytes RSSI: -15 SNR: 12
16:55:47.237 > [526817][V][LoraMesher.cpp:647] processPackets(): [LoRaMesher] Size of Received Packets Queue: 1
16:55:47.246 > [526826][I][PacketQueueService.h:80] deleteQueuePacketAndPacket(): [LoRaMesher] Deleting packet
16:55:47.254 > [526835][I][PacketQueueService.h:83] deleteQueuePacketAndPacket(): [LoRaMesher] Deleting packet queue
16:55:47.263 > [526844][V][LoraMesher.cpp:658] processPackets(): [LoRaMesher] TESTING: Packet not for me, deleting it
16:55:47.272 > [526853][V][LoraMesher.cpp:641] processPackets(): [LoRaMesher] Stack space unused after entering the task: 2040
16:55:47.282 > [526863][V][LoraMesher.cpp:642] processPackets(): [LoRaMesher] Free heap: 336472
16:55:48.501 > [528082][V][LoraMesher.cpp:378] receivingRoutine(): [LoRaMesher] Stack space unused after entering the task: 2040
16:55:48.511 > [528092][V][LoraMesher.cpp:379] receivingRoutine(): [LoRaMesher] Free heap: 336472
16:55:48.519 > [528099][I][PacketService.cpp:12] createEmptyPacket(): [LoRaMesher] Packet created with 17 bytes
16:55:48.528 > [528108][I][LoraMesher.cpp:392] receivingRoutine(): [LoRaMesher] Receiving LoRa packet: Size: 17 bytes RSSI: -4 SNR: 13
16:55:48.539 > [528119][V][LoraMesher.cpp:647] processPackets(): [LoRaMesher] Size of Received Packets Queue: 1
16:55:48.547 > [528128][I][PacketQueueService.h:80] deleteQueuePacketAndPacket(): [LoRaMesher] Deleting packet
16:55:48.556 > [528136][I][PacketQueueService.h:83] deleteQueuePacketAndPacket(): [LoRaMesher] Deleting packet queue
16:55:48.565 > [528145][V][LoraMesher.cpp:658] processPackets(): [LoRaMesher] TESTING: Packet not for me, deleting it
16:55:48.574 > [528154][V][LoraMesher.cpp:641] processPackets(): [LoRaMesher] Stack space unused after entering the task: 2040
16:55:48.584 > [528164][V][LoraMesher.cpp:642] processPackets(): [LoRaMesher] Free heap: 336472
16:55:49.531 > [529112][V][LoraMesher.cpp:378] receivingRoutine(): [LoRaMesher] Stack space unused after entering the task: 2040
16:55:49.542 > [529122][V][LoraMesher.cpp:379] receivingRoutine(): [LoRaMesher] Free heap: 336472
16:55:49.549 > [529130][I][PacketService.cpp:12] createEmptyPacket(): [LoRaMesher] Packet created with 17 bytes
16:55:49.558 > [529138][I][LoraMesher.cpp:392] receivingRoutine(): [LoRaMesher] Receiving LoRa packet: Size: 17 bytes RSSI: -59 SNR: 12
16:55:49.569 > [529149][V][LoraMesher.cpp:647] processPackets(): [LoRaMesher] Size of Received Packets Queue: 1
16:55:49.578 > [529158][V][LoraMesher.cpp:754] printHeaderPacket(): [LoRaMesher] Packet received -- Size: 17 Src: B3F0 Dst: D110 Id: 31 Type: 2 Via: F02C Seq_Id: 0 Num: 0
16:55:49.591 > [529172][I][LoraMesher.cpp:854] processDataPacket(): [LoRaMesher] Data packet from B3F0, destination D110, via F02C
16:55:49.602 > [529182][V][LoraMesher.cpp:872] processDataPacket(): [LoRaMesher] Data Packet from B3F0 for D110. Via is me. Forwarding it
16:55:49.613 > [529193][I][LoraMesher.cpp:1051] addToSendOrderedAndNotify(): [LoRaMesher] Added packet to Q_SP, notifying sender task
16:55:49.623 > [529204][V][LoraMesher.cpp:511] sendPackets(): [LoRaMesher] Stack space unused after entering the task: 2084
16:55:49.633 > [529213][V][LoraMesher.cpp:512] sendPackets(): [LoRaMesher] Free heap: 336376
16:55:49.640 > [529220][V][LoraMesher.cpp:518] sendPackets(): [LoRaMesher] Size of Send Packets Queue: 1
16:55:49.648 > [529228][V][LoraMesher.cpp:525] sendPackets(): [LoRaMesher] Send n. 13
16:55:49.654 > [529234][V][LoraMesher.cpp:455] waitBeforeSend(): [LoRaMesher] RandomDelay 1164 ms
16:55:49.661 > [529242][V][LoraMesher.cpp:641] processPackets(): [LoRaMesher] Stack space unused after entering the task: 2040
16:55:49.671 > [529252][V][LoraMesher.cpp:642] processPackets(): [LoRaMesher] Free heap: 336404
16:55:50.824 > [530405][V][LoraMesher.cpp:754] printHeaderPacket(): [LoRaMesher] Packet send -- Size: 17 Src: B3F0 Dst: D110 Id: 31 Type: 2 Via: D110 Seq_Id: 0 Num: 0
16:55:50.914 > [530495][V][LoraMesher.cpp:575] sendPackets(): [LoRaMesher] TimeOnAir 63 ms, next message in 0 ms
16:55:50.923 > [530504][I][PacketQueueService.h:80] deleteQueuePacketAndPacket(): [LoRaMesher] Deleting packet
16:55:50.932 > [530512][I][PacketQueueService.h:83] deleteQueuePacketAndPacket(): [LoRaMesher] Deleting packet queue
16:56:07.950 > [547531][V][LoraMesher.cpp:378] receivingRoutine(): [LoRaMesher] Stack space unused after entering the task: 2040
16:56:07.960 > [547541][V][LoraMesher.cpp:379] receivingRoutine(): [LoRaMesher] Free heap: 336472
16:56:07.968 > [547548][I][PacketService.cpp:12] createEmptyPacket(): [LoRaMesher] Packet created with 17 bytes
16:56:07.976 > [547557][I][LoraMesher.cpp:392] receivingRoutine(): [LoRaMesher] Receiving LoRa packet: Size: 17 bytes RSSI: -14 SNR: 13
16:56:07.988 > [547568][V][LoraMesher.cpp:647] processPackets(): [LoRaMesher] Size of Received Packets Queue: 1
16:56:07.996 > [547577][I][PacketQueueService.h:80] deleteQueuePacketAndPacket(): [LoRaMesher] Deleting packet
16:56:08.005 > [547585][I][PacketQueueService.h:83] deleteQueuePacketAndPacket(): [LoRaMesher] Deleting packet queue
16:56:08.014 > [547594][V][LoraMesher.cpp:658] processPackets(): [LoRaMesher] TESTING: Packet not for me, deleting it
16:56:08.023 > [547604][V][LoraMesher.cpp:641] processPackets(): [LoRaMesher] Stack space unused after entering the task: 2040
16:56:08.033 > [547614][V][LoraMesher.cpp:642] processPackets(): [LoRaMesher] Free heap: 336472
16:56:08.847 > [548428][V][LoraMesher.cpp:378] receivingRoutine(): [LoRaMesher] Stack space unused after entering the task: 2040
16:56:08.858 > [548438][V][LoraMesher.cpp:379] receivingRoutine(): [LoRaMesher] Free heap: 336472
16:56:08.865 > [548446][I][PacketService.cpp:12] createEmptyPacket(): [LoRaMesher] Packet created with 17 bytes
16:56:08.874 > [548455][I][LoraMesher.cpp:392] receivingRoutine(): [LoRaMesher] Receiving LoRa packet: Size: 17 bytes RSSI: -4 SNR: 13
16:56:08.885 > [548466][V][LoraMesher.cpp:647] processPackets(): [LoRaMesher] Size of Received Packets Queue: 1
16:56:08.894 > [548474][I][PacketQueueService.h:80] deleteQueuePacketAndPacket(): [LoRaMesher] Deleting packet
16:56:08.902 > [548483][I][PacketQueueService.h:83] deleteQueuePacketAndPacket(): [LoRaMesher] Deleting packet queue
16:56:08.911 > [548492][V][LoraMesher.cpp:658] processPackets(): [LoRaMesher] TESTING: Packet not for me, deleting it
16:56:08.920 > [548501][V][LoraMesher.cpp:641] processPackets(): [LoRaMesher] Stack space unused after entering the task: 2040
16:56:08.930 > [548511][V][LoraMesher.cpp:642] processPackets(): [LoRaMesher] Free heap: 336472
16:56:09.327 > [548909][V][LoraMesher.cpp:378] receivingRoutine(): [LoRaMesher] Stack space unused after entering the task: 2040
16:56:09.338 > [548919][V][LoraMesher.cpp:379] receivingRoutine(): [LoRaMesher] Free heap: 336472
16:56:09.346 > [548926][I][PacketService.cpp:12] createEmptyPacket(): [LoRaMesher] Packet created with 17 bytes
16:56:09.354 > [548935][I][LoraMesher.cpp:392] receivingRoutine(): [LoRaMesher] Receiving LoRa packet: Size: 17 bytes RSSI: -58 SNR: 12
16:56:09.366 > [548946][V][LoraMesher.cpp:647] processPackets(): [LoRaMesher] Size of Received Packets Queue: 1
16:56:09.374 > [548955][V][LoraMesher.cpp:754] printHeaderPacket(): [LoRaMesher] Packet received -- Size: 17 Src: B3F0 Dst: D110 Id: 32 Type: 2 Via: F02C Seq_Id: 0 Num: 0
16:56:09.388 > [548969][I][LoraMesher.cpp:854] processDataPacket(): [LoRaMesher] Data packet from B3F0, destination D110, via F02C
16:56:09.398 > [548979][V][LoraMesher.cpp:872] processDataPacket(): [LoRaMesher] Data Packet from B3F0 for D110. Via is me. Forwarding it
16:56:09.409 > [548990][I][LoraMesher.cpp:1051] addToSendOrderedAndNotify(): [LoRaMesher] Added packet to Q_SP, notifying sender task
16:56:09.420 > [549000][V][LoraMesher.cpp:511] sendPackets(): [LoRaMesher] Stack space unused after entering the task: 2084
16:56:09.429 > [549010][V][LoraMesher.cpp:512] sendPackets(): [LoRaMesher] Free heap: 336376
16:56:09.436 > [549017][V][LoraMesher.cpp:518] sendPackets(): [LoRaMesher] Size of Send Packets Queue: 1
16:56:09.444 > [549025][V][LoraMesher.cpp:525] sendPackets(): [LoRaMesher] Send n. 14
16:56:09.451 > [549031][V][LoraMesher.cpp:455] waitBeforeSend(): [LoRaMesher] RandomDelay 610 ms
16:56:09.458 > [549039][V][LoraMesher.cpp:641] processPackets(): [LoRaMesher] Stack space unused after entering the task: 2040
16:56:09.468 > [549049][V][LoraMesher.cpp:642] processPackets(): [LoRaMesher] Free heap: 336404
16:56:10.066 > [549648][V][LoraMesher.cpp:754] printHeaderPacket(): [LoRaMesher] Packet send -- Size: 17 Src: B3F0 Dst: D110 Id: 32 Type: 2 Via: D110 Seq_Id: 0 Num: 0
16:56:10.156 > [549738][V][LoraMesher.cpp:575] sendPackets(): [LoRaMesher] TimeOnAir 63 ms, next message in 0 ms
16:56:10.166 > [549747][I][PacketQueueService.h:80] deleteQueuePacketAndPacket(): [LoRaMesher] Deleting packet
16:56:10.174 > [549755][I][PacketQueueService.h:83] deleteQueuePacketAndPacket(): [LoRaMesher] Deleting packet queue
16:56:27.575 > [567157][V][LoraMesher.cpp:378] receivingRoutine(): [LoRaMesher] Stack space unused after entering the task: 2040
16:56:27.585 > [567167][V][LoraMesher.cpp:379] receivingRoutine(): [LoRaMesher] Free heap: 336472
16:56:27.592 > [567174][I][PacketService.cpp:12] createEmptyPacket(): [LoRaMesher] Packet created with 17 bytes
16:56:27.601 > [567183][I][LoraMesher.cpp:392] receivingRoutine(): [LoRaMesher] Receiving LoRa packet: Size: 17 bytes RSSI: -13 SNR: 12
16:56:27.613 > [567194][V][LoraMesher.cpp:647] processPackets(): [LoRaMesher] Size of Received Packets Queue: 1
16:56:27.621 > [567203][I][PacketQueueService.h:80] deleteQueuePacketAndPacket(): [LoRaMesher] Deleting packet
16:56:27.629 > [567211][I][PacketQueueService.h:83] deleteQueuePacketAndPacket(): [LoRaMesher] Deleting packet queue
16:56:27.638 > [567220][V][LoraMesher.cpp:658] processPackets(): [LoRaMesher] TESTING: Packet not for me, deleting it
16:56:27.647 > [567230][V][LoraMesher.cpp:641] processPackets(): [LoRaMesher] Stack space unused after entering the task: 2040
16:56:27.657 > [567239][V][LoraMesher.cpp:642] processPackets(): [LoRaMesher] Free heap: 336472
16:56:28.058 > [567640][V][LoraMesher.cpp:378] receivingRoutine(): [LoRaMesher] Stack space unused after entering the task: 2040
16:56:28.069 > [567650][V][LoraMesher.cpp:379] receivingRoutine(): [LoRaMesher] Free heap: 336472
16:56:28.075 > [567657][I][PacketService.cpp:12] createEmptyPacket(): [LoRaMesher] Packet created with 17 bytes
16:56:28.084 > [567666][I][LoraMesher.cpp:392] receivingRoutine(): [LoRaMesher] Receiving LoRa packet: Size: 17 bytes RSSI: -5 SNR: 13
16:56:28.096 > [567677][V][LoraMesher.cpp:647] processPackets(): [LoRaMesher] Size of Received Packets Queue: 1
16:56:28.105 > [567686][I][PacketQueueService.h:80] deleteQueuePacketAndPacket(): [LoRaMesher] Deleting packet
16:56:28.112 > [567694][I][PacketQueueService.h:83] deleteQueuePacketAndPacket(): [LoRaMesher] Deleting packet queue
16:56:28.121 > [567703][V][LoraMesher.cpp:658] processPackets(): [LoRaMesher] TESTING: Packet not for me, deleting it
16:56:28.130 > [567713][V][LoraMesher.cpp:641] processPackets(): [LoRaMesher] Stack space unused after entering the task: 2040
16:56:28.140 > [567722][V][LoraMesher.cpp:642] processPackets(): [LoRaMesher] Free heap: 336472
16:56:29.009 > [568591][V][LoraMesher.cpp:378] receivingRoutine(): [LoRaMesher] Stack space unused after entering the task: 2040
16:56:29.019 > [568601][V][LoraMesher.cpp:379] receivingRoutine(): [LoRaMesher] Free heap: 336472
16:56:29.026 > [568608][I][PacketService.cpp:12] createEmptyPacket(): [LoRaMesher] Packet created with 17 bytes
16:56:29.035 > [568617][I][LoraMesher.cpp:392] receivingRoutine(): [LoRaMesher] Receiving LoRa packet: Size: 17 bytes RSSI: -59 SNR: 12
16:56:29.047 > [568628][V][LoraMesher.cpp:647] processPackets(): [LoRaMesher] Size of Received Packets Queue: 1
16:56:29.055 > [568637][V][LoraMesher.cpp:754] printHeaderPacket(): [LoRaMesher] Packet received -- Size: 17 Src: B3F0 Dst: D110 Id: 33 Type: 2 Via: F02C Seq_Id: 0 Num: 0
16:56:29.069 > [568651][I][LoraMesher.cpp:854] processDataPacket(): [LoRaMesher] Data packet from B3F0, destination D110, via F02C
16:56:29.080 > [568661][V][LoraMesher.cpp:872] processDataPacket(): [LoRaMesher] Data Packet from B3F0 for D110. Via is me. Forwarding it
16:56:29.091 > [568672][I][LoraMesher.cpp:1051] addToSendOrderedAndNotify(): [LoRaMesher] Added packet to Q_SP, notifying sender task
16:56:29.100 > [568682][V][LoraMesher.cpp:511] sendPackets(): [LoRaMesher] Stack space unused after entering the task: 2084
16:56:29.110 > [568692][V][LoraMesher.cpp:512] sendPackets(): [LoRaMesher] Free heap: 336376
16:56:29.117 > [568699][V][LoraMesher.cpp:518] sendPackets(): [LoRaMesher] Size of Send Packets Queue: 1
16:56:29.125 > [568707][V][LoraMesher.cpp:525] sendPackets(): [LoRaMesher] Send n. 15
16:56:29.131 > [568713][V][LoraMesher.cpp:455] waitBeforeSend(): [LoRaMesher] RandomDelay 1202 ms
16:56:29.139 > [568721][V][LoraMesher.cpp:641] processPackets(): [LoRaMesher] Stack space unused after entering the task: 2040
16:56:29.149 > [568731][V][LoraMesher.cpp:642] processPackets(): [LoRaMesher] Free heap: 336404
16:56:30.340 > [569922][V][LoraMesher.cpp:754] printHeaderPacket(): [LoRaMesher] Packet send -- Size: 17 Src: B3F0 Dst: D110 Id: 33 Type: 2 Via: D110 Seq_Id: 0 Num: 0
16:56:30.430 > [570012][V][LoraMesher.cpp:575] sendPackets(): [LoRaMesher] TimeOnAir 63 ms, next message in 0 ms
16:56:30.439 > [570021][I][PacketQueueService.h:80] deleteQueuePacketAndPacket(): [LoRaMesher] Deleting packet
16:56:30.447 > [570029][I][PacketQueueService.h:83] deleteQueuePacketAndPacket(): [LoRaMesher] Deleting packet queue
16:56:47.349 > [586932][V][LoraMesher.cpp:378] receivingRoutine(): [LoRaMesher] Stack space unused after entering the task: 2040
16:56:47.359 > [586942][V][LoraMesher.cpp:379] receivingRoutine(): [LoRaMesher] Free heap: 336472
16:56:47.367 > [586949][I][PacketService.cpp:12] createEmptyPacket(): [LoRaMesher] Packet created with 17 bytes
16:56:47.376 > [586958][I][LoraMesher.cpp:392] receivingRoutine(): [LoRaMesher] Receiving LoRa packet: Size: 17 bytes RSSI: -13 SNR: 13
16:56:47.387 > [586969][V][LoraMesher.cpp:647] processPackets(): [LoRaMesher] Size of Received Packets Queue: 1
16:56:47.395 > [586978][I][PacketQueueService.h:80] deleteQueuePacketAndPacket(): [LoRaMesher] Deleting packet
16:56:47.404 > [586986][I][PacketQueueService.h:83] deleteQueuePacketAndPacket(): [LoRaMesher] Deleting packet queue
16:56:47.413 > [586995][V][LoraMesher.cpp:658] processPackets(): [LoRaMesher] TESTING: Packet not for me, deleting it
16:56:47.422 > [587004][V][LoraMesher.cpp:641] processPackets(): [LoRaMesher] Stack space unused after entering the task: 2040
16:56:47.432 > [587014][V][LoraMesher.cpp:642] processPackets(): [LoRaMesher] Free heap: 336472
16:56:48.262 > [587844][V][LoraMesher.cpp:378] receivingRoutine(): [LoRaMesher] Stack space unused after entering the task: 2040
16:56:48.272 > [587854][V][LoraMesher.cpp:379] receivingRoutine(): [LoRaMesher] Free heap: 336472
16:56:48.279 > [587862][I][PacketService.cpp:12] createEmptyPacket(): [LoRaMesher] Packet created with 17 bytes
16:56:48.288 > [587871][I][LoraMesher.cpp:392] receivingRoutine(): [LoRaMesher] Receiving LoRa packet: Size: 17 bytes RSSI: -5 SNR: 13
16:56:48.299 > [587882][V][LoraMesher.cpp:647] processPackets(): [LoRaMesher] Size of Received Packets Queue: 1
16:56:48.308 > [587890][I][PacketQueueService.h:80] deleteQueuePacketAndPacket(): [LoRaMesher] Deleting packet
16:56:48.316 > [587899][I][PacketQueueService.h:83] deleteQueuePacketAndPacket(): [LoRaMesher] Deleting packet queue
16:56:48.325 > [587908][V][LoraMesher.cpp:658] processPackets(): [LoRaMesher] TESTING: Packet not for me, deleting it
16:56:48.335 > [587917][V][LoraMesher.cpp:641] processPackets(): [LoRaMesher] Stack space unused after entering the task: 2040
16:56:48.345 > [587927][V][LoraMesher.cpp:642] processPackets(): [LoRaMesher] Free heap: 336472
16:56:48.874 > [588457][V][LoraMesher.cpp:378] receivingRoutine(): [LoRaMesher] Stack space unused after entering the task: 2040
16:56:48.884 > [588467][V][LoraMesher.cpp:379] receivingRoutine(): [LoRaMesher] Free heap: 336472
16:56:48.892 > [588474][I][PacketService.cpp:12] createEmptyPacket(): [LoRaMesher] Packet created with 17 bytes
16:56:48.901 > [588483][I][LoraMesher.cpp:392] receivingRoutine(): [LoRaMesher] Receiving LoRa packet: Size: 17 bytes RSSI: -59 SNR: 12
16:56:48.912 > [588494][V][LoraMesher.cpp:647] processPackets(): [LoRaMesher] Size of Received Packets Queue: 1
16:56:48.920 > [588503][V][LoraMesher.cpp:754] printHeaderPacket(): [LoRaMesher] Packet received -- Size: 17 Src: B3F0 Dst: D110 Id: 34 Type: 2 Via: F02C Seq_Id: 0 Num: 0
16:56:48.934 > [588517][I][LoraMesher.cpp:854] processDataPacket(): [LoRaMesher] Data packet from B3F0, destination D110, via F02C
16:56:48.944 > [588527][V][LoraMesher.cpp:872] processDataPacket(): [LoRaMesher] Data Packet from B3F0 for D110. Via is me. Forwarding it
16:56:48.955 > [588538][I][LoraMesher.cpp:1051] addToSendOrderedAndNotify(): [LoRaMesher] Added packet to Q_SP, notifying sender task
16:56:48.966 > [588548][V][LoraMesher.cpp:511] sendPackets(): [LoRaMesher] Stack space unused after entering the task: 2084
16:56:48.975 > [588558][V][LoraMesher.cpp:512] sendPackets(): [LoRaMesher] Free heap: 336376
16:56:48.982 > [588565][V][LoraMesher.cpp:518] sendPackets(): [LoRaMesher] Size of Send Packets Queue: 1
16:56:48.990 > [588573][V][LoraMesher.cpp:525] sendPackets(): [LoRaMesher] Send n. 16
16:56:48.997 > [588579][V][LoraMesher.cpp:455] waitBeforeSend(): [LoRaMesher] RandomDelay 334 ms
16:56:49.004 > [588587][V][LoraMesher.cpp:641] processPackets(): [LoRaMesher] Stack space unused after entering the task: 2040
16:56:49.014 > [588596][V][LoraMesher.cpp:642] processPackets(): [LoRaMesher] Free heap: 336404
16:56:49.337 > [588920][V][LoraMesher.cpp:754] printHeaderPacket(): [LoRaMesher] Packet send -- Size: 17 Src: B3F0 Dst: D110 Id: 34 Type: 2 Via: D110 Seq_Id: 0 Num: 0
16:56:49.427 > [589010][V][LoraMesher.cpp:575] sendPackets(): [LoRaMesher] TimeOnAir 63 ms, next message in 0 ms
16:56:49.436 > [589019][I][PacketQueueService.h:80] deleteQueuePacketAndPacket(): [LoRaMesher] Deleting packet
16:56:49.445 > [589027][I][PacketQueueService.h:83] deleteQueuePacketAndPacket(): [LoRaMesher] Deleting packet queue
16:57:05.761 > [605344][V][LoraMesher.cpp:378] receivingRoutine(): [LoRaMesher] Stack space unused after entering the task: 2040
16:57:05.771 > [605354][V][LoraMesher.cpp:379] receivingRoutine(): [LoRaMesher] Free heap: 336472
16:57:05.779 > [605362][I][PacketService.cpp:12] createEmptyPacket(): [LoRaMesher] Packet created with 24 bytes
16:57:05.787 > [605370][I][LoraMesher.cpp:392] receivingRoutine(): [LoRaMesher] Receiving LoRa packet: Size: 24 bytes RSSI: -5 SNR: 13
16:57:05.799 > [605381][V][LoraMesher.cpp:647] processPackets(): [LoRaMesher] Size of Received Packets Queue: 1
16:57:05.807 > [605390][I][PacketQueueService.h:80] deleteQueuePacketAndPacket(): [LoRaMesher] Deleting packet
16:57:05.816 > [605399][I][PacketQueueService.h:83] deleteQueuePacketAndPacket(): [LoRaMesher] Deleting packet queue
16:57:05.825 > [605408][V][LoraMesher.cpp:658] processPackets(): [LoRaMesher] TESTING: Packet not for me, deleting it
16:57:05.834 > [605417][V][LoraMesher.cpp:641] processPackets(): [LoRaMesher] Stack space unused after entering the task: 2040
16:57:05.844 > [605427][V][LoraMesher.cpp:642] processPackets(): [LoRaMesher] Free heap: 336472
16:57:06.370 > [605953][V][LoraMesher.cpp:694] routingTableManager(): [LoRaMesher] Stack space unused after entering the task: 2188
16:57:06.380 > [605963][V][LoraMesher.cpp:695] routingTableManager(): [LoRaMesher] Free heap: 336472
16:57:06.388 > [605971][I][RoutingTableService.cpp:216] manageTimeoutRoutingTable(): [LoRaMesher] Checking routes timeout
16:57:06.398 > [605980][I][RoutingTableService.cpp:192] printRoutingTable(): [LoRaMesher] Current routing table:
16:57:06.406 > [605989][I][RoutingTableService.cpp:206] printRoutingTable(): [LoRaMesher] 0 - AFC0 via AFC0 metric 1 Role 0
16:57:06.416 > [605999][I][RoutingTableService.cpp:206] printRoutingTable(): [LoRaMesher] 1 - D110 via D110 metric 1 Role 1
16:57:06.426 > [606008][I][RoutingTableService.cpp:206] printRoutingTable(): [LoRaMesher] 2 - DE6C via AFC0 metric 2 Role 0
16:57:06.435 > [606018][I][RoutingTableService.cpp:206] printRoutingTable(): [LoRaMesher] 3 - B3F0 via AFC0 metric 3 Role 0
16:57:06.466 > [606049][V][LoraMesher.cpp:378] receivingRoutine(): [LoRaMesher] Stack space unused after entering the task: 2040
16:57:06.476 > [606059][V][LoraMesher.cpp:379] receivingRoutine(): [LoRaMesher] Free heap: 336472
16:57:06.484 > [606067][I][PacketService.cpp:12] createEmptyPacket(): [LoRaMesher] Packet created with 20 bytes
16:57:06.493 > [606075][I][LoraMesher.cpp:392] receivingRoutine(): [LoRaMesher] Receiving LoRa packet: Size: 20 bytes RSSI: -3 SNR: 12
16:57:06.504 > [606086][V][LoraMesher.cpp:647] processPackets(): [LoRaMesher] Size of Received Packets Queue: 1
16:57:06.512 > [606095][V][LoraMesher.cpp:754] printHeaderPacket(): [LoRaMesher] Packet received -- Size: 20 Src: D110 Dst: FFFF Id: 6 Type: 4 Via: 0 Seq_Id: 0 Num: 0
16:57:06.526 > [606109][I][RoutingTableService.cpp:77] processRoute(): [LoRaMesher] Route packet from D110 with size 3
16:57:06.535 > [606118][I][RoutingTableService.cpp:99] resetReceiveSNRRoutePacket(): [LoRaMesher] Reset Receive SNR from D110: 12
16:57:06.545 > [606128][I][RoutingTableService.cpp:192] printRoutingTable(): [LoRaMesher] Current routing table:
16:57:06.554 > [606137][I][RoutingTableService.cpp:206] printRoutingTable(): [LoRaMesher] 0 - AFC0 via AFC0 metric 1 Role 0
16:57:06.563 > [606146][I][RoutingTableService.cpp:206] printRoutingTable(): [LoRaMesher] 1 - D110 via D110 metric 1 Role 1
16:57:06.573 > [606156][I][RoutingTableService.cpp:206] printRoutingTable(): [LoRaMesher] 2 - DE6C via AFC0 metric 2 Role 0
16:57:06.583 > [606165][I][RoutingTableService.cpp:206] printRoutingTable(): [LoRaMesher] 3 - B3F0 via AFC0 metric 3 Role 0
16:57:06.592 > [606175][I][PacketQueueService.h:80] deleteQueuePacketAndPacket(): [LoRaMesher] Deleting packet
16:57:06.601 > [606184][I][PacketQueueService.h:83] deleteQueuePacketAndPacket(): [LoRaMesher] Deleting packet queue
16:57:06.610 > [606193][V][LoraMesher.cpp:641] processPackets(): [LoRaMesher] Stack space unused after entering the task: 2040
16:57:06.620 > [606203][V][LoraMesher.cpp:642] processPackets(): [LoRaMesher] Free heap: 336472
16:57:07.428 > [607012][V][LoraMesher.cpp:378] receivingRoutine(): [LoRaMesher] Stack space unused after entering the task: 2040
16:57:07.439 > [607022][V][LoraMesher.cpp:379] receivingRoutine(): [LoRaMesher] Free heap: 336472
16:57:07.446 > [607029][I][PacketService.cpp:12] createEmptyPacket(): [LoRaMesher] Packet created with 24 bytes
16:57:07.455 > [607038][I][LoraMesher.cpp:392] receivingRoutine(): [LoRaMesher] Receiving LoRa packet: Size: 24 bytes RSSI: -13 SNR: 12
16:57:07.466 > [607049][V][LoraMesher.cpp:647] processPackets(): [LoRaMesher] Size of Received Packets Queue: 1
16:57:07.475 > [607058][I][PacketQueueService.h:80] deleteQueuePacketAndPacket(): [LoRaMesher] Deleting packet
16:57:07.484 > [607066][I][PacketQueueService.h:83] deleteQueuePacketAndPacket(): [LoRaMesher] Deleting packet queue
16:57:07.493 > [607075][V][LoraMesher.cpp:658] processPackets(): [LoRaMesher] TESTING: Packet not for me, deleting it
16:57:07.502 > [607085][V][LoraMesher.cpp:641] processPackets(): [LoRaMesher] Stack space unused after entering the task: 2040
16:57:07.512 > [607095][V][LoraMesher.cpp:642] processPackets(): [LoRaMesher] Free heap: 336472
16:57:08.065 > [607649][V][LoraMesher.cpp:378] receivingRoutine(): [LoRaMesher] Stack space unused after entering the task: 2040
16:57:08.076 > [607659][V][LoraMesher.cpp:379] receivingRoutine(): [LoRaMesher] Free heap: 336472
16:57:08.083 > [607666][I][PacketService.cpp:12] createEmptyPacket(): [LoRaMesher] Packet created with 17 bytes
16:57:08.092 > [607675][I][LoraMesher.cpp:392] receivingRoutine(): [LoRaMesher] Receiving LoRa packet: Size: 17 bytes RSSI: -13 SNR: 12
16:57:08.103 > [607686][V][LoraMesher.cpp:647] processPackets(): [LoRaMesher] Size of Received Packets Queue: 1
16:57:08.112 > [607695][I][PacketQueueService.h:80] deleteQueuePacketAndPacket(): [LoRaMesher] Deleting packet
16:57:08.120 > [607703][I][PacketQueueService.h:83] deleteQueuePacketAndPacket(): [LoRaMesher] Deleting packet queue
16:57:08.129 > [607712][V][LoraMesher.cpp:658] processPackets(): [LoRaMesher] TESTING: Packet not for me, deleting it
16:57:08.139 > [607721][V][LoraMesher.cpp:641] processPackets(): [LoRaMesher] Stack space unused after entering the task: 2040
16:57:08.148 > [607731][V][LoraMesher.cpp:642] processPackets(): [LoRaMesher] Free heap: 336472
16:57:08.641 > [608224][V][LoraMesher.cpp:378] receivingRoutine(): [LoRaMesher] Stack space unused after entering the task: 2040
16:57:08.651 > [608234][V][LoraMesher.cpp:379] receivingRoutine(): [LoRaMesher] Free heap: 336472
16:57:08.659 > [608242][I][PacketService.cpp:12] createEmptyPacket(): [LoRaMesher] Packet created with 17 bytes
16:57:08.667 > [608250][I][LoraMesher.cpp:392] receivingRoutine(): [LoRaMesher] Receiving LoRa packet: Size: 17 bytes RSSI: -5 SNR: 13
16:57:08.679 > [608261][V][LoraMesher.cpp:647] processPackets(): [LoRaMesher] Size of Received Packets Queue: 1
16:57:08.687 > [608270][I][PacketQueueService.h:80] deleteQueuePacketAndPacket(): [LoRaMesher] Deleting packet
16:57:08.696 > [608278][I][PacketQueueService.h:83] deleteQueuePacketAndPacket(): [LoRaMesher] Deleting packet queue
16:57:08.705 > [608286][V][LoraMesher.cpp:598] sendHelloPacket(): [LoRaMesher] Creating Routing Packet
16:57:08.712 > [608295][V][LoraMesher.cpp:599] sendHelloPacket(): [LoRaMesher] Stack space unused after entering the task: 2332
16:57:08.722 > [608305][V][LoraMesher.cpp:600] sendHelloPacket(): [LoRaMesher] Free heap: 336440
16:57:08.730 > [608313][V][PacketFactory.h:45] createPacket(): [LoRaMesher] Creating packet with 24 bytes
16:57:08.738 > [608321][I][PacketFactory.h:74] createPacket(): [LoRaMesher] Packet created with 24 bytes
16:57:08.746 > [608329][I][LoraMesher.h:659] setPackedForSend(): [LoRaMesher] Adding packet to Q_SP
16:57:08.753 > [608336][I][LoraMesher.h:661] setPackedForSend(): [LoRaMesher] Created packet to Q_SP
16:57:08.761 > [608344][I][LoraMesher.cpp:1051] addToSendOrderedAndNotify(): [LoRaMesher] Added packet to Q_SP, notifying sender task
16:57:08.772 > [608354][V][LoraMesher.cpp:511] sendPackets(): [LoRaMesher] Stack space unused after entering the task: 2084
16:57:08.781 > [608364][V][LoraMesher.cpp:512] sendPackets(): [LoRaMesher] Free heap: 336340
16:57:08.788 > [608371][V][LoraMesher.cpp:518] sendPackets(): [LoRaMesher] Size of Send Packets Queue: 1
16:57:08.796 > [608379][V][LoraMesher.cpp:525] sendPackets(): [LoRaMesher] Send n. 17
16:57:08.802 > [608385][V][LoraMesher.cpp:455] waitBeforeSend(): [LoRaMesher] RandomDelay 909 ms
16:57:08.810 > [608393][V][LoraMesher.cpp:658] processPackets(): [LoRaMesher] TESTING: Packet not for me, deleting it
16:57:08.819 > [608402][V][LoraMesher.cpp:641] processPackets(): [LoRaMesher] Stack space unused after entering the task: 2040
16:57:08.829 > [608412][V][LoraMesher.cpp:642] processPackets(): [LoRaMesher] Free heap: 336400
16:57:09.071 > [608654][V][LoraMesher.cpp:378] receivingRoutine(): [LoRaMesher] Stack space unused after entering the task: 2040
16:57:09.081 > [608664][V][LoraMesher.cpp:379] receivingRoutine(): [LoRaMesher] Free heap: 336400
16:57:09.089 > [608672][I][PacketService.cpp:12] createEmptyPacket(): [LoRaMesher] Packet created with 24 bytes
16:57:09.098 > [608681][I][LoraMesher.cpp:392] receivingRoutine(): [LoRaMesher] Receiving LoRa packet: Size: 24 bytes RSSI: -59 SNR: 12
16:57:09.109 > [608692][V][LoraMesher.cpp:647] processPackets(): [LoRaMesher] Size of Received Packets Queue: 1
16:57:09.118 > [608700][V][LoraMesher.cpp:754] printHeaderPacket(): [LoRaMesher] Packet received -- Size: 24 Src: AFC0 Dst: FFFF Id: 5 Type: 4 Via: 0 Seq_Id: 0 Num: 0
16:57:09.131 > [608714][I][RoutingTableService.cpp:77] processRoute(): [LoRaMesher] Route packet from AFC0 with size 4
16:57:09.140 > [608723][I][RoutingTableService.cpp:99] resetReceiveSNRRoutePacket(): [LoRaMesher] Reset Receive SNR from AFC0: 12
16:57:09.150 > [608733][I][RoutingTableService.cpp:192] printRoutingTable(): [LoRaMesher] Current routing table:
16:57:09.159 > [608742][I][RoutingTableService.cpp:206] printRoutingTable(): [LoRaMesher] 0 - AFC0 via AFC0 metric 1 Role 0
16:57:09.169 > [608752][I][RoutingTableService.cpp:206] printRoutingTable(): [LoRaMesher] 1 - D110 via D110 metric 1 Role 1
16:57:09.178 > [608761][I][RoutingTableService.cpp:206] printRoutingTable(): [LoRaMesher] 2 - DE6C via AFC0 metric 2 Role 0
16:57:09.188 > [608771][I][RoutingTableService.cpp:206] printRoutingTable(): [LoRaMesher] 3 - B3F0 via AFC0 metric 3 Role 0
16:57:09.198 > [608780][I][PacketQueueService.h:80] deleteQueuePacketAndPacket(): [LoRaMesher] Deleting packet
16:57:09.206 > [608789][I][PacketQueueService.h:83] deleteQueuePacketAndPacket(): [LoRaMesher] Deleting packet queue
16:57:09.215 > [608798][V][LoraMesher.cpp:641] processPackets(): [LoRaMesher] Stack space unused after entering the task: 2040
16:57:09.225 > [608808][V][LoraMesher.cpp:642] processPackets(): [LoRaMesher] Free heap: 336400
16:57:09.680 > [609264][V][LoraMesher.cpp:378] receivingRoutine(): [LoRaMesher] Stack space unused after entering the task: 2040
16:57:09.691 > [609274][V][LoraMesher.cpp:379] receivingRoutine(): [LoRaMesher] Free heap: 336400
16:57:09.698 > [609281][I][PacketService.cpp:12] createEmptyPacket(): [LoRaMesher] Packet created with 17 bytes
16:57:09.707 > [609290][I][LoraMesher.cpp:392] receivingRoutine(): [LoRaMesher] Receiving LoRa packet: Size: 17 bytes RSSI: -59 SNR: 11
16:57:09.724 > [609307][V][LoraMesher.cpp:462] waitBeforeSend(): [LoRaMesher] Preamble detected while waiting 1
16:57:09.733 > [609316][V][LoraMesher.cpp:455] waitBeforeSend(): [LoRaMesher] RandomDelay 1124 ms
16:57:09.740 > [609301][V][LoraMesher.cpp:647] processPackets(): [LoRaMesher] Size of Received Packets Queue: 1
16:57:09.749 > [609332][V][LoraMesher.cpp:754] printHeaderPacket(): [LoRaMesher] Packet received -- Size: 17 Src: B3F0 Dst: D110 Id: 36 Type: 2 Via: F02C Seq_Id: 0 Num: 0
16:57:09.763 > [609346][I][LoraMesher.cpp:854] processDataPacket(): [LoRaMesher] Data packet from B3F0, destination D110, via F02C
16:57:09.773 > [609356][V][LoraMesher.cpp:872] processDataPacket(): [LoRaMesher] Data Packet from B3F0 for D110. Via is me. Forwarding it
16:57:09.784 > [609367][I][LoraMesher.cpp:1051] addToSendOrderedAndNotify(): [LoRaMesher] Added packet to Q_SP, notifying sender task
16:57:09.794 > [609377][V][LoraMesher.cpp:641] processPackets(): [LoRaMesher] Stack space unused after entering the task: 2040
16:57:09.804 > [609387][V][LoraMesher.cpp:642] processPackets(): [LoRaMesher] Free heap: 336300
16:57:10.864 > [610447][V][LoraMesher.cpp:754] printHeaderPacket(): [LoRaMesher] Packet send -- Size: 24 Src: F02C Dst: FFFF Id: 5 Type: 4 Via: 0 Seq_Id: 0 Num: 0
16:57:10.968 > [610551][V][LoraMesher.cpp:575] sendPackets(): [LoRaMesher] TimeOnAir 78 ms, next message in 0 ms
16:57:10.977 > [610560][I][PacketQueueService.h:80] deleteQueuePacketAndPacket(): [LoRaMesher] Deleting packet
16:57:10.985 > [610568][I][PacketQueueService.h:83] deleteQueuePacketAndPacket(): [LoRaMesher] Deleting packet queue
16:57:10.994 > [610577][V][LoraMesher.cpp:518] sendPackets(): [LoRaMesher] Size of Send Packets Queue: 1
16:57:11.002 > [610585][V][LoraMesher.cpp:525] sendPackets(): [LoRaMesher] Send n. 18
16:57:11.009 > [610592][V][LoraMesher.cpp:455] waitBeforeSend(): [LoRaMesher] RandomDelay 783 ms
16:57:11.798 > [611381][V][LoraMesher.cpp:754] printHeaderPacket(): [LoRaMesher] Packet send -- Size: 17 Src: B3F0 Dst: D110 Id: 36 Type: 2 Via: D110 Seq_Id: 0 Num: 0
16:57:11.888 > [611471][V][LoraMesher.cpp:575] sendPackets(): [LoRaMesher] TimeOnAir 63 ms, next message in 0 ms
16:57:11.897 > [611480][I][PacketQueueService.h:80] deleteQueuePacketAndPacket(): [LoRaMesher] Deleting packet
16:57:11.905 > [611488][I][PacketQueueService.h:83] deleteQueuePacketAndPacket(): [LoRaMesher] Deleting packet queue
16:57:28.312 > [627896][V][LoraMesher.cpp:378] receivingRoutine(): [LoRaMesher] Stack space unused after entering the task: 2040
16:57:28.322 > [627906][V][LoraMesher.cpp:379] receivingRoutine(): [LoRaMesher] Free heap: 336472
16:57:28.330 > [627913][I][PacketService.cpp:12] createEmptyPacket(): [LoRaMesher] Packet created with 17 bytes
16:57:28.339 > [627922][I][LoraMesher.cpp:392] receivingRoutine(): [LoRaMesher] Receiving LoRa packet: Size: 17 bytes RSSI: -16 SNR: 12
16:57:28.350 > [627933][V][LoraMesher.cpp:647] processPackets(): [LoRaMesher] Size of Received Packets Queue: 1
16:57:28.359 > [627942][I][PacketQueueService.h:80] deleteQueuePacketAndPacket(): [LoRaMesher] Deleting packet
16:57:28.367 > [627950][I][PacketQueueService.h:83] deleteQueuePacketAndPacket(): [LoRaMesher] Deleting packet queue
16:57:28.376 > [627959][V][LoraMesher.cpp:658] processPackets(): [LoRaMesher] TESTING: Packet not for me, deleting it
16:57:28.385 > [627968][V][LoraMesher.cpp:641] processPackets(): [LoRaMesher] Stack space unused after entering the task: 2040
16:57:28.395 > [627978][V][LoraMesher.cpp:642] processPackets(): [LoRaMesher] Free heap: 336472
16:57:29.496 > [629079][V][LoraMesher.cpp:378] receivingRoutine(): [LoRaMesher] Stack space unused after entering the task: 2040
16:57:29.506 > [629090][V][LoraMesher.cpp:379] receivingRoutine(): [LoRaMesher] Free heap: 336472
16:57:29.514 > [629097][I][PacketService.cpp:12] createEmptyPacket(): [LoRaMesher] Packet created with 17 bytes
16:57:29.523 > [629106][I][LoraMesher.cpp:392] receivingRoutine(): [LoRaMesher] Receiving LoRa packet: Size: 17 bytes RSSI: -5 SNR: 13
16:57:29.534 > [629117][V][LoraMesher.cpp:647] processPackets(): [LoRaMesher] Size of Received Packets Queue: 1
16:57:29.542 > [629126][I][PacketQueueService.h:80] deleteQueuePacketAndPacket(): [LoRaMesher] Deleting packet
16:57:29.551 > [629134][I][PacketQueueService.h:83] deleteQueuePacketAndPacket(): [LoRaMesher] Deleting packet queue
16:57:29.560 > [629143][V][LoraMesher.cpp:658] processPackets(): [LoRaMesher] TESTING: Packet not for me, deleting it
16:57:29.569 > [629152][V][LoraMesher.cpp:641] processPackets(): [LoRaMesher] Stack space unused after entering the task: 2040
16:57:29.579 > [629162][V][LoraMesher.cpp:642] processPackets(): [LoRaMesher] Free heap: 336472
16:57:30.556 > [630140][V][LoraMesher.cpp:378] receivingRoutine(): [LoRaMesher] Stack space unused after entering the task: 2040
16:57:30.566 > [630150][V][LoraMesher.cpp:379] receivingRoutine(): [LoRaMesher] Free heap: 336472
16:57:30.574 > [630157][I][PacketService.cpp:12] createEmptyPacket(): [LoRaMesher] Packet created with 17 bytes
16:57:30.583 > [630166][I][LoraMesher.cpp:392] receivingRoutine(): [LoRaMesher] Receiving LoRa packet: Size: 17 bytes RSSI: -60 SNR: 11
16:57:30.594 > [630177][V][LoraMesher.cpp:647] processPackets(): [LoRaMesher] Size of Received Packets Queue: 1
16:57:30.603 > [630186][V][LoraMesher.cpp:754] printHeaderPacket(): [LoRaMesher] Packet received -- Size: 17 Src: B3F0 Dst: D110 Id: 37 Type: 2 Via: F02C Seq_Id: 0 Num: 0
16:57:30.616 > [630200][I][LoraMesher.cpp:854] processDataPacket(): [LoRaMesher] Data packet from B3F0, destination D110, via F02C
16:57:30.627 > [630210][V][LoraMesher.cpp:872] processDataPacket(): [LoRaMesher] Data Packet from B3F0 for D110. Via is me. Forwarding it
16:57:30.637 > [630221][I][LoraMesher.cpp:1051] addToSendOrderedAndNotify(): [LoRaMesher] Added packet to Q_SP, notifying sender task
16:57:30.648 > [630231][V][LoraMesher.cpp:511] sendPackets(): [LoRaMesher] Stack space unused after entering the task: 2084
16:57:30.658 > [630241][V][LoraMesher.cpp:512] sendPackets(): [LoRaMesher] Free heap: 336376
16:57:30.665 > [630248][V][LoraMesher.cpp:518] sendPackets(): [LoRaMesher] Size of Send Packets Queue: 1
16:57:30.673 > [630256][V][LoraMesher.cpp:525] sendPackets(): [LoRaMesher] Send n. 19
16:57:30.679 > [630262][V][LoraMesher.cpp:455] waitBeforeSend(): [LoRaMesher] RandomDelay 1087 ms
16:57:30.686 > [630269][V][LoraMesher.cpp:641] processPackets(): [LoRaMesher] Stack space unused after entering the task: 2040
16:57:30.696 > [630279][V][LoraMesher.cpp:642] processPackets(): [LoRaMesher] Free heap: 336404
16:57:31.772 > [631356][V][LoraMesher.cpp:754] printHeaderPacket(): [LoRaMesher] Packet send -- Size: 17 Src: B3F0 Dst: D110 Id: 37 Type: 2 Via: D110 Seq_Id: 0 Num: 0
16:57:31.862 > [631446][V][LoraMesher.cpp:575] sendPackets(): [LoRaMesher] TimeOnAir 63 ms, next message in 0 ms
16:57:31.871 > [631455][I][PacketQueueService.h:80] deleteQueuePacketAndPacket(): [LoRaMesher] Deleting packet
16:57:31.880 > [631463][I][PacketQueueService.h:83] deleteQueuePacketAndPacket(): [LoRaMesher] Deleting packet queue
16:57:48.454 > [648038][V][LoraMesher.cpp:378] receivingRoutine(): [LoRaMesher] Stack space unused after entering the task: 2040
16:57:48.464 > [648049][V][LoraMesher.cpp:379] receivingRoutine(): [LoRaMesher] Free heap: 336472
16:57:48.472 > [648056][I][PacketService.cpp:12] createEmptyPacket(): [LoRaMesher] Packet created with 17 bytes
16:57:48.480 > [648065][I][LoraMesher.cpp:392] receivingRoutine(): [LoRaMesher] Receiving LoRa packet: Size: 17 bytes RSSI: -16 SNR: 13
16:57:48.492 > [648076][V][LoraMesher.cpp:647] processPackets(): [LoRaMesher] Size of Received Packets Queue: 1
16:57:48.500 > [648085][I][PacketQueueService.h:80] deleteQueuePacketAndPacket(): [LoRaMesher] Deleting packet
16:57:48.510 > [648093][I][PacketQueueService.h:83] deleteQueuePacketAndPacket(): [LoRaMesher] Deleting packet queue
16:57:48.518 > [648102][V][LoraMesher.cpp:658] processPackets(): [LoRaMesher] TESTING: Packet not for me, deleting it
16:57:48.527 > [648111][V][LoraMesher.cpp:641] processPackets(): [LoRaMesher] Stack space unused after entering the task: 2040
16:57:48.538 > [648121][V][LoraMesher.cpp:642] processPackets(): [LoRaMesher] Free heap: 336472
16:57:49.804 > [649389][V][LoraMesher.cpp:378] receivingRoutine(): [LoRaMesher] Stack space unused after entering the task: 2040
16:57:49.815 > [649399][V][LoraMesher.cpp:379] receivingRoutine(): [LoRaMesher] Free heap: 336472
16:57:49.822 > [649407][I][PacketService.cpp:12] createEmptyPacket(): [LoRaMesher] Packet created with 17 bytes
16:57:49.831 > [649415][I][LoraMesher.cpp:392] receivingRoutine(): [LoRaMesher] Receiving LoRa packet: Size: 17 bytes RSSI: -5 SNR: 12
16:57:49.842 > [649426][V][LoraMesher.cpp:647] processPackets(): [LoRaMesher] Size of Received Packets Queue: 1
16:57:49.851 > [649435][I][PacketQueueService.h:80] deleteQueuePacketAndPacket(): [LoRaMesher] Deleting packet
16:57:49.859 > [649444][I][PacketQueueService.h:83] deleteQueuePacketAndPacket(): [LoRaMesher] Deleting packet queue
16:57:49.869 > [649453][V][LoraMesher.cpp:658] processPackets(): [LoRaMesher] TESTING: Packet not for me, deleting it
16:57:49.877 > [649462][V][LoraMesher.cpp:641] processPackets(): [LoRaMesher] Stack space unused after entering the task: 2040
16:57:49.887 > [649472][V][LoraMesher.cpp:642] processPackets(): [LoRaMesher] Free heap: 336472
16:57:50.480 > [650064][V][LoraMesher.cpp:378] receivingRoutine(): [LoRaMesher] Stack space unused after entering the task: 2040
16:57:50.490 > [650075][V][LoraMesher.cpp:379] receivingRoutine(): [LoRaMesher] Free heap: 336472
16:57:50.497 > [650082][I][PacketService.cpp:12] createEmptyPacket(): [LoRaMesher] Packet created with 17 bytes
16:57:50.506 > [650091][I][LoraMesher.cpp:392] receivingRoutine(): [LoRaMesher] Receiving LoRa packet: Size: 17 bytes RSSI: -59 SNR: 12
16:57:50.517 > [650102][V][LoraMesher.cpp:647] processPackets(): [LoRaMesher] Size of Received Packets Queue: 1
16:57:50.526 > [650111][V][LoraMesher.cpp:754] printHeaderPacket(): [LoRaMesher] Packet received -- Size: 17 Src: B3F0 Dst: D110 Id: 38 Type: 2 Via: F02C Seq_Id: 0 Num: 0
16:57:50.540 > [650124][I][LoraMesher.cpp:854] processDataPacket(): [LoRaMesher] Data packet from B3F0, destination D110, via F02C
16:57:50.550 > [650135][V][LoraMesher.cpp:872] processDataPacket(): [LoRaMesher] Data Packet from B3F0 for D110. Via is me. Forwarding it
16:57:50.561 > [650146][I][LoraMesher.cpp:1051] addToSendOrderedAndNotify(): [LoRaMesher] Added packet to Q_SP, notifying sender task
16:57:50.572 > [650156][V][LoraMesher.cpp:511] sendPackets(): [LoRaMesher] Stack space unused after entering the task: 2084
16:57:50.581 > [650166][V][LoraMesher.cpp:512] sendPackets(): [LoRaMesher] Free heap: 336376
16:57:50.588 > [650173][V][LoraMesher.cpp:518] sendPackets(): [LoRaMesher] Size of Send Packets Queue: 1
16:57:50.596 > [650181][V][LoraMesher.cpp:525] sendPackets(): [LoRaMesher] Send n. 20
16:57:50.603 > [650187][V][LoraMesher.cpp:455] waitBeforeSend(): [LoRaMesher] RandomDelay 575 ms
16:57:50.610 > [650194][V][LoraMesher.cpp:641] processPackets(): [LoRaMesher] Stack space unused after entering the task: 2040
16:57:50.621 > [650204][V][LoraMesher.cpp:642] processPackets(): [LoRaMesher] Free heap: 336404
16:57:51.184 > [650769][V][LoraMesher.cpp:754] printHeaderPacket(): [LoRaMesher] Packet send -- Size: 17 Src: B3F0 Dst: D110 Id: 38 Type: 2 Via: D110 Seq_Id: 0 Num: 0
16:57:51.274 > [650859][V][LoraMesher.cpp:575] sendPackets(): [LoRaMesher] TimeOnAir 63 ms, next message in 0 ms
16:57:51.283 > [650868][I][PacketQueueService.h:80] deleteQueuePacketAndPacket(): [LoRaMesher] Deleting packet
16:57:51.292 > [650876][I][PacketQueueService.h:83] deleteQueuePacketAndPacket(): [LoRaMesher] Deleting packet queue
16:58:07.730 > [667314][V][LoraMesher.cpp:378] receivingRoutine(): [LoRaMesher] Stack space unused after entering the task: 2040
16:58:07.740 > [667325][V][LoraMesher.cpp:379] receivingRoutine(): [LoRaMesher] Free heap: 336472
16:58:07.747 > [667332][I][PacketService.cpp:12] createEmptyPacket(): [LoRaMesher] Packet created with 17 bytes
16:58:07.756 > [667341][I][LoraMesher.cpp:392] receivingRoutine(): [LoRaMesher] Receiving LoRa packet: Size: 17 bytes RSSI: -15 SNR: 12
16:58:07.767 > [667352][V][LoraMesher.cpp:647] processPackets(): [LoRaMesher] Size of Received Packets Queue: 1
16:58:07.776 > [667361][I][PacketQueueService.h:80] deleteQueuePacketAndPacket(): [LoRaMesher] Deleting packet
16:58:07.784 > [667369][I][PacketQueueService.h:83] deleteQueuePacketAndPacket(): [LoRaMesher] Deleting packet queue
16:58:07.793 > [667378][V][LoraMesher.cpp:658] processPackets(): [LoRaMesher] TESTING: Packet not for me, deleting it
16:58:07.802 > [667387][V][LoraMesher.cpp:641] processPackets(): [LoRaMesher] Stack space unused after entering the task: 2040
16:58:07.812 > [667397][V][LoraMesher.cpp:642] processPackets(): [LoRaMesher] Free heap: 336472
16:58:08.941 > [668526][V][LoraMesher.cpp:378] receivingRoutine(): [LoRaMesher] Stack space unused after entering the task: 2040
16:58:08.952 > [668537][V][LoraMesher.cpp:379] receivingRoutine(): [LoRaMesher] Free heap: 336472
16:58:08.959 > [668544][I][PacketService.cpp:12] createEmptyPacket(): [LoRaMesher] Packet created with 17 bytes
16:58:08.968 > [668553][I][LoraMesher.cpp:392] receivingRoutine(): [LoRaMesher] Receiving LoRa packet: Size: 17 bytes RSSI: -5 SNR: 12
16:58:08.979 > [668564][V][LoraMesher.cpp:647] processPackets(): [LoRaMesher] Size of Received Packets Queue: 1
16:58:08.988 > [668573][I][PacketQueueService.h:80] deleteQueuePacketAndPacket(): [LoRaMesher] Deleting packet
16:58:08.996 > [668581][I][PacketQueueService.h:83] deleteQueuePacketAndPacket(): [LoRaMesher] Deleting packet queue
16:58:09.005 > [668590][V][LoraMesher.cpp:658] processPackets(): [LoRaMesher] TESTING: Packet not for me, deleting it
16:58:09.014 > [668599][V][LoraMesher.cpp:641] processPackets(): [LoRaMesher] Stack space unused after entering the task: 2040
16:58:09.024 > [668609][V][LoraMesher.cpp:642] processPackets(): [LoRaMesher] Free heap: 336472
16:58:10.143 > [669728][V][LoraMesher.cpp:378] receivingRoutine(): [LoRaMesher] Stack space unused after entering the task: 2040
16:58:10.154 > [669739][V][LoraMesher.cpp:379] receivingRoutine(): [LoRaMesher] Free heap: 336472
16:58:10.161 > [669746][I][PacketService.cpp:12] createEmptyPacket(): [LoRaMesher] Packet created with 17 bytes
16:58:10.170 > [669755][I][LoraMesher.cpp:392] receivingRoutine(): [LoRaMesher] Receiving LoRa packet: Size: 17 bytes RSSI: -59 SNR: 12
16:58:10.181 > [669766][V][LoraMesher.cpp:647] processPackets(): [LoRaMesher] Size of Received Packets Queue: 1
16:58:10.190 > [669775][V][LoraMesher.cpp:754] printHeaderPacket(): [LoRaMesher] Packet received -- Size: 17 Src: B3F0 Dst: D110 Id: 39 Type: 2 Via: F02C Seq_Id: 0 Num: 0
16:58:10.203 > [669788][I][LoraMesher.cpp:854] processDataPacket(): [LoRaMesher] Data packet from B3F0, destination D110, via F02C
16:58:10.214 > [669799][V][LoraMesher.cpp:872] processDataPacket(): [LoRaMesher] Data Packet from B3F0 for D110. Via is me. Forwarding it
16:58:10.225 > [669809][I][LoraMesher.cpp:1051] addToSendOrderedAndNotify(): [LoRaMesher] Added packet to Q_SP, notifying sender task
16:58:10.235 > [669820][V][LoraMesher.cpp:511] sendPackets(): [LoRaMesher] Stack space unused after entering the task: 2084
16:58:10.245 > [669830][V][LoraMesher.cpp:512] sendPackets(): [LoRaMesher] Free heap: 336376
16:58:10.252 > [669837][V][LoraMesher.cpp:518] sendPackets(): [LoRaMesher] Size of Send Packets Queue: 1
16:58:10.260 > [669845][V][LoraMesher.cpp:525] sendPackets(): [LoRaMesher] Send n. 21
16:58:10.266 > [669851][V][LoraMesher.cpp:455] waitBeforeSend(): [LoRaMesher] RandomDelay 278 ms
16:58:10.273 > [669858][V][LoraMesher.cpp:641] processPackets(): [LoRaMesher] Stack space unused after entering the task: 2040
16:58:10.283 > [669868][V][LoraMesher.cpp:642] processPackets(): [LoRaMesher] Free heap: 336404
16:58:10.551 > [670136][V][LoraMesher.cpp:754] printHeaderPacket(): [LoRaMesher] Packet send -- Size: 17 Src: B3F0 Dst: D110 Id: 39 Type: 2 Via: D110 Seq_Id: 0 Num: 0
16:58:10.641 > [670226][V][LoraMesher.cpp:575] sendPackets(): [LoRaMesher] TimeOnAir 63 ms, next message in 0 ms
16:58:10.650 > [670235][I][PacketQueueService.h:80] deleteQueuePacketAndPacket(): [LoRaMesher] Deleting packet
16:58:10.658 > [670243][I][PacketQueueService.h:83] deleteQueuePacketAndPacket(): [LoRaMesher] Deleting packet queue
16:58:27.837 > [687422][V][LoraMesher.cpp:378] receivingRoutine(): [LoRaMesher] Stack space unused after entering the task: 2040
16:58:27.847 > [687433][V][LoraMesher.cpp:379] receivingRoutine(): [LoRaMesher] Free heap: 336472
16:58:27.855 > [687440][I][PacketService.cpp:12] createEmptyPacket(): [LoRaMesher] Packet created with 17 bytes
16:58:27.864 > [687449][I][LoraMesher.cpp:392] receivingRoutine(): [LoRaMesher] Receiving LoRa packet: Size: 17 bytes RSSI: -15 SNR: 13
16:58:27.875 > [687460][V][LoraMesher.cpp:647] processPackets(): [LoRaMesher] Size of Received Packets Queue: 1
16:58:27.883 > [687469][I][PacketQueueService.h:80] deleteQueuePacketAndPacket(): [LoRaMesher] Deleting packet
16:58:27.892 > [687477][I][PacketQueueService.h:83] deleteQueuePacketAndPacket(): [LoRaMesher] Deleting packet queue
16:58:27.901 > [687486][V][LoraMesher.cpp:658] processPackets(): [LoRaMesher] TESTING: Packet not for me, deleting it
16:58:27.910 > [687495][V][LoraMesher.cpp:641] processPackets(): [LoRaMesher] Stack space unused after entering the task: 2040
16:58:27.920 > [687505][V][LoraMesher.cpp:642] processPackets(): [LoRaMesher] Free heap: 336472
16:58:28.353 > [687939][V][LoraMesher.cpp:378] receivingRoutine(): [LoRaMesher] Stack space unused after entering the task: 2040
16:58:28.364 > [687949][V][LoraMesher.cpp:379] receivingRoutine(): [LoRaMesher] Free heap: 336472
16:58:28.371 > [687957][I][PacketService.cpp:12] createEmptyPacket(): [LoRaMesher] Packet created with 17 bytes
16:58:28.380 > [687965][I][LoraMesher.cpp:392] receivingRoutine(): [LoRaMesher] Receiving LoRa packet: Size: 17 bytes RSSI: -5 SNR: 12
16:58:28.391 > [687976][V][LoraMesher.cpp:647] processPackets(): [LoRaMesher] Size of Received Packets Queue: 1
16:58:28.400 > [687985][I][PacketQueueService.h:80] deleteQueuePacketAndPacket(): [LoRaMesher] Deleting packet
16:58:28.408 > [687994][I][PacketQueueService.h:83] deleteQueuePacketAndPacket(): [LoRaMesher] Deleting packet queue
16:58:28.417 > [688003][V][LoraMesher.cpp:658] processPackets(): [LoRaMesher] TESTING: Packet not for me, deleting it
16:58:28.427 > [688012][V][LoraMesher.cpp:641] processPackets(): [LoRaMesher] Stack space unused after entering the task: 2040
16:58:28.436 > [688022][V][LoraMesher.cpp:642] processPackets(): [LoRaMesher] Free heap: 336472
16:58:29.671 > [689256][V][LoraMesher.cpp:378] receivingRoutine(): [LoRaMesher] Stack space unused after entering the task: 2040
16:58:29.681 > [689266][V][LoraMesher.cpp:379] receivingRoutine(): [LoRaMesher] Free heap: 336472
16:58:29.689 > [689274][I][PacketService.cpp:12] createEmptyPacket(): [LoRaMesher] Packet created with 17 bytes
16:58:29.697 > [689283][I][LoraMesher.cpp:392] receivingRoutine(): [LoRaMesher] Receiving LoRa packet: Size: 17 bytes RSSI: -60 SNR: 12
16:58:29.709 > [689294][V][LoraMesher.cpp:647] processPackets(): [LoRaMesher] Size of Received Packets Queue: 1
16:58:29.717 > [689303][V][LoraMesher.cpp:754] printHeaderPacket(): [LoRaMesher] Packet received -- Size: 17 Src: B3F0 Dst: D110 Id: 40 Type: 2 Via: F02C Seq_Id: 0 Num: 0
16:58:29.731 > [689316][I][LoraMesher.cpp:854] processDataPacket(): [LoRaMesher] Data packet from B3F0, destination D110, via F02C
16:58:29.741 > [689327][V][LoraMesher.cpp:872] processDataPacket(): [LoRaMesher] Data Packet from B3F0 for D110. Via is me. Forwarding it
16:58:29.752 > [689337][I][LoraMesher.cpp:1051] addToSendOrderedAndNotify(): [LoRaMesher] Added packet to Q_SP, notifying sender task
16:58:29.763 > [689348][V][LoraMesher.cpp:511] sendPackets(): [LoRaMesher] Stack space unused after entering the task: 2084
16:58:29.772 > [689358][V][LoraMesher.cpp:512] sendPackets(): [LoRaMesher] Free heap: 336376
16:58:29.779 > [689365][V][LoraMesher.cpp:518] sendPackets(): [LoRaMesher] Size of Send Packets Queue: 1
16:58:29.787 > [689373][V][LoraMesher.cpp:525] sendPackets(): [LoRaMesher] Send n. 22
16:58:29.794 > [689379][V][LoraMesher.cpp:455] waitBeforeSend(): [LoRaMesher] RandomDelay 757 ms
16:58:29.801 > [689386][V][LoraMesher.cpp:641] processPackets(): [LoRaMesher] Stack space unused after entering the task: 2040
16:58:29.811 > [689396][V][LoraMesher.cpp:642] processPackets(): [LoRaMesher] Free heap: 336404
16:58:30.557 > [690143][V][LoraMesher.cpp:754] printHeaderPacket(): [LoRaMesher] Packet send -- Size: 17 Src: B3F0 Dst: D110 Id: 40 Type: 2 Via: D110 Seq_Id: 0 Num: 0
16:58:30.647 > [690233][V][LoraMesher.cpp:575] sendPackets(): [LoRaMesher] TimeOnAir 63 ms, next message in 0 ms
16:58:30.656 > [690242][I][PacketQueueService.h:80] deleteQueuePacketAndPacket(): [LoRaMesher] Deleting packet
16:58:30.665 > [690250][I][PacketQueueService.h:83] deleteQueuePacketAndPacket(): [LoRaMesher] Deleting packet queue
16:58:47.975 > [707561][V][LoraMesher.cpp:378] receivingRoutine(): [LoRaMesher] Stack space unused after entering the task: 2040
16:58:47.986 > [707571][V][LoraMesher.cpp:379] receivingRoutine(): [LoRaMesher] Free heap: 336472
16:58:47.993 > [707579][I][PacketService.cpp:12] createEmptyPacket(): [LoRaMesher] Packet created with 17 bytes
16:58:48.002 > [707588][I][LoraMesher.cpp:392] receivingRoutine(): [LoRaMesher] Receiving LoRa packet: Size: 17 bytes RSSI: -15 SNR: 12
16:58:48.013 > [707599][V][LoraMesher.cpp:647] processPackets(): [LoRaMesher] Size of Received Packets Queue: 1
16:58:48.022 > [707608][I][PacketQueueService.h:80] deleteQueuePacketAndPacket(): [LoRaMesher] Deleting packet
16:58:48.030 > [707616][I][PacketQueueService.h:83] deleteQueuePacketAndPacket(): [LoRaMesher] Deleting packet queue
16:58:48.039 > [707625][V][LoraMesher.cpp:658] processPackets(): [LoRaMesher] TESTING: Packet not for me, deleting it
16:58:48.049 > [707634][V][LoraMesher.cpp:641] processPackets(): [LoRaMesher] Stack space unused after entering the task: 2040
16:58:48.059 > [707644][V][LoraMesher.cpp:642] processPackets(): [LoRaMesher] Free heap: 336472
16:58:49.300 > [708887][V][LoraMesher.cpp:378] receivingRoutine(): [LoRaMesher] Stack space unused after entering the task: 2040
16:58:49.311 > [708897][V][LoraMesher.cpp:379] receivingRoutine(): [LoRaMesher] Free heap: 336472
16:58:49.319 > [708904][I][PacketService.cpp:12] createEmptyPacket(): [LoRaMesher] Packet created with 17 bytes
16:58:49.327 > [708913][I][LoraMesher.cpp:392] receivingRoutine(): [LoRaMesher] Receiving LoRa packet: Size: 17 bytes RSSI: -5 SNR: 13
16:58:49.338 > [708924][V][LoraMesher.cpp:647] processPackets(): [LoRaMesher] Size of Received Packets Queue: 1
16:58:49.347 > [708933][I][PacketQueueService.h:80] deleteQueuePacketAndPacket(): [LoRaMesher] Deleting packet
16:58:49.355 > [708941][I][PacketQueueService.h:83] deleteQueuePacketAndPacket(): [LoRaMesher] Deleting packet queue
16:58:49.364 > [708950][V][LoraMesher.cpp:658] processPackets(): [LoRaMesher] TESTING: Packet not for me, deleting it
16:58:49.374 > [708959][V][LoraMesher.cpp:641] processPackets(): [LoRaMesher] Stack space unused after entering the task: 2040
16:58:49.384 > [708969][V][LoraMesher.cpp:642] processPackets(): [LoRaMesher] Free heap: 336472
16:58:50.466 > [710052][V][LoraMesher.cpp:378] receivingRoutine(): [LoRaMesher] Stack space unused after entering the task: 2040
16:58:50.477 > [710062][V][LoraMesher.cpp:379] receivingRoutine(): [LoRaMesher] Free heap: 336472
16:58:50.484 > [710070][I][PacketService.cpp:12] createEmptyPacket(): [LoRaMesher] Packet created with 17 bytes
16:58:50.493 > [710079][I][LoraMesher.cpp:392] receivingRoutine(): [LoRaMesher] Receiving LoRa packet: Size: 17 bytes RSSI: -60 SNR: 11
16:58:50.504 > [710090][V][LoraMesher.cpp:647] processPackets(): [LoRaMesher] Size of Received Packets Queue: 1
16:58:50.513 > [710098][V][LoraMesher.cpp:754] printHeaderPacket(): [LoRaMesher] Packet received -- Size: 17 Src: B3F0 Dst: D110 Id: 41 Type: 2 Via: F02C Seq_Id: 0 Num: 0
16:58:50.527 > [710112][I][LoraMesher.cpp:854] processDataPacket(): [LoRaMesher] Data packet from B3F0, destination D110, via F02C
16:58:50.537 > [710123][V][LoraMesher.cpp:872] processDataPacket(): [LoRaMesher] Data Packet from B3F0 for D110. Via is me. Forwarding it
16:58:50.548 > [710133][I][LoraMesher.cpp:1051] addToSendOrderedAndNotify(): [LoRaMesher] Added packet to Q_SP, notifying sender task
16:58:50.558 > [710144][V][LoraMesher.cpp:511] sendPackets(): [LoRaMesher] Stack space unused after entering the task: 2084
16:58:50.568 > [710154][V][LoraMesher.cpp:512] sendPackets(): [LoRaMesher] Free heap: 336376
16:58:50.575 > [710161][V][LoraMesher.cpp:518] sendPackets(): [LoRaMesher] Size of Send Packets Queue: 1
16:58:50.583 > [710168][V][LoraMesher.cpp:525] sendPackets(): [LoRaMesher] Send n. 23
16:58:50.589 > [710175][V][LoraMesher.cpp:455] waitBeforeSend(): [LoRaMesher] RandomDelay 680 ms
16:58:50.596 > [710182][V][LoraMesher.cpp:641] processPackets(): [LoRaMesher] Stack space unused after entering the task: 2040
16:58:50.606 > [710192][V][LoraMesher.cpp:642] processPackets(): [LoRaMesher] Free heap: 336404
16:58:51.276 > [710862][V][LoraMesher.cpp:754] printHeaderPacket(): [LoRaMesher] Packet send -- Size: 17 Src: B3F0 Dst: D110 Id: 41 Type: 2 Via: D110 Seq_Id: 0 Num: 0
16:58:51.366 > [710952][V][LoraMesher.cpp:575] sendPackets(): [LoRaMesher] TimeOnAir 63 ms, next message in 0 ms
16:58:51.375 > [710961][I][PacketQueueService.h:80] deleteQueuePacketAndPacket(): [LoRaMesher] Deleting packet
16:58:51.383 > [710969][I][PacketQueueService.h:83] deleteQueuePacketAndPacket(): [LoRaMesher] Deleting packet queue
16:59:05.661 > [725248][V][LoraMesher.cpp:378] receivingRoutine(): [LoRaMesher] Stack space unused after entering the task: 2040
16:59:05.672 > [725258][V][LoraMesher.cpp:379] receivingRoutine(): [LoRaMesher] Free heap: 336472
16:59:05.679 > [725266][I][PacketService.cpp:12] createEmptyPacket(): [LoRaMesher] Packet created with 24 bytes
16:59:05.688 > [725275][I][LoraMesher.cpp:392] receivingRoutine(): [LoRaMesher] Receiving LoRa packet: Size: 24 bytes RSSI: -5 SNR: 13
16:59:05.699 > [725286][V][LoraMesher.cpp:647] processPackets(): [LoRaMesher] Size of Received Packets Queue: 1
16:59:05.708 > [725294][I][PacketQueueService.h:80] deleteQueuePacketAndPacket(): [LoRaMesher] Deleting packet
16:59:05.717 > [725303][I][PacketQueueService.h:83] deleteQueuePacketAndPacket(): [LoRaMesher] Deleting packet queue
16:59:05.726 > [725312][V][LoraMesher.cpp:658] processPackets(): [LoRaMesher] TESTING: Packet not for me, deleting it
16:59:05.735 > [725321][V][LoraMesher.cpp:641] processPackets(): [LoRaMesher] Stack space unused after entering the task: 2040
16:59:05.744 > [725331][V][LoraMesher.cpp:642] processPackets(): [LoRaMesher] Free heap: 336472
16:59:06.260 > [725847][V][LoraMesher.cpp:378] receivingRoutine(): [LoRaMesher] Stack space unused after entering the task: 2040
16:59:06.271 > [725858][V][LoraMesher.cpp:379] receivingRoutine(): [LoRaMesher] Free heap: 336472
16:59:06.279 > [725865][I][PacketService.cpp:12] createEmptyPacket(): [LoRaMesher] Packet created with 24 bytes
16:59:06.287 > [725874][I][LoraMesher.cpp:392] receivingRoutine(): [LoRaMesher] Receiving LoRa packet: Size: 24 bytes RSSI: -3 SNR: 12
16:59:06.298 > [725885][V][LoraMesher.cpp:647] processPackets(): [LoRaMesher] Size of Received Packets Queue: 1
16:59:06.307 > [725894][V][LoraMesher.cpp:754] printHeaderPacket(): [LoRaMesher] Packet received -- Size: 24 Src: D110 Dst: FFFF Id: 7 Type: 4 Via: 0 Seq_Id: 0 Num: 0
16:59:06.320 > [725907][I][RoutingTableService.cpp:77] processRoute(): [LoRaMesher] Route packet from D110 with size 4
16:59:06.329 > [725916][I][RoutingTableService.cpp:99] resetReceiveSNRRoutePacket(): [LoRaMesher] Reset Receive SNR from D110: 12
16:59:06.340 > [725926][I][RoutingTableService.cpp:192] printRoutingTable(): [LoRaMesher] Current routing table:
16:59:06.348 > [725935][I][RoutingTableService.cpp:206] printRoutingTable(): [LoRaMesher] 0 - AFC0 via AFC0 metric 1 Role 0
16:59:06.359 > [725945][I][RoutingTableService.cpp:206] printRoutingTable(): [LoRaMesher] 1 - D110 via D110 metric 1 Role 1
16:59:06.368 > [725954][I][RoutingTableService.cpp:206] printRoutingTable(): [LoRaMesher] 2 - DE6C via AFC0 metric 2 Role 0
16:59:06.377 > [725964][I][RoutingTableService.cpp:206] printRoutingTable(): [LoRaMesher] 3 - B3F0 via AFC0 metric 3 Role 0
16:59:06.387 > [725974][I][PacketQueueService.h:80] deleteQueuePacketAndPacket(): [LoRaMesher] Deleting packet
16:59:06.395 > [725982][I][PacketQueueService.h:83] deleteQueuePacketAndPacket(): [LoRaMesher] Deleting packet queue
16:59:06.404 > [725991][V][LoraMesher.cpp:641] processPackets(): [LoRaMesher] Stack space unused after entering the task: 2040
16:59:06.415 > [726001][V][LoraMesher.cpp:642] processPackets(): [LoRaMesher] Free heap: 336472
16:59:07.212 > [726799][V][LoraMesher.cpp:378] receivingRoutine(): [LoRaMesher] Stack space unused after entering the task: 2040
16:59:07.223 > [726809][V][LoraMesher.cpp:379] receivingRoutine(): [LoRaMesher] Free heap: 336472
16:59:07.231 > [726817][I][PacketService.cpp:12] createEmptyPacket(): [LoRaMesher] Packet created with 24 bytes
16:59:07.239 > [726826][I][LoraMesher.cpp:392] receivingRoutine(): [LoRaMesher] Receiving LoRa packet: Size: 24 bytes RSSI: -59 SNR: 12
16:59:07.250 > [726837][V][LoraMesher.cpp:647] processPackets(): [LoRaMesher] Size of Received Packets Queue: 1
16:59:07.259 > [726845][V][LoraMesher.cpp:754] printHeaderPacket(): [LoRaMesher] Packet received -- Size: 24 Src: AFC0 Dst: FFFF Id: 6 Type: 4 Via: 0 Seq_Id: 0 Num: 0
16:59:07.273 > [726859][I][RoutingTableService.cpp:77] processRoute(): [LoRaMesher] Route packet from AFC0 with size 4
16:59:07.282 > [726868][I][RoutingTableService.cpp:99] resetReceiveSNRRoutePacket(): [LoRaMesher] Reset Receive SNR from AFC0: 12
16:59:07.291 > [726878][I][RoutingTableService.cpp:192] printRoutingTable(): [LoRaMesher] Current routing table:
16:59:07.300 > [726887][I][RoutingTableService.cpp:206] printRoutingTable(): [LoRaMesher] 0 - AFC0 via AFC0 metric 1 Role 0
16:59:07.310 > [726897][I][RoutingTableService.cpp:206] printRoutingTable(): [LoRaMesher] 1 - D110 via D110 metric 1 Role 1
16:59:07.319 > [726906][I][RoutingTableService.cpp:206] printRoutingTable(): [LoRaMesher] 2 - DE6C via AFC0 metric 2 Role 0
16:59:07.329 > [726916][I][RoutingTableService.cpp:206] printRoutingTable(): [LoRaMesher] 3 - B3F0 via AFC0 metric 3 Role 0
16:59:07.339 > [726926][I][PacketQueueService.h:80] deleteQueuePacketAndPacket(): [LoRaMesher] Deleting packet
16:59:07.347 > [726934][I][PacketQueueService.h:83] deleteQueuePacketAndPacket(): [LoRaMesher] Deleting packet queue
16:59:07.357 > [726943][V][LoraMesher.cpp:641] processPackets(): [LoRaMesher] Stack space unused after entering the task: 2040
16:59:07.367 > [726953][V][LoraMesher.cpp:642] processPackets(): [LoRaMesher] Free heap: 336472
16:59:08.058 > [727644][V][LoraMesher.cpp:378] receivingRoutine(): [LoRaMesher] Stack space unused after entering the task: 2040
16:59:08.068 > [727655][V][LoraMesher.cpp:379] receivingRoutine(): [LoRaMesher] Free heap: 336472
16:59:08.076 > [727662][I][PacketService.cpp:12] createEmptyPacket(): [LoRaMesher] Packet created with 24 bytes
16:59:08.084 > [727671][I][LoraMesher.cpp:392] receivingRoutine(): [LoRaMesher] Receiving LoRa packet: Size: 24 bytes RSSI: -15 SNR: 13
16:59:08.095 > [727682][V][LoraMesher.cpp:647] processPackets(): [LoRaMesher] Size of Received Packets Queue: 1
16:59:08.104 > [727691][I][PacketQueueService.h:80] deleteQueuePacketAndPacket(): [LoRaMesher] Deleting packet
16:59:08.112 > [727699][I][PacketQueueService.h:83] deleteQueuePacketAndPacket(): [LoRaMesher] Deleting packet queue
16:59:08.121 > [727708][V][LoraMesher.cpp:658] processPackets(): [LoRaMesher] TESTING: Packet not for me, deleting it
16:59:08.130 > [727717][V][LoraMesher.cpp:641] processPackets(): [LoRaMesher] Stack space unused after entering the task: 2040
16:59:08.140 > [727727][V][LoraMesher.cpp:642] processPackets(): [LoRaMesher] Free heap: 336472
16:59:08.767 > [728354][V][LoraMesher.cpp:598] sendHelloPacket(): [LoRaMesher] Creating Routing Packet
16:59:08.776 > [728362][V][LoraMesher.cpp:599] sendHelloPacket(): [LoRaMesher] Stack space unused after entering the task: 2332
16:59:08.786 > [728372][V][LoraMesher.cpp:600] sendHelloPacket(): [LoRaMesher] Free heap: 336472
16:59:08.793 > [728379][V][PacketFactory.h:45] createPacket(): [LoRaMesher] Creating packet with 24 bytes
16:59:08.801 > [728387][I][PacketFactory.h:74] createPacket(): [LoRaMesher] Packet created with 24 bytes
16:59:08.808 > [728395][I][LoraMesher.h:659] setPackedForSend(): [LoRaMesher] Adding packet to Q_SP
16:59:08.816 > [728403][I][LoraMesher.h:661] setPackedForSend(): [LoRaMesher] Created packet to Q_SP
16:59:08.823 > [728410][I][LoraMesher.cpp:1051] addToSendOrderedAndNotify(): [LoRaMesher] Added packet to Q_SP, notifying sender task
16:59:08.835 > [728421][V][LoraMesher.cpp:511] sendPackets(): [LoRaMesher] Stack space unused after entering the task: 2084
16:59:08.843 > [728430][V][LoraMesher.cpp:512] sendPackets(): [LoRaMesher] Free heap: 336360
16:59:08.850 > [728437][V][LoraMesher.cpp:518] sendPackets(): [LoRaMesher] Size of Send Packets Queue: 1
16:59:08.858 > [728445][V][LoraMesher.cpp:525] sendPackets(): [LoRaMesher] Send n. 24
16:59:08.866 > [728452][V][LoraMesher.cpp:455] waitBeforeSend(): [LoRaMesher] RandomDelay 894 ms
16:59:09.098 > [728685][V][LoraMesher.cpp:378] receivingRoutine(): [LoRaMesher] Stack space unused after entering the task: 2040
16:59:09.109 > [728695][V][LoraMesher.cpp:379] receivingRoutine(): [LoRaMesher] Free heap: 336400
16:59:09.117 > [728703][I][PacketService.cpp:12] createEmptyPacket(): [LoRaMesher] Packet created with 17 bytes
16:59:09.125 > [728712][I][LoraMesher.cpp:392] receivingRoutine(): [LoRaMesher] Receiving LoRa packet: Size: 17 bytes RSSI: -15 SNR: 12
16:59:09.136 > [728723][V][LoraMesher.cpp:647] processPackets(): [LoRaMesher] Size of Received Packets Queue: 1
16:59:09.144 > [728731][I][PacketQueueService.h:80] deleteQueuePacketAndPacket(): [LoRaMesher] Deleting packet
16:59:09.153 > [728740][I][PacketQueueService.h:83] deleteQueuePacketAndPacket(): [LoRaMesher] Deleting packet queue
16:59:09.162 > [728749][V][LoraMesher.cpp:658] processPackets(): [LoRaMesher] TESTING: Packet not for me, deleting it
16:59:09.171 > [728758][V][LoraMesher.cpp:641] processPackets(): [LoRaMesher] Stack space unused after entering the task: 2040
16:59:09.181 > [728768][V][LoraMesher.cpp:642] processPackets(): [LoRaMesher] Free heap: 336400
16:59:09.772 > [729359][V][LoraMesher.cpp:462] waitBeforeSend(): [LoRaMesher] Preamble detected while waiting 1
16:59:09.780 > [729367][V][LoraMesher.cpp:455] waitBeforeSend(): [LoRaMesher] RandomDelay 379 ms
16:59:10.166 > [729753][V][LoraMesher.cpp:754] printHeaderPacket(): [LoRaMesher] Packet send -- Size: 24 Src: F02C Dst: FFFF Id: 6 Type: 4 Via: 0 Seq_Id: 0 Num: 0
16:59:10.270 > [729857][V][LoraMesher.cpp:575] sendPackets(): [LoRaMesher] TimeOnAir 78 ms, next message in 0 ms
16:59:10.279 > [729866][I][PacketQueueService.h:80] deleteQueuePacketAndPacket(): [LoRaMesher] Deleting packet
16:59:10.287 > [729874][I][PacketQueueService.h:83] deleteQueuePacketAndPacket(): [LoRaMesher] Deleting packet queue
16:59:11.410 > [730997][V][LoraMesher.cpp:378] receivingRoutine(): [LoRaMesher] Stack space unused after entering the task: 2040
16:59:11.420 > [731007][V][LoraMesher.cpp:379] receivingRoutine(): [LoRaMesher] Free heap: 336472
16:59:11.428 > [731015][I][PacketService.cpp:12] createEmptyPacket(): [LoRaMesher] Packet created with 17 bytes
16:59:11.436 > [731024][I][LoraMesher.cpp:392] receivingRoutine(): [LoRaMesher] Receiving LoRa packet: Size: 17 bytes RSSI: -59 SNR: 12
16:59:11.448 > [731035][V][LoraMesher.cpp:647] processPackets(): [LoRaMesher] Size of Received Packets Queue: 1
16:59:11.456 > [731043][V][LoraMesher.cpp:754] printHeaderPacket(): [LoRaMesher] Packet received -- Size: 17 Src: B3F0 Dst: D110 Id: 43 Type: 2 Via: F02C Seq_Id: 0 Num: 0
16:59:11.470 > [731057][I][LoraMesher.cpp:854] processDataPacket(): [LoRaMesher] Data packet from B3F0, destination D110, via F02C
16:59:11.480 > [731067][V][LoraMesher.cpp:872] processDataPacket(): [LoRaMesher] Data Packet from B3F0 for D110. Via is me. Forwarding it
16:59:11.491 > [731078][I][LoraMesher.cpp:1051] addToSendOrderedAndNotify(): [LoRaMesher] Added packet to Q_SP, notifying sender task
16:59:11.502 > [731089][V][LoraMesher.cpp:511] sendPackets(): [LoRaMesher] Stack space unused after entering the task: 2084
16:59:11.511 > [731098][V][LoraMesher.cpp:512] sendPackets(): [LoRaMesher] Free heap: 336376
16:59:11.518 > [731105][V][LoraMesher.cpp:518] sendPackets(): [LoRaMesher] Size of Send Packets Queue: 1
16:59:11.526 > [731113][V][LoraMesher.cpp:525] sendPackets(): [LoRaMesher] Send n. 25
16:59:11.533 > [731120][V][LoraMesher.cpp:455] waitBeforeSend(): [LoRaMesher] RandomDelay 754 ms
16:59:11.540 > [731127][V][LoraMesher.cpp:641] processPackets(): [LoRaMesher] Stack space unused after entering the task: 2040
16:59:11.550 > [731137][V][LoraMesher.cpp:642] processPackets(): [LoRaMesher] Free heap: 336404
16:59:12.294 > [731881][V][LoraMesher.cpp:754] printHeaderPacket(): [LoRaMesher] Packet send -- Size: 17 Src: B3F0 Dst: D110 Id: 43 Type: 2 Via: D110 Seq_Id: 0 Num: 0
16:59:12.384 > [731971][V][LoraMesher.cpp:575] sendPackets(): [LoRaMesher] TimeOnAir 63 ms, next message in 0 ms
16:59:12.393 > [731980][I][PacketQueueService.h:80] deleteQueuePacketAndPacket(): [LoRaMesher] Deleting packet
16:59:12.401 > [731988][I][PacketQueueService.h:83] deleteQueuePacketAndPacket(): [LoRaMesher] Deleting packet queue
16:59:28.269 > [747856][V][LoraMesher.cpp:378] receivingRoutine(): [LoRaMesher] Stack space unused after entering the task: 2040
16:59:28.279 > [747866][V][LoraMesher.cpp:379] receivingRoutine(): [LoRaMesher] Free heap: 336472
16:59:28.287 > [747874][I][PacketService.cpp:12] createEmptyPacket(): [LoRaMesher] Packet created with 17 bytes
16:59:28.295 > [747883][I][LoraMesher.cpp:392] receivingRoutine(): [LoRaMesher] Receiving LoRa packet: Size: 17 bytes RSSI: -14 SNR: 14
16:59:28.307 > [747894][V][LoraMesher.cpp:647] processPackets(): [LoRaMesher] Size of Received Packets Queue: 1
16:59:28.315 > [747902][I][PacketQueueService.h:80] deleteQueuePacketAndPacket(): [LoRaMesher] Deleting packet
16:59:28.324 > [747911][I][PacketQueueService.h:83] deleteQueuePacketAndPacket(): [LoRaMesher] Deleting packet queue
16:59:28.333 > [747920][V][LoraMesher.cpp:658] processPackets(): [LoRaMesher] TESTING: Packet not for me, deleting it
16:59:28.342 > [747929][V][LoraMesher.cpp:641] processPackets(): [LoRaMesher] Stack space unused after entering the task: 2040
16:59:28.352 > [747939][V][LoraMesher.cpp:642] processPackets(): [LoRaMesher] Free heap: 336472
16:59:28.891 > [748479][V][LoraMesher.cpp:378] receivingRoutine(): [LoRaMesher] Stack space unused after entering the task: 2040
16:59:28.901 > [748489][V][LoraMesher.cpp:379] receivingRoutine(): [LoRaMesher] Free heap: 336472
16:59:28.909 > [748496][I][PacketService.cpp:12] createEmptyPacket(): [LoRaMesher] Packet created with 17 bytes
16:59:28.918 > [748505][I][LoraMesher.cpp:392] receivingRoutine(): [LoRaMesher] Receiving LoRa packet: Size: 17 bytes RSSI: -5 SNR: 13
16:59:28.929 > [748516][V][LoraMesher.cpp:647] processPackets(): [LoRaMesher] Size of Received Packets Queue: 1
16:59:28.937 > [748525][I][PacketQueueService.h:80] deleteQueuePacketAndPacket(): [LoRaMesher] Deleting packet
16:59:28.946 > [748533][I][PacketQueueService.h:83] deleteQueuePacketAndPacket(): [LoRaMesher] Deleting packet queue
16:59:28.955 > [748542][V][LoraMesher.cpp:658] processPackets(): [LoRaMesher] TESTING: Packet not for me, deleting it
16:59:28.964 > [748551][V][LoraMesher.cpp:641] processPackets(): [LoRaMesher] Stack space unused after entering the task: 2040
16:59:28.974 > [748561][V][LoraMesher.cpp:642] processPackets(): [LoRaMesher] Free heap: 336472
16:59:29.608 > [749195][V][LoraMesher.cpp:378] receivingRoutine(): [LoRaMesher] Stack space unused after entering the task: 2040
16:59:29.618 > [749205][V][LoraMesher.cpp:379] receivingRoutine(): [LoRaMesher] Free heap: 336472
16:59:29.625 > [749213][I][PacketService.cpp:12] createEmptyPacket(): [LoRaMesher] Packet created with 17 bytes
16:59:29.634 > [749222][I][LoraMesher.cpp:392] receivingRoutine(): [LoRaMesher] Receiving LoRa packet: Size: 17 bytes RSSI: -57 SNR: 12
16:59:29.645 > [749233][V][LoraMesher.cpp:647] processPackets(): [LoRaMesher] Size of Received Packets Queue: 1
16:59:29.654 > [749241][V][LoraMesher.cpp:754] printHeaderPacket(): [LoRaMesher] Packet received -- Size: 17 Src: B3F0 Dst: D110 Id: 44 Type: 2 Via: F02C Seq_Id: 0 Num: 0
16:59:29.668 > [749255][I][LoraMesher.cpp:854] processDataPacket(): [LoRaMesher] Data packet from B3F0, destination D110, via F02C
16:59:29.678 > [749265][V][LoraMesher.cpp:872] processDataPacket(): [LoRaMesher] Data Packet from B3F0 for D110. Via is me. Forwarding it
16:59:29.689 > [749276][I][LoraMesher.cpp:1051] addToSendOrderedAndNotify(): [LoRaMesher] Added packet to Q_SP, notifying sender task
16:59:29.699 > [749287][V][LoraMesher.cpp:511] sendPackets(): [LoRaMesher] Stack space unused after entering the task: 2084
16:59:29.709 > [749296][V][LoraMesher.cpp:512] sendPackets(): [LoRaMesher] Free heap: 336376
16:59:29.716 > [749303][V][LoraMesher.cpp:518] sendPackets(): [LoRaMesher] Size of Send Packets Queue: 1
16:59:29.724 > [749311][V][LoraMesher.cpp:525] sendPackets(): [LoRaMesher] Send n. 26
16:59:29.730 > [749318][V][LoraMesher.cpp:455] waitBeforeSend(): [LoRaMesher] RandomDelay 433 ms
16:59:29.738 > [749325][V][LoraMesher.cpp:641] processPackets(): [LoRaMesher] Stack space unused after entering the task: 2040
16:59:29.748 > [749335][V][LoraMesher.cpp:642] processPackets(): [LoRaMesher] Free heap: 336404
16:59:30.170 > [749758][V][LoraMesher.cpp:754] printHeaderPacket(): [LoRaMesher] Packet send -- Size: 17 Src: B3F0 Dst: D110 Id: 44 Type: 2 Via: D110 Seq_Id: 0 Num: 0
16:59:30.260 > [749848][V][LoraMesher.cpp:575] sendPackets(): [LoRaMesher] TimeOnAir 63 ms, next message in 0 ms
16:59:30.269 > [749857][I][PacketQueueService.h:80] deleteQueuePacketAndPacket(): [LoRaMesher] Deleting packet
16:59:30.278 > [749865][I][PacketQueueService.h:83] deleteQueuePacketAndPacket(): [LoRaMesher] Deleting packet queue
16:59:48.179 > [767767][V][LoraMesher.cpp:378] receivingRoutine(): [LoRaMesher] Stack space unused after entering the task: 2040
16:59:48.190 > [767777][V][LoraMesher.cpp:379] receivingRoutine(): [LoRaMesher] Free heap: 336472
16:59:48.197 > [767785][I][PacketService.cpp:12] createEmptyPacket(): [LoRaMesher] Packet created with 17 bytes
16:59:48.206 > [767794][I][LoraMesher.cpp:392] receivingRoutine(): [LoRaMesher] Receiving LoRa packet: Size: 17 bytes RSSI: -15 SNR: 12
16:59:48.217 > [767805][V][LoraMesher.cpp:647] processPackets(): [LoRaMesher] Size of Received Packets Queue: 1
16:59:48.226 > [767813][I][PacketQueueService.h:80] deleteQueuePacketAndPacket(): [LoRaMesher] Deleting packet
16:59:48.234 > [767822][I][PacketQueueService.h:83] deleteQueuePacketAndPacket(): [LoRaMesher] Deleting packet queue
16:59:48.243 > [767831][V][LoraMesher.cpp:658] processPackets(): [LoRaMesher] TESTING: Packet not for me, deleting it
16:59:48.252 > [767840][V][LoraMesher.cpp:641] processPackets(): [LoRaMesher] Stack space unused after entering the task: 2040
16:59:48.262 > [767850][V][LoraMesher.cpp:642] processPackets(): [LoRaMesher] Free heap: 336472
16:59:49.130 > [768718][V][LoraMesher.cpp:378] receivingRoutine(): [LoRaMesher] Stack space unused after entering the task: 2040
16:59:49.141 > [768728][V][LoraMesher.cpp:379] receivingRoutine(): [LoRaMesher] Free heap: 336472
16:59:49.148 > [768736][I][PacketService.cpp:12] createEmptyPacket(): [LoRaMesher] Packet created with 17 bytes
16:59:49.157 > [768745][I][LoraMesher.cpp:392] receivingRoutine(): [LoRaMesher] Receiving LoRa packet: Size: 17 bytes RSSI: -5 SNR: 12
16:59:49.168 > [768756][V][LoraMesher.cpp:647] processPackets(): [LoRaMesher] Size of Received Packets Queue: 1
16:59:49.177 > [768764][I][PacketQueueService.h:80] deleteQueuePacketAndPacket(): [LoRaMesher] Deleting packet
16:59:49.185 > [768773][I][PacketQueueService.h:83] deleteQueuePacketAndPacket(): [LoRaMesher] Deleting packet queue
16:59:49.194 > [768782][V][LoraMesher.cpp:658] processPackets(): [LoRaMesher] TESTING: Packet not for me, deleting it
16:59:49.203 > [768791][V][LoraMesher.cpp:641] processPackets(): [LoRaMesher] Stack space unused after entering the task: 2040
16:59:49.213 > [768801][V][LoraMesher.cpp:642] processPackets(): [LoRaMesher] Free heap: 336472
16:59:49.865 > [769453][V][LoraMesher.cpp:378] receivingRoutine(): [LoRaMesher] Stack space unused after entering the task: 2040
16:59:49.875 > [769463][V][LoraMesher.cpp:379] receivingRoutine(): [LoRaMesher] Free heap: 336472
16:59:49.883 > [769471][I][PacketService.cpp:12] createEmptyPacket(): [LoRaMesher] Packet created with 17 bytes
16:59:49.892 > [769479][I][LoraMesher.cpp:392] receivingRoutine(): [LoRaMesher] Receiving LoRa packet: Size: 17 bytes RSSI: -58 SNR: 12
16:59:49.903 > [769491][V][LoraMesher.cpp:647] processPackets(): [LoRaMesher] Size of Received Packets Queue: 1
16:59:49.912 > [769499][V][LoraMesher.cpp:754] printHeaderPacket(): [LoRaMesher] Packet received -- Size: 17 Src: B3F0 Dst: D110 Id: 45 Type: 2 Via: F02C Seq_Id: 0 Num: 0
16:59:49.925 > [769513][I][LoraMesher.cpp:854] processDataPacket(): [LoRaMesher] Data packet from B3F0, destination D110, via F02C
16:59:49.936 > [769523][V][LoraMesher.cpp:872] processDataPacket(): [LoRaMesher] Data Packet from B3F0 for D110. Via is me. Forwarding it
16:59:49.946 > [769534][I][LoraMesher.cpp:1051] addToSendOrderedAndNotify(): [LoRaMesher] Added packet to Q_SP, notifying sender task
16:59:49.957 > [769545][V][LoraMesher.cpp:511] sendPackets(): [LoRaMesher] Stack space unused after entering the task: 2084
16:59:49.967 > [769554][V][LoraMesher.cpp:512] sendPackets(): [LoRaMesher] Free heap: 336376
16:59:49.974 > [769561][V][LoraMesher.cpp:518] sendPackets(): [LoRaMesher] Size of Send Packets Queue: 1
16:59:49.982 > [769569][V][LoraMesher.cpp:525] sendPackets(): [LoRaMesher] Send n. 27
16:59:49.988 > [769576][V][LoraMesher.cpp:455] waitBeforeSend(): [LoRaMesher] RandomDelay 274 ms
16:59:49.995 > [769583][V][LoraMesher.cpp:641] processPackets(): [LoRaMesher] Stack space unused after entering the task: 2040
16:59:50.005 > [769593][V][LoraMesher.cpp:642] processPackets(): [LoRaMesher] Free heap: 336404
16:59:50.269 > [769857][V][LoraMesher.cpp:754] printHeaderPacket(): [LoRaMesher] Packet send -- Size: 17 Src: B3F0 Dst: D110 Id: 45 Type: 2 Via: D110 Seq_Id: 0 Num: 0
16:59:50.359 > [769947][V][LoraMesher.cpp:575] sendPackets(): [LoRaMesher] TimeOnAir 63 ms, next message in 0 ms
16:59:50.368 > [769956][I][PacketQueueService.h:80] deleteQueuePacketAndPacket(): [LoRaMesher] Deleting packet
16:59:50.376 > [769964][I][PacketQueueService.h:83] deleteQueuePacketAndPacket(): [LoRaMesher] Deleting packet queue
17:00:08.896 > [788485][V][LoraMesher.cpp:378] receivingRoutine(): [LoRaMesher] Stack space unused after entering the task: 2040
17:00:08.907 > [788495][V][LoraMesher.cpp:379] receivingRoutine(): [LoRaMesher] Free heap: 336472
17:00:08.915 > [788503][I][PacketService.cpp:12] createEmptyPacket(): [LoRaMesher] Packet created with 17 bytes
17:00:08.923 > [788512][I][LoraMesher.cpp:392] receivingRoutine(): [LoRaMesher] Receiving LoRa packet: Size: 17 bytes RSSI: -16 SNR: 13
17:00:08.935 > [788523][V][LoraMesher.cpp:647] processPackets(): [LoRaMesher] Size of Received Packets Queue: 1
17:00:08.943 > [788531][I][PacketQueueService.h:80] deleteQueuePacketAndPacket(): [LoRaMesher] Deleting packet
17:00:08.952 > [788540][I][PacketQueueService.h:83] deleteQueuePacketAndPacket(): [LoRaMesher] Deleting packet queue
17:00:08.961 > [788549][V][LoraMesher.cpp:658] processPackets(): [LoRaMesher] TESTING: Packet not for me, deleting it
17:00:08.970 > [788558][V][LoraMesher.cpp:641] processPackets(): [LoRaMesher] Stack space unused after entering the task: 2040
17:00:08.980 > [788568][V][LoraMesher.cpp:642] processPackets(): [LoRaMesher] Free heap: 336472
17:00:09.800 > [789389][V][LoraMesher.cpp:378] receivingRoutine(): [LoRaMesher] Stack space unused after entering the task: 2040
17:00:09.811 > [789399][V][LoraMesher.cpp:379] receivingRoutine(): [LoRaMesher] Free heap: 336472
17:00:09.818 > [789406][I][PacketService.cpp:12] createEmptyPacket(): [LoRaMesher] Packet created with 17 bytes
17:00:09.827 > [789415][I][LoraMesher.cpp:392] receivingRoutine(): [LoRaMesher] Receiving LoRa packet: Size: 17 bytes RSSI: -5 SNR: 13
17:00:09.838 > [789426][V][LoraMesher.cpp:647] processPackets(): [LoRaMesher] Size of Received Packets Queue: 1
17:00:09.847 > [789435][I][PacketQueueService.h:80] deleteQueuePacketAndPacket(): [LoRaMesher] Deleting packet
17:00:09.855 > [789443][I][PacketQueueService.h:83] deleteQueuePacketAndPacket(): [LoRaMesher] Deleting packet queue
17:00:09.864 > [789452][V][LoraMesher.cpp:658] processPackets(): [LoRaMesher] TESTING: Packet not for me, deleting it
17:00:09.873 > [789461][V][LoraMesher.cpp:641] processPackets(): [LoRaMesher] Stack space unused after entering the task: 2040
17:00:09.883 > [789471][V][LoraMesher.cpp:642] processPackets(): [LoRaMesher] Free heap: 336472
17:00:10.275 > [789864][V][LoraMesher.cpp:378] receivingRoutine(): [LoRaMesher] Stack space unused after entering the task: 2040
17:00:10.286 > [789874][V][LoraMesher.cpp:379] receivingRoutine(): [LoRaMesher] Free heap: 336472
17:00:10.294 > [789882][I][PacketService.cpp:12] createEmptyPacket(): [LoRaMesher] Packet created with 17 bytes
17:00:10.302 > [789890][I][LoraMesher.cpp:392] receivingRoutine(): [LoRaMesher] Receiving LoRa packet: Size: 17 bytes RSSI: -58 SNR: 11
17:00:10.313 > [789902][V][LoraMesher.cpp:647] processPackets(): [LoRaMesher] Size of Received Packets Queue: 1
17:00:10.322 > [789910][V][LoraMesher.cpp:754] printHeaderPacket(): [LoRaMesher] Packet received -- Size: 17 Src: B3F0 Dst: D110 Id: 46 Type: 2 Via: F02C Seq_Id: 0 Num: 0
17:00:10.336 > [789924][I][LoraMesher.cpp:854] processDataPacket(): [LoRaMesher] Data packet from B3F0, destination D110, via F02C
17:00:10.346 > [789934][V][LoraMesher.cpp:872] processDataPacket(): [LoRaMesher] Data Packet from B3F0 for D110. Via is me. Forwarding it
17:00:10.357 > [789945][I][LoraMesher.cpp:1051] addToSendOrderedAndNotify(): [LoRaMesher] Added packet to Q_SP, notifying sender task
17:00:10.368 > [789956][V][LoraMesher.cpp:511] sendPackets(): [LoRaMesher] Stack space unused after entering the task: 2084
17:00:10.377 > [789965][V][LoraMesher.cpp:512] sendPackets(): [LoRaMesher] Free heap: 336376
17:00:10.384 > [789972][V][LoraMesher.cpp:518] sendPackets(): [LoRaMesher] Size of Send Packets Queue: 1
17:00:10.392 > [789980][V][LoraMesher.cpp:525] sendPackets(): [LoRaMesher] Send n. 28
17:00:10.398 > [789987][V][LoraMesher.cpp:455] waitBeforeSend(): [LoRaMesher] RandomDelay 515 ms
17:00:10.406 > [789994][V][LoraMesher.cpp:641] processPackets(): [LoRaMesher] Stack space unused after entering the task: 2040
17:00:10.416 > [790004][V][LoraMesher.cpp:642] processPackets(): [LoRaMesher] Free heap: 336404
17:00:10.919 > [790508][V][LoraMesher.cpp:754] printHeaderPacket(): [LoRaMesher] Packet send -- Size: 17 Src: B3F0 Dst: D110 Id: 46 Type: 2 Via: D110 Seq_Id: 0 Num: 0
17:00:11.009 > [790598][V][LoraMesher.cpp:575] sendPackets(): [LoRaMesher] TimeOnAir 63 ms, next message in 0 ms
17:00:11.019 > [790607][I][PacketQueueService.h:80] deleteQueuePacketAndPacket(): [LoRaMesher] Deleting packet
17:00:11.027 > [790615][I][PacketQueueService.h:83] deleteQueuePacketAndPacket(): [LoRaMesher] Deleting packet queue
17:00:28.791 > [808380][V][LoraMesher.cpp:378] receivingRoutine(): [LoRaMesher] Stack space unused after entering the task: 2040
17:00:28.802 > [808390][V][LoraMesher.cpp:379] receivingRoutine(): [LoRaMesher] Free heap: 336472
17:00:28.809 > [808398][I][PacketService.cpp:12] createEmptyPacket(): [LoRaMesher] Packet created with 17 bytes
17:00:28.817 > [808407][I][LoraMesher.cpp:392] receivingRoutine(): [LoRaMesher] Receiving LoRa packet: Size: 17 bytes RSSI: -14 SNR: 13
17:00:28.829 > [808418][V][LoraMesher.cpp:647] processPackets(): [LoRaMesher] Size of Received Packets Queue: 1
17:00:28.837 > [808426][I][PacketQueueService.h:80] deleteQueuePacketAndPacket(): [LoRaMesher] Deleting packet
17:00:28.845 > [808435][I][PacketQueueService.h:83] deleteQueuePacketAndPacket(): [LoRaMesher] Deleting packet queue
17:00:28.854 > [808444][V][LoraMesher.cpp:658] processPackets(): [LoRaMesher] TESTING: Packet not for me, deleting it
17:00:28.864 > [808453][V][LoraMesher.cpp:641] processPackets(): [LoRaMesher] Stack space unused after entering the task: 2040
17:00:28.873 > [808463][V][LoraMesher.cpp:642] processPackets(): [LoRaMesher] Free heap: 336472
17:00:29.571 > [809160][V][LoraMesher.cpp:378] receivingRoutine(): [LoRaMesher] Stack space unused after entering the task: 2040
17:00:29.582 > [809170][V][LoraMesher.cpp:379] receivingRoutine(): [LoRaMesher] Free heap: 336472
17:00:29.589 > [809178][I][PacketService.cpp:12] createEmptyPacket(): [LoRaMesher] Packet created with 17 bytes
17:00:29.597 > [809187][I][LoraMesher.cpp:392] receivingRoutine(): [LoRaMesher] Receiving LoRa packet: Size: 17 bytes RSSI: -5 SNR: 13
17:00:29.608 > [809198][V][LoraMesher.cpp:647] processPackets(): [LoRaMesher] Size of Received Packets Queue: 1
17:00:29.617 > [809206][I][PacketQueueService.h:80] deleteQueuePacketAndPacket(): [LoRaMesher] Deleting packet
17:00:29.626 > [809215][I][PacketQueueService.h:83] deleteQueuePacketAndPacket(): [LoRaMesher] Deleting packet queue
17:00:29.634 > [809224][V][LoraMesher.cpp:658] processPackets(): [LoRaMesher] TESTING: Packet not for me, deleting it
17:00:29.644 > [809233][V][LoraMesher.cpp:641] processPackets(): [LoRaMesher] Stack space unused after entering the task: 2040
17:00:29.653 > [809243][V][LoraMesher.cpp:642] processPackets(): [LoRaMesher] Free heap: 336472
17:00:30.589 > [810178][V][LoraMesher.cpp:378] receivingRoutine(): [LoRaMesher] Stack space unused after entering the task: 2040
17:00:30.599 > [810188][V][LoraMesher.cpp:379] receivingRoutine(): [LoRaMesher] Free heap: 336472
17:00:30.606 > [810196][I][PacketService.cpp:12] createEmptyPacket(): [LoRaMesher] Packet created with 17 bytes
17:00:30.615 > [810204][I][LoraMesher.cpp:392] receivingRoutine(): [LoRaMesher] Receiving LoRa packet: Size: 17 bytes RSSI: -58 SNR: 12
17:00:30.626 > [810215][V][LoraMesher.cpp:647] processPackets(): [LoRaMesher] Size of Received Packets Queue: 1
17:00:30.635 > [810224][V][LoraMesher.cpp:754] printHeaderPacket(): [LoRaMesher] Packet received -- Size: 17 Src: B3F0 Dst: D110 Id: 47 Type: 2 Via: F02C Seq_Id: 0 Num: 0
17:00:30.648 > [810238][I][LoraMesher.cpp:854] processDataPacket(): [LoRaMesher] Data packet from B3F0, destination D110, via F02C
17:00:30.660 > [810248][V][LoraMesher.cpp:872] processDataPacket(): [LoRaMesher] Data Packet from B3F0 for D110. Via is me. Forwarding it
17:00:30.670 > [810259][I][LoraMesher.cpp:1051] addToSendOrderedAndNotify(): [LoRaMesher] Added packet to Q_SP, notifying sender task
17:00:30.680 > [810270][V][LoraMesher.cpp:511] sendPackets(): [LoRaMesher] Stack space unused after entering the task: 2084
17:00:30.690 > [810279][V][LoraMesher.cpp:512] sendPackets(): [LoRaMesher] Free heap: 336376
17:00:30.697 > [810286][V][LoraMesher.cpp:518] sendPackets(): [LoRaMesher] Size of Send Packets Queue: 1
17:00:30.705 > [810294][V][LoraMesher.cpp:525] sendPackets(): [LoRaMesher] Send n. 29
17:00:30.711 > [810300][V][LoraMesher.cpp:455] waitBeforeSend(): [LoRaMesher] RandomDelay 592 ms
17:00:30.718 > [810308][V][LoraMesher.cpp:641] processPackets(): [LoRaMesher] Stack space unused after entering the task: 2040
17:00:30.728 > [810318][V][LoraMesher.cpp:642] processPackets(): [LoRaMesher] Free heap: 336404
17:00:31.309 > [810899][V][LoraMesher.cpp:754] printHeaderPacket(): [LoRaMesher] Packet send -- Size: 17 Src: B3F0 Dst: D110 Id: 47 Type: 2 Via: D110 Seq_Id: 0 Num: 0
17:00:31.399 > [810989][V][LoraMesher.cpp:575] sendPackets(): [LoRaMesher] TimeOnAir 63 ms, next message in 0 ms
17:00:31.408 > [810998][I][PacketQueueService.h:80] deleteQueuePacketAndPacket(): [LoRaMesher] Deleting packet
17:00:31.417 > [811006][I][PacketQueueService.h:83] deleteQueuePacketAndPacket(): [LoRaMesher] Deleting packet queue
17:00:48.536 > [828126][V][LoraMesher.cpp:378] receivingRoutine(): [LoRaMesher] Stack space unused after entering the task: 2040
17:00:48.546 > [828136][V][LoraMesher.cpp:379] receivingRoutine(): [LoRaMesher] Free heap: 336472
17:00:48.554 > [828144][I][PacketService.cpp:12] createEmptyPacket(): [LoRaMesher] Packet created with 17 bytes
17:00:48.563 > [828152][I][LoraMesher.cpp:392] receivingRoutine(): [LoRaMesher] Receiving LoRa packet: Size: 17 bytes RSSI: -16 SNR: 13
17:00:48.574 > [828164][V][LoraMesher.cpp:647] processPackets(): [LoRaMesher] Size of Received Packets Queue: 1
17:00:48.582 > [828172][I][PacketQueueService.h:80] deleteQueuePacketAndPacket(): [LoRaMesher] Deleting packet
17:00:48.591 > [828181][I][PacketQueueService.h:83] deleteQueuePacketAndPacket(): [LoRaMesher] Deleting packet queue
17:00:48.600 > [828190][V][LoraMesher.cpp:658] processPackets(): [LoRaMesher] TESTING: Packet not for me, deleting it
17:00:48.609 > [828199][V][LoraMesher.cpp:641] processPackets(): [LoRaMesher] Stack space unused after entering the task: 2040
17:00:48.619 > [828209][V][LoraMesher.cpp:642] processPackets(): [LoRaMesher] Free heap: 336472
17:00:49.389 > [828979][V][LoraMesher.cpp:378] receivingRoutine(): [LoRaMesher] Stack space unused after entering the task: 2040
17:00:49.399 > [828989][V][LoraMesher.cpp:379] receivingRoutine(): [LoRaMesher] Free heap: 336472
17:00:49.407 > [828996][I][PacketService.cpp:12] createEmptyPacket(): [LoRaMesher] Packet created with 17 bytes
17:00:49.415 > [829005][I][LoraMesher.cpp:392] receivingRoutine(): [LoRaMesher] Receiving LoRa packet: Size: 17 bytes RSSI: -5 SNR: 13
17:00:49.426 > [829016][V][LoraMesher.cpp:647] processPackets(): [LoRaMesher] Size of Received Packets Queue: 1
17:00:49.435 > [829025][I][PacketQueueService.h:80] deleteQueuePacketAndPacket(): [LoRaMesher] Deleting packet
17:00:49.444 > [829033][I][PacketQueueService.h:83] deleteQueuePacketAndPacket(): [LoRaMesher] Deleting packet queue
17:00:49.453 > [829042][V][LoraMesher.cpp:658] processPackets(): [LoRaMesher] TESTING: Packet not for me, deleting it
17:00:49.462 > [829051][V][LoraMesher.cpp:641] processPackets(): [LoRaMesher] Stack space unused after entering the task: 2040
17:00:49.472 > [829061][V][LoraMesher.cpp:642] processPackets(): [LoRaMesher] Free heap: 336472
17:00:50.256 > [829846][V][LoraMesher.cpp:378] receivingRoutine(): [LoRaMesher] Stack space unused after entering the task: 2040
17:00:50.266 > [829856][V][LoraMesher.cpp:379] receivingRoutine(): [LoRaMesher] Free heap: 336472
17:00:50.274 > [829864][I][PacketService.cpp:12] createEmptyPacket(): [LoRaMesher] Packet created with 17 bytes
17:00:50.282 > [829872][I][LoraMesher.cpp:392] receivingRoutine(): [LoRaMesher] Receiving LoRa packet: Size: 17 bytes RSSI: -58 SNR: 11
17:00:50.294 > [829883][V][LoraMesher.cpp:647] processPackets(): [LoRaMesher] Size of Received Packets Queue: 1
17:00:50.302 > [829892][V][LoraMesher.cpp:754] printHeaderPacket(): [LoRaMesher] Packet received -- Size: 17 Src: B3F0 Dst: D110 Id: 48 Type: 2 Via: F02C Seq_Id: 0 Num: 0
17:00:50.316 > [829906][I][LoraMesher.cpp:854] processDataPacket(): [LoRaMesher] Data packet from B3F0, destination D110, via F02C
17:00:50.326 > [829916][V][LoraMesher.cpp:872] processDataPacket(): [LoRaMesher] Data Packet from B3F0 for D110. Via is me. Forwarding it
17:00:50.337 > [829927][I][LoraMesher.cpp:1051] addToSendOrderedAndNotify(): [LoRaMesher] Added packet to Q_SP, notifying sender task
17:00:50.348 > [829937][V][LoraMesher.cpp:511] sendPackets(): [LoRaMesher] Stack space unused after entering the task: 2084
17:00:50.357 > [829947][V][LoraMesher.cpp:512] sendPackets(): [LoRaMesher] Free heap: 336376
17:00:50.364 > [829954][V][LoraMesher.cpp:518] sendPackets(): [LoRaMesher] Size of Send Packets Queue: 1
17:00:50.372 > [829962][V][LoraMesher.cpp:525] sendPackets(): [LoRaMesher] Send n. 30
17:00:50.379 > [829968][V][LoraMesher.cpp:455] waitBeforeSend(): [LoRaMesher] RandomDelay 939 ms
17:00:50.386 > [829976][V][LoraMesher.cpp:641] processPackets(): [LoRaMesher] Stack space unused after entering the task: 2040
17:00:50.396 > [829986][V][LoraMesher.cpp:642] processPackets(): [LoRaMesher] Free heap: 336404
17:00:51.324 > [830914][V][LoraMesher.cpp:754] printHeaderPacket(): [LoRaMesher] Packet send -- Size: 17 Src: B3F0 Dst: D110 Id: 48 Type: 2 Via: D110 Seq_Id: 0 Num: 0
17:00:51.414 > [831004][V][LoraMesher.cpp:575] sendPackets(): [LoRaMesher] TimeOnAir 63 ms, next message in 0 ms
17:00:51.423 > [831013][I][PacketQueueService.h:80] deleteQueuePacketAndPacket(): [LoRaMesher] Deleting packet
17:00:51.431 > [831021][I][PacketQueueService.h:83] deleteQueuePacketAndPacket(): [LoRaMesher] Deleting packet queue
17:01:05.930 > [845520][V][LoraMesher.cpp:378] receivingRoutine(): [LoRaMesher] Stack space unused after entering the task: 2040
17:01:05.940 > [845530][V][LoraMesher.cpp:379] receivingRoutine(): [LoRaMesher] Free heap: 336472
17:01:05.948 > [845538][I][PacketService.cpp:12] createEmptyPacket(): [LoRaMesher] Packet created with 24 bytes
17:01:05.957 > [845547][I][LoraMesher.cpp:392] receivingRoutine(): [LoRaMesher] Receiving LoRa packet: Size: 24 bytes RSSI: -5 SNR: 13
17:01:05.968 > [845558][V][LoraMesher.cpp:647] processPackets(): [LoRaMesher] Size of Received Packets Queue: 1
17:01:05.976 > [845567][I][PacketQueueService.h:80] deleteQueuePacketAndPacket(): [LoRaMesher] Deleting packet
17:01:05.985 > [845575][I][PacketQueueService.h:83] deleteQueuePacketAndPacket(): [LoRaMesher] Deleting packet queue
17:01:05.994 > [845584][V][LoraMesher.cpp:658] processPackets(): [LoRaMesher] TESTING: Packet not for me, deleting it
17:01:06.003 > [845593][V][LoraMesher.cpp:641] processPackets(): [LoRaMesher] Stack space unused after entering the task: 2040
17:01:06.013 > [845603][V][LoraMesher.cpp:642] processPackets(): [LoRaMesher] Free heap: 336472
17:01:06.745 > [846335][V][LoraMesher.cpp:378] receivingRoutine(): [LoRaMesher] Stack space unused after entering the task: 2040
17:01:06.755 > [846345][V][LoraMesher.cpp:379] receivingRoutine(): [LoRaMesher] Free heap: 336472
17:01:06.762 > [846352][I][PacketService.cpp:12] createEmptyPacket(): [LoRaMesher] Packet created with 24 bytes
17:01:06.771 > [846361][I][LoraMesher.cpp:392] receivingRoutine(): [LoRaMesher] Receiving LoRa packet: Size: 24 bytes RSSI: -58 SNR: 11
17:01:06.782 > [846372][V][LoraMesher.cpp:647] processPackets(): [LoRaMesher] Size of Received Packets Queue: 1
17:01:06.791 > [846381][V][LoraMesher.cpp:754] printHeaderPacket(): [LoRaMesher] Packet received -- Size: 24 Src: AFC0 Dst: FFFF Id: 8 Type: 4 Via: 0 Seq_Id: 0 Num: 0
17:01:06.804 > [846394][I][RoutingTableService.cpp:77] processRoute(): [LoRaMesher] Route packet from AFC0 with size 4
17:01:06.814 > [846404][I][RoutingTableService.cpp:99] resetReceiveSNRRoutePacket(): [LoRaMesher] Reset Receive SNR from AFC0: 11
17:01:06.824 > [846414][I][RoutingTableService.cpp:192] printRoutingTable(): [LoRaMesher] Current routing table:
17:01:06.832 > [846423][I][RoutingTableService.cpp:206] printRoutingTable(): [LoRaMesher] 0 - AFC0 via AFC0 metric 1 Role 0
17:01:06.842 > [846432][I][RoutingTableService.cpp:206] printRoutingTable(): [LoRaMesher] 1 - D110 via D110 metric 1 Role 1
17:01:06.852 > [846442][I][RoutingTableService.cpp:206] printRoutingTable(): [LoRaMesher] 2 - DE6C via AFC0 metric 2 Role 0
17:01:06.861 > [846451][I][RoutingTableService.cpp:206] printRoutingTable(): [LoRaMesher] 3 - B3F0 via AFC0 metric 3 Role 0
17:01:06.871 > [846461][I][PacketQueueService.h:80] deleteQueuePacketAndPacket(): [LoRaMesher] Deleting packet
17:01:06.879 > [846470][I][PacketQueueService.h:83] deleteQueuePacketAndPacket(): [LoRaMesher] Deleting packet queue
17:01:06.889 > [846479][V][LoraMesher.cpp:641] processPackets(): [LoRaMesher] Stack space unused after entering the task: 2040
17:01:06.898 > [846489][V][LoraMesher.cpp:642] processPackets(): [LoRaMesher] Free heap: 336472
17:01:07.812 > [847403][V][LoraMesher.cpp:378] receivingRoutine(): [LoRaMesher] Stack space unused after entering the task: 2040
17:01:07.823 > [847413][V][LoraMesher.cpp:379] receivingRoutine(): [LoRaMesher] Free heap: 336472
17:01:07.830 > [847420][I][PacketService.cpp:12] createEmptyPacket(): [LoRaMesher] Packet created with 24 bytes
17:01:07.839 > [847429][I][LoraMesher.cpp:392] receivingRoutine(): [LoRaMesher] Receiving LoRa packet: Size: 24 bytes RSSI: -3 SNR: 13
17:01:07.850 > [847440][V][LoraMesher.cpp:647] processPackets(): [LoRaMesher] Size of Received Packets Queue: 1
17:01:07.859 > [847449][V][LoraMesher.cpp:754] printHeaderPacket(): [LoRaMesher] Packet received -- Size: 24 Src: D110 Dst: FFFF Id: 8 Type: 4 Via: 0 Seq_Id: 0 Num: 0
17:01:07.872 > [847462][I][RoutingTableService.cpp:77] processRoute(): [LoRaMesher] Route packet from D110 with size 4
17:01:07.881 > [847471][I][RoutingTableService.cpp:99] resetReceiveSNRRoutePacket(): [LoRaMesher] Reset Receive SNR from D110: 13
17:01:07.891 > [847482][I][RoutingTableService.cpp:192] printRoutingTable(): [LoRaMesher] Current routing table:
17:01:07.900 > [847490][I][RoutingTableService.cpp:206] printRoutingTable(): [LoRaMesher] 0 - AFC0 via AFC0 metric 1 Role 0
17:01:07.910 > [847500][I][RoutingTableService.cpp:206] printRoutingTable(): [LoRaMesher] 1 - D110 via D110 metric 1 Role 1
17:01:07.919 > [847510][I][RoutingTableService.cpp:206] printRoutingTable(): [LoRaMesher] 2 - DE6C via AFC0 metric 2 Role 0
17:01:07.929 > [847519][I][RoutingTableService.cpp:206] printRoutingTable(): [LoRaMesher] 3 - B3F0 via AFC0 metric 3 Role 0
17:01:07.939 > [847529][I][PacketQueueService.h:80] deleteQueuePacketAndPacket(): [LoRaMesher] Deleting packet
17:01:07.947 > [847537][I][PacketQueueService.h:83] deleteQueuePacketAndPacket(): [LoRaMesher] Deleting packet queue
17:01:07.956 > [847546][V][LoraMesher.cpp:641] processPackets(): [LoRaMesher] Stack space unused after entering the task: 2040
17:01:07.966 > [847556][V][LoraMesher.cpp:642] processPackets(): [LoRaMesher] Free heap: 336472
17:01:08.830 > [848421][V][LoraMesher.cpp:598] sendHelloPacket(): [LoRaMesher] Creating Routing Packet
17:01:08.839 > [848429][V][LoraMesher.cpp:599] sendHelloPacket(): [LoRaMesher] Stack space unused after entering the task: 2332
17:01:08.849 > [848439][V][LoraMesher.cpp:600] sendHelloPacket(): [LoRaMesher] Free heap: 336472
17:01:08.856 > [848446][V][PacketFactory.h:45] createPacket(): [LoRaMesher] Creating packet with 24 bytes
17:01:08.864 > [848454][I][PacketFactory.h:74] createPacket(): [LoRaMesher] Packet created with 24 bytes
17:01:08.872 > [848462][I][LoraMesher.h:659] setPackedForSend(): [LoRaMesher] Adding packet to Q_SP
17:01:08.879 > [848470][I][LoraMesher.h:661] setPackedForSend(): [LoRaMesher] Created packet to Q_SP
17:01:08.887 > [848477][I][LoraMesher.cpp:1051] addToSendOrderedAndNotify(): [LoRaMesher] Added packet to Q_SP, notifying sender task
17:01:08.898 > [848488][V][LoraMesher.cpp:511] sendPackets(): [LoRaMesher] Stack space unused after entering the task: 2084
17:01:08.907 > [848497][V][LoraMesher.cpp:512] sendPackets(): [LoRaMesher] Free heap: 336360
17:01:08.914 > [848504][V][LoraMesher.cpp:518] sendPackets(): [LoRaMesher] Size of Send Packets Queue: 1
17:01:08.922 > [848512][V][LoraMesher.cpp:525] sendPackets(): [LoRaMesher] Send n. 31
17:01:08.929 > [848519][V][LoraMesher.cpp:455] waitBeforeSend(): [LoRaMesher] RandomDelay 410 ms
17:01:09.288 > [848879][V][LoraMesher.cpp:378] receivingRoutine(): [LoRaMesher] Stack space unused after entering the task: 2040
17:01:09.299 > [848889][V][LoraMesher.cpp:379] receivingRoutine(): [LoRaMesher] Free heap: 336400
17:01:09.307 > [848897][I][PacketService.cpp:12] createEmptyPacket(): [LoRaMesher] Packet created with 24 bytes
17:01:09.315 > [848905][I][LoraMesher.cpp:392] receivingRoutine(): [LoRaMesher] Receiving LoRa packet: Size: 24 bytes RSSI: -13 SNR: 13
17:01:09.327 > [848917][V][LoraMesher.cpp:647] processPackets(): [LoRaMesher] Size of Received Packets Queue: 1
17:01:09.335 > [848925][I][PacketQueueService.h:80] deleteQueuePacketAndPacket(): [LoRaMesher] Deleting packet
17:01:09.344 > [848934][I][PacketQueueService.h:83] deleteQueuePacketAndPacket(): [LoRaMesher] Deleting packet queue
17:01:09.353 > [848942][V][LoraMesher.cpp:462] waitBeforeSend(): [LoRaMesher] Preamble detected while waiting 1
17:01:09.361 > [848951][V][LoraMesher.cpp:455] waitBeforeSend(): [LoRaMesher] RandomDelay 1160 ms
17:01:09.369 > [848959][V][LoraMesher.cpp:658] processPackets(): [LoRaMesher] TESTING: Packet not for me, deleting it
17:01:09.378 > [848968][V][LoraMesher.cpp:641] processPackets(): [LoRaMesher] Stack space unused after entering the task: 2040
17:01:09.388 > [848978][V][LoraMesher.cpp:642] processPackets(): [LoRaMesher] Free heap: 336400
17:01:10.216 > [849807][V][LoraMesher.cpp:378] receivingRoutine(): [LoRaMesher] Stack space unused after entering the task: 2040
17:01:10.227 > [849817][V][LoraMesher.cpp:379] receivingRoutine(): [LoRaMesher] Free heap: 336400
17:01:10.234 > [849825][I][PacketService.cpp:12] createEmptyPacket(): [LoRaMesher] Packet created with 17 bytes
17:01:10.243 > [849833][I][LoraMesher.cpp:392] receivingRoutine(): [LoRaMesher] Receiving LoRa packet: Size: 17 bytes RSSI: -14 SNR: 13
17:01:10.254 > [849844][V][LoraMesher.cpp:647] processPackets(): [LoRaMesher] Size of Received Packets Queue: 1
17:01:10.263 > [849853][I][PacketQueueService.h:80] deleteQueuePacketAndPacket(): [LoRaMesher] Deleting packet
17:01:10.271 > [849862][I][PacketQueueService.h:83] deleteQueuePacketAndPacket(): [LoRaMesher] Deleting packet queue
17:01:10.280 > [849871][V][LoraMesher.cpp:658] processPackets(): [LoRaMesher] TESTING: Packet not for me, deleting it
17:01:10.290 > [849880][V][LoraMesher.cpp:641] processPackets(): [LoRaMesher] Stack space unused after entering the task: 2040
17:01:10.300 > [849890][V][LoraMesher.cpp:642] processPackets(): [LoRaMesher] Free heap: 336400
17:01:10.533 > [850124][V][LoraMesher.cpp:462] waitBeforeSend(): [LoRaMesher] Preamble detected while waiting 2
17:01:10.542 > [850132][V][LoraMesher.cpp:455] waitBeforeSend(): [LoRaMesher] RandomDelay 383 ms
17:01:10.931 > [850522][V][LoraMesher.cpp:754] printHeaderPacket(): [LoRaMesher] Packet send -- Size: 24 Src: F02C Dst: FFFF Id: 7 Type: 4 Via: 0 Seq_Id: 0 Num: 0
17:01:11.035 > [850626][V][LoraMesher.cpp:575] sendPackets(): [LoRaMesher] TimeOnAir 78 ms, next message in 0 ms
17:01:11.044 > [850635][I][PacketQueueService.h:80] deleteQueuePacketAndPacket(): [LoRaMesher] Deleting packet
17:01:11.053 > [850643][I][PacketQueueService.h:83] deleteQueuePacketAndPacket(): [LoRaMesher] Deleting packet queue
17:01:11.788 > [851378][V][LoraMesher.cpp:378] receivingRoutine(): [LoRaMesher] Stack space unused after entering the task: 2040
17:01:11.798 > [851389][V][LoraMesher.cpp:379] receivingRoutine(): [LoRaMesher] Free heap: 336472
17:01:11.806 > [851396][I][PacketService.cpp:12] createEmptyPacket(): [LoRaMesher] Packet created with 17 bytes
17:01:11.815 > [851405][I][LoraMesher.cpp:392] receivingRoutine(): [LoRaMesher] Receiving LoRa packet: Size: 17 bytes RSSI: -5 SNR: 13
17:01:11.826 > [851416][V][LoraMesher.cpp:647] processPackets(): [LoRaMesher] Size of Received Packets Queue: 1
17:01:11.834 > [851425][I][PacketQueueService.h:80] deleteQueuePacketAndPacket(): [LoRaMesher] Deleting packet
17:01:11.843 > [851433][I][PacketQueueService.h:83] deleteQueuePacketAndPacket(): [LoRaMesher] Deleting packet queue
17:01:11.852 > [851442][V][LoraMesher.cpp:658] processPackets(): [LoRaMesher] TESTING: Packet not for me, deleting it
17:01:11.861 > [851451][V][LoraMesher.cpp:641] processPackets(): [LoRaMesher] Stack space unused after entering the task: 2040
17:01:11.871 > [851461][V][LoraMesher.cpp:642] processPackets(): [LoRaMesher] Free heap: 336472
17:01:13.074 > [852665][V][LoraMesher.cpp:378] receivingRoutine(): [LoRaMesher] Stack space unused after entering the task: 2040
17:01:13.085 > [852675][V][LoraMesher.cpp:379] receivingRoutine(): [LoRaMesher] Free heap: 336472
17:01:13.092 > [852682][I][PacketService.cpp:12] createEmptyPacket(): [LoRaMesher] Packet created with 17 bytes
17:01:13.101 > [852691][I][LoraMesher.cpp:392] receivingRoutine(): [LoRaMesher] Receiving LoRa packet: Size: 17 bytes RSSI: -59 SNR: 12
17:01:13.112 > [852702][V][LoraMesher.cpp:647] processPackets(): [LoRaMesher] Size of Received Packets Queue: 1
17:01:13.121 > [852711][V][LoraMesher.cpp:754] printHeaderPacket(): [LoRaMesher] Packet received -- Size: 17 Src: B3F0 Dst: D110 Id: 50 Type: 2 Via: F02C Seq_Id: 0 Num: 0
17:01:13.135 > [852725][I][LoraMesher.cpp:854] processDataPacket(): [LoRaMesher] Data packet from B3F0, destination D110, via F02C
17:01:13.145 > [852735][V][LoraMesher.cpp:872] processDataPacket(): [LoRaMesher] Data Packet from B3F0 for D110. Via is me. Forwarding it
17:01:13.156 > [852746][I][LoraMesher.cpp:1051] addToSendOrderedAndNotify(): [LoRaMesher] Added packet to Q_SP, notifying sender task
17:01:13.166 > [852756][V][LoraMesher.cpp:511] sendPackets(): [LoRaMesher] Stack space unused after entering the task: 2084
17:01:13.176 > [852766][V][LoraMesher.cpp:512] sendPackets(): [LoRaMesher] Free heap: 336376
17:01:13.183 > [852773][V][LoraMesher.cpp:518] sendPackets(): [LoRaMesher] Size of Send Packets Queue: 1
17:01:13.191 > [852781][V][LoraMesher.cpp:525] sendPackets(): [LoRaMesher] Send n. 32
17:01:13.197 > [852787][V][LoraMesher.cpp:455] waitBeforeSend(): [LoRaMesher] RandomDelay 1173 ms
17:01:13.205 > [852795][V][LoraMesher.cpp:641] processPackets(): [LoRaMesher] Stack space unused after entering the task: 2040
17:01:13.214 > [852805][V][LoraMesher.cpp:642] processPackets(): [LoRaMesher] Free heap: 336404
17:01:14.376 > [853967][V][LoraMesher.cpp:754] printHeaderPacket(): [LoRaMesher] Packet send -- Size: 17 Src: B3F0 Dst: D110 Id: 50 Type: 2 Via: D110 Seq_Id: 0 Num: 0
17:01:14.466 > [854057][V][LoraMesher.cpp:575] sendPackets(): [LoRaMesher] TimeOnAir 63 ms, next message in 0 ms
17:01:14.475 > [854066][I][PacketQueueService.h:80] deleteQueuePacketAndPacket(): [LoRaMesher] Deleting packet
17:01:14.484 > [854074][I][PacketQueueService.h:83] deleteQueuePacketAndPacket(): [LoRaMesher] Deleting packet queue
17:01:28.844 > [868435][V][LoraMesher.cpp:378] receivingRoutine(): [LoRaMesher] Stack space unused after entering the task: 2040
17:01:28.855 > [868445][V][LoraMesher.cpp:379] receivingRoutine(): [LoRaMesher] Free heap: 336472
17:01:28.862 > [868453][I][PacketService.cpp:12] createEmptyPacket(): [LoRaMesher] Packet created with 17 bytes
17:01:28.871 > [868461][I][LoraMesher.cpp:392] receivingRoutine(): [LoRaMesher] Receiving LoRa packet: Size: 17 bytes RSSI: -14 SNR: 13
17:01:28.882 > [868473][V][LoraMesher.cpp:647] processPackets(): [LoRaMesher] Size of Received Packets Queue: 1
17:01:28.891 > [868481][I][PacketQueueService.h:80] deleteQueuePacketAndPacket(): [LoRaMesher] Deleting packet
17:01:28.899 > [868490][I][PacketQueueService.h:83] deleteQueuePacketAndPacket(): [LoRaMesher] Deleting packet queue
17:01:28.908 > [868499][V][LoraMesher.cpp:658] processPackets(): [LoRaMesher] TESTING: Packet not for me, deleting it
17:01:28.917 > [868508][V][LoraMesher.cpp:641] processPackets(): [LoRaMesher] Stack space unused after entering the task: 2040
17:01:28.927 > [868518][V][LoraMesher.cpp:642] processPackets(): [LoRaMesher] Free heap: 336472
17:01:29.762 > [869353][V][LoraMesher.cpp:378] receivingRoutine(): [LoRaMesher] Stack space unused after entering the task: 2040
17:01:29.772 > [869363][V][LoraMesher.cpp:379] receivingRoutine(): [LoRaMesher] Free heap: 336472
17:01:29.780 > [869371][I][PacketService.cpp:12] createEmptyPacket(): [LoRaMesher] Packet created with 17 bytes
17:01:29.789 > [869379][I][LoraMesher.cpp:392] receivingRoutine(): [LoRaMesher] Receiving LoRa packet: Size: 17 bytes RSSI: -5 SNR: 13
17:01:29.800 > [869390][V][LoraMesher.cpp:647] processPackets(): [LoRaMesher] Size of Received Packets Queue: 1
17:01:29.808 > [869399][I][PacketQueueService.h:80] deleteQueuePacketAndPacket(): [LoRaMesher] Deleting packet
17:01:29.817 > [869408][I][PacketQueueService.h:83] deleteQueuePacketAndPacket(): [LoRaMesher] Deleting packet queue
17:01:29.826 > [869417][V][LoraMesher.cpp:658] processPackets(): [LoRaMesher] TESTING: Packet not for me, deleting it
17:01:29.835 > [869426][V][LoraMesher.cpp:641] processPackets(): [LoRaMesher] Stack space unused after entering the task: 2040
17:01:29.845 > [869436][V][LoraMesher.cpp:642] processPackets(): [LoRaMesher] Free heap: 336472
17:01:31.046 > [870638][V][LoraMesher.cpp:378] receivingRoutine(): [LoRaMesher] Stack space unused after entering the task: 2040
17:01:31.057 > [870648][V][LoraMesher.cpp:379] receivingRoutine(): [LoRaMesher] Free heap: 336472
17:01:31.065 > [870655][I][PacketService.cpp:12] createEmptyPacket(): [LoRaMesher] Packet created with 17 bytes
17:01:31.074 > [870664][I][LoraMesher.cpp:392] receivingRoutine(): [LoRaMesher] Receiving LoRa packet: Size: 17 bytes RSSI: -58 SNR: 12
17:01:31.085 > [870675][V][LoraMesher.cpp:647] processPackets(): [LoRaMesher] Size of Received Packets Queue: 1
17:01:31.093 > [870684][V][LoraMesher.cpp:754] printHeaderPacket(): [LoRaMesher] Packet received -- Size: 17 Src: B3F0 Dst: D110 Id: 51 Type: 2 Via: F02C Seq_Id: 0 Num: 0
17:01:31.107 > [870698][I][LoraMesher.cpp:854] processDataPacket(): [LoRaMesher] Data packet from B3F0, destination D110, via F02C
17:01:31.117 > [870708][V][LoraMesher.cpp:872] processDataPacket(): [LoRaMesher] Data Packet from B3F0 for D110. Via is me. Forwarding it
17:01:31.128 > [870719][I][LoraMesher.cpp:1051] addToSendOrderedAndNotify(): [LoRaMesher] Added packet to Q_SP, notifying sender task
17:01:31.139 > [870729][V][LoraMesher.cpp:511] sendPackets(): [LoRaMesher] Stack space unused after entering the task: 2084
17:01:31.148 > [870739][V][LoraMesher.cpp:512] sendPackets(): [LoRaMesher] Free heap: 336376
17:01:31.155 > [870746][V][LoraMesher.cpp:518] sendPackets(): [LoRaMesher] Size of Send Packets Queue: 1
17:01:31.163 > [870754][V][LoraMesher.cpp:525] sendPackets(): [LoRaMesher] Send n. 33
17:01:31.170 > [870760][V][LoraMesher.cpp:455] waitBeforeSend(): [LoRaMesher] RandomDelay 1072 ms
17:01:31.177 > [870768][V][LoraMesher.cpp:641] processPackets(): [LoRaMesher] Stack space unused after entering the task: 2040
17:01:31.187 > [870778][V][LoraMesher.cpp:642] processPackets(): [LoRaMesher] Free heap: 336404
17:01:32.248 > [871839][V][LoraMesher.cpp:754] printHeaderPacket(): [LoRaMesher] Packet send -- Size: 17 Src: B3F0 Dst: D110 Id: 51 Type: 2 Via: D110 Seq_Id: 0 Num: 0
17:01:32.338 > [871929][V][LoraMesher.cpp:575] sendPackets(): [LoRaMesher] TimeOnAir 63 ms, next message in 0 ms
17:01:32.347 > [871938][I][PacketQueueService.h:80] deleteQueuePacketAndPacket(): [LoRaMesher] Deleting packet
17:01:32.356 > [871946][I][PacketQueueService.h:83] deleteQueuePacketAndPacket(): [LoRaMesher] Deleting packet queue
17:01:48.645 > [888237][V][LoraMesher.cpp:378] receivingRoutine(): [LoRaMesher] Stack space unused after entering the task: 2040
17:01:48.656 > [888247][V][LoraMesher.cpp:379] receivingRoutine(): [LoRaMesher] Free heap: 336472
17:01:48.663 > [888255][I][PacketService.cpp:12] createEmptyPacket(): [LoRaMesher] Packet created with 17 bytes
17:01:48.671 > [888263][I][LoraMesher.cpp:392] receivingRoutine(): [LoRaMesher] Receiving LoRa packet: Size: 17 bytes RSSI: -13 SNR: 13
17:01:48.683 > [888274][V][LoraMesher.cpp:647] processPackets(): [LoRaMesher] Size of Received Packets Queue: 1
17:01:48.691 > [888283][I][PacketQueueService.h:80] deleteQueuePacketAndPacket(): [LoRaMesher] Deleting packet
17:01:48.701 > [888292][I][PacketQueueService.h:83] deleteQueuePacketAndPacket(): [LoRaMesher] Deleting packet queue
17:01:48.709 > [888301][V][LoraMesher.cpp:658] processPackets(): [LoRaMesher] TESTING: Packet not for me, deleting it
17:01:48.718 > [888310][V][LoraMesher.cpp:641] processPackets(): [LoRaMesher] Stack space unused after entering the task: 2040
17:01:48.728 > [888320][V][LoraMesher.cpp:642] processPackets(): [LoRaMesher] Free heap: 336472
17:01:49.697 > [889288][V][LoraMesher.cpp:378] receivingRoutine(): [LoRaMesher] Stack space unused after entering the task: 2040
17:01:49.708 > [889299][V][LoraMesher.cpp:379] receivingRoutine(): [LoRaMesher] Free heap: 336472
17:01:49.715 > [889306][I][PacketService.cpp:12] createEmptyPacket(): [LoRaMesher] Packet created with 17 bytes
17:01:49.723 > [889315][I][LoraMesher.cpp:392] receivingRoutine(): [LoRaMesher] Receiving LoRa packet: Size: 17 bytes RSSI: -5 SNR: 13
17:01:49.734 > [889326][V][LoraMesher.cpp:647] processPackets(): [LoRaMesher] Size of Received Packets Queue: 1
17:01:49.743 > [889335][I][PacketQueueService.h:80] deleteQueuePacketAndPacket(): [LoRaMesher] Deleting packet
17:01:49.751 > [889343][I][PacketQueueService.h:83] deleteQueuePacketAndPacket(): [LoRaMesher] Deleting packet queue
17:01:49.761 > [889352][V][LoraMesher.cpp:658] processPackets(): [LoRaMesher] TESTING: Packet not for me, deleting it
17:01:49.769 > [889361][V][LoraMesher.cpp:641] processPackets(): [LoRaMesher] Stack space unused after entering the task: 2040
17:01:49.779 > [889371][V][LoraMesher.cpp:642] processPackets(): [LoRaMesher] Free heap: 336472
17:01:50.373 > [889965][V][LoraMesher.cpp:378] receivingRoutine(): [LoRaMesher] Stack space unused after entering the task: 2040
17:01:50.384 > [889975][V][LoraMesher.cpp:379] receivingRoutine(): [LoRaMesher] Free heap: 336472
17:01:50.390 > [889982][I][PacketService.cpp:12] createEmptyPacket(): [LoRaMesher] Packet created with 17 bytes
17:01:50.399 > [889991][I][LoraMesher.cpp:392] receivingRoutine(): [LoRaMesher] Receiving LoRa packet: Size: 17 bytes RSSI: -59 SNR: 11
17:01:50.410 > [890002][V][LoraMesher.cpp:647] processPackets(): [LoRaMesher] Size of Received Packets Queue: 1
17:01:50.420 > [890011][V][LoraMesher.cpp:754] printHeaderPacket(): [LoRaMesher] Packet received -- Size: 17 Src: B3F0 Dst: D110 Id: 52 Type: 2 Via: F02C Seq_Id: 0 Num: 0
17:01:50.434 > [890025][I][LoraMesher.cpp:854] processDataPacket(): [LoRaMesher] Data packet from B3F0, destination D110, via F02C
17:01:50.443 > [890035][V][LoraMesher.cpp:872] processDataPacket(): [LoRaMesher] Data Packet from B3F0 for D110. Via is me. Forwarding it
17:01:50.454 > [890046][I][LoraMesher.cpp:1051] addToSendOrderedAndNotify(): [LoRaMesher] Added packet to Q_SP, notifying sender task
17:01:50.465 > [890056][V][LoraMesher.cpp:511] sendPackets(): [LoRaMesher] Stack space unused after entering the task: 2084
17:01:50.474 > [890066][V][LoraMesher.cpp:512] sendPackets(): [LoRaMesher] Free heap: 336376
17:01:50.481 > [890073][V][LoraMesher.cpp:518] sendPackets(): [LoRaMesher] Size of Send Packets Queue: 1
17:01:50.489 > [890081][V][LoraMesher.cpp:525] sendPackets(): [LoRaMesher] Send n. 34
17:01:50.495 > [890087][V][LoraMesher.cpp:455] waitBeforeSend(): [LoRaMesher] RandomDelay 915 ms
17:01:50.503 > [890094][V][LoraMesher.cpp:641] processPackets(): [LoRaMesher] Stack space unused after entering the task: 2040
17:01:50.513 > [890104][V][LoraMesher.cpp:642] processPackets(): [LoRaMesher] Free heap: 336404
17:01:51.417 > [891009][V][LoraMesher.cpp:754] printHeaderPacket(): [LoRaMesher] Packet send -- Size: 17 Src: B3F0 Dst: D110 Id: 52 Type: 2 Via: D110 Seq_Id: 0 Num: 0
17:01:51.507 > [891099][V][LoraMesher.cpp:575] sendPackets(): [LoRaMesher] TimeOnAir 63 ms, next message in 0 ms
17:01:51.516 > [891108][I][PacketQueueService.h:80] deleteQueuePacketAndPacket(): [LoRaMesher] Deleting packet
17:01:51.524 > [891116][I][PacketQueueService.h:83] deleteQueuePacketAndPacket(): [LoRaMesher] Deleting packet queue
17:02:09.316 > [908908][V][LoraMesher.cpp:378] receivingRoutine(): [LoRaMesher] Stack space unused after entering the task: 2040
17:02:09.326 > [908918][V][LoraMesher.cpp:379] receivingRoutine(): [LoRaMesher] Free heap: 336472
17:02:09.333 > [908925][I][PacketService.cpp:12] createEmptyPacket(): [LoRaMesher] Packet created with 17 bytes
17:02:09.342 > [908934][I][LoraMesher.cpp:392] receivingRoutine(): [LoRaMesher] Receiving LoRa packet: Size: 17 bytes RSSI: -14 SNR: 13
17:02:09.353 > [908945][V][LoraMesher.cpp:647] processPackets(): [LoRaMesher] Size of Received Packets Queue: 1
17:02:09.362 > [908954][I][PacketQueueService.h:80] deleteQueuePacketAndPacket(): [LoRaMesher] Deleting packet
17:02:09.370 > [908963][I][PacketQueueService.h:83] deleteQueuePacketAndPacket(): [LoRaMesher] Deleting packet queue
17:02:09.379 > [908972][V][LoraMesher.cpp:658] processPackets(): [LoRaMesher] TESTING: Packet not for me, deleting it
17:02:09.389 > [908981][V][LoraMesher.cpp:641] processPackets(): [LoRaMesher] Stack space unused after entering the task: 2040
17:02:09.398 > [908991][V][LoraMesher.cpp:642] processPackets(): [LoRaMesher] Free heap: 336472
17:02:10.670 > [910262][V][LoraMesher.cpp:378] receivingRoutine(): [LoRaMesher] Stack space unused after entering the task: 2040
17:02:10.680 > [910272][V][LoraMesher.cpp:379] receivingRoutine(): [LoRaMesher] Free heap: 336472
17:02:10.687 > [910280][I][PacketService.cpp:12] createEmptyPacket(): [LoRaMesher] Packet created with 17 bytes
17:02:10.696 > [910288][I][LoraMesher.cpp:392] receivingRoutine(): [LoRaMesher] Receiving LoRa packet: Size: 17 bytes RSSI: -5 SNR: 12
17:02:10.707 > [910299][V][LoraMesher.cpp:647] processPackets(): [LoRaMesher] Size of Received Packets Queue: 1
17:02:10.716 > [910308][I][PacketQueueService.h:80] deleteQueuePacketAndPacket(): [LoRaMesher] Deleting packet
17:02:10.724 > [910317][I][PacketQueueService.h:83] deleteQueuePacketAndPacket(): [LoRaMesher] Deleting packet queue
17:02:10.733 > [910326][V][LoraMesher.cpp:658] processPackets(): [LoRaMesher] TESTING: Packet not for me, deleting it
17:02:10.743 > [910335][V][LoraMesher.cpp:641] processPackets(): [LoRaMesher] Stack space unused after entering the task: 2040
17:02:10.752 > [910345][V][LoraMesher.cpp:642] processPackets(): [LoRaMesher] Free heap: 336472
17:02:11.401 > [910993][V][LoraMesher.cpp:378] receivingRoutine(): [LoRaMesher] Stack space unused after entering the task: 2040
17:02:11.410 > [911003][V][LoraMesher.cpp:379] receivingRoutine(): [LoRaMesher] Free heap: 336472
17:02:11.418 > [911010][I][PacketService.cpp:12] createEmptyPacket(): [LoRaMesher] Packet created with 17 bytes
17:02:11.427 > [911019][I][LoraMesher.cpp:392] receivingRoutine(): [LoRaMesher] Receiving LoRa packet: Size: 17 bytes RSSI: -58 SNR: 11
17:02:11.438 > [911030][V][LoraMesher.cpp:647] processPackets(): [LoRaMesher] Size of Received Packets Queue: 1
17:02:11.447 > [911039][V][LoraMesher.cpp:754] printHeaderPacket(): [LoRaMesher] Packet received -- Size: 17 Src: B3F0 Dst: D110 Id: 53 Type: 2 Via: F02C Seq_Id: 0 Num: 0
17:02:11.460 > [911053][I][LoraMesher.cpp:854] processDataPacket(): [LoRaMesher] Data packet from B3F0, destination D110, via F02C
17:02:11.471 > [911063][V][LoraMesher.cpp:872] processDataPacket(): [LoRaMesher] Data Packet from B3F0 for D110. Via is me. Forwarding it
17:02:11.481 > [911074][I][LoraMesher.cpp:1051] addToSendOrderedAndNotify(): [LoRaMesher] Added packet to Q_SP, notifying sender task
17:02:11.492 > [911084][V][LoraMesher.cpp:511] sendPackets(): [LoRaMesher] Stack space unused after entering the task: 2084
17:02:11.502 > [911094][V][LoraMesher.cpp:512] sendPackets(): [LoRaMesher] Free heap: 336376
17:02:11.509 > [911101][V][LoraMesher.cpp:518] sendPackets(): [LoRaMesher] Size of Send Packets Queue: 1
17:02:11.516 > [911109][V][LoraMesher.cpp:525] sendPackets(): [LoRaMesher] Send n. 35
17:02:11.523 > [911115][V][LoraMesher.cpp:455] waitBeforeSend(): [LoRaMesher] RandomDelay 1015 ms
17:02:11.530 > [911122][V][LoraMesher.cpp:641] processPackets(): [LoRaMesher] Stack space unused after entering the task: 2040
17:02:11.540 > [911132][V][LoraMesher.cpp:642] processPackets(): [LoRaMesher] Free heap: 336404
17:02:12.545 > [912137][V][LoraMesher.cpp:754] printHeaderPacket(): [LoRaMesher] Packet send -- Size: 17 Src: B3F0 Dst: D110 Id: 53 Type: 2 Via: D110 Seq_Id: 0 Num: 0
17:02:12.634 > [912227][V][LoraMesher.cpp:575] sendPackets(): [LoRaMesher] TimeOnAir 63 ms, next message in 0 ms
17:02:12.643 > [912236][I][PacketQueueService.h:80] deleteQueuePacketAndPacket(): [LoRaMesher] Deleting packet
17:02:12.652 > [912244][I][PacketQueueService.h:83] deleteQueuePacketAndPacket(): [LoRaMesher] Deleting packet queue
17:02:29.625 > [929218][V][LoraMesher.cpp:378] receivingRoutine(): [LoRaMesher] Stack space unused after entering the task: 2040
17:02:29.635 > [929228][V][LoraMesher.cpp:379] receivingRoutine(): [LoRaMesher] Free heap: 336472
17:02:29.643 > [929235][I][PacketService.cpp:12] createEmptyPacket(): [LoRaMesher] Packet created with 17 bytes
17:02:29.652 > [929244][I][LoraMesher.cpp:392] receivingRoutine(): [LoRaMesher] Receiving LoRa packet: Size: 17 bytes RSSI: -13 SNR: 13
17:02:29.663 > [929255][V][LoraMesher.cpp:647] processPackets(): [LoRaMesher] Size of Received Packets Queue: 1
17:02:29.671 > [929264][I][PacketQueueService.h:80] deleteQueuePacketAndPacket(): [LoRaMesher] Deleting packet
17:02:29.680 > [929273][I][PacketQueueService.h:83] deleteQueuePacketAndPacket(): [LoRaMesher] Deleting packet queue
17:02:29.689 > [929282][V][LoraMesher.cpp:658] processPackets(): [LoRaMesher] TESTING: Packet not for me, deleting it
17:02:29.698 > [929291][V][LoraMesher.cpp:641] processPackets(): [LoRaMesher] Stack space unused after entering the task: 2040
17:02:29.708 > [929301][V][LoraMesher.cpp:642] processPackets(): [LoRaMesher] Free heap: 336472
17:02:30.316 > [929909][V][LoraMesher.cpp:378] receivingRoutine(): [LoRaMesher] Stack space unused after entering the task: 2040
17:02:30.326 > [929919][V][LoraMesher.cpp:379] receivingRoutine(): [LoRaMesher] Free heap: 336472
17:02:30.334 > [929926][I][PacketService.cpp:12] createEmptyPacket(): [LoRaMesher] Packet created with 17 bytes
17:02:30.342 > [929935][I][LoraMesher.cpp:392] receivingRoutine(): [LoRaMesher] Receiving LoRa packet: Size: 17 bytes RSSI: -6 SNR: 12
17:02:30.353 > [929946][V][LoraMesher.cpp:647] processPackets(): [LoRaMesher] Size of Received Packets Queue: 1
17:02:30.362 > [929955][I][PacketQueueService.h:80] deleteQueuePacketAndPacket(): [LoRaMesher] Deleting packet
17:02:30.370 > [929963][I][PacketQueueService.h:83] deleteQueuePacketAndPacket(): [LoRaMesher] Deleting packet queue
17:02:30.379 > [929972][V][LoraMesher.cpp:658] processPackets(): [LoRaMesher] TESTING: Packet not for me, deleting it
17:02:30.389 > [929981][V][LoraMesher.cpp:641] processPackets(): [LoRaMesher] Stack space unused after entering the task: 2040
17:02:30.399 > [929991][V][LoraMesher.cpp:642] processPackets(): [LoRaMesher] Free heap: 336472
17:02:31.301 > [930894][V][LoraMesher.cpp:378] receivingRoutine(): [LoRaMesher] Stack space unused after entering the task: 2040
17:02:31.312 > [930905][V][LoraMesher.cpp:379] receivingRoutine(): [LoRaMesher] Free heap: 336472
17:02:31.320 > [930912][I][PacketService.cpp:12] createEmptyPacket(): [LoRaMesher] Packet created with 17 bytes
17:02:31.328 > [930921][I][LoraMesher.cpp:392] receivingRoutine(): [LoRaMesher] Receiving LoRa packet: Size: 17 bytes RSSI: -58 SNR: 11
17:02:31.339 > [930932][V][LoraMesher.cpp:647] processPackets(): [LoRaMesher] Size of Received Packets Queue: 1
17:02:31.348 > [930941][V][LoraMesher.cpp:754] printHeaderPacket(): [LoRaMesher] Packet received -- Size: 17 Src: B3F0 Dst: D110 Id: 54 Type: 2 Via: F02C Seq_Id: 0 Num: 0
17:02:31.362 > [930955][I][LoraMesher.cpp:854] processDataPacket(): [LoRaMesher] Data packet from B3F0, destination D110, via F02C
17:02:31.372 > [930965][V][LoraMesher.cpp:872] processDataPacket(): [LoRaMesher] Data Packet from B3F0 for D110. Via is me. Forwarding it
17:02:31.383 > [930976][I][LoraMesher.cpp:1051] addToSendOrderedAndNotify(): [LoRaMesher] Added packet to Q_SP, notifying sender task
17:02:31.394 > [930986][V][LoraMesher.cpp:511] sendPackets(): [LoRaMesher] Stack space unused after entering the task: 2084
17:02:31.403 > [930996][V][LoraMesher.cpp:512] sendPackets(): [LoRaMesher] Free heap: 336376
17:02:31.410 > [931003][V][LoraMesher.cpp:518] sendPackets(): [LoRaMesher] Size of Send Packets Queue: 1
17:02:31.418 > [931011][V][LoraMesher.cpp:525] sendPackets(): [LoRaMesher] Send n. 36
17:02:31.424 > [931017][V][LoraMesher.cpp:455] waitBeforeSend(): [LoRaMesher] RandomDelay 586 ms
17:02:31.432 > [931024][V][LoraMesher.cpp:641] processPackets(): [LoRaMesher] Stack space unused after entering the task: 2040
17:02:31.442 > [931034][V][LoraMesher.cpp:642] processPackets(): [LoRaMesher] Free heap: 336404
17:02:32.017 > [931610][V][LoraMesher.cpp:754] printHeaderPacket(): [LoRaMesher] Packet send -- Size: 17 Src: B3F0 Dst: D110 Id: 54 Type: 2 Via: D110 Seq_Id: 0 Num: 0
17:02:32.107 > [931700][V][LoraMesher.cpp:575] sendPackets(): [LoRaMesher] TimeOnAir 63 ms, next message in 0 ms
17:02:32.116 > [931709][I][PacketQueueService.h:80] deleteQueuePacketAndPacket(): [LoRaMesher] Deleting packet
17:02:32.125 > [931717][I][PacketQueueService.h:83] deleteQueuePacketAndPacket(): [LoRaMesher] Deleting packet queue
17:02:49.238 > [948832][V][LoraMesher.cpp:378] receivingRoutine(): [LoRaMesher] Stack space unused after entering the task: 2040
17:02:49.249 > [948842][V][LoraMesher.cpp:379] receivingRoutine(): [LoRaMesher] Free heap: 336472
17:02:49.256 > [948849][I][PacketService.cpp:12] createEmptyPacket(): [LoRaMesher] Packet created with 17 bytes
17:02:49.265 > [948858][I][LoraMesher.cpp:392] receivingRoutine(): [LoRaMesher] Receiving LoRa packet: Size: 17 bytes RSSI: -13 SNR: 13
17:02:49.276 > [948869][V][LoraMesher.cpp:647] processPackets(): [LoRaMesher] Size of Received Packets Queue: 1
17:02:49.285 > [948878][I][PacketQueueService.h:80] deleteQueuePacketAndPacket(): [LoRaMesher] Deleting packet
17:02:49.293 > [948886][I][PacketQueueService.h:83] deleteQueuePacketAndPacket(): [LoRaMesher] Deleting packet queue
17:02:49.302 > [948895][V][LoraMesher.cpp:658] processPackets(): [LoRaMesher] TESTING: Packet not for me, deleting it
17:02:49.312 > [948905][V][LoraMesher.cpp:641] processPackets(): [LoRaMesher] Stack space unused after entering the task: 2040
17:02:49.322 > [948915][V][LoraMesher.cpp:642] processPackets(): [LoRaMesher] Free heap: 336472
17:02:49.791 > [949385][V][LoraMesher.cpp:378] receivingRoutine(): [LoRaMesher] Stack space unused after entering the task: 2040
17:02:49.802 > [949395][V][LoraMesher.cpp:379] receivingRoutine(): [LoRaMesher] Free heap: 336472
17:02:49.810 > [949403][I][PacketService.cpp:12] createEmptyPacket(): [LoRaMesher] Packet created with 17 bytes
17:02:49.818 > [949411][I][LoraMesher.cpp:392] receivingRoutine(): [LoRaMesher] Receiving LoRa packet: Size: 17 bytes RSSI: -5 SNR: 13
17:02:49.830 > [949423][V][LoraMesher.cpp:647] processPackets(): [LoRaMesher] Size of Received Packets Queue: 1
17:02:49.838 > [949431][I][PacketQueueService.h:80] deleteQueuePacketAndPacket(): [LoRaMesher] Deleting packet
17:02:49.847 > [949440][I][PacketQueueService.h:83] deleteQueuePacketAndPacket(): [LoRaMesher] Deleting packet queue
17:02:49.856 > [949449][V][LoraMesher.cpp:658] processPackets(): [LoRaMesher] TESTING: Packet not for me, deleting it
17:02:49.865 > [949458][V][LoraMesher.cpp:641] processPackets(): [LoRaMesher] Stack space unused after entering the task: 2040
17:02:49.875 > [949468][V][LoraMesher.cpp:642] processPackets(): [LoRaMesher] Free heap: 336472
17:02:50.793 > [950386][V][LoraMesher.cpp:378] receivingRoutine(): [LoRaMesher] Stack space unused after entering the task: 2040
17:02:50.804 > [950397][V][LoraMesher.cpp:379] receivingRoutine(): [LoRaMesher] Free heap: 336472
17:02:50.811 > [950404][I][PacketService.cpp:12] createEmptyPacket(): [LoRaMesher] Packet created with 17 bytes
17:02:50.820 > [950413][I][LoraMesher.cpp:392] receivingRoutine(): [LoRaMesher] Receiving LoRa packet: Size: 17 bytes RSSI: -58 SNR: 12
17:02:50.831 > [950424][V][LoraMesher.cpp:647] processPackets(): [LoRaMesher] Size of Received Packets Queue: 1
17:02:50.840 > [950433][V][LoraMesher.cpp:754] printHeaderPacket(): [LoRaMesher] Packet received -- Size: 17 Src: B3F0 Dst: D110 Id: 55 Type: 2 Via: F02C Seq_Id: 0 Num: 0
17:02:50.853 > [950446][I][LoraMesher.cpp:854] processDataPacket(): [LoRaMesher] Data packet from B3F0, destination D110, via F02C
17:02:50.864 > [950457][V][LoraMesher.cpp:872] processDataPacket(): [LoRaMesher] Data Packet from B3F0 for D110. Via is me. Forwarding it
17:02:50.875 > [950468][I][LoraMesher.cpp:1051] addToSendOrderedAndNotify(): [LoRaMesher] Added packet to Q_SP, notifying sender task
17:02:50.885 > [950478][V][LoraMesher.cpp:511] sendPackets(): [LoRaMesher] Stack space unused after entering the task: 2084
17:02:50.895 > [950488][V][LoraMesher.cpp:512] sendPackets(): [LoRaMesher] Free heap: 336376
17:02:50.902 > [950495][V][LoraMesher.cpp:518] sendPackets(): [LoRaMesher] Size of Send Packets Queue: 1
17:02:50.910 > [950503][V][LoraMesher.cpp:525] sendPackets(): [LoRaMesher] Send n. 37
17:02:50.916 > [950509][V][LoraMesher.cpp:455] waitBeforeSend(): [LoRaMesher] RandomDelay 809 ms
17:02:50.923 > [950516][V][LoraMesher.cpp:641] processPackets(): [LoRaMesher] Stack space unused after entering the task: 2040
17:02:50.933 > [950526][V][LoraMesher.cpp:642] processPackets(): [LoRaMesher] Free heap: 336404
17:02:51.731 > [951325][V][LoraMesher.cpp:754] printHeaderPacket(): [LoRaMesher] Packet send -- Size: 17 Src: B3F0 Dst: D110 Id: 55 Type: 2 Via: D110 Seq_Id: 0 Num: 0
17:02:51.821 > [951415][V][LoraMesher.cpp:575] sendPackets(): [LoRaMesher] TimeOnAir 63 ms, next message in 0 ms
17:02:51.831 > [951424][I][PacketQueueService.h:80] deleteQueuePacketAndPacket(): [LoRaMesher] Deleting packet
17:02:51.839 > [951432][I][PacketQueueService.h:83] deleteQueuePacketAndPacket(): [LoRaMesher] Deleting packet queue
17:03:05.896 > [965490][V][LoraMesher.cpp:378] receivingRoutine(): [LoRaMesher] Stack space unused after entering the task: 2040
17:03:05.907 > [965500][V][LoraMesher.cpp:379] receivingRoutine(): [LoRaMesher] Free heap: 336472
17:03:05.914 > [965508][I][PacketService.cpp:12] createEmptyPacket(): [LoRaMesher] Packet created with 24 bytes
17:03:05.923 > [965516][I][LoraMesher.cpp:392] receivingRoutine(): [LoRaMesher] Receiving LoRa packet: Size: 24 bytes RSSI: -3 SNR: 13
17:03:05.933 > [965527][V][LoraMesher.cpp:647] processPackets(): [LoRaMesher] Size of Received Packets Queue: 1
17:03:05.943 > [965536][V][LoraMesher.cpp:754] printHeaderPacket(): [LoRaMesher] Packet received -- Size: 24 Src: D110 Dst: FFFF Id: 9 Type: 4 Via: 0 Seq_Id: 0 Num: 0
17:03:05.956 > [965550][I][RoutingTableService.cpp:77] processRoute(): [LoRaMesher] Route packet from D110 with size 4
17:03:05.965 > [965559][I][RoutingTableService.cpp:99] resetReceiveSNRRoutePacket(): [LoRaMesher] Reset Receive SNR from D110: 13
17:03:05.976 > [965569][I][RoutingTableService.cpp:192] printRoutingTable(): [LoRaMesher] Current routing table:
17:03:05.984 > [965578][I][RoutingTableService.cpp:206] printRoutingTable(): [LoRaMesher] 0 - AFC0 via AFC0 metric 1 Role 0
17:03:05.994 > [965587][I][RoutingTableService.cpp:206] printRoutingTable(): [LoRaMesher] 1 - D110 via D110 metric 1 Role 1
17:03:06.003 > [965597][I][RoutingTableService.cpp:206] printRoutingTable(): [LoRaMesher] 2 - DE6C via AFC0 metric 2 Role 0
17:03:06.013 > [965607][I][RoutingTableService.cpp:206] printRoutingTable(): [LoRaMesher] 3 - B3F0 via AFC0 metric 3 Role 0
17:03:06.023 > [965616][I][PacketQueueService.h:80] deleteQueuePacketAndPacket(): [LoRaMesher] Deleting packet
17:03:06.031 > [965625][I][PacketQueueService.h:83] deleteQueuePacketAndPacket(): [LoRaMesher] Deleting packet queue
17:03:06.040 > [965634][V][LoraMesher.cpp:641] processPackets(): [LoRaMesher] Stack space unused after entering the task: 2040
17:03:06.050 > [965644][V][LoraMesher.cpp:642] processPackets(): [LoRaMesher] Free heap: 336472
17:03:06.753 > [966347][V][LoraMesher.cpp:378] receivingRoutine(): [LoRaMesher] Stack space unused after entering the task: 2040
17:03:06.764 > [966358][V][LoraMesher.cpp:379] receivingRoutine(): [LoRaMesher] Free heap: 336472
17:03:06.771 > [966365][I][PacketService.cpp:12] createEmptyPacket(): [LoRaMesher] Packet created with 24 bytes
17:03:06.780 > [966374][I][LoraMesher.cpp:392] receivingRoutine(): [LoRaMesher] Receiving LoRa packet: Size: 24 bytes RSSI: -57 SNR: 12
17:03:06.791 > [966385][V][LoraMesher.cpp:647] processPackets(): [LoRaMesher] Size of Received Packets Queue: 1
17:03:06.800 > [966394][V][LoraMesher.cpp:754] printHeaderPacket(): [LoRaMesher] Packet received -- Size: 24 Src: AFC0 Dst: FFFF Id: 9 Type: 4 Via: 0 Seq_Id: 0 Num: 0
17:03:06.814 > [966407][I][RoutingTableService.cpp:77] processRoute(): [LoRaMesher] Route packet from AFC0 with size 4
17:03:06.823 > [966416][I][RoutingTableService.cpp:99] resetReceiveSNRRoutePacket(): [LoRaMesher] Reset Receive SNR from AFC0: 12
17:03:06.833 > [966427][I][RoutingTableService.cpp:192] printRoutingTable(): [LoRaMesher] Current routing table:
17:03:06.842 > [966435][I][RoutingTableService.cpp:206] printRoutingTable(): [LoRaMesher] 0 - AFC0 via AFC0 metric 1 Role 0
17:03:06.851 > [966445][I][RoutingTableService.cpp:206] printRoutingTable(): [LoRaMesher] 1 - D110 via D110 metric 1 Role 1
17:03:06.861 > [966454][I][RoutingTableService.cpp:206] printRoutingTable(): [LoRaMesher] 2 - DE6C via AFC0 metric 2 Role 0
17:03:06.871 > [966464][I][RoutingTableService.cpp:206] printRoutingTable(): [LoRaMesher] 3 - B3F0 via AFC0 metric 3 Role 0
17:03:06.880 > [966474][I][PacketQueueService.h:80] deleteQueuePacketAndPacket(): [LoRaMesher] Deleting packet
17:03:06.889 > [966482][I][PacketQueueService.h:83] deleteQueuePacketAndPacket(): [LoRaMesher] Deleting packet queue
17:03:06.898 > [966491][V][LoraMesher.cpp:641] processPackets(): [LoRaMesher] Stack space unused after entering the task: 2040
17:03:06.908 > [966501][V][LoraMesher.cpp:642] processPackets(): [LoRaMesher] Free heap: 336472
17:03:07.594 > [967188][V][LoraMesher.cpp:378] receivingRoutine(): [LoRaMesher] Stack space unused after entering the task: 2040
17:03:07.604 > [967198][V][LoraMesher.cpp:379] receivingRoutine(): [LoRaMesher] Free heap: 336472
17:03:07.611 > [967205][I][PacketService.cpp:12] createEmptyPacket(): [LoRaMesher] Packet created with 24 bytes
17:03:07.620 > [967214][I][LoraMesher.cpp:392] receivingRoutine(): [LoRaMesher] Receiving LoRa packet: Size: 24 bytes RSSI: -13 SNR: 13
17:03:07.631 > [967225][V][LoraMesher.cpp:647] processPackets(): [LoRaMesher] Size of Received Packets Queue: 1
17:03:07.641 > [967234][I][PacketQueueService.h:80] deleteQueuePacketAndPacket(): [LoRaMesher] Deleting packet
17:03:07.649 > [967242][I][PacketQueueService.h:83] deleteQueuePacketAndPacket(): [LoRaMesher] Deleting packet queue
17:03:07.658 > [967251][V][LoraMesher.cpp:658] processPackets(): [LoRaMesher] TESTING: Packet not for me, deleting it
17:03:07.667 > [967261][V][LoraMesher.cpp:641] processPackets(): [LoRaMesher] Stack space unused after entering the task: 2040
17:03:07.677 > [967271][V][LoraMesher.cpp:642] processPackets(): [LoRaMesher] Free heap: 336472
17:03:08.894 > [968488][V][LoraMesher.cpp:598] sendHelloPacket(): [LoRaMesher] Creating Routing Packet
17:03:08.902 > [968496][V][LoraMesher.cpp:599] sendHelloPacket(): [LoRaMesher] Stack space unused after entering the task: 2332
17:03:08.912 > [968506][V][LoraMesher.cpp:600] sendHelloPacket(): [LoRaMesher] Free heap: 336472
17:03:08.920 > [968513][V][PacketFactory.h:45] createPacket(): [LoRaMesher] Creating packet with 24 bytes
17:03:08.928 > [968521][I][PacketFactory.h:74] createPacket(): [LoRaMesher] Packet created with 24 bytes
17:03:08.935 > [968529][I][LoraMesher.h:659] setPackedForSend(): [LoRaMesher] Adding packet to Q_SP
17:03:08.942 > [968537][I][LoraMesher.h:661] setPackedForSend(): [LoRaMesher] Created packet to Q_SP
17:03:08.950 > [968544][I][LoraMesher.cpp:1051] addToSendOrderedAndNotify(): [LoRaMesher] Added packet to Q_SP, notifying sender task
17:03:08.961 > [968555][V][LoraMesher.cpp:511] sendPackets(): [LoRaMesher] Stack space unused after entering the task: 2084
17:03:08.970 > [968564][V][LoraMesher.cpp:512] sendPackets(): [LoRaMesher] Free heap: 336360
17:03:08.977 > [968571][V][LoraMesher.cpp:518] sendPackets(): [LoRaMesher] Size of Send Packets Queue: 1
17:03:08.985 > [968579][V][LoraMesher.cpp:525] sendPackets(): [LoRaMesher] Send n. 38
17:03:08.991 > [968586][V][LoraMesher.cpp:455] waitBeforeSend(): [LoRaMesher] RandomDelay 896 ms
17:03:09.184 > [968779][V][LoraMesher.cpp:378] receivingRoutine(): [LoRaMesher] Stack space unused after entering the task: 2040
17:03:09.195 > [968789][V][LoraMesher.cpp:379] receivingRoutine(): [LoRaMesher] Free heap: 336400
17:03:09.203 > [968796][I][PacketService.cpp:12] createEmptyPacket(): [LoRaMesher] Packet created with 24 bytes
17:03:09.211 > [968805][I][LoraMesher.cpp:392] receivingRoutine(): [LoRaMesher] Receiving LoRa packet: Size: 24 bytes RSSI: -5 SNR: 13
17:03:09.222 > [968816][V][LoraMesher.cpp:647] processPackets(): [LoRaMesher] Size of Received Packets Queue: 1
17:03:09.231 > [968825][I][PacketQueueService.h:80] deleteQueuePacketAndPacket(): [LoRaMesher] Deleting packet
17:03:09.240 > [968833][I][PacketQueueService.h:83] deleteQueuePacketAndPacket(): [LoRaMesher] Deleting packet queue
17:03:09.249 > [968842][V][LoraMesher.cpp:658] processPackets(): [LoRaMesher] TESTING: Packet not for me, deleting it
17:03:09.257 > [968851][V][LoraMesher.cpp:641] processPackets(): [LoRaMesher] Stack space unused after entering the task: 2040
17:03:09.267 > [968861][V][LoraMesher.cpp:642] processPackets(): [LoRaMesher] Free heap: 336400
17:03:09.901 > [969495][V][LoraMesher.cpp:462] waitBeforeSend(): [LoRaMesher] Preamble detected while waiting 1
17:03:09.909 > [969503][V][LoraMesher.cpp:455] waitBeforeSend(): [LoRaMesher] RandomDelay 1021 ms
17:03:10.389 > [969983][V][LoraMesher.cpp:378] receivingRoutine(): [LoRaMesher] Stack space unused after entering the task: 2040
17:03:10.398 > [969993][V][LoraMesher.cpp:379] receivingRoutine(): [LoRaMesher] Free heap: 336400
17:03:10.407 > [970000][I][PacketService.cpp:12] createEmptyPacket(): [LoRaMesher] Packet created with 17 bytes
17:03:10.415 > [970009][I][LoraMesher.cpp:392] receivingRoutine(): [LoRaMesher] Receiving LoRa packet: Size: 17 bytes RSSI: -13 SNR: 13
17:03:10.426 > [970020][V][LoraMesher.cpp:647] processPackets(): [LoRaMesher] Size of Received Packets Queue: 1
17:03:10.435 > [970029][I][PacketQueueService.h:80] deleteQueuePacketAndPacket(): [LoRaMesher] Deleting packet
17:03:10.443 > [970037][I][PacketQueueService.h:83] deleteQueuePacketAndPacket(): [LoRaMesher] Deleting packet queue
17:03:10.452 > [970046][V][LoraMesher.cpp:658] processPackets(): [LoRaMesher] TESTING: Packet not for me, deleting it
17:03:10.462 > [970055][V][LoraMesher.cpp:641] processPackets(): [LoRaMesher] Stack space unused after entering the task: 2040
17:03:10.471 > [970065][V][LoraMesher.cpp:642] processPackets(): [LoRaMesher] Free heap: 336400
17:03:10.942 > [970537][V][LoraMesher.cpp:462] waitBeforeSend(): [LoRaMesher] Preamble detected while waiting 2
17:03:10.951 > [970545][V][LoraMesher.cpp:455] waitBeforeSend(): [LoRaMesher] RandomDelay 1066 ms
17:03:11.744 > [971338][V][LoraMesher.cpp:378] receivingRoutine(): [LoRaMesher] Stack space unused after entering the task: 2040
17:03:11.754 > [971348][V][LoraMesher.cpp:379] receivingRoutine(): [LoRaMesher] Free heap: 336400
17:03:11.761 > [971355][I][PacketService.cpp:12] createEmptyPacket(): [LoRaMesher] Packet created with 17 bytes
17:03:11.770 > [971364][I][LoraMesher.cpp:392] receivingRoutine(): [LoRaMesher] Receiving LoRa packet: Size: 17 bytes RSSI: -5 SNR: 13
17:03:11.781 > [971375][V][LoraMesher.cpp:647] processPackets(): [LoRaMesher] Size of Received Packets Queue: 1
17:03:11.789 > [971384][I][PacketQueueService.h:80] deleteQueuePacketAndPacket(): [LoRaMesher] Deleting packet
17:03:11.798 > [971392][I][PacketQueueService.h:83] deleteQueuePacketAndPacket(): [LoRaMesher] Deleting packet queue
17:03:11.807 > [971401][V][LoraMesher.cpp:658] processPackets(): [LoRaMesher] TESTING: Packet not for me, deleting it
17:03:11.816 > [971410][V][LoraMesher.cpp:641] processPackets(): [LoRaMesher] Stack space unused after entering the task: 2040
17:03:11.826 > [971420][V][LoraMesher.cpp:642] processPackets(): [LoRaMesher] Free heap: 336400
17:03:12.029 > [971624][V][LoraMesher.cpp:462] waitBeforeSend(): [LoRaMesher] Preamble detected while waiting 3
17:03:12.038 > [971632][V][LoraMesher.cpp:455] waitBeforeSend(): [LoRaMesher] RandomDelay 370 ms
17:03:12.415 > [972009][V][LoraMesher.cpp:754] printHeaderPacket(): [LoRaMesher] Packet send -- Size: 24 Src: F02C Dst: FFFF Id: 8 Type: 4 Via: 0 Seq_Id: 0 Num: 0
17:03:12.519 > [972113][V][LoraMesher.cpp:575] sendPackets(): [LoRaMesher] TimeOnAir 78 ms, next message in 0 ms
17:03:12.528 > [972122][I][PacketQueueService.h:80] deleteQueuePacketAndPacket(): [LoRaMesher] Deleting packet
17:03:12.536 > [972130][I][PacketQueueService.h:83] deleteQueuePacketAndPacket(): [LoRaMesher] Deleting packet queue
17:03:14.285 > [973879][V][LoraMesher.cpp:378] receivingRoutine(): [LoRaMesher] Stack space unused after entering the task: 2040
17:03:14.295 > [973889][V][LoraMesher.cpp:379] receivingRoutine(): [LoRaMesher] Free heap: 336472
17:03:14.303 > [973897][I][PacketService.cpp:12] createEmptyPacket(): [LoRaMesher] Packet created with 17 bytes
17:03:14.311 > [973906][I][LoraMesher.cpp:392] receivingRoutine(): [LoRaMesher] Receiving LoRa packet: Size: 17 bytes RSSI: -57 SNR: 12
17:03:14.323 > [973917][V][LoraMesher.cpp:647] processPackets(): [LoRaMesher] Size of Received Packets Queue: 1
17:03:14.331 > [973926][V][LoraMesher.cpp:754] printHeaderPacket(): [LoRaMesher] Packet received -- Size: 17 Src: B3F0 Dst: D110 Id: 57 Type: 2 Via: F02C Seq_Id: 0 Num: 0
17:03:14.346 > [973939][I][LoraMesher.cpp:854] processDataPacket(): [LoRaMesher] Data packet from B3F0, destination D110, via F02C
17:03:14.355 > [973950][V][LoraMesher.cpp:872] processDataPacket(): [LoRaMesher] Data Packet from B3F0 for D110. Via is me. Forwarding it
17:03:14.366 > [973960][I][LoraMesher.cpp:1051] addToSendOrderedAndNotify(): [LoRaMesher] Added packet to Q_SP, notifying sender task
17:03:14.377 > [973971][V][LoraMesher.cpp:511] sendPackets(): [LoRaMesher] Stack space unused after entering the task: 2084
17:03:14.386 > [973981][V][LoraMesher.cpp:512] sendPackets(): [LoRaMesher] Free heap: 336376
17:03:14.394 > [973988][V][LoraMesher.cpp:518] sendPackets(): [LoRaMesher] Size of Send Packets Queue: 1
17:03:14.401 > [973996][V][LoraMesher.cpp:525] sendPackets(): [LoRaMesher] Send n. 39
17:03:14.407 > [974002][V][LoraMesher.cpp:455] waitBeforeSend(): [LoRaMesher] RandomDelay 954 ms
17:03:14.415 > [974009][V][LoraMesher.cpp:641] processPackets(): [LoRaMesher] Stack space unused after entering the task: 2040
17:03:14.426 > [974019][V][LoraMesher.cpp:642] processPackets(): [LoRaMesher] Free heap: 336404
17:03:15.368 > [974963][V][LoraMesher.cpp:754] printHeaderPacket(): [LoRaMesher] Packet send -- Size: 17 Src: B3F0 Dst: D110 Id: 57 Type: 2 Via: D110 Seq_Id: 0 Num: 0
17:03:15.458 > [975053][V][LoraMesher.cpp:575] sendPackets(): [LoRaMesher] TimeOnAir 63 ms, next message in 0 ms
17:03:15.468 > [975062][I][PacketQueueService.h:80] deleteQueuePacketAndPacket(): [LoRaMesher] Deleting packet
17:03:15.477 > [975070][I][PacketQueueService.h:83] deleteQueuePacketAndPacket(): [LoRaMesher] Deleting packet queue
17:03:29.901 > [989496][V][LoraMesher.cpp:378] receivingRoutine(): [LoRaMesher] Stack space unused after entering the task: 2040
17:03:29.911 > [989506][V][LoraMesher.cpp:379] receivingRoutine(): [LoRaMesher] Free heap: 336472
17:03:29.919 > [989513][I][PacketService.cpp:12] createEmptyPacket(): [LoRaMesher] Packet created with 17 bytes
17:03:29.927 > [989522][I][LoraMesher.cpp:392] receivingRoutine(): [LoRaMesher] Receiving LoRa packet: Size: 17 bytes RSSI: -13 SNR: 13
17:03:29.939 > [989533][V][LoraMesher.cpp:647] processPackets(): [LoRaMesher] Size of Received Packets Queue: 1
17:03:29.947 > [989542][I][PacketQueueService.h:80] deleteQueuePacketAndPacket(): [LoRaMesher] Deleting packet
17:03:29.956 > [989550][I][PacketQueueService.h:83] deleteQueuePacketAndPacket(): [LoRaMesher] Deleting packet queue
17:03:29.965 > [989559][V][LoraMesher.cpp:658] processPackets(): [LoRaMesher] TESTING: Packet not for me, deleting it
17:03:29.974 > [989568][V][LoraMesher.cpp:641] processPackets(): [LoRaMesher] Stack space unused after entering the task: 2040
17:03:29.984 > [989578][V][LoraMesher.cpp:642] processPackets(): [LoRaMesher] Free heap: 336472
17:03:31.121 > [990716][V][LoraMesher.cpp:378] receivingRoutine(): [LoRaMesher] Stack space unused after entering the task: 2040
17:03:31.132 > [990726][V][LoraMesher.cpp:379] receivingRoutine(): [LoRaMesher] Free heap: 336472
17:03:31.139 > [990734][I][PacketService.cpp:12] createEmptyPacket(): [LoRaMesher] Packet created with 17 bytes
17:03:31.148 > [990743][I][LoraMesher.cpp:392] receivingRoutine(): [LoRaMesher] Receiving LoRa packet: Size: 17 bytes RSSI: -5 SNR: 13
17:03:31.159 > [990754][V][LoraMesher.cpp:647] processPackets(): [LoRaMesher] Size of Received Packets Queue: 1
17:03:31.168 > [990762][I][PacketQueueService.h:80] deleteQueuePacketAndPacket(): [LoRaMesher] Deleting packet
17:03:31.176 > [990771][I][PacketQueueService.h:83] deleteQueuePacketAndPacket(): [LoRaMesher] Deleting packet queue
17:03:31.185 > [990780][V][LoraMesher.cpp:658] processPackets(): [LoRaMesher] TESTING: Packet not for me, deleting it
17:03:31.194 > [990789][V][LoraMesher.cpp:641] processPackets(): [LoRaMesher] Stack space unused after entering the task: 2040
17:03:31.204 > [990799][V][LoraMesher.cpp:642] processPackets(): [LoRaMesher] Free heap: 336472
17:03:32.472 > [992067][V][LoraMesher.cpp:378] receivingRoutine(): [LoRaMesher] Stack space unused after entering the task: 2040
17:03:32.483 > [992077][V][LoraMesher.cpp:379] receivingRoutine(): [LoRaMesher] Free heap: 336472
17:03:32.490 > [992085][I][PacketService.cpp:12] createEmptyPacket(): [LoRaMesher] Packet created with 17 bytes
17:03:32.499 > [992094][I][LoraMesher.cpp:392] receivingRoutine(): [LoRaMesher] Receiving LoRa packet: Size: 17 bytes RSSI: -57 SNR: 12
17:03:32.510 > [992105][V][LoraMesher.cpp:647] processPackets(): [LoRaMesher] Size of Received Packets Queue: 1
17:03:32.520 > [992114][V][LoraMesher.cpp:754] printHeaderPacket(): [LoRaMesher] Packet received -- Size: 17 Src: B3F0 Dst: D110 Id: 58 Type: 2 Via: F02C Seq_Id: 0 Num: 0
17:03:32.533 > [992127][I][LoraMesher.cpp:854] processDataPacket(): [LoRaMesher] Data packet from B3F0, destination D110, via F02C
17:03:32.543 > [992138][V][LoraMesher.cpp:872] processDataPacket(): [LoRaMesher] Data Packet from B3F0 for D110. Via is me. Forwarding it
17:03:32.554 > [992148][I][LoraMesher.cpp:1051] addToSendOrderedAndNotify(): [LoRaMesher] Added packet to Q_SP, notifying sender task
17:03:32.564 > [992159][V][LoraMesher.cpp:511] sendPackets(): [LoRaMesher] Stack space unused after entering the task: 2084
17:03:32.574 > [992169][V][LoraMesher.cpp:512] sendPackets(): [LoRaMesher] Free heap: 336376
17:03:32.581 > [992176][V][LoraMesher.cpp:518] sendPackets(): [LoRaMesher] Size of Send Packets Queue: 1
17:03:32.589 > [992184][V][LoraMesher.cpp:525] sendPackets(): [LoRaMesher] Send n. 40
17:03:32.595 > [992190][V][LoraMesher.cpp:455] waitBeforeSend(): [LoRaMesher] RandomDelay 513 ms
17:03:32.602 > [992197][V][LoraMesher.cpp:641] processPackets(): [LoRaMesher] Stack space unused after entering the task: 2040
17:03:32.612 > [992207][V][LoraMesher.cpp:642] processPackets(): [LoRaMesher] Free heap: 336404
17:03:33.115 > [992710][V][LoraMesher.cpp:754] printHeaderPacket(): [LoRaMesher] Packet send -- Size: 17 Src: B3F0 Dst: D110 Id: 58 Type: 2 Via: D110 Seq_Id: 0 Num: 0
17:03:33.205 > [992800][V][LoraMesher.cpp:575] sendPackets(): [LoRaMesher] TimeOnAir 63 ms, next message in 0 ms
17:03:33.214 > [992809][I][PacketQueueService.h:80] deleteQueuePacketAndPacket(): [LoRaMesher] Deleting packet
17:03:33.222 > [992817][I][PacketQueueService.h:83] deleteQueuePacketAndPacket(): [LoRaMesher] Deleting packet queue
17:03:49.184 > [1008780][V][LoraMesher.cpp:378] receivingRoutine(): [LoRaMesher] Stack space unused after entering the task: 2040
17:03:49.195 > [1008790][V][LoraMesher.cpp:379] receivingRoutine(): [LoRaMesher] Free heap: 336472
17:03:49.202 > [1008797][I][PacketService.cpp:12] createEmptyPacket(): [LoRaMesher] Packet created with 17 bytes
17:03:49.211 > [1008806][I][LoraMesher.cpp:392] receivingRoutine(): [LoRaMesher] Receiving LoRa packet: Size: 17 bytes RSSI: -13 SNR: 13
17:03:49.223 > [1008818][V][LoraMesher.cpp:647] processPackets(): [LoRaMesher] Size of Received Packets Queue: 1
17:03:49.231 > [1008826][I][PacketQueueService.h:80] deleteQueuePacketAndPacket(): [LoRaMesher] Deleting packet
17:03:49.240 > [1008835][I][PacketQueueService.h:83] deleteQueuePacketAndPacket(): [LoRaMesher] Deleting packet queue
17:03:49.249 > [1008844][V][LoraMesher.cpp:658] processPackets(): [LoRaMesher] TESTING: Packet not for me, deleting it
17:03:49.258 > [1008853][V][LoraMesher.cpp:641] processPackets(): [LoRaMesher] Stack space unused after entering the task: 2040
17:03:49.268 > [1008863][V][LoraMesher.cpp:642] processPackets(): [LoRaMesher] Free heap: 336472
17:03:49.904 > [1009499][V][LoraMesher.cpp:378] receivingRoutine(): [LoRaMesher] Stack space unused after entering the task: 2040
17:03:49.914 > [1009509][V][LoraMesher.cpp:379] receivingRoutine(): [LoRaMesher] Free heap: 336472
17:03:49.922 > [1009517][I][PacketService.cpp:12] createEmptyPacket(): [LoRaMesher] Packet created with 17 bytes
17:03:49.930 > [1009525][I][LoraMesher.cpp:392] receivingRoutine(): [LoRaMesher] Receiving LoRa packet: Size: 17 bytes RSSI: -5 SNR: 13
17:03:49.942 > [1009537][V][LoraMesher.cpp:647] processPackets(): [LoRaMesher] Size of Received Packets Queue: 1
17:03:49.950 > [1009545][I][PacketQueueService.h:80] deleteQueuePacketAndPacket(): [LoRaMesher] Deleting packet
17:03:49.959 > [1009554][I][PacketQueueService.h:83] deleteQueuePacketAndPacket(): [LoRaMesher] Deleting packet queue
17:03:49.968 > [1009563][V][LoraMesher.cpp:658] processPackets(): [LoRaMesher] TESTING: Packet not for me, deleting it
17:03:49.977 > [1009572][V][LoraMesher.cpp:641] processPackets(): [LoRaMesher] Stack space unused after entering the task: 2040
17:03:49.987 > [1009582][V][LoraMesher.cpp:642] processPackets(): [LoRaMesher] Free heap: 336472
17:03:51.146 > [1010741][V][LoraMesher.cpp:378] receivingRoutine(): [LoRaMesher] Stack space unused after entering the task: 2040
17:03:51.156 > [1010752][V][LoraMesher.cpp:379] receivingRoutine(): [LoRaMesher] Free heap: 336472
17:03:51.164 > [1010759][I][PacketService.cpp:12] createEmptyPacket(): [LoRaMesher] Packet created with 17 bytes
17:03:51.173 > [1010768][I][LoraMesher.cpp:392] receivingRoutine(): [LoRaMesher] Receiving LoRa packet: Size: 17 bytes RSSI: -58 SNR: 11
17:03:51.184 > [1010779][V][LoraMesher.cpp:647] processPackets(): [LoRaMesher] Size of Received Packets Queue: 1
17:03:51.193 > [1010788][V][LoraMesher.cpp:754] printHeaderPacket(): [LoRaMesher] Packet received -- Size: 17 Src: B3F0 Dst: D110 Id: 59 Type: 2 Via: F02C Seq_Id: 0 Num: 0
17:03:51.207 > [1010802][I][LoraMesher.cpp:854] processDataPacket(): [LoRaMesher] Data packet from B3F0, destination D110, via F02C
17:03:51.217 > [1010812][V][LoraMesher.cpp:872] processDataPacket(): [LoRaMesher] Data Packet from B3F0 for D110. Via is me. Forwarding it
17:03:51.228 > [1010823][I][LoraMesher.cpp:1051] addToSendOrderedAndNotify(): [LoRaMesher] Added packet to Q_SP, notifying sender task
17:03:51.239 > [1010834][V][LoraMesher.cpp:511] sendPackets(): [LoRaMesher] Stack space unused after entering the task: 2084
17:03:51.248 > [1010844][V][LoraMesher.cpp:512] sendPackets(): [LoRaMesher] Free heap: 336376
17:03:51.255 > [1010851][V][LoraMesher.cpp:518] sendPackets(): [LoRaMesher] Size of Send Packets Queue: 1
17:03:51.263 > [1010859][V][LoraMesher.cpp:525] sendPackets(): [LoRaMesher] Send n. 41
17:03:51.270 > [1010865][V][LoraMesher.cpp:455] waitBeforeSend(): [LoRaMesher] RandomDelay 1179 ms
17:03:51.278 > [1010872][V][LoraMesher.cpp:641] processPackets(): [LoRaMesher] Stack space unused after entering the task: 2040
17:03:51.287 > [1010883][V][LoraMesher.cpp:642] processPackets(): [LoRaMesher] Free heap: 336404
17:03:52.456 > [1012051][V][LoraMesher.cpp:754] printHeaderPacket(): [LoRaMesher] Packet send -- Size: 17 Src: B3F0 Dst: D110 Id: 59 Type: 2 Via: D110 Seq_Id: 0 Num: 0
17:03:52.545 > [1012141][V][LoraMesher.cpp:575] sendPackets(): [LoRaMesher] TimeOnAir 63 ms, next message in 0 ms
17:03:52.555 > [1012150][I][PacketQueueService.h:80] deleteQueuePacketAndPacket(): [LoRaMesher] Deleting packet
17:03:52.563 > [1012158][I][PacketQueueService.h:83] deleteQueuePacketAndPacket(): [LoRaMesher] Deleting packet queue
17:04:09.586 > [1029182][V][LoraMesher.cpp:378] receivingRoutine(): [LoRaMesher] Stack space unused after entering the task: 2040
17:04:09.596 > [1029192][V][LoraMesher.cpp:379] receivingRoutine(): [LoRaMesher] Free heap: 336472
17:04:09.604 > [1029199][I][PacketService.cpp:12] createEmptyPacket(): [LoRaMesher] Packet created with 17 bytes
17:04:09.613 > [1029208][I][LoraMesher.cpp:392] receivingRoutine(): [LoRaMesher] Receiving LoRa packet: Size: 17 bytes RSSI: -13 SNR: 12
17:04:09.624 > [1029220][V][LoraMesher.cpp:647] processPackets(): [LoRaMesher] Size of Received Packets Queue: 1
17:04:09.633 > [1029228][I][PacketQueueService.h:80] deleteQueuePacketAndPacket(): [LoRaMesher] Deleting packet
17:04:09.641 > [1029237][I][PacketQueueService.h:83] deleteQueuePacketAndPacket(): [LoRaMesher] Deleting packet queue
17:04:09.651 > [1029246][V][LoraMesher.cpp:658] processPackets(): [LoRaMesher] TESTING: Packet not for me, deleting it
17:04:09.660 > [1029255][V][LoraMesher.cpp:641] processPackets(): [LoRaMesher] Stack space unused after entering the task: 2040
17:04:09.670 > [1029265][V][LoraMesher.cpp:642] processPackets(): [LoRaMesher] Free heap: 336472
17:04:10.479 > [1030075][V][LoraMesher.cpp:378] receivingRoutine(): [LoRaMesher] Stack space unused after entering the task: 2040
17:04:10.490 > [1030086][V][LoraMesher.cpp:379] receivingRoutine(): [LoRaMesher] Free heap: 336472
17:04:10.498 > [1030093][I][PacketService.cpp:12] createEmptyPacket(): [LoRaMesher] Packet created with 17 bytes
17:04:10.507 > [1030102][I][LoraMesher.cpp:392] receivingRoutine(): [LoRaMesher] Receiving LoRa packet: Size: 17 bytes RSSI: -6 SNR: 12
17:04:10.518 > [1030113][V][LoraMesher.cpp:647] processPackets(): [LoRaMesher] Size of Received Packets Queue: 1
17:04:10.526 > [1030122][I][PacketQueueService.h:80] deleteQueuePacketAndPacket(): [LoRaMesher] Deleting packet
17:04:10.535 > [1030130][I][PacketQueueService.h:83] deleteQueuePacketAndPacket(): [LoRaMesher] Deleting packet queue
17:04:10.544 > [1030140][V][LoraMesher.cpp:658] processPackets(): [LoRaMesher] TESTING: Packet not for me, deleting it
17:04:10.553 > [1030149][V][LoraMesher.cpp:641] processPackets(): [LoRaMesher] Stack space unused after entering the task: 2040
17:04:10.563 > [1030159][V][LoraMesher.cpp:642] processPackets(): [LoRaMesher] Free heap: 336472
17:04:11.179 > [1030775][V][LoraMesher.cpp:378] receivingRoutine(): [LoRaMesher] Stack space unused after entering the task: 2040
17:04:11.190 > [1030785][V][LoraMesher.cpp:379] receivingRoutine(): [LoRaMesher] Free heap: 336472
17:04:11.198 > [1030793][I][PacketService.cpp:12] createEmptyPacket(): [LoRaMesher] Packet created with 17 bytes
17:04:11.207 > [1030802][I][LoraMesher.cpp:392] receivingRoutine(): [LoRaMesher] Receiving LoRa packet: Size: 17 bytes RSSI: -58 SNR: 11
17:04:11.218 > [1030813][V][LoraMesher.cpp:647] processPackets(): [LoRaMesher] Size of Received Packets Queue: 1
17:04:11.227 > [1030822][V][LoraMesher.cpp:754] printHeaderPacket(): [LoRaMesher] Packet received -- Size: 17 Src: B3F0 Dst: D110 Id: 60 Type: 2 Via: F02C Seq_Id: 0 Num: 0
17:04:11.240 > [1030836][I][LoraMesher.cpp:854] processDataPacket(): [LoRaMesher] Data packet from B3F0, destination D110, via F02C
17:04:11.251 > [1030846][V][LoraMesher.cpp:872] processDataPacket(): [LoRaMesher] Data Packet from B3F0 for D110. Via is me. Forwarding it
17:04:11.262 > [1030857][I][LoraMesher.cpp:1051] addToSendOrderedAndNotify(): [LoRaMesher] Added packet to Q_SP, notifying sender task
17:04:11.272 > [1030868][V][LoraMesher.cpp:511] sendPackets(): [LoRaMesher] Stack space unused after entering the task: 2084
17:04:11.282 > [1030877][V][LoraMesher.cpp:512] sendPackets(): [LoRaMesher] Free heap: 336376
17:04:11.289 > [1030884][V][LoraMesher.cpp:518] sendPackets(): [LoRaMesher] Size of Send Packets Queue: 1
17:04:11.297 > [1030893][V][LoraMesher.cpp:525] sendPackets(): [LoRaMesher] Send n. 42
17:04:11.303 > [1030899][V][LoraMesher.cpp:455] waitBeforeSend(): [LoRaMesher] RandomDelay 879 ms
17:04:11.311 > [1030906][V][LoraMesher.cpp:641] processPackets(): [LoRaMesher] Stack space unused after entering the task: 2040
17:04:11.321 > [1030916][V][LoraMesher.cpp:642] processPackets(): [LoRaMesher] Free heap: 336404
17:04:12.189 > [1031785][V][LoraMesher.cpp:754] printHeaderPacket(): [LoRaMesher] Packet send -- Size: 17 Src: B3F0 Dst: D110 Id: 60 Type: 2 Via: D110 Seq_Id: 0 Num: 0
17:04:12.279 > [1031875][V][LoraMesher.cpp:575] sendPackets(): [LoRaMesher] TimeOnAir 63 ms, next message in 0 ms
17:04:12.288 > [1031884][I][PacketQueueService.h:80] deleteQueuePacketAndPacket(): [LoRaMesher] Deleting packet
17:04:12.297 > [1031892][I][PacketQueueService.h:83] deleteQueuePacketAndPacket(): [LoRaMesher] Deleting packet queue
17:04:29.718 > [1049315][V][LoraMesher.cpp:378] receivingRoutine(): [LoRaMesher] Stack space unused after entering the task: 2040
17:04:29.729 > [1049325][V][LoraMesher.cpp:379] receivingRoutine(): [LoRaMesher] Free heap: 336472
17:04:29.736 > [1049332][I][PacketService.cpp:12] createEmptyPacket(): [LoRaMesher] Packet created with 17 bytes
17:04:29.745 > [1049341][I][LoraMesher.cpp:392] receivingRoutine(): [LoRaMesher] Receiving LoRa packet: Size: 17 bytes RSSI: -12 SNR: 13
17:04:29.756 > [1049352][V][LoraMesher.cpp:647] processPackets(): [LoRaMesher] Size of Received Packets Queue: 1
17:04:29.765 > [1049361][I][PacketQueueService.h:80] deleteQueuePacketAndPacket(): [LoRaMesher] Deleting packet
17:04:29.773 > [1049370][I][PacketQueueService.h:83] deleteQueuePacketAndPacket(): [LoRaMesher] Deleting packet queue
17:04:29.783 > [1049379][V][LoraMesher.cpp:658] processPackets(): [LoRaMesher] TESTING: Packet not for me, deleting it
17:04:29.792 > [1049388][V][LoraMesher.cpp:641] processPackets(): [LoRaMesher] Stack space unused after entering the task: 2040
17:04:29.801 > [1049398][V][LoraMesher.cpp:642] processPackets(): [LoRaMesher] Free heap: 336472
17:04:30.857 > [1050454][V][LoraMesher.cpp:378] receivingRoutine(): [LoRaMesher] Stack space unused after entering the task: 2040
17:04:30.868 > [1050464][V][LoraMesher.cpp:379] receivingRoutine(): [LoRaMesher] Free heap: 336472
17:04:30.876 > [1050472][I][PacketService.cpp:12] createEmptyPacket(): [LoRaMesher] Packet created with 17 bytes
17:04:30.884 > [1050481][I][LoraMesher.cpp:392] receivingRoutine(): [LoRaMesher] Receiving LoRa packet: Size: 17 bytes RSSI: -7 SNR: 12
17:04:30.895 > [1050492][V][LoraMesher.cpp:647] processPackets(): [LoRaMesher] Size of Received Packets Queue: 1
17:04:30.904 > [1050500][I][PacketQueueService.h:80] deleteQueuePacketAndPacket(): [LoRaMesher] Deleting packet
17:04:30.912 > [1050509][I][PacketQueueService.h:83] deleteQueuePacketAndPacket(): [LoRaMesher] Deleting packet queue
17:04:30.921 > [1050518][V][LoraMesher.cpp:658] processPackets(): [LoRaMesher] TESTING: Packet not for me, deleting it
17:04:30.931 > [1050527][V][LoraMesher.cpp:641] processPackets(): [LoRaMesher] Stack space unused after entering the task: 2040
17:04:30.941 > [1050537][V][LoraMesher.cpp:642] processPackets(): [LoRaMesher] Free heap: 336472
17:04:31.397 > [1050994][V][LoraMesher.cpp:378] receivingRoutine(): [LoRaMesher] Stack space unused after entering the task: 2040
17:04:31.408 > [1051004][V][LoraMesher.cpp:379] receivingRoutine(): [LoRaMesher] Free heap: 336472
17:04:31.415 > [1051012][I][PacketService.cpp:12] createEmptyPacket(): [LoRaMesher] Packet created with 17 bytes
17:04:31.425 > [1051021][I][LoraMesher.cpp:392] receivingRoutine(): [LoRaMesher] Receiving LoRa packet: Size: 17 bytes RSSI: -58 SNR: 12
17:04:31.436 > [1051032][V][LoraMesher.cpp:647] processPackets(): [LoRaMesher] Size of Received Packets Queue: 1
17:04:31.445 > [1051041][V][LoraMesher.cpp:754] printHeaderPacket(): [LoRaMesher] Packet received -- Size: 17 Src: B3F0 Dst: D110 Id: 61 Type: 2 Via: F02C Seq_Id: 0 Num: 0
17:04:31.458 > [1051055][I][LoraMesher.cpp:854] processDataPacket(): [LoRaMesher] Data packet from B3F0, destination D110, via F02C
17:04:31.469 > [1051065][V][LoraMesher.cpp:872] processDataPacket(): [LoRaMesher] Data Packet from B3F0 for D110. Via is me. Forwarding it
17:04:31.479 > [1051076][I][LoraMesher.cpp:1051] addToSendOrderedAndNotify(): [LoRaMesher] Added packet to Q_SP, notifying sender task
17:04:31.491 > [1051087][V][LoraMesher.cpp:511] sendPackets(): [LoRaMesher] Stack space unused after entering the task: 2084
17:04:31.500 > [1051096][V][LoraMesher.cpp:512] sendPackets(): [LoRaMesher] Free heap: 336376
17:04:31.507 > [1051103][V][LoraMesher.cpp:518] sendPackets(): [LoRaMesher] Size of Send Packets Queue: 1
17:04:31.516 > [1051111][V][LoraMesher.cpp:525] sendPackets(): [LoRaMesher] Send n. 43
17:04:31.521 > [1051118][V][LoraMesher.cpp:455] waitBeforeSend(): [LoRaMesher] RandomDelay 456 ms
17:04:31.529 > [1051125][V][LoraMesher.cpp:641] processPackets(): [LoRaMesher] Stack space unused after entering the task: 2040
17:04:31.539 > [1051135][V][LoraMesher.cpp:642] processPackets(): [LoRaMesher] Free heap: 336404
17:04:31.984 > [1051581][V][LoraMesher.cpp:754] printHeaderPacket(): [LoRaMesher] Packet send -- Size: 17 Src: B3F0 Dst: D110 Id: 61 Type: 2 Via: D110 Seq_Id: 0 Num: 0
17:04:32.074 > [1051671][V][LoraMesher.cpp:575] sendPackets(): [LoRaMesher] TimeOnAir 63 ms, next message in 0 ms
17:04:32.083 > [1051680][I][PacketQueueService.h:80] deleteQueuePacketAndPacket(): [LoRaMesher] Deleting packet
17:04:32.093 > [1051688][I][PacketQueueService.h:83] deleteQueuePacketAndPacket(): [LoRaMesher] Deleting packet queue
17:04:50.226 > [1069823][V][LoraMesher.cpp:378] receivingRoutine(): [LoRaMesher] Stack space unused after entering the task: 2040
17:04:50.237 > [1069834][V][LoraMesher.cpp:379] receivingRoutine(): [LoRaMesher] Free heap: 336472
17:04:50.244 > [1069841][I][PacketService.cpp:12] createEmptyPacket(): [LoRaMesher] Packet created with 17 bytes
17:04:50.253 > [1069850][I][LoraMesher.cpp:392] receivingRoutine(): [LoRaMesher] Receiving LoRa packet: Size: 17 bytes RSSI: -12 SNR: 12
17:04:50.264 > [1069861][V][LoraMesher.cpp:647] processPackets(): [LoRaMesher] Size of Received Packets Queue: 1
17:04:50.273 > [1069870][I][PacketQueueService.h:80] deleteQueuePacketAndPacket(): [LoRaMesher] Deleting packet
17:04:50.282 > [1069879][I][PacketQueueService.h:83] deleteQueuePacketAndPacket(): [LoRaMesher] Deleting packet queue
17:04:50.291 > [1069888][V][LoraMesher.cpp:658] processPackets(): [LoRaMesher] TESTING: Packet not for me, deleting it
17:04:50.300 > [1069897][V][LoraMesher.cpp:641] processPackets(): [LoRaMesher] Stack space unused after entering the task: 2040
17:04:50.310 > [1069907][V][LoraMesher.cpp:642] processPackets(): [LoRaMesher] Free heap: 336472
17:04:51.187 > [1070784][V][LoraMesher.cpp:378] receivingRoutine(): [LoRaMesher] Stack space unused after entering the task: 2040
17:04:51.197 > [1070795][V][LoraMesher.cpp:379] receivingRoutine(): [LoRaMesher] Free heap: 336472
17:04:51.205 > [1070802][I][PacketService.cpp:12] createEmptyPacket(): [LoRaMesher] Packet created with 17 bytes
17:04:51.214 > [1070811][I][LoraMesher.cpp:392] receivingRoutine(): [LoRaMesher] Receiving LoRa packet: Size: 17 bytes RSSI: -6 SNR: 12
17:04:51.225 > [1070822][V][LoraMesher.cpp:647] processPackets(): [LoRaMesher] Size of Received Packets Queue: 1
17:04:51.234 > [1070831][I][PacketQueueService.h:80] deleteQueuePacketAndPacket(): [LoRaMesher] Deleting packet
17:04:51.242 > [1070840][I][PacketQueueService.h:83] deleteQueuePacketAndPacket(): [LoRaMesher] Deleting packet queue
17:04:51.251 > [1070849][V][LoraMesher.cpp:658] processPackets(): [LoRaMesher] TESTING: Packet not for me, deleting it
17:04:51.261 > [1070858][V][LoraMesher.cpp:641] processPackets(): [LoRaMesher] Stack space unused after entering the task: 2040
17:04:51.271 > [1070868][V][LoraMesher.cpp:642] processPackets(): [LoRaMesher] Free heap: 336472
17:04:51.907 > [1071504][V][LoraMesher.cpp:378] receivingRoutine(): [LoRaMesher] Stack space unused after entering the task: 2040
17:04:51.917 > [1071514][V][LoraMesher.cpp:379] receivingRoutine(): [LoRaMesher] Free heap: 336472
17:04:51.925 > [1071522][I][PacketService.cpp:12] createEmptyPacket(): [LoRaMesher] Packet created with 17 bytes
17:04:51.934 > [1071531][I][LoraMesher.cpp:392] receivingRoutine(): [LoRaMesher] Receiving LoRa packet: Size: 17 bytes RSSI: -58 SNR: 11
17:04:51.945 > [1071542][V][LoraMesher.cpp:647] processPackets(): [LoRaMesher] Size of Received Packets Queue: 1
17:04:51.954 > [1071551][V][LoraMesher.cpp:754] printHeaderPacket(): [LoRaMesher] Packet received -- Size: 17 Src: B3F0 Dst: D110 Id: 62 Type: 2 Via: F02C Seq_Id: 0 Num: 0
17:04:51.968 > [1071565][I][LoraMesher.cpp:854] processDataPacket(): [LoRaMesher] Data packet from B3F0, destination D110, via F02C
17:04:51.978 > [1071575][V][LoraMesher.cpp:872] processDataPacket(): [LoRaMesher] Data Packet from B3F0 for D110. Via is me. Forwarding it
17:04:51.989 > [1071586][I][LoraMesher.cpp:1051] addToSendOrderedAndNotify(): [LoRaMesher] Added packet to Q_SP, notifying sender task
17:04:51.999 > [1071597][V][LoraMesher.cpp:511] sendPackets(): [LoRaMesher] Stack space unused after entering the task: 2084
17:04:52.009 > [1071606][V][LoraMesher.cpp:512] sendPackets(): [LoRaMesher] Free heap: 336376
17:04:52.016 > [1071613][V][LoraMesher.cpp:518] sendPackets(): [LoRaMesher] Size of Send Packets Queue: 1
17:04:52.024 > [1071621][V][LoraMesher.cpp:525] sendPackets(): [LoRaMesher] Send n. 44
17:04:52.031 > [1071628][V][LoraMesher.cpp:455] waitBeforeSend(): [LoRaMesher] RandomDelay 953 ms
17:04:52.038 > [1071635][V][LoraMesher.cpp:641] processPackets(): [LoRaMesher] Stack space unused after entering the task: 2040
17:04:52.048 > [1071645][V][LoraMesher.cpp:642] processPackets(): [LoRaMesher] Free heap: 336404
17:04:52.991 > [1072588][V][LoraMesher.cpp:754] printHeaderPacket(): [LoRaMesher] Packet send -- Size: 17 Src: B3F0 Dst: D110 Id: 62 Type: 2 Via: D110 Seq_Id: 0 Num: 0
17:04:53.081 > [1072678][V][LoraMesher.cpp:575] sendPackets(): [LoRaMesher] TimeOnAir 63 ms, next message in 0 ms
17:04:53.090 > [1072687][I][PacketQueueService.h:80] deleteQueuePacketAndPacket(): [LoRaMesher] Deleting packet
17:04:53.098 > [1072695][I][PacketQueueService.h:83] deleteQueuePacketAndPacket(): [LoRaMesher] Deleting packet queue
17:05:06.016 > [1085614][V][LoraMesher.cpp:378] receivingRoutine(): [LoRaMesher] Stack space unused after entering the task: 2040
17:05:06.027 > [1085624][V][LoraMesher.cpp:379] receivingRoutine(): [LoRaMesher] Free heap: 336472
17:05:06.035 > [1085632][I][PacketService.cpp:12] createEmptyPacket(): [LoRaMesher] Packet created with 24 bytes
17:05:06.043 > [1085641][I][LoraMesher.cpp:392] receivingRoutine(): [LoRaMesher] Receiving LoRa packet: Size: 24 bytes RSSI: -59 SNR: 12
17:05:06.055 > [1085652][V][LoraMesher.cpp:647] processPackets(): [LoRaMesher] Size of Received Packets Queue: 1
17:05:06.064 > [1085661][V][LoraMesher.cpp:754] printHeaderPacket(): [LoRaMesher] Packet received -- Size: 24 Src: AFC0 Dst: FFFF Id: 10 Type: 4 Via: 0 Seq_Id: 0 Num: 0
17:05:06.077 > [1085675][I][RoutingTableService.cpp:77] processRoute(): [LoRaMesher] Route packet from AFC0 with size 4
17:05:06.086 > [1085684][I][RoutingTableService.cpp:99] resetReceiveSNRRoutePacket(): [LoRaMesher] Reset Receive SNR from AFC0: 12
17:05:06.097 > [1085694][I][RoutingTableService.cpp:192] printRoutingTable(): [LoRaMesher] Current routing table:
17:05:06.106 > [1085703][I][RoutingTableService.cpp:206] printRoutingTable(): [LoRaMesher] 0 - AFC0 via AFC0 metric 1 Role 0
17:05:06.115 > [1085713][I][RoutingTableService.cpp:206] printRoutingTable(): [LoRaMesher] 1 - D110 via D110 metric 1 Role 1
17:05:06.125 > [1085722][I][RoutingTableService.cpp:206] printRoutingTable(): [LoRaMesher] 2 - DE6C via AFC0 metric 2 Role 0
17:05:06.135 > [1085732][I][RoutingTableService.cpp:206] printRoutingTable(): [LoRaMesher] 3 - B3F0 via AFC0 metric 3 Role 0
17:05:06.144 > [1085742][I][PacketQueueService.h:80] deleteQueuePacketAndPacket(): [LoRaMesher] Deleting packet
17:05:06.153 > [1085750][I][PacketQueueService.h:83] deleteQueuePacketAndPacket(): [LoRaMesher] Deleting packet queue
17:05:06.162 > [1085759][V][LoraMesher.cpp:641] processPackets(): [LoRaMesher] Stack space unused after entering the task: 2040
17:05:06.172 > [1085770][V][LoraMesher.cpp:642] processPackets(): [LoRaMesher] Free heap: 336472
17:05:06.891 > [1086488][V][LoraMesher.cpp:378] receivingRoutine(): [LoRaMesher] Stack space unused after entering the task: 2040
17:05:06.901 > [1086499][V][LoraMesher.cpp:379] receivingRoutine(): [LoRaMesher] Free heap: 336472
17:05:06.909 > [1086506][I][PacketService.cpp:12] createEmptyPacket(): [LoRaMesher] Packet created with 24 bytes
17:05:06.918 > [1086515][I][LoraMesher.cpp:392] receivingRoutine(): [LoRaMesher] Receiving LoRa packet: Size: 24 bytes RSSI: -12 SNR: 13
17:05:06.929 > [1086527][V][LoraMesher.cpp:647] processPackets(): [LoRaMesher] Size of Received Packets Queue: 1
17:05:06.938 > [1086535][I][PacketQueueService.h:80] deleteQueuePacketAndPacket(): [LoRaMesher] Deleting packet
17:05:06.946 > [1086544][I][PacketQueueService.h:83] deleteQueuePacketAndPacket(): [LoRaMesher] Deleting packet queue
17:05:06.955 > [1086553][V][LoraMesher.cpp:658] processPackets(): [LoRaMesher] TESTING: Packet not for me, deleting it
17:05:06.965 > [1086562][V][LoraMesher.cpp:641] processPackets(): [LoRaMesher] Stack space unused after entering the task: 2040
17:05:06.975 > [1086572][V][LoraMesher.cpp:642] processPackets(): [LoRaMesher] Free heap: 336472
17:05:07.911 > [1087509][V][LoraMesher.cpp:378] receivingRoutine(): [LoRaMesher] Stack space unused after entering the task: 2040
17:05:07.922 > [1087519][V][LoraMesher.cpp:379] receivingRoutine(): [LoRaMesher] Free heap: 336472
17:05:07.930 > [1087527][I][PacketService.cpp:12] createEmptyPacket(): [LoRaMesher] Packet created with 24 bytes
17:05:07.938 > [1087536][I][LoraMesher.cpp:392] receivingRoutine(): [LoRaMesher] Receiving LoRa packet: Size: 24 bytes RSSI: -5 SNR: 13
17:05:07.950 > [1087547][V][LoraMesher.cpp:647] processPackets(): [LoRaMesher] Size of Received Packets Queue: 1
17:05:07.958 > [1087556][V][LoraMesher.cpp:754] printHeaderPacket(): [LoRaMesher] Packet received -- Size: 24 Src: D110 Dst: FFFF Id: 10 Type: 4 Via: 0 Seq_Id: 0 Num: 0
17:05:07.972 > [1087569][I][RoutingTableService.cpp:77] processRoute(): [LoRaMesher] Route packet from D110 with size 4
17:05:07.981 > [1087579][I][RoutingTableService.cpp:99] resetReceiveSNRRoutePacket(): [LoRaMesher] Reset Receive SNR from D110: 13
17:05:07.992 > [1087589][I][RoutingTableService.cpp:192] printRoutingTable(): [LoRaMesher] Current routing table:
17:05:08.000 > [1087598][I][RoutingTableService.cpp:206] printRoutingTable(): [LoRaMesher] 0 - AFC0 via AFC0 metric 1 Role 0
17:05:08.010 > [1087608][I][RoutingTableService.cpp:206] printRoutingTable(): [LoRaMesher] 1 - D110 via D110 metric 1 Role 1
17:05:08.020 > [1087617][I][RoutingTableService.cpp:206] printRoutingTable(): [LoRaMesher] 2 - DE6C via AFC0 metric 2 Role 0
17:05:08.030 > [1087627][I][RoutingTableService.cpp:206] printRoutingTable(): [LoRaMesher] 3 - B3F0 via AFC0 metric 3 Role 0
17:05:08.039 > [1087637][I][PacketQueueService.h:80] deleteQueuePacketAndPacket(): [LoRaMesher] Deleting packet
17:05:08.048 > [1087645][I][PacketQueueService.h:83] deleteQueuePacketAndPacket(): [LoRaMesher] Deleting packet queue
17:05:08.057 > [1087654][V][LoraMesher.cpp:641] processPackets(): [LoRaMesher] Stack space unused after entering the task: 2040
17:05:08.067 > [1087664][V][LoraMesher.cpp:642] processPackets(): [LoRaMesher] Free heap: 336472
17:05:08.957 > [1088555][V][LoraMesher.cpp:598] sendHelloPacket(): [LoRaMesher] Creating Routing Packet
17:05:08.965 > [1088563][V][LoraMesher.cpp:599] sendHelloPacket(): [LoRaMesher] Stack space unused after entering the task: 2332
17:05:08.975 > [1088573][V][LoraMesher.cpp:600] sendHelloPacket(): [LoRaMesher] Free heap: 336472
17:05:08.983 > [1088580][V][PacketFactory.h:45] createPacket(): [LoRaMesher] Creating packet with 24 bytes
17:05:08.991 > [1088588][I][PacketFactory.h:74] createPacket(): [LoRaMesher] Packet created with 24 bytes
17:05:08.999 > [1088597][I][LoraMesher.h:659] setPackedForSend(): [LoRaMesher] Adding packet to Q_SP
17:05:09.007 > [1088604][I][LoraMesher.h:661] setPackedForSend(): [LoRaMesher] Created packet to Q_SP
17:05:09.014 > [1088612][I][LoraMesher.cpp:1051] addToSendOrderedAndNotify(): [LoRaMesher] Added packet to Q_SP, notifying sender task
17:05:09.025 > [1088622][V][LoraMesher.cpp:511] sendPackets(): [LoRaMesher] Stack space unused after entering the task: 2084
17:05:09.035 > [1088632][V][LoraMesher.cpp:512] sendPackets(): [LoRaMesher] Free heap: 336360
17:05:09.042 > [1088639][V][LoraMesher.cpp:518] sendPackets(): [LoRaMesher] Size of Send Packets Queue: 1
17:05:09.050 > [1088647][V][LoraMesher.cpp:525] sendPackets(): [LoRaMesher] Send n. 45
17:05:09.056 > [1088654][V][LoraMesher.cpp:455] waitBeforeSend(): [LoRaMesher] RandomDelay 1123 ms
17:05:09.751 > [1089348][V][LoraMesher.cpp:378] receivingRoutine(): [LoRaMesher] Stack space unused after entering the task: 2040
17:05:09.761 > [1089359][V][LoraMesher.cpp:379] receivingRoutine(): [LoRaMesher] Free heap: 336400
17:05:09.769 > [1089366][I][PacketService.cpp:12] createEmptyPacket(): [LoRaMesher] Packet created with 17 bytes
17:05:09.778 > [1089375][I][LoraMesher.cpp:392] receivingRoutine(): [LoRaMesher] Receiving LoRa packet: Size: 17 bytes RSSI: -12 SNR: 12
17:05:09.789 > [1089386][V][LoraMesher.cpp:647] processPackets(): [LoRaMesher] Size of Received Packets Queue: 1
17:05:09.798 > [1089395][I][PacketQueueService.h:80] deleteQueuePacketAndPacket(): [LoRaMesher] Deleting packet
17:05:09.806 > [1089404][I][PacketQueueService.h:83] deleteQueuePacketAndPacket(): [LoRaMesher] Deleting packet queue
17:05:09.815 > [1089413][V][LoraMesher.cpp:658] processPackets(): [LoRaMesher] TESTING: Packet not for me, deleting it
17:05:09.825 > [1089422][V][LoraMesher.cpp:641] processPackets(): [LoRaMesher] Stack space unused after entering the task: 2040
17:05:09.835 > [1089432][V][LoraMesher.cpp:642] processPackets(): [LoRaMesher] Free heap: 336400
17:05:10.014 > [1089611][V][LoraMesher.cpp:378] receivingRoutine(): [LoRaMesher] Stack space unused after entering the task: 2040
17:05:10.024 > [1089622][V][LoraMesher.cpp:379] receivingRoutine(): [LoRaMesher] Free heap: 336400
17:05:10.032 > [1089629][I][PacketService.cpp:12] createEmptyPacket(): [LoRaMesher] Packet created with 24 bytes
17:05:10.041 > [1089638][I][LoraMesher.cpp:392] receivingRoutine(): [LoRaMesher] Receiving LoRa packet: Size: 24 bytes RSSI: -7 SNR: 13
17:05:10.052 > [1089649][V][LoraMesher.cpp:647] processPackets(): [LoRaMesher] Size of Received Packets Queue: 1
17:05:10.061 > [1089658][I][PacketQueueService.h:80] deleteQueuePacketAndPacket(): [LoRaMesher] Deleting packet
17:05:10.069 > [1089667][I][PacketQueueService.h:83] deleteQueuePacketAndPacket(): [LoRaMesher] Deleting packet queue
17:05:10.078 > [1089676][V][LoraMesher.cpp:658] processPackets(): [LoRaMesher] TESTING: Packet not for me, deleting it
17:05:10.088 > [1089685][V][LoraMesher.cpp:641] processPackets(): [LoRaMesher] Stack space unused after entering the task: 2040
17:05:10.098 > [1089695][V][LoraMesher.cpp:642] processPackets(): [LoRaMesher] Free heap: 336400
17:05:10.192 > [1089790][V][LoraMesher.cpp:462] waitBeforeSend(): [LoRaMesher] Preamble detected while waiting 1
17:05:10.201 > [1089798][V][LoraMesher.cpp:455] waitBeforeSend(): [LoRaMesher] RandomDelay 832 ms
17:05:11.039 > [1090637][V][LoraMesher.cpp:754] printHeaderPacket(): [LoRaMesher] Packet send -- Size: 24 Src: F02C Dst: FFFF Id: 9 Type: 4 Via: 0 Seq_Id: 0 Num: 0
17:05:11.143 > [1090741][V][LoraMesher.cpp:575] sendPackets(): [LoRaMesher] TimeOnAir 78 ms, next message in 0 ms
17:05:11.152 > [1090750][I][PacketQueueService.h:80] deleteQueuePacketAndPacket(): [LoRaMesher] Deleting packet
17:05:11.161 > [1090758][I][PacketQueueService.h:83] deleteQueuePacketAndPacket(): [LoRaMesher] Deleting packet queue
17:05:12.018 > [1091616][V][LoraMesher.cpp:378] receivingRoutine(): [LoRaMesher] Stack space unused after entering the task: 2040
17:05:12.029 > [1091626][V][LoraMesher.cpp:379] receivingRoutine(): [LoRaMesher] Free heap: 336472
17:05:12.036 > [1091634][I][PacketService.cpp:12] createEmptyPacket(): [LoRaMesher] Packet created with 17 bytes
17:05:12.045 > [1091643][I][LoraMesher.cpp:392] receivingRoutine(): [LoRaMesher] Receiving LoRa packet: Size: 17 bytes RSSI: -7 SNR: 13
17:05:12.056 > [1091654][V][LoraMesher.cpp:647] processPackets(): [LoRaMesher] Size of Received Packets Queue: 1
17:05:12.065 > [1091663][I][PacketQueueService.h:80] deleteQueuePacketAndPacket(): [LoRaMesher] Deleting packet
17:05:12.074 > [1091671][I][PacketQueueService.h:83] deleteQueuePacketAndPacket(): [LoRaMesher] Deleting packet queue
17:05:12.083 > [1091680][V][LoraMesher.cpp:658] processPackets(): [LoRaMesher] TESTING: Packet not for me, deleting it
17:05:12.092 > [1091689][V][LoraMesher.cpp:641] processPackets(): [LoRaMesher] Stack space unused after entering the task: 2040
17:05:12.102 > [1091699][V][LoraMesher.cpp:642] processPackets(): [LoRaMesher] Free heap: 336472
17:05:13.278 > [1092876][V][LoraMesher.cpp:378] receivingRoutine(): [LoRaMesher] Stack space unused after entering the task: 2040
17:05:13.289 > [1092886][V][LoraMesher.cpp:379] receivingRoutine(): [LoRaMesher] Free heap: 336472
17:05:13.296 > [1092894][I][PacketService.cpp:12] createEmptyPacket(): [LoRaMesher] Packet created with 17 bytes
17:05:13.305 > [1092903][I][LoraMesher.cpp:392] receivingRoutine(): [LoRaMesher] Receiving LoRa packet: Size: 17 bytes RSSI: -58 SNR: 11
17:05:13.316 > [1092914][V][LoraMesher.cpp:647] processPackets(): [LoRaMesher] Size of Received Packets Queue: 1
17:05:13.325 > [1092923][V][LoraMesher.cpp:754] printHeaderPacket(): [LoRaMesher] Packet received -- Size: 17 Src: B3F0 Dst: D110 Id: 64 Type: 2 Via: F02C Seq_Id: 0 Num: 0
17:05:13.339 > [1092937][I][LoraMesher.cpp:854] processDataPacket(): [LoRaMesher] Data packet from B3F0, destination D110, via F02C
17:05:13.349 > [1092947][V][LoraMesher.cpp:872] processDataPacket(): [LoRaMesher] Data Packet from B3F0 for D110. Via is me. Forwarding it
17:05:13.360 > [1092958][I][LoraMesher.cpp:1051] addToSendOrderedAndNotify(): [LoRaMesher] Added packet to Q_SP, notifying sender task
17:05:13.371 > [1092968][V][LoraMesher.cpp:511] sendPackets(): [LoRaMesher] Stack space unused after entering the task: 2084
17:05:13.381 > [1092978][V][LoraMesher.cpp:512] sendPackets(): [LoRaMesher] Free heap: 336376
17:05:13.388 > [1092985][V][LoraMesher.cpp:518] sendPackets(): [LoRaMesher] Size of Send Packets Queue: 1
17:05:13.396 > [1092993][V][LoraMesher.cpp:525] sendPackets(): [LoRaMesher] Send n. 46
17:05:13.402 > [1093000][V][LoraMesher.cpp:455] waitBeforeSend(): [LoRaMesher] RandomDelay 646 ms
17:05:13.410 > [1093007][V][LoraMesher.cpp:641] processPackets(): [LoRaMesher] Stack space unused after entering the task: 2040
17:05:13.420 > [1093017][V][LoraMesher.cpp:642] processPackets(): [LoRaMesher] Free heap: 336404
17:05:14.055 > [1093653][V][LoraMesher.cpp:754] printHeaderPacket(): [LoRaMesher] Packet send -- Size: 17 Src: B3F0 Dst: D110 Id: 64 Type: 2 Via: D110 Seq_Id: 0 Num: 0
17:05:14.145 > [1093743][V][LoraMesher.cpp:575] sendPackets(): [LoRaMesher] TimeOnAir 63 ms, next message in 0 ms
17:05:14.154 > [1093752][I][PacketQueueService.h:80] deleteQueuePacketAndPacket(): [LoRaMesher] Deleting packet
17:05:14.163 > [1093760][I][PacketQueueService.h:83] deleteQueuePacketAndPacket(): [LoRaMesher] Deleting packet queue
17:05:29.637 > [1109235][V][LoraMesher.cpp:378] receivingRoutine(): [LoRaMesher] Stack space unused after entering the task: 2040
17:05:29.648 > [1109246][V][LoraMesher.cpp:379] receivingRoutine(): [LoRaMesher] Free heap: 336472
17:05:29.655 > [1109253][I][PacketService.cpp:12] createEmptyPacket(): [LoRaMesher] Packet created with 17 bytes
17:05:29.664 > [1109262][I][LoraMesher.cpp:392] receivingRoutine(): [LoRaMesher] Receiving LoRa packet: Size: 17 bytes RSSI: -12 SNR: 13
17:05:29.676 > [1109273][V][LoraMesher.cpp:647] processPackets(): [LoRaMesher] Size of Received Packets Queue: 1
17:05:29.684 > [1109282][I][PacketQueueService.h:80] deleteQueuePacketAndPacket(): [LoRaMesher] Deleting packet
17:05:29.693 > [1109291][I][PacketQueueService.h:83] deleteQueuePacketAndPacket(): [LoRaMesher] Deleting packet queue
17:05:29.702 > [1109300][V][LoraMesher.cpp:658] processPackets(): [LoRaMesher] TESTING: Packet not for me, deleting it
17:05:29.711 > [1109309][V][LoraMesher.cpp:641] processPackets(): [LoRaMesher] Stack space unused after entering the task: 2040
17:05:29.721 > [1109319][V][LoraMesher.cpp:642] processPackets(): [LoRaMesher] Free heap: 336472
17:05:30.106 > [1109704][V][LoraMesher.cpp:378] receivingRoutine(): [LoRaMesher] Stack space unused after entering the task: 2040
17:05:30.117 > [1109715][V][LoraMesher.cpp:379] receivingRoutine(): [LoRaMesher] Free heap: 336472
17:05:30.124 > [1109722][I][PacketService.cpp:12] createEmptyPacket(): [LoRaMesher] Packet created with 17 bytes
17:05:30.133 > [1109731][I][LoraMesher.cpp:392] receivingRoutine(): [LoRaMesher] Receiving LoRa packet: Size: 17 bytes RSSI: -7 SNR: 13
17:05:30.144 > [1109742][V][LoraMesher.cpp:647] processPackets(): [LoRaMesher] Size of Received Packets Queue: 1
17:05:30.153 > [1109751][I][PacketQueueService.h:80] deleteQueuePacketAndPacket(): [LoRaMesher] Deleting packet
17:05:30.162 > [1109760][I][PacketQueueService.h:83] deleteQueuePacketAndPacket(): [LoRaMesher] Deleting packet queue
17:05:30.171 > [1109769][V][LoraMesher.cpp:658] processPackets(): [LoRaMesher] TESTING: Packet not for me, deleting it
17:05:30.180 > [1109778][V][LoraMesher.cpp:641] processPackets(): [LoRaMesher] Stack space unused after entering the task: 2040
17:05:30.190 > [1109788][V][LoraMesher.cpp:642] processPackets(): [LoRaMesher] Free heap: 336472
17:05:31.142 > [1110740][V][LoraMesher.cpp:378] receivingRoutine(): [LoRaMesher] Stack space unused after entering the task: 2040
17:05:31.152 > [1110750][V][LoraMesher.cpp:379] receivingRoutine(): [LoRaMesher] Free heap: 336472
17:05:31.160 > [1110758][I][PacketService.cpp:12] createEmptyPacket(): [LoRaMesher] Packet created with 17 bytes
17:05:31.169 > [1110767][I][LoraMesher.cpp:392] receivingRoutine(): [LoRaMesher] Receiving LoRa packet: Size: 17 bytes RSSI: -59 SNR: 12
17:05:31.180 > [1110778][V][LoraMesher.cpp:647] processPackets(): [LoRaMesher] Size of Received Packets Queue: 1
17:05:31.189 > [1110787][V][LoraMesher.cpp:754] printHeaderPacket(): [LoRaMesher] Packet received -- Size: 17 Src: B3F0 Dst: D110 Id: 65 Type: 2 Via: F02C Seq_Id: 0 Num: 0
17:05:31.203 > [1110800][I][LoraMesher.cpp:854] processDataPacket(): [LoRaMesher] Data packet from B3F0, destination D110, via F02C
17:05:31.213 > [1110811][V][LoraMesher.cpp:872] processDataPacket(): [LoRaMesher] Data Packet from B3F0 for D110. Via is me. Forwarding it
17:05:31.224 > [1110822][I][LoraMesher.cpp:1051] addToSendOrderedAndNotify(): [LoRaMesher] Added packet to Q_SP, notifying sender task
17:05:31.235 > [1110832][V][LoraMesher.cpp:511] sendPackets(): [LoRaMesher] Stack space unused after entering the task: 2084
17:05:31.244 > [1110842][V][LoraMesher.cpp:512] sendPackets(): [LoRaMesher] Free heap: 336376
17:05:31.251 > [1110849][V][LoraMesher.cpp:518] sendPackets(): [LoRaMesher] Size of Send Packets Queue: 1
17:05:31.259 > [1110857][V][LoraMesher.cpp:525] sendPackets(): [LoRaMesher] Send n. 47
17:05:31.266 > [1110864][V][LoraMesher.cpp:455] waitBeforeSend(): [LoRaMesher] RandomDelay 1129 ms
17:05:31.273 > [1110871][V][LoraMesher.cpp:641] processPackets(): [LoRaMesher] Stack space unused after entering the task: 2040
17:05:31.283 > [1110881][V][LoraMesher.cpp:642] processPackets(): [LoRaMesher] Free heap: 336404
17:05:32.402 > [1112000][V][LoraMesher.cpp:754] printHeaderPacket(): [LoRaMesher] Packet send -- Size: 17 Src: B3F0 Dst: D110 Id: 65 Type: 2 Via: D110 Seq_Id: 0 Num: 0
17:05:32.491 > [1112090][V][LoraMesher.cpp:575] sendPackets(): [LoRaMesher] TimeOnAir 63 ms, next message in 0 ms
17:05:32.501 > [1112099][I][PacketQueueService.h:80] deleteQueuePacketAndPacket(): [LoRaMesher] Deleting packet
17:05:32.510 > [1112107][I][PacketQueueService.h:83] deleteQueuePacketAndPacket(): [LoRaMesher] Deleting packet queue
17:05:50.579 > [1130177][V][LoraMesher.cpp:378] receivingRoutine(): [LoRaMesher] Stack space unused after entering the task: 2040
17:05:50.589 > [1130188][V][LoraMesher.cpp:379] receivingRoutine(): [LoRaMesher] Free heap: 336472
17:05:50.597 > [1130195][I][PacketService.cpp:12] createEmptyPacket(): [LoRaMesher] Packet created with 17 bytes
17:05:50.605 > [1130204][I][LoraMesher.cpp:392] receivingRoutine(): [LoRaMesher] Receiving LoRa packet: Size: 17 bytes RSSI: -11 SNR: 13
17:05:50.616 > [1130215][V][LoraMesher.cpp:647] processPackets(): [LoRaMesher] Size of Received Packets Queue: 1
17:05:50.625 > [1130224][I][PacketQueueService.h:80] deleteQueuePacketAndPacket(): [LoRaMesher] Deleting packet
17:05:50.633 > [1130233][I][PacketQueueService.h:83] deleteQueuePacketAndPacket(): [LoRaMesher] Deleting packet queue
17:05:50.642 > [1130242][V][LoraMesher.cpp:658] processPackets(): [LoRaMesher] TESTING: Packet not for me, deleting it
17:05:50.652 > [1130251][V][LoraMesher.cpp:641] processPackets(): [LoRaMesher] Stack space unused after entering the task: 2040
17:05:50.663 > [1130261][V][LoraMesher.cpp:642] processPackets(): [LoRaMesher] Free heap: 336472
17:05:51.766 > [1131365][V][LoraMesher.cpp:378] receivingRoutine(): [LoRaMesher] Stack space unused after entering the task: 2040
17:05:51.777 > [1131375][V][LoraMesher.cpp:379] receivingRoutine(): [LoRaMesher] Free heap: 336472
17:05:51.784 > [1131383][I][PacketService.cpp:12] createEmptyPacket(): [LoRaMesher] Packet created with 17 bytes
17:05:51.793 > [1131392][I][LoraMesher.cpp:392] receivingRoutine(): [LoRaMesher] Receiving LoRa packet: Size: 17 bytes RSSI: -7 SNR: 13
17:05:51.804 > [1131403][V][LoraMesher.cpp:647] processPackets(): [LoRaMesher] Size of Received Packets Queue: 1
17:05:51.813 > [1131412][I][PacketQueueService.h:80] deleteQueuePacketAndPacket(): [LoRaMesher] Deleting packet
17:05:51.821 > [1131420][I][PacketQueueService.h:83] deleteQueuePacketAndPacket(): [LoRaMesher] Deleting packet queue
17:05:51.831 > [1131429][V][LoraMesher.cpp:658] processPackets(): [LoRaMesher] TESTING: Packet not for me, deleting it
17:05:51.839 > [1131438][V][LoraMesher.cpp:641] processPackets(): [LoRaMesher] Stack space unused after entering the task: 2040
17:05:51.849 > [1131449][V][LoraMesher.cpp:642] processPackets(): [LoRaMesher] Free heap: 336472
17:05:53.096 > [1132695][V][LoraMesher.cpp:378] receivingRoutine(): [LoRaMesher] Stack space unused after entering the task: 2040
17:05:53.106 > [1132705][V][LoraMesher.cpp:379] receivingRoutine(): [LoRaMesher] Free heap: 336472
17:05:53.114 > [1132713][I][PacketService.cpp:12] createEmptyPacket(): [LoRaMesher] Packet created with 17 bytes
17:05:53.122 > [1132722][I][LoraMesher.cpp:392] receivingRoutine(): [LoRaMesher] Receiving LoRa packet: Size: 17 bytes RSSI: -59 SNR: 12
17:05:53.134 > [1132733][V][LoraMesher.cpp:647] processPackets(): [LoRaMesher] Size of Received Packets Queue: 1
17:05:53.143 > [1132742][V][LoraMesher.cpp:754] printHeaderPacket(): [LoRaMesher] Packet received -- Size: 17 Src: B3F0 Dst: D110 Id: 66 Type: 2 Via: F02C Seq_Id: 0 Num: 0
17:05:53.156 > [1132755][I][LoraMesher.cpp:854] processDataPacket(): [LoRaMesher] Data packet from B3F0, destination D110, via F02C
17:05:53.166 > [1132766][V][LoraMesher.cpp:872] processDataPacket(): [LoRaMesher] Data Packet from B3F0 for D110. Via is me. Forwarding it
17:05:53.178 > [1132777][I][LoraMesher.cpp:1051] addToSendOrderedAndNotify(): [LoRaMesher] Added packet to Q_SP, notifying sender task
17:05:53.188 > [1132787][V][LoraMesher.cpp:511] sendPackets(): [LoRaMesher] Stack space unused after entering the task: 2084
17:05:53.198 > [1132797][V][LoraMesher.cpp:512] sendPackets(): [LoRaMesher] Free heap: 336376
17:05:53.205 > [1132804][V][LoraMesher.cpp:518] sendPackets(): [LoRaMesher] Size of Send Packets Queue: 1
17:05:53.213 > [1132812][V][LoraMesher.cpp:525] sendPackets(): [LoRaMesher] Send n. 48
17:05:53.219 > [1132819][V][LoraMesher.cpp:455] waitBeforeSend(): [LoRaMesher] RandomDelay 374 ms
17:05:53.228 > [1132826][V][LoraMesher.cpp:641] processPackets(): [LoRaMesher] Stack space unused after entering the task: 2040
17:05:53.238 > [1132836][V][LoraMesher.cpp:642] processPackets(): [LoRaMesher] Free heap: 336404
17:05:53.601 > [1133200][V][LoraMesher.cpp:754] printHeaderPacket(): [LoRaMesher] Packet send -- Size: 17 Src: B3F0 Dst: D110 Id: 66 Type: 2 Via: D110 Seq_Id: 0 Num: 0
17:05:53.691 > [1133290][V][LoraMesher.cpp:575] sendPackets(): [LoRaMesher] TimeOnAir 63 ms, next message in 0 ms
17:05:53.700 > [1133299][I][PacketQueueService.h:80] deleteQueuePacketAndPacket(): [LoRaMesher] Deleting packet
17:05:53.709 > [1133307][I][PacketQueueService.h:83] deleteQueuePacketAndPacket(): [LoRaMesher] Deleting packet queue
17:06:09.945 > [1149544][V][LoraMesher.cpp:378] receivingRoutine(): [LoRaMesher] Stack space unused after entering the task: 2040
17:06:09.955 > [1149555][V][LoraMesher.cpp:379] receivingRoutine(): [LoRaMesher] Free heap: 336472
17:06:09.963 > [1149562][I][PacketService.cpp:12] createEmptyPacket(): [LoRaMesher] Packet created with 17 bytes
17:06:09.971 > [1149571][I][LoraMesher.cpp:392] receivingRoutine(): [LoRaMesher] Receiving LoRa packet: Size: 17 bytes RSSI: -11 SNR: 12
17:06:09.983 > [1149582][V][LoraMesher.cpp:647] processPackets(): [LoRaMesher] Size of Received Packets Queue: 1
17:06:09.991 > [1149591][I][PacketQueueService.h:80] deleteQueuePacketAndPacket(): [LoRaMesher] Deleting packet
17:06:10.000 > [1149600][I][PacketQueueService.h:83] deleteQueuePacketAndPacket(): [LoRaMesher] Deleting packet queue
17:06:10.009 > [1149609][V][LoraMesher.cpp:658] processPackets(): [LoRaMesher] TESTING: Packet not for me, deleting it
17:06:10.018 > [1149618][V][LoraMesher.cpp:641] processPackets(): [LoRaMesher] Stack space unused after entering the task: 2040
17:06:10.028 > [1149628][V][LoraMesher.cpp:642] processPackets(): [LoRaMesher] Free heap: 336472
17:06:10.615 > [1150215][V][LoraMesher.cpp:378] receivingRoutine(): [LoRaMesher] Stack space unused after entering the task: 2040
17:06:10.625 > [1150225][V][LoraMesher.cpp:379] receivingRoutine(): [LoRaMesher] Free heap: 336472
17:06:10.633 > [1150232][I][PacketService.cpp:12] createEmptyPacket(): [LoRaMesher] Packet created with 17 bytes
17:06:10.642 > [1150241][I][LoraMesher.cpp:392] receivingRoutine(): [LoRaMesher] Receiving LoRa packet: Size: 17 bytes RSSI: -6 SNR: 12
17:06:10.653 > [1150252][V][LoraMesher.cpp:647] processPackets(): [LoRaMesher] Size of Received Packets Queue: 1
17:06:10.662 > [1150261][I][PacketQueueService.h:80] deleteQueuePacketAndPacket(): [LoRaMesher] Deleting packet
17:06:10.670 > [1150270][I][PacketQueueService.h:83] deleteQueuePacketAndPacket(): [LoRaMesher] Deleting packet queue
17:06:10.679 > [1150279][V][LoraMesher.cpp:658] processPackets(): [LoRaMesher] TESTING: Packet not for me, deleting it
17:06:10.688 > [1150288][V][LoraMesher.cpp:641] processPackets(): [LoRaMesher] Stack space unused after entering the task: 2040
17:06:10.698 > [1150298][V][LoraMesher.cpp:642] processPackets(): [LoRaMesher] Free heap: 336472
17:06:11.791 > [1151391][V][LoraMesher.cpp:378] receivingRoutine(): [LoRaMesher] Stack space unused after entering the task: 2040
17:06:11.801 > [1151401][V][LoraMesher.cpp:379] receivingRoutine(): [LoRaMesher] Free heap: 336472
17:06:11.809 > [1151409][I][PacketService.cpp:12] createEmptyPacket(): [LoRaMesher] Packet created with 17 bytes
17:06:11.818 > [1151418][I][LoraMesher.cpp:392] receivingRoutine(): [LoRaMesher] Receiving LoRa packet: Size: 17 bytes RSSI: -58 SNR: 11
17:06:11.829 > [1151429][V][LoraMesher.cpp:647] processPackets(): [LoRaMesher] Size of Received Packets Queue: 1
17:06:11.838 > [1151437][V][LoraMesher.cpp:754] printHeaderPacket(): [LoRaMesher] Packet received -- Size: 17 Src: B3F0 Dst: D110 Id: 67 Type: 2 Via: F02C Seq_Id: 0 Num: 0
17:06:11.852 > [1151451][I][LoraMesher.cpp:854] processDataPacket(): [LoRaMesher] Data packet from B3F0, destination D110, via F02C
17:06:11.862 > [1151462][V][LoraMesher.cpp:872] processDataPacket(): [LoRaMesher] Data Packet from B3F0 for D110. Via is me. Forwarding it
17:06:11.873 > [1151473][I][LoraMesher.cpp:1051] addToSendOrderedAndNotify(): [LoRaMesher] Added packet to Q_SP, notifying sender task
17:06:11.884 > [1151483][V][LoraMesher.cpp:511] sendPackets(): [LoRaMesher] Stack space unused after entering the task: 2084
17:06:11.893 > [1151493][V][LoraMesher.cpp:512] sendPackets(): [LoRaMesher] Free heap: 336376
17:06:11.900 > [1151500][V][LoraMesher.cpp:518] sendPackets(): [LoRaMesher] Size of Send Packets Queue: 1
17:06:11.908 > [1151508][V][LoraMesher.cpp:525] sendPackets(): [LoRaMesher] Send n. 49
17:06:11.915 > [1151515][V][LoraMesher.cpp:455] waitBeforeSend(): [LoRaMesher] RandomDelay 603 ms
17:06:11.922 > [1151522][V][LoraMesher.cpp:641] processPackets(): [LoRaMesher] Stack space unused after entering the task: 2040
17:06:11.932 > [1151532][V][LoraMesher.cpp:642] processPackets(): [LoRaMesher] Free heap: 336404
17:06:12.525 > [1152124][V][LoraMesher.cpp:754] printHeaderPacket(): [LoRaMesher] Packet send -- Size: 17 Src: B3F0 Dst: D110 Id: 67 Type: 2 Via: D110 Seq_Id: 0 Num: 0
17:06:12.614 > [1152214][V][LoraMesher.cpp:575] sendPackets(): [LoRaMesher] TimeOnAir 63 ms, next message in 0 ms
17:06:12.623 > [1152223][I][PacketQueueService.h:80] deleteQueuePacketAndPacket(): [LoRaMesher] Deleting packet
17:06:12.632 > [1152231][I][PacketQueueService.h:83] deleteQueuePacketAndPacket(): [LoRaMesher] Deleting packet queue
17:06:29.939 > [1169539][V][LoraMesher.cpp:378] receivingRoutine(): [LoRaMesher] Stack space unused after entering the task: 2040
17:06:29.950 > [1169549][V][LoraMesher.cpp:379] receivingRoutine(): [LoRaMesher] Free heap: 336472
17:06:29.957 > [1169557][I][PacketService.cpp:12] createEmptyPacket(): [LoRaMesher] Packet created with 17 bytes
17:06:29.966 > [1169566][I][LoraMesher.cpp:392] receivingRoutine(): [LoRaMesher] Receiving LoRa packet: Size: 17 bytes RSSI: -12 SNR: 12
17:06:29.977 > [1169577][V][LoraMesher.cpp:647] processPackets(): [LoRaMesher] Size of Received Packets Queue: 1
17:06:29.986 > [1169586][I][PacketQueueService.h:80] deleteQueuePacketAndPacket(): [LoRaMesher] Deleting packet
17:06:29.995 > [1169595][I][PacketQueueService.h:83] deleteQueuePacketAndPacket(): [LoRaMesher] Deleting packet queue
17:06:30.004 > [1169604][V][LoraMesher.cpp:658] processPackets(): [LoRaMesher] TESTING: Packet not for me, deleting it
17:06:30.013 > [1169613][V][LoraMesher.cpp:641] processPackets(): [LoRaMesher] Stack space unused after entering the task: 2040
17:06:30.023 > [1169623][V][LoraMesher.cpp:642] processPackets(): [LoRaMesher] Free heap: 336472
17:06:31.013 > [1170613][V][LoraMesher.cpp:378] receivingRoutine(): [LoRaMesher] Stack space unused after entering the task: 2040
17:06:31.023 > [1170623][V][LoraMesher.cpp:379] receivingRoutine(): [LoRaMesher] Free heap: 336472
17:06:31.031 > [1170631][I][PacketService.cpp:12] createEmptyPacket(): [LoRaMesher] Packet created with 17 bytes
17:06:31.040 > [1170640][I][LoraMesher.cpp:392] receivingRoutine(): [LoRaMesher] Receiving LoRa packet: Size: 17 bytes RSSI: -6 SNR: 12
17:06:31.051 > [1170651][V][LoraMesher.cpp:647] processPackets(): [LoRaMesher] Size of Received Packets Queue: 1
17:06:31.060 > [1170660][I][PacketQueueService.h:80] deleteQueuePacketAndPacket(): [LoRaMesher] Deleting packet
17:06:31.068 > [1170668][I][PacketQueueService.h:83] deleteQueuePacketAndPacket(): [LoRaMesher] Deleting packet queue
17:06:31.077 > [1170677][V][LoraMesher.cpp:658] processPackets(): [LoRaMesher] TESTING: Packet not for me, deleting it
17:06:31.087 > [1170687][V][LoraMesher.cpp:641] processPackets(): [LoRaMesher] Stack space unused after entering the task: 2040
17:06:31.097 > [1170697][V][LoraMesher.cpp:642] processPackets(): [LoRaMesher] Free heap: 336472
17:06:31.842 > [1171443][V][LoraMesher.cpp:378] receivingRoutine(): [LoRaMesher] Stack space unused after entering the task: 2040
17:06:31.853 > [1171453][V][LoraMesher.cpp:379] receivingRoutine(): [LoRaMesher] Free heap: 336472
17:06:31.861 > [1171461][I][PacketService.cpp:12] createEmptyPacket(): [LoRaMesher] Packet created with 17 bytes
17:06:31.869 > [1171469][I][LoraMesher.cpp:392] receivingRoutine(): [LoRaMesher] Receiving LoRa packet: Size: 17 bytes RSSI: -59 SNR: 11
17:06:31.881 > [1171481][V][LoraMesher.cpp:647] processPackets(): [LoRaMesher] Size of Received Packets Queue: 1
17:06:31.890 > [1171489][V][LoraMesher.cpp:754] printHeaderPacket(): [LoRaMesher] Packet received -- Size: 17 Src: B3F0 Dst: D110 Id: 68 Type: 2 Via: F02C Seq_Id: 0 Num: 0
17:06:31.903 > [1171503][I][LoraMesher.cpp:854] processDataPacket(): [LoRaMesher] Data packet from B3F0, destination D110, via F02C
17:06:31.914 > [1171514][V][LoraMesher.cpp:872] processDataPacket(): [LoRaMesher] Data Packet from B3F0 for D110. Via is me. Forwarding it
17:06:31.925 > [1171525][I][LoraMesher.cpp:1051] addToSendOrderedAndNotify(): [LoRaMesher] Added packet to Q_SP, notifying sender task
17:06:31.935 > [1171535][V][LoraMesher.cpp:511] sendPackets(): [LoRaMesher] Stack space unused after entering the task: 2084
17:06:31.945 > [1171545][V][LoraMesher.cpp:512] sendPackets(): [LoRaMesher] Free heap: 336376
17:06:31.952 > [1171552][V][LoraMesher.cpp:518] sendPackets(): [LoRaMesher] Size of Send Packets Queue: 1
17:06:31.960 > [1171560][V][LoraMesher.cpp:525] sendPackets(): [LoRaMesher] Send n. 50
17:06:31.966 > [1171566][V][LoraMesher.cpp:455] waitBeforeSend(): [LoRaMesher] RandomDelay 575 ms
17:06:31.974 > [1171574][V][LoraMesher.cpp:641] processPackets(): [LoRaMesher] Stack space unused after entering the task: 2040
17:06:31.984 > [1171584][V][LoraMesher.cpp:642] processPackets(): [LoRaMesher] Free heap: 336404
17:06:32.548 > [1172148][V][LoraMesher.cpp:754] printHeaderPacket(): [LoRaMesher] Packet send -- Size: 17 Src: B3F0 Dst: D110 Id: 68 Type: 2 Via: D110 Seq_Id: 0 Num: 0
17:06:32.638 > [1172238][V][LoraMesher.cpp:575] sendPackets(): [LoRaMesher] TimeOnAir 63 ms, next message in 0 ms
17:06:32.647 > [1172247][I][PacketQueueService.h:80] deleteQueuePacketAndPacket(): [LoRaMesher] Deleting packet
17:06:32.656 > [1172255][I][PacketQueueService.h:83] deleteQueuePacketAndPacket(): [LoRaMesher] Deleting packet queue
17:06:50.002 > [1189603][V][LoraMesher.cpp:378] receivingRoutine(): [LoRaMesher] Stack space unused after entering the task: 2040
17:06:50.013 > [1189613][V][LoraMesher.cpp:379] receivingRoutine(): [LoRaMesher] Free heap: 336472
17:06:50.021 > [1189621][I][PacketService.cpp:12] createEmptyPacket(): [LoRaMesher] Packet created with 17 bytes
17:06:50.030 > [1189630][I][LoraMesher.cpp:392] receivingRoutine(): [LoRaMesher] Receiving LoRa packet: Size: 17 bytes RSSI: -13 SNR: 13
17:06:50.041 > [1189641][V][LoraMesher.cpp:647] processPackets(): [LoRaMesher] Size of Received Packets Queue: 1
17:06:50.050 > [1189650][I][PacketQueueService.h:80] deleteQueuePacketAndPacket(): [LoRaMesher] Deleting packet
17:06:50.058 > [1189658][I][PacketQueueService.h:83] deleteQueuePacketAndPacket(): [LoRaMesher] Deleting packet queue
17:06:50.067 > [1189668][V][LoraMesher.cpp:658] processPackets(): [LoRaMesher] TESTING: Packet not for me, deleting it
17:06:50.077 > [1189677][V][LoraMesher.cpp:641] processPackets(): [LoRaMesher] Stack space unused after entering the task: 2040
17:06:50.087 > [1189687][V][LoraMesher.cpp:642] processPackets(): [LoRaMesher] Free heap: 336472
17:06:51.248 > [1190849][V][LoraMesher.cpp:378] receivingRoutine(): [LoRaMesher] Stack space unused after entering the task: 2040
17:06:51.259 > [1190859][V][LoraMesher.cpp:379] receivingRoutine(): [LoRaMesher] Free heap: 336472
17:06:51.266 > [1190866][I][PacketService.cpp:12] createEmptyPacket(): [LoRaMesher] Packet created with 17 bytes
17:06:51.275 > [1190875][I][LoraMesher.cpp:392] receivingRoutine(): [LoRaMesher] Receiving LoRa packet: Size: 17 bytes RSSI: -5 SNR: 13
17:06:51.286 > [1190887][V][LoraMesher.cpp:647] processPackets(): [LoRaMesher] Size of Received Packets Queue: 1
17:06:51.295 > [1190895][I][PacketQueueService.h:80] deleteQueuePacketAndPacket(): [LoRaMesher] Deleting packet
17:06:51.304 > [1190904][I][PacketQueueService.h:83] deleteQueuePacketAndPacket(): [LoRaMesher] Deleting packet queue
17:06:51.313 > [1190913][V][LoraMesher.cpp:658] processPackets(): [LoRaMesher] TESTING: Packet not for me, deleting it
17:06:51.322 > [1190922][V][LoraMesher.cpp:641] processPackets(): [LoRaMesher] Stack space unused after entering the task: 2040
17:06:51.332 > [1190932][V][LoraMesher.cpp:642] processPackets(): [LoRaMesher] Free heap: 336472
17:06:52.380 > [1191981][V][LoraMesher.cpp:378] receivingRoutine(): [LoRaMesher] Stack space unused after entering the task: 2040
17:06:52.391 > [1191991][V][LoraMesher.cpp:379] receivingRoutine(): [LoRaMesher] Free heap: 336472
17:06:52.398 > [1191999][I][PacketService.cpp:12] createEmptyPacket(): [LoRaMesher] Packet created with 17 bytes
17:06:52.407 > [1192007][I][LoraMesher.cpp:392] receivingRoutine(): [LoRaMesher] Receiving LoRa packet: Size: 17 bytes RSSI: -58 SNR: 11
17:06:52.418 > [1192019][V][LoraMesher.cpp:647] processPackets(): [LoRaMesher] Size of Received Packets Queue: 1
17:06:52.427 > [1192027][V][LoraMesher.cpp:754] printHeaderPacket(): [LoRaMesher] Packet received -- Size: 17 Src: B3F0 Dst: D110 Id: 69 Type: 2 Via: F02C Seq_Id: 0 Num: 0
17:06:52.441 > [1192041][I][LoraMesher.cpp:854] processDataPacket(): [LoRaMesher] Data packet from B3F0, destination D110, via F02C
17:06:52.451 > [1192052][V][LoraMesher.cpp:872] processDataPacket(): [LoRaMesher] Data Packet from B3F0 for D110. Via is me. Forwarding it
17:06:52.462 > [1192062][I][LoraMesher.cpp:1051] addToSendOrderedAndNotify(): [LoRaMesher] Added packet to Q_SP, notifying sender task
17:06:52.473 > [1192073][V][LoraMesher.cpp:511] sendPackets(): [LoRaMesher] Stack space unused after entering the task: 2084
17:06:52.483 > [1192083][V][LoraMesher.cpp:512] sendPackets(): [LoRaMesher] Free heap: 336376
17:06:52.490 > [1192090][V][LoraMesher.cpp:518] sendPackets(): [LoRaMesher] Size of Send Packets Queue: 1
17:06:52.498 > [1192098][V][LoraMesher.cpp:525] sendPackets(): [LoRaMesher] Send n. 51
17:06:52.504 > [1192104][V][LoraMesher.cpp:455] waitBeforeSend(): [LoRaMesher] RandomDelay 693 ms
17:06:52.512 > [1192112][V][LoraMesher.cpp:641] processPackets(): [LoRaMesher] Stack space unused after entering the task: 2040
17:06:52.522 > [1192122][V][LoraMesher.cpp:642] processPackets(): [LoRaMesher] Free heap: 336404
17:06:53.203 > [1192804][V][LoraMesher.cpp:754] printHeaderPacket(): [LoRaMesher] Packet send -- Size: 17 Src: B3F0 Dst: D110 Id: 69 Type: 2 Via: D110 Seq_Id: 0 Num: 0
17:06:53.293 > [1192894][V][LoraMesher.cpp:575] sendPackets(): [LoRaMesher] TimeOnAir 63 ms, next message in 0 ms
17:06:53.303 > [1192903][I][PacketQueueService.h:80] deleteQueuePacketAndPacket(): [LoRaMesher] Deleting packet
17:06:53.311 > [1192911][I][PacketQueueService.h:83] deleteQueuePacketAndPacket(): [LoRaMesher] Deleting packet queue
17:07:05.980 > [1205581][V][LoraMesher.cpp:378] receivingRoutine(): [LoRaMesher] Stack space unused after entering the task: 2040
17:07:05.991 > [1205591][V][LoraMesher.cpp:379] receivingRoutine(): [LoRaMesher] Free heap: 336472
17:07:05.998 > [1205599][I][PacketService.cpp:12] createEmptyPacket(): [LoRaMesher] Packet created with 24 bytes
17:07:06.007 > [1205608][I][LoraMesher.cpp:392] receivingRoutine(): [LoRaMesher] Receiving LoRa packet: Size: 24 bytes RSSI: -6 SNR: 13
17:07:06.018 > [1205619][V][LoraMesher.cpp:647] processPackets(): [LoRaMesher] Size of Received Packets Queue: 1
17:07:06.027 > [1205628][I][PacketQueueService.h:80] deleteQueuePacketAndPacket(): [LoRaMesher] Deleting packet
17:07:06.036 > [1205636][I][PacketQueueService.h:83] deleteQueuePacketAndPacket(): [LoRaMesher] Deleting packet queue
17:07:06.045 > [1205645][V][LoraMesher.cpp:658] processPackets(): [LoRaMesher] TESTING: Packet not for me, deleting it
17:07:06.054 > [1205655][V][LoraMesher.cpp:641] processPackets(): [LoRaMesher] Stack space unused after entering the task: 2040
17:07:06.064 > [1205665][V][LoraMesher.cpp:642] processPackets(): [LoRaMesher] Free heap: 336472
17:07:06.426 > [1206027][V][LoraMesher.cpp:694] routingTableManager(): [LoRaMesher] Stack space unused after entering the task: 2188
17:07:06.437 > [1206037][V][LoraMesher.cpp:695] routingTableManager(): [LoRaMesher] Free heap: 336472
17:07:06.444 > [1206045][I][RoutingTableService.cpp:216] manageTimeoutRoutingTable(): [LoRaMesher] Checking routes timeout
17:07:06.454 > [1206055][I][RoutingTableService.cpp:192] printRoutingTable(): [LoRaMesher] Current routing table:
17:07:06.463 > [1206063][I][RoutingTableService.cpp:206] printRoutingTable(): [LoRaMesher] 0 - AFC0 via AFC0 metric 1 Role 0
17:07:06.473 > [1206073][I][RoutingTableService.cpp:206] printRoutingTable(): [LoRaMesher] 1 - D110 via D110 metric 1 Role 1
17:07:06.482 > [1206083][I][RoutingTableService.cpp:206] printRoutingTable(): [LoRaMesher] 2 - DE6C via AFC0 metric 2 Role 0
17:07:06.492 > [1206093][I][RoutingTableService.cpp:206] printRoutingTable(): [LoRaMesher] 3 - B3F0 via AFC0 metric 3 Role 0
17:07:06.642 > [1206243][V][LoraMesher.cpp:378] receivingRoutine(): [LoRaMesher] Stack space unused after entering the task: 2040
17:07:06.653 > [1206254][V][LoraMesher.cpp:379] receivingRoutine(): [LoRaMesher] Free heap: 336472
17:07:06.661 > [1206261][I][PacketService.cpp:12] createEmptyPacket(): [LoRaMesher] Packet created with 24 bytes
17:07:06.669 > [1206270][I][LoraMesher.cpp:392] receivingRoutine(): [LoRaMesher] Receiving LoRa packet: Size: 24 bytes RSSI: -4 SNR: 12
17:07:06.680 > [1206281][V][LoraMesher.cpp:647] processPackets(): [LoRaMesher] Size of Received Packets Queue: 1
17:07:06.689 > [1206290][V][LoraMesher.cpp:754] printHeaderPacket(): [LoRaMesher] Packet received -- Size: 24 Src: D110 Dst: FFFF Id: 11 Type: 4 Via: 0 Seq_Id: 0 Num: 0
17:07:06.703 > [1206304][I][RoutingTableService.cpp:77] processRoute(): [LoRaMesher] Route packet from D110 with size 4
17:07:06.712 > [1206313][I][RoutingTableService.cpp:99] resetReceiveSNRRoutePacket(): [LoRaMesher] Reset Receive SNR from D110: 12
17:07:06.723 > [1206323][I][RoutingTableService.cpp:192] printRoutingTable(): [LoRaMesher] Current routing table:
17:07:06.731 > [1206332][I][RoutingTableService.cpp:206] printRoutingTable(): [LoRaMesher] 0 - AFC0 via AFC0 metric 1 Role 0
17:07:06.741 > [1206342][I][RoutingTableService.cpp:206] printRoutingTable(): [LoRaMesher] 1 - D110 via D110 metric 1 Role 1
17:07:06.751 > [1206351][I][RoutingTableService.cpp:206] printRoutingTable(): [LoRaMesher] 2 - DE6C via AFC0 metric 2 Role 0
17:07:06.760 > [1206361][I][RoutingTableService.cpp:206] printRoutingTable(): [LoRaMesher] 3 - B3F0 via AFC0 metric 3 Role 0
17:07:06.770 > [1206371][I][PacketQueueService.h:80] deleteQueuePacketAndPacket(): [LoRaMesher] Deleting packet
17:07:06.778 > [1206380][I][PacketQueueService.h:83] deleteQueuePacketAndPacket(): [LoRaMesher] Deleting packet queue
17:07:06.788 > [1206389][V][LoraMesher.cpp:641] processPackets(): [LoRaMesher] Stack space unused after entering the task: 2040
17:07:06.798 > [1206399][V][LoraMesher.cpp:642] processPackets(): [LoRaMesher] Free heap: 336472
17:07:07.312 > [1206913][V][LoraMesher.cpp:378] receivingRoutine(): [LoRaMesher] Stack space unused after entering the task: 2040
17:07:07.323 > [1206923][V][LoraMesher.cpp:379] receivingRoutine(): [LoRaMesher] Free heap: 336472
17:07:07.330 > [1206931][I][PacketService.cpp:12] createEmptyPacket(): [LoRaMesher] Packet created with 24 bytes
17:07:07.339 > [1206940][I][LoraMesher.cpp:392] receivingRoutine(): [LoRaMesher] Receiving LoRa packet: Size: 24 bytes RSSI: -13 SNR: 13
17:07:07.351 > [1206951][V][LoraMesher.cpp:647] processPackets(): [LoRaMesher] Size of Received Packets Queue: 1
17:07:07.359 > [1206960][I][PacketQueueService.h:80] deleteQueuePacketAndPacket(): [LoRaMesher] Deleting packet
17:07:07.368 > [1206969][I][PacketQueueService.h:83] deleteQueuePacketAndPacket(): [LoRaMesher] Deleting packet queue
17:07:07.377 > [1206978][V][LoraMesher.cpp:658] processPackets(): [LoRaMesher] TESTING: Packet not for me, deleting it
17:07:07.386 > [1206987][V][LoraMesher.cpp:641] processPackets(): [LoRaMesher] Stack space unused after entering the task: 2040
17:07:07.396 > [1206997][V][LoraMesher.cpp:642] processPackets(): [LoRaMesher] Free heap: 336472
17:07:09.021 > [1208623][V][LoraMesher.cpp:598] sendHelloPacket(): [LoRaMesher] Creating Routing Packet
17:07:09.030 > [1208631][V][LoraMesher.cpp:599] sendHelloPacket(): [LoRaMesher] Stack space unused after entering the task: 2204
17:07:09.040 > [1208641][V][LoraMesher.cpp:600] sendHelloPacket(): [LoRaMesher] Free heap: 336472
17:07:09.048 > [1208648][V][PacketFactory.h:45] createPacket(): [LoRaMesher] Creating packet with 24 bytes
17:07:09.056 > [1208656][I][PacketFactory.h:74] createPacket(): [LoRaMesher] Packet created with 24 bytes
17:07:09.064 > [1208665][I][LoraMesher.h:659] setPackedForSend(): [LoRaMesher] Adding packet to Q_SP
17:07:09.071 > [1208672][I][LoraMesher.h:661] setPackedForSend(): [LoRaMesher] Created packet to Q_SP
17:07:09.079 > [1208680][I][LoraMesher.cpp:1051] addToSendOrderedAndNotify(): [LoRaMesher] Added packet to Q_SP, notifying sender task
17:07:09.090 > [1208690][V][LoraMesher.cpp:511] sendPackets(): [LoRaMesher] Stack space unused after entering the task: 2084
17:07:09.099 > [1208700][V][LoraMesher.cpp:512] sendPackets(): [LoRaMesher] Free heap: 336360
17:07:09.107 > [1208707][V][LoraMesher.cpp:518] sendPackets(): [LoRaMesher] Size of Send Packets Queue: 1
17:07:09.115 > [1208715][V][LoraMesher.cpp:525] sendPackets(): [LoRaMesher] Send n. 52
17:07:09.121 > [1208722][V][LoraMesher.cpp:455] waitBeforeSend(): [LoRaMesher] RandomDelay 933 ms
17:07:10.060 > [1209662][V][LoraMesher.cpp:754] printHeaderPacket(): [LoRaMesher] Packet send -- Size: 24 Src: F02C Dst: FFFF Id: 10 Type: 4 Via: 0 Seq_Id: 0 Num: 0
17:07:10.165 > [1209766][V][LoraMesher.cpp:575] sendPackets(): [LoRaMesher] TimeOnAir 78 ms, next message in 0 ms
17:07:10.174 > [1209775][I][PacketQueueService.h:80] deleteQueuePacketAndPacket(): [LoRaMesher] Deleting packet
17:07:10.183 > [1209784][I][PacketQueueService.h:83] deleteQueuePacketAndPacket(): [LoRaMesher] Deleting packet queue
17:07:11.362 > [1210963][V][LoraMesher.cpp:378] receivingRoutine(): [LoRaMesher] Stack space unused after entering the task: 2040
17:07:11.372 > [1210973][V][LoraMesher.cpp:379] receivingRoutine(): [LoRaMesher] Free heap: 336472
17:07:11.380 > [1210981][I][PacketService.cpp:12] createEmptyPacket(): [LoRaMesher] Packet created with 17 bytes
17:07:11.389 > [1210990][I][LoraMesher.cpp:392] receivingRoutine(): [LoRaMesher] Receiving LoRa packet: Size: 17 bytes RSSI: -13 SNR: 13
17:07:11.400 > [1211001][V][LoraMesher.cpp:647] processPackets(): [LoRaMesher] Size of Received Packets Queue: 1
17:07:11.409 > [1211010][I][PacketQueueService.h:80] deleteQueuePacketAndPacket(): [LoRaMesher] Deleting packet
17:07:11.418 > [1211018][I][PacketQueueService.h:83] deleteQueuePacketAndPacket(): [LoRaMesher] Deleting packet queue
17:07:11.427 > [1211027][V][LoraMesher.cpp:658] processPackets(): [LoRaMesher] TESTING: Packet not for me, deleting it
17:07:11.436 > [1211037][V][LoraMesher.cpp:641] processPackets(): [LoRaMesher] Stack space unused after entering the task: 2040
17:07:11.446 > [1211047][V][LoraMesher.cpp:642] processPackets(): [LoRaMesher] Free heap: 336472
17:07:12.117 > [1211718][V][LoraMesher.cpp:378] receivingRoutine(): [LoRaMesher] Stack space unused after entering the task: 2040
17:07:12.128 > [1211728][V][LoraMesher.cpp:379] receivingRoutine(): [LoRaMesher] Free heap: 336472
17:07:12.135 > [1211736][I][PacketService.cpp:12] createEmptyPacket(): [LoRaMesher] Packet created with 17 bytes
17:07:12.143 > [1211745][I][LoraMesher.cpp:392] receivingRoutine(): [LoRaMesher] Receiving LoRa packet: Size: 17 bytes RSSI: -6 SNR: 12
17:07:12.154 > [1211756][V][LoraMesher.cpp:647] processPackets(): [LoRaMesher] Size of Received Packets Queue: 1
17:07:12.163 > [1211765][I][PacketQueueService.h:80] deleteQueuePacketAndPacket(): [LoRaMesher] Deleting packet
17:07:12.172 > [1211773][I][PacketQueueService.h:83] deleteQueuePacketAndPacket(): [LoRaMesher] Deleting packet queue
17:07:12.182 > [1211782][V][LoraMesher.cpp:658] processPackets(): [LoRaMesher] TESTING: Packet not for me, deleting it
17:07:12.190 > [1211792][V][LoraMesher.cpp:641] processPackets(): [LoRaMesher] Stack space unused after entering the task: 2040
17:07:12.200 > [1211802][V][LoraMesher.cpp:642] processPackets(): [LoRaMesher] Free heap: 336472
17:07:12.714 > [1212316][V][LoraMesher.cpp:378] receivingRoutine(): [LoRaMesher] Stack space unused after entering the task: 2040
17:07:12.724 > [1212326][V][LoraMesher.cpp:379] receivingRoutine(): [LoRaMesher] Free heap: 336472
17:07:12.732 > [1212333][I][PacketService.cpp:12] createEmptyPacket(): [LoRaMesher] Packet created with 17 bytes
17:07:12.741 > [1212342][I][LoraMesher.cpp:392] receivingRoutine(): [LoRaMesher] Receiving LoRa packet: Size: 17 bytes RSSI: -58 SNR: 11
17:07:12.752 > [1212354][V][LoraMesher.cpp:647] processPackets(): [LoRaMesher] Size of Received Packets Queue: 1
17:07:12.761 > [1212362][V][LoraMesher.cpp:754] printHeaderPacket(): [LoRaMesher] Packet received -- Size: 17 Src: B3F0 Dst: D110 Id: 71 Type: 2 Via: F02C Seq_Id: 0 Num: 0
17:07:12.775 > [1212376][I][LoraMesher.cpp:854] processDataPacket(): [LoRaMesher] Data packet from B3F0, destination D110, via F02C
17:07:12.785 > [1212386][V][LoraMesher.cpp:872] processDataPacket(): [LoRaMesher] Data Packet from B3F0 for D110. Via is me. Forwarding it
17:07:12.797 > [1212397][I][LoraMesher.cpp:1051] addToSendOrderedAndNotify(): [LoRaMesher] Added packet to Q_SP, notifying sender task
17:07:12.806 > [1212408][V][LoraMesher.cpp:511] sendPackets(): [LoRaMesher] Stack space unused after entering the task: 2084
17:07:12.816 > [1212418][V][LoraMesher.cpp:512] sendPackets(): [LoRaMesher] Free heap: 336376
17:07:12.824 > [1212425][V][LoraMesher.cpp:518] sendPackets(): [LoRaMesher] Size of Send Packets Queue: 1
17:07:12.831 > [1212433][V][LoraMesher.cpp:525] sendPackets(): [LoRaMesher] Send n. 53
17:07:12.838 > [1212439][V][LoraMesher.cpp:455] waitBeforeSend(): [LoRaMesher] RandomDelay 667 ms
17:07:12.845 > [1212447][V][LoraMesher.cpp:641] processPackets(): [LoRaMesher] Stack space unused after entering the task: 2040
17:07:12.855 > [1212457][V][LoraMesher.cpp:642] processPackets(): [LoRaMesher] Free heap: 336404
17:07:13.512 > [1213113][V][LoraMesher.cpp:754] printHeaderPacket(): [LoRaMesher] Packet send -- Size: 17 Src: B3F0 Dst: D110 Id: 71 Type: 2 Via: D110 Seq_Id: 0 Num: 0
17:07:13.601 > [1213203][V][LoraMesher.cpp:575] sendPackets(): [LoRaMesher] TimeOnAir 63 ms, next message in 0 ms
17:07:13.610 > [1213212][I][PacketQueueService.h:80] deleteQueuePacketAndPacket(): [LoRaMesher] Deleting packet
17:07:13.619 > [1213220][I][PacketQueueService.h:83] deleteQueuePacketAndPacket(): [LoRaMesher] Deleting packet queue
17:07:30.492 > [1230094][V][LoraMesher.cpp:378] receivingRoutine(): [LoRaMesher] Stack space unused after entering the task: 2040
17:07:30.502 > [1230104][V][LoraMesher.cpp:379] receivingRoutine(): [LoRaMesher] Free heap: 336472
17:07:30.510 > [1230112][I][PacketService.cpp:12] createEmptyPacket(): [LoRaMesher] Packet created with 17 bytes
17:07:30.519 > [1230121][I][LoraMesher.cpp:392] receivingRoutine(): [LoRaMesher] Receiving LoRa packet: Size: 17 bytes RSSI: -14 SNR: 14
17:07:30.530 > [1230132][V][LoraMesher.cpp:647] processPackets(): [LoRaMesher] Size of Received Packets Queue: 1
17:07:30.539 > [1230141][I][PacketQueueService.h:80] deleteQueuePacketAndPacket(): [LoRaMesher] Deleting packet
17:07:30.547 > [1230149][I][PacketQueueService.h:83] deleteQueuePacketAndPacket(): [LoRaMesher] Deleting packet queue
17:07:30.556 > [1230158][V][LoraMesher.cpp:658] processPackets(): [LoRaMesher] TESTING: Packet not for me, deleting it
17:07:30.566 > [1230168][V][LoraMesher.cpp:641] processPackets(): [LoRaMesher] Stack space unused after entering the task: 2040
17:07:30.576 > [1230178][V][LoraMesher.cpp:642] processPackets(): [LoRaMesher] Free heap: 336472
17:07:30.974 > [1230576][V][LoraMesher.cpp:378] receivingRoutine(): [LoRaMesher] Stack space unused after entering the task: 2040
17:07:30.984 > [1230586][V][LoraMesher.cpp:379] receivingRoutine(): [LoRaMesher] Free heap: 336472
17:07:30.992 > [1230594][I][PacketService.cpp:12] createEmptyPacket(): [LoRaMesher] Packet created with 17 bytes
17:07:31.000 > [1230602][I][LoraMesher.cpp:392] receivingRoutine(): [LoRaMesher] Receiving LoRa packet: Size: 17 bytes RSSI: -6 SNR: 12
17:07:31.012 > [1230614][V][LoraMesher.cpp:647] processPackets(): [LoRaMesher] Size of Received Packets Queue: 1
17:07:31.020 > [1230622][I][PacketQueueService.h:80] deleteQueuePacketAndPacket(): [LoRaMesher] Deleting packet
17:07:31.029 > [1230631][I][PacketQueueService.h:83] deleteQueuePacketAndPacket(): [LoRaMesher] Deleting packet queue
17:07:31.038 > [1230640][V][LoraMesher.cpp:658] processPackets(): [LoRaMesher] TESTING: Packet not for me, deleting it
17:07:31.047 > [1230649][V][LoraMesher.cpp:641] processPackets(): [LoRaMesher] Stack space unused after entering the task: 2040
17:07:31.057 > [1230659][V][LoraMesher.cpp:642] processPackets(): [LoRaMesher] Free heap: 336472
17:07:31.866 > [1231468][V][LoraMesher.cpp:378] receivingRoutine(): [LoRaMesher] Stack space unused after entering the task: 2040
17:07:31.876 > [1231478][V][LoraMesher.cpp:379] receivingRoutine(): [LoRaMesher] Free heap: 336472
17:07:31.883 > [1231485][I][PacketService.cpp:12] createEmptyPacket(): [LoRaMesher] Packet created with 17 bytes
17:07:31.892 > [1231494][I][LoraMesher.cpp:392] receivingRoutine(): [LoRaMesher] Receiving LoRa packet: Size: 17 bytes RSSI: -58 SNR: 11
17:07:31.903 > [1231505][V][LoraMesher.cpp:647] processPackets(): [LoRaMesher] Size of Received Packets Queue: 1
17:07:31.912 > [1231514][V][LoraMesher.cpp:754] printHeaderPacket(): [LoRaMesher] Packet received -- Size: 17 Src: B3F0 Dst: D110 Id: 72 Type: 2 Via: F02C Seq_Id: 0 Num: 0
17:07:31.926 > [1231528][I][LoraMesher.cpp:854] processDataPacket(): [LoRaMesher] Data packet from B3F0, destination D110, via F02C
17:07:31.936 > [1231538][V][LoraMesher.cpp:872] processDataPacket(): [LoRaMesher] Data Packet from B3F0 for D110. Via is me. Forwarding it
17:07:31.947 > [1231549][I][LoraMesher.cpp:1051] addToSendOrderedAndNotify(): [LoRaMesher] Added packet to Q_SP, notifying sender task
17:07:31.958 > [1231560][V][LoraMesher.cpp:511] sendPackets(): [LoRaMesher] Stack space unused after entering the task: 2084
17:07:31.968 > [1231570][V][LoraMesher.cpp:512] sendPackets(): [LoRaMesher] Free heap: 336376
17:07:31.975 > [1231577][V][LoraMesher.cpp:518] sendPackets(): [LoRaMesher] Size of Send Packets Queue: 1
17:07:31.983 > [1231585][V][LoraMesher.cpp:525] sendPackets(): [LoRaMesher] Send n. 54
17:07:31.989 > [1231591][V][LoraMesher.cpp:455] waitBeforeSend(): [LoRaMesher] RandomDelay 261 ms
17:07:31.997 > [1231599][V][LoraMesher.cpp:641] processPackets(): [LoRaMesher] Stack space unused after entering the task: 2040
17:07:32.007 > [1231609][V][LoraMesher.cpp:642] processPackets(): [LoRaMesher] Free heap: 336404
17:07:32.257 > [1231859][V][LoraMesher.cpp:754] printHeaderPacket(): [LoRaMesher] Packet send -- Size: 17 Src: B3F0 Dst: D110 Id: 72 Type: 2 Via: D110 Seq_Id: 0 Num: 0
17:07:32.347 > [1231949][V][LoraMesher.cpp:575] sendPackets(): [LoRaMesher] TimeOnAir 63 ms, next message in 0 ms
17:07:32.356 > [1231958][I][PacketQueueService.h:80] deleteQueuePacketAndPacket(): [LoRaMesher] Deleting packet
17:07:32.364 > [1231966][I][PacketQueueService.h:83] deleteQueuePacketAndPacket(): [LoRaMesher] Deleting packet queue
