19:55:56.199 > [  5857][I][WiFiService.cpp:18] init(): [LoRaMesher] Local LoRa Ea (57d45) dgpior: gpeio_issr_hsandl er_r(emovfe(48r2): oGPIOm is WiFi MAC): C998
19:55:56.213 > r service is not installed, call gpio_install_isr_service() first
19:55:56.219 > [  5871][V][LoraMesher.cpp:592] sendHelloPacket(): [LoRaMesher] Max routing nodes per packet: 23
19:55:56.227 > [  58[8 5 ]5[8V8]5[]L[oVr]a[MLeosrhaeMre.schpepr:.6c4p1p]: 6p9r4o]c ersosuPtaicnkgeTtasb(l)e:M a[nLaogRearM(e)s:h e[rL]o RSatMaecsh s]aSt unus 58af]erck terceg nheLtaaMe 2e08sed after .cpp:717] quentering theueManager()e task: 244: [LoRaMeshe0
19:55:56.249 > r] Stack space unused after entering the task: 2440
19:55:56.253 > [  5[9 1 15]9[1V1]][[LVo]r[aLMoersahMeers.hceprp.:c6p4p2:]6 9p5r]o creosustPiancgkTeatbsl(e)M:a n[aLgoeRra(M)e:s h[eLro]R aFMreese ee]p:re36532
19:55:56.266 >  heap: 336532
19:55:56.267 > [  5925][I][[ R o5u9t2i5n]g[TVa]b[lLeoSrearMveischee.rc.pcpp:p2:1761]8 ]m aqnuaegueeTMiamneaoguetrR(o)u:t i[nLgoTRaabMlees(h)e:r ] FoeaMhehp:  C6532ing routes timeout
19:55:56.282 > [  5939][V][Lo[r a M5e9s3h9e]r[.Ic]p[pR:o7u2t4i]n gqTuaebuleeMSaenravgiecre(.)c:p p[:L1o9R2a]M epsrhienrt]R oNuot ipnagcTkaebtlse to):enL oa rscerveCurrent routing table:
19:55:56.297 > Lora initialized
19:55:58.227 > [  7885][V][LoraMesher.cpp:598] sendHelloPacket(): [LoRaMesher] Creating Routing Packet
19:55:58.235 > [  7892][V][LoraMesher.cpp:599] sendHelloPacket(): [LoRaMesher] Stack space unused after entering the task: 2424
19:55:58.245 > [  7903][V][LoraMesher.cpp:600] sendHelloPacket(): [LoRaMesher] Free heap: 336532
19:55:58.252 > [  7910][V][PacketFactory.h:45] createPacket(): [LoRaMesher] Creating packet with 8 bytes
19:55:58.260 > [  7918][I][PacketFactory.h:74] createPacket(): [LoRaMesher] Packet created with 8 bytes
19:55:58.268 > [  7926][I][LoraMesher.h:659] setPackedForSend(): [LoRaMesher] Adding packet to Q_SP
19:55:58.276 > [  7933][I][LoraMesher.h:661] setPackedForSend(): [LoRaMesher] Created packet to Q_SP
19:55:58.283 > [  7941][I][LoraMesher.cpp:1061] addToSendOrderedAndNotify(): [LoRaMesher] Added packet to Q_SP, notifying sender task
19:55:58.294 > [  7951][V][LoraMesher.cpp:511] sendPackets(): [LoRaMesher] Stack space unused after entering the task: 2324
19:55:58.304 > [  7961][V][LoraMesher.cpp:512] sendPackets(): [LoRaMesher] Free heap: 336448
19:55:58.311 > [  7968][V][LoraMesher.cpp:518] sendPackets(): [LoRaMesher] Size of Send Packets Queue: 1
19:55:58.319 > [  7976][V][LoraMesher.cpp:525] sendPackets(): [LoRaMesher] Send n. 0
19:55:58.325 > [  7982][V][LoraMesher.cpp:754] printHeaderPacket(): [LoRaMesher] Packet send -- Size: 8 Src: C998 Dst: FFFF Id: 0 Type: 4 Via: 0 Seq_Id: 0 Num: 0
19:55:58.392 > [  8050][V][LoraMesher.cpp:575] sendPackets(): [LoRaMesher] TimeOnAir 42 ms, next message in 0 ms
19:55:58.402 > [  8059][I][PacketQueueService.h:80] deleteQueuePacketAndPacket(): [LoRaMesher] Deleting packet
19:55:58.410 > [  8067][I][PacketQueueService.h:83] deleteQueuePacketAndPacket(): [LoRaMesher] Deleting packet queue
19:55:59.744 > [  9401][V][LoraMesher.cpp:378] receivingRoutine(): [LoRaMesher] Stack space unused after entering the task: 2400
19:55:59.754 > [  9411][V][LoraMesher.cpp:379] receivingRoutine(): [LoRaMesher] Free heap: 336532
19:55:59.761 > [  9419][I][PacketService.cpp:12] createEmptyPacket(): [LoRaMesher] Packet created with 17 bytes
19:55:59.770 > [  9428][I][LoraMesher.cpp:392] receivingRoutine(): [LoRaMesher] Receiving LoRa packet: Size: 17 bytes RSSI: -29 SNR: 14
19:55:59.781 > [  9439][V][LoraMesher.cpp:647] processPackets(): [LoRaMesher] Size of Received Packets Queue: 1
19:55:59.790 > [  9447][V][LoraMesher.cpp:754] printHeaderPacket(): [LoRaMesher] Packet received -- Size: 17 Src: B3F0 Dst: D110 Id: 66 Type: 2 Via: DE6C Seq_Id: 0 Num: 0
19:55:59.804 > [  9461][I][LoraMesher.cpp:854] processDataPacket(): [LoRaMesher] Data packet from B3F0, destination D110, via DE6C
19:55:59.814 > [  9471][V][LoraMesher.cpp:878] processDataPacket(): [LoRaMesher] Packet not for me, deleting it
19:55:59.822 > [  9480][I][PacketQueueService.h:80] deleteQueuePacketAndPacket(): [LoRaMesher] Deleting packet
19:55:59.831 > [  9488][I][PacketQueueService.h:83] deleteQueuePacketAndPacket(): [LoRaMesher] Deleting packet queue
19:55:59.840 > [  9497][V][LoraMesher.cpp:641] processPackets(): [LoRaMesher] Stack space unused after entering the task: 2296
19:55:59.850 > [  9507][V][LoraMesher.cpp:642] processPackets(): [LoRaMesher] Free heap: 336532
19:56:01.096 > [ 10754][V][LoraMesher.cpp:378] receivingRoutine(): [LoRaMesher] Stack space unused after entering the task: 2336
19:56:01.107 > [ 10764][V][LoraMesher.cpp:379] receivingRoutine(): [LoRaMesher] Free heap: 336532
19:56:01.114 > [ 10772][I][PacketService.cpp:12] createEmptyPacket(): [LoRaMesher] Packet created with 17 bytes
19:56:01.123 > [ 10780][I][LoraMesher.cpp:392] receivingRoutine(): [LoRaMesher] Receiving LoRa packet: Size: 17 bytes RSSI: -43 SNR: 13
19:56:01.134 > [ 10791][V][LoraMesher.cpp:647] processPackets(): [LoRaMesher] Size of Received Packets Queue: 1
19:56:01.143 > [ 10800][V][LoraMesher.cpp:754] printHeaderPacket(): [LoRaMesher] Packet received -- Size: 17 Src: B3F0 Dst: D110 Id: 66 Type: 2 Via: AFC0 Seq_Id: 0 Num: 0
19:56:01.156 > [ 10814][I][LoraMesher.cpp:854] processDataPacket(): [LoRaMesher] Data packet from B3F0, destination D110, via AFC0
19:56:01.167 > [ 10824][V][LoraMesher.cpp:878] processDataPacket(): [LoRaMesher] Packet not for me, deleting it
19:56:01.175 > [ 10833][I][PacketQueueService.h:80] deleteQueuePacketAndPacket(): [LoRaMesher] Deleting packet
19:56:01.184 > [ 10841][I][PacketQueueService.h:83] deleteQueuePacketAndPacket(): [LoRaMesher] Deleting packet queue
19:56:01.193 > [ 10850][V][LoraMesher.cpp:641] processPackets(): [LoRaMesher] Stack space unused after entering the task: 2296
19:56:01.203 > [ 10860][V][LoraMesher.cpp:642] processPackets(): [LoRaMesher] Free heap: 336532
19:56:02.295 > [ 11953][V][LoraMesher.cpp:378] receivingRoutine(): [LoRaMesher] Stack space unused after entering the task: 2336
19:56:02.306 > [ 11963][V][LoraMesher.cpp:379] receivingRoutine(): [LoRaMesher] Free heap: 336532
19:56:02.313 > [ 11971][I][PacketService.cpp:12] createEmptyPacket(): [LoRaMesher] Packet created with 17 bytes
19:56:02.322 > [ 11980][I][LoraMesher.cpp:392] receivingRoutine(): [LoRaMesher] Receiving LoRa packet: Size: 17 bytes RSSI: -80 SNR: -4
19:56:02.333 > [ 11991][V][LoraMesher.cpp:647] processPackets(): [LoRaMesher] Size of Received Packets Queue: 1
19:56:02.342 > [ 11999][V][LoraMesher.cpp:754] printHeaderPacket(): [LoRaMesher] Packet received -- Size: 17 Src: B3F0 Dst: D110 Id: 66 Type: 2 Via: F02C Seq_Id: 0 Num: 0
19:56:02.356 > [ 12013][I][LoraMesher.cpp:854] processDataPacket(): [LoRaMesher] Data packet from B3F0, destination D110, via F02C
19:56:02.366 > [ 12023][V][LoraMesher.cpp:878] processDataPacket(): [LoRaMesher] Packet not for me, deleting it
19:56:02.374 > [ 12032][I][PacketQueueService.h:80] deleteQueuePacketAndPacket(): [LoRaMesher] Deleting packet
19:56:02.383 > [ 12040][I][PacketQueueService.h:83] deleteQueuePacketAndPacket(): [LoRaMesher] Deleting packet queue
19:56:02.392 > [ 12049][V][LoraMesher.cpp:641] processPackets(): [LoRaMesher] Stack space unused after entering the task: 2216
19:56:02.402 > [ 12059][V][LoraMesher.cpp:642] processPackets(): [LoRaMesher] Free heap: 336532
19:56:03.085 > [ 12743][V][LoraMesher.cpp:378] receivingRoutine(): [LoRaMesher] Stack space unused after entering the task: 2172
19:56:03.096 > [ 12753][V][LoraMesher.cpp:379] receivingRoutine(): [LoRaMesher] Free heap: 336532
19:56:03.103 > [ 12761][I][PacketService.cpp:12] createEmptyPacket(): [LoRaMesher] Packet created with 17 bytes
19:56:03.112 > [ 12769][I][LoraMesher.cpp:392] receivingRoutine(): [LoRaMesher] Receiving LoRa packet: Size: 17 bytes RSSI: -35 SNR: 12
19:56:03.123 > [ 12781][V][LoraMesher.cpp:647] processPackets(): [LoRaMesher] Size of Received Packets Queue: 1
19:56:03.132 > [ 12789][V][LoraMesher.cpp:754] printHeaderPacket(): [LoRaMesher] Packet received -- Size: 17 Src: B3F0 Dst: D110 Id: 66 Type: 2 Via: D110 Seq_Id: 0 Num: 0
19:56:03.145 > [ 12803][I][LoraMesher.cpp:854] processDataPacket(): [LoRaMesher] Data packet from B3F0, destination D110, via D110
19:56:03.156 > [ 12813][V][LoraMesher.cpp:878] processDataPacket(): [LoRaMesher] Packet not for me, deleting it
19:56:03.164 > [ 12822][I][PacketQueueService.h:80] deleteQueuePacketAndPacket(): [LoRaMesher] Deleting packet
19:56:03.173 > [ 12830][I][PacketQueueService.h:83] deleteQueuePacketAndPacket(): [LoRaMesher] Deleting packet queue
19:56:03.182 > [ 12839][V][LoraMesher.cpp:641] processPackets(): [LoRaMesher] Stack space unused after entering the task: 2216
19:56:03.192 > [ 12849][V][LoraMesher.cpp:642] processPackets(): [LoRaMesher] Free heap: 336532
19:56:18.593 > [ 28249][V][LoraMesher.cpp:378] receivingRoutine(): [LoRaMesher] Stack space unused after entering the task: 2172
19:56:18.604 > [ 28259][V][LoraMesher.cpp:379] receivingRoutine(): [LoRaMesher] Free heap: 336532
19:56:18.611 > [ 28267][I][PacketService.cpp:12] createEmptyPacket(): [LoRaMesher] Packet created with 17 bytes
19:56:18.620 > [ 28276][I][LoraMesher.cpp:392] receivingRoutine(): [LoRaMesher] Receiving LoRa packet: Size: 17 bytes RSSI: -30 SNR: 12
19:56:18.631 > [ 28287][V][LoraMesher.cpp:647] processPackets(): [LoRaMesher] Size of Received Packets Queue: 1
19:56:18.640 > [ 28295][V][LoraMesher.cpp:754] printHeaderPacket(): [LoRaMesher] Packet received -- Size: 17 Src: B3F0 Dst: D110 Id: 67 Type: 2 Via: DE6C Seq_Id: 0 Num: 0
19:56:18.653 > [ 28309][I][LoraMesher.cpp:854] processDataPacket(): [LoRaMesher] Data packet from B3F0, destination D110, via DE6C
19:56:18.664 > [ 28319][V][LoraMesher.cpp:878] processDataPacket(): [LoRaMesher] Packet not for me, deleting it
19:56:18.672 > [ 28328][I][PacketQueueService.h:80] deleteQueuePacketAndPacket(): [LoRaMesher] Deleting packet
19:56:18.681 > [ 28336][I][PacketQueueService.h:83] deleteQueuePacketAndPacket(): [LoRaMesher] Deleting packet queue
19:56:18.690 > [ 28345][V][LoraMesher.cpp:641] processPackets(): [LoRaMesher] Stack space unused after entering the task: 2216
19:56:18.700 > [ 28355][V][LoraMesher.cpp:642] processPackets(): [LoRaMesher] Free heap: 336532
19:56:19.806 > [ 29462][V][LoraMesher.cpp:378] receivingRoutine(): [LoRaMesher] Stack space unused after entering the task: 2140
19:56:19.817 > [ 29472][V][LoraMesher.cpp:379] receivingRoutine(): [LoRaMesher] Free heap: 336532
19:56:19.824 > [ 29480][I][PacketService.cpp:12] createEmptyPacket(): [LoRaMesher] Packet created with 17 bytes
19:56:19.833 > [ 29489][I][LoraMesher.cpp:392] receivingRoutine(): [LoRaMesher] Receiving LoRa packet: Size: 17 bytes RSSI: -44 SNR: 12
19:56:19.844 > [ 29500][V][LoraMesher.cpp:647] processPackets(): [LoRaMesher] Size of Received Packets Queue: 1
19:56:19.853 > [ 29508][V][LoraMesher.cpp:754] printHeaderPacket(): [LoRaMesher] Packet received -- Size: 17 Src: B3F0 Dst: D110 Id: 67 Type: 2 Via: AFC0 Seq_Id: 0 Num: 0
19:56:19.867 > [ 29522][I][LoraMesher.cpp:854] processDataPacket(): [LoRaMesher] Data packet from B3F0, destination D110, via AFC0
19:56:19.877 > [ 29532][V][LoraMesher.cpp:878] processDataPacket(): [LoRaMesher] Packet not for me, deleting it
19:56:19.885 > [ 29541][I][PacketQueueService.h:80] deleteQueuePacketAndPacket(): [LoRaMesher] Deleting packet
19:56:19.894 > [ 29550][I][PacketQueueService.h:83] deleteQueuePacketAndPacket(): [LoRaMesher] Deleting packet queue
19:56:19.903 > [ 29559][V][LoraMesher.cpp:641] processPackets(): [LoRaMesher] Stack space unused after entering the task: 2216
19:56:19.913 > [ 29568][V][LoraMesher.cpp:642] processPackets(): [LoRaMesher] Free heap: 336532
19:56:20.854 > [ 30510][V][LoraMesher.cpp:378] receivingRoutine(): [LoRaMesher] Stack space unused after entering the task: 2140
19:56:20.864 > [ 30520][V][LoraMesher.cpp:379] receivingRoutine(): [LoRaMesher] Free heap: 336532
19:56:20.872 > [ 30528][I][PacketService.cpp:12] createEmptyPacket(): [LoRaMesher] Packet created with 17 bytes
19:56:20.881 > [ 30536][I][LoraMesher.cpp:392] receivingRoutine(): [LoRaMesher] Receiving LoRa packet: Size: 17 bytes RSSI: -81 SNR: -7
19:56:20.892 > [ 30547][V][LoraMesher.cpp:647] processPackets(): [LoRaMesher] Size of Received Packets Queue: 1
19:56:20.900 > [ 30556][V][LoraMesher.cpp:754] printHeaderPacket(): [LoRaMesher] Packet received -- Size: 17 Src: B3F0 Dst: D110 Id: 67 Type: 2 Via: F02C Seq_Id: 0 Num: 0
19:56:20.914 > [ 30570][I][LoraMesher.cpp:854] processDataPacket(): [LoRaMesher] Data packet from B3F0, destination D110, via F02C
19:56:20.924 > [ 30580][V][LoraMesher.cpp:878] processDataPacket(): [LoRaMesher] Packet not for me, deleting it
19:56:20.933 > [ 30589][I][PacketQueueService.h:80] deleteQueuePacketAndPacket(): [LoRaMesher] Deleting packet
19:56:20.941 > [ 30597][I][PacketQueueService.h:83] deleteQueuePacketAndPacket(): [LoRaMesher] Deleting packet queue
19:56:20.951 > [ 30606][V][LoraMesher.cpp:641] processPackets(): [LoRaMesher] Stack space unused after entering the task: 2216
19:56:20.960 > [ 30616][V][LoraMesher.cpp:642] processPackets(): [LoRaMesher] Free heap: 336532
19:56:21.347 > [ 31003][V][LoraMesher.cpp:378] receivingRoutine(): [LoRaMesher] Stack space unused after entering the task: 2140
19:56:21.357 > [ 31013][V][LoraMesher.cpp:379] receivingRoutine(): [LoRaMesher] Free heap: 336532
19:56:21.365 > [ 31021][I][PacketService.cpp:12] createEmptyPacket(): [LoRaMesher] Packet created with 17 bytes
19:56:21.374 > [ 31029][I][LoraMesher.cpp:392] receivingRoutine(): [LoRaMesher] Receiving LoRa packet: Size: 17 bytes RSSI: -37 SNR: 13
19:56:21.385 > [ 31040][V][LoraMesher.cpp:647] processPackets(): [LoRaMesher] Size of Received Packets Queue: 1
19:56:21.393 > [ 31049][V][LoraMesher.cpp:754] printHeaderPacket(): [LoRaMesher] Packet received -- Size: 17 Src: B3F0 Dst: D110 Id: 67 Type: 2 Via: D110 Seq_Id: 0 Num: 0
19:56:21.407 > [ 31063][I][LoraMesher.cpp:854] processDataPacket(): [LoRaMesher] Data packet from B3F0, destination D110, via D110
19:56:21.417 > [ 31073][V][LoraMesher.cpp:878] processDataPacket(): [LoRaMesher] Packet not for me, deleting it
19:56:21.426 > [ 31082][I][PacketQueueService.h:80] deleteQueuePacketAndPacket(): [LoRaMesher] Deleting packet
19:56:21.434 > [ 31090][I][PacketQueueService.h:83] deleteQueuePacketAndPacket(): [LoRaMesher] Deleting packet queue
19:56:21.444 > [ 31099][V][LoraMesher.cpp:641] processPackets(): [LoRaMesher] Stack space unused after entering the task: 2152
19:56:21.453 > [ 31109][V][LoraMesher.cpp:642] processPackets(): [LoRaMesher] Free heap: 336532
19:56:38.862 > [ 48517][V][LoraMesher.cpp:378] receivingRoutine(): [LoRaMesher] Stack space unused after entering the task: 2140
19:56:38.873 > [ 48527][V][LoraMesher.cpp:379] receivingRoutine(): [LoRaMesher] Free heap: 336532
19:56:38.881 > [ 48535][I][PacketService.cpp:12] createEmptyPacket(): [LoRaMesher] Packet created with 17 bytes
19:56:38.889 > [ 48543][I][LoraMesher.cpp:392] receivingRoutine(): [LoRaMesher] Receiving LoRa packet: Size: 17 bytes RSSI: -33 SNR: 12
19:56:38.901 > [ 48555][V][LoraMesher.cpp:647] processPackets(): [LoRaMesher] Size of Received Packets Queue: 1
19:56:38.909 > [ 48563][V][LoraMesher.cpp:754] printHeaderPacket(): [LoRaMesher] Packet received -- Size: 17 Src: B3F0 Dst: D110 Id: 68 Type: 2 Via: DE6C Seq_Id: 0 Num: 0
19:56:38.923 > [ 48577][I][LoraMesher.cpp:854] processDataPacket(): [LoRaMesher] Data packet from B3F0, destination D110, via DE6C
19:56:38.933 > [ 48587][V][LoraMesher.cpp:878] processDataPacket(): [LoRaMesher] Packet not for me, deleting it
19:56:38.942 > [ 48596][I][PacketQueueService.h:80] deleteQueuePacketAndPacket(): [LoRaMesher] Deleting packet
19:56:38.950 > [ 48604][I][PacketQueueService.h:83] deleteQueuePacketAndPacket(): [LoRaMesher] Deleting packet queue
19:56:38.959 > [ 48613][V][LoraMesher.cpp:641] processPackets(): [LoRaMesher] Stack space unused after entering the task: 2152
19:56:38.969 > [ 48623][V][LoraMesher.cpp:642] processPackets(): [LoRaMesher] Free heap: 336532
19:56:39.380 > [ 49035][V][LoraMesher.cpp:378] receivingRoutine(): [LoRaMesher] Stack space unused after entering the task: 2140
19:56:39.391 > [ 49045][V][LoraMesher.cpp:379] receivingRoutine(): [LoRaMesher] Free heap: 336532
19:56:39.398 > [ 49052][I][PacketService.cpp:12] createEmptyPacket(): [LoRaMesher] Packet created with 17 bytes
19:56:39.407 > [ 49061][I][LoraMesher.cpp:392] receivingRoutine(): [LoRaMesher] Receiving LoRa packet: Size: 17 bytes RSSI: -44 SNR: 12
19:56:39.418 > [ 49072][V][LoraMesher.cpp:647] processPackets(): [LoRaMesher] Size of Received Packets Queue: 1
19:56:39.427 > [ 49081][V][LoraMesher.cpp:754] printHeaderPacket(): [LoRaMesher] Packet received -- Size: 17 Src: B3F0 Dst: D110 Id: 68 Type: 2 Via: AFC0 Seq_Id: 0 Num: 0
19:56:39.441 > [ 49095][I][LoraMesher.cpp:854] processDataPacket(): [LoRaMesher] Data packet from B3F0, destination D110, via AFC0
19:56:39.451 > [ 49105][V][LoraMesher.cpp:878] processDataPacket(): [LoRaMesher] Packet not for me, deleting it
19:56:39.460 > [ 49114][I][PacketQueueService.h:80] deleteQueuePacketAndPacket(): [LoRaMesher] Deleting packet
19:56:39.468 > [ 49122][I][PacketQueueService.h:83] deleteQueuePacketAndPacket(): [LoRaMesher] Deleting packet queue
19:56:39.477 > [ 49131][V][LoraMesher.cpp:641] processPackets(): [LoRaMesher] Stack space unused after entering the task: 2152
19:56:39.487 > [ 49141][V][LoraMesher.cpp:642] processPackets(): [LoRaMesher] Free heap: 336532
19:56:39.961 > [ 49616][V][LoraMesher.cpp:378] receivingRoutine(): [LoRaMesher] Stack space unused after entering the task: 2124
19:56:39.972 > [ 49626][V][LoraMesher.cpp:379] receivingRoutine(): [LoRaMesher] Free heap: 336532
19:56:39.979 > [ 49633][I][PacketService.cpp:12] createEmptyPacket(): [LoRaMesher] Packet created with 17 bytes
19:56:39.988 > [ 49642][I][LoraMesher.cpp:392] receivingRoutine(): [LoRaMesher] Receiving LoRa packet: Size: 17 bytes RSSI: -82 SNR: -6
19:56:39.999 > [ 49653][V][LoraMesher.cpp:647] processPackets(): [LoRaMesher] Size of Received Packets Queue: 1
19:56:40.008 > [ 49662][V][LoraMesher.cpp:754] printHeaderPacket(): [LoRaMesher] Packet received -- Size: 17 Src: B3F0 Dst: D110 Id: 68 Type: 2 Via: F02C Seq_Id: 0 Num: 0
19:56:40.022 > [ 49676][I][LoraMesher.cpp:854] processDataPacket(): [LoRaMesher] Data packet from B3F0, destination D110, via F02C
19:56:40.032 > [ 49686][V][LoraMesher.cpp:878] processDataPacket(): [LoRaMesher] Packet not for me, deleting it
19:56:40.041 > [ 49695][I][PacketQueueService.h:80] deleteQueuePacketAndPacket(): [LoRaMesher] Deleting packet
19:56:40.049 > [ 49703][I][PacketQueueService.h:83] deleteQueuePacketAndPacket(): [LoRaMesher] Deleting packet queue
19:56:40.058 > [ 49712][V][LoraMesher.cpp:641] processPackets(): [LoRaMesher] Stack space unused after entering the task: 2152
19:56:40.068 > [ 49722][V][LoraMesher.cpp:642] processPackets(): [LoRaMesher] Free heap: 336532
19:56:40.933 > [ 50588][V][LoraMesher.cpp:378] receivingRoutine(): [LoRaMesher] Stack space unused after entering the task: 2124
19:56:40.944 > [ 50598][V][LoraMesher.cpp:379] receivingRoutine(): [LoRaMesher] Free heap: 336532
19:56:40.951 > [ 50605][I][PacketService.cpp:12] createEmptyPacket(): [LoRaMesher] Packet created with 17 bytes
19:56:40.960 > [ 50614][I][LoraMesher.cpp:392] receivingRoutine(): [LoRaMesher] Receiving LoRa packet: Size: 17 bytes RSSI: -38 SNR: 13
19:56:40.971 > [ 50625][V][LoraMesher.cpp:647] processPackets(): [LoRaMesher] Size of Received Packets Queue: 1
19:56:40.980 > [ 50634][V][LoraMesher.cpp:754] printHeaderPacket(): [LoRaMesher] Packet received -- Size: 17 Src: B3F0 Dst: D110 Id: 68 Type: 2 Via: D110 Seq_Id: 0 Num: 0
19:56:40.994 > [ 50648][I][LoraMesher.cpp:854] processDataPacket(): [LoRaMesher] Data packet from B3F0, destination D110, via D110
19:56:41.004 > [ 50658][V][LoraMesher.cpp:878] processDataPacket(): [LoRaMesher] Packet not for me, deleting it
19:56:41.013 > [ 50667][I][PacketQueueService.h:80] deleteQueuePacketAndPacket(): [LoRaMesher] Deleting packet
19:56:41.021 > [ 50675][I][PacketQueueService.h:83] deleteQueuePacketAndPacket(): [LoRaMesher] Deleting packet queue
19:56:41.030 > [ 50684][V][LoraMesher.cpp:641] processPackets(): [LoRaMesher] Stack space unused after entering the task: 2152
19:56:41.040 > [ 50694][V][LoraMesher.cpp:642] processPackets(): [LoRaMesher] Free heap: 336532
19:56:58.782 > [ 68435][V][LoraMesher.cpp:378] receivingRoutine(): [LoRaMesher] Stack space unused after entering the task: 2124
19:56:58.792 > [ 68445][V][LoraMesher.cpp:379] receivingRoutine(): [LoRaMesher] Free heap: 336532
19:56:58.799 > [ 68452][I][PacketService.cpp:12] createEmptyPacket(): [LoRaMesher] Packet created with 17 bytes
19:56:58.808 > [ 68461][I][LoraMesher.cpp:392] receivingRoutine(): [LoRaMesher] Receiving LoRa packet: Size: 17 bytes RSSI: -34 SNR: 14
19:56:58.819 > [ 68472][V][LoraMesher.cpp:647] processPackets(): [LoRaMesher] Size of Received Packets Queue: 1
19:56:58.828 > [ 68481][V][LoraMesher.cpp:754] printHeaderPacket(): [LoRaMesher] Packet received -- Size: 17 Src: B3F0 Dst: D110 Id: 69 Type: 2 Via: DE6C Seq_Id: 0 Num: 0
19:56:58.842 > [ 68495][I][LoraMesher.cpp:854] processDataPacket(): [LoRaMesher] Data packet from B3F0, destination D110, via DE6C
19:56:58.852 > [ 68505][V][LoraMesher.cpp:878] processDataPacket(): [LoRaMesher] Packet not for me, deleting it
19:56:58.860 > [ 68514][I][PacketQueueService.h:80] deleteQueuePacketAndPacket(): [LoRaMesher] Deleting packet
19:56:58.869 > [ 68522][I][PacketQueueService.h:83] deleteQueuePacketAndPacket(): [LoRaMesher] Deleting packet queue
19:56:58.878 > [ 68531][V][LoraMesher.cpp:641] processPackets(): [LoRaMesher] Stack space unused after entering the task: 2152
19:56:58.888 > [ 68541][V][LoraMesher.cpp:642] processPackets(): [LoRaMesher] Free heap: 336532
19:57:00.108 > [ 69761][V][LoraMesher.cpp:378] receivingRoutine(): [LoRaMesher] Stack space unused after entering the task: 2124
19:57:00.119 > [ 69771][V][LoraMesher.cpp:379] receivingRoutine(): [LoRaMesher] Free heap: 336532
19:57:00.126 > [ 69779][I][PacketService.cpp:12] createEmptyPacket(): [LoRaMesher] Packet created with 17 bytes
19:57:00.135 > [ 69788][I][LoraMesher.cpp:392] receivingRoutine(): [LoRaMesher] Receiving LoRa packet: Size: 17 bytes RSSI: -45 SNR: 13
19:57:00.146 > [ 69799][V][LoraMesher.cpp:647] processPackets(): [LoRaMesher] Size of Received Packets Queue: 1
19:57:00.155 > [ 69807][V][LoraMesher.cpp:754] printHeaderPacket(): [LoRaMesher] Packet received -- Size: 17 Src: B3F0 Dst: D110 Id: 69 Type: 2 Via: AFC0 Seq_Id: 0 Num: 0
19:57:00.168 > [ 69821][I][LoraMesher.cpp:854] processDataPacket(): [LoRaMesher] Data packet from B3F0, destination D110, via AFC0
19:57:00.179 > [ 69831][V][LoraMesher.cpp:878] processDataPacket(): [LoRaMesher] Packet not for me, deleting it
19:57:00.188 > [ 69840][I][PacketQueueService.h:80] deleteQueuePacketAndPacket(): [LoRaMesher] Deleting packet
19:57:00.196 > [ 69848][I][PacketQueueService.h:83] deleteQueuePacketAndPacket(): [LoRaMesher] Deleting packet queue
19:57:00.204 > [ 69857][V][LoraMesher.cpp:641] processPackets(): [LoRaMesher] Stack space unused after entering the task: 2152
19:57:00.215 > [ 69867][V][LoraMesher.cpp:642] processPackets(): [LoRaMesher] Free heap: 336532
19:57:01.255 > [ 70908][V][LoraMesher.cpp:378] receivingRoutine(): [LoRaMesher] Stack space unused after entering the task: 2124
19:57:01.265 > [ 70918][V][LoraMesher.cpp:379] receivingRoutine(): [LoRaMesher] Free heap: 336532
19:57:01.273 > [ 70925][I][PacketService.cpp:12] createEmptyPacket(): [LoRaMesher] Packet created with 17 bytes
19:57:01.282 > [ 70934][I][LoraMesher.cpp:392] receivingRoutine(): [LoRaMesher] Receiving LoRa packet: Size: 17 bytes RSSI: -81 SNR: -6
19:57:01.293 > [ 70945][V][LoraMesher.cpp:647] processPackets(): [LoRaMesher] Size of Received Packets Queue: 1
19:57:01.302 > [ 70954][V][LoraMesher.cpp:754] printHeaderPacket(): [LoRaMesher] Packet received -- Size: 17 Src: B3F0 Dst: D110 Id: 69 Type: 2 Via: F02C Seq_Id: 0 Num: 0
19:57:01.315 > [ 70968][I][LoraMesher.cpp:854] processDataPacket(): [LoRaMesher] Data packet from B3F0, destination D110, via F02C
19:57:01.326 > [ 70978][V][LoraMesher.cpp:878] processDataPacket(): [LoRaMesher] Packet not for me, deleting it
19:57:01.334 > [ 70986][I][PacketQueueService.h:80] deleteQueuePacketAndPacket(): [LoRaMesher] Deleting packet
19:57:01.343 > [ 70995][I][PacketQueueService.h:83] deleteQueuePacketAndPacket(): [LoRaMesher] Deleting packet queue
19:57:01.352 > [ 71004][V][LoraMesher.cpp:641] processPackets(): [LoRaMesher] Stack space unused after entering the task: 2152
19:57:01.362 > [ 71014][V][LoraMesher.cpp:642] processPackets(): [LoRaMesher] Free heap: 336532
19:57:02.150 > [ 71803][V][LoraMesher.cpp:378] receivingRoutine(): [LoRaMesher] Stack space unused after entering the task: 2124
19:57:02.161 > [ 71813][V][LoraMesher.cpp:379] receivingRoutine(): [LoRaMesher] Free heap: 336532
19:57:02.168 > [ 71820][I][PacketService.cpp:12] createEmptyPacket(): [LoRaMesher] Packet created with 17 bytes
19:57:02.177 > [ 71829][I][LoraMesher.cpp:392] receivingRoutine(): [LoRaMesher] Receiving LoRa packet: Size: 17 bytes RSSI: -37 SNR: 14
19:57:02.188 > [ 71840][V][LoraMesher.cpp:647] processPackets(): [LoRaMesher] Size of Received Packets Queue: 1
19:57:02.197 > [ 71849][V][LoraMesher.cpp:754] printHeaderPacket(): [LoRaMesher] Packet received -- Size: 17 Src: B3F0 Dst: D110 Id: 69 Type: 2 Via: D110 Seq_Id: 0 Num: 0
19:57:02.210 > [ 71863][I][LoraMesher.cpp:854] processDataPacket(): [LoRaMesher] Data packet from B3F0, destination D110, via D110
19:57:02.221 > [ 71873][V][LoraMesher.cpp:878] processDataPacket(): [LoRaMesher] Packet not for me, deleting it
19:57:02.229 > [ 71882][I][PacketQueueService.h:80] deleteQueuePacketAndPacket(): [LoRaMesher] Deleting packet
19:57:02.238 > [ 71890][I][PacketQueueService.h:83] deleteQueuePacketAndPacket(): [LoRaMesher] Deleting packet queue
19:57:02.247 > [ 71899][V][LoraMesher.cpp:641] processPackets(): [LoRaMesher] Stack space unused after entering the task: 2152
19:57:02.257 > [ 71909][V][LoraMesher.cpp:642] processPackets(): [LoRaMesher] Free heap: 336532
19:57:15.714 > [ 85366][V][LoraMesher.cpp:378] receivingRoutine(): [LoRaMesher] Stack space unused after entering the task: 2092
19:57:15.725 > [ 85376][V][LoraMesher.cpp:379] receivingRoutine(): [LoRaMesher] Free heap: 336532
19:57:15.732 > [ 85384][I][PacketService.cpp:12] createEmptyPacket(): [LoRaMesher] Packet created with 28 bytes
19:57:15.741 > [ 85392][I][LoraMesher.cpp:392] receivingRoutine(): [LoRaMesher] Receiving LoRa packet: Size: 28 bytes RSSI: -31 SNR: 13
19:57:15.752 > [ 85404][V][LoraMesher.cpp:647] processPackets(): [LoRaMesher] Size of Received Packets Queue: 1
19:57:15.761 > [ 85412][V][LoraMesher.cpp:754] printHeaderPacket(): [LoRaMesher] Packet received -- Size: 28 Src: B3F0 Dst: FFFF Id: 70 Type: 4 Via: 0 Seq_Id: 0 Num: 0
19:57:15.774 > [ 85426][I][RoutingTableService.cpp:77] processRoute(): [LoRaMesher] Route packet from B3F0 with size 5
19:57:15.784 > [ 85435][I][RoutingTableService.cpp:156] addNodeToRoutingTable(): [LoRaMesher] New route added: B3F0 via B3F0 metric 1, role 0
19:57:15.795 > [ 85446][I][RoutingTableService.cpp:99] resetReceiveSNRRoutePacket(): [LoRaMesher] Reset Receive SNR from B3F0: 13
19:57:15.805 > [ 85456][I][RoutingTableService.cpp:156] addNodeToRoutingTable(): [LoRaMesher] New route added: DE6C via B3F0 metric 2, role 0
19:57:15.816 > [ 85468][I][RoutingTableService.cpp:156] addNodeToRoutingTable(): [LoRaMesher] New route added: AFC0 via B3F0 metric 3, role 0
19:57:15.827 > [ 85479][I][RoutingTableService.cpp:156] addNodeToRoutingTable(): [LoRaMesher] New route added: F02C via B3F0 metric 4, role 0
19:57:15.839 > [ 85490][I][RoutingTableService.cpp:156] addNodeToRoutingTable(): [LoRaMesher] New route added: D110 via B3F0 metric 5, role 1
19:57:15.850 > [ 85501][I][RoutingTableService.cpp:192] printRoutingTable(): [LoRaMesher] Current routing table:
19:57:15.859 > [ 85510][I][RoutingTableService.cpp:206] printRoutingTable(): [LoRaMesher] 0 - B3F0 via B3F0 metric 1 Role 0
19:57:15.868 > [ 85520][I][RoutingTableService.cpp:206] printRoutingTable(): [LoRaMesher] 1 - DE6C via B3F0 metric 2 Role 0
19:57:15.878 > [ 85529][I][RoutingTableService.cpp:206] printRoutingTable(): [LoRaMesher] 2 - AFC0 via B3F0 metric 3 Role 0
19:57:15.887 > [ 85539][I][RoutingTableService.cpp:206] printRoutingTable(): [LoRaMesher] 3 - F02C via B3F0 metric 4 Role 0
19:57:15.897 > [ 85548][I][RoutingTableService.cpp:206] printRoutingTable(): [LoRaMesher] 4 - D110 via B3F0 metric 5 Role 1
19:57:15.907 > [ 85558][I][PacketQueueService.h:80] deleteQueuePacketAndPacket(): [LoRaMesher] Deleting packet
19:57:15.915 > [ 85567][I][PacketQueueService.h:83] deleteQueuePacketAndPacket(): [LoRaMesher] Deleting packet queue
19:57:15.924 > [ 85576][V][LoraMesher.cpp:641] processPackets(): [LoRaMesher] Stack space unused after entering the task: 2152
19:57:15.934 > [ 85586][V][LoraMesher.cpp:642] processPackets(): [LoRaMesher] Free heap: 336212
19:57:19.223 > [ 88875][V][LoraMesher.cpp:378] receivingRoutine(): [LoRaMesher] Stack space unused after entering the task: 2092
19:57:19.233 > [ 88885][V][LoraMesher.cpp:379] receivingRoutine(): [LoRaMesher] Free heap: 336212
19:57:19.241 > [ 88892][I][PacketService.cpp:12] createEmptyPacket(): [LoRaMesher] Packet created with 17 bytes
19:57:19.250 > [ 88901][I][LoraMesher.cpp:392] receivingRoutine(): [LoRaMesher] Receiving LoRa packet: Size: 17 bytes RSSI: -31 SNR: 13
19:57:19.261 > [ 88912][V][LoraMesher.cpp:647] processPackets(): [LoRaMesher] Size of Received Packets Queue: 1
19:57:19.270 > [ 88921][V][LoraMesher.cpp:754] printHeaderPacket(): [LoRaMesher] Packet received -- Size: 17 Src: B3F0 Dst: D110 Id: 71 Type: 2 Via: DE6C Seq_Id: 0 Num: 0
19:57:19.283 > [ 88935][I][LoraMesher.cpp:854] processDataPacket(): [LoRaMesher] Data packet from B3F0, destination D110, via DE6C
19:57:19.293 > [ 88945][V][LoraMesher.cpp:878] processDataPacket(): [LoRaMesher] Packet not for me, deleting it
19:57:19.302 > [ 88954][I][PacketQueueService.h:80] deleteQueuePacketAndPacket(): [LoRaMesher] Deleting packet
19:57:19.311 > [ 88962][I][PacketQueueService.h:83] deleteQueuePacketAndPacket(): [LoRaMesher] Deleting packet queue
19:57:19.320 > [ 88971][V][LoraMesher.cpp:641] processPackets(): [LoRaMesher] Stack space unused after entering the task: 2152
19:57:19.330 > [ 88981][V][LoraMesher.cpp:642] processPackets(): [LoRaMesher] Free heap: 336212
19:57:19.863 > [ 89515][V][LoraMesher.cpp:378] receivingRoutine(): [LoRaMesher] Stack space unused after entering the task: 2092
19:57:19.873 > [ 89525][V][LoraMesher.cpp:379] receivingRoutine(): [LoRaMesher] Free heap: 336212
19:57:19.881 > [ 89532][I][PacketService.cpp:12] createEmptyPacket(): [LoRaMesher] Packet created with 17 bytes
19:57:19.890 > [ 89541][I][LoraMesher.cpp:392] receivingRoutine(): [LoRaMesher] Receiving LoRa packet: Size: 17 bytes RSSI: -38 SNR: 13
19:57:19.901 > [ 89552][V][LoraMesher.cpp:647] processPackets(): [LoRaMesher] Size of Received Packets Queue: 1
19:57:19.910 > [ 89561][V][LoraMesher.cpp:754] printHeaderPacket(): [LoRaMesher] Packet received -- Size: 17 Src: B3F0 Dst: D110 Id: 71 Type: 2 Via: AFC0 Seq_Id: 0 Num: 0
19:57:19.923 > [ 89575][I][LoraMesher.cpp:854] processDataPacket(): [LoRaMesher] Data packet from B3F0, destination D110, via AFC0
19:57:19.933 > [ 89585][V][LoraMesher.cpp:878] processDataPacket(): [LoRaMesher] Packet not for me, deleting it
19:57:19.942 > [ 89594][I][PacketQueueService.h:80] deleteQueuePacketAndPacket(): [LoRaMesher] Deleting packet
19:57:19.951 > [ 89602][I][PacketQueueService.h:83] deleteQueuePacketAndPacket(): [LoRaMesher] Deleting packet queue
19:57:19.960 > [ 89611][V][LoraMesher.cpp:641] processPackets(): [LoRaMesher] Stack space unused after entering the task: 2152
19:57:19.970 > [ 89621][V][LoraMesher.cpp:642] processPackets(): [LoRaMesher] Free heap: 336212
19:57:20.550 > [ 90201][V][LoraMesher.cpp:378] receivingRoutine(): [LoRaMesher] Stack space unused after entering the task: 2092
19:57:20.560 > [ 90212][V][LoraMesher.cpp:379] receivingRoutine(): [LoRaMesher] Free heap: 336212
19:57:20.568 > [ 90219][I][PacketService.cpp:12] createEmptyPacket(): [LoRaMesher] Packet created with 17 bytes
19:57:20.576 > [ 90228][I][LoraMesher.cpp:392] receivingRoutine(): [LoRaMesher] Receiving LoRa packet: Size: 17 bytes RSSI: -78 SNR: -2
19:57:20.588 > [ 90239][V][LoraMesher.cpp:647] processPackets(): [LoRaMesher] Size of Received Packets Queue: 1
19:57:20.596 > [ 90248][V][LoraMesher.cpp:754] printHeaderPacket(): [LoRaMesher] Packet received -- Size: 17 Src: B3F0 Dst: D110 Id: 71 Type: 2 Via: F02C Seq_Id: 0 Num: 0
19:57:20.610 > [ 90261][I][LoraMesher.cpp:854] processDataPacket(): [LoRaMesher] Data packet from B3F0, destination D110, via F02C
19:57:20.620 > [ 90272][V][LoraMesher.cpp:878] processDataPacket(): [LoRaMesher] Packet not for me, deleting it
19:57:20.629 > [ 90280][I][PacketQueueService.h:80] deleteQueuePacketAndPacket(): [LoRaMesher] Deleting packet
19:57:20.637 > [ 90289][I][PacketQueueService.h:83] deleteQueuePacketAndPacket(): [LoRaMesher] Deleting packet queue
19:57:20.646 > [ 90298][V][LoraMesher.cpp:641] processPackets(): [LoRaMesher] Stack space unused after entering the task: 2152
19:57:20.656 > [ 90308][V][LoraMesher.cpp:642] processPackets(): [LoRaMesher] Free heap: 336212
19:57:21.659 > [ 91311][V][LoraMesher.cpp:378] receivingRoutine(): [LoRaMesher] Stack space unused after entering the task: 2092
19:57:21.669 > [ 91321][V][LoraMesher.cpp:379] receivingRoutine(): [LoRaMesher] Free heap: 336212
19:57:21.677 > [ 91328][I][PacketService.cpp:12] createEmptyPacket(): [LoRaMesher] Packet created with 17 bytes
19:57:21.686 > [ 91337][I][LoraMesher.cpp:392] receivingRoutine(): [LoRaMesher] Receiving LoRa packet: Size: 17 bytes RSSI: -33 SNR: 13
19:57:21.697 > [ 91348][V][LoraMesher.cpp:647] processPackets(): [LoRaMesher] Size of Received Packets Queue: 1
19:57:21.705 > [ 91357][V][LoraMesher.cpp:754] printHeaderPacket(): [LoRaMesher] Packet received -- Size: 17 Src: B3F0 Dst: D110 Id: 71 Type: 2 Via: D110 Seq_Id: 0 Num: 0
19:57:21.719 > [ 91371][I][LoraMesher.cpp:854] processDataPacket(): [LoRaMesher] Data packet from B3F0, destination D110, via D110
19:57:21.729 > [ 91381][V][LoraMesher.cpp:878] processDataPacket(): [LoRaMesher] Packet not for me, deleting it
19:57:21.738 > [ 91389][I][PacketQueueService.h:80] deleteQueuePacketAndPacket(): [LoRaMesher] Deleting packet
19:57:21.746 > [ 91398][I][PacketQueueService.h:83] deleteQueuePacketAndPacket(): [LoRaMesher] Deleting packet queue
19:57:21.756 > [ 91407][V][LoraMesher.cpp:641] processPackets(): [LoRaMesher] Stack space unused after entering the task: 2120
19:57:21.765 > [ 91417][V][LoraMesher.cpp:642] processPackets(): [LoRaMesher] Free heap: 336212
19:57:38.996 > [108647][V][LoraMesher.cpp:378] receivingRoutine(): [LoRaMesher] Stack space unused after entering the task: 2092
19:57:39.007 > [108657][V][LoraMesher.cpp:379] receivingRoutine(): [LoRaMesher] Free heap: 336212
19:57:39.015 > [108664][I][PacketService.cpp:12] createEmptyPacket(): [LoRaMesher] Packet created with 17 bytes
19:57:39.023 > [108673][I][LoraMesher.cpp:392] receivingRoutine(): [LoRaMesher] Receiving LoRa packet: Size: 17 bytes RSSI: -27 SNR: 13
19:57:39.034 > [108684][V][LoraMesher.cpp:647] processPackets(): [LoRaMesher] Size of Received Packets Queue: 1
19:57:39.043 > [108693][V][LoraMesher.cpp:754] printHeaderPacket(): [LoRaMesher] Packet received -- Size: 17 Src: B3F0 Dst: D110 Id: 72 Type: 2 Via: DE6C Seq_Id: 0 Num: 0
19:57:39.057 > [108707][I][LoraMesher.cpp:854] processDataPacket(): [LoRaMesher] Data packet from B3F0, destination D110, via DE6C
19:57:39.067 > [108717][V][LoraMesher.cpp:878] processDataPacket(): [LoRaMesher] Packet not for me, deleting it
19:57:39.076 > [108725][I][PacketQueueService.h:80] deleteQueuePacketAndPacket(): [LoRaMesher] Deleting packet
19:57:39.084 > [108734][I][PacketQueueService.h:83] deleteQueuePacketAndPacket(): [LoRaMesher] Deleting packet queue
19:57:39.093 > [108743][V][LoraMesher.cpp:641] processPackets(): [LoRaMesher] Stack space unused after entering the task: 2120
19:57:39.103 > [108753][V][LoraMesher.cpp:642] processPackets(): [LoRaMesher] Free heap: 336212
19:57:39.465 > [109115][V][LoraMesher.cpp:378] receivingRoutine(): [LoRaMesher] Stack space unused after entering the task: 2092
19:57:39.476 > [109125][V][LoraMesher.cpp:379] receivingRoutine(): [LoRaMesher] Free heap: 336212
19:57:39.483 > [109133][I][PacketService.cpp:12] createEmptyPacket(): [LoRaMesher] Packet created with 17 bytes
19:57:39.492 > [109142][I][LoraMesher.cpp:392] receivingRoutine(): [LoRaMesher] Receiving LoRa packet: Size: 17 bytes RSSI: -42 SNR: 12
19:57:39.503 > [109153][V][LoraMesher.cpp:647] processPackets(): [LoRaMesher] Size of Received Packets Queue: 1
19:57:39.512 > [109161][V][LoraMesher.cpp:754] printHeaderPacket(): [LoRaMesher] Packet received -- Size: 17 Src: B3F0 Dst: D110 Id: 72 Type: 2 Via: AFC0 Seq_Id: 0 Num: 0
19:57:39.525 > [109175][I][LoraMesher.cpp:854] processDataPacket(): [LoRaMesher] Data packet from B3F0, destination D110, via AFC0
19:57:39.536 > [109185][V][LoraMesher.cpp:878] processDataPacket(): [LoRaMesher] Packet not for me, deleting it
19:57:39.544 > [109194][I][PacketQueueService.h:80] deleteQueuePacketAndPacket(): [LoRaMesher] Deleting packet
19:57:39.553 > [109202][I][PacketQueueService.h:83] deleteQueuePacketAndPacket(): [LoRaMesher] Deleting packet queue
19:57:39.562 > [109211][V][LoraMesher.cpp:641] processPackets(): [LoRaMesher] Stack space unused after entering the task: 2120
19:57:39.572 > [109221][V][LoraMesher.cpp:642] processPackets(): [LoRaMesher] Free heap: 336212
19:57:40.526 > [110176][V][LoraMesher.cpp:378] receivingRoutine(): [LoRaMesher] Stack space unused after entering the task: 2092
19:57:40.537 > [110186][V][LoraMesher.cpp:379] receivingRoutine(): [LoRaMesher] Free heap: 336212
19:57:40.544 > [110194][I][PacketService.cpp:12] createEmptyPacket(): [LoRaMesher] Packet created with 17 bytes
19:57:40.553 > [110203][I][LoraMesher.cpp:392] receivingRoutine(): [LoRaMesher] Receiving LoRa packet: Size: 17 bytes RSSI: -81 SNR: -6
19:57:40.564 > [110214][V][LoraMesher.cpp:647] processPackets(): [LoRaMesher] Size of Received Packets Queue: 1
19:57:40.573 > [110223][V][LoraMesher.cpp:754] printHeaderPacket(): [LoRaMesher] Packet received -- Size: 17 Src: B3F0 Dst: D110 Id: 72 Type: 2 Via: F02C Seq_Id: 0 Num: 0
19:57:40.587 > [110236][I][LoraMesher.cpp:854] processDataPacket(): [LoRaMesher] Data packet from B3F0, destination D110, via F02C
19:57:40.597 > [110247][V][LoraMesher.cpp:878] processDataPacket(): [LoRaMesher] Packet not for me, deleting it
19:57:40.605 > [110255][I][PacketQueueService.h:80] deleteQueuePacketAndPacket(): [LoRaMesher] Deleting packet
19:57:40.614 > [110264][I][PacketQueueService.h:83] deleteQueuePacketAndPacket(): [LoRaMesher] Deleting packet queue
19:57:40.623 > [110273][V][LoraMesher.cpp:641] processPackets(): [LoRaMesher] Stack space unused after entering the task: 2120
19:57:40.633 > [110283][V][LoraMesher.cpp:642] processPackets(): [LoRaMesher] Free heap: 336212
19:57:41.251 > [110901][V][LoraMesher.cpp:378] receivingRoutine(): [LoRaMesher] Stack space unused after entering the task: 2092
19:57:41.261 > [110911][V][LoraMesher.cpp:379] receivingRoutine(): [LoRaMesher] Free heap: 336212
19:57:41.268 > [110918][I][PacketService.cpp:12] createEmptyPacket(): [LoRaMesher] Packet created with 17 bytes
19:57:41.277 > [110927][I][LoraMesher.cpp:392] receivingRoutine(): [LoRaMesher] Receiving LoRa packet: Size: 17 bytes RSSI: -36 SNR: 12
19:57:41.288 > [110938][V][LoraMesher.cpp:647] processPackets(): [LoRaMesher] Size of Received Packets Queue: 1
19:57:41.297 > [110947][V][LoraMesher.cpp:754] printHeaderPacket(): [LoRaMesher] Packet received -- Size: 17 Src: B3F0 Dst: D110 Id: 72 Type: 2 Via: D110 Seq_Id: 0 Num: 0
19:57:41.311 > [110961][I][LoraMesher.cpp:854] processDataPacket(): [LoRaMesher] Data packet from B3F0, destination D110, via D110
19:57:41.321 > [110971][V][LoraMesher.cpp:878] processDataPacket(): [LoRaMesher] Packet not for me, deleting it
19:57:41.330 > [110979][I][PacketQueueService.h:80] deleteQueuePacketAndPacket(): [LoRaMesher] Deleting packet
19:57:41.338 > [110988][I][PacketQueueService.h:83] deleteQueuePacketAndPacket(): [LoRaMesher] Deleting packet queue
19:57:41.347 > [110997][V][LoraMesher.cpp:641] processPackets(): [LoRaMesher] Stack space unused after entering the task: 2120
19:57:41.357 > [111007][V][LoraMesher.cpp:642] processPackets(): [LoRaMesher] Free heap: 336212
19:57:49.677 > [119327][V][LoraMesher.cpp:378] receivingRoutine(): [LoRaMesher] Stack space unused after entering the task: 2092
19:57:49.688 > [119337][V][LoraMesher.cpp:379] receivingRoutine(): [LoRaMesher] Free heap: 336212
19:57:49.695 > [119344][I][PacketService.cpp:12] createEmptyPacket(): [LoRaMesher] Packet created with 28 bytes
19:57:49.704 > [119353][I][LoraMesher.cpp:392] receivingRoutine(): [LoRaMesher] Receiving LoRa packet: Size: 28 bytes RSSI: -41 SNR: 13
19:57:49.715 > [119364][V][LoraMesher.cpp:647] processPackets(): [LoRaMesher] Size of Received Packets Queue: 1
19:57:49.724 > [119373][V][LoraMesher.cpp:754] printHeaderPacket(): [LoRaMesher] Packet received -- Size: 28 Src: D110 Dst: FFFF Id: 11 Type: 4 Via: 0 Seq_Id: 0 Num: 0
19:57:49.738 > [119386][I][RoutingTableService.cpp:77] processRoute(): [LoRaMesher] Route packet from D110 with size 5
19:57:49.747 > [119396][I][RoutingTableService.cpp:119] processRoute(): [LoRaMesher] Found better route for D110 via D110 metric 1
19:57:49.757 > [119406][I][RoutingTableService.cpp:99] resetReceiveSNRRoutePacket(): [LoRaMesher] Reset Receive SNR from D110: 13
19:57:49.767 > [119416][I][RoutingTableService.cpp:119] processRoute(): [LoRaMesher] Found better route for F02C via D110 metric 2
19:57:49.777 > [119426][I][RoutingTableService.cpp:192] printRoutingTable(): [LoRaMesher] Current routing table:
19:57:49.786 > [119435][I][RoutingTableService.cpp:206] printRoutingTable(): [LoRaMesher] 0 - B3F0 via B3F0 metric 1 Role 0
19:57:49.796 > [119445][I][RoutingTableService.cpp:206] printRoutingTable(): [LoRaMesher] 1 - DE6C via B3F0 metric 2 Role 0
19:57:49.805 > [119454][I][RoutingTableService.cpp:206] printRoutingTable(): [LoRaMesher] 2 - AFC0 via B3F0 metric 3 Role 0
19:57:49.815 > [119464][I][RoutingTableService.cpp:206] printRoutingTable(): [LoRaMesher] 3 - F02C via D110 metric 2 Role 0
19:57:49.825 > [119473][I][RoutingTableService.cpp:206] printRoutingTable(): [LoRaMesher] 4 - D110 via D110 metric 1 Role 1
19:57:49.834 > [119483][I][PacketQueueService.h:80] deleteQueuePacketAndPacket(): [LoRaMesher] Deleting packet
19:57:49.843 > [119492][I][PacketQueueService.h:83] deleteQueuePacketAndPacket(): [LoRaMesher] Deleting packet queue
19:57:49.852 > [119501][V][LoraMesher.cpp:641] processPackets(): [LoRaMesher] Stack space unused after entering the task: 2088
19:57:49.862 > [119511][V][LoraMesher.cpp:642] processPackets(): [LoRaMesher] Free heap: 336212
19:57:50.835 > [120484][V][LoraMesher.cpp:378] receivingRoutine(): [LoRaMesher] Stack space unused after entering the task: 2092
19:57:50.845 > [120494][V][LoraMesher.cpp:379] receivingRoutine(): [LoRaMesher] Free heap: 336212
19:57:50.853 > [120501][I][PacketService.cpp:12] createEmptyPacket(): [LoRaMesher] Packet created with 28 bytes
19:57:50.861 > [120510][I][LoraMesher.cpp:392] receivingRoutine(): [LoRaMesher] Receiving LoRa packet: Size: 28 bytes RSSI: -37 SNR: 12
19:57:50.873 > [120521][V][LoraMesher.cpp:647] processPackets(): [LoRaMesher] Size of Received Packets Queue: 1
19:57:50.881 > [120530][I][PacketQueueService.h:80] deleteQueuePacketAndPacket(): [LoRaMesher] Deleting packet
19:57:50.890 > [120539][I][PacketQueueService.h:83] deleteQueuePacketAndPacket(): [LoRaMesher] Deleting packet queue
19:57:50.899 > [120548][V][LoraMesher.cpp:658] processPackets(): [LoRaMesher] TESTING: Packet not for me, deleting it
19:57:50.908 > [120557][V][LoraMesher.cpp:641] processPackets(): [LoRaMesher] Stack space unused after entering the task: 2088
19:57:50.918 > [120567][V][LoraMesher.cpp:642] processPackets(): [LoRaMesher] Free heap: 336212
19:57:51.650 > [121300][V][LoraMesher.cpp:378] receivingRoutine(): [LoRaMesher] Stack space unused after entering the task: 2092
19:57:51.661 > [121310][V][LoraMesher.cpp:379] receivingRoutine(): [LoRaMesher] Free heap: 336212
19:57:51.668 > [121317][I][PacketService.cpp:12] createEmptyPacket(): [LoRaMesher] Packet created with 24 bytes
19:57:51.677 > [121326][I][LoraMesher.cpp:392] receivingRoutine(): [LoRaMesher] Receiving LoRa packet: Size: 24 bytes RSSI: -45 SNR: 13
19:57:51.688 > [121337][V][LoraMesher.cpp:647] processPackets(): [LoRaMesher] Size of Received Packets Queue: 1
19:57:51.697 > [121346][I][PacketQueueService.h:80] deleteQueuePacketAndPacket(): [LoRaMesher] Deleting packet
19:57:51.705 > [121354][I][PacketQueueService.h:83] deleteQueuePacketAndPacket(): [LoRaMesher] Deleting packet queue
19:57:51.714 > [121363][V][LoraMesher.cpp:658] processPackets(): [LoRaMesher] TESTING: Packet not for me, deleting it
19:57:51.724 > [121372][V][LoraMesher.cpp:641] processPackets(): [LoRaMesher] Stack space unused after entering the task: 2088
19:57:51.734 > [121382][V][LoraMesher.cpp:642] processPackets(): [LoRaMesher] Free heap: 336212
19:57:58.303 > [127952][V][LoraMesher.cpp:598] sendHelloPacket(): [LoRaMesher] Creating Routing Packet
19:57:58.311 > [127959][V][LoraMesher.cpp:599] sendHelloPacket(): [LoRaMesher] Stack space unused after entering the task: 2328
19:57:58.321 > [127970][V][LoraMesher.cpp:600] sendHelloPacket(): [LoRaMesher] Free heap: 336212
19:57:58.328 > [127977][V][PacketFactory.h:45] createPacket(): [LoRaMesher] Creating packet with 28 bytes
19:57:58.336 > [127985][I][PacketFactory.h:74] createPacket(): [LoRaMesher] Packet created with 28 bytes
19:57:58.344 > [127993][I][LoraMesher.h:659] setPackedForSend(): [LoRaMesher] Adding packet to Q_SP
19:57:58.351 > [128000][I][LoraMesher.h:661] setPackedForSend(): [LoRaMesher] Created packet to Q_SP
19:57:58.359 > [128008][I][LoraMesher.cpp:1061] addToSendOrderedAndNotify(): [LoRaMesher] Added packet to Q_SP, notifying sender task
19:57:58.370 > [128019][V][LoraMesher.cpp:511] sendPackets(): [LoRaMesher] Stack space unused after entering the task: 2260
19:57:58.379 > [128028][V][LoraMesher.cpp:512] sendPackets(): [LoRaMesher] Free heap: 336108
19:57:58.386 > [128035][V][LoraMesher.cpp:518] sendPackets(): [LoRaMesher] Size of Send Packets Queue: 1
19:57:58.394 > [128043][V][LoraMesher.cpp:525] sendPackets(): [LoRaMesher] Send n. 1
19:57:58.400 > [128049][V][LoraMesher.cpp:455] waitBeforeSend(): [LoRaMesher] RandomDelay 415 ms
19:57:58.822 > [128471][V][LoraMesher.cpp:754] printHeaderPacket(): [LoRaMesher] Packet send -- Size: 28 Src: C998 Dst: FFFF Id: 1 Type: 4 Via: 0 Seq_Id: 0 Num: 0
19:57:58.933 > [128582][V][LoraMesher.cpp:575] sendPackets(): [LoRaMesher] TimeOnAir 85 ms, next message in 0 ms
19:57:58.942 > [128591][I][PacketQueueService.h:80] deleteQueuePacketAndPacket(): [LoRaMesher] Deleting packet
19:57:58.950 > [128599][I][PacketQueueService.h:83] deleteQueuePacketAndPacket(): [LoRaMesher] Deleting packet queue
19:58:00.415 > [130064][V][LoraMesher.cpp:378] receivingRoutine(): [LoRaMesher] Stack space unused after entering the task: 2092
19:58:00.427 > [130075][V][LoraMesher.cpp:379] receivingRoutine(): [LoRaMesher] Free heap: 336212
19:58:00.433 > [130082][I][PacketService.cpp:12] createEmptyPacket(): [LoRaMesher] Packet created with 17 bytes
19:58:00.442 > [130091][I][LoraMesher.cpp:392] receivingRoutine(): [LoRaMesher] Receiving LoRa packet: Size: 17 bytes RSSI: -29 SNR: 13
19:58:00.453 > [130102][V][LoraMesher.cpp:647] processPackets(): [LoRaMesher] Size of Received Packets Queue: 1
19:58:00.462 > [130111][V][LoraMesher.cpp:754] printHeaderPacket(): [LoRaMesher] Packet received -- Size: 17 Src: B3F0 Dst: D110 Id: 73 Type: 2 Via: DE6C Seq_Id: 0 Num: 0
19:58:00.475 > [130124][I][LoraMesher.cpp:854] processDataPacket(): [LoRaMesher] Data packet from B3F0, destination D110, via DE6C
19:58:00.486 > [130135][V][LoraMesher.cpp:878] processDataPacket(): [LoRaMesher] Packet not for me, deleting it
19:58:00.494 > [130143][I][PacketQueueService.h:80] deleteQueuePacketAndPacket(): [LoRaMesher] Deleting packet
19:58:00.504 > [130152][I][PacketQueueService.h:83] deleteQueuePacketAndPacket(): [LoRaMesher] Deleting packet queue
19:58:00.512 > [130161][V][LoraMesher.cpp:641] processPackets(): [LoRaMesher] Stack space unused after entering the task: 2088
19:58:00.522 > [130171][V][LoraMesher.cpp:642] processPackets(): [LoRaMesher] Free heap: 336212
19:58:01.891 > [131540][V][LoraMesher.cpp:378] receivingRoutine(): [LoRaMesher] Stack space unused after entering the task: 2092
19:58:01.902 > [131550][V][LoraMesher.cpp:379] receivingRoutine(): [LoRaMesher] Free heap: 336212
19:58:01.909 > [131557][I][PacketService.cpp:12] createEmptyPacket(): [LoRaMesher] Packet created with 17 bytes
19:58:01.918 > [131566][I][LoraMesher.cpp:392] receivingRoutine(): [LoRaMesher] Receiving LoRa packet: Size: 17 bytes RSSI: -42 SNR: 12
19:58:01.929 > [131577][V][LoraMesher.cpp:647] processPackets(): [LoRaMesher] Size of Received Packets Queue: 1
19:58:01.938 > [131586][V][LoraMesher.cpp:754] printHeaderPacket(): [LoRaMesher] Packet received -- Size: 17 Src: B3F0 Dst: D110 Id: 73 Type: 2 Via: AFC0 Seq_Id: 0 Num: 0
19:58:01.952 > [131600][I][LoraMesher.cpp:854] processDataPacket(): [LoRaMesher] Data packet from B3F0, destination D110, via AFC0
19:58:01.962 > [131610][V][LoraMesher.cpp:878] processDataPacket(): [LoRaMesher] Packet not for me, deleting it
19:58:01.970 > [131618][I][PacketQueueService.h:80] deleteQueuePacketAndPacket(): [LoRaMesher] Deleting packet
19:58:01.979 > [131627][I][PacketQueueService.h:83] deleteQueuePacketAndPacket(): [LoRaMesher] Deleting packet queue
19:58:01.988 > [131636][V][LoraMesher.cpp:641] processPackets(): [LoRaMesher] Stack space unused after entering the task: 2088
19:58:01.998 > [131646][V][LoraMesher.cpp:642] processPackets(): [LoRaMesher] Free heap: 336212
19:58:02.999 > [132648][V][LoraMesher.cpp:378] receivingRoutine(): [LoRaMesher] Stack space unused after entering the task: 2092
19:58:03.010 > [132658][V][LoraMesher.cpp:379] receivingRoutine(): [LoRaMesher] Free heap: 336212
19:58:03.018 > [132666][I][PacketService.cpp:12] createEmptyPacket(): [LoRaMesher] Packet created with 17 bytes
19:58:03.027 > [132675][I][LoraMesher.cpp:392] receivingRoutine(): [LoRaMesher] Receiving LoRa packet: Size: 17 bytes RSSI: -73 SNR: 4
19:58:03.038 > [132686][V][LoraMesher.cpp:647] processPackets(): [LoRaMesher] Size of Received Packets Queue: 1
19:58:03.046 > [132694][V][LoraMesher.cpp:754] printHeaderPacket(): [LoRaMesher] Packet received -- Size: 17 Src: B3F0 Dst: D110 Id: 73 Type: 2 Via: F02C Seq_Id: 0 Num: 0
19:58:03.060 > [132708][I][LoraMesher.cpp:854] processDataPacket(): [LoRaMesher] Data packet from B3F0, destination D110, via F02C
19:58:03.070 > [132718][V][LoraMesher.cpp:878] processDataPacket(): [LoRaMesher] Packet not for me, deleting it
19:58:03.079 > [132727][I][PacketQueueService.h:80] deleteQueuePacketAndPacket(): [LoRaMesher] Deleting packet
19:58:03.087 > [132735][I][PacketQueueService.h:83] deleteQueuePacketAndPacket(): [LoRaMesher] Deleting packet queue
19:58:03.096 > [132744][V][LoraMesher.cpp:641] processPackets(): [LoRaMesher] Stack space unused after entering the task: 2088
19:58:03.106 > [132754][V][LoraMesher.cpp:642] processPackets(): [LoRaMesher] Free heap: 336212
19:58:03.510 > [133158][V][LoraMesher.cpp:378] receivingRoutine(): [LoRaMesher] Stack space unused after entering the task: 2092
19:58:03.521 > [133169][V][LoraMesher.cpp:379] receivingRoutine(): [LoRaMesher] Free heap: 336212
19:58:03.528 > [133176][I][PacketService.cpp:12] createEmptyPacket(): [LoRaMesher] Packet created with 17 bytes
19:58:03.537 > [133185][I][LoraMesher.cpp:392] receivingRoutine(): [LoRaMesher] Receiving LoRa packet: Size: 17 bytes RSSI: -50 SNR: 12
19:58:03.548 > [133196][V][LoraMesher.cpp:647] processPackets(): [LoRaMesher] Size of Received Packets Queue: 1
19:58:03.557 > [133205][V][LoraMesher.cpp:754] printHeaderPacket(): [LoRaMesher] Packet received -- Size: 17 Src: B3F0 Dst: D110 Id: 73 Type: 2 Via: D110 Seq_Id: 0 Num: 0
19:58:03.570 > [133218][I][LoraMesher.cpp:854] processDataPacket(): [LoRaMesher] Data packet from B3F0, destination D110, via D110
19:58:03.581 > [133229][V][LoraMesher.cpp:878] processDataPacket(): [LoRaMesher] Packet not for me, deleting it
19:58:03.589 > [133237][I][PacketQueueService.h:80] deleteQueuePacketAndPacket(): [LoRaMesher] Deleting packet
19:58:03.598 > [133246][I][PacketQueueService.h:83] deleteQueuePacketAndPacket(): [LoRaMesher] Deleting packet queue
19:58:03.607 > [133255][V][LoraMesher.cpp:641] processPackets(): [LoRaMesher] Stack space unused after entering the task: 2088
19:58:03.617 > [133265][V][LoraMesher.cpp:642] processPackets(): [LoRaMesher] Free heap: 336212
19:58:19.341 > [148988][V][LoraMesher.cpp:378] receivingRoutine(): [LoRaMesher] Stack space unused after entering the task: 2092
19:58:19.351 > [148998][V][LoraMesher.cpp:379] receivingRoutine(): [LoRaMesher] Free heap: 336212
19:58:19.359 > [149006][I][PacketService.cpp:12] createEmptyPacket(): [LoRaMesher] Packet created with 17 bytes
19:58:19.368 > [149015][I][LoraMesher.cpp:392] receivingRoutine(): [LoRaMesher] Receiving LoRa packet: Size: 17 bytes RSSI: -34 SNR: 12
19:58:19.379 > [149026][V][LoraMesher.cpp:647] processPackets(): [LoRaMesher] Size of Received Packets Queue: 1
19:58:19.387 > [149034][V][LoraMesher.cpp:754] printHeaderPacket(): [LoRaMesher] Packet received -- Size: 17 Src: B3F0 Dst: D110 Id: 74 Type: 2 Via: C998 Seq_Id: 0 Num: 0
19:58:19.401 > [149048][I][LoraMesher.cpp:854] processDataPacket(): [LoRaMesher] Data packet from B3F0, destination D110, via C998
19:58:19.411 > [149058][V][LoraMesher.cpp:872] processDataPacket(): [LoRaMesher] Data Packet from B3F0 for D110. Via is me. Forwarding it
19:58:19.422 > [149069][I][LoraMesher.cpp:1061] addToSendOrderedAndNotify(): [LoRaMesher] Added packet to Q_SP, notifying sender task
19:58:19.433 > [149080][V][LoraMesher.cpp:511] sendPackets(): [LoRaMesher] Stack space unused after entering the task: 2260
19:58:19.442 > [149090][V][LoraMesher.cpp:512] sendPackets(): [LoRaMesher] Free heap: 336116
19:58:19.449 > [149096][V][LoraMesher.cpp:518] sendPackets(): [LoRaMesher] Size of Send Packets Queue: 1
19:58:19.457 > [149104][V][LoraMesher.cpp:525] sendPackets(): [LoRaMesher] Send n. 2
19:58:19.464 > [149111][V][LoraMesher.cpp:455] waitBeforeSend(): [LoRaMesher] RandomDelay 321 ms
19:58:19.471 > [149118][V][LoraMesher.cpp:641] processPackets(): [LoRaMesher] Stack space unused after entering the task: 2088
19:58:19.481 > [149128][V][LoraMesher.cpp:642] processPackets(): [LoRaMesher] Free heap: 336144
19:58:19.791 > [149439][V][LoraMesher.cpp:754] printHeaderPacket(): [LoRaMesher] Packet send -- Size: 17 Src: B3F0 Dst: D110 Id: 74 Type: 2 Via: D110 Seq_Id: 0 Num: 0
19:58:19.881 > [149529][V][LoraMesher.cpp:575] sendPackets(): [LoRaMesher] TimeOnAir 63 ms, next message in 0 ms
19:58:19.890 > [149537][I][PacketQueueService.h:80] deleteQueuePacketAndPacket(): [LoRaMesher] Deleting packet
19:58:19.899 > [149546][I][PacketQueueService.h:83] deleteQueuePacketAndPacket(): [LoRaMesher] Deleting packet queue
19:58:39.833 > [169479][V][LoraMesher.cpp:378] receivingRoutine(): [LoRaMesher] Stack space unused after entering the task: 2092
19:58:39.844 > [169489][V][LoraMesher.cpp:379] receivingRoutine(): [LoRaMesher] Free heap: 336212
19:58:39.850 > [169497][I][PacketService.cpp:12] createEmptyPacket(): [LoRaMesher] Packet created with 17 bytes
19:58:39.859 > [169506][I][LoraMesher.cpp:392] receivingRoutine(): [LoRaMesher] Receiving LoRa packet: Size: 17 bytes RSSI: -30 SNR: 12
19:58:39.870 > [169517][V][LoraMesher.cpp:647] processPackets(): [LoRaMesher] Size of Received Packets Queue: 1
19:58:39.879 > [169525][V][LoraMesher.cpp:754] printHeaderPacket(): [LoRaMesher] Packet received -- Size: 17 Src: B3F0 Dst: D110 Id: 75 Type: 2 Via: C998 Seq_Id: 0 Num: 0
19:58:39.894 > [169539][I][LoraMesher.cpp:854] processDataPacket(): [LoRaMesher] Data packet from B3F0, destination D110, via C998
19:58:39.903 > [169549][V][LoraMesher.cpp:872] processDataPacket(): [LoRaMesher] Data Packet from B3F0 for D110. Via is me. Forwarding it
19:58:39.914 > [169560][I][LoraMesher.cpp:1061] addToSendOrderedAndNotify(): [LoRaMesher] Added packet to Q_SP, notifying sender task
19:58:39.924 > [169571][V][LoraMesher.cpp:511] sendPackets(): [LoRaMesher] Stack space unused after entering the task: 2260
19:58:39.934 > [169580][V][LoraMesher.cpp:512] sendPackets(): [LoRaMesher] Free heap: 336116
19:58:39.941 > [169587][V][LoraMesher.cpp:518] sendPackets(): [LoRaMesher] Size of Send Packets Queue: 1
19:58:39.949 > [169595][V][LoraMesher.cpp:525] sendPackets(): [LoRaMesher] Send n. 3
19:58:39.955 > [169602][V][LoraMesher.cpp:455] waitBeforeSend(): [LoRaMesher] RandomDelay 361 ms
19:58:39.963 > [169609][V][LoraMesher.cpp:641] processPackets(): [LoRaMesher] Stack space unused after entering the task: 2088
19:58:39.972 > [169619][V][LoraMesher.cpp:642] processPackets(): [LoRaMesher] Free heap: 336144
19:58:40.324 > [169970][V][LoraMesher.cpp:754] printHeaderPacket(): [LoRaMesher] Packet send -- Size: 17 Src: B3F0 Dst: D110 Id: 75 Type: 2 Via: D110 Seq_Id: 0 Num: 0
19:58:40.413 > [170060][V][LoraMesher.cpp:575] sendPackets(): [LoRaMesher] TimeOnAir 63 ms, next message in 0 ms
19:58:40.423 > [170068][I][PacketQueueService.h:80] deleteQueuePacketAndPacket(): [LoRaMesher] Deleting packet
19:58:40.431 > [170077][I][PacketQueueService.h:83] deleteQueuePacketAndPacket(): [LoRaMesher] Deleting packet queue
19:58:59.520 > [189165][V][LoraMesher.cpp:378] receivingRoutine(): [LoRaMesher] Stack space unused after entering the task: 2092
19:58:59.531 > [189175][V][LoraMesher.cpp:379] receivingRoutine(): [LoRaMesher] Free heap: 336212
19:58:59.538 > [189183][I][PacketService.cpp:12] createEmptyPacket(): [LoRaMesher] Packet created with 17 bytes
19:58:59.547 > [189191][I][LoraMesher.cpp:392] receivingRoutine(): [LoRaMesher] Receiving LoRa packet: Size: 17 bytes RSSI: -30 SNR: 13
19:58:59.558 > [189203][V][LoraMesher.cpp:647] processPackets(): [LoRaMesher] Size of Received Packets Queue: 1
19:58:59.567 > [189211][V][LoraMesher.cpp:754] printHeaderPacket(): [LoRaMesher] Packet received -- Size: 17 Src: B3F0 Dst: D110 Id: 76 Type: 2 Via: C998 Seq_Id: 0 Num: 0
19:58:59.580 > [189225][I][LoraMesher.cpp:854] processDataPacket(): [LoRaMesher] Data packet from B3F0, destination D110, via C998
19:58:59.591 > [189235][V][LoraMesher.cpp:872] processDataPacket(): [LoRaMesher] Data Packet from B3F0 for D110. Via is me. Forwarding it
19:58:59.601 > [189246][I][LoraMesher.cpp:1061] addToSendOrderedAndNotify(): [LoRaMesher] Added packet to Q_SP, notifying sender task
19:58:59.612 > [189257][V][LoraMesher.cpp:511] sendPackets(): [LoRaMesher] Stack space unused after entering the task: 2260
19:58:59.622 > [189266][V][LoraMesher.cpp:512] sendPackets(): [LoRaMesher] Free heap: 336116
19:58:59.629 > [189273][V][LoraMesher.cpp:518] sendPackets(): [LoRaMesher] Size of Send Packets Queue: 1
19:58:59.637 > [189281][V][LoraMesher.cpp:525] sendPackets(): [LoRaMesher] Send n. 4
19:58:59.643 > [189287][V][LoraMesher.cpp:455] waitBeforeSend(): [LoRaMesher] RandomDelay 468 ms
19:58:59.650 > [189295][V][LoraMesher.cpp:641] processPackets(): [LoRaMesher] Stack space unused after entering the task: 2088
19:58:59.660 > [189305][V][LoraMesher.cpp:642] processPackets(): [LoRaMesher] Free heap: 336144
19:59:00.118 > [189763][V][LoraMesher.cpp:754] printHeaderPacket(): [LoRaMesher] Packet send -- Size: 17 Src: B3F0 Dst: D110 Id: 76 Type: 2 Via: D110 Seq_Id: 0 Num: 0
19:59:00.207 > [189853][V][LoraMesher.cpp:575] sendPackets(): [LoRaMesher] TimeOnAir 63 ms, next message in 0 ms
19:59:00.217 > [189861][I][PacketQueueService.h:80] deleteQueuePacketAndPacket(): [LoRaMesher] Deleting packet
19:59:00.225 > [189870][I][PacketQueueService.h:83] deleteQueuePacketAndPacket(): [LoRaMesher] Deleting packet queue
19:59:15.884 > [205528][V][LoraMesher.cpp:378] receivingRoutine(): [LoRaMesher] Stack space unused after entering the task: 2092
19:59:15.894 > [205538][V][LoraMesher.cpp:379] receivingRoutine(): [LoRaMesher] Free heap: 336212
19:59:15.902 > [205546][I][PacketService.cpp:12] createEmptyPacket(): [LoRaMesher] Packet created with 28 bytes
19:59:15.911 > [205555][I][LoraMesher.cpp:392] receivingRoutine(): [LoRaMesher] Receiving LoRa packet: Size: 28 bytes RSSI: -31 SNR: 13
19:59:15.922 > [205566][V][LoraMesher.cpp:647] processPackets(): [LoRaMesher] Size of Received Packets Queue: 1
19:59:15.931 > [205574][V][LoraMesher.cpp:754] printHeaderPacket(): [LoRaMesher] Packet received -- Size: 28 Src: B3F0 Dst: FFFF Id: 77 Type: 4 Via: 0 Seq_Id: 0 Num: 0
19:59:15.944 > [205588][I][RoutingTableService.cpp:77] processRoute(): [LoRaMesher] Route packet from B3F0 with size 5
19:59:15.953 > [205597][I][RoutingTableService.cpp:99] resetReceiveSNRRoutePacket(): [LoRaMesher] Reset Receive SNR from B3F0: 13
19:59:15.964 > [205607][I][RoutingTableService.cpp:192] printRoutingTable(): [LoRaMesher] Current routing table:
19:59:15.972 > [205616][I][RoutingTableService.cpp:206] printRoutingTable(): [LoRaMesher] 0 - B3F0 via B3F0 metric 1 Role 0
19:59:15.982 > [205626][I][RoutingTableService.cpp:206] printRoutingTable(): [LoRaMesher] 1 - DE6C via B3F0 metric 2 Role 0
19:59:15.991 > [205635][I][RoutingTableService.cpp:206] printRoutingTable(): [LoRaMesher] 2 - AFC0 via B3F0 metric 3 Role 0
19:59:16.001 > [205645][I][RoutingTableService.cpp:206] printRoutingTable(): [LoRaMesher] 3 - F02C via D110 metric 2 Role 0
19:59:16.011 > [205655][I][RoutingTableService.cpp:206] printRoutingTable(): [LoRaMesher] 4 - D110 via D110 metric 1 Role 1
19:59:16.020 > [205664][I][PacketQueueService.h:80] deleteQueuePacketAndPacket(): [LoRaMesher] Deleting packet
19:59:16.029 > [205673][I][PacketQueueService.h:83] deleteQueuePacketAndPacket(): [LoRaMesher] Deleting packet queue
19:59:16.038 > [205682][V][LoraMesher.cpp:641] processPackets(): [LoRaMesher] Stack space unused after entering the task: 2088
19:59:16.048 > [205692][V][LoraMesher.cpp:642] processPackets(): [LoRaMesher] Free heap: 336212
19:59:19.619 > [209263][V][LoraMesher.cpp:378] receivingRoutine(): [LoRaMesher] Stack space unused after entering the task: 2092
19:59:19.629 > [209273][V][LoraMesher.cpp:379] receivingRoutine(): [LoRaMesher] Free heap: 336212
19:59:19.637 > [209281][I][PacketService.cpp:12] createEmptyPacket(): [LoRaMesher] Packet created with 17 bytes
19:59:19.645 > [209289][I][LoraMesher.cpp:392] receivingRoutine(): [LoRaMesher] Receiving LoRa packet: Size: 17 bytes RSSI: -30 SNR: 13
19:59:19.657 > [209300][V][LoraMesher.cpp:647] processPackets(): [LoRaMesher] Size of Received Packets Queue: 1
19:59:19.665 > [209309][V][LoraMesher.cpp:754] printHeaderPacket(): [LoRaMesher] Packet received -- Size: 17 Src: B3F0 Dst: D110 Id: 78 Type: 2 Via: C998 Seq_Id: 0 Num: 0
19:59:19.679 > [209323][I][LoraMesher.cpp:854] processDataPacket(): [LoRaMesher] Data packet from B3F0, destination D110, via C998
19:59:19.689 > [209333][V][LoraMesher.cpp:872] processDataPacket(): [LoRaMesher] Data Packet from B3F0 for D110. Via is me. Forwarding it
19:59:19.700 > [209344][I][LoraMesher.cpp:1061] addToSendOrderedAndNotify(): [LoRaMesher] Added packet to Q_SP, notifying sender task
19:59:19.711 > [209354][V][LoraMesher.cpp:511] sendPackets(): [LoRaMesher] Stack space unused after entering the task: 2244
19:59:19.720 > [209364][V][LoraMesher.cpp:512] sendPackets(): [LoRaMesher] Free heap: 336116
19:59:19.727 > [209371][V][LoraMesher.cpp:518] sendPackets(): [LoRaMesher] Size of Send Packets Queue: 1
19:59:19.735 > [209379][V][LoraMesher.cpp:525] sendPackets(): [LoRaMesher] Send n. 5
19:59:19.741 > [209385][V][LoraMesher.cpp:455] waitBeforeSend(): [LoRaMesher] RandomDelay 311 ms
19:59:19.749 > [209393][V][LoraMesher.cpp:641] processPackets(): [LoRaMesher] Stack space unused after entering the task: 2088
19:59:19.759 > [209403][V][LoraMesher.cpp:642] processPackets(): [LoRaMesher] Free heap: 336144
19:59:20.059 > [209703][V][LoraMesher.cpp:754] printHeaderPacket(): [LoRaMesher] Packet send -- Size: 17 Src: B3F0 Dst: D110 Id: 78 Type: 2 Via: D110 Seq_Id: 0 Num: 0
19:59:20.149 > [209793][V][LoraMesher.cpp:575] sendPackets(): [LoRaMesher] TimeOnAir 63 ms, next message in 0 ms
19:59:20.157 > [209801][I][PacketQueueService.h:80] deleteQueuePacketAndPacket(): [LoRaMesher] Deleting packet
19:59:20.166 > [209810][I][PacketQueueService.h:83] deleteQueuePacketAndPacket(): [LoRaMesher] Deleting packet queue
19:59:39.863 > [229506][V][LoraMesher.cpp:378] receivingRoutine(): [LoRaMesher] Stack space unused after entering the task: 2092
19:59:39.874 > [229516][V][LoraMesher.cpp:379] receivingRoutine(): [LoRaMesher] Free heap: 336212
19:59:39.881 > [229523][I][PacketService.cpp:12] createEmptyPacket(): [LoRaMesher] Packet created with 17 bytes
19:59:39.890 > [229532][I][LoraMesher.cpp:392] receivingRoutine(): [LoRaMesher] Receiving LoRa packet: Size: 17 bytes RSSI: -30 SNR: 13
19:59:39.901 > [229543][V][LoraMesher.cpp:647] processPackets(): [LoRaMesher] Size of Received Packets Queue: 1
19:59:39.910 > [229552][V][LoraMesher.cpp:754] printHeaderPacket(): [LoRaMesher] Packet received -- Size: 17 Src: B3F0 Dst: D110 Id: 79 Type: 2 Via: C998 Seq_Id: 0 Num: 0
19:59:39.924 > [229566][I][LoraMesher.cpp:854] processDataPacket(): [LoRaMesher] Data packet from B3F0, destination D110, via C998
19:59:39.934 > [229576][V][LoraMesher.cpp:872] processDataPacket(): [LoRaMesher] Data Packet from B3F0 for D110. Via is me. Forwarding it
19:59:39.945 > [229587][I][LoraMesher.cpp:1061] addToSendOrderedAndNotify(): [LoRaMesher] Added packet to Q_SP, notifying sender task
19:59:39.955 > [229597][V][LoraMesher.cpp:511] sendPackets(): [LoRaMesher] Stack space unused after entering the task: 2244
19:59:39.965 > [229607][V][LoraMesher.cpp:512] sendPackets(): [LoRaMesher] Free heap: 336116
19:59:39.972 > [229614][V][LoraMesher.cpp:518] sendPackets(): [LoRaMesher] Size of Send Packets Queue: 1
19:59:39.980 > [229622][V][LoraMesher.cpp:525] sendPackets(): [LoRaMesher] Send n. 6
19:59:39.986 > [229628][V][LoraMesher.cpp:455] waitBeforeSend(): [LoRaMesher] RandomDelay 1303 ms
19:59:39.993 > [229636][V][LoraMesher.cpp:641] processPackets(): [LoRaMesher] Stack space unused after entering the task: 2088
19:59:40.003 > [229646][V][LoraMesher.cpp:642] processPackets(): [LoRaMesher] Free heap: 336144
19:59:41.295 > [230938][V][LoraMesher.cpp:754] printHeaderPacket(): [LoRaMesher] Packet send -- Size: 17 Src: B3F0 Dst: D110 Id: 79 Type: 2 Via: D110 Seq_Id: 0 Num: 0
19:59:41.385 > [231028][V][LoraMesher.cpp:575] sendPackets(): [LoRaMesher] TimeOnAir 63 ms, next message in 0 ms
19:59:41.394 > [231036][I][PacketQueueService.h:80] deleteQueuePacketAndPacket(): [LoRaMesher] Deleting packet
19:59:41.403 > [231045][I][PacketQueueService.h:83] deleteQueuePacketAndPacket(): [LoRaMesher] Deleting packet queue
19:59:49.849 > [239491][V][LoraMesher.cpp:378] receivingRoutine(): [LoRaMesher] Stack space unused after entering the task: 2092
19:59:49.859 > [239501][V][LoraMesher.cpp:379] receivingRoutine(): [LoRaMesher] Free heap: 336212
19:59:49.867 > [239509][I][PacketService.cpp:12] createEmptyPacket(): [LoRaMesher] Packet created with 28 bytes
19:59:49.875 > [239518][I][LoraMesher.cpp:392] receivingRoutine(): [LoRaMesher] Receiving LoRa packet: Size: 28 bytes RSSI: -31 SNR: 10
19:59:49.887 > [239529][V][LoraMesher.cpp:647] processPackets(): [LoRaMesher] Size of Received Packets Queue: 1
19:59:49.895 > [239538][V][LoraMesher.cpp:754] printHeaderPacket(): [LoRaMesher] Packet received -- Size: 28 Src: D110 Dst: FFFF Id: 12 Type: 4 Via: 0 Seq_Id: 0 Num: 0
19:59:49.909 > [239551][I][RoutingTableService.cpp:77] processRoute(): [LoRaMesher] Route packet from D110 with size 5
19:59:49.918 > [239560][I][RoutingTableService.cpp:99] resetReceiveSNRRoutePacket(): [LoRaMesher] Reset Receive SNR from D110: 10
19:59:49.928 > [239570][I][RoutingTableService.cpp:192] printRoutingTable(): [LoRaMesher] Current routing table:
19:59:49.937 > [239579][I][RoutingTableService.cpp:206] printRoutingTable(): [LoRaMesher] 0 - B3F0 via B3F0 metric 1 Role 0
19:59:49.946 > [239589][I][RoutingTableService.cpp:206] printRoutingTable(): [LoRaMesher] 1 - DE6C via B3F0 metric 2 Role 0
19:59:49.956 > [239598][I][RoutingTableService.cpp:206] printRoutingTable(): [LoRaMesher] 2 - AFC0 via B3F0 metric 3 Role 0
19:59:49.966 > [239608][I][RoutingTableService.cpp:206] printRoutingTable(): [LoRaMesher] 3 - F02C via D110 metric 2 Role 0
19:59:49.975 > [239618][I][RoutingTableService.cpp:206] printRoutingTable(): [LoRaMesher] 4 - D110 via D110 metric 1 Role 1
19:59:49.985 > [239627][I][PacketQueueService.h:80] deleteQueuePacketAndPacket(): [LoRaMesher] Deleting packet
19:59:49.993 > [239636][I][PacketQueueService.h:83] deleteQueuePacketAndPacket(): [LoRaMesher] Deleting packet queue
19:59:50.003 > [239645][V][LoraMesher.cpp:641] processPackets(): [LoRaMesher] Stack space unused after entering the task: 2088
19:59:50.012 > [239655][V][LoraMesher.cpp:642] processPackets(): [LoRaMesher] Free heap: 336212
19:59:50.400 > [240043][V][LoraMesher.cpp:378] receivingRoutine(): [LoRaMesher] Stack space unused after entering the task: 2092
19:59:50.410 > [240053][V][LoraMesher.cpp:379] receivingRoutine(): [LoRaMesher] Free heap: 336212
19:59:50.418 > [240060][I][PacketService.cpp:12] createEmptyPacket(): [LoRaMesher] Packet created with 28 bytes
19:59:50.427 > [240069][I][LoraMesher.cpp:392] receivingRoutine(): [LoRaMesher] Receiving LoRa packet: Size: 28 bytes RSSI: -73 SNR: 3
19:59:50.438 > [240080][V][LoraMesher.cpp:647] processPackets(): [LoRaMesher] Size of Received Packets Queue: 1
19:59:50.446 > [240089][I][PacketQueueService.h:80] deleteQueuePacketAndPacket(): [LoRaMesher] Deleting packet
19:59:50.455 > [240097][I][PacketQueueService.h:83] deleteQueuePacketAndPacket(): [LoRaMesher] Deleting packet queue
19:59:50.464 > [240106][V][LoraMesher.cpp:658] processPackets(): [LoRaMesher] TESTING: Packet not for me, deleting it
19:59:50.473 > [240115][V][LoraMesher.cpp:641] processPackets(): [LoRaMesher] Stack space unused after entering the task: 2088
19:59:50.483 > [240125][V][LoraMesher.cpp:642] processPackets(): [LoRaMesher] Free heap: 336212
19:59:51.859 > [241501][V][LoraMesher.cpp:378] receivingRoutine(): [LoRaMesher] Stack space unused after entering the task: 2092
19:59:51.870 > [241512][V][LoraMesher.cpp:379] receivingRoutine(): [LoRaMesher] Free heap: 336212
19:59:51.877 > [241519][I][PacketService.cpp:12] createEmptyPacket(): [LoRaMesher] Packet created with 28 bytes
19:59:51.886 > [241528][I][LoraMesher.cpp:392] receivingRoutine(): [LoRaMesher] Receiving LoRa packet: Size: 28 bytes RSSI: -40 SNR: 12
19:59:51.897 > [241539][V][LoraMesher.cpp:647] processPackets(): [LoRaMesher] Size of Received Packets Queue: 1
19:59:51.905 > [241548][I][PacketQueueService.h:80] deleteQueuePacketAndPacket(): [LoRaMesher] Deleting packet
19:59:51.914 > [241556][I][PacketQueueService.h:83] deleteQueuePacketAndPacket(): [LoRaMesher] Deleting packet queue
19:59:51.924 > [241565][V][LoraMesher.cpp:658] processPackets(): [LoRaMesher] TESTING: Packet not for me, deleting it
19:59:51.932 > [241574][V][LoraMesher.cpp:641] processPackets(): [LoRaMesher] Stack space unused after entering the task: 2088
19:59:51.943 > [241584][V][LoraMesher.cpp:642] processPackets(): [LoRaMesher] Free heap: 336212
19:59:58.377 > [248019][V][LoraMesher.cpp:598] sendHelloPacket(): [LoRaMesher] Creating Routing Packet
19:59:58.385 > [248026][V][LoraMesher.cpp:599] sendHelloPacket(): [LoRaMesher] Stack space unused after entering the task: 2328
19:59:58.395 > [248037][V][LoraMesher.cpp:600] sendHelloPacket(): [LoRaMesher] Free heap: 336212
19:59:58.402 > [248044][V][PacketFactory.h:45] createPacket(): [LoRaMesher] Creating packet with 28 bytes
19:59:58.411 > [248052][I][PacketFactory.h:74] createPacket(): [LoRaMesher] Packet created with 28 bytes
19:59:58.419 > [248060][I][LoraMesher.h:659] setPackedForSend(): [LoRaMesher] Adding packet to Q_SP
19:59:58.426 > [248067][I][LoraMesher.h:661] setPackedForSend(): [LoRaMesher] Created packet to Q_SP
19:59:58.434 > [248075][I][LoraMesher.cpp:1061] addToSendOrderedAndNotify(): [LoRaMesher] Added packet to Q_SP, notifying sender task
19:59:58.444 > [248086][V][LoraMesher.cpp:511] sendPackets(): [LoRaMesher] Stack space unused after entering the task: 2244
19:59:58.454 > [248095][V][LoraMesher.cpp:512] sendPackets(): [LoRaMesher] Free heap: 336108
19:59:58.461 > [248102][V][LoraMesher.cpp:518] sendPackets(): [LoRaMesher] Size of Send Packets Queue: 1
19:59:58.469 > [248110][V][LoraMesher.cpp:525] sendPackets(): [LoRaMesher] Send n. 7
19:59:58.475 > [248116][V][LoraMesher.cpp:455] waitBeforeSend(): [LoRaMesher] RandomDelay 505 ms
19:59:58.986 > [248628][V][LoraMesher.cpp:754] printHeaderPacket(): [LoRaMesher] Packet send -- Size: 28 Src: C998 Dst: FFFF Id: 2 Type: 4 Via: 0 Seq_Id: 0 Num: 0
19:59:59.097 > [248739][V][LoraMesher.cpp:575] sendPackets(): [LoRaMesher] TimeOnAir 85 ms, next message in 0 ms
19:59:59.106 > [248748][I][PacketQueueService.h:80] deleteQueuePacketAndPacket(): [LoRaMesher] Deleting packet
19:59:59.115 > [248756][I][PacketQueueService.h:83] deleteQueuePacketAndPacket(): [LoRaMesher] Deleting packet queue
20:00:00.036 > [249678][V][LoraMesher.cpp:378] receivingRoutine(): [LoRaMesher] Stack space unused after entering the task: 2092
20:00:00.046 > [249688][V][LoraMesher.cpp:379] receivingRoutine(): [LoRaMesher] Free heap: 336212
20:00:00.054 > [249695][I][PacketService.cpp:12] createEmptyPacket(): [LoRaMesher] Packet created with 17 bytes
20:00:00.063 > [249704][I][LoraMesher.cpp:392] receivingRoutine(): [LoRaMesher] Receiving LoRa packet: Size: 17 bytes RSSI: -29 SNR: 13
20:00:00.074 > [249715][V][LoraMesher.cpp:647] processPackets(): [LoRaMesher] Size of Received Packets Queue: 1
20:00:00.082 > [249724][V][LoraMesher.cpp:754] printHeaderPacket(): [LoRaMesher] Packet received -- Size: 17 Src: B3F0 Dst: D110 Id: 80 Type: 2 Via: C998 Seq_Id: 0 Num: 0
20:00:00.096 > [249738][I][LoraMesher.cpp:854] processDataPacket(): [LoRaMesher] Data packet from B3F0, destination D110, via C998
20:00:00.106 > [249748][V][LoraMesher.cpp:872] processDataPacket(): [LoRaMesher] Data Packet from B3F0 for D110. Via is me. Forwarding it
20:00:00.117 > [249759][I][LoraMesher.cpp:1061] addToSendOrderedAndNotify(): [LoRaMesher] Added packet to Q_SP, notifying sender task
20:00:00.128 > [249769][V][LoraMesher.cpp:511] sendPackets(): [LoRaMesher] Stack space unused after entering the task: 2196
20:00:00.137 > [249779][V][LoraMesher.cpp:512] sendPackets(): [LoRaMesher] Free heap: 336116
20:00:00.144 > [249786][V][LoraMesher.cpp:518] sendPackets(): [LoRaMesher] Size of Send Packets Queue: 1
20:00:00.152 > [249794][V][LoraMesher.cpp:525] sendPackets(): [LoRaMesher] Send n. 8
20:00:00.159 > [249800][V][LoraMesher.cpp:455] waitBeforeSend(): [LoRaMesher] RandomDelay 1096 ms
20:00:00.166 > [249807][V][LoraMesher.cpp:641] processPackets(): [LoRaMesher] Stack space unused after entering the task: 2088
20:00:00.176 > [249817][V][LoraMesher.cpp:642] processPackets(): [LoRaMesher] Free heap: 336144
20:00:01.261 > [250903][V][LoraMesher.cpp:754] printHeaderPacket(): [LoRaMesher] Packet send -- Size: 17 Src: B3F0 Dst: D110 Id: 80 Type: 2 Via: D110 Seq_Id: 0 Num: 0
20:00:01.351 > [250993][V][LoraMesher.cpp:575] sendPackets(): [LoRaMesher] TimeOnAir 63 ms, next message in 0 ms
20:00:01.360 > [251001][I][PacketQueueService.h:80] deleteQueuePacketAndPacket(): [LoRaMesher] Deleting packet
20:00:01.368 > [251010][I][PacketQueueService.h:83] deleteQueuePacketAndPacket(): [LoRaMesher] Deleting packet queue
20:00:20.566 > [270206][V][LoraMesher.cpp:378] receivingRoutine(): [LoRaMesher] Stack space unused after entering the task: 2092
20:00:20.576 > [270217][V][LoraMesher.cpp:379] receivingRoutine(): [LoRaMesher] Free heap: 336212
20:00:20.583 > [270224][I][PacketService.cpp:12] createEmptyPacket(): [LoRaMesher] Packet created with 17 bytes
20:00:20.592 > [270233][I][LoraMesher.cpp:392] receivingRoutine(): [LoRaMesher] Receiving LoRa packet: Size: 17 bytes RSSI: -29 SNR: 13
20:00:20.603 > [270244][V][LoraMesher.cpp:647] processPackets(): [LoRaMesher] Size of Received Packets Queue: 1
20:00:20.612 > [270253][V][LoraMesher.cpp:754] printHeaderPacket(): [LoRaMesher] Packet received -- Size: 17 Src: B3F0 Dst: D110 Id: 81 Type: 2 Via: C998 Seq_Id: 0 Num: 0
20:00:20.626 > [270266][I][LoraMesher.cpp:854] processDataPacket(): [LoRaMesher] Data packet from B3F0, destination D110, via C998
20:00:20.636 > [270277][V][LoraMesher.cpp:872] processDataPacket(): [LoRaMesher] Data Packet from B3F0 for D110. Via is me. Forwarding it
20:00:20.647 > [270288][I][LoraMesher.cpp:1061] addToSendOrderedAndNotify(): [LoRaMesher] Added packet to Q_SP, notifying sender task
20:00:20.657 > [270298][V][LoraMesher.cpp:511] sendPackets(): [LoRaMesher] Stack space unused after entering the task: 2196
20:00:20.667 > [270308][V][LoraMesher.cpp:512] sendPackets(): [LoRaMesher] Free heap: 336116
20:00:20.674 > [270315][V][LoraMesher.cpp:518] sendPackets(): [LoRaMesher] Size of Send Packets Queue: 1
20:00:20.682 > [270323][V][LoraMesher.cpp:525] sendPackets(): [LoRaMesher] Send n. 9
20:00:20.688 > [270329][V][LoraMesher.cpp:455] waitBeforeSend(): [LoRaMesher] RandomDelay 1113 ms
20:00:20.696 > [270336][V][LoraMesher.cpp:641] processPackets(): [LoRaMesher] Stack space unused after entering the task: 2088
20:00:20.706 > [270346][V][LoraMesher.cpp:642] processPackets(): [LoRaMesher] Free heap: 336144
20:00:21.808 > [271449][V][LoraMesher.cpp:754] printHeaderPacket(): [LoRaMesher] Packet send -- Size: 17 Src: B3F0 Dst: D110 Id: 81 Type: 2 Via: D110 Seq_Id: 0 Num: 0
20:00:21.898 > [271539][V][LoraMesher.cpp:575] sendPackets(): [LoRaMesher] TimeOnAir 63 ms, next message in 0 ms
20:00:21.907 > [271547][I][PacketQueueService.h:80] deleteQueuePacketAndPacket(): [LoRaMesher] Deleting packet
20:00:21.915 > [271556][I][PacketQueueService.h:83] deleteQueuePacketAndPacket(): [LoRaMesher] Deleting packet queue
20:00:40.697 > [290336][V][LoraMesher.cpp:378] receivingRoutine(): [LoRaMesher] Stack space unused after entering the task: 2092
20:00:40.708 > [290346][V][LoraMesher.cpp:379] receivingRoutine(): [LoRaMesher] Free heap: 336212
20:00:40.715 > [290354][I][PacketService.cpp:12] createEmptyPacket(): [LoRaMesher] Packet created with 17 bytes
20:00:40.724 > [290363][I][LoraMesher.cpp:392] receivingRoutine(): [LoRaMesher] Receiving LoRa packet: Size: 17 bytes RSSI: -35 SNR: 13
20:00:40.735 > [290374][V][LoraMesher.cpp:647] processPackets(): [LoRaMesher] Size of Received Packets Queue: 1
20:00:40.744 > [290382][V][LoraMesher.cpp:754] printHeaderPacket(): [LoRaMesher] Packet received -- Size: 17 Src: B3F0 Dst: D110 Id: 82 Type: 2 Via: C998 Seq_Id: 0 Num: 0
20:00:40.757 > [290396][I][LoraMesher.cpp:854] processDataPacket(): [LoRaMesher] Data packet from B3F0, destination D110, via C998
20:00:40.768 > [290407][V][LoraMesher.cpp:872] processDataPacket(): [LoRaMesher] Data Packet from B3F0 for D110. Via is me. Forwarding it
20:00:40.778 > [290417][I][LoraMesher.cpp:1061] addToSendOrderedAndNotify(): [LoRaMesher] Added packet to Q_SP, notifying sender task
20:00:40.789 > [290428][V][LoraMesher.cpp:511] sendPackets(): [LoRaMesher] Stack space unused after entering the task: 2196
20:00:40.799 > [290438][V][LoraMesher.cpp:512] sendPackets(): [LoRaMesher] Free heap: 336116
20:00:40.806 > [290445][V][LoraMesher.cpp:518] sendPackets(): [LoRaMesher] Size of Send Packets Queue: 1
20:00:40.814 > [290452][V][LoraMesher.cpp:525] sendPackets(): [LoRaMesher] Send n. 10
20:00:40.820 > [290459][V][LoraMesher.cpp:455] waitBeforeSend(): [LoRaMesher] RandomDelay 813 ms
20:00:40.827 > [290466][V][LoraMesher.cpp:641] processPackets(): [LoRaMesher] Stack space unused after entering the task: 2088
20:00:40.837 > [290476][V][LoraMesher.cpp:642] processPackets(): [LoRaMesher] Free heap: 336144
20:00:41.640 > [291279][V][LoraMesher.cpp:754] printHeaderPacket(): [LoRaMesher] Packet send -- Size: 17 Src: B3F0 Dst: D110 Id: 82 Type: 2 Via: D110 Seq_Id: 0 Num: 0
20:00:41.729 > [291369][V][LoraMesher.cpp:575] sendPackets(): [LoRaMesher] TimeOnAir 63 ms, next message in 0 ms
20:00:41.738 > [291377][I][PacketQueueService.h:80] deleteQueuePacketAndPacket(): [LoRaMesher] Deleting packet
20:00:41.747 > [291386][I][PacketQueueService.h:83] deleteQueuePacketAndPacket(): [LoRaMesher] Deleting packet queue
20:01:00.158 > [309797][V][LoraMesher.cpp:378] receivingRoutine(): [LoRaMesher] Stack space unused after entering the task: 2092
20:01:00.169 > [309807][V][LoraMesher.cpp:379] receivingRoutine(): [LoRaMesher] Free heap: 336212
20:01:00.177 > [309815][I][PacketService.cpp:12] createEmptyPacket(): [LoRaMesher] Packet created with 17 bytes
20:01:00.186 > [309824][I][LoraMesher.cpp:392] receivingRoutine(): [LoRaMesher] Receiving LoRa packet: Size: 17 bytes RSSI: -28 SNR: 13
20:01:00.197 > [309835][V][LoraMesher.cpp:647] processPackets(): [LoRaMesher] Size of Received Packets Queue: 1
20:01:00.205 > [309843][V][LoraMesher.cpp:754] printHeaderPacket(): [LoRaMesher] Packet received -- Size: 17 Src: B3F0 Dst: D110 Id: 83 Type: 2 Via: C998 Seq_Id: 0 Num: 0
20:01:00.219 > [309857][I][LoraMesher.cpp:854] processDataPacket(): [LoRaMesher] Data packet from B3F0, destination D110, via C998
20:01:00.229 > [309867][V][LoraMesher.cpp:872] processDataPacket(): [LoRaMesher] Data Packet from B3F0 for D110. Via is me. Forwarding it
20:01:00.240 > [309878][I][LoraMesher.cpp:1061] addToSendOrderedAndNotify(): [LoRaMesher] Added packet to Q_SP, notifying sender task
20:01:00.251 > [309889][V][LoraMesher.cpp:511] sendPackets(): [LoRaMesher] Stack space unused after entering the task: 2196
20:01:00.260 > [309898][V][LoraMesher.cpp:512] sendPackets(): [LoRaMesher] Free heap: 336116
20:01:00.267 > [309905][V][LoraMesher.cpp:518] sendPackets(): [LoRaMesher] Size of Send Packets Queue: 1
20:01:00.275 > [309913][V][LoraMesher.cpp:525] sendPackets(): [LoRaMesher] Send n. 11
20:01:00.282 > [309920][V][LoraMesher.cpp:455] waitBeforeSend(): [LoRaMesher] RandomDelay 826 ms
20:01:00.289 > [309927][V][LoraMesher.cpp:641] processPackets(): [LoRaMesher] Stack space unused after entering the task: 2088
20:01:00.299 > [309937][V][LoraMesher.cpp:642] processPackets(): [LoRaMesher] Free heap: 336144
20:01:01.114 > [310753][V][LoraMesher.cpp:754] printHeaderPacket(): [LoRaMesher] Packet send -- Size: 17 Src: B3F0 Dst: D110 Id: 83 Type: 2 Via: D110 Seq_Id: 0 Num: 0
20:01:01.204 > [310843][V][LoraMesher.cpp:575] sendPackets(): [LoRaMesher] TimeOnAir 63 ms, next message in 0 ms
20:01:01.213 > [310851][I][PacketQueueService.h:80] deleteQueuePacketAndPacket(): [LoRaMesher] Deleting packet
20:01:01.222 > [310860][I][PacketQueueService.h:83] deleteQueuePacketAndPacket(): [LoRaMesher] Deleting packet queue
20:01:15.314 > [324952][V][LoraMesher.cpp:378] receivingRoutine(): [LoRaMesher] Stack space unused after entering the task: 2092
20:01:15.325 > [324963][V][LoraMesher.cpp:379] receivingRoutine(): [LoRaMesher] Free heap: 336212
20:01:15.333 > [324970][I][PacketService.cpp:12] createEmptyPacket(): [LoRaMesher] Packet created with 28 bytes
20:01:15.342 > [324979][I][LoraMesher.cpp:392] receivingRoutine(): [LoRaMesher] Receiving LoRa packet: Size: 28 bytes RSSI: -26 SNR: 13
20:01:15.353 > [324990][V][LoraMesher.cpp:647] processPackets(): [LoRaMesher] Size of Received Packets Queue: 1
20:01:15.361 > [324999][V][LoraMesher.cpp:754] printHeaderPacket(): [LoRaMesher] Packet received -- Size: 28 Src: B3F0 Dst: FFFF Id: 84 Type: 4 Via: 0 Seq_Id: 0 Num: 0
20:01:15.375 > [325012][I][RoutingTableService.cpp:77] processRoute(): [LoRaMesher] Route packet from B3F0 with size 5
20:01:15.384 > [325021][I][RoutingTableService.cpp:99] resetReceiveSNRRoutePacket(): [LoRaMesher] Reset Receive SNR from B3F0: 13
20:01:15.394 > [325032][I][RoutingTableService.cpp:192] printRoutingTable(): [LoRaMesher] Current routing table:
20:01:15.403 > [325040][I][RoutingTableService.cpp:206] printRoutingTable(): [LoRaMesher] 0 - B3F0 via B3F0 metric 1 Role 0
20:01:15.413 > [325050][I][RoutingTableService.cpp:206] printRoutingTable(): [LoRaMesher] 1 - DE6C via B3F0 metric 2 Role 0
20:01:15.422 > [325060][I][RoutingTableService.cpp:206] printRoutingTable(): [LoRaMesher] 2 - AFC0 via B3F0 metric 3 Role 0
20:01:15.432 > [325069][I][RoutingTableService.cpp:206] printRoutingTable(): [LoRaMesher] 3 - F02C via D110 metric 2 Role 0
20:01:15.441 > [325079][I][RoutingTableService.cpp:206] printRoutingTable(): [LoRaMesher] 4 - D110 via D110 metric 1 Role 1
20:01:15.451 > [325088][I][PacketQueueService.h:80] deleteQueuePacketAndPacket(): [LoRaMesher] Deleting packet
20:01:15.460 > [325097][I][PacketQueueService.h:83] deleteQueuePacketAndPacket(): [LoRaMesher] Deleting packet queue
20:01:15.469 > [325106][V][LoraMesher.cpp:641] processPackets(): [LoRaMesher] Stack space unused after entering the task: 2088
20:01:15.479 > [325116][V][LoraMesher.cpp:642] processPackets(): [LoRaMesher] Free heap: 336212
20:01:20.244 > [329882][V][LoraMesher.cpp:378] receivingRoutine(): [LoRaMesher] Stack space unused after entering the task: 2092
20:01:20.255 > [329892][V][LoraMesher.cpp:379] receivingRoutine(): [LoRaMesher] Free heap: 336212
20:01:20.262 > [329900][I][PacketService.cpp:12] createEmptyPacket(): [LoRaMesher] Packet created with 17 bytes
20:01:20.271 > [329908][I][LoraMesher.cpp:392] receivingRoutine(): [LoRaMesher] Receiving LoRa packet: Size: 17 bytes RSSI: -27 SNR: 12
20:01:20.282 > [329920][V][LoraMesher.cpp:647] processPackets(): [LoRaMesher] Size of Received Packets Queue: 1
20:01:20.291 > [329928][V][LoraMesher.cpp:754] printHeaderPacket(): [LoRaMesher] Packet received -- Size: 17 Src: B3F0 Dst: D110 Id: 85 Type: 2 Via: C998 Seq_Id: 0 Num: 0
20:01:20.306 > [329942][I][LoraMesher.cpp:854] processDataPacket(): [LoRaMesher] Data packet from B3F0, destination D110, via C998
20:01:20.315 > [329952][V][LoraMesher.cpp:872] processDataPacket(): [LoRaMesher] Data Packet from B3F0 for D110. Via is me. Forwarding it
20:01:20.326 > [329963][I][LoraMesher.cpp:1061] addToSendOrderedAndNotify(): [LoRaMesher] Added packet to Q_SP, notifying sender task
20:01:20.336 > [329974][V][LoraMesher.cpp:511] sendPackets(): [LoRaMesher] Stack space unused after entering the task: 2196
20:01:20.346 > [329983][V][LoraMesher.cpp:512] sendPackets(): [LoRaMesher] Free heap: 336116
20:01:20.353 > [329990][V][LoraMesher.cpp:518] sendPackets(): [LoRaMesher] Size of Send Packets Queue: 1
20:01:20.361 > [329998][V][LoraMesher.cpp:525] sendPackets(): [LoRaMesher] Send n. 12
20:01:20.367 > [330005][V][LoraMesher.cpp:455] waitBeforeSend(): [LoRaMesher] RandomDelay 1095 ms
20:01:20.375 > [330012][V][LoraMesher.cpp:641] processPackets(): [LoRaMesher] Stack space unused after entering the task: 2088
20:01:20.385 > [330022][V][LoraMesher.cpp:642] processPackets(): [LoRaMesher] Free heap: 336144
20:01:21.469 > [331107][V][LoraMesher.cpp:754] printHeaderPacket(): [LoRaMesher] Packet send -- Size: 17 Src: B3F0 Dst: D110 Id: 85 Type: 2 Via: D110 Seq_Id: 0 Num: 0
20:01:21.559 > [331197][V][LoraMesher.cpp:575] sendPackets(): [LoRaMesher] TimeOnAir 63 ms, next message in 0 ms
20:01:21.568 > [331205][I][PacketQueueService.h:80] deleteQueuePacketAndPacket(): [LoRaMesher] Deleting packet
20:01:21.576 > [331214][I][PacketQueueService.h:83] deleteQueuePacketAndPacket(): [LoRaMesher] Deleting packet queue
20:01:40.191 > [349828][V][LoraMesher.cpp:378] receivingRoutine(): [LoRaMesher] Stack space unused after entering the task: 2092
20:01:40.201 > [349838][V][LoraMesher.cpp:379] receivingRoutine(): [LoRaMesher] Free heap: 336212
20:01:40.209 > [349846][I][PacketService.cpp:12] createEmptyPacket(): [LoRaMesher] Packet created with 17 bytes
20:01:40.218 > [349854][I][LoraMesher.cpp:392] receivingRoutine(): [LoRaMesher] Receiving LoRa packet: Size: 17 bytes RSSI: -28 SNR: 12
20:01:40.229 > [349865][V][LoraMesher.cpp:647] processPackets(): [LoRaMesher] Size of Received Packets Queue: 1
20:01:40.238 > [349874][V][LoraMesher.cpp:754] printHeaderPacket(): [LoRaMesher] Packet received -- Size: 17 Src: B3F0 Dst: D110 Id: 86 Type: 2 Via: C998 Seq_Id: 0 Num: 0
20:01:40.251 > [349888][I][LoraMesher.cpp:854] processDataPacket(): [LoRaMesher] Data packet from B3F0, destination D110, via C998
20:01:40.262 > [349898][V][LoraMesher.cpp:872] processDataPacket(): [LoRaMesher] Data Packet from B3F0 for D110. Via is me. Forwarding it
20:01:40.272 > [349909][I][LoraMesher.cpp:1061] addToSendOrderedAndNotify(): [LoRaMesher] Added packet to Q_SP, notifying sender task
20:01:40.283 > [349919][V][LoraMesher.cpp:511] sendPackets(): [LoRaMesher] Stack space unused after entering the task: 2196
20:01:40.293 > [349929][V][LoraMesher.cpp:512] sendPackets(): [LoRaMesher] Free heap: 336116
20:01:40.300 > [349936][V][LoraMesher.cpp:518] sendPackets(): [LoRaMesher] Size of Send Packets Queue: 1
20:01:40.307 > [349944][V][LoraMesher.cpp:525] sendPackets(): [LoRaMesher] Send n. 13
20:01:40.314 > [349950][V][LoraMesher.cpp:455] waitBeforeSend(): [LoRaMesher] RandomDelay 630 ms
20:01:40.321 > [349958][V][LoraMesher.cpp:641] processPackets(): [LoRaMesher] Stack space unused after entering the task: 2088
20:01:40.331 > [349968][V][LoraMesher.cpp:642] processPackets(): [LoRaMesher] Free heap: 336144
20:01:40.950 > [350587][V][LoraMesher.cpp:754] printHeaderPacket(): [LoRaMesher] Packet send -- Size: 17 Src: B3F0 Dst: D110 Id: 86 Type: 2 Via: D110 Seq_Id: 0 Num: 0
20:01:41.040 > [350677][V][LoraMesher.cpp:575] sendPackets(): [LoRaMesher] TimeOnAir 63 ms, next message in 0 ms
20:01:41.049 > [350685][I][PacketQueueService.h:80] deleteQueuePacketAndPacket(): [LoRaMesher] Deleting packet
20:01:41.057 > [350694][I][PacketQueueService.h:83] deleteQueuePacketAndPacket(): [LoRaMesher] Deleting packet queue
20:01:50.398 > [360035][V][LoraMesher.cpp:378] receivingRoutine(): [LoRaMesher] Stack space unused after entering the task: 2092
20:01:50.409 > [360045][V][LoraMesher.cpp:379] receivingRoutine(): [LoRaMesher] Free heap: 336212
20:01:50.417 > [360052][I][PacketService.cpp:12] createEmptyPacket(): [LoRaMesher] Packet created with 28 bytes
20:01:50.425 > [360061][I][LoraMesher.cpp:392] receivingRoutine(): [LoRaMesher] Receiving LoRa packet: Size: 28 bytes RSSI: -46 SNR: 13
20:01:50.437 > [360072][V][LoraMesher.cpp:647] processPackets(): [LoRaMesher] Size of Received Packets Queue: 1
20:01:50.445 > [360081][I][PacketQueueService.h:80] deleteQueuePacketAndPacket(): [LoRaMesher] Deleting packet
20:01:50.454 > [360089][I][PacketQueueService.h:83] deleteQueuePacketAndPacket(): [LoRaMesher] Deleting packet queue
20:01:50.463 > [360098][V][LoraMesher.cpp:658] processPackets(): [LoRaMesher] TESTING: Packet not for me, deleting it
20:01:50.472 > [360108][V][LoraMesher.cpp:641] processPackets(): [LoRaMesher] Stack space unused after entering the task: 2088
20:01:50.482 > [360117][V][LoraMesher.cpp:642] processPackets(): [LoRaMesher] Free heap: 336212
20:01:51.420 > [361056][V][LoraMesher.cpp:378] receivingRoutine(): [LoRaMesher] Stack space unused after entering the task: 2092
20:01:51.431 > [361066][V][LoraMesher.cpp:379] receivingRoutine(): [LoRaMesher] Free heap: 336212
20:01:51.438 > [361074][I][PacketService.cpp:12] createEmptyPacket(): [LoRaMesher] Packet created with 28 bytes
20:01:51.447 > [361083][I][LoraMesher.cpp:392] receivingRoutine(): [LoRaMesher] Receiving LoRa packet: Size: 28 bytes RSSI: -35 SNR: 13
20:01:51.458 > [361094][V][LoraMesher.cpp:647] processPackets(): [LoRaMesher] Size of Received Packets Queue: 1
20:01:51.467 > [361102][I][PacketQueueService.h:80] deleteQueuePacketAndPacket(): [LoRaMesher] Deleting packet
20:01:51.475 > [361111][I][PacketQueueService.h:83] deleteQueuePacketAndPacket(): [LoRaMesher] Deleting packet queue
20:01:51.484 > [361120][V][LoraMesher.cpp:658] processPackets(): [LoRaMesher] TESTING: Packet not for me, deleting it
20:01:51.493 > [361129][V][LoraMesher.cpp:641] processPackets(): [LoRaMesher] Stack space unused after entering the task: 2088
20:01:51.503 > [361139][V][LoraMesher.cpp:642] processPackets(): [LoRaMesher] Free heap: 336212
20:01:52.640 > [362276][V][LoraMesher.cpp:378] receivingRoutine(): [LoRaMesher] Stack space unused after entering the task: 2092
20:01:52.651 > [362287][V][LoraMesher.cpp:379] receivingRoutine(): [LoRaMesher] Free heap: 336212
20:01:52.658 > [362294][I][PacketService.cpp:12] createEmptyPacket(): [LoRaMesher] Packet created with 28 bytes
20:01:52.667 > [362303][I][LoraMesher.cpp:392] receivingRoutine(): [LoRaMesher] Receiving LoRa packet: Size: 28 bytes RSSI: -72 SNR: 3
20:01:52.678 > [362314][V][LoraMesher.cpp:647] processPackets(): [LoRaMesher] Size of Received Packets Queue: 1
20:01:52.687 > [362323][I][PacketQueueService.h:80] deleteQueuePacketAndPacket(): [LoRaMesher] Deleting packet
20:01:52.695 > [362331][I][PacketQueueService.h:83] deleteQueuePacketAndPacket(): [LoRaMesher] Deleting packet queue
20:01:52.704 > [362340][V][LoraMesher.cpp:658] processPackets(): [LoRaMesher] TESTING: Packet not for me, deleting it
20:01:52.713 > [362349][V][LoraMesher.cpp:641] processPackets(): [LoRaMesher] Stack space unused after entering the task: 2088
20:01:52.723 > [362359][V][LoraMesher.cpp:642] processPackets(): [LoRaMesher] Free heap: 336212
20:01:53.271 > [362907][V][LoraMesher.cpp:378] receivingRoutine(): [LoRaMesher] Stack space unused after entering the task: 2092
20:01:53.281 > [362917][V][LoraMesher.cpp:379] receivingRoutine(): [LoRaMesher] Free heap: 336212
20:01:53.289 > [362924][I][PacketService.cpp:12] createEmptyPacket(): [LoRaMesher] Packet created with 28 bytes
20:01:53.298 > [362933][I][LoraMesher.cpp:392] receivingRoutine(): [LoRaMesher] Receiving LoRa packet: Size: 28 bytes RSSI: -28 SNR: 14
20:01:53.309 > [362944][V][LoraMesher.cpp:647] processPackets(): [LoRaMesher] Size of Received Packets Queue: 1
20:01:53.317 > [362953][V][LoraMesher.cpp:754] printHeaderPacket(): [LoRaMesher] Packet received -- Size: 28 Src: D110 Dst: FFFF Id: 13 Type: 4 Via: 0 Seq_Id: 0 Num: 0
20:01:53.331 > [362967][I][RoutingTableService.cpp:77] processRoute(): [LoRaMesher] Route packet from D110 with size 5
20:01:53.340 > [362976][I][RoutingTableService.cpp:99] resetReceiveSNRRoutePacket(): [LoRaMesher] Reset Receive SNR from D110: 14
20:01:53.350 > [362986][I][RoutingTableService.cpp:192] printRoutingTable(): [LoRaMesher] Current routing table:
20:01:53.359 > [362995][I][RoutingTableService.cpp:206] printRoutingTable(): [LoRaMesher] 0 - B3F0 via B3F0 metric 1 Role 0
20:01:53.369 > [363004][I][RoutingTableService.cpp:206] printRoutingTable(): [LoRaMesher] 1 - DE6C via B3F0 metric 2 Role 0
20:01:53.378 > [363014][I][RoutingTableService.cpp:206] printRoutingTable(): [LoRaMesher] 2 - AFC0 via B3F0 metric 3 Role 0
20:01:53.388 > [363024][I][RoutingTableService.cpp:206] printRoutingTable(): [LoRaMesher] 3 - F02C via D110 metric 2 Role 0
20:01:53.397 > [363033][I][RoutingTableService.cpp:206] printRoutingTable(): [LoRaMesher] 4 - D110 via D110 metric 1 Role 1
20:01:53.407 > [363043][I][PacketQueueService.h:80] deleteQueuePacketAndPacket(): [LoRaMesher] Deleting packet
20:01:53.416 > [363051][I][PacketQueueService.h:83] deleteQueuePacketAndPacket(): [LoRaMesher] Deleting packet queue
20:01:53.425 > [363060][V][LoraMesher.cpp:641] processPackets(): [LoRaMesher] Stack space unused after entering the task: 2072
20:01:53.435 > [363070][V][LoraMesher.cpp:642] processPackets(): [LoRaMesher] Free heap: 336212
20:01:58.450 > [368086][V][LoraMesher.cpp:598] sendHelloPacket(): [LoRaMesher] Creating Routing Packet
20:01:58.458 > [368093][V][LoraMesher.cpp:599] sendHelloPacket(): [LoRaMesher] Stack space unused after entering the task: 2328
20:01:58.468 > [368104][V][LoraMesher.cpp:600] sendHelloPacket(): [LoRaMesher] Free heap: 336212
20:01:58.475 > [368111][V][PacketFactory.h:45] createPacket(): [LoRaMesher] Creating packet with 28 bytes
20:01:58.483 > [368119][I][PacketFactory.h:74] createPacket(): [LoRaMesher] Packet created with 28 bytes
20:01:58.491 > [368127][I][LoraMesher.h:659] setPackedForSend(): [LoRaMesher] Adding packet to Q_SP
20:01:58.499 > [368134][I][LoraMesher.h:661] setPackedForSend(): [LoRaMesher] Created packet to Q_SP
20:01:58.507 > [368142][I][LoraMesher.cpp:1061] addToSendOrderedAndNotify(): [LoRaMesher] Added packet to Q_SP, notifying sender task
20:01:58.517 > [368153][V][LoraMesher.cpp:511] sendPackets(): [LoRaMesher] Stack space unused after entering the task: 2196
20:01:58.526 > [368162][V][LoraMesher.cpp:512] sendPackets(): [LoRaMesher] Free heap: 336108
20:01:58.533 > [368169][V][LoraMesher.cpp:518] sendPackets(): [LoRaMesher] Size of Send Packets Queue: 1
20:01:58.541 > [368177][V][LoraMesher.cpp:525] sendPackets(): [LoRaMesher] Send n. 14
20:01:58.548 > [368183][V][LoraMesher.cpp:455] waitBeforeSend(): [LoRaMesher] RandomDelay 461 ms
20:01:59.016 > [368652][V][LoraMesher.cpp:754] printHeaderPacket(): [LoRaMesher] Packet send -- Size: 28 Src: C998 Dst: FFFF Id: 3 Type: 4 Via: 0 Seq_Id: 0 Num: 0
20:01:59.127 > [368763][V][LoraMesher.cpp:575] sendPackets(): [LoRaMesher] TimeOnAir 85 ms, next message in 0 ms
20:01:59.136 > [368772][I][PacketQueueService.h:80] deleteQueuePacketAndPacket(): [LoRaMesher] Deleting packet
20:01:59.144 > [368780][I][PacketQueueService.h:83] deleteQueuePacketAndPacket(): [LoRaMesher] Deleting packet queue
20:02:01.083 > [370719][V][LoraMesher.cpp:378] receivingRoutine(): [LoRaMesher] Stack space unused after entering the task: 2092
20:02:01.093 > [370729][V][LoraMesher.cpp:379] receivingRoutine(): [LoRaMesher] Free heap: 336212
20:02:01.101 > [370736][I][PacketService.cpp:12] createEmptyPacket(): [LoRaMesher] Packet created with 17 bytes
20:02:01.109 > [370745][I][LoraMesher.cpp:392] receivingRoutine(): [LoRaMesher] Receiving LoRa packet: Size: 17 bytes RSSI: -29 SNR: 13
20:02:01.121 > [370756][V][LoraMesher.cpp:647] processPackets(): [LoRaMesher] Size of Received Packets Queue: 1
20:02:01.129 > [370765][V][LoraMesher.cpp:754] printHeaderPacket(): [LoRaMesher] Packet received -- Size: 17 Src: B3F0 Dst: D110 Id: 87 Type: 2 Via: C998 Seq_Id: 0 Num: 0
20:02:01.143 > [370779][I][LoraMesher.cpp:854] processDataPacket(): [LoRaMesher] Data packet from B3F0, destination D110, via C998
20:02:01.153 > [370789][V][LoraMesher.cpp:872] processDataPacket(): [LoRaMesher] Data Packet from B3F0 for D110. Via is me. Forwarding it
20:02:01.164 > [370800][I][LoraMesher.cpp:1061] addToSendOrderedAndNotify(): [LoRaMesher] Added packet to Q_SP, notifying sender task
20:02:01.175 > [370810][V][LoraMesher.cpp:511] sendPackets(): [LoRaMesher] Stack space unused after entering the task: 2196
20:02:01.184 > [370820][V][LoraMesher.cpp:512] sendPackets(): [LoRaMesher] Free heap: 336116
20:02:01.191 > [370827][V][LoraMesher.cpp:518] sendPackets(): [LoRaMesher] Size of Send Packets Queue: 1
20:02:01.199 > [370835][V][LoraMesher.cpp:525] sendPackets(): [LoRaMesher] Send n. 15
20:02:01.205 > [370841][V][LoraMesher.cpp:455] waitBeforeSend(): [LoRaMesher] RandomDelay 571 ms
20:02:01.213 > [370849][V][LoraMesher.cpp:641] processPackets(): [LoRaMesher] Stack space unused after entering the task: 2072
20:02:01.224 > [370859][V][LoraMesher.cpp:642] processPackets(): [LoRaMesher] Free heap: 336144
20:02:01.783 > [371419][V][LoraMesher.cpp:754] printHeaderPacket(): [LoRaMesher] Packet send -- Size: 17 Src: B3F0 Dst: D110 Id: 87 Type: 2 Via: D110 Seq_Id: 0 Num: 0
20:02:01.873 > [371509][V][LoraMesher.cpp:575] sendPackets(): [LoRaMesher] TimeOnAir 63 ms, next message in 0 ms
20:02:01.882 > [371517][I][PacketQueueService.h:80] deleteQueuePacketAndPacket(): [LoRaMesher] Deleting packet
20:02:01.890 > [371526][I][PacketQueueService.h:83] deleteQueuePacketAndPacket(): [LoRaMesher] Deleting packet queue
20:02:21.314 > [390949][V][LoraMesher.cpp:378] receivingRoutine(): [LoRaMesher] Stack space unused after entering the task: 2092
20:02:21.325 > [390959][V][LoraMesher.cpp:379] receivingRoutine(): [LoRaMesher] Free heap: 336212
20:02:21.332 > [390966][I][PacketService.cpp:12] createEmptyPacket(): [LoRaMesher] Packet created with 17 bytes
20:02:21.341 > [390975][I][LoraMesher.cpp:392] receivingRoutine(): [LoRaMesher] Receiving LoRa packet: Size: 17 bytes RSSI: -32 SNR: 13
20:02:21.352 > [390986][V][LoraMesher.cpp:647] processPackets(): [LoRaMesher] Size of Received Packets Queue: 1
20:02:21.361 > [390995][V][LoraMesher.cpp:754] printHeaderPacket(): [LoRaMesher] Packet received -- Size: 17 Src: B3F0 Dst: D110 Id: 88 Type: 2 Via: C998 Seq_Id: 0 Num: 0
20:02:21.374 > [391009][I][LoraMesher.cpp:854] processDataPacket(): [LoRaMesher] Data packet from B3F0, destination D110, via C998
20:02:21.385 > [391019][V][LoraMesher.cpp:872] processDataPacket(): [LoRaMesher] Data Packet from B3F0 for D110. Via is me. Forwarding it
20:02:21.396 > [391030][I][LoraMesher.cpp:1061] addToSendOrderedAndNotify(): [LoRaMesher] Added packet to Q_SP, notifying sender task
20:02:21.406 > [391040][V][LoraMesher.cpp:511] sendPackets(): [LoRaMesher] Stack space unused after entering the task: 2196
20:02:21.416 > [391050][V][LoraMesher.cpp:512] sendPackets(): [LoRaMesher] Free heap: 336116
20:02:21.423 > [391057][V][LoraMesher.cpp:518] sendPackets(): [LoRaMesher] Size of Send Packets Queue: 1
20:02:21.431 > [391065][V][LoraMesher.cpp:525] sendPackets(): [LoRaMesher] Send n. 16
20:02:21.437 > [391071][V][LoraMesher.cpp:455] waitBeforeSend(): [LoRaMesher] RandomDelay 419 ms
20:02:21.444 > [391078][V][LoraMesher.cpp:641] processPackets(): [LoRaMesher] Stack space unused after entering the task: 2072
20:02:21.454 > [391088][V][LoraMesher.cpp:642] processPackets(): [LoRaMesher] Free heap: 336144
20:02:21.862 > [391497][V][LoraMesher.cpp:754] printHeaderPacket(): [LoRaMesher] Packet send -- Size: 17 Src: B3F0 Dst: D110 Id: 88 Type: 2 Via: D110 Seq_Id: 0 Num: 0
20:02:21.952 > [391587][V][LoraMesher.cpp:575] sendPackets(): [LoRaMesher] TimeOnAir 63 ms, next message in 0 ms
20:02:21.961 > [391595][I][PacketQueueService.h:80] deleteQueuePacketAndPacket(): [LoRaMesher] Deleting packet
20:02:21.970 > [391604][I][PacketQueueService.h:83] deleteQueuePacketAndPacket(): [LoRaMesher] Deleting packet queue
20:02:40.605 > [410239][V][LoraMesher.cpp:378] receivingRoutine(): [LoRaMesher] Stack space unused after entering the task: 2092
20:02:40.616 > [410250][V][LoraMesher.cpp:379] receivingRoutine(): [LoRaMesher] Free heap: 336212
20:02:40.624 > [410257][I][PacketService.cpp:12] createEmptyPacket(): [LoRaMesher] Packet created with 17 bytes
20:02:40.633 > [410266][I][LoraMesher.cpp:392] receivingRoutine(): [LoRaMesher] Receiving LoRa packet: Size: 17 bytes RSSI: -33 SNR: 13
20:02:40.644 > [410277][V][LoraMesher.cpp:647] processPackets(): [LoRaMesher] Size of Received Packets Queue: 1
20:02:40.652 > [410286][V][LoraMesher.cpp:754] printHeaderPacket(): [LoRaMesher] Packet received -- Size: 17 Src: B3F0 Dst: D110 Id: 89 Type: 2 Via: C998 Seq_Id: 0 Num: 0
20:02:40.666 > [410299][I][LoraMesher.cpp:854] processDataPacket(): [LoRaMesher] Data packet from B3F0, destination D110, via C998
20:02:40.676 > [410310][V][LoraMesher.cpp:872] processDataPacket(): [LoRaMesher] Data Packet from B3F0 for D110. Via is me. Forwarding it
20:02:40.687 > [410321][I][LoraMesher.cpp:1061] addToSendOrderedAndNotify(): [LoRaMesher] Added packet to Q_SP, notifying sender task
20:02:40.698 > [410331][V][LoraMesher.cpp:511] sendPackets(): [LoRaMesher] Stack space unused after entering the task: 2196
20:02:40.707 > [410341][V][LoraMesher.cpp:512] sendPackets(): [LoRaMesher] Free heap: 336116
20:02:40.714 > [410348][V][LoraMesher.cpp:518] sendPackets(): [LoRaMesher] Size of Send Packets Queue: 1
20:02:40.722 > [410356][V][LoraMesher.cpp:525] sendPackets(): [LoRaMesher] Send n. 17
20:02:40.729 > [410362][V][LoraMesher.cpp:455] waitBeforeSend(): [LoRaMesher] RandomDelay 564 ms
20:02:40.736 > [410369][V][LoraMesher.cpp:641] processPackets(): [LoRaMesher] Stack space unused after entering the task: 2072
20:02:40.746 > [410379][V][LoraMesher.cpp:642] processPackets(): [LoRaMesher] Free heap: 336144
20:02:41.299 > [410933][V][LoraMesher.cpp:754] printHeaderPacket(): [LoRaMesher] Packet send -- Size: 17 Src: B3F0 Dst: D110 Id: 89 Type: 2 Via: D110 Seq_Id: 0 Num: 0
20:02:41.389 > [411023][V][LoraMesher.cpp:575] sendPackets(): [LoRaMesher] TimeOnAir 63 ms, next message in 0 ms
20:02:41.398 > [411031][I][PacketQueueService.h:80] deleteQueuePacketAndPacket(): [LoRaMesher] Deleting packet
20:02:41.407 > [411040][I][PacketQueueService.h:83] deleteQueuePacketAndPacket(): [LoRaMesher] Deleting packet queue
20:03:01.007 > [430640][V][LoraMesher.cpp:378] receivingRoutine(): [LoRaMesher] Stack space unused after entering the task: 2092
20:03:01.018 > [430650][V][LoraMesher.cpp:379] receivingRoutine(): [LoRaMesher] Free heap: 336212
20:03:01.025 > [430658][I][PacketService.cpp:12] createEmptyPacket(): [LoRaMesher] Packet created with 17 bytes
20:03:01.034 > [430667][I][LoraMesher.cpp:392] receivingRoutine(): [LoRaMesher] Receiving LoRa packet: Size: 17 bytes RSSI: -31 SNR: 12
20:03:01.045 > [430678][V][LoraMesher.cpp:647] processPackets(): [LoRaMesher] Size of Received Packets Queue: 1
20:03:01.054 > [430686][V][LoraMesher.cpp:754] printHeaderPacket(): [LoRaMesher] Packet received -- Size: 17 Src: B3F0 Dst: D110 Id: 90 Type: 2 Via: C998 Seq_Id: 0 Num: 0
20:03:01.068 > [430700][I][LoraMesher.cpp:854] processDataPacket(): [LoRaMesher] Data packet from B3F0, destination D110, via C998
20:03:01.078 > [430710][V][LoraMesher.cpp:872] processDataPacket(): [LoRaMesher] Data Packet from B3F0 for D110. Via is me. Forwarding it
20:03:01.089 > [430721][I][LoraMesher.cpp:1061] addToSendOrderedAndNotify(): [LoRaMesher] Added packet to Q_SP, notifying sender task
20:03:01.099 > [430732][V][LoraMesher.cpp:511] sendPackets(): [LoRaMesher] Stack space unused after entering the task: 2196
20:03:01.109 > [430742][V][LoraMesher.cpp:512] sendPackets(): [LoRaMesher] Free heap: 336116
20:03:01.116 > [430748][V][LoraMesher.cpp:518] sendPackets(): [LoRaMesher] Size of Send Packets Queue: 1
20:03:01.124 > [430756][V][LoraMesher.cpp:525] sendPackets(): [LoRaMesher] Send n. 18
20:03:01.130 > [430763][V][LoraMesher.cpp:455] waitBeforeSend(): [LoRaMesher] RandomDelay 382 ms
20:03:01.138 > [430770][V][LoraMesher.cpp:641] processPackets(): [LoRaMesher] Stack space unused after entering the task: 2072
20:03:01.148 > [430780][V][LoraMesher.cpp:642] processPackets(): [LoRaMesher] Free heap: 336144
20:03:01.519 > [431152][V][LoraMesher.cpp:754] printHeaderPacket(): [LoRaMesher] Packet send -- Size: 17 Src: B3F0 Dst: D110 Id: 90 Type: 2 Via: D110 Seq_Id: 0 Num: 0
20:03:01.608 > [431242][V][LoraMesher.cpp:575] sendPackets(): [LoRaMesher] TimeOnAir 63 ms, next message in 0 ms
20:03:01.618 > [431250][I][PacketQueueService.h:80] deleteQueuePacketAndPacket(): [LoRaMesher] Deleting packet
20:03:01.626 > [431259][I][PacketQueueService.h:83] deleteQueuePacketAndPacket(): [LoRaMesher] Deleting packet queue
20:03:15.287 > [444920][V][LoraMesher.cpp:378] receivingRoutine(): [LoRaMesher] Stack space unused after entering the task: 2092
20:03:15.298 > [444930][V][LoraMesher.cpp:379] receivingRoutine(): [LoRaMesher] Free heap: 336212
20:03:15.305 > [444937][I][PacketService.cpp:12] createEmptyPacket(): [LoRaMesher] Packet created with 28 bytes
20:03:15.314 > [444946][I][LoraMesher.cpp:392] receivingRoutine(): [LoRaMesher] Receiving LoRa packet: Size: 28 bytes RSSI: -31 SNR: 13
20:03:15.326 > [444957][V][LoraMesher.cpp:647] processPackets(): [LoRaMesher] Size of Received Packets Queue: 1
20:03:15.334 > [444966][V][LoraMesher.cpp:754] printHeaderPacket(): [LoRaMesher] Packet received -- Size: 28 Src: B3F0 Dst: FFFF Id: 91 Type: 4 Via: 0 Seq_Id: 0 Num: 0
20:03:15.347 > [444979][I][RoutingTableService.cpp:77] processRoute(): [LoRaMesher] Route packet from B3F0 with size 5
20:03:15.357 > [444989][I][RoutingTableService.cpp:99] resetReceiveSNRRoutePacket(): [LoRaMesher] Reset Receive SNR from B3F0: 13
20:03:15.367 > [444999][I][RoutingTableService.cpp:192] printRoutingTable(): [LoRaMesher] Current routing table:
20:03:15.376 > [445007][I][RoutingTableService.cpp:206] printRoutingTable(): [LoRaMesher] 0 - B3F0 via B3F0 metric 1 Role 0
20:03:15.385 > [445017][I][RoutingTableService.cpp:206] printRoutingTable(): [LoRaMesher] 1 - DE6C via B3F0 metric 2 Role 0
20:03:15.395 > [445027][I][RoutingTableService.cpp:206] printRoutingTable(): [LoRaMesher] 2 - AFC0 via B3F0 metric 3 Role 0
20:03:15.405 > [445036][I][RoutingTableService.cpp:206] printRoutingTable(): [LoRaMesher] 3 - F02C via D110 metric 2 Role 0
20:03:15.414 > [445046][I][RoutingTableService.cpp:206] printRoutingTable(): [LoRaMesher] 4 - D110 via D110 metric 1 Role 1
20:03:15.424 > [445056][I][PacketQueueService.h:80] deleteQueuePacketAndPacket(): [LoRaMesher] Deleting packet
20:03:15.432 > [445064][I][PacketQueueService.h:83] deleteQueuePacketAndPacket(): [LoRaMesher] Deleting packet queue
20:03:15.441 > [445073][V][LoraMesher.cpp:641] processPackets(): [LoRaMesher] Stack space unused after entering the task: 2072
20:03:15.451 > [445083][V][LoraMesher.cpp:642] processPackets(): [LoRaMesher] Free heap: 336212
20:03:20.712 > [450344][V][LoraMesher.cpp:378] receivingRoutine(): [LoRaMesher] Stack space unused after entering the task: 2076
20:03:20.723 > [450354][V][LoraMesher.cpp:379] receivingRoutine(): [LoRaMesher] Free heap: 336212
20:03:20.730 > [450362][I][PacketService.cpp:12] createEmptyPacket(): [LoRaMesher] Packet created with 17 bytes
20:03:20.739 > [450371][I][LoraMesher.cpp:392] receivingRoutine(): [LoRaMesher] Receiving LoRa packet: Size: 17 bytes RSSI: -33 SNR: 13
20:03:20.750 > [450382][V][LoraMesher.cpp:647] processPackets(): [LoRaMesher] Size of Received Packets Queue: 1
20:03:20.759 > [450390][V][LoraMesher.cpp:754] printHeaderPacket(): [LoRaMesher] Packet received -- Size: 17 Src: B3F0 Dst: D110 Id: 92 Type: 2 Via: C998 Seq_Id: 0 Num: 0
20:03:20.772 > [450404][I][LoraMesher.cpp:854] processDataPacket(): [LoRaMesher] Data packet from B3F0, destination D110, via C998
20:03:20.783 > [450414][V][LoraMesher.cpp:872] processDataPacket(): [LoRaMesher] Data Packet from B3F0 for D110. Via is me. Forwarding it
20:03:20.794 > [450425][I][LoraMesher.cpp:1061] addToSendOrderedAndNotify(): [LoRaMesher] Added packet to Q_SP, notifying sender task
20:03:20.804 > [450436][V][LoraMesher.cpp:511] sendPackets(): [LoRaMesher] Stack space unused after entering the task: 2196
20:03:20.814 > [450445][V][LoraMesher.cpp:512] sendPackets(): [LoRaMesher] Free heap: 336116
20:03:20.821 > [450452][V][LoraMesher.cpp:518] sendPackets(): [LoRaMesher] Size of Send Packets Queue: 1
20:03:20.829 > [450460][V][LoraMesher.cpp:525] sendPackets(): [LoRaMesher] Send n. 19
20:03:20.835 > [450467][V][LoraMesher.cpp:455] waitBeforeSend(): [LoRaMesher] RandomDelay 906 ms
20:03:20.842 > [450474][V][LoraMesher.cpp:641] processPackets(): [LoRaMesher] Stack space unused after entering the task: 2072
20:03:20.852 > [450484][V][LoraMesher.cpp:642] processPackets(): [LoRaMesher] Free heap: 336144
20:03:21.747 > [451380][V][LoraMesher.cpp:754] printHeaderPacket(): [LoRaMesher] Packet send -- Size: 17 Src: B3F0 Dst: D110 Id: 92 Type: 2 Via: D110 Seq_Id: 0 Num: 0
20:03:21.837 > [451470][V][LoraMesher.cpp:575] sendPackets(): [LoRaMesher] TimeOnAir 63 ms, next message in 0 ms
20:03:21.847 > [451478][I][PacketQueueService.h:80] deleteQueuePacketAndPacket(): [LoRaMesher] Deleting packet
20:03:21.855 > [451487][I][PacketQueueService.h:83] deleteQueuePacketAndPacket(): [LoRaMesher] Deleting packet queue
20:03:40.875 > [470506][V][LoraMesher.cpp:378] receivingRoutine(): [LoRaMesher] Stack space unused after entering the task: 2076
20:03:40.885 > [470516][V][LoraMesher.cpp:379] receivingRoutine(): [LoRaMesher] Free heap: 336212
20:03:40.893 > [470524][I][PacketService.cpp:12] createEmptyPacket(): [LoRaMesher] Packet created with 17 bytes
20:03:40.901 > [470532][I][LoraMesher.cpp:392] receivingRoutine(): [LoRaMesher] Receiving LoRa packet: Size: 17 bytes RSSI: -31 SNR: 12
20:03:40.913 > [470544][V][LoraMesher.cpp:647] processPackets(): [LoRaMesher] Size of Received Packets Queue: 1
20:03:40.921 > [470552][V][LoraMesher.cpp:754] printHeaderPacket(): [LoRaMesher] Packet received -- Size: 17 Src: B3F0 Dst: D110 Id: 93 Type: 2 Via: C998 Seq_Id: 0 Num: 0
20:03:40.935 > [470566][I][LoraMesher.cpp:854] processDataPacket(): [LoRaMesher] Data packet from B3F0, destination D110, via C998
20:03:40.945 > [470576][V][LoraMesher.cpp:872] processDataPacket(): [LoRaMesher] Data Packet from B3F0 for D110. Via is me. Forwarding it
20:03:40.956 > [470587][I][LoraMesher.cpp:1061] addToSendOrderedAndNotify(): [LoRaMesher] Added packet to Q_SP, notifying sender task
20:03:40.967 > [470598][V][LoraMesher.cpp:511] sendPackets(): [LoRaMesher] Stack space unused after entering the task: 2196
20:03:40.976 > [470607][V][LoraMesher.cpp:512] sendPackets(): [LoRaMesher] Free heap: 336116
20:03:40.983 > [470614][V][LoraMesher.cpp:518] sendPackets(): [LoRaMesher] Size of Send Packets Queue: 1
20:03:40.991 > [470622][V][LoraMesher.cpp:525] sendPackets(): [LoRaMesher] Send n. 20
20:03:40.998 > [470629][V][LoraMesher.cpp:455] waitBeforeSend(): [LoRaMesher] RandomDelay 376 ms
20:03:41.005 > [470636][V][LoraMesher.cpp:641] processPackets(): [LoRaMesher] Stack space unused after entering the task: 2072
20:03:41.015 > [470646][V][LoraMesher.cpp:642] processPackets(): [LoRaMesher] Free heap: 336144
20:03:41.380 > [471012][V][LoraMesher.cpp:754] printHeaderPacket(): [LoRaMesher] Packet send -- Size: 17 Src: B3F0 Dst: D110 Id: 93 Type: 2 Via: D110 Seq_Id: 0 Num: 0
20:03:41.470 > [471102][V][LoraMesher.cpp:575] sendPackets(): [LoRaMesher] TimeOnAir 63 ms, next message in 0 ms
20:03:41.479 > [471110][I][PacketQueueService.h:80] deleteQueuePacketAndPacket(): [LoRaMesher] Deleting packet
20:03:41.488 > [471119][I][PacketQueueService.h:83] deleteQueuePacketAndPacket(): [LoRaMesher] Deleting packet queue
20:03:49.872 > [479503][V][LoraMesher.cpp:378] receivingRoutine(): [LoRaMesher] Stack space unused after entering the task: 2076
20:03:49.882 > [479513][V][LoraMesher.cpp:379] receivingRoutine(): [LoRaMesher] Free heap: 336212
20:03:49.890 > [479521][I][PacketService.cpp:12] createEmptyPacket(): [LoRaMesher] Packet created with 28 bytes
20:03:49.898 > [479529][I][LoraMesher.cpp:392] receivingRoutine(): [LoRaMesher] Receiving LoRa packet: Size: 28 bytes RSSI: -33 SNR: 12
20:03:49.910 > [479541][V][LoraMesher.cpp:647] processPackets(): [LoRaMesher] Size of Received Packets Queue: 1
20:03:49.918 > [479549][I][PacketQueueService.h:80] deleteQueuePacketAndPacket(): [LoRaMesher] Deleting packet
20:03:49.927 > [479558][I][PacketQueueService.h:83] deleteQueuePacketAndPacket(): [LoRaMesher] Deleting packet queue
20:03:49.937 > [479567][V][LoraMesher.cpp:658] processPackets(): [LoRaMesher] TESTING: Packet not for me, deleting it
20:03:49.945 > [479576][V][LoraMesher.cpp:641] processPackets(): [LoRaMesher] Stack space unused after entering the task: 2072
20:03:49.955 > [479586][V][LoraMesher.cpp:642] processPackets(): [LoRaMesher] Free heap: 336212
20:03:51.459 > [481090][V][LoraMesher.cpp:378] receivingRoutine(): [LoRaMesher] Stack space unused after entering the task: 2076
20:03:51.470 > [481101][V][LoraMesher.cpp:379] receivingRoutine(): [LoRaMesher] Free heap: 336212
20:03:51.478 > [481108][I][PacketService.cpp:12] createEmptyPacket(): [LoRaMesher] Packet created with 28 bytes
20:03:51.486 > [481117][I][LoraMesher.cpp:392] receivingRoutine(): [LoRaMesher] Receiving LoRa packet: Size: 28 bytes RSSI: -36 SNR: 13
20:03:51.498 > [481128][V][LoraMesher.cpp:647] processPackets(): [LoRaMesher] Size of Received Packets Queue: 1
20:03:51.506 > [481137][V][LoraMesher.cpp:754] printHeaderPacket(): [LoRaMesher] Packet received -- Size: 28 Src: D110 Dst: FFFF Id: 14 Type: 4 Via: 0 Seq_Id: 0 Num: 0
20:03:51.520 > [481150][I][RoutingTableService.cpp:77] processRoute(): [LoRaMesher] Route packet from D110 with size 5
20:03:51.529 > [481159][I][RoutingTableService.cpp:99] resetReceiveSNRRoutePacket(): [LoRaMesher] Reset Receive SNR from D110: 13
20:03:51.539 > [481170][I][RoutingTableService.cpp:192] printRoutingTable(): [LoRaMesher] Current routing table:
20:03:51.548 > [481178][I][RoutingTableService.cpp:206] printRoutingTable(): [LoRaMesher] 0 - B3F0 via B3F0 metric 1 Role 0
20:03:51.558 > [481188][I][RoutingTableService.cpp:206] printRoutingTable(): [LoRaMesher] 1 - DE6C via B3F0 metric 2 Role 0
20:03:51.566 > [481198][I][RoutingTableService.cpp:206] printRoutingTable(): [LoRaMesher] 2 - AFC0 via B3F0 metric 3 Role 0
20:03:51.577 > [481207][I][RoutingTableService.cpp:206] printRoutingTable(): [LoRaMesher] 3 - F02C via D110 metric 2 Role 0
20:03:51.587 > [481217][I][RoutingTableService.cpp:206] printRoutingTable(): [LoRaMesher] 4 - D110 via D110 metric 1 Role 1
20:03:51.596 > [481226][I][PacketQueueService.h:80] deleteQueuePacketAndPacket(): [LoRaMesher] Deleting packet
20:03:51.605 > [481235][I][PacketQueueService.h:83] deleteQueuePacketAndPacket(): [LoRaMesher] Deleting packet queue
20:03:51.614 > [481244][V][LoraMesher.cpp:641] processPackets(): [LoRaMesher] Stack space unused after entering the task: 2072
20:03:51.624 > [481254][V][LoraMesher.cpp:642] processPackets(): [LoRaMesher] Free heap: 336212
20:03:52.872 > [482503][V][LoraMesher.cpp:378] receivingRoutine(): [LoRaMesher] Stack space unused after entering the task: 2076
20:03:52.883 > [482513][V][LoraMesher.cpp:379] receivingRoutine(): [LoRaMesher] Free heap: 336212
20:03:52.890 > [482520][I][PacketService.cpp:12] createEmptyPacket(): [LoRaMesher] Packet created with 28 bytes
20:03:52.899 > [482529][I][LoraMesher.cpp:392] receivingRoutine(): [LoRaMesher] Receiving LoRa packet: Size: 28 bytes RSSI: -39 SNR: 13
20:03:52.910 > [482540][V][LoraMesher.cpp:647] processPackets(): [LoRaMesher] Size of Received Packets Queue: 1
20:03:52.919 > [482549][I][PacketQueueService.h:80] deleteQueuePacketAndPacket(): [LoRaMesher] Deleting packet
20:03:52.928 > [482558][I][PacketQueueService.h:83] deleteQueuePacketAndPacket(): [LoRaMesher] Deleting packet queue
20:03:52.937 > [482567][V][LoraMesher.cpp:658] processPackets(): [LoRaMesher] TESTING: Packet not for me, deleting it
20:03:52.945 > [482576][V][LoraMesher.cpp:641] processPackets(): [LoRaMesher] Stack space unused after entering the task: 2072
20:03:52.956 > [482586][V][LoraMesher.cpp:642] processPackets(): [LoRaMesher] Free heap: 336212
20:03:58.522 > [488153][V][LoraMesher.cpp:598] sendHelloPacket(): [LoRaMesher] Creating Routing Packet
20:03:58.530 > [488160][V][LoraMesher.cpp:599] sendHelloPacket(): [LoRaMesher] Stack space unused after entering the task: 2328
20:03:58.540 > [488171][V][LoraMesher.cpp:600] sendHelloPacket(): [LoRaMesher] Free heap: 336212
20:03:58.548 > [488178][V][PacketFactory.h:45] createPacket(): [LoRaMesher] Creating packet with 28 bytes
20:03:58.556 > [488186][I][PacketFactory.h:74] createPacket(): [LoRaMesher] Packet created with 28 bytes
20:03:58.564 > [488194][I][LoraMesher.h:659] setPackedForSend(): [LoRaMesher] Adding packet to Q_SP
20:03:58.571 > [488201][I][LoraMesher.h:661] setPackedForSend(): [LoRaMesher] Created packet to Q_SP
20:03:58.579 > [488209][I][LoraMesher.cpp:1061] addToSendOrderedAndNotify(): [LoRaMesher] Added packet to Q_SP, notifying sender task
20:03:58.589 > [488220][V][LoraMesher.cpp:511] sendPackets(): [LoRaMesher] Stack space unused after entering the task: 2196
20:03:58.599 > [488229][V][LoraMesher.cpp:512] sendPackets(): [LoRaMesher] Free heap: 336108
20:03:58.606 > [488236][V][LoraMesher.cpp:518] sendPackets(): [LoRaMesher] Size of Send Packets Queue: 1
20:03:58.614 > [488244][V][LoraMesher.cpp:525] sendPackets(): [LoRaMesher] Send n. 21
20:03:58.620 > [488250][V][LoraMesher.cpp:455] waitBeforeSend(): [LoRaMesher] RandomDelay 1002 ms
20:03:59.629 > [489260][V][LoraMesher.cpp:754] printHeaderPacket(): [LoRaMesher] Packet send -- Size: 28 Src: C998 Dst: FFFF Id: 4 Type: 4 Via: 0 Seq_Id: 0 Num: 0
20:03:59.740 > [489371][V][LoraMesher.cpp:575] sendPackets(): [LoRaMesher] TimeOnAir 85 ms, next message in 0 ms
20:03:59.749 > [489380][I][PacketQueueService.h:80] deleteQueuePacketAndPacket(): [LoRaMesher] Deleting packet
20:03:59.758 > [489388][I][PacketQueueService.h:83] deleteQueuePacketAndPacket(): [LoRaMesher] Deleting packet queue
20:04:01.797 > [491428][V][LoraMesher.cpp:378] receivingRoutine(): [LoRaMesher] Stack space unused after entering the task: 2076
20:04:01.808 > [491438][V][LoraMesher.cpp:379] receivingRoutine(): [LoRaMesher] Free heap: 336212
20:04:01.815 > [491445][I][PacketService.cpp:12] createEmptyPacket(): [LoRaMesher] Packet created with 17 bytes
20:04:01.824 > [491454][I][LoraMesher.cpp:392] receivingRoutine(): [LoRaMesher] Receiving LoRa packet: Size: 17 bytes RSSI: -33 SNR: 12
20:04:01.835 > [491465][V][LoraMesher.cpp:647] processPackets(): [LoRaMesher] Size of Received Packets Queue: 1
20:04:01.844 > [491474][V][LoraMesher.cpp:754] printHeaderPacket(): [LoRaMesher] Packet received -- Size: 17 Src: B3F0 Dst: D110 Id: 94 Type: 2 Via: C998 Seq_Id: 0 Num: 0
20:04:01.858 > [491488][I][LoraMesher.cpp:854] processDataPacket(): [LoRaMesher] Data packet from B3F0, destination D110, via C998
20:04:01.868 > [491498][V][LoraMesher.cpp:872] processDataPacket(): [LoRaMesher] Data Packet from B3F0 for D110. Via is me. Forwarding it
20:04:01.879 > [491509][I][LoraMesher.cpp:1061] addToSendOrderedAndNotify(): [LoRaMesher] Added packet to Q_SP, notifying sender task
20:04:01.889 > [491519][V][LoraMesher.cpp:511] sendPackets(): [LoRaMesher] Stack space unused after entering the task: 2196
20:04:01.899 > [491529][V][LoraMesher.cpp:512] sendPackets(): [LoRaMesher] Free heap: 336116
20:04:01.906 > [491536][V][LoraMesher.cpp:518] sendPackets(): [LoRaMesher] Size of Send Packets Queue: 1
20:04:01.914 > [491544][V][LoraMesher.cpp:525] sendPackets(): [LoRaMesher] Send n. 22
20:04:01.920 > [491550][V][LoraMesher.cpp:455] waitBeforeSend(): [LoRaMesher] RandomDelay 1109 ms
20:04:01.928 > [491558][V][LoraMesher.cpp:641] processPackets(): [LoRaMesher] Stack space unused after entering the task: 2072
20:04:01.938 > [491568][V][LoraMesher.cpp:642] processPackets(): [LoRaMesher] Free heap: 336144
20:04:03.036 > [492667][V][LoraMesher.cpp:754] printHeaderPacket(): [LoRaMesher] Packet send -- Size: 17 Src: B3F0 Dst: D110 Id: 94 Type: 2 Via: D110 Seq_Id: 0 Num: 0
20:04:03.126 > [492757][V][LoraMesher.cpp:575] sendPackets(): [LoRaMesher] TimeOnAir 63 ms, next message in 0 ms
20:04:03.135 > [492765][I][PacketQueueService.h:80] deleteQueuePacketAndPacket(): [LoRaMesher] Deleting packet
20:04:03.144 > [492774][I][PacketQueueService.h:83] deleteQueuePacketAndPacket(): [LoRaMesher] Deleting packet queue
20:04:21.680 > [511310][V][LoraMesher.cpp:378] receivingRoutine(): [LoRaMesher] Stack space unused after entering the task: 2076
20:04:21.690 > [511320][V][LoraMesher.cpp:379] receivingRoutine(): [LoRaMesher] Free heap: 336212
20:04:21.698 > [511327][I][PacketService.cpp:12] createEmptyPacket(): [LoRaMesher] Packet created with 17 bytes
20:04:21.707 > [511336][I][LoraMesher.cpp:392] receivingRoutine(): [LoRaMesher] Receiving LoRa packet: Size: 17 bytes RSSI: -32 SNR: 13
20:04:21.718 > [511347][V][LoraMesher.cpp:647] processPackets(): [LoRaMesher] Size of Received Packets Queue: 1
20:04:21.727 > [511356][V][LoraMesher.cpp:754] printHeaderPacket(): [LoRaMesher] Packet received -- Size: 17 Src: B3F0 Dst: D110 Id: 95 Type: 2 Via: C998 Seq_Id: 0 Num: 0
20:04:21.740 > [511370][I][LoraMesher.cpp:854] processDataPacket(): [LoRaMesher] Data packet from B3F0, destination D110, via C998
20:04:21.750 > [511380][V][LoraMesher.cpp:872] processDataPacket(): [LoRaMesher] Data Packet from B3F0 for D110. Via is me. Forwarding it
20:04:21.761 > [511391][I][LoraMesher.cpp:1061] addToSendOrderedAndNotify(): [LoRaMesher] Added packet to Q_SP, notifying sender task
20:04:21.772 > [511401][V][LoraMesher.cpp:511] sendPackets(): [LoRaMesher] Stack space unused after entering the task: 2196
20:04:21.782 > [511411][V][LoraMesher.cpp:512] sendPackets(): [LoRaMesher] Free heap: 336116
20:04:21.788 > [511418][V][LoraMesher.cpp:518] sendPackets(): [LoRaMesher] Size of Send Packets Queue: 1
20:04:21.796 > [511426][V][LoraMesher.cpp:525] sendPackets(): [LoRaMesher] Send n. 23
20:04:21.803 > [511432][V][LoraMesher.cpp:455] waitBeforeSend(): [LoRaMesher] RandomDelay 1042 ms
20:04:21.810 > [511440][V][LoraMesher.cpp:641] processPackets(): [LoRaMesher] Stack space unused after entering the task: 2072
20:04:21.820 > [511450][V][LoraMesher.cpp:642] processPackets(): [LoRaMesher] Free heap: 336144
20:04:22.851 > [512481][V][LoraMesher.cpp:754] printHeaderPacket(): [LoRaMesher] Packet send -- Size: 17 Src: B3F0 Dst: D110 Id: 95 Type: 2 Via: D110 Seq_Id: 0 Num: 0
20:04:22.941 > [512571][V][LoraMesher.cpp:575] sendPackets(): [LoRaMesher] TimeOnAir 63 ms, next message in 0 ms
20:04:22.950 > [512579][I][PacketQueueService.h:80] deleteQueuePacketAndPacket(): [LoRaMesher] Deleting packet
20:04:22.958 > [512588][I][PacketQueueService.h:83] deleteQueuePacketAndPacket(): [LoRaMesher] Deleting packet queue
20:04:41.733 > [531362][V][LoraMesher.cpp:378] receivingRoutine(): [LoRaMesher] Stack space unused after entering the task: 2076
20:04:41.743 > [531372][V][LoraMesher.cpp:379] receivingRoutine(): [LoRaMesher] Free heap: 336212
20:04:41.751 > [531379][I][PacketService.cpp:12] createEmptyPacket(): [LoRaMesher] Packet created with 17 bytes
20:04:41.759 > [531388][I][LoraMesher.cpp:392] receivingRoutine(): [LoRaMesher] Receiving LoRa packet: Size: 17 bytes RSSI: -31 SNR: 12
20:04:41.770 > [531399][V][LoraMesher.cpp:647] processPackets(): [LoRaMesher] Size of Received Packets Queue: 1
20:04:41.779 > [531408][V][LoraMesher.cpp:754] printHeaderPacket(): [LoRaMesher] Packet received -- Size: 17 Src: B3F0 Dst: D110 Id: 96 Type: 2 Via: C998 Seq_Id: 0 Num: 0
20:04:41.793 > [531422][I][LoraMesher.cpp:854] processDataPacket(): [LoRaMesher] Data packet from B3F0, destination D110, via C998
20:04:41.803 > [531432][V][LoraMesher.cpp:872] processDataPacket(): [LoRaMesher] Data Packet from B3F0 for D110. Via is me. Forwarding it
20:04:41.814 > [531443][I][LoraMesher.cpp:1061] addToSendOrderedAndNotify(): [LoRaMesher] Added packet to Q_SP, notifying sender task
20:04:41.825 > [531453][V][LoraMesher.cpp:511] sendPackets(): [LoRaMesher] Stack space unused after entering the task: 2196
20:04:41.834 > [531463][V][LoraMesher.cpp:512] sendPackets(): [LoRaMesher] Free heap: 336116
20:04:41.841 > [531470][V][LoraMesher.cpp:518] sendPackets(): [LoRaMesher] Size of Send Packets Queue: 1
20:04:41.849 > [531478][V][LoraMesher.cpp:525] sendPackets(): [LoRaMesher] Send n. 24
20:04:41.855 > [531484][V][LoraMesher.cpp:455] waitBeforeSend(): [LoRaMesher] RandomDelay 770 ms
20:04:41.863 > [531491][V][LoraMesher.cpp:641] processPackets(): [LoRaMesher] Stack space unused after entering the task: 2072
20:04:41.873 > [531501][V][LoraMesher.cpp:642] processPackets(): [LoRaMesher] Free heap: 336144
20:04:42.632 > [532261][V][LoraMesher.cpp:754] printHeaderPacket(): [LoRaMesher] Packet send -- Size: 17 Src: B3F0 Dst: D110 Id: 96 Type: 2 Via: D110 Seq_Id: 0 Num: 0
20:04:42.722 > [532351][V][LoraMesher.cpp:575] sendPackets(): [LoRaMesher] TimeOnAir 63 ms, next message in 0 ms
20:04:42.731 > [532359][I][PacketQueueService.h:80] deleteQueuePacketAndPacket(): [LoRaMesher] Deleting packet
20:04:42.739 > [532368][I][PacketQueueService.h:83] deleteQueuePacketAndPacket(): [LoRaMesher] Deleting packet queue
20:05:01.370 > [550998][V][LoraMesher.cpp:378] receivingRoutine(): [LoRaMesher] Stack space unused after entering the task: 2076
20:05:01.381 > [551009][V][LoraMesher.cpp:379] receivingRoutine(): [LoRaMesher] Free heap: 336212
20:05:01.388 > [551016][I][PacketService.cpp:12] createEmptyPacket(): [LoRaMesher] Packet created with 17 bytes
20:05:01.397 > [551025][I][LoraMesher.cpp:392] receivingRoutine(): [LoRaMesher] Receiving LoRa packet: Size: 17 bytes RSSI: -31 SNR: 13
20:05:01.408 > [551036][V][LoraMesher.cpp:647] processPackets(): [LoRaMesher] Size of Received Packets Queue: 1
20:05:01.417 > [551045][V][LoraMesher.cpp:754] printHeaderPacket(): [LoRaMesher] Packet received -- Size: 17 Src: B3F0 Dst: D110 Id: 97 Type: 2 Via: C998 Seq_Id: 0 Num: 0
20:05:01.430 > [551058][I][LoraMesher.cpp:854] processDataPacket(): [LoRaMesher] Data packet from B3F0, destination D110, via C998
20:05:01.441 > [551069][V][LoraMesher.cpp:872] processDataPacket(): [LoRaMesher] Data Packet from B3F0 for D110. Via is me. Forwarding it
20:05:01.452 > [551079][I][LoraMesher.cpp:1061] addToSendOrderedAndNotify(): [LoRaMesher] Added packet to Q_SP, notifying sender task
20:05:01.462 > [551090][V][LoraMesher.cpp:511] sendPackets(): [LoRaMesher] Stack space unused after entering the task: 2196
20:05:01.472 > [551100][V][LoraMesher.cpp:512] sendPackets(): [LoRaMesher] Free heap: 336116
20:05:01.479 > [551107][V][LoraMesher.cpp:518] sendPackets(): [LoRaMesher] Size of Send Packets Queue: 1
20:05:01.487 > [551115][V][LoraMesher.cpp:525] sendPackets(): [LoRaMesher] Send n. 25
20:05:01.493 > [551121][V][LoraMesher.cpp:455] waitBeforeSend(): [LoRaMesher] RandomDelay 1103 ms
20:05:01.500 > [551128][V][LoraMesher.cpp:641] processPackets(): [LoRaMesher] Stack space unused after entering the task: 2072
20:05:01.510 > [551138][V][LoraMesher.cpp:642] processPackets(): [LoRaMesher] Free heap: 336144
20:05:02.603 > [552231][V][LoraMesher.cpp:754] printHeaderPacket(): [LoRaMesher] Packet send -- Size: 17 Src: B3F0 Dst: D110 Id: 97 Type: 2 Via: D110 Seq_Id: 0 Num: 0
20:05:02.692 > [552321][V][LoraMesher.cpp:575] sendPackets(): [LoRaMesher] TimeOnAir 63 ms, next message in 0 ms
20:05:02.701 > [552329][I][PacketQueueService.h:80] deleteQueuePacketAndPacket(): [LoRaMesher] Deleting packet
20:05:02.710 > [552338][I][PacketQueueService.h:83] deleteQueuePacketAndPacket(): [LoRaMesher] Deleting packet queue
20:05:16.089 > [565717][V][LoraMesher.cpp:378] receivingRoutine(): [LoRaMesher] Stack space unused after entering the task: 2076
20:05:16.100 > [565727][V][LoraMesher.cpp:379] receivingRoutine(): [LoRaMesher] Free heap: 336212
20:05:16.107 > [565734][I][PacketService.cpp:12] createEmptyPacket(): [LoRaMesher] Packet created with 28 bytes
20:05:16.116 > [565743][I][LoraMesher.cpp:392] receivingRoutine(): [LoRaMesher] Receiving LoRa packet: Size: 28 bytes RSSI: -30 SNR: 12
20:05:16.127 > [565754][V][LoraMesher.cpp:647] processPackets(): [LoRaMesher] Size of Received Packets Queue: 1
20:05:16.136 > [565763][V][LoraMesher.cpp:754] printHeaderPacket(): [LoRaMesher] Packet received -- Size: 28 Src: B3F0 Dst: FFFF Id: 98 Type: 4 Via: 0 Seq_Id: 0 Num: 0
20:05:16.149 > [565776][I][RoutingTableService.cpp:77] processRoute(): [LoRaMesher] Route packet from B3F0 with size 5
20:05:16.159 > [565786][I][RoutingTableService.cpp:99] resetReceiveSNRRoutePacket(): [LoRaMesher] Reset Receive SNR from B3F0: 12
20:05:16.169 > [565796][I][RoutingTableService.cpp:192] printRoutingTable(): [LoRaMesher] Current routing table:
20:05:16.177 > [565805][I][RoutingTableService.cpp:206] printRoutingTable(): [LoRaMesher] 0 - B3F0 via B3F0 metric 1 Role 0
20:05:16.187 > [565814][I][RoutingTableService.cpp:206] printRoutingTable(): [LoRaMesher] 1 - DE6C via B3F0 metric 2 Role 0
20:05:16.197 > [565824][I][RoutingTableService.cpp:206] printRoutingTable(): [LoRaMesher] 2 - AFC0 via B3F0 metric 3 Role 0
20:05:16.206 > [565833][I][RoutingTableService.cpp:206] printRoutingTable(): [LoRaMesher] 3 - F02C via D110 metric 2 Role 0
20:05:16.216 > [565843][I][RoutingTableService.cpp:206] printRoutingTable(): [LoRaMesher] 4 - D110 via D110 metric 1 Role 1
20:05:16.226 > [565853][I][PacketQueueService.h:80] deleteQueuePacketAndPacket(): [LoRaMesher] Deleting packet
20:05:16.234 > [565861][I][PacketQueueService.h:83] deleteQueuePacketAndPacket(): [LoRaMesher] Deleting packet queue
20:05:16.243 > [565870][V][LoraMesher.cpp:641] processPackets(): [LoRaMesher] Stack space unused after entering the task: 2056
20:05:16.253 > [565880][V][LoraMesher.cpp:642] processPackets(): [LoRaMesher] Free heap: 336212
20:05:22.116 > [571743][V][LoraMesher.cpp:378] receivingRoutine(): [LoRaMesher] Stack space unused after entering the task: 2076
20:05:22.126 > [571753][V][LoraMesher.cpp:379] receivingRoutine(): [LoRaMesher] Free heap: 336212
20:05:22.134 > [571761][I][PacketService.cpp:12] createEmptyPacket(): [LoRaMesher] Packet created with 17 bytes
20:05:22.143 > [571770][I][LoraMesher.cpp:392] receivingRoutine(): [LoRaMesher] Receiving LoRa packet: Size: 17 bytes RSSI: -32 SNR: 13
20:05:22.154 > [571781][V][LoraMesher.cpp:647] processPackets(): [LoRaMesher] Size of Received Packets Queue: 1
20:05:22.162 > [571789][V][LoraMesher.cpp:754] printHeaderPacket(): [LoRaMesher] Packet received -- Size: 17 Src: B3F0 Dst: D110 Id: 99 Type: 2 Via: C998 Seq_Id: 0 Num: 0
20:05:22.176 > [571803][I][LoraMesher.cpp:854] processDataPacket(): [LoRaMesher] Data packet from B3F0, destination D110, via C998
20:05:22.186 > [571813][V][LoraMesher.cpp:872] processDataPacket(): [LoRaMesher] Data Packet from B3F0 for D110. Via is me. Forwarding it
20:05:22.197 > [571824][I][LoraMesher.cpp:1061] addToSendOrderedAndNotify(): [LoRaMesher] Added packet to Q_SP, notifying sender task
20:05:22.209 > [571835][V][LoraMesher.cpp:511] sendPackets(): [LoRaMesher] Stack space unused after entering the task: 2196
20:05:22.217 > [571845][V][LoraMesher.cpp:512] sendPackets(): [LoRaMesher] Free heap: 336116
20:05:22.224 > [571851][V][LoraMesher.cpp:518] sendPackets(): [LoRaMesher] Size of Send Packets Queue: 1
20:05:22.232 > [571859][V][LoraMesher.cpp:525] sendPackets(): [LoRaMesher] Send n. 26
20:05:22.239 > [571866][V][LoraMesher.cpp:455] waitBeforeSend(): [LoRaMesher] RandomDelay 810 ms
20:05:22.246 > [571873][V][LoraMesher.cpp:641] processPackets(): [LoRaMesher] Stack space unused after entering the task: 2056
20:05:22.256 > [571883][V][LoraMesher.cpp:642] processPackets(): [LoRaMesher] Free heap: 336144
20:05:23.055 > [572683][V][LoraMesher.cpp:754] printHeaderPacket(): [LoRaMesher] Packet send -- Size: 17 Src: B3F0 Dst: D110 Id: 99 Type: 2 Via: D110 Seq_Id: 0 Num: 0
20:05:23.145 > [572773][V][LoraMesher.cpp:575] sendPackets(): [LoRaMesher] TimeOnAir 63 ms, next message in 0 ms
20:05:23.154 > [572781][I][PacketQueueService.h:80] deleteQueuePacketAndPacket(): [LoRaMesher] Deleting packet
20:05:23.164 > [572790][I][PacketQueueService.h:83] deleteQueuePacketAndPacket(): [LoRaMesher] Deleting packet queue
20:05:42.247 > [591873][V][LoraMesher.cpp:378] receivingRoutine(): [LoRaMesher] Stack space unused after entering the task: 2076
20:05:42.258 > [591883][V][LoraMesher.cpp:379] receivingRoutine(): [LoRaMesher] Free heap: 336212
20:05:42.264 > [591891][I][PacketService.cpp:12] createEmptyPacket(): [LoRaMesher] Packet created with 17 bytes
20:05:42.273 > [591900][I][LoraMesher.cpp:392] receivingRoutine(): [LoRaMesher] Receiving LoRa packet: Size: 17 bytes RSSI: -31 SNR: 13
20:05:42.284 > [591911][V][LoraMesher.cpp:647] processPackets(): [LoRaMesher] Size of Received Packets Queue: 1
20:05:42.293 > [591919][V][LoraMesher.cpp:754] printHeaderPacket(): [LoRaMesher] Packet received -- Size: 17 Src: B3F0 Dst: D110 Id: 100 Type: 2 Via: C998 Seq_Id: 0 Num: 0
20:05:42.307 > [591933][I][LoraMesher.cpp:854] processDataPacket(): [LoRaMesher] Data packet from B3F0, destination D110, via C998
20:05:42.317 > [591943][V][LoraMesher.cpp:872] processDataPacket(): [LoRaMesher] Data Packet from B3F0 for D110. Via is me. Forwarding it
20:05:42.328 > [591954][I][LoraMesher.cpp:1061] addToSendOrderedAndNotify(): [LoRaMesher] Added packet to Q_SP, notifying sender task
20:05:42.339 > [591965][V][LoraMesher.cpp:511] sendPackets(): [LoRaMesher] Stack space unused after entering the task: 2196
20:05:42.348 > [591975][V][LoraMesher.cpp:512] sendPackets(): [LoRaMesher] Free heap: 336116
20:05:42.355 > [591981][V][LoraMesher.cpp:518] sendPackets(): [LoRaMesher] Size of Send Packets Queue: 1
20:05:42.363 > [591989][V][LoraMesher.cpp:525] sendPackets(): [LoRaMesher] Send n. 27
20:05:42.369 > [591996][V][LoraMesher.cpp:455] waitBeforeSend(): [LoRaMesher] RandomDelay 469 ms
20:05:42.377 > [592003][V][LoraMesher.cpp:641] processPackets(): [LoRaMesher] Stack space unused after entering the task: 2056
20:05:42.387 > [592013][V][LoraMesher.cpp:642] processPackets(): [LoRaMesher] Free heap: 336144
20:05:42.845 > [592472][V][LoraMesher.cpp:754] printHeaderPacket(): [LoRaMesher] Packet send -- Size: 17 Src: B3F0 Dst: D110 Id: 100 Type: 2 Via: D110 Seq_Id: 0 Num: 0
20:05:42.935 > [592562][V][LoraMesher.cpp:575] sendPackets(): [LoRaMesher] TimeOnAir 63 ms, next message in 0 ms
20:05:42.944 > [592570][I][PacketQueueService.h:80] deleteQueuePacketAndPacket(): [LoRaMesher] Deleting packet
20:05:42.953 > [592579][I][PacketQueueService.h:83] deleteQueuePacketAndPacket(): [LoRaMesher] Deleting packet queue
20:05:49.868 > [599494][V][LoraMesher.cpp:378] receivingRoutine(): [LoRaMesher] Stack space unused after entering the task: 2076
20:05:49.879 > [599504][V][LoraMesher.cpp:379] receivingRoutine(): [LoRaMesher] Free heap: 336212
20:05:49.886 > [599512][I][PacketService.cpp:12] createEmptyPacket(): [LoRaMesher] Packet created with 28 bytes
20:05:49.895 > [599521][I][LoraMesher.cpp:392] receivingRoutine(): [LoRaMesher] Receiving LoRa packet: Size: 28 bytes RSSI: -30 SNR: 12
20:05:49.906 > [599532][V][LoraMesher.cpp:647] processPackets(): [LoRaMesher] Size of Received Packets Queue: 1
20:05:49.915 > [599540][V][LoraMesher.cpp:754] printHeaderPacket(): [LoRaMesher] Packet received -- Size: 28 Src: D110 Dst: FFFF Id: 15 Type: 4 Via: 0 Seq_Id: 0 Num: 0
20:05:49.929 > [599554][I][RoutingTableService.cpp:77] processRoute(): [LoRaMesher] Route packet from D110 with size 5
20:05:49.938 > [599563][I][RoutingTableService.cpp:99] resetReceiveSNRRoutePacket(): [LoRaMesher] Reset Receive SNR from D110: 12
20:05:49.948 > [599573][I][RoutingTableService.cpp:192] printRoutingTable(): [LoRaMesher] Current routing table:
20:05:49.957 > [599582][I][RoutingTableService.cpp:206] printRoutingTable(): [LoRaMesher] 0 - B3F0 via B3F0 metric 1 Role 0
20:05:49.966 > [599592][I][RoutingTableService.cpp:206] printRoutingTable(): [LoRaMesher] 1 - DE6C via B3F0 metric 2 Role 0
20:05:49.976 > [599601][I][RoutingTableService.cpp:206] printRoutingTable(): [LoRaMesher] 2 - AFC0 via B3F0 metric 3 Role 0
20:05:49.986 > [599611][I][RoutingTableService.cpp:206] printRoutingTable(): [LoRaMesher] 3 - F02C via D110 metric 2 Role 0
20:05:49.995 > [599621][I][RoutingTableService.cpp:206] printRoutingTable(): [LoRaMesher] 4 - D110 via D110 metric 1 Role 1
20:05:50.005 > [599630][I][PacketQueueService.h:80] deleteQueuePacketAndPacket(): [LoRaMesher] Deleting packet
20:05:50.013 > [599639][I][PacketQueueService.h:83] deleteQueuePacketAndPacket(): [LoRaMesher] Deleting packet queue
20:05:50.022 > [599648][V][LoraMesher.cpp:641] processPackets(): [LoRaMesher] Stack space unused after entering the task: 2056
20:05:50.032 > [599658][V][LoraMesher.cpp:642] processPackets(): [LoRaMesher] Free heap: 336212
20:05:50.892 > [600518][V][LoraMesher.cpp:378] receivingRoutine(): [LoRaMesher] Stack space unused after entering the task: 2076
20:05:50.903 > [600529][V][LoraMesher.cpp:379] receivingRoutine(): [LoRaMesher] Free heap: 336212
20:05:50.911 > [600536][I][PacketService.cpp:12] createEmptyPacket(): [LoRaMesher] Packet created with 28 bytes
20:05:50.919 > [600545][I][LoraMesher.cpp:392] receivingRoutine(): [LoRaMesher] Receiving LoRa packet: Size: 28 bytes RSSI: -42 SNR: 13
20:05:50.931 > [600556][V][LoraMesher.cpp:647] processPackets(): [LoRaMesher] Size of Received Packets Queue: 1
20:05:50.939 > [600565][I][PacketQueueService.h:80] deleteQueuePacketAndPacket(): [LoRaMesher] Deleting packet
20:05:50.948 > [600573][I][PacketQueueService.h:83] deleteQueuePacketAndPacket(): [LoRaMesher] Deleting packet queue
20:05:50.957 > [600582][V][LoraMesher.cpp:658] processPackets(): [LoRaMesher] TESTING: Packet not for me, deleting it
20:05:50.966 > [600591][V][LoraMesher.cpp:641] processPackets(): [LoRaMesher] Stack space unused after entering the task: 2056
20:05:50.976 > [600601][V][LoraMesher.cpp:642] processPackets(): [LoRaMesher] Free heap: 336212
20:05:52.594 > [602220][V][LoraMesher.cpp:378] receivingRoutine(): [LoRaMesher] Stack space unused after entering the task: 2076
20:05:52.605 > [602230][V][LoraMesher.cpp:379] receivingRoutine(): [LoRaMesher] Free heap: 336212
20:05:52.612 > [602238][I][PacketService.cpp:12] createEmptyPacket(): [LoRaMesher] Packet created with 28 bytes
20:05:52.621 > [602247][I][LoraMesher.cpp:392] receivingRoutine(): [LoRaMesher] Receiving LoRa packet: Size: 28 bytes RSSI: -40 SNR: 13
20:05:52.632 > [602258][V][LoraMesher.cpp:647] processPackets(): [LoRaMesher] Size of Received Packets Queue: 1
20:05:52.641 > [602267][I][PacketQueueService.h:80] deleteQueuePacketAndPacket(): [LoRaMesher] Deleting packet
20:05:52.650 > [602275][I][PacketQueueService.h:83] deleteQueuePacketAndPacket(): [LoRaMesher] Deleting packet queue
20:05:52.659 > [602284][V][LoraMesher.cpp:658] processPackets(): [LoRaMesher] TESTING: Packet not for me, deleting it
20:05:52.668 > [602293][V][LoraMesher.cpp:641] processPackets(): [LoRaMesher] Stack space unused after entering the task: 2056
20:05:52.678 > [602303][V][LoraMesher.cpp:642] processPackets(): [LoRaMesher] Free heap: 336212
20:05:56.328 > [605954][V][LoraMesher.cpp:694] routingTableManager(): [LoRaMesher] Stack space unused after entering the task: 2296
20:05:56.339 > [605964][V][LoraMesher.cpp:695] routingTableManager(): [LoRaMesher] Free heap: 336212
20:05:56.346 > [605972][I][RoutingTableService.cpp:216] manageTimeoutRoutingTable(): [LoRaMesher] Checking routes timeout
20:05:56.356 > [605981][I][RoutingTableService.cpp:192] printRoutingTable(): [LoRaMesher] Current routing table:
20:05:56.364 > [605990][I][RoutingTableService.cpp:206] printRoutingTable(): [LoRaMesher] 0 - B3F0 via B3F0 metric 1 Role 0
20:05:56.374 > [606000][I][RoutingTableService.cpp:206] printRoutingTable(): [LoRaMesher] 1 - DE6C via B3F0 metric 2 Role 0
20:05:56.384 > [606009][I][RoutingTableService.cpp:206] printRoutingTable(): [LoRaMesher] 2 - AFC0 via B3F0 metric 3 Role 0
20:05:56.393 > [606019][I][RoutingTableService.cpp:206] printRoutingTable(): [LoRaMesher] 3 - F02C via D110 metric 2 Role 0
20:05:56.403 > [606028][I][RoutingTableService.cpp:206] printRoutingTable(): [LoRaMesher] 4 - D110 via D110 metric 1 Role 1
20:05:58.594 > [608220][V][LoraMesher.cpp:598] sendHelloPacket(): [LoRaMesher] Creating Routing Packet
20:05:58.602 > [608227][V][LoraMesher.cpp:599] sendHelloPacket(): [LoRaMesher] Stack space unused after entering the task: 2328
20:05:58.612 > [608238][V][LoraMesher.cpp:600] sendHelloPacket(): [LoRaMesher] Free heap: 336212
20:05:58.619 > [608245][V][PacketFactory.h:45] createPacket(): [LoRaMesher] Creating packet with 28 bytes
20:05:58.627 > [608253][I][PacketFactory.h:74] createPacket(): [LoRaMesher] Packet created with 28 bytes
20:05:58.635 > [608261][I][LoraMesher.h:659] setPackedForSend(): [LoRaMesher] Adding packet to Q_SP
20:05:58.643 > [608268][I][LoraMesher.h:661] setPackedForSend(): [LoRaMesher] Created packet to Q_SP
20:05:58.650 > [608276][I][LoraMesher.cpp:1061] addToSendOrderedAndNotify(): [LoRaMesher] Added packet to Q_SP, notifying sender task
20:05:58.661 > [608287][V][LoraMesher.cpp:511] sendPackets(): [LoRaMesher] Stack space unused after entering the task: 2196
20:05:58.671 > [608296][V][LoraMesher.cpp:512] sendPackets(): [LoRaMesher] Free heap: 336108
20:05:58.678 > [608303][V][LoraMesher.cpp:518] sendPackets(): [LoRaMesher] Size of Send Packets Queue: 1
20:05:58.686 > [608311][V][LoraMesher.cpp:525] sendPackets(): [LoRaMesher] Send n. 28
20:05:58.692 > [608317][V][LoraMesher.cpp:455] waitBeforeSend(): [LoRaMesher] RandomDelay 936 ms
20:05:59.635 > [609261][V][LoraMesher.cpp:754] printHeaderPacket(): [LoRaMesher] Packet send -- Size: 28 Src: C998 Dst: FFFF Id: 5 Type: 4 Via: 0 Seq_Id: 0 Num: 0
20:05:59.746 > [609372][V][LoraMesher.cpp:575] sendPackets(): [LoRaMesher] TimeOnAir 85 ms, next message in 0 ms
20:05:59.755 > [609381][I][PacketQueueService.h:80] deleteQueuePacketAndPacket(): [LoRaMesher] Deleting packet
20:05:59.764 > [609389][I][PacketQueueService.h:83] deleteQueuePacketAndPacket(): [LoRaMesher] Deleting packet queue
20:06:02.073 > [611699][V][LoraMesher.cpp:378] receivingRoutine(): [LoRaMesher] Stack space unused after entering the task: 2076
20:06:02.084 > [611709][V][LoraMesher.cpp:379] receivingRoutine(): [LoRaMesher] Free heap: 336212
20:06:02.091 > [611717][I][PacketService.cpp:12] createEmptyPacket(): [LoRaMesher] Packet created with 17 bytes
20:06:02.100 > [611725][I][LoraMesher.cpp:392] receivingRoutine(): [LoRaMesher] Receiving LoRa packet: Size: 17 bytes RSSI: -44 SNR: 13
20:06:02.111 > [611737][V][LoraMesher.cpp:647] processPackets(): [LoRaMesher] Size of Received Packets Queue: 1
20:06:02.120 > [611745][V][LoraMesher.cpp:754] printHeaderPacket(): [LoRaMesher] Packet received -- Size: 17 Src: B3F0 Dst: D110 Id: 101 Type: 2 Via: C998 Seq_Id: 0 Num: 0
20:06:02.134 > [611759][I][LoraMesher.cpp:854] processDataPacket(): [LoRaMesher] Data packet from B3F0, destination D110, via C998
20:06:02.144 > [611769][V][LoraMesher.cpp:872] processDataPacket(): [LoRaMesher] Data Packet from B3F0 for D110. Via is me. Forwarding it
20:06:02.155 > [611780][I][LoraMesher.cpp:1061] addToSendOrderedAndNotify(): [LoRaMesher] Added packet to Q_SP, notifying sender task
20:06:02.165 > [611791][V][LoraMesher.cpp:511] sendPackets(): [LoRaMesher] Stack space unused after entering the task: 2196
20:06:02.175 > [611800][V][LoraMesher.cpp:512] sendPackets(): [LoRaMesher] Free heap: 336116
20:06:02.182 > [611807][V][LoraMesher.cpp:518] sendPackets(): [LoRaMesher] Size of Send Packets Queue: 1
20:06:02.190 > [611815][V][LoraMesher.cpp:525] sendPackets(): [LoRaMesher] Send n. 29
20:06:02.196 > [611822][V][LoraMesher.cpp:455] waitBeforeSend(): [LoRaMesher] RandomDelay 648 ms
20:06:02.204 > [611829][V][LoraMesher.cpp:641] processPackets(): [LoRaMesher] Stack space unused after entering the task: 2056
20:06:02.213 > [611839][V][LoraMesher.cpp:642] processPackets(): [LoRaMesher] Free heap: 336144
20:06:02.851 > [612477][V][LoraMesher.cpp:754] printHeaderPacket(): [LoRaMesher] Packet send -- Size: 17 Src: B3F0 Dst: D110 Id: 101 Type: 2 Via: D110 Seq_Id: 0 Num: 0
20:06:02.941 > [612567][V][LoraMesher.cpp:575] sendPackets(): [LoRaMesher] TimeOnAir 63 ms, next message in 0 ms
20:06:02.950 > [612575][I][PacketQueueService.h:80] deleteQueuePacketAndPacket(): [LoRaMesher] Deleting packet
20:06:02.958 > [612584][I][PacketQueueService.h:83] deleteQueuePacketAndPacket(): [LoRaMesher] Deleting packet queue
20:06:21.499 > [631124][V][LoraMesher.cpp:378] receivingRoutine(): [LoRaMesher] Stack space unused after entering the task: 2076
20:06:21.509 > [631134][V][LoraMesher.cpp:379] receivingRoutine(): [LoRaMesher] Free heap: 336212
20:06:21.517 > [631142][I][PacketService.cpp:12] createEmptyPacket(): [LoRaMesher] Packet created with 17 bytes
20:06:21.526 > [631150][I][LoraMesher.cpp:392] receivingRoutine(): [LoRaMesher] Receiving LoRa packet: Size: 17 bytes RSSI: -37 SNR: 13
20:06:21.537 > [631161][V][LoraMesher.cpp:647] processPackets(): [LoRaMesher] Size of Received Packets Queue: 1
20:06:21.545 > [631170][V][LoraMesher.cpp:754] printHeaderPacket(): [LoRaMesher] Packet received -- Size: 17 Src: B3F0 Dst: D110 Id: 102 Type: 2 Via: C998 Seq_Id: 0 Num: 0
20:06:21.559 > [631184][I][LoraMesher.cpp:854] processDataPacket(): [LoRaMesher] Data packet from B3F0, destination D110, via C998
20:06:21.569 > [631194][V][LoraMesher.cpp:872] processDataPacket(): [LoRaMesher] Data Packet from B3F0 for D110. Via is me. Forwarding it
20:06:21.580 > [631205][I][LoraMesher.cpp:1061] addToSendOrderedAndNotify(): [LoRaMesher] Added packet to Q_SP, notifying sender task
20:06:21.591 > [631216][V][LoraMesher.cpp:511] sendPackets(): [LoRaMesher] Stack space unused after entering the task: 2196
20:06:21.600 > [631225][V][LoraMesher.cpp:512] sendPackets(): [LoRaMesher] Free heap: 336116
20:06:21.607 > [631232][V][LoraMesher.cpp:518] sendPackets(): [LoRaMesher] Size of Send Packets Queue: 1
20:06:21.615 > [631240][V][LoraMesher.cpp:525] sendPackets(): [LoRaMesher] Send n. 30
20:06:21.622 > [631247][V][LoraMesher.cpp:455] waitBeforeSend(): [LoRaMesher] RandomDelay 702 ms
20:06:21.629 > [631254][V][LoraMesher.cpp:641] processPackets(): [LoRaMesher] Stack space unused after entering the task: 2056
20:06:21.639 > [631264][V][LoraMesher.cpp:642] processPackets(): [LoRaMesher] Free heap: 336144
20:06:22.331 > [631956][V][LoraMesher.cpp:754] printHeaderPacket(): [LoRaMesher] Packet send -- Size: 17 Src: B3F0 Dst: D110 Id: 102 Type: 2 Via: D110 Seq_Id: 0 Num: 0
20:06:22.421 > [632046][V][LoraMesher.cpp:575] sendPackets(): [LoRaMesher] TimeOnAir 63 ms, next message in 0 ms
20:06:22.430 > [632054][I][PacketQueueService.h:80] deleteQueuePacketAndPacket(): [LoRaMesher] Deleting packet
20:06:22.438 > [632063][I][PacketQueueService.h:83] deleteQueuePacketAndPacket(): [LoRaMesher] Deleting packet queue
20:06:42.537 > [652162][V][LoraMesher.cpp:378] receivingRoutine(): [LoRaMesher] Stack space unused after entering the task: 2076
20:06:42.549 > [652172][V][LoraMesher.cpp:379] receivingRoutine(): [LoRaMesher] Free heap: 336212
20:06:42.555 > [652179][I][PacketService.cpp:12] createEmptyPacket(): [LoRaMesher] Packet created with 17 bytes
20:06:42.564 > [652188][I][LoraMesher.cpp:392] receivingRoutine(): [LoRaMesher] Receiving LoRa packet: Size: 17 bytes RSSI: -36 SNR: 12
20:06:42.575 > [652199][V][LoraMesher.cpp:647] processPackets(): [LoRaMesher] Size of Received Packets Queue: 1
20:06:42.584 > [652208][V][LoraMesher.cpp:754] printHeaderPacket(): [LoRaMesher] Packet received -- Size: 17 Src: B3F0 Dst: D110 Id: 103 Type: 2 Via: C998 Seq_Id: 0 Num: 0
20:06:42.598 > [652222][I][LoraMesher.cpp:854] processDataPacket(): [LoRaMesher] Data packet from B3F0, destination D110, via C998
20:06:42.608 > [652232][V][LoraMesher.cpp:872] processDataPacket(): [LoRaMesher] Data Packet from B3F0 for D110. Via is me. Forwarding it
20:06:42.619 > [652243][I][LoraMesher.cpp:1061] addToSendOrderedAndNotify(): [LoRaMesher] Added packet to Q_SP, notifying sender task
20:06:42.629 > [652253][V][LoraMesher.cpp:511] sendPackets(): [LoRaMesher] Stack space unused after entering the task: 2196
20:06:42.639 > [652263][V][LoraMesher.cpp:512] sendPackets(): [LoRaMesher] Free heap: 336116
20:06:42.646 > [652270][V][LoraMesher.cpp:518] sendPackets(): [LoRaMesher] Size of Send Packets Queue: 1
20:06:42.654 > [652278][V][LoraMesher.cpp:525] sendPackets(): [LoRaMesher] Send n. 31
20:06:42.660 > [652284][V][LoraMesher.cpp:455] waitBeforeSend(): [LoRaMesher] RandomDelay 766 ms
20:06:42.668 > [652292][V][LoraMesher.cpp:641] processPackets(): [LoRaMesher] Stack space unused after entering the task: 2056
20:06:42.678 > [652302][V][LoraMesher.cpp:642] processPackets(): [LoRaMesher] Free heap: 336144
20:06:43.433 > [653057][V][LoraMesher.cpp:754] printHeaderPacket(): [LoRaMesher] Packet send -- Size: 17 Src: B3F0 Dst: D110 Id: 103 Type: 2 Via: D110 Seq_Id: 0 Num: 0
20:06:43.522 > [653147][V][LoraMesher.cpp:575] sendPackets(): [LoRaMesher] TimeOnAir 63 ms, next message in 0 ms
20:06:43.531 > [653155][I][PacketQueueService.h:80] deleteQueuePacketAndPacket(): [LoRaMesher] Deleting packet
20:06:43.540 > [653164][I][PacketQueueService.h:83] deleteQueuePacketAndPacket(): [LoRaMesher] Deleting packet queue
20:07:02.259 > [671883][V][LoraMesher.cpp:378] receivingRoutine(): [LoRaMesher] Stack space unused after entering the task: 2076
20:07:02.269 > [671893][V][LoraMesher.cpp:379] receivingRoutine(): [LoRaMesher] Free heap: 336212
20:07:02.277 > [671900][I][PacketService.cpp:12] createEmptyPacket(): [LoRaMesher] Packet created with 17 bytes
20:07:02.286 > [671909][I][LoraMesher.cpp:392] receivingRoutine(): [LoRaMesher] Receiving LoRa packet: Size: 17 bytes RSSI: -35 SNR: 12
20:07:02.297 > [671920][V][LoraMesher.cpp:647] processPackets(): [LoRaMesher] Size of Received Packets Queue: 1
20:07:02.306 > [671929][V][LoraMesher.cpp:754] printHeaderPacket(): [LoRaMesher] Packet received -- Size: 17 Src: B3F0 Dst: D110 Id: 104 Type: 2 Via: C998 Seq_Id: 0 Num: 0
20:07:02.319 > [671943][I][LoraMesher.cpp:854] processDataPacket(): [LoRaMesher] Data packet from B3F0, destination D110, via C998
20:07:02.330 > [671953][V][LoraMesher.cpp:872] processDataPacket(): [LoRaMesher] Data Packet from B3F0 for D110. Via is me. Forwarding it
20:07:02.340 > [671964][I][LoraMesher.cpp:1061] addToSendOrderedAndNotify(): [LoRaMesher] Added packet to Q_SP, notifying sender task
20:07:02.351 > [671974][V][LoraMesher.cpp:511] sendPackets(): [LoRaMesher] Stack space unused after entering the task: 2196
20:07:02.361 > [671984][V][LoraMesher.cpp:512] sendPackets(): [LoRaMesher] Free heap: 336116
20:07:02.368 > [671991][V][LoraMesher.cpp:518] sendPackets(): [LoRaMesher] Size of Send Packets Queue: 1
20:07:02.376 > [671999][V][LoraMesher.cpp:525] sendPackets(): [LoRaMesher] Send n. 32
20:07:02.382 > [672005][V][LoraMesher.cpp:455] waitBeforeSend(): [LoRaMesher] RandomDelay 1158 ms
20:07:02.389 > [672013][V][LoraMesher.cpp:641] processPackets(): [LoRaMesher] Stack space unused after entering the task: 2056
20:07:02.399 > [672023][V][LoraMesher.cpp:642] processPackets(): [LoRaMesher] Free heap: 336144
20:07:03.546 > [673170][V][LoraMesher.cpp:754] printHeaderPacket(): [LoRaMesher] Packet send -- Size: 17 Src: B3F0 Dst: D110 Id: 104 Type: 2 Via: D110 Seq_Id: 0 Num: 0
20:07:03.636 > [673260][V][LoraMesher.cpp:575] sendPackets(): [LoRaMesher] TimeOnAir 63 ms, next message in 0 ms
20:07:03.645 > [673268][I][PacketQueueService.h:80] deleteQueuePacketAndPacket(): [LoRaMesher] Deleting packet
20:07:03.654 > [673277][I][PacketQueueService.h:83] deleteQueuePacketAndPacket(): [LoRaMesher] Deleting packet queue
20:07:15.733 > [685356][V][LoraMesher.cpp:378] receivingRoutine(): [LoRaMesher] Stack space unused after entering the task: 2076
20:07:15.744 > [685366][V][LoraMesher.cpp:379] receivingRoutine(): [LoRaMesher] Free heap: 336212
20:07:15.751 > [685373][I][PacketService.cpp:12] createEmptyPacket(): [LoRaMesher] Packet created with 28 bytes
20:07:15.760 > [685382][I][LoraMesher.cpp:392] receivingRoutine(): [LoRaMesher] Receiving LoRa packet: Size: 28 bytes RSSI: -34 SNR: 13
20:07:15.771 > [685393][V][LoraMesher.cpp:647] processPackets(): [LoRaMesher] Size of Received Packets Queue: 1
20:07:15.780 > [685402][V][LoraMesher.cpp:754] printHeaderPacket(): [LoRaMesher] Packet received -- Size: 28 Src: B3F0 Dst: FFFF Id: 105 Type: 4 Via: 0 Seq_Id: 0 Num: 0
20:07:15.793 > [685416][I][RoutingTableService.cpp:77] processRoute(): [LoRaMesher] Route packet from B3F0 with size 5
20:07:15.803 > [685425][I][RoutingTableService.cpp:99] resetReceiveSNRRoutePacket(): [LoRaMesher] Reset Receive SNR from B3F0: 13
20:07:15.813 > [685435][I][RoutingTableService.cpp:192] printRoutingTable(): [LoRaMesher] Current routing table:
20:07:15.821 > [685444][I][RoutingTableService.cpp:206] printRoutingTable(): [LoRaMesher] 0 - B3F0 via B3F0 metric 1 Role 0
20:07:15.831 > [685453][I][RoutingTableService.cpp:206] printRoutingTable(): [LoRaMesher] 1 - DE6C via B3F0 metric 2 Role 0
20:07:15.841 > [685463][I][RoutingTableService.cpp:206] printRoutingTable(): [LoRaMesher] 2 - AFC0 via B3F0 metric 3 Role 0
20:07:15.850 > [685473][I][RoutingTableService.cpp:206] printRoutingTable(): [LoRaMesher] 3 - F02C via D110 metric 2 Role 0
20:07:15.860 > [685482][I][RoutingTableService.cpp:206] printRoutingTable(): [LoRaMesher] 4 - D110 via D110 metric 1 Role 1
20:07:15.869 > [685492][I][PacketQueueService.h:80] deleteQueuePacketAndPacket(): [LoRaMesher] Deleting packet
20:07:15.878 > [685500][I][PacketQueueService.h:83] deleteQueuePacketAndPacket(): [LoRaMesher] Deleting packet queue
20:07:15.887 > [685509][V][LoraMesher.cpp:641] processPackets(): [LoRaMesher] Stack space unused after entering the task: 2056
20:07:15.897 > [685519][V][LoraMesher.cpp:642] processPackets(): [LoRaMesher] Free heap: 336212
20:07:22.476 > [692098][V][LoraMesher.cpp:378] receivingRoutine(): [LoRaMesher] Stack space unused after entering the task: 2076
20:07:22.486 > [692109][V][LoraMesher.cpp:379] receivingRoutine(): [LoRaMesher] Free heap: 336212
20:07:22.494 > [692116][I][PacketService.cpp:12] createEmptyPacket(): [LoRaMesher] Packet created with 17 bytes
20:07:22.502 > [692125][I][LoraMesher.cpp:392] receivingRoutine(): [LoRaMesher] Receiving LoRa packet: Size: 17 bytes RSSI: -36 SNR: 13
20:07:22.514 > [692136][V][LoraMesher.cpp:647] processPackets(): [LoRaMesher] Size of Received Packets Queue: 1
20:07:22.522 > [692145][V][LoraMesher.cpp:754] printHeaderPacket(): [LoRaMesher] Packet received -- Size: 17 Src: B3F0 Dst: D110 Id: 106 Type: 2 Via: C998 Seq_Id: 0 Num: 0
20:07:22.536 > [692159][I][LoraMesher.cpp:854] processDataPacket(): [LoRaMesher] Data packet from B3F0, destination D110, via C998
20:07:22.546 > [692169][V][LoraMesher.cpp:872] processDataPacket(): [LoRaMesher] Data Packet from B3F0 for D110. Via is me. Forwarding it
20:07:22.557 > [692180][I][LoraMesher.cpp:1061] addToSendOrderedAndNotify(): [LoRaMesher] Added packet to Q_SP, notifying sender task
20:07:22.568 > [692190][V][LoraMesher.cpp:511] sendPackets(): [LoRaMesher] Stack space unused after entering the task: 2196
20:07:22.577 > [692200][V][LoraMesher.cpp:512] sendPackets(): [LoRaMesher] Free heap: 336116
20:07:22.584 > [692207][V][LoraMesher.cpp:518] sendPackets(): [LoRaMesher] Size of Send Packets Queue: 1
20:07:22.592 > [692215][V][LoraMesher.cpp:525] sendPackets(): [LoRaMesher] Send n. 33
20:07:22.599 > [692221][V][LoraMesher.cpp:455] waitBeforeSend(): [LoRaMesher] RandomDelay 692 ms
20:07:22.606 > [692228][V][LoraMesher.cpp:641] processPackets(): [LoRaMesher] Stack space unused after entering the task: 2056
20:07:22.616 > [692238][V][LoraMesher.cpp:642] processPackets(): [LoRaMesher] Free heap: 336144
20:07:23.297 > [692920][V][LoraMesher.cpp:754] printHeaderPacket(): [LoRaMesher] Packet send -- Size: 17 Src: B3F0 Dst: D110 Id: 106 Type: 2 Via: D110 Seq_Id: 0 Num: 0
20:07:23.387 > [693010][V][LoraMesher.cpp:575] sendPackets(): [LoRaMesher] TimeOnAir 63 ms, next message in 0 ms
20:07:23.396 > [693018][I][PacketQueueService.h:80] deleteQueuePacketAndPacket(): [LoRaMesher] Deleting packet
20:07:23.404 > [693027][I][PacketQueueService.h:83] deleteQueuePacketAndPacket(): [LoRaMesher] Deleting packet queue
20:07:42.837 > [712459][V][LoraMesher.cpp:378] receivingRoutine(): [LoRaMesher] Stack space unused after entering the task: 2076
20:07:42.848 > [712469][V][LoraMesher.cpp:379] receivingRoutine(): [LoRaMesher] Free heap: 336212
20:07:42.855 > [712477][I][PacketService.cpp:12] createEmptyPacket(): [LoRaMesher] Packet created with 17 bytes
20:07:42.864 > [712486][I][LoraMesher.cpp:392] receivingRoutine(): [LoRaMesher] Receiving LoRa packet: Size: 17 bytes RSSI: -30 SNR: 12
20:07:42.875 > [712497][V][LoraMesher.cpp:647] processPackets(): [LoRaMesher] Size of Received Packets Queue: 1
20:07:42.884 > [712505][V][LoraMesher.cpp:754] printHeaderPacket(): [LoRaMesher] Packet received -- Size: 17 Src: B3F0 Dst: D110 Id: 107 Type: 2 Via: C998 Seq_Id: 0 Num: 0
20:07:42.898 > [712519][I][LoraMesher.cpp:854] processDataPacket(): [LoRaMesher] Data packet from B3F0, destination D110, via C998
20:07:42.908 > [712530][V][LoraMesher.cpp:872] processDataPacket(): [LoRaMesher] Data Packet from B3F0 for D110. Via is me. Forwarding it
20:07:42.919 > [712540][I][LoraMesher.cpp:1061] addToSendOrderedAndNotify(): [LoRaMesher] Added packet to Q_SP, notifying sender task
20:07:42.929 > [712551][V][LoraMesher.cpp:511] sendPackets(): [LoRaMesher] Stack space unused after entering the task: 2196
20:07:42.939 > [712561][V][LoraMesher.cpp:512] sendPackets(): [LoRaMesher] Free heap: 336116
20:07:42.946 > [712568][V][LoraMesher.cpp:518] sendPackets(): [LoRaMesher] Size of Send Packets Queue: 1
20:07:42.954 > [712576][V][LoraMesher.cpp:525] sendPackets(): [LoRaMesher] Send n. 34
20:07:42.960 > [712582][V][LoraMesher.cpp:455] waitBeforeSend(): [LoRaMesher] RandomDelay 723 ms
20:07:42.968 > [712589][V][LoraMesher.cpp:641] processPackets(): [LoRaMesher] Stack space unused after entering the task: 2056
20:07:42.977 > [712599][V][LoraMesher.cpp:642] processPackets(): [LoRaMesher] Free heap: 336144
20:07:43.690 > [713312][V][LoraMesher.cpp:754] printHeaderPacket(): [LoRaMesher] Packet send -- Size: 17 Src: B3F0 Dst: D110 Id: 107 Type: 2 Via: D110 Seq_Id: 0 Num: 0
20:07:43.780 > [713402][V][LoraMesher.cpp:575] sendPackets(): [LoRaMesher] TimeOnAir 63 ms, next message in 0 ms
20:07:43.789 > [713410][I][PacketQueueService.h:80] deleteQueuePacketAndPacket(): [LoRaMesher] Deleting packet
20:07:43.797 > [713419][I][PacketQueueService.h:83] deleteQueuePacketAndPacket(): [LoRaMesher] Deleting packet queue
20:07:50.336 > [719957][V][LoraMesher.cpp:378] receivingRoutine(): [LoRaMesher] Stack space unused after entering the task: 2076
20:07:50.347 > [719967][V][LoraMesher.cpp:379] receivingRoutine(): [LoRaMesher] Free heap: 336212
20:07:50.354 > [719975][I][PacketService.cpp:12] createEmptyPacket(): [LoRaMesher] Packet created with 28 bytes
20:07:50.363 > [719984][I][LoraMesher.cpp:392] receivingRoutine(): [LoRaMesher] Receiving LoRa packet: Size: 28 bytes RSSI: -37 SNR: 1
20:07:50.373 > [719995][W][LoraMesher.cpp:403] receivingRoutine(): [LoRaMesher] Reading packet data gave error: -7
20:07:51.822 > [721443][V][LoraMesher.cpp:378] receivingRoutine(): [LoRaMesher] Stack space unused after entering the task: 2076
20:07:51.832 > [721453][V][LoraMesher.cpp:379] receivingRoutine(): [LoRaMesher] Free heap: 336212
20:07:51.840 > [721461][I][PacketService.cpp:12] createEmptyPacket(): [LoRaMesher] Packet created with 28 bytes
20:07:51.849 > [721470][I][LoraMesher.cpp:392] receivingRoutine(): [LoRaMesher] Receiving LoRa packet: Size: 28 bytes RSSI: -44 SNR: 12
20:07:51.860 > [721481][V][LoraMesher.cpp:647] processPackets(): [LoRaMesher] Size of Received Packets Queue: 1
20:07:51.869 > [721489][I][PacketQueueService.h:80] deleteQueuePacketAndPacket(): [LoRaMesher] Deleting packet
20:07:51.877 > [721498][I][PacketQueueService.h:83] deleteQueuePacketAndPacket(): [LoRaMesher] Deleting packet queue
20:07:51.886 > [721507][V][LoraMesher.cpp:658] processPackets(): [LoRaMesher] TESTING: Packet not for me, deleting it
20:07:51.895 > [721516][V][LoraMesher.cpp:641] processPackets(): [LoRaMesher] Stack space unused after entering the task: 2056
20:07:51.905 > [721526][V][LoraMesher.cpp:642] processPackets(): [LoRaMesher] Free heap: 336212
20:07:58.665 > [728287][V][LoraMesher.cpp:598] sendHelloPacket(): [LoRaMesher] Creating Routing Packet
20:07:58.674 > [728294][V][LoraMesher.cpp:599] sendHelloPacket(): [LoRaMesher] Stack space unused after entering the task: 2328
20:07:58.684 > [728305][V][LoraMesher.cpp:600] sendHelloPacket(): [LoRaMesher] Free heap: 336212
20:07:58.691 > [728312][V][PacketFactory.h:45] createPacket(): [LoRaMesher] Creating packet with 28 bytes
20:07:58.699 > [728320][I][PacketFactory.h:74] createPacket(): [LoRaMesher] Packet created with 28 bytes
20:07:58.707 > [728328][I][LoraMesher.h:659] setPackedForSend(): [LoRaMesher] Adding packet to Q_SP
20:07:58.715 > [728335][I][LoraMesher.h:661] setPackedForSend(): [LoRaMesher] Created packet to Q_SP
20:07:58.722 > [728343][I][LoraMesher.cpp:1061] addToSendOrderedAndNotify(): [LoRaMesher] Added packet to Q_SP, notifying sender task
20:07:58.733 > [728354][V][LoraMesher.cpp:511] sendPackets(): [LoRaMesher] Stack space unused after entering the task: 2196
20:07:58.742 > [728363][V][LoraMesher.cpp:512] sendPackets(): [LoRaMesher] Free heap: 336108
20:07:58.749 > [728370][V][LoraMesher.cpp:518] sendPackets(): [LoRaMesher] Size of Send Packets Queue: 1
20:07:58.757 > [728378][V][LoraMesher.cpp:525] sendPackets(): [LoRaMesher] Send n. 35
20:07:58.764 > [728384][V][LoraMesher.cpp:455] waitBeforeSend(): [LoRaMesher] RandomDelay 511 ms
20:07:59.281 > [728903][V][LoraMesher.cpp:754] printHeaderPacket(): [LoRaMesher] Packet send -- Size: 28 Src: C998 Dst: FFFF Id: 6 Type: 4 Via: 0 Seq_Id: 0 Num: 0
20:07:59.392 > [729014][V][LoraMesher.cpp:575] sendPackets(): [LoRaMesher] TimeOnAir 85 ms, next message in 0 ms
20:07:59.402 > [729023][I][PacketQueueService.h:80] deleteQueuePacketAndPacket(): [LoRaMesher] Deleting packet
20:07:59.410 > [729031][I][PacketQueueService.h:83] deleteQueuePacketAndPacket(): [LoRaMesher] Deleting packet queue
20:08:01.916 > [731537][V][LoraMesher.cpp:378] receivingRoutine(): [LoRaMesher] Stack space unused after entering the task: 2076
20:08:01.926 > [731547][V][LoraMesher.cpp:379] receivingRoutine(): [LoRaMesher] Free heap: 336212
20:08:01.934 > [731555][I][PacketService.cpp:12] createEmptyPacket(): [LoRaMesher] Packet created with 17 bytes
20:08:01.943 > [731564][I][LoraMesher.cpp:392] receivingRoutine(): [LoRaMesher] Receiving LoRa packet: Size: 17 bytes RSSI: -30 SNR: 12
20:08:01.954 > [731575][V][LoraMesher.cpp:647] processPackets(): [LoRaMesher] Size of Received Packets Queue: 1
20:08:01.963 > [731583][V][LoraMesher.cpp:754] printHeaderPacket(): [LoRaMesher] Packet received -- Size: 17 Src: B3F0 Dst: D110 Id: 108 Type: 2 Via: C998 Seq_Id: 0 Num: 0
20:08:01.976 > [731597][I][LoraMesher.cpp:854] processDataPacket(): [LoRaMesher] Data packet from B3F0, destination D110, via C998
20:08:01.987 > [731607][V][LoraMesher.cpp:872] processDataPacket(): [LoRaMesher] Data Packet from B3F0 for D110. Via is me. Forwarding it
20:08:01.997 > [731618][I][LoraMesher.cpp:1061] addToSendOrderedAndNotify(): [LoRaMesher] Added packet to Q_SP, notifying sender task
20:08:02.008 > [731629][V][LoraMesher.cpp:511] sendPackets(): [LoRaMesher] Stack space unused after entering the task: 2196
20:08:02.018 > [731639][V][LoraMesher.cpp:512] sendPackets(): [LoRaMesher] Free heap: 336116
20:08:02.025 > [731645][V][LoraMesher.cpp:518] sendPackets(): [LoRaMesher] Size of Send Packets Queue: 1
20:08:02.033 > [731653][V][LoraMesher.cpp:525] sendPackets(): [LoRaMesher] Send n. 36
20:08:02.039 > [731660][V][LoraMesher.cpp:455] waitBeforeSend(): [LoRaMesher] RandomDelay 442 ms
20:08:02.046 > [731667][V][LoraMesher.cpp:641] processPackets(): [LoRaMesher] Stack space unused after entering the task: 2056
20:08:02.056 > [731677][V][LoraMesher.cpp:642] processPackets(): [LoRaMesher] Free heap: 336144
20:08:02.487 > [732109][V][LoraMesher.cpp:754] printHeaderPacket(): [LoRaMesher] Packet send -- Size: 17 Src: B3F0 Dst: D110 Id: 108 Type: 2 Via: D110 Seq_Id: 0 Num: 0
20:08:02.577 > [732199][V][LoraMesher.cpp:575] sendPackets(): [LoRaMesher] TimeOnAir 63 ms, next message in 0 ms
20:08:02.586 > [732207][I][PacketQueueService.h:80] deleteQueuePacketAndPacket(): [LoRaMesher] Deleting packet
20:08:02.595 > [732216][I][PacketQueueService.h:83] deleteQueuePacketAndPacket(): [LoRaMesher] Deleting packet queue
