19:37:48.398 > ckets(): [LoRaMesher] Size of Send Packets Queue: 1
19:37:48.401 > [  7977][V][LoraMesher.cpp:525] sendPackets(): [LoRaMesher] Send n. 0
19:37:48.407 > [  7983][V][LoraMesher.cpp:754] printHeaderPacket(): [LoRaMesher] Packet send -- Size: 8 Src: D110 Dst: FFFF Id: 0 Type: 4 Via: 0 Seq_Id: 0 Num: 0
19:37:48.475 > [  8051][V][LoraMesher.cpp:575] sendPackets(): [LoRaMesher] TimeOnAir 42 ms, next message in 0 ms
19:37:48.484 > [  8060][I][PacketQueueService.h:80] deleteQueuePacketAndPacket(): [LoRaMesher] Deleting packet
19:37:48.493 > [  8069][I][PacketQueueService.h:83] deleteQueuePacketAndPacket(): [LoRaMesher] Deleting packet queue
19:37:52.225 > [ 11801][V][LoraMesher.cpp:378] receivingRoutine(): [LoRaMesher] Stack space unused after entering the task: 2404
19:37:52.236 > [ 11811][V][LoraMesher.cpp:379] receivingRoutine(): [LoRaMesher] Free heap: 336168
19:37:52.244 > [ 11818][I][PacketService.cpp:12] createEmptyPacket(): [LoRaMesher] Packet created with 17 bytes
19:37:52.252 > [ 11827][I][LoraMesher.cpp:392] receivingRoutine(): [LoRaMesher] Receiving LoRa packet: Size: 17 bytes RSSI: -35 SNR: 13
19:37:52.264 > [ 11838][V][LoraMesher.cpp:647] processPackets(): [LoRaMesher] Size of Received Packets Queue: 1
19:37:52.272 > [ 11847][I][PacketQueueService.h:80] deleteQueuePacketAndPacket(): [LoRaMesher] Deleting packet
19:37:52.281 > [ 11855][I][PacketQueueService.h:83] deleteQueuePacketAndPacket(): [LoRaMesher] Deleting packet queue
19:37:52.290 > [ 11864][V][LoraMesher.cpp:658] processPackets(): [LoRaMesher] TESTING: Packet not for me, deleting it
19:37:52.299 > [ 11874][V][LoraMesher.cpp:641] processPackets(): [LoRaMesher] Stack space unused after entering the task: 2360
19:37:52.309 > [ 11883][V][LoraMesher.cpp:642] processPackets(): [LoRaMesher] Free heap: 336168
19:38:07.385 > [ 26956][V][LoraMesher.h:250] createPacketAndSend(): [LoRaMesher] Creating a packet for send with 8 bytes
19:38:07.395 > [ 26965][V][PacketFactory.h:45] createPacket(): [LoRaMesher] Creating packet with 17 bytes
19:38:07.404 > [ 26974][I][PacketFactory.h:74] createPacket(): [LoRaMesher] Packet created with 17 bytes
19:38:07.412 > [ 26982][I][LoraMesher.h:659] setPackedForSend(): [LoRaMesher] Adding packet to Q_SP
19:38:07.419 > [ 26989][I][LoraMesher.h:661] setPackedForSend(): [LoRaMesher] Created packet to Q_SP
19:38:07.427 > [ 26997][I][LoraMesher.cpp:1061] addToSendOrderedAndNotify(): [LoRaMesher] Added packet to Q_SP, notifying sender task
19:38:07.437 > [ 27007][V][LoraMesher.cpp:511] sendPackets(): [LoRaMesher] Stack space unused after entering the task: 2260
19:38:07.447 > [ 27017][V][LoraMesher.cpp:512] sendPackets(): [LoRaMesher] Free heap: 336072
19:38:07.454 > [ 27024][V][LoraMesher.cpp:518] sendPackets(): [LoRaMesher] Size of Send Packets Queue: 1
19:38:07.462 > [ 27032][V][LoraMesher.cpp:525] sendPackets(): [LoRaMesher] Send n. 1
19:38:07.468 > [ 27038][E][LoraMesher.cpp:536] sendPackets(): [LoRaMesher] NextHop Not found from D110, destination 0
19:38:07.477 > [ 27047][I][PacketQueueService.h:80] deleteQueuePacketAndPacket(): [LoRaMesher] Deleting packet
19:38:07.486 > [ 27056][I][PacketQueueService.h:83] deleteQueuePacketAndPacket(): [LoRaMesher] Deleting packet queue
19:38:12.432 > [ 32002][V][LoraMesher.cpp:378] receivingRoutine(): [LoRaMesher] Stack space unused after entering the task: 2340
19:38:12.443 > [ 32012][V][LoraMesher.cpp:379] receivingRoutine(): [LoRaMesher] Free heap: 336168
19:38:12.450 > [ 32019][I][PacketService.cpp:12] createEmptyPacket(): [LoRaMesher] Packet created with 17 bytes
19:38:12.459 > [ 32028][I][LoraMesher.cpp:392] receivingRoutine(): [LoRaMesher] Receiving LoRa packet: Size: 17 bytes RSSI: -23 SNR: 13
19:38:12.470 > [ 32039][V][LoraMesher.cpp:647] processPackets(): [LoRaMesher] Size of Received Packets Queue: 1
19:38:12.479 > [ 32048][I][PacketQueueService.h:80] deleteQueuePacketAndPacket(): [LoRaMesher] Deleting packet
19:38:12.487 > [ 32056][I][PacketQueueService.h:83] deleteQueuePacketAndPacket(): [LoRaMesher] Deleting packet queue
19:38:12.496 > [ 32065][V][LoraMesher.cpp:658] processPackets(): [LoRaMesher] TESTING: Packet not for me, deleting it
19:38:12.505 > [ 32074][V][LoraMesher.cpp:641] processPackets(): [LoRaMesher] Stack space unused after entering the task: 2360
19:38:12.515 > [ 32084][V][LoraMesher.cpp:642] processPackets(): [LoRaMesher] Free heap: 336168
19:38:32.639 > [ 52202][V][LoraMesher.cpp:378] receivingRoutine(): [LoRaMesher] Stack space unused after entering the task: 2340
19:38:32.649 > [ 52213][V][LoraMesher.cpp:379] receivingRoutine(): [LoRaMesher] Free heap: 336168
19:38:32.657 > [ 52220][I][PacketService.cpp:12] createEmptyPacket(): [LoRaMesher] Packet created with 17 bytes
19:38:32.665 > [ 52229][I][LoraMesher.cpp:392] receivingRoutine(): [LoRaMesher] Receiving LoRa packet: Size: 17 bytes RSSI: -18 SNR: 13
19:38:32.677 > [ 52240][V][LoraMesher.cpp:647] processPackets(): [LoRaMesher] Size of Received Packets Queue: 1
19:38:32.685 > [ 52249][I][PacketQueueService.h:80] deleteQueuePacketAndPacket(): [LoRaMesher] Deleting packet
19:38:32.694 > [ 52257][I][PacketQueueService.h:83] deleteQueuePacketAndPacket(): [LoRaMesher] Deleting packet queue
19:38:32.702 > [ 52266][V][LoraMesher.cpp:658] processPackets(): [LoRaMesher] TESTING: Packet not for me, deleting it
19:38:32.711 > [ 52275][V][LoraMesher.cpp:641] processPackets(): [LoRaMesher] Stack space unused after entering the task: 2360
19:38:32.721 > [ 52285][V][LoraMesher.cpp:642] processPackets(): [LoRaMesher] Free heap: 336168
19:38:52.843 > [ 72403][V][LoraMesher.cpp:378] receivingRoutine(): [LoRaMesher] Stack space unused after entering the task: 2112
19:38:52.853 > [ 72413][V][LoraMesher.cpp:379] receivingRoutine(): [LoRaMesher] Free heap: 336168
19:38:52.860 > [ 72421][I][PacketService.cpp:12] createEmptyPacket(): [LoRaMesher] Packet created with 17 bytes
19:38:52.869 > [ 72430][I][LoraMesher.cpp:392] receivingRoutine(): [LoRaMesher] Receiving LoRa packet: Size: 17 bytes RSSI: -15 SNR: 12
19:38:52.880 > [ 72441][V][LoraMesher.cpp:647] processPackets(): [LoRaMesher] Size of Received Packets Queue: 1
19:38:52.889 > [ 72450][I][PacketQueueService.h:80] deleteQueuePacketAndPacket(): [LoRaMesher] Deleting packet
19:38:52.897 > [ 72458][I][PacketQueueService.h:83] deleteQueuePacketAndPacket(): [LoRaMesher] Deleting packet queue
19:38:52.906 > [ 72467][V][LoraMesher.cpp:658] processPackets(): [LoRaMesher] TESTING: Packet not for me, deleting it
19:38:52.916 > [ 72476][V][LoraMesher.cpp:641] processPackets(): [LoRaMesher] Stack space unused after entering the task: 2216
19:38:52.925 > [ 72486][V][LoraMesher.cpp:642] processPackets(): [LoRaMesher] Free heap: 336168
19:39:13.047 > [ 92604][V][LoraMesher.cpp:378] receivingRoutine(): [LoRaMesher] Stack space unused after entering the task: 2112
19:39:13.057 > [ 92614][V][LoraMesher.cpp:379] receivingRoutine(): [LoRaMesher] Free heap: 336168
19:39:13.065 > [ 92622][I][PacketService.cpp:12] createEmptyPacket(): [LoRaMesher] Packet created with 17 bytes
19:39:13.074 > [ 92631][I][LoraMesher.cpp:392] receivingRoutine(): [LoRaMesher] Receiving LoRa packet: Size: 17 bytes RSSI: -15 SNR: 13
19:39:13.085 > [ 92642][V][LoraMesher.cpp:647] processPackets(): [LoRaMesher] Size of Received Packets Queue: 1
19:39:13.094 > [ 92650][I][PacketQueueService.h:80] deleteQueuePacketAndPacket(): [LoRaMesher] Deleting packet
19:39:13.102 > [ 92659][I][PacketQueueService.h:83] deleteQueuePacketAndPacket(): [LoRaMesher] Deleting packet queue
19:39:13.111 > [ 92668][V][LoraMesher.cpp:658] processPackets(): [LoRaMesher] TESTING: Packet not for me, deleting it
19:39:13.120 > [ 92677][V][LoraMesher.cpp:641] processPackets(): [LoRaMesher] Stack space unused after entering the task: 2216
19:39:13.130 > [ 92687][V][LoraMesher.cpp:642] processPackets(): [LoRaMesher] Free heap: 336168
19:39:13.825 > [ 93382][V][LoraMesher.cpp:378] receivingRoutine(): [LoRaMesher] Stack space unused after entering the task: 2112
19:39:13.836 > [ 93393][V][LoraMesher.cpp:379] receivingRoutine(): [LoRaMesher] Free heap: 336168
19:39:13.843 > [ 93400][I][PacketService.cpp:12] createEmptyPacket(): [LoRaMesher] Packet created with 8 bytes
19:39:13.852 > [ 93409][I][LoraMesher.cpp:392] receivingRoutine(): [LoRaMesher] Receiving LoRa packet: Size: 8 bytes RSSI: -15 SNR: 13
19:39:13.863 > [ 93420][V][LoraMesher.cpp:647] processPackets(): [LoRaMesher] Size of Received Packets Queue: 1
19:39:13.871 > [ 93428][I][PacketQueueService.h:80] deleteQueuePacketAndPacket(): [LoRaMesher] Deleting packet
19:39:13.880 > [ 93437][I][PacketQueueService.h:83] deleteQueuePacketAndPacket(): [LoRaMesher] Deleting packet queue
19:39:13.889 > [ 93446][V][LoraMesher.cpp:658] processPackets(): [LoRaMesher] TESTING: Packet not for me, deleting it
19:39:13.898 > [ 93455][V][LoraMesher.cpp:641] processPackets(): [LoRaMesher] Stack space unused after entering the task: 2216
19:39:13.908 > [ 93465][V][LoraMesher.cpp:642] processPackets(): [LoRaMesher] Free heap: 336168
19:39:33.250 > [112805][V][LoraMesher.cpp:378] receivingRoutine(): [LoRaMesher] Stack space unused after entering the task: 2112
19:39:33.260 > [112815][V][LoraMesher.cpp:379] receivingRoutine(): [LoRaMesher] Free heap: 336168
19:39:33.268 > [112823][I][PacketService.cpp:12] createEmptyPacket(): [LoRaMesher] Packet created with 17 bytes
19:39:33.277 > [112832][I][LoraMesher.cpp:392] receivingRoutine(): [LoRaMesher] Receiving LoRa packet: Size: 17 bytes RSSI: -15 SNR: 12
19:39:33.288 > [112843][V][LoraMesher.cpp:647] processPackets(): [LoRaMesher] Size of Received Packets Queue: 1
19:39:33.296 > [112851][I][PacketQueueService.h:80] deleteQueuePacketAndPacket(): [LoRaMesher] Deleting packet
19:39:33.305 > [112860][I][PacketQueueService.h:83] deleteQueuePacketAndPacket(): [LoRaMesher] Deleting packet queue
19:39:33.314 > [112869][V][LoraMesher.cpp:658] processPackets(): [LoRaMesher] TESTING: Packet not for me, deleting it
19:39:33.323 > [112878][V][LoraMesher.cpp:641] processPackets(): [LoRaMesher] Stack space unused after entering the task: 2216
19:39:33.333 > [112888][V][LoraMesher.cpp:642] processPackets(): [LoRaMesher] Free heap: 336168
19:39:48.399 > [127953][V][LoraMesher.cpp:598] sendHelloPacket(): [LoRaMesher] Creating Routing Packet
19:39:48.407 > [127960][V][LoraMesher.cpp:599] sendHelloPacket(): [LoRaMesher] Stack space unused after entering the task: 2328
19:39:48.417 > [127970][V][LoraMesher.cpp:600] sendHelloPacket(): [LoRaMesher] Free heap: 336168
19:39:48.424 > [127978][V][PacketFactory.h:45] createPacket(): [LoRaMesher] Creating packet with 8 bytes
19:39:48.432 > [127986][I][PacketFactory.h:74] createPacket(): [LoRaMesher] Packet created with 8 bytes
19:39:48.440 > [127994][I][LoraMesher.h:659] setPackedForSend(): [LoRaMesher] Adding packet to Q_SP
19:39:48.448 > [128001][I][LoraMesher.h:661] setPackedForSend(): [LoRaMesher] Created packet to Q_SP
19:39:48.455 > [128009][I][LoraMesher.cpp:1061] addToSendOrderedAndNotify(): [LoRaMesher] Added packet to Q_SP, notifying sender task
19:39:48.466 > [128019][V][LoraMesher.cpp:511] sendPackets(): [LoRaMesher] Stack space unused after entering the task: 2260
19:39:48.475 > [128029][V][LoraMesher.cpp:512] sendPackets(): [LoRaMesher] Free heap: 336084
19:39:48.482 > [128036][V][LoraMesher.cpp:518] sendPackets(): [LoRaMesher] Size of Send Packets Queue: 1
19:39:48.490 > [128044][V][LoraMesher.cpp:525] sendPackets(): [LoRaMesher] Send n. 1
19:39:48.497 > [128050][V][LoraMesher.cpp:754] printHeaderPacket(): [LoRaMesher] Packet send -- Size: 8 Src: D110 Dst: FFFF Id: 2 Type: 4 Via: 0 Seq_Id: 0 Num: 0
19:39:48.564 > [128118][V][LoraMesher.cpp:575] sendPackets(): [LoRaMesher] TimeOnAir 42 ms, next message in 0 ms
19:39:48.573 > [128127][I][PacketQueueService.h:80] deleteQueuePacketAndPacket(): [LoRaMesher] Deleting packet
19:39:48.582 > [128135][I][PacketQueueService.h:83] deleteQueuePacketAndPacket(): [LoRaMesher] Deleting packet queue
19:39:49.387 > [128940][V][LoraMesher.cpp:378] receivingRoutine(): [LoRaMesher] Stack space unused after entering the task: 2112
19:39:49.397 > [128951][V][LoraMesher.cpp:379] receivingRoutine(): [LoRaMesher] Free heap: 336168
19:39:49.405 > [128958][I][PacketService.cpp:12] createEmptyPacket(): [LoRaMesher] Packet created with 12 bytes
19:39:49.413 > [128967][I][LoraMesher.cpp:392] receivingRoutine(): [LoRaMesher] Receiving LoRa packet: Size: 12 bytes RSSI: -21 SNR: 13
19:39:49.424 > [128978][V][LoraMesher.cpp:647] processPackets(): [LoRaMesher] Size of Received Packets Queue: 1
19:39:49.433 > [128987][I][PacketQueueService.h:80] deleteQueuePacketAndPacket(): [LoRaMesher] Deleting packet
19:39:49.442 > [128995][I][PacketQueueService.h:83] deleteQueuePacketAndPacket(): [LoRaMesher] Deleting packet queue
19:39:49.451 > [129004][V][LoraMesher.cpp:658] processPackets(): [LoRaMesher] TESTING: Packet not for me, deleting it
19:39:49.460 > [129013][V][LoraMesher.cpp:641] processPackets(): [LoRaMesher] Stack space unused after entering the task: 2184
19:39:49.470 > [129023][V][LoraMesher.cpp:642] processPackets(): [LoRaMesher] Free heap: 336168
19:39:53.825 > [133378][V][LoraMesher.cpp:378] receivingRoutine(): [LoRaMesher] Stack space unused after entering the task: 2112
19:39:53.836 > [133388][V][LoraMesher.cpp:379] receivingRoutine(): [LoRaMesher] Free heap: 336168
19:39:53.843 > [133396][I][PacketService.cpp:12] createEmptyPacket(): [LoRaMesher] Packet created with 17 bytes
19:39:53.852 > [133405][I][LoraMesher.cpp:392] receivingRoutine(): [LoRaMesher] Receiving LoRa packet: Size: 17 bytes RSSI: -15 SNR: 12
19:39:53.863 > [133416][V][LoraMesher.cpp:647] processPackets(): [LoRaMesher] Size of Received Packets Queue: 1
19:39:53.872 > [133424][I][PacketQueueService.h:80] deleteQueuePacketAndPacket(): [LoRaMesher] Deleting packet
19:39:53.880 > [133433][I][PacketQueueService.h:83] deleteQueuePacketAndPacket(): [LoRaMesher] Deleting packet queue
19:39:53.889 > [133442][V][LoraMesher.cpp:658] processPackets(): [LoRaMesher] TESTING: Packet not for me, deleting it
19:39:53.898 > [133451][V][LoraMesher.cpp:641] processPackets(): [LoRaMesher] Stack space unused after entering the task: 2184
19:39:53.908 > [133461][V][LoraMesher.cpp:642] processPackets(): [LoRaMesher] Free heap: 336168
19:40:14.388 > [153940][V][LoraMesher.cpp:378] receivingRoutine(): [LoRaMesher] Stack space unused after entering the task: 2112
19:40:14.398 > [153950][V][LoraMesher.cpp:379] receivingRoutine(): [LoRaMesher] Free heap: 336168
19:40:14.407 > [153958][I][PacketService.cpp:12] createEmptyPacket(): [LoRaMesher] Packet created with 17 bytes
19:40:14.415 > [153966][I][LoraMesher.cpp:392] receivingRoutine(): [LoRaMesher] Receiving LoRa packet: Size: 17 bytes RSSI: -15 SNR: 13
19:40:14.426 > [153978][V][LoraMesher.cpp:647] processPackets(): [LoRaMesher] Size of Received Packets Queue: 1
19:40:14.434 > [153986][I][PacketQueueService.h:80] deleteQueuePacketAndPacket(): [LoRaMesher] Deleting packet
19:40:14.443 > [153995][I][PacketQueueService.h:83] deleteQueuePacketAndPacket(): [LoRaMesher] Deleting packet queue
19:40:14.452 > [154004][V][LoraMesher.cpp:658] processPackets(): [LoRaMesher] TESTING: Packet not for me, deleting it
19:40:14.462 > [154013][V][LoraMesher.cpp:641] processPackets(): [LoRaMesher] Stack space unused after entering the task: 2184
19:40:14.471 > [154023][V][LoraMesher.cpp:642] processPackets(): [LoRaMesher] Free heap: 336168
19:40:34.548 > [174099][V][LoraMesher.cpp:378] receivingRoutine(): [LoRaMesher] Stack space unused after entering the task: 2112
19:40:34.558 > [174109][V][LoraMesher.cpp:379] receivingRoutine(): [LoRaMesher] Free heap: 336168
19:40:34.565 > [174117][I][PacketService.cpp:12] createEmptyPacket(): [LoRaMesher] Packet created with 17 bytes
19:40:34.574 > [174125][I][LoraMesher.cpp:392] receivingRoutine(): [LoRaMesher] Receiving LoRa packet: Size: 17 bytes RSSI: -15 SNR: 13
19:40:34.586 > [174136][V][LoraMesher.cpp:647] processPackets(): [LoRaMesher] Size of Received Packets Queue: 1
19:40:34.594 > [174145][I][PacketQueueService.h:80] deleteQueuePacketAndPacket(): [LoRaMesher] Deleting packet
19:40:34.603 > [174154][I][PacketQueueService.h:83] deleteQueuePacketAndPacket(): [LoRaMesher] Deleting packet queue
19:40:34.613 > [174163][V][LoraMesher.cpp:658] processPackets(): [LoRaMesher] TESTING: Packet not for me, deleting it
19:40:34.621 > [174172][V][LoraMesher.cpp:641] processPackets(): [LoRaMesher] Stack space unused after entering the task: 2184
19:40:34.631 > [174182][V][LoraMesher.cpp:642] processPackets(): [LoRaMesher] Free heap: 336168
19:40:54.014 > [193565][V][LoraMesher.cpp:378] receivingRoutine(): [LoRaMesher] Stack space unused after entering the task: 2112
19:40:54.025 > [193575][V][LoraMesher.cpp:379] receivingRoutine(): [LoRaMesher] Free heap: 336168
19:40:54.034 > [193582][I][PacketService.cpp:12] createEmptyPacket(): [LoRaMesher] Packet created with 17 bytes
19:40:54.041 > [193591][I][LoraMesher.cpp:392] receivingRoutine(): [LoRaMesher] Receiving LoRa packet: Size: 17 bytes RSSI: -15 SNR: 12
19:40:54.052 > [193602][V][LoraMesher.cpp:647] processPackets(): [LoRaMesher] Size of Received Packets Queue: 1
19:40:54.061 > [193611][I][PacketQueueService.h:80] deleteQueuePacketAndPacket(): [LoRaMesher] Deleting packet
19:40:54.069 > [193620][I][PacketQueueService.h:83] deleteQueuePacketAndPacket(): [LoRaMesher] Deleting packet queue
19:40:54.078 > [193629][V][LoraMesher.cpp:658] processPackets(): [LoRaMesher] TESTING: Packet not for me, deleting it
19:40:54.087 > [193638][V][LoraMesher.cpp:641] processPackets(): [LoRaMesher] Stack space unused after entering the task: 2136
19:40:54.098 > [193648][V][LoraMesher.cpp:642] processPackets(): [LoRaMesher] Free heap: 336168
19:41:14.206 > [213756][V][LoraMesher.cpp:378] receivingRoutine(): [LoRaMesher] Stack space unused after entering the task: 2112
19:41:14.216 > [213766][V][LoraMesher.cpp:379] receivingRoutine(): [LoRaMesher] Free heap: 336168
19:41:14.224 > [213773][I][PacketService.cpp:12] createEmptyPacket(): [LoRaMesher] Packet created with 17 bytes
19:41:14.232 > [213782][I][LoraMesher.cpp:392] receivingRoutine(): [LoRaMesher] Receiving LoRa packet: Size: 17 bytes RSSI: -16 SNR: 12
19:41:14.244 > [213793][V][LoraMesher.cpp:647] processPackets(): [LoRaMesher] Size of Received Packets Queue: 1
19:41:14.252 > [213802][I][PacketQueueService.h:80] deleteQueuePacketAndPacket(): [LoRaMesher] Deleting packet
19:41:14.261 > [213810][I][PacketQueueService.h:83] deleteQueuePacketAndPacket(): [LoRaMesher] Deleting packet queue
19:41:14.270 > [213819][V][LoraMesher.cpp:658] processPackets(): [LoRaMesher] TESTING: Packet not for me, deleting it
19:41:14.279 > [213829][V][LoraMesher.cpp:641] processPackets(): [LoRaMesher] Stack space unused after entering the task: 2136
19:41:14.289 > [213839][V][LoraMesher.cpp:642] processPackets(): [LoRaMesher] Free heap: 336168
19:41:15.192 > [214742][V][LoraMesher.cpp:378] receivingRoutine(): [LoRaMesher] Stack space unused after entering the task: 2112
19:41:15.203 > [214752][V][LoraMesher.cpp:379] receivingRoutine(): [LoRaMesher] Free heap: 336168
19:41:15.210 > [214760][I][PacketService.cpp:12] createEmptyPacket(): [LoRaMesher] Packet created with 12 bytes
19:41:15.219 > [214769][I][LoraMesher.cpp:392] receivingRoutine(): [LoRaMesher] Receiving LoRa packet: Size: 12 bytes RSSI: -16 SNR: 12
19:41:15.230 > [214780][V][LoraMesher.cpp:647] processPackets(): [LoRaMesher] Size of Received Packets Queue: 1
19:41:15.239 > [214788][I][PacketQueueService.h:80] deleteQueuePacketAndPacket(): [LoRaMesher] Deleting packet
19:41:15.247 > [214797][I][PacketQueueService.h:83] deleteQueuePacketAndPacket(): [LoRaMesher] Deleting packet queue
19:41:15.256 > [214806][V][LoraMesher.cpp:658] processPackets(): [LoRaMesher] TESTING: Packet not for me, deleting it
19:41:15.265 > [214815][V][LoraMesher.cpp:641] processPackets(): [LoRaMesher] Stack space unused after entering the task: 2136
19:41:15.275 > [214825][V][LoraMesher.cpp:642] processPackets(): [LoRaMesher] Free heap: 336168
19:41:34.417 > [233967][V][LoraMesher.cpp:378] receivingRoutine(): [LoRaMesher] Stack space unused after entering the task: 2112
19:41:34.427 > [233977][V][LoraMesher.cpp:379] receivingRoutine(): [LoRaMesher] Free heap: 336168
19:41:34.434 > [233984][I][PacketService.cpp:12] createEmptyPacket(): [LoRaMesher] Packet created with 17 bytes
19:41:34.443 > [233993][I][LoraMesher.cpp:392] receivingRoutine(): [LoRaMesher] Receiving LoRa packet: Size: 17 bytes RSSI: -16 SNR: 13
19:41:34.455 > [234004][V][LoraMesher.cpp:647] processPackets(): [LoRaMesher] Size of Received Packets Queue: 1
19:41:34.463 > [234013][I][PacketQueueService.h:80] deleteQueuePacketAndPacket(): [LoRaMesher] Deleting packet
19:41:34.471 > [234021][I][PacketQueueService.h:83] deleteQueuePacketAndPacket(): [LoRaMesher] Deleting packet queue
19:41:34.480 > [234030][V][LoraMesher.cpp:658] processPackets(): [LoRaMesher] TESTING: Packet not for me, deleting it
19:41:34.490 > [234039][V][LoraMesher.cpp:641] processPackets(): [LoRaMesher] Stack space unused after entering the task: 2136
19:41:34.499 > [234049][V][LoraMesher.cpp:642] processPackets(): [LoRaMesher] Free heap: 336168
19:41:48.469 > [248020][V][LoraMesher.cpp:598] sendHelloPacket(): [LoRaMesher] Creating Routing Packet
19:41:48.486 > [248027][V][LoraMesher.cpp:599] sendHelloPacket(): [LoRaMesher] Stack space unused after entering the task: 2328
19:41:48.487 > [248037][V][LoraMesher.cpp:600] sendHelloPacket(): [LoRaMesher] Free heap: 336168
19:41:48.494 > [248045][V][PacketFactory.h:45] createPacket(): [LoRaMesher] Creating packet with 8 bytes
19:41:48.502 > [248053][I][PacketFactory.h:74] createPacket(): [LoRaMesher] Packet created with 8 bytes
19:41:48.511 > [248061][I][LoraMesher.h:659] setPackedForSend(): [LoRaMesher] Adding packet to Q_SP
19:41:48.519 > [248068][I][LoraMesher.h:661] setPackedForSend(): [LoRaMesher] Created packet to Q_SP
19:41:48.525 > [248076][I][LoraMesher.cpp:1061] addToSendOrderedAndNotify(): [LoRaMesher] Added packet to Q_SP, notifying sender task
19:41:48.536 > [248086][V][LoraMesher.cpp:511] sendPackets(): [LoRaMesher] Stack space unused after entering the task: 2260
19:41:48.546 > [248096][V][LoraMesher.cpp:512] sendPackets(): [LoRaMesher] Free heap: 336084
19:41:48.553 > [248103][V][LoraMesher.cpp:518] sendPackets(): [LoRaMesher] Size of Send Packets Queue: 1
19:41:48.562 > [248111][V][LoraMesher.cpp:525] sendPackets(): [LoRaMesher] Send n. 2
19:41:48.567 > [248117][V][LoraMesher.cpp:754] printHeaderPacket(): [LoRaMesher] Packet send -- Size: 8 Src: D110 Dst: FFFF Id: 3 Type: 4 Via: 0 Seq_Id: 0 Num: 0
19:41:48.635 > [248185][V][LoraMesher.cpp:575] sendPackets(): [LoRaMesher] TimeOnAir 42 ms, next message in 0 ms
19:41:48.644 > [248194][I][PacketQueueService.h:80] deleteQueuePacketAndPacket(): [LoRaMesher] Deleting packet
19:41:48.652 > [248202][I][PacketQueueService.h:83] deleteQueuePacketAndPacket(): [LoRaMesher] Deleting packet queue
19:41:49.186 > [248736][V][LoraMesher.cpp:378] receivingRoutine(): [LoRaMesher] Stack space unused after entering the task: 2112
19:41:49.196 > [248746][V][LoraMesher.cpp:379] receivingRoutine(): [LoRaMesher] Free heap: 336168
19:41:49.203 > [248754][I][PacketService.cpp:12] createEmptyPacket(): [LoRaMesher] Packet created with 16 bytes
19:41:49.213 > [248762][I][LoraMesher.cpp:392] receivingRoutine(): [LoRaMesher] Receiving LoRa packet: Size: 16 bytes RSSI: -36 SNR: 3
19:41:49.223 > [248773][W][LoraMesher.cpp:403] receivingRoutine(): [LoRaMesher] Reading packet data gave error: -7
19:41:54.598 > [254149][V][LoraMesher.cpp:378] receivingRoutine(): [LoRaMesher] Stack space unused after entering the task: 2112
19:41:54.609 > [254159][V][LoraMesher.cpp:379] receivingRoutine(): [LoRaMesher] Free heap: 336168
19:41:54.617 > [254166][I][PacketService.cpp:12] createEmptyPacket(): [LoRaMesher] Packet created with 17 bytes
19:41:54.625 > [254175][I][LoraMesher.cpp:392] receivingRoutine(): [LoRaMesher] Receiving LoRa packet: Size: 17 bytes RSSI: -16 SNR: 13
19:41:54.637 > [254186][V][LoraMesher.cpp:647] processPackets(): [LoRaMesher] Size of Received Packets Queue: 1
19:41:54.644 > [254195][I][PacketQueueService.h:80] deleteQueuePacketAndPacket(): [LoRaMesher] Deleting packet
19:41:54.654 > [254203][I][PacketQueueService.h:83] deleteQueuePacketAndPacket(): [LoRaMesher] Deleting packet queue
19:41:54.662 > [254212][V][LoraMesher.cpp:658] processPackets(): [LoRaMesher] TESTING: Packet not for me, deleting it
19:41:54.671 > [254221][V][LoraMesher.cpp:641] processPackets(): [LoRaMesher] Stack space unused after entering the task: 2136
19:41:54.681 > [254231][V][LoraMesher.cpp:642] processPackets(): [LoRaMesher] Free heap: 336168
19:42:14.450 > [274000][V][LoraMesher.cpp:378] receivingRoutine(): [LoRaMesher] Stack space unused after entering the task: 2112
19:42:14.460 > [274011][V][LoraMesher.cpp:379] receivingRoutine(): [LoRaMesher] Free heap: 336168
19:42:14.468 > [274018][I][PacketService.cpp:12] createEmptyPacket(): [LoRaMesher] Packet created with 17 bytes
19:42:14.476 > [274027][I][LoraMesher.cpp:392] receivingRoutine(): [LoRaMesher] Receiving LoRa packet: Size: 17 bytes RSSI: -19 SNR: 13
19:42:14.487 > [274038][V][LoraMesher.cpp:647] processPackets(): [LoRaMesher] Size of Received Packets Queue: 1
19:42:14.496 > [274047][I][PacketQueueService.h:80] deleteQueuePacketAndPacket(): [LoRaMesher] Deleting packet
19:42:14.505 > [274055][I][PacketQueueService.h:83] deleteQueuePacketAndPacket(): [LoRaMesher] Deleting packet queue
19:42:14.514 > [274064][V][LoraMesher.cpp:658] processPackets(): [LoRaMesher] TESTING: Packet not for me, deleting it
19:42:14.523 > [274073][V][LoraMesher.cpp:641] processPackets(): [LoRaMesher] Stack space unused after entering the task: 2136
19:42:14.533 > [274083][V][LoraMesher.cpp:642] processPackets(): [LoRaMesher] Free heap: 336168
19:42:34.689 > [294240][V][LoraMesher.cpp:378] receivingRoutine(): [LoRaMesher] Stack space unused after entering the task: 2112
19:42:34.700 > [294251][V][LoraMesher.cpp:379] receivingRoutine(): [LoRaMesher] Free heap: 336168
19:42:34.707 > [294258][I][PacketService.cpp:12] createEmptyPacket(): [LoRaMesher] Packet created with 17 bytes
19:42:34.716 > [294267][I][LoraMesher.cpp:392] receivingRoutine(): [LoRaMesher] Receiving LoRa packet: Size: 17 bytes RSSI: -20 SNR: 13
19:42:34.727 > [294278][V][LoraMesher.cpp:647] processPackets(): [LoRaMesher] Size of Received Packets Queue: 1
19:42:34.736 > [294287][I][PacketQueueService.h:80] deleteQueuePacketAndPacket(): [LoRaMesher] Deleting packet
19:42:34.744 > [294295][I][PacketQueueService.h:83] deleteQueuePacketAndPacket(): [LoRaMesher] Deleting packet queue
19:42:34.753 > [294304][V][LoraMesher.cpp:658] processPackets(): [LoRaMesher] TESTING: Packet not for me, deleting it
19:42:34.762 > [294313][V][LoraMesher.cpp:641] processPackets(): [LoRaMesher] Stack space unused after entering the task: 2136
19:42:34.772 > [294323][V][LoraMesher.cpp:642] processPackets(): [LoRaMesher] Free heap: 336168
19:42:54.564 > [314116][V][LoraMesher.cpp:378] receivingRoutine(): [LoRaMesher] Stack space unused after entering the task: 2080
19:42:54.575 > [314126][V][LoraMesher.cpp:379] receivingRoutine(): [LoRaMesher] Free heap: 336168
19:42:54.583 > [314134][I][PacketService.cpp:12] createEmptyPacket(): [LoRaMesher] Packet created with 17 bytes
19:42:54.592 > [314143][I][LoraMesher.cpp:392] receivingRoutine(): [LoRaMesher] Receiving LoRa packet: Size: 17 bytes RSSI: -15 SNR: 13
19:42:54.603 > [314154][V][LoraMesher.cpp:647] processPackets(): [LoRaMesher] Size of Received Packets Queue: 1
19:42:54.611 > [314162][I][PacketQueueService.h:80] deleteQueuePacketAndPacket(): [LoRaMesher] Deleting packet
19:42:54.620 > [314171][I][PacketQueueService.h:83] deleteQueuePacketAndPacket(): [LoRaMesher] Deleting packet queue
19:42:54.629 > [314180][V][LoraMesher.cpp:658] processPackets(): [LoRaMesher] TESTING: Packet not for me, deleting it
19:42:54.638 > [314189][V][LoraMesher.cpp:641] processPackets(): [LoRaMesher] Stack space unused after entering the task: 2136
19:42:54.648 > [314199][V][LoraMesher.cpp:642] processPackets(): [LoRaMesher] Free heap: 336168
19:43:14.287 > [333840][V][LoraMesher.cpp:378] receivingRoutine(): [LoRaMesher] Stack space unused after entering the task: 2080
19:43:14.297 > [333850][V][LoraMesher.cpp:379] receivingRoutine(): [LoRaMesher] Free heap: 336168
19:43:14.305 > [333857][I][PacketService.cpp:12] createEmptyPacket(): [LoRaMesher] Packet created with 12 bytes
19:43:14.314 > [333866][I][LoraMesher.cpp:392] receivingRoutine(): [LoRaMesher] Receiving LoRa packet: Size: 12 bytes RSSI: -15 SNR: 12
19:43:14.325 > [333877][V][LoraMesher.cpp:647] processPackets(): [LoRaMesher] Size of Received Packets Queue: 1
19:43:14.333 > [333886][I][PacketQueueService.h:80] deleteQueuePacketAndPacket(): [LoRaMesher] Deleting packet
19:43:14.342 > [333894][I][PacketQueueService.h:83] deleteQueuePacketAndPacket(): [LoRaMesher] Deleting packet queue
19:43:14.351 > [333903][V][LoraMesher.cpp:658] processPackets(): [LoRaMesher] TESTING: Packet not for me, deleting it
19:43:14.360 > [333912][V][LoraMesher.cpp:641] processPackets(): [LoRaMesher] Stack space unused after entering the task: 2136
19:43:14.370 > [333922][V][LoraMesher.cpp:642] processPackets(): [LoRaMesher] Free heap: 336168
19:43:15.333 > [334885][V][LoraMesher.cpp:378] receivingRoutine(): [LoRaMesher] Stack space unused after entering the task: 2080
19:43:15.344 > [334895][V][LoraMesher.cpp:379] receivingRoutine(): [LoRaMesher] Free heap: 336168
19:43:15.350 > [334903][I][PacketService.cpp:12] createEmptyPacket(): [LoRaMesher] Packet created with 17 bytes
19:43:15.359 > [334912][I][LoraMesher.cpp:392] receivingRoutine(): [LoRaMesher] Receiving LoRa packet: Size: 17 bytes RSSI: -14 SNR: 14
19:43:15.370 > [334923][V][LoraMesher.cpp:647] processPackets(): [LoRaMesher] Size of Received Packets Queue: 1
19:43:15.379 > [334931][I][PacketQueueService.h:80] deleteQueuePacketAndPacket(): [LoRaMesher] Deleting packet
19:43:15.387 > [334940][I][PacketQueueService.h:83] deleteQueuePacketAndPacket(): [LoRaMesher] Deleting packet queue
19:43:15.396 > [334949][V][LoraMesher.cpp:658] processPackets(): [LoRaMesher] TESTING: Packet not for me, deleting it
19:43:15.406 > [334958][V][LoraMesher.cpp:641] processPackets(): [LoRaMesher] Stack space unused after entering the task: 2136
19:43:15.415 > [334968][V][LoraMesher.cpp:642] processPackets(): [LoRaMesher] Free heap: 336168
19:43:34.952 > [354505][V][LoraMesher.cpp:378] receivingRoutine(): [LoRaMesher] Stack space unused after entering the task: 2080
19:43:34.962 > [354515][V][LoraMesher.cpp:379] receivingRoutine(): [LoRaMesher] Free heap: 336168
19:43:34.970 > [354523][I][PacketService.cpp:12] createEmptyPacket(): [LoRaMesher] Packet created with 17 bytes
19:43:34.979 > [354532][I][LoraMesher.cpp:392] receivingRoutine(): [LoRaMesher] Receiving LoRa packet: Size: 17 bytes RSSI: -16 SNR: 12
19:43:34.990 > [354543][V][LoraMesher.cpp:647] processPackets(): [LoRaMesher] Size of Received Packets Queue: 1
19:43:34.998 > [354551][I][PacketQueueService.h:80] deleteQueuePacketAndPacket(): [LoRaMesher] Deleting packet
19:43:35.007 > [354560][I][PacketQueueService.h:83] deleteQueuePacketAndPacket(): [LoRaMesher] Deleting packet queue
19:43:35.016 > [354569][V][LoraMesher.cpp:658] processPackets(): [LoRaMesher] TESTING: Packet not for me, deleting it
19:43:35.025 > [354578][V][LoraMesher.cpp:641] processPackets(): [LoRaMesher] Stack space unused after entering the task: 2136
19:43:35.035 > [354588][V][LoraMesher.cpp:642] processPackets(): [LoRaMesher] Free heap: 336168
19:43:48.532 > [368087][V][LoraMesher.cpp:598] sendHelloPacket(): [LoRaMesher] Creating Routing Packet
19:43:48.540 > [368094][V][LoraMesher.cpp:599] sendHelloPacket(): [LoRaMesher] Stack space unused after entering the task: 2328
19:43:48.551 > [368104][V][LoraMesher.cpp:600] sendHelloPacket(): [LoRaMesher] Free heap: 336168
19:43:48.558 > [368112][V][PacketFactory.h:45] createPacket(): [LoRaMesher] Creating packet with 8 bytes
19:43:48.568 > [368120][I][PacketFactory.h:74] createPacket(): [LoRaMesher] Packet created with 8 bytes
19:43:48.574 > [368128][I][LoraMesher.h:659] setPackedForSend(): [LoRaMesher] Adding packet to Q_SP
19:43:48.581 > [368135][I][LoraMesher.h:661] setPackedForSend(): [LoRaMesher] Created packet to Q_SP
19:43:48.589 > [368143][I][LoraMesher.cpp:1061] addToSendOrderedAndNotify(): [LoRaMesher] Added packet to Q_SP, notifying sender task
19:43:48.599 > [368153][V][LoraMesher.cpp:511] sendPackets(): [LoRaMesher] Stack space unused after entering the task: 2260
19:43:48.609 > [368163][V][LoraMesher.cpp:512] sendPackets(): [LoRaMesher] Free heap: 336084
19:43:48.616 > [368170][V][LoraMesher.cpp:518] sendPackets(): [LoRaMesher] Size of Send Packets Queue: 1
19:43:48.624 > [368178][V][LoraMesher.cpp:525] sendPackets(): [LoRaMesher] Send n. 3
19:43:48.630 > [368184][V][LoraMesher.cpp:754] printHeaderPacket(): [LoRaMesher] Packet send -- Size: 8 Src: D110 Dst: FFFF Id: 4 Type: 4 Via: 0 Seq_Id: 0 Num: 0
19:43:48.698 > [368252][V][LoraMesher.cpp:575] sendPackets(): [LoRaMesher] TimeOnAir 42 ms, next message in 0 ms
19:43:48.707 > [368261][I][PacketQueueService.h:80] deleteQueuePacketAndPacket(): [LoRaMesher] Deleting packet
19:43:48.715 > [368269][I][PacketQueueService.h:83] deleteQueuePacketAndPacket(): [LoRaMesher] Deleting packet queue
19:43:49.080 > [368634][V][LoraMesher.cpp:378] receivingRoutine(): [LoRaMesher] Stack space unused after entering the task: 2080
19:43:49.091 > [368645][V][LoraMesher.cpp:379] receivingRoutine(): [LoRaMesher] Free heap: 336168
19:43:49.098 > [368652][I][PacketService.cpp:12] createEmptyPacket(): [LoRaMesher] Packet created with 12 bytes
19:43:49.107 > [368661][I][LoraMesher.cpp:392] receivingRoutine(): [LoRaMesher] Receiving LoRa packet: Size: 12 bytes RSSI: -20 SNR: 13
19:43:49.118 > [368672][V][LoraMesher.cpp:647] processPackets(): [LoRaMesher] Size of Received Packets Queue: 1
19:43:49.127 > [368681][I][PacketQueueService.h:80] deleteQueuePacketAndPacket(): [LoRaMesher] Deleting packet
19:43:49.135 > [368689][I][PacketQueueService.h:83] deleteQueuePacketAndPacket(): [LoRaMesher] Deleting packet queue
19:43:49.144 > [368698][V][LoraMesher.cpp:658] processPackets(): [LoRaMesher] TESTING: Packet not for me, deleting it
19:43:49.153 > [368707][V][LoraMesher.cpp:641] processPackets(): [LoRaMesher] Stack space unused after entering the task: 2136
19:43:49.163 > [368717][V][LoraMesher.cpp:642] processPackets(): [LoRaMesher] Free heap: 336168
19:43:49.899 > [369454][V][LoraMesher.cpp:378] receivingRoutine(): [LoRaMesher] Stack space unused after entering the task: 2080
19:43:49.910 > [369464][V][LoraMesher.cpp:379] receivingRoutine(): [LoRaMesher] Free heap: 336168
19:43:49.917 > [369471][I][PacketService.cpp:12] createEmptyPacket(): [LoRaMesher] Packet created with 20 bytes
19:43:49.926 > [369480][I][LoraMesher.cpp:392] receivingRoutine(): [LoRaMesher] Receiving LoRa packet: Size: 20 bytes RSSI: -79 SNR: 0
19:43:49.937 > [369491][V][LoraMesher.cpp:647] processPackets(): [LoRaMesher] Size of Received Packets Queue: 1
19:43:49.946 > [369500][I][PacketQueueService.h:80] deleteQueuePacketAndPacket(): [LoRaMesher] Deleting packet
19:43:49.954 > [369508][I][PacketQueueService.h:83] deleteQueuePacketAndPacket(): [LoRaMesher] Deleting packet queue
19:43:49.963 > [369517][V][LoraMesher.cpp:658] processPackets(): [LoRaMesher] TESTING: Packet not for me, deleting it
19:43:49.972 > [369526][V][LoraMesher.cpp:641] processPackets(): [LoRaMesher] Stack space unused after entering the task: 2136
19:43:49.982 > [369536][V][LoraMesher.cpp:642] processPackets(): [LoRaMesher] Free heap: 336168
19:43:55.252 > [374806][V][LoraMesher.cpp:378] receivingRoutine(): [LoRaMesher] Stack space unused after entering the task: 2080
19:43:55.262 > [374816][V][LoraMesher.cpp:379] receivingRoutine(): [LoRaMesher] Free heap: 336168
19:43:55.270 > [374824][I][PacketService.cpp:12] createEmptyPacket(): [LoRaMesher] Packet created with 17 bytes
19:43:55.278 > [374832][I][LoraMesher.cpp:392] receivingRoutine(): [LoRaMesher] Receiving LoRa packet: Size: 17 bytes RSSI: -16 SNR: 13
19:43:55.289 > [374844][V][LoraMesher.cpp:647] processPackets(): [LoRaMesher] Size of Received Packets Queue: 1
19:43:55.298 > [374852][I][PacketQueueService.h:80] deleteQueuePacketAndPacket(): [LoRaMesher] Deleting packet
19:43:55.307 > [374861][I][PacketQueueService.h:83] deleteQueuePacketAndPacket(): [LoRaMesher] Deleting packet queue
19:43:55.316 > [374870][V][LoraMesher.cpp:658] processPackets(): [LoRaMesher] TESTING: Packet not for me, deleting it
19:43:55.325 > [374879][V][LoraMesher.cpp:641] processPackets(): [LoRaMesher] Stack space unused after entering the task: 2136
19:43:55.335 > [374889][V][LoraMesher.cpp:642] processPackets(): [LoRaMesher] Free heap: 336168
19:44:15.230 > [394786][V][LoraMesher.cpp:378] receivingRoutine(): [LoRaMesher] Stack space unused after entering the task: 2080
19:44:15.241 > [394796][V][LoraMesher.cpp:379] receivingRoutine(): [LoRaMesher] Free heap: 336168
19:44:15.248 > [394804][I][PacketService.cpp:12] createEmptyPacket(): [LoRaMesher] Packet created with 17 bytes
19:44:15.257 > [394812][I][LoraMesher.cpp:392] receivingRoutine(): [LoRaMesher] Receiving LoRa packet: Size: 17 bytes RSSI: -16 SNR: 12
19:44:15.268 > [394823][V][LoraMesher.cpp:647] processPackets(): [LoRaMesher] Size of Received Packets Queue: 1
19:44:15.277 > [394832][I][PacketQueueService.h:80] deleteQueuePacketAndPacket(): [LoRaMesher] Deleting packet
19:44:15.285 > [394841][I][PacketQueueService.h:83] deleteQueuePacketAndPacket(): [LoRaMesher] Deleting packet queue
19:44:15.294 > [394850][V][LoraMesher.cpp:658] processPackets(): [LoRaMesher] TESTING: Packet not for me, deleting it
19:44:15.303 > [394859][V][LoraMesher.cpp:641] processPackets(): [LoRaMesher] Stack space unused after entering the task: 2136
19:44:15.314 > [394869][V][LoraMesher.cpp:642] processPackets(): [LoRaMesher] Free heap: 336168
19:44:35.112 > [414669][V][LoraMesher.cpp:378] receivingRoutine(): [LoRaMesher] Stack space unused after entering the task: 2080
19:44:35.123 > [414679][V][LoraMesher.cpp:379] receivingRoutine(): [LoRaMesher] Free heap: 336168
19:44:35.130 > [414686][I][PacketService.cpp:12] createEmptyPacket(): [LoRaMesher] Packet created with 17 bytes
19:44:35.139 > [414695][I][LoraMesher.cpp:392] receivingRoutine(): [LoRaMesher] Receiving LoRa packet: Size: 17 bytes RSSI: -15 SNR: 12
19:44:35.150 > [414706][V][LoraMesher.cpp:647] processPackets(): [LoRaMesher] Size of Received Packets Queue: 1
19:44:35.159 > [414715][I][PacketQueueService.h:80] deleteQueuePacketAndPacket(): [LoRaMesher] Deleting packet
19:44:35.168 > [414724][I][PacketQueueService.h:83] deleteQueuePacketAndPacket(): [LoRaMesher] Deleting packet queue
19:44:35.177 > [414733][V][LoraMesher.cpp:658] processPackets(): [LoRaMesher] TESTING: Packet not for me, deleting it
19:44:35.185 > [414742][V][LoraMesher.cpp:641] processPackets(): [LoRaMesher] Stack space unused after entering the task: 2136
19:44:35.195 > [414752][V][LoraMesher.cpp:642] processPackets(): [LoRaMesher] Free heap: 336168
19:44:55.293 > [434845][V][LoraMesher.cpp:378] receivingRoutine(): [LoRaMesher] Stack space unused after entering the task: 2080
19:44:55.303 > [434855][V][LoraMesher.cpp:379] receivingRoutine(): [LoRaMesher] Free heap: 336168
19:44:55.310 > [434862][I][PacketService.cpp:12] createEmptyPacket(): [LoRaMesher] Packet created with 17 bytes
19:44:55.320 > [434871][I][LoraMesher.cpp:392] receivingRoutine(): [LoRaMesher] Receiving LoRa packet: Size: 17 bytes RSSI: -14 SNR: 13
19:44:55.330 > [434882][V][LoraMesher.cpp:647] processPackets(): [LoRaMesher] Size of Received Packets Queue: 1
19:44:55.339 > [434891][I][PacketQueueService.h:80] deleteQueuePacketAndPacket(): [LoRaMesher] Deleting packet
19:44:55.347 > [434899][I][PacketQueueService.h:83] deleteQueuePacketAndPacket(): [LoRaMesher] Deleting packet queue
19:44:55.356 > [434908][V][LoraMesher.cpp:658] processPackets(): [LoRaMesher] TESTING: Packet not for me, deleting it
19:44:55.366 > [434918][V][LoraMesher.cpp:641] processPackets(): [LoRaMesher] Stack space unused after entering the task: 2136
19:44:55.376 > [434927][V][LoraMesher.cpp:642] processPackets(): [LoRaMesher] Free heap: 336168
19:45:14.366 > [453905][V][LoraMesher.cpp:378] receivingRoutine(): [LoRaMesher] Stack space unused after entering the task: 2080
19:45:14.376 > [453915][V][LoraMesher.cpp:379] receivingRoutine(): [LoRaMesher] Free heap: 336168
19:45:14.384 > [453923][I][PacketService.cpp:12] createEmptyPacket(): [LoRaMesher] Packet created with 12 bytes
19:45:14.392 > [453932][I][LoraMesher.cpp:392] receivingRoutine(): [LoRaMesher] Receiving LoRa packet: Size: 12 bytes RSSI: -17 SNR: 13
19:45:14.403 > [453943][V][LoraMesher.cpp:647] processPackets(): [LoRaMesher] Size of Received Packets Queue: 1
19:45:14.412 > [453951][I][PacketQueueService.h:80] deleteQueuePacketAndPacket(): [LoRaMesher] Deleting packet
19:45:14.421 > [453960][I][PacketQueueService.h:83] deleteQueuePacketAndPacket(): [LoRaMesher] Deleting packet queue
19:45:14.429 > [453969][V][LoraMesher.cpp:658] processPackets(): [LoRaMesher] TESTING: Packet not for me, deleting it
19:45:14.439 > [453978][V][LoraMesher.cpp:641] processPackets(): [LoRaMesher] Stack space unused after entering the task: 2136
19:45:14.449 > [453988][V][LoraMesher.cpp:642] processPackets(): [LoRaMesher] Free heap: 336168
19:45:15.920 > [455459][V][LoraMesher.cpp:378] receivingRoutine(): [LoRaMesher] Stack space unused after entering the task: 2080
19:45:15.931 > [455469][V][LoraMesher.cpp:379] receivingRoutine(): [LoRaMesher] Free heap: 336168
19:45:15.938 > [455476][I][PacketService.cpp:12] createEmptyPacket(): [LoRaMesher] Packet created with 17 bytes
19:45:15.947 > [455485][I][LoraMesher.cpp:392] receivingRoutine(): [LoRaMesher] Receiving LoRa packet: Size: 17 bytes RSSI: -17 SNR: 13
19:45:15.958 > [455496][V][LoraMesher.cpp:647] processPackets(): [LoRaMesher] Size of Received Packets Queue: 1
19:45:15.967 > [455505][I][PacketQueueService.h:80] deleteQueuePacketAndPacket(): [LoRaMesher] Deleting packet
19:45:15.975 > [455513][I][PacketQueueService.h:83] deleteQueuePacketAndPacket(): [LoRaMesher] Deleting packet queue
19:45:15.984 > [455522][V][LoraMesher.cpp:658] processPackets(): [LoRaMesher] TESTING: Packet not for me, deleting it
19:45:15.993 > [455531][V][LoraMesher.cpp:641] processPackets(): [LoRaMesher] Stack space unused after entering the task: 2136
19:45:16.003 > [455541][V][LoraMesher.cpp:642] processPackets(): [LoRaMesher] Free heap: 336168
19:45:35.576 > [475104][V][LoraMesher.cpp:378] receivingRoutine(): [LoRaMesher] Stack space unused after entering the task: 2080
19:45:35.586 > [475114][V][LoraMesher.cpp:379] receivingRoutine(): [LoRaMesher] Free heap: 336168
19:45:35.594 > [475121][I][PacketService.cpp:12] createEmptyPacket(): [LoRaMesher] Packet created with 17 bytes
19:45:35.602 > [475130][I][LoraMesher.cpp:392] receivingRoutine(): [LoRaMesher] Receiving LoRa packet: Size: 17 bytes RSSI: -17 SNR: 13
19:45:35.614 > [475141][V][LoraMesher.cpp:647] processPackets(): [LoRaMesher] Size of Received Packets Queue: 1
19:45:35.622 > [475150][I][PacketQueueService.h:80] deleteQueuePacketAndPacket(): [LoRaMesher] Deleting packet
19:45:35.631 > [475158][I][PacketQueueService.h:83] deleteQueuePacketAndPacket(): [LoRaMesher] Deleting packet queue
19:45:35.640 > [475167][V][LoraMesher.cpp:658] processPackets(): [LoRaMesher] TESTING: Packet not for me, deleting it
19:45:35.649 > [475176][V][LoraMesher.cpp:641] processPackets(): [LoRaMesher] Stack space unused after entering the task: 2136
19:45:35.659 > [475186][V][LoraMesher.cpp:642] processPackets(): [LoRaMesher] Free heap: 336168
19:45:48.632 > [488154][V][LoraMesher.cpp:598] sendHelloPacket(): [LoRaMesher] Creating Routing Packet
19:45:48.641 > [488161][V][LoraMesher.cpp:599] sendHelloPacket(): [LoRaMesher] Stack space unused after entering the task: 2328
19:45:48.651 > [488171][V][LoraMesher.cpp:600] sendHelloPacket(): [LoRaMesher] Free heap: 336168
19:45:48.658 > [488179][V][PacketFactory.h:45] createPacket(): [LoRaMesher] Creating packet with 8 bytes
19:45:48.666 > [488187][I][PacketFactory.h:74] createPacket(): [LoRaMesher] Packet created with 8 bytes
19:45:48.674 > [488195][I][LoraMesher.h:659] setPackedForSend(): [LoRaMesher] Adding packet to Q_SP
19:45:48.681 > [488202][I][LoraMesher.h:661] setPackedForSend(): [LoRaMesher] Created packet to Q_SP
19:45:48.689 > [488210][I][LoraMesher.cpp:1061] addToSendOrderedAndNotify(): [LoRaMesher] Added packet to Q_SP, notifying sender task
19:45:48.700 > [488220][V][LoraMesher.cpp:511] sendPackets(): [LoRaMesher] Stack space unused after entering the task: 2260
19:45:48.709 > [488230][V][LoraMesher.cpp:512] sendPackets(): [LoRaMesher] Free heap: 336084
19:45:48.716 > [488237][V][LoraMesher.cpp:518] sendPackets(): [LoRaMesher] Size of Send Packets Queue: 1
19:45:48.724 > [488245][V][LoraMesher.cpp:525] sendPackets(): [LoRaMesher] Send n. 4
19:45:48.730 > [488251][V][LoraMesher.cpp:754] printHeaderPacket(): [LoRaMesher] Packet send -- Size: 8 Src: D110 Dst: FFFF Id: 5 Type: 4 Via: 0 Seq_Id: 0 Num: 0
19:45:48.798 > [488319][V][LoraMesher.cpp:575] sendPackets(): [LoRaMesher] TimeOnAir 42 ms, next message in 0 ms
19:45:48.807 > [488328][I][PacketQueueService.h:80] deleteQueuePacketAndPacket(): [LoRaMesher] Deleting packet
19:45:48.816 > [488336][I][PacketQueueService.h:83] deleteQueuePacketAndPacket(): [LoRaMesher] Deleting packet queue
19:45:49.600 > [489122][V][LoraMesher.cpp:378] receivingRoutine(): [LoRaMesher] Stack space unused after entering the task: 2080
19:45:49.611 > [489132][V][LoraMesher.cpp:379] receivingRoutine(): [LoRaMesher] Free heap: 336168
19:45:49.618 > [489139][I][PacketService.cpp:12] createEmptyPacket(): [LoRaMesher] Packet created with 20 bytes
19:45:49.627 > [489148][I][LoraMesher.cpp:392] receivingRoutine(): [LoRaMesher] Receiving LoRa packet: Size: 20 bytes RSSI: -19 SNR: 13
19:45:49.638 > [489159][V][LoraMesher.cpp:647] processPackets(): [LoRaMesher] Size of Received Packets Queue: 1
19:45:49.647 > [489168][I][PacketQueueService.h:80] deleteQueuePacketAndPacket(): [LoRaMesher] Deleting packet
19:45:49.656 > [489176][I][PacketQueueService.h:83] deleteQueuePacketAndPacket(): [LoRaMesher] Deleting packet queue
19:45:49.665 > [489185][V][LoraMesher.cpp:658] processPackets(): [LoRaMesher] TESTING: Packet not for me, deleting it
19:45:49.674 > [489194][V][LoraMesher.cpp:641] processPackets(): [LoRaMesher] Stack space unused after entering the task: 2136
19:45:49.684 > [489204][V][LoraMesher.cpp:642] processPackets(): [LoRaMesher] Free heap: 336168
19:45:50.594 > [490115][V][LoraMesher.cpp:378] receivingRoutine(): [LoRaMesher] Stack space unused after entering the task: 2080
19:45:50.605 > [490125][V][LoraMesher.cpp:379] receivingRoutine(): [LoRaMesher] Free heap: 336168
19:45:50.612 > [490133][I][PacketService.cpp:12] createEmptyPacket(): [LoRaMesher] Packet created with 20 bytes
19:45:50.622 > [490141][I][LoraMesher.cpp:392] receivingRoutine(): [LoRaMesher] Receiving LoRa packet: Size: 20 bytes RSSI: -79 SNR: 2
19:45:50.632 > [490152][V][LoraMesher.cpp:647] processPackets(): [LoRaMesher] Size of Received Packets Queue: 1
19:45:50.641 > [490161][I][PacketQueueService.h:80] deleteQueuePacketAndPacket(): [LoRaMesher] Deleting packet
19:45:50.650 > [490169][I][PacketQueueService.h:83] deleteQueuePacketAndPacket(): [LoRaMesher] Deleting packet queue
19:45:50.659 > [490178][V][LoraMesher.cpp:658] processPackets(): [LoRaMesher] TESTING: Packet not for me, deleting it
19:45:50.668 > [490188][V][LoraMesher.cpp:641] processPackets(): [LoRaMesher] Stack space unused after entering the task: 2136
19:45:50.678 > [490198][V][LoraMesher.cpp:642] processPackets(): [LoRaMesher] Free heap: 336168
19:45:52.587 > [492107][V][LoraMesher.cpp:378] receivingRoutine(): [LoRaMesher] Stack space unused after entering the task: 2080
19:45:52.597 > [492117][V][LoraMesher.cpp:379] receivingRoutine(): [LoRaMesher] Free heap: 336168
19:45:52.605 > [492124][I][PacketService.cpp:12] createEmptyPacket(): [LoRaMesher] Packet created with 20 bytes
19:45:52.613 > [492133][I][LoraMesher.cpp:392] receivingRoutine(): [LoRaMesher] Receiving LoRa packet: Size: 20 bytes RSSI: -19 SNR: 13
19:45:52.624 > [492144][V][LoraMesher.cpp:647] processPackets(): [LoRaMesher] Size of Received Packets Queue: 1
19:45:52.634 > [492153][V][LoraMesher.cpp:754] printHeaderPacket(): [LoRaMesher] Packet received -- Size: 20 Src: F02C Dst: FFFF Id: 4 Type: 4 Via: 0 Seq_Id: 0 Num: 0
19:45:52.647 > [492166][I][RoutingTableService.cpp:77] processRoute(): [LoRaMesher] Route packet from F02C with size 3
19:45:52.657 > [492176][I][RoutingTableService.cpp:156] addNodeToRoutingTable(): [LoRaMesher] New route added: F02C via F02C metric 1, role 0
19:45:52.668 > [492187][I][RoutingTableService.cpp:99] resetReceiveSNRRoutePacket(): [LoRaMesher] Reset Receive SNR from F02C: 13
19:45:52.678 > [492197][I][RoutingTableService.cpp:156] addNodeToRoutingTable(): [LoRaMesher] New route added: AFC0 via F02C metric 2, role 0
19:45:52.689 > [492208][I][RoutingTableService.cpp:156] addNodeToRoutingTable(): [LoRaMesher] New route added: DE6C via F02C metric 3, role 0
19:45:52.701 > [492219][I][RoutingTableService.cpp:156] addNodeToRoutingTable(): [LoRaMesher] New route added: B3F0 via F02C metric 4, role 0
19:45:52.712 > [492231][I][RoutingTableService.cpp:192] printRoutingTable(): [LoRaMesher] Current routing table:
19:45:52.720 > [492239][I][RoutingTableService.cpp:206] printRoutingTable(): [LoRaMesher] 0 - F02C via F02C metric 1 Role 0
19:45:52.730 > [492249][I][RoutingTableService.cpp:206] printRoutingTable(): [LoRaMesher] 1 - AFC0 via F02C metric 2 Role 0
19:45:52.740 > [492259][I][RoutingTableService.cpp:206] printRoutingTable(): [LoRaMesher] 2 - DE6C via F02C metric 3 Role 0
19:45:52.748 > [492268][I][RoutingTableService.cpp:206] printRoutingTable(): [LoRaMesher] 3 - B3F0 via F02C metric 4 Role 0
19:45:52.758 > [492278][I][PacketQueueService.h:80] deleteQueuePacketAndPacket(): [LoRaMesher] Deleting packet
19:45:52.767 > [492286][I][PacketQueueService.h:83] deleteQueuePacketAndPacket(): [LoRaMesher] Deleting packet queue
19:45:52.776 > [492295][V][LoraMesher.cpp:641] processPackets(): [LoRaMesher] Stack space unused after entering the task: 2136
19:45:52.785 > [492305][V][LoraMesher.cpp:642] processPackets(): [LoRaMesher] Free heap: 335912
19:45:55.644 > [495163][V][LoraMesher.cpp:378] receivingRoutine(): [LoRaMesher] Stack space unused after entering the task: 2080
19:45:55.655 > [495173][V][LoraMesher.cpp:379] receivingRoutine(): [LoRaMesher] Free heap: 335912
19:45:55.662 > [495180][I][PacketService.cpp:12] createEmptyPacket(): [LoRaMesher] Packet created with 17 bytes
19:45:55.671 > [495189][I][LoraMesher.cpp:392] receivingRoutine(): [LoRaMesher] Receiving LoRa packet: Size: 17 bytes RSSI: -16 SNR: 13
19:45:55.682 > [495200][V][LoraMesher.cpp:647] processPackets(): [LoRaMesher] Size of Received Packets Queue: 1
19:45:55.691 > [495209][I][PacketQueueService.h:80] deleteQueuePacketAndPacket(): [LoRaMesher] Deleting packet
19:45:55.699 > [495217][I][PacketQueueService.h:83] deleteQueuePacketAndPacket(): [LoRaMesher] Deleting packet queue
19:45:55.708 > [495226][V][LoraMesher.cpp:658] processPackets(): [LoRaMesher] TESTING: Packet not for me, deleting it
19:45:55.718 > [495235][V][LoraMesher.cpp:641] processPackets(): [LoRaMesher] Stack space unused after entering the task: 2136
19:45:55.727 > [495245][V][LoraMesher.cpp:642] processPackets(): [LoRaMesher] Free heap: 335912
19:46:15.936 > [515446][V][LoraMesher.cpp:378] receivingRoutine(): [LoRaMesher] Stack space unused after entering the task: 2080
19:46:15.946 > [515457][V][LoraMesher.cpp:379] receivingRoutine(): [LoRaMesher] Free heap: 335912
19:46:15.954 > [515464][I][PacketService.cpp:12] createEmptyPacket(): [LoRaMesher] Packet created with 17 bytes
19:46:15.963 > [515473][I][LoraMesher.cpp:392] receivingRoutine(): [LoRaMesher] Receiving LoRa packet: Size: 17 bytes RSSI: -16 SNR: 13
19:46:15.974 > [515484][V][LoraMesher.cpp:647] processPackets(): [LoRaMesher] Size of Received Packets Queue: 1
19:46:15.982 > [515493][I][PacketQueueService.h:80] deleteQueuePacketAndPacket(): [LoRaMesher] Deleting packet
19:46:15.991 > [515501][I][PacketQueueService.h:83] deleteQueuePacketAndPacket(): [LoRaMesher] Deleting packet queue
19:46:16.001 > [515510][V][LoraMesher.cpp:658] processPackets(): [LoRaMesher] TESTING: Packet not for me, deleting it
19:46:16.009 > [515519][V][LoraMesher.cpp:641] processPackets(): [LoRaMesher] Stack space unused after entering the task: 2136
19:46:16.020 > [515529][V][LoraMesher.cpp:642] processPackets(): [LoRaMesher] Free heap: 335912
19:46:35.834 > [535337][V][LoraMesher.cpp:378] receivingRoutine(): [LoRaMesher] Stack space unused after entering the task: 2064
19:46:35.845 > [535347][V][LoraMesher.cpp:379] receivingRoutine(): [LoRaMesher] Free heap: 335912
19:46:35.853 > [535355][I][PacketService.cpp:12] createEmptyPacket(): [LoRaMesher] Packet created with 17 bytes
19:46:35.861 > [535364][I][LoraMesher.cpp:392] receivingRoutine(): [LoRaMesher] Receiving LoRa packet: Size: 17 bytes RSSI: -20 SNR: 14
19:46:35.872 > [535375][V][LoraMesher.cpp:647] processPackets(): [LoRaMesher] Size of Received Packets Queue: 1
19:46:35.881 > [535383][I][PacketQueueService.h:80] deleteQueuePacketAndPacket(): [LoRaMesher] Deleting packet
19:46:35.890 > [535392][I][PacketQueueService.h:83] deleteQueuePacketAndPacket(): [LoRaMesher] Deleting packet queue
19:46:35.899 > [535401][V][LoraMesher.cpp:658] processPackets(): [LoRaMesher] TESTING: Packet not for me, deleting it
19:46:35.908 > [535410][V][LoraMesher.cpp:641] processPackets(): [LoRaMesher] Stack space unused after entering the task: 2136
19:46:35.918 > [535420][V][LoraMesher.cpp:642] processPackets(): [LoRaMesher] Free heap: 335912
19:46:55.812 > [555309][V][LoraMesher.cpp:378] receivingRoutine(): [LoRaMesher] Stack space unused after entering the task: 2064
19:46:55.823 > [555319][V][LoraMesher.cpp:379] receivingRoutine(): [LoRaMesher] Free heap: 335912
19:46:55.830 > [555327][I][PacketService.cpp:12] createEmptyPacket(): [LoRaMesher] Packet created with 17 bytes
19:46:55.839 > [555336][I][LoraMesher.cpp:392] receivingRoutine(): [LoRaMesher] Receiving LoRa packet: Size: 17 bytes RSSI: -19 SNR: 13
19:46:55.850 > [555347][V][LoraMesher.cpp:647] processPackets(): [LoRaMesher] Size of Received Packets Queue: 1
19:46:55.859 > [555355][I][PacketQueueService.h:80] deleteQueuePacketAndPacket(): [LoRaMesher] Deleting packet
19:46:55.867 > [555364][I][PacketQueueService.h:83] deleteQueuePacketAndPacket(): [LoRaMesher] Deleting packet queue
19:46:55.876 > [555373][V][LoraMesher.cpp:658] processPackets(): [LoRaMesher] TESTING: Packet not for me, deleting it
19:46:55.885 > [555382][V][LoraMesher.cpp:641] processPackets(): [LoRaMesher] Stack space unused after entering the task: 2136
19:46:55.895 > [555392][V][LoraMesher.cpp:642] processPackets(): [LoRaMesher] Free heap: 335912
19:47:15.205 > [574697][V][LoraMesher.cpp:378] receivingRoutine(): [LoRaMesher] Stack space unused after entering the task: 2064
19:47:15.215 > [574707][V][LoraMesher.cpp:379] receivingRoutine(): [LoRaMesher] Free heap: 335912
19:47:15.223 > [574715][I][PacketService.cpp:12] createEmptyPacket(): [LoRaMesher] Packet created with 20 bytes
19:47:15.231 > [574723][I][LoraMesher.cpp:392] receivingRoutine(): [LoRaMesher] Receiving LoRa packet: Size: 20 bytes RSSI: -17 SNR: 13
19:47:15.243 > [574735][V][LoraMesher.cpp:647] processPackets(): [LoRaMesher] Size of Received Packets Queue: 1
19:47:15.251 > [574743][I][PacketQueueService.h:80] deleteQueuePacketAndPacket(): [LoRaMesher] Deleting packet
19:47:15.261 > [574752][I][PacketQueueService.h:83] deleteQueuePacketAndPacket(): [LoRaMesher] Deleting packet queue
19:47:15.270 > [574761][V][LoraMesher.cpp:658] processPackets(): [LoRaMesher] TESTING: Packet not for me, deleting it
19:47:15.279 > [574770][V][LoraMesher.cpp:641] processPackets(): [LoRaMesher] Stack space unused after entering the task: 2136
19:47:15.289 > [574780][V][LoraMesher.cpp:642] processPackets(): [LoRaMesher] Free heap: 335912
19:47:15.956 > [575448][V][LoraMesher.cpp:378] receivingRoutine(): [LoRaMesher] Stack space unused after entering the task: 2064
19:47:15.967 > [575458][V][LoraMesher.cpp:379] receivingRoutine(): [LoRaMesher] Free heap: 335912
19:47:15.975 > [575466][I][PacketService.cpp:12] createEmptyPacket(): [LoRaMesher] Packet created with 17 bytes
19:47:15.984 > [575475][I][LoraMesher.cpp:392] receivingRoutine(): [LoRaMesher] Receiving LoRa packet: Size: 17 bytes RSSI: -17 SNR: 13
19:47:15.995 > [575486][V][LoraMesher.cpp:647] processPackets(): [LoRaMesher] Size of Received Packets Queue: 1
19:47:16.003 > [575494][I][PacketQueueService.h:80] deleteQueuePacketAndPacket(): [LoRaMesher] Deleting packet
19:47:16.012 > [575503][I][PacketQueueService.h:83] deleteQueuePacketAndPacket(): [LoRaMesher] Deleting packet queue
19:47:16.021 > [575512][V][LoraMesher.cpp:658] processPackets(): [LoRaMesher] TESTING: Packet not for me, deleting it
19:47:16.030 > [575521][V][LoraMesher.cpp:641] processPackets(): [LoRaMesher] Stack space unused after entering the task: 2136
19:47:16.040 > [575531][V][LoraMesher.cpp:642] processPackets(): [LoRaMesher] Free heap: 335912
19:47:36.217 > [595704][V][LoraMesher.cpp:378] receivingRoutine(): [LoRaMesher] Stack space unused after entering the task: 2064
19:47:36.228 > [595714][V][LoraMesher.cpp:379] receivingRoutine(): [LoRaMesher] Free heap: 335912
19:47:36.235 > [595722][I][PacketService.cpp:12] createEmptyPacket(): [LoRaMesher] Packet created with 17 bytes
19:47:36.243 > [595730][I][LoraMesher.cpp:392] receivingRoutine(): [LoRaMesher] Receiving LoRa packet: Size: 17 bytes RSSI: -18 SNR: 13
19:47:36.255 > [595742][V][LoraMesher.cpp:647] processPackets(): [LoRaMesher] Size of Received Packets Queue: 1
19:47:36.264 > [595750][I][PacketQueueService.h:80] deleteQueuePacketAndPacket(): [LoRaMesher] Deleting packet
19:47:36.272 > [595759][I][PacketQueueService.h:83] deleteQueuePacketAndPacket(): [LoRaMesher] Deleting packet queue
19:47:36.280 > [595768][V][LoraMesher.cpp:658] processPackets(): [LoRaMesher] TESTING: Packet not for me, deleting it
19:47:36.290 > [595777][V][LoraMesher.cpp:641] processPackets(): [LoRaMesher] Stack space unused after entering the task: 2136
19:47:36.300 > [595787][V][LoraMesher.cpp:642] processPackets(): [LoRaMesher] Free heap: 335912
19:47:46.470 > [605956][V][LoraMesher.cpp:694] routingTableManager(): [LoRaMesher] Stack space unused after entering the task: 2296
19:47:46.482 > [605966][V][LoraMesher.cpp:695] routingTableManager(): [LoRaMesher] Free heap: 335912
19:47:46.489 > [605974][I][RoutingTableService.cpp:216] manageTimeoutRoutingTable(): [LoRaMesher] Checking routes timeout
19:47:46.499 > [605983][I][RoutingTableService.cpp:192] printRoutingTable(): [LoRaMesher] Current routing table:
19:47:46.508 > [605992][I][RoutingTableService.cpp:206] printRoutingTable(): [LoRaMesher] 0 - F02C via F02C metric 1 Role 0
19:47:46.517 > [606001][I][RoutingTableService.cpp:206] printRoutingTable(): [LoRaMesher] 1 - AFC0 via F02C metric 2 Role 0
19:47:46.527 > [606011][I][RoutingTableService.cpp:206] printRoutingTable(): [LoRaMesher] 2 - DE6C via F02C metric 3 Role 0
19:47:46.536 > [606021][I][RoutingTableService.cpp:206] printRoutingTable(): [LoRaMesher] 3 - B3F0 via F02C metric 4 Role 0
19:47:48.736 > [608221][V][LoraMesher.cpp:598] sendHelloPacket(): [LoRaMesher] Creating Routing Packet
19:47:48.744 > [608228][V][LoraMesher.cpp:599] sendHelloPacket(): [LoRaMesher] Stack space unused after entering the task: 2328
19:47:48.754 > [608238][V][LoraMesher.cpp:600] sendHelloPacket(): [LoRaMesher] Free heap: 335912
19:47:48.761 > [608246][V][PacketFactory.h:45] createPacket(): [LoRaMesher] Creating packet with 24 bytes
19:47:48.769 > [608254][I][PacketFactory.h:74] createPacket(): [LoRaMesher] Packet created with 24 bytes
19:47:48.777 > [608262][I][LoraMesher.h:659] setPackedForSend(): [LoRaMesher] Adding packet to Q_SP
19:47:48.785 > [608269][I][LoraMesher.h:661] setPackedForSend(): [LoRaMesher] Created packet to Q_SP
19:47:48.792 > [608277][I][LoraMesher.cpp:1061] addToSendOrderedAndNotify(): [LoRaMesher] Added packet to Q_SP, notifying sender task
19:47:48.803 > [608287][V][LoraMesher.cpp:511] sendPackets(): [LoRaMesher] Stack space unused after entering the task: 2260
19:47:48.813 > [608297][V][LoraMesher.cpp:512] sendPackets(): [LoRaMesher] Free heap: 335812
19:47:48.820 > [608304][V][LoraMesher.cpp:518] sendPackets(): [LoRaMesher] Size of Send Packets Queue: 1
19:47:48.828 > [608312][V][LoraMesher.cpp:525] sendPackets(): [LoRaMesher] Send n. 5
19:47:48.834 > [608318][V][LoraMesher.cpp:455] waitBeforeSend(): [LoRaMesher] RandomDelay 1001 ms
19:47:49.529 > [609013][V][LoraMesher.cpp:378] receivingRoutine(): [LoRaMesher] Stack space unused after entering the task: 2064
19:47:49.539 > [609023][V][LoraMesher.cpp:379] receivingRoutine(): [LoRaMesher] Free heap: 335840
19:47:49.546 > [609031][I][PacketService.cpp:12] createEmptyPacket(): [LoRaMesher] Packet created with 20 bytes
19:47:49.555 > [609040][I][LoraMesher.cpp:392] receivingRoutine(): [LoRaMesher] Receiving LoRa packet: Size: 20 bytes RSSI: -65 SNR: 12
19:47:49.566 > [609051][V][LoraMesher.cpp:647] processPackets(): [LoRaMesher] Size of Received Packets Queue: 1
19:47:49.575 > [609060][I][PacketQueueService.h:80] deleteQueuePacketAndPacket(): [LoRaMesher] Deleting packet
19:47:49.584 > [609068][I][PacketQueueService.h:83] deleteQueuePacketAndPacket(): [LoRaMesher] Deleting packet queue
19:47:49.593 > [609077][V][LoraMesher.cpp:658] processPackets(): [LoRaMesher] TESTING: Packet not for me, deleting it
19:47:49.602 > [609086][V][LoraMesher.cpp:641] processPackets(): [LoRaMesher] Stack space unused after entering the task: 2136
19:47:49.612 > [609096][V][LoraMesher.cpp:642] processPackets(): [LoRaMesher] Free heap: 335840
19:47:49.848 > [609332][V][LoraMesher.cpp:462] waitBeforeSend(): [LoRaMesher] Preamble detected while waiting 1
19:47:49.858 > [609341][V][LoraMesher.cpp:455] waitBeforeSend(): [LoRaMesher] RandomDelay 296 ms
19:47:50.159 > [609644][V][LoraMesher.cpp:754] printHeaderPacket(): [LoRaMesher] Packet send -- Size: 24 Src: D110 Dst: FFFF Id: 6 Type: 4 Via: 0 Seq_Id: 0 Num: 0
19:47:50.263 > [609748][V][LoraMesher.cpp:575] sendPackets(): [LoRaMesher] TimeOnAir 78 ms, next message in 0 ms
19:47:50.273 > [609756][I][PacketQueueService.h:80] deleteQueuePacketAndPacket(): [LoRaMesher] Deleting packet
19:47:50.280 > [609765][I][PacketQueueService.h:83] deleteQueuePacketAndPacket(): [LoRaMesher] Deleting packet queue
19:47:51.026 > [610510][V][LoraMesher.cpp:378] receivingRoutine(): [LoRaMesher] Stack space unused after entering the task: 2064
19:47:51.036 > [610520][V][LoraMesher.cpp:379] receivingRoutine(): [LoRaMesher] Free heap: 335912
19:47:51.044 > [610527][I][PacketService.cpp:12] createEmptyPacket(): [LoRaMesher] Packet created with 20 bytes
19:47:51.053 > [610536][I][LoraMesher.cpp:392] receivingRoutine(): [LoRaMesher] Receiving LoRa packet: Size: 20 bytes RSSI: -12 SNR: 13
19:47:51.064 > [610547][V][LoraMesher.cpp:647] processPackets(): [LoRaMesher] Size of Received Packets Queue: 1
19:47:51.072 > [610556][I][PacketQueueService.h:80] deleteQueuePacketAndPacket(): [LoRaMesher] Deleting packet
19:47:51.081 > [610564][I][PacketQueueService.h:83] deleteQueuePacketAndPacket(): [LoRaMesher] Deleting packet queue
19:47:51.090 > [610573][V][LoraMesher.cpp:658] processPackets(): [LoRaMesher] TESTING: Packet not for me, deleting it
19:47:51.099 > [610583][V][LoraMesher.cpp:641] processPackets(): [LoRaMesher] Stack space unused after entering the task: 2136
19:47:51.109 > [610592][V][LoraMesher.cpp:642] processPackets(): [LoRaMesher] Free heap: 335912
19:47:51.781 > [611265][V][LoraMesher.cpp:378] receivingRoutine(): [LoRaMesher] Stack space unused after entering the task: 2064
19:47:51.791 > [611275][V][LoraMesher.cpp:379] receivingRoutine(): [LoRaMesher] Free heap: 335912
19:47:51.799 > [611282][I][PacketService.cpp:12] createEmptyPacket(): [LoRaMesher] Packet created with 24 bytes
19:47:51.808 > [611291][I][LoraMesher.cpp:392] receivingRoutine(): [LoRaMesher] Receiving LoRa packet: Size: 24 bytes RSSI: -36 SNR: 13
19:47:51.819 > [611302][V][LoraMesher.cpp:647] processPackets(): [LoRaMesher] Size of Received Packets Queue: 1
19:47:51.827 > [611311][V][LoraMesher.cpp:754] printHeaderPacket(): [LoRaMesher] Packet received -- Size: 24 Src: F02C Dst: FFFF Id: 5 Type: 4 Via: 0 Seq_Id: 0 Num: 0
19:47:51.841 > [611324][I][RoutingTableService.cpp:77] processRoute(): [LoRaMesher] Route packet from F02C with size 4
19:47:51.850 > [611334][I][RoutingTableService.cpp:99] resetReceiveSNRRoutePacket(): [LoRaMesher] Reset Receive SNR from F02C: 13
19:47:51.860 > [611344][I][RoutingTableService.cpp:192] printRoutingTable(): [LoRaMesher] Current routing table:
19:47:51.869 > [611352][I][RoutingTableService.cpp:206] printRoutingTable(): [LoRaMesher] 0 - F02C via F02C metric 1 Role 0
19:47:51.878 > [611362][I][RoutingTableService.cpp:206] printRoutingTable(): [LoRaMesher] 1 - AFC0 via F02C metric 2 Role 0
19:47:51.888 > [611372][I][RoutingTableService.cpp:206] printRoutingTable(): [LoRaMesher] 2 - DE6C via F02C metric 3 Role 0
19:47:51.898 > [611381][I][RoutingTableService.cpp:206] printRoutingTable(): [LoRaMesher] 3 - B3F0 via F02C metric 4 Role 0
19:47:51.907 > [611391][I][PacketQueueService.h:80] deleteQueuePacketAndPacket(): [LoRaMesher] Deleting packet
19:47:51.916 > [611399][I][PacketQueueService.h:83] deleteQueuePacketAndPacket(): [LoRaMesher] Deleting packet queue
19:47:51.925 > [611408][V][LoraMesher.cpp:641] processPackets(): [LoRaMesher] Stack space unused after entering the task: 2136
19:47:51.935 > [611418][V][LoraMesher.cpp:642] processPackets(): [LoRaMesher] Free heap: 335912
19:47:56.839 > [616322][V][LoraMesher.cpp:378] receivingRoutine(): [LoRaMesher] Stack space unused after entering the task: 2064
19:47:56.849 > [616332][V][LoraMesher.cpp:379] receivingRoutine(): [LoRaMesher] Free heap: 335912
19:47:56.857 > [616340][I][PacketService.cpp:12] createEmptyPacket(): [LoRaMesher] Packet created with 17 bytes
19:47:56.866 > [616348][I][LoraMesher.cpp:392] receivingRoutine(): [LoRaMesher] Receiving LoRa packet: Size: 17 bytes RSSI: -14 SNR: 13
19:47:56.877 > [616360][V][LoraMesher.cpp:647] processPackets(): [LoRaMesher] Size of Received Packets Queue: 1
19:47:56.886 > [616368][I][PacketQueueService.h:80] deleteQueuePacketAndPacket(): [LoRaMesher] Deleting packet
19:47:56.894 > [616377][I][PacketQueueService.h:83] deleteQueuePacketAndPacket(): [LoRaMesher] Deleting packet queue
19:47:56.903 > [616386][V][LoraMesher.cpp:658] processPackets(): [LoRaMesher] TESTING: Packet not for me, deleting it
19:47:56.912 > [616395][V][LoraMesher.cpp:641] processPackets(): [LoRaMesher] Stack space unused after entering the task: 2136
19:47:56.922 > [616405][V][LoraMesher.cpp:642] processPackets(): [LoRaMesher] Free heap: 335912
19:48:16.931 > [636411][V][LoraMesher.cpp:378] receivingRoutine(): [LoRaMesher] Stack space unused after entering the task: 2064
19:48:16.942 > [636421][V][LoraMesher.cpp:379] receivingRoutine(): [LoRaMesher] Free heap: 335912
19:48:16.949 > [636428][I][PacketService.cpp:12] createEmptyPacket(): [LoRaMesher] Packet created with 17 bytes
19:48:16.957 > [636437][I][LoraMesher.cpp:392] receivingRoutine(): [LoRaMesher] Receiving LoRa packet: Size: 17 bytes RSSI: -14 SNR: 13
19:48:16.969 > [636448][V][LoraMesher.cpp:647] processPackets(): [LoRaMesher] Size of Received Packets Queue: 1
19:48:16.977 > [636457][I][PacketQueueService.h:80] deleteQueuePacketAndPacket(): [LoRaMesher] Deleting packet
19:48:16.986 > [636466][I][PacketQueueService.h:83] deleteQueuePacketAndPacket(): [LoRaMesher] Deleting packet queue
19:48:16.995 > [636475][V][LoraMesher.cpp:658] processPackets(): [LoRaMesher] TESTING: Packet not for me, deleting it
19:48:17.005 > [636484][V][LoraMesher.cpp:641] processPackets(): [LoRaMesher] Stack space unused after entering the task: 2136
19:48:17.014 > [636494][V][LoraMesher.cpp:642] processPackets(): [LoRaMesher] Free heap: 335912
19:48:37.069 > [656546][V][LoraMesher.cpp:378] receivingRoutine(): [LoRaMesher] Stack space unused after entering the task: 2064
19:48:37.080 > [656556][V][LoraMesher.cpp:379] receivingRoutine(): [LoRaMesher] Free heap: 335912
19:48:37.087 > [656563][I][PacketService.cpp:12] createEmptyPacket(): [LoRaMesher] Packet created with 17 bytes
19:48:37.096 > [656572][I][LoraMesher.cpp:392] receivingRoutine(): [LoRaMesher] Receiving LoRa packet: Size: 17 bytes RSSI: -15 SNR: 13
19:48:37.107 > [656583][V][LoraMesher.cpp:647] processPackets(): [LoRaMesher] Size of Received Packets Queue: 1
19:48:37.116 > [656592][I][PacketQueueService.h:80] deleteQueuePacketAndPacket(): [LoRaMesher] Deleting packet
19:48:37.124 > [656600][I][PacketQueueService.h:83] deleteQueuePacketAndPacket(): [LoRaMesher] Deleting packet queue
19:48:37.133 > [656609][V][LoraMesher.cpp:658] processPackets(): [LoRaMesher] TESTING: Packet not for me, deleting it
19:48:37.142 > [656619][V][LoraMesher.cpp:641] processPackets(): [LoRaMesher] Stack space unused after entering the task: 2136
19:48:37.152 > [656628][V][LoraMesher.cpp:642] processPackets(): [LoRaMesher] Free heap: 335912
19:48:56.811 > [676285][V][LoraMesher.cpp:378] receivingRoutine(): [LoRaMesher] Stack space unused after entering the task: 2064
19:48:56.821 > [676295][V][LoraMesher.cpp:379] receivingRoutine(): [LoRaMesher] Free heap: 335912
19:48:56.829 > [676302][I][PacketService.cpp:12] createEmptyPacket(): [LoRaMesher] Packet created with 17 bytes
19:48:56.838 > [676311][I][LoraMesher.cpp:392] receivingRoutine(): [LoRaMesher] Receiving LoRa packet: Size: 17 bytes RSSI: -15 SNR: 13
19:48:56.849 > [676322][V][LoraMesher.cpp:647] processPackets(): [LoRaMesher] Size of Received Packets Queue: 1
19:48:56.857 > [676331][I][PacketQueueService.h:80] deleteQueuePacketAndPacket(): [LoRaMesher] Deleting packet
19:48:56.866 > [676339][I][PacketQueueService.h:83] deleteQueuePacketAndPacket(): [LoRaMesher] Deleting packet queue
19:48:56.875 > [676348][V][LoraMesher.cpp:658] processPackets(): [LoRaMesher] TESTING: Packet not for me, deleting it
19:48:56.884 > [676357][V][LoraMesher.cpp:641] processPackets(): [LoRaMesher] Stack space unused after entering the task: 2136
19:48:56.894 > [676367][V][LoraMesher.cpp:642] processPackets(): [LoRaMesher] Free heap: 335912
19:49:15.164 > [694636][V][LoraMesher.cpp:378] receivingRoutine(): [LoRaMesher] Stack space unused after entering the task: 2064
19:49:15.175 > [694647][V][LoraMesher.cpp:379] receivingRoutine(): [LoRaMesher] Free heap: 335912
19:49:15.182 > [694654][I][PacketService.cpp:12] createEmptyPacket(): [LoRaMesher] Packet created with 20 bytes
19:49:15.191 > [694663][I][LoraMesher.cpp:392] receivingRoutine(): [LoRaMesher] Receiving LoRa packet: Size: 20 bytes RSSI: -15 SNR: 12
19:49:15.202 > [694674][V][LoraMesher.cpp:647] processPackets(): [LoRaMesher] Size of Received Packets Queue: 1
19:49:15.211 > [694683][I][PacketQueueService.h:80] deleteQueuePacketAndPacket(): [LoRaMesher] Deleting packet
19:49:15.219 > [694691][I][PacketQueueService.h:83] deleteQueuePacketAndPacket(): [LoRaMesher] Deleting packet queue
19:49:15.228 > [694700][V][LoraMesher.cpp:658] processPackets(): [LoRaMesher] TESTING: Packet not for me, deleting it
19:49:15.238 > [694709][V][LoraMesher.cpp:641] processPackets(): [LoRaMesher] Stack space unused after entering the task: 2136
19:49:15.247 > [694719][V][LoraMesher.cpp:642] processPackets(): [LoRaMesher] Free heap: 335912
19:49:16.551 > [696024][V][LoraMesher.cpp:378] receivingRoutine(): [LoRaMesher] Stack space unused after entering the task: 2064
19:49:16.562 > [696034][V][LoraMesher.cpp:379] receivingRoutine(): [LoRaMesher] Free heap: 335912
19:49:16.569 > [696041][I][PacketService.cpp:12] createEmptyPacket(): [LoRaMesher] Packet created with 17 bytes
19:49:16.578 > [696050][I][LoraMesher.cpp:392] receivingRoutine(): [LoRaMesher] Receiving LoRa packet: Size: 17 bytes RSSI: -15 SNR: 12
19:49:16.589 > [696061][V][LoraMesher.cpp:647] processPackets(): [LoRaMesher] Size of Received Packets Queue: 1
19:49:16.598 > [696070][I][PacketQueueService.h:80] deleteQueuePacketAndPacket(): [LoRaMesher] Deleting packet
19:49:16.606 > [696078][I][PacketQueueService.h:83] deleteQueuePacketAndPacket(): [LoRaMesher] Deleting packet queue
19:49:16.615 > [696087][V][LoraMesher.cpp:658] processPackets(): [LoRaMesher] TESTING: Packet not for me, deleting it
19:49:16.625 > [696096][V][LoraMesher.cpp:641] processPackets(): [LoRaMesher] Stack space unused after entering the task: 2136
19:49:16.635 > [696106][V][LoraMesher.cpp:642] processPackets(): [LoRaMesher] Free heap: 335912
19:49:36.630 > [716101][V][LoraMesher.cpp:378] receivingRoutine(): [LoRaMesher] Stack space unused after entering the task: 2064
19:49:36.641 > [716111][V][LoraMesher.cpp:379] receivingRoutine(): [LoRaMesher] Free heap: 335912
19:49:36.648 > [716118][I][PacketService.cpp:12] createEmptyPacket(): [LoRaMesher] Packet created with 17 bytes
19:49:36.657 > [716127][I][LoraMesher.cpp:392] receivingRoutine(): [LoRaMesher] Receiving LoRa packet: Size: 17 bytes RSSI: -14 SNR: 13
19:49:36.668 > [716138][V][LoraMesher.cpp:647] processPackets(): [LoRaMesher] Size of Received Packets Queue: 1
19:49:36.677 > [716147][I][PacketQueueService.h:80] deleteQueuePacketAndPacket(): [LoRaMesher] Deleting packet
19:49:36.685 > [716155][I][PacketQueueService.h:83] deleteQueuePacketAndPacket(): [LoRaMesher] Deleting packet queue
19:49:36.694 > [716164][V][LoraMesher.cpp:658] processPackets(): [LoRaMesher] TESTING: Packet not for me, deleting it
19:49:36.703 > [716173][V][LoraMesher.cpp:641] processPackets(): [LoRaMesher] Stack space unused after entering the task: 2136
19:49:36.713 > [716183][V][LoraMesher.cpp:642] processPackets(): [LoRaMesher] Free heap: 335912
19:49:48.818 > [728288][V][LoraMesher.cpp:598] sendHelloPacket(): [LoRaMesher] Creating Routing Packet
19:49:48.827 > [728295][V][LoraMesher.cpp:599] sendHelloPacket(): [LoRaMesher] Stack space unused after entering the task: 2328
19:49:48.837 > [728305][V][LoraMesher.cpp:600] sendHelloPacket(): [LoRaMesher] Free heap: 335912
19:49:48.845 > [728313][V][PacketFactory.h:45] createPacket(): [LoRaMesher] Creating packet with 24 bytes
19:49:48.853 > [728321][I][PacketFactory.h:74] createPacket(): [LoRaMesher] Packet created with 24 bytes
19:49:48.861 > [728329][I][LoraMesher.h:659] setPackedForSend(): [LoRaMesher] Adding packet to Q_SP
19:49:48.868 > [728336][I][LoraMesher.h:661] setPackedForSend(): [LoRaMesher] Created packet to Q_SP
19:49:48.876 > [728344][I][LoraMesher.cpp:1061] addToSendOrderedAndNotify(): [LoRaMesher] Added packet to Q_SP, notifying sender task
19:49:48.886 > [728354][V][LoraMesher.cpp:511] sendPackets(): [LoRaMesher] Stack space unused after entering the task: 2196
19:49:48.896 > [728364][V][LoraMesher.cpp:512] sendPackets(): [LoRaMesher] Free heap: 335812
19:49:48.903 > [728371][V][LoraMesher.cpp:518] sendPackets(): [LoRaMesher] Size of Send Packets Queue: 1
19:49:48.911 > [728379][V][LoraMesher.cpp:525] sendPackets(): [LoRaMesher] Send n. 6
19:49:48.917 > [728385][V][LoraMesher.cpp:455] waitBeforeSend(): [LoRaMesher] RandomDelay 325 ms
19:49:49.248 > [728717][V][LoraMesher.cpp:754] printHeaderPacket(): [LoRaMesher] Packet send -- Size: 24 Src: D110 Dst: FFFF Id: 7 Type: 4 Via: 0 Seq_Id: 0 Num: 0
19:49:49.352 > [728821][V][LoraMesher.cpp:575] sendPackets(): [LoRaMesher] TimeOnAir 78 ms, next message in 0 ms
19:49:49.361 > [728829][I][PacketQueueService.h:80] deleteQueuePacketAndPacket(): [LoRaMesher] Deleting packet
19:49:49.370 > [728838][I][PacketQueueService.h:83] deleteQueuePacketAndPacket(): [LoRaMesher] Deleting packet queue
19:49:50.190 > [729659][V][LoraMesher.cpp:378] receivingRoutine(): [LoRaMesher] Stack space unused after entering the task: 2064
19:49:50.201 > [729670][V][LoraMesher.cpp:379] receivingRoutine(): [LoRaMesher] Free heap: 335912
19:49:50.209 > [729677][I][PacketService.cpp:12] createEmptyPacket(): [LoRaMesher] Packet created with 24 bytes
19:49:50.218 > [729686][I][LoraMesher.cpp:392] receivingRoutine(): [LoRaMesher] Receiving LoRa packet: Size: 24 bytes RSSI: -19 SNR: 13
19:49:50.229 > [729697][V][LoraMesher.cpp:647] processPackets(): [LoRaMesher] Size of Received Packets Queue: 1
19:49:50.238 > [729706][V][LoraMesher.cpp:754] printHeaderPacket(): [LoRaMesher] Packet received -- Size: 24 Src: F02C Dst: FFFF Id: 6 Type: 4 Via: 0 Seq_Id: 0 Num: 0
19:49:50.251 > [729719][I][RoutingTableService.cpp:77] processRoute(): [LoRaMesher] Route packet from F02C with size 4
19:49:50.260 > [729728][I][RoutingTableService.cpp:99] resetReceiveSNRRoutePacket(): [LoRaMesher] Reset Receive SNR from F02C: 13
19:49:50.270 > [729739][I][RoutingTableService.cpp:192] printRoutingTable(): [LoRaMesher] Current routing table:
19:49:50.279 > [729747][I][RoutingTableService.cpp:206] printRoutingTable(): [LoRaMesher] 0 - F02C via F02C metric 1 Role 0
19:49:50.289 > [729757][I][RoutingTableService.cpp:206] printRoutingTable(): [LoRaMesher] 1 - AFC0 via F02C metric 2 Role 0
19:49:50.298 > [729766][I][RoutingTableService.cpp:206] printRoutingTable(): [LoRaMesher] 2 - DE6C via F02C metric 3 Role 0
19:49:50.308 > [729776][I][RoutingTableService.cpp:206] printRoutingTable(): [LoRaMesher] 3 - B3F0 via F02C metric 4 Role 0
19:49:50.317 > [729786][I][PacketQueueService.h:80] deleteQueuePacketAndPacket(): [LoRaMesher] Deleting packet
19:49:50.326 > [729794][I][PacketQueueService.h:83] deleteQueuePacketAndPacket(): [LoRaMesher] Deleting packet queue
19:49:50.335 > [729803][V][LoraMesher.cpp:641] processPackets(): [LoRaMesher] Stack space unused after entering the task: 2120
19:49:50.345 > [729813][V][LoraMesher.cpp:642] processPackets(): [LoRaMesher] Free heap: 335912
19:49:51.438 > [730907][V][LoraMesher.cpp:378] receivingRoutine(): [LoRaMesher] Stack space unused after entering the task: 2064
19:49:51.449 > [730917][V][LoraMesher.cpp:379] receivingRoutine(): [LoRaMesher] Free heap: 335912
19:49:51.456 > [730924][I][PacketService.cpp:12] createEmptyPacket(): [LoRaMesher] Packet created with 20 bytes
19:49:51.465 > [730933][I][LoraMesher.cpp:392] receivingRoutine(): [LoRaMesher] Receiving LoRa packet: Size: 20 bytes RSSI: -19 SNR: 13
19:49:51.476 > [730944][V][LoraMesher.cpp:647] processPackets(): [LoRaMesher] Size of Received Packets Queue: 1
19:49:51.485 > [730953][I][PacketQueueService.h:80] deleteQueuePacketAndPacket(): [LoRaMesher] Deleting packet
19:49:51.493 > [730962][I][PacketQueueService.h:83] deleteQueuePacketAndPacket(): [LoRaMesher] Deleting packet queue
19:49:51.502 > [730971][V][LoraMesher.cpp:658] processPackets(): [LoRaMesher] TESTING: Packet not for me, deleting it
19:49:51.511 > [730980][V][LoraMesher.cpp:641] processPackets(): [LoRaMesher] Stack space unused after entering the task: 2120
19:49:51.521 > [730990][V][LoraMesher.cpp:642] processPackets(): [LoRaMesher] Free heap: 335912
19:49:52.240 > [731709][V][LoraMesher.cpp:378] receivingRoutine(): [LoRaMesher] Stack space unused after entering the task: 2064
19:49:52.251 > [731719][V][LoraMesher.cpp:379] receivingRoutine(): [LoRaMesher] Free heap: 335912
19:49:52.258 > [731726][I][PacketService.cpp:12] createEmptyPacket(): [LoRaMesher] Packet created with 24 bytes
19:49:52.267 > [731735][I][LoraMesher.cpp:392] receivingRoutine(): [LoRaMesher] Receiving LoRa packet: Size: 24 bytes RSSI: -66 SNR: 11
19:49:52.278 > [731746][V][LoraMesher.cpp:647] processPackets(): [LoRaMesher] Size of Received Packets Queue: 1
19:49:52.287 > [731755][I][PacketQueueService.h:80] deleteQueuePacketAndPacket(): [LoRaMesher] Deleting packet
19:49:52.295 > [731763][I][PacketQueueService.h:83] deleteQueuePacketAndPacket(): [LoRaMesher] Deleting packet queue
19:49:52.304 > [731772][V][LoraMesher.cpp:658] processPackets(): [LoRaMesher] TESTING: Packet not for me, deleting it
19:49:52.313 > [731782][V][LoraMesher.cpp:641] processPackets(): [LoRaMesher] Stack space unused after entering the task: 2120
19:49:52.323 > [731792][V][LoraMesher.cpp:642] processPackets(): [LoRaMesher] Free heap: 335912
19:49:56.863 > [736331][V][LoraMesher.cpp:378] receivingRoutine(): [LoRaMesher] Stack space unused after entering the task: 2064
19:49:56.873 > [736342][V][LoraMesher.cpp:379] receivingRoutine(): [LoRaMesher] Free heap: 335912
19:49:56.881 > [736349][I][PacketService.cpp:12] createEmptyPacket(): [LoRaMesher] Packet created with 17 bytes
19:49:56.889 > [736358][I][LoraMesher.cpp:392] receivingRoutine(): [LoRaMesher] Receiving LoRa packet: Size: 17 bytes RSSI: -14 SNR: 13
19:49:56.901 > [736369][V][LoraMesher.cpp:647] processPackets(): [LoRaMesher] Size of Received Packets Queue: 1
19:49:56.909 > [736378][I][PacketQueueService.h:80] deleteQueuePacketAndPacket(): [LoRaMesher] Deleting packet
19:49:56.918 > [736386][I][PacketQueueService.h:83] deleteQueuePacketAndPacket(): [LoRaMesher] Deleting packet queue
19:49:56.928 > [736395][V][LoraMesher.cpp:658] processPackets(): [LoRaMesher] TESTING: Packet not for me, deleting it
19:49:56.936 > [736404][V][LoraMesher.cpp:641] processPackets(): [LoRaMesher] Stack space unused after entering the task: 2120
19:49:56.946 > [736414][V][LoraMesher.cpp:642] processPackets(): [LoRaMesher] Free heap: 335912
19:50:16.892 > [756359][V][LoraMesher.cpp:378] receivingRoutine(): [LoRaMesher] Stack space unused after entering the task: 2064
19:50:16.903 > [756369][V][LoraMesher.cpp:379] receivingRoutine(): [LoRaMesher] Free heap: 335912
19:50:16.910 > [756377][I][PacketService.cpp:12] createEmptyPacket(): [LoRaMesher] Packet created with 17 bytes
19:50:16.919 > [756386][I][LoraMesher.cpp:392] receivingRoutine(): [LoRaMesher] Receiving LoRa packet: Size: 17 bytes RSSI: -15 SNR: 12
19:50:16.930 > [756397][V][LoraMesher.cpp:647] processPackets(): [LoRaMesher] Size of Received Packets Queue: 1
19:50:16.939 > [756405][I][PacketQueueService.h:80] deleteQueuePacketAndPacket(): [LoRaMesher] Deleting packet
19:50:16.947 > [756414][I][PacketQueueService.h:83] deleteQueuePacketAndPacket(): [LoRaMesher] Deleting packet queue
19:50:16.956 > [756423][V][LoraMesher.cpp:658] processPackets(): [LoRaMesher] TESTING: Packet not for me, deleting it
19:50:16.965 > [756432][V][LoraMesher.cpp:641] processPackets(): [LoRaMesher] Stack space unused after entering the task: 2120
19:50:16.975 > [756442][V][LoraMesher.cpp:642] processPackets(): [LoRaMesher] Free heap: 335912
19:50:37.299 > [776764][V][LoraMesher.cpp:378] receivingRoutine(): [LoRaMesher] Stack space unused after entering the task: 2064
19:50:37.310 > [776774][V][LoraMesher.cpp:379] receivingRoutine(): [LoRaMesher] Free heap: 335912
19:50:37.318 > [776782][I][PacketService.cpp:12] createEmptyPacket(): [LoRaMesher] Packet created with 17 bytes
19:50:37.326 > [776791][I][LoraMesher.cpp:392] receivingRoutine(): [LoRaMesher] Receiving LoRa packet: Size: 17 bytes RSSI: -15 SNR: 13
19:50:37.337 > [776802][V][LoraMesher.cpp:647] processPackets(): [LoRaMesher] Size of Received Packets Queue: 1
19:50:37.345 > [776810][I][PacketQueueService.h:80] deleteQueuePacketAndPacket(): [LoRaMesher] Deleting packet
19:50:37.354 > [776819][I][PacketQueueService.h:83] deleteQueuePacketAndPacket(): [LoRaMesher] Deleting packet queue
19:50:37.363 > [776828][V][LoraMesher.cpp:658] processPackets(): [LoRaMesher] TESTING: Packet not for me, deleting it
19:50:37.372 > [776837][V][LoraMesher.cpp:641] processPackets(): [LoRaMesher] Stack space unused after entering the task: 2120
19:50:37.382 > [776847][V][LoraMesher.cpp:642] processPackets(): [LoRaMesher] Free heap: 335912
19:50:56.996 > [796460][V][LoraMesher.cpp:378] receivingRoutine(): [LoRaMesher] Stack space unused after entering the task: 2064
19:50:57.006 > [796470][V][LoraMesher.cpp:379] receivingRoutine(): [LoRaMesher] Free heap: 335912
19:50:57.014 > [796478][I][PacketService.cpp:12] createEmptyPacket(): [LoRaMesher] Packet created with 17 bytes
19:50:57.022 > [796487][I][LoraMesher.cpp:392] receivingRoutine(): [LoRaMesher] Receiving LoRa packet: Size: 17 bytes RSSI: -16 SNR: 13
19:50:57.033 > [796498][V][LoraMesher.cpp:647] processPackets(): [LoRaMesher] Size of Received Packets Queue: 1
19:50:57.042 > [796506][I][PacketQueueService.h:80] deleteQueuePacketAndPacket(): [LoRaMesher] Deleting packet
19:50:57.051 > [796515][I][PacketQueueService.h:83] deleteQueuePacketAndPacket(): [LoRaMesher] Deleting packet queue
19:50:57.060 > [796524][V][LoraMesher.cpp:658] processPackets(): [LoRaMesher] TESTING: Packet not for me, deleting it
19:50:57.070 > [796533][V][LoraMesher.cpp:641] processPackets(): [LoRaMesher] Stack space unused after entering the task: 2120
19:50:57.079 > [796543][V][LoraMesher.cpp:642] processPackets(): [LoRaMesher] Free heap: 335912
19:51:14.744 > [814207][V][LoraMesher.cpp:378] receivingRoutine(): [LoRaMesher] Stack space unused after entering the task: 2064
19:51:14.754 > [814217][V][LoraMesher.cpp:379] receivingRoutine(): [LoRaMesher] Free heap: 335912
19:51:14.762 > [814225][I][PacketService.cpp:12] createEmptyPacket(): [LoRaMesher] Packet created with 20 bytes
19:51:14.771 > [814233][I][LoraMesher.cpp:392] receivingRoutine(): [LoRaMesher] Receiving LoRa packet: Size: 20 bytes RSSI: -15 SNR: 13
19:51:14.782 > [814244][V][LoraMesher.cpp:647] processPackets(): [LoRaMesher] Size of Received Packets Queue: 1
19:51:14.791 > [814253][I][PacketQueueService.h:80] deleteQueuePacketAndPacket(): [LoRaMesher] Deleting packet
19:51:14.799 > [814262][I][PacketQueueService.h:83] deleteQueuePacketAndPacket(): [LoRaMesher] Deleting packet queue
19:51:14.808 > [814271][V][LoraMesher.cpp:658] processPackets(): [LoRaMesher] TESTING: Packet not for me, deleting it
19:51:14.817 > [814280][V][LoraMesher.cpp:641] processPackets(): [LoRaMesher] Stack space unused after entering the task: 2120
19:51:14.827 > [814290][V][LoraMesher.cpp:642] processPackets(): [LoRaMesher] Free heap: 335912
19:51:17.706 > [817169][V][LoraMesher.cpp:378] receivingRoutine(): [LoRaMesher] Stack space unused after entering the task: 2064
19:51:17.717 > [817179][V][LoraMesher.cpp:379] receivingRoutine(): [LoRaMesher] Free heap: 335912
19:51:17.724 > [817187][I][PacketService.cpp:12] createEmptyPacket(): [LoRaMesher] Packet created with 17 bytes
19:51:17.733 > [817195][I][LoraMesher.cpp:392] receivingRoutine(): [LoRaMesher] Receiving LoRa packet: Size: 17 bytes RSSI: -15 SNR: 12
19:51:17.744 > [817207][V][LoraMesher.cpp:647] processPackets(): [LoRaMesher] Size of Received Packets Queue: 1
19:51:17.753 > [817215][I][PacketQueueService.h:80] deleteQueuePacketAndPacket(): [LoRaMesher] Deleting packet
19:51:17.761 > [817224][I][PacketQueueService.h:83] deleteQueuePacketAndPacket(): [LoRaMesher] Deleting packet queue
19:51:17.770 > [817233][V][LoraMesher.cpp:658] processPackets(): [LoRaMesher] TESTING: Packet not for me, deleting it
19:51:17.779 > [817242][V][LoraMesher.cpp:641] processPackets(): [LoRaMesher] Stack space unused after entering the task: 2120
19:51:17.789 > [817252][V][LoraMesher.cpp:642] processPackets(): [LoRaMesher] Free heap: 335912
19:51:37.300 > [836762][V][LoraMesher.cpp:378] receivingRoutine(): [LoRaMesher] Stack space unused after entering the task: 2064
19:51:37.311 > [836772][V][LoraMesher.cpp:379] receivingRoutine(): [LoRaMesher] Free heap: 335912
19:51:37.318 > [836780][I][PacketService.cpp:12] createEmptyPacket(): [LoRaMesher] Packet created with 17 bytes
19:51:37.327 > [836788][I][LoraMesher.cpp:392] receivingRoutine(): [LoRaMesher] Receiving LoRa packet: Size: 17 bytes RSSI: -19 SNR: 12
19:51:37.338 > [836800][V][LoraMesher.cpp:647] processPackets(): [LoRaMesher] Size of Received Packets Queue: 1
19:51:37.346 > [836808][I][PacketQueueService.h:80] deleteQueuePacketAndPacket(): [LoRaMesher] Deleting packet
19:51:37.355 > [836817][I][PacketQueueService.h:83] deleteQueuePacketAndPacket(): [LoRaMesher] Deleting packet queue
19:51:37.364 > [836826][V][LoraMesher.cpp:658] processPackets(): [LoRaMesher] TESTING: Packet not for me, deleting it
19:51:37.373 > [836835][V][LoraMesher.cpp:641] processPackets(): [LoRaMesher] Stack space unused after entering the task: 2120
19:51:37.383 > [836845][V][LoraMesher.cpp:642] processPackets(): [LoRaMesher] Free heap: 335912
19:51:48.893 > [848355][V][LoraMesher.cpp:598] sendHelloPacket(): [LoRaMesher] Creating Routing Packet
19:51:48.901 > [848362][V][LoraMesher.cpp:599] sendHelloPacket(): [LoRaMesher] Stack space unused after entering the task: 2328
19:51:48.911 > [848372][V][LoraMesher.cpp:600] sendHelloPacket(): [LoRaMesher] Free heap: 335912
19:51:48.919 > [848380][V][PacketFactory.h:45] createPacket(): [LoRaMesher] Creating packet with 24 bytes
19:51:48.927 > [848388][I][PacketFactory.h:74] createPacket(): [LoRaMesher] Packet created with 24 bytes
19:51:48.935 > [848396][I][LoraMesher.h:659] setPackedForSend(): [LoRaMesher] Adding packet to Q_SP
19:51:48.942 > [848403][I][LoraMesher.h:661] setPackedForSend(): [LoRaMesher] Created packet to Q_SP
19:51:48.950 > [848411][I][LoraMesher.cpp:1061] addToSendOrderedAndNotify(): [LoRaMesher] Added packet to Q_SP, notifying sender task
19:51:48.961 > [848421][V][LoraMesher.cpp:511] sendPackets(): [LoRaMesher] Stack space unused after entering the task: 2196
19:51:48.970 > [848431][V][LoraMesher.cpp:512] sendPackets(): [LoRaMesher] Free heap: 335812
19:51:48.977 > [848438][V][LoraMesher.cpp:518] sendPackets(): [LoRaMesher] Size of Send Packets Queue: 1
19:51:48.985 > [848446][V][LoraMesher.cpp:525] sendPackets(): [LoRaMesher] Send n. 7
19:51:48.991 > [848452][V][LoraMesher.cpp:455] waitBeforeSend(): [LoRaMesher] RandomDelay 1176 ms
19:51:50.174 > [849636][V][LoraMesher.cpp:754] printHeaderPacket(): [LoRaMesher] Packet send -- Size: 24 Src: D110 Dst: FFFF Id: 8 Type: 4 Via: 0 Seq_Id: 0 Num: 0
19:51:50.278 > [849740][V][LoraMesher.cpp:575] sendPackets(): [LoRaMesher] TimeOnAir 78 ms, next message in 0 ms
19:51:50.287 > [849748][I][PacketQueueService.h:80] deleteQueuePacketAndPacket(): [LoRaMesher] Deleting packet
19:51:50.296 > [849757][I][PacketQueueService.h:83] deleteQueuePacketAndPacket(): [LoRaMesher] Deleting packet queue
19:51:51.098 > [850559][V][LoraMesher.cpp:378] receivingRoutine(): [LoRaMesher] Stack space unused after entering the task: 2064
19:51:51.108 > [850569][V][LoraMesher.cpp:379] receivingRoutine(): [LoRaMesher] Free heap: 335912
19:51:51.116 > [850577][I][PacketService.cpp:12] createEmptyPacket(): [LoRaMesher] Packet created with 24 bytes
19:51:51.125 > [850586][I][LoraMesher.cpp:392] receivingRoutine(): [LoRaMesher] Receiving LoRa packet: Size: 24 bytes RSSI: -67 SNR: 12
19:51:51.136 > [850597][V][LoraMesher.cpp:647] processPackets(): [LoRaMesher] Size of Received Packets Queue: 1
19:51:51.144 > [850605][I][PacketQueueService.h:80] deleteQueuePacketAndPacket(): [LoRaMesher] Deleting packet
19:51:51.153 > [850614][I][PacketQueueService.h:83] deleteQueuePacketAndPacket(): [LoRaMesher] Deleting packet queue
19:51:51.162 > [850623][V][LoraMesher.cpp:658] processPackets(): [LoRaMesher] TESTING: Packet not for me, deleting it
19:51:51.171 > [850632][V][LoraMesher.cpp:641] processPackets(): [LoRaMesher] Stack space unused after entering the task: 2120
19:51:51.181 > [850642][V][LoraMesher.cpp:642] processPackets(): [LoRaMesher] Free heap: 335912
19:51:57.674 > [857135][V][LoraMesher.cpp:378] receivingRoutine(): [LoRaMesher] Stack space unused after entering the task: 2064
19:51:57.684 > [857145][V][LoraMesher.cpp:379] receivingRoutine(): [LoRaMesher] Free heap: 335912
19:51:57.691 > [857153][I][PacketService.cpp:12] createEmptyPacket(): [LoRaMesher] Packet created with 17 bytes
19:51:57.700 > [857161][I][LoraMesher.cpp:392] receivingRoutine(): [LoRaMesher] Receiving LoRa packet: Size: 17 bytes RSSI: -20 SNR: 13
19:51:57.711 > [857172][V][LoraMesher.cpp:647] processPackets(): [LoRaMesher] Size of Received Packets Queue: 1
19:51:57.720 > [857181][I][PacketQueueService.h:80] deleteQueuePacketAndPacket(): [LoRaMesher] Deleting packet
19:51:57.728 > [857190][I][PacketQueueService.h:83] deleteQueuePacketAndPacket(): [LoRaMesher] Deleting packet queue
19:51:57.737 > [857199][V][LoraMesher.cpp:658] processPackets(): [LoRaMesher] TESTING: Packet not for me, deleting it
19:51:57.747 > [857208][V][LoraMesher.cpp:641] processPackets(): [LoRaMesher] Stack space unused after entering the task: 2120
19:51:57.757 > [857218][V][LoraMesher.cpp:642] processPackets(): [LoRaMesher] Free heap: 335912
19:52:17.856 > [877317][V][LoraMesher.cpp:378] receivingRoutine(): [LoRaMesher] Stack space unused after entering the task: 2064
19:52:17.867 > [877327][V][LoraMesher.cpp:379] receivingRoutine(): [LoRaMesher] Free heap: 335912
19:52:17.874 > [877334][I][PacketService.cpp:12] createEmptyPacket(): [LoRaMesher] Packet created with 17 bytes
19:52:17.883 > [877343][I][LoraMesher.cpp:392] receivingRoutine(): [LoRaMesher] Receiving LoRa packet: Size: 17 bytes RSSI: -18 SNR: 12
19:52:17.894 > [877354][V][LoraMesher.cpp:647] processPackets(): [LoRaMesher] Size of Received Packets Queue: 1
19:52:17.903 > [877363][I][PacketQueueService.h:80] deleteQueuePacketAndPacket(): [LoRaMesher] Deleting packet
19:52:17.911 > [877371][I][PacketQueueService.h:83] deleteQueuePacketAndPacket(): [LoRaMesher] Deleting packet queue
19:52:17.920 > [877380][V][LoraMesher.cpp:658] processPackets(): [LoRaMesher] TESTING: Packet not for me, deleting it
19:52:17.929 > [877390][V][LoraMesher.cpp:641] processPackets(): [LoRaMesher] Stack space unused after entering the task: 2120
19:52:17.939 > [877400][V][LoraMesher.cpp:642] processPackets(): [LoRaMesher] Free heap: 335912
19:52:37.578 > [897038][V][LoraMesher.cpp:378] receivingRoutine(): [LoRaMesher] Stack space unused after entering the task: 2064
19:52:37.588 > [897048][V][LoraMesher.cpp:379] receivingRoutine(): [LoRaMesher] Free heap: 335912
19:52:37.596 > [897055][I][PacketService.cpp:12] createEmptyPacket(): [LoRaMesher] Packet created with 17 bytes
19:52:37.605 > [897064][I][LoraMesher.cpp:392] receivingRoutine(): [LoRaMesher] Receiving LoRa packet: Size: 17 bytes RSSI: -17 SNR: 13
19:52:37.616 > [897075][V][LoraMesher.cpp:647] processPackets(): [LoRaMesher] Size of Received Packets Queue: 1
19:52:37.624 > [897084][I][PacketQueueService.h:80] deleteQueuePacketAndPacket(): [LoRaMesher] Deleting packet
19:52:37.633 > [897092][I][PacketQueueService.h:83] deleteQueuePacketAndPacket(): [LoRaMesher] Deleting packet queue
19:52:37.642 > [897101][V][LoraMesher.cpp:658] processPackets(): [LoRaMesher] TESTING: Packet not for me, deleting it
19:52:37.651 > [897110][V][LoraMesher.cpp:641] processPackets(): [LoRaMesher] Stack space unused after entering the task: 2120
19:52:37.661 > [897120][V][LoraMesher.cpp:642] processPackets(): [LoRaMesher] Free heap: 335912
19:52:57.621 > [917080][V][LoraMesher.cpp:378] receivingRoutine(): [LoRaMesher] Stack space unused after entering the task: 2064
19:52:57.631 > [917090][V][LoraMesher.cpp:379] receivingRoutine(): [LoRaMesher] Free heap: 335912
19:52:57.638 > [917097][I][PacketService.cpp:12] createEmptyPacket(): [LoRaMesher] Packet created with 17 bytes
19:52:57.647 > [917106][I][LoraMesher.cpp:392] receivingRoutine(): [LoRaMesher] Receiving LoRa packet: Size: 17 bytes RSSI: -16 SNR: 13
19:52:57.658 > [917117][V][LoraMesher.cpp:647] processPackets(): [LoRaMesher] Size of Received Packets Queue: 1
19:52:57.667 > [917126][I][PacketQueueService.h:80] deleteQueuePacketAndPacket(): [LoRaMesher] Deleting packet
19:52:57.675 > [917134][I][PacketQueueService.h:83] deleteQueuePacketAndPacket(): [LoRaMesher] Deleting packet queue
19:52:57.684 > [917143][V][LoraMesher.cpp:658] processPackets(): [LoRaMesher] TESTING: Packet not for me, deleting it
19:52:57.694 > [917152][V][LoraMesher.cpp:641] processPackets(): [LoRaMesher] Stack space unused after entering the task: 2120
19:52:57.703 > [917162][V][LoraMesher.cpp:642] processPackets(): [LoRaMesher] Free heap: 335912
19:53:14.935 > [934393][V][LoraMesher.cpp:378] receivingRoutine(): [LoRaMesher] Stack space unused after entering the task: 2064
19:53:14.945 > [934404][V][LoraMesher.cpp:379] receivingRoutine(): [LoRaMesher] Free heap: 335912
19:53:14.953 > [934411][I][PacketService.cpp:12] createEmptyPacket(): [LoRaMesher] Packet created with 20 bytes
19:53:14.962 > [934420][I][LoraMesher.cpp:392] receivingRoutine(): [LoRaMesher] Receiving LoRa packet: Size: 20 bytes RSSI: -19 SNR: 13
19:53:14.973 > [934431][V][LoraMesher.cpp:647] processPackets(): [LoRaMesher] Size of Received Packets Queue: 1
19:53:14.981 > [934440][I][PacketQueueService.h:80] deleteQueuePacketAndPacket(): [LoRaMesher] Deleting packet
19:53:14.990 > [934448][I][PacketQueueService.h:83] deleteQueuePacketAndPacket(): [LoRaMesher] Deleting packet queue
19:53:14.999 > [934457][V][LoraMesher.cpp:658] processPackets(): [LoRaMesher] TESTING: Packet not for me, deleting it
19:53:15.008 > [934466][V][LoraMesher.cpp:641] processPackets(): [LoRaMesher] Stack space unused after entering the task: 2120
19:53:15.018 > [934476][V][LoraMesher.cpp:642] processPackets(): [LoRaMesher] Free heap: 335912
19:53:17.699 > [937158][V][LoraMesher.cpp:378] receivingRoutine(): [LoRaMesher] Stack space unused after entering the task: 2064
19:53:17.709 > [937168][V][LoraMesher.cpp:379] receivingRoutine(): [LoRaMesher] Free heap: 335912
19:53:17.717 > [937175][I][PacketService.cpp:12] createEmptyPacket(): [LoRaMesher] Packet created with 17 bytes
19:53:17.726 > [937184][I][LoraMesher.cpp:392] receivingRoutine(): [LoRaMesher] Receiving LoRa packet: Size: 17 bytes RSSI: -19 SNR: 13
19:53:17.737 > [937195][V][LoraMesher.cpp:647] processPackets(): [LoRaMesher] Size of Received Packets Queue: 1
19:53:17.745 > [937204][I][PacketQueueService.h:80] deleteQueuePacketAndPacket(): [LoRaMesher] Deleting packet
19:53:17.754 > [937212][I][PacketQueueService.h:83] deleteQueuePacketAndPacket(): [LoRaMesher] Deleting packet queue
19:53:17.763 > [937221][V][LoraMesher.cpp:658] processPackets(): [LoRaMesher] TESTING: Packet not for me, deleting it
19:53:17.772 > [937230][V][LoraMesher.cpp:641] processPackets(): [LoRaMesher] Stack space unused after entering the task: 2120
19:53:17.782 > [937240][V][LoraMesher.cpp:642] processPackets(): [LoRaMesher] Free heap: 335912
19:53:38.405 > [957861][V][LoraMesher.cpp:378] receivingRoutine(): [LoRaMesher] Stack space unused after entering the task: 2064
19:53:38.416 > [957872][V][LoraMesher.cpp:379] receivingRoutine(): [LoRaMesher] Free heap: 335912
19:53:38.424 > [957879][I][PacketService.cpp:12] createEmptyPacket(): [LoRaMesher] Packet created with 17 bytes
19:53:38.432 > [957888][I][LoraMesher.cpp:392] receivingRoutine(): [LoRaMesher] Receiving LoRa packet: Size: 17 bytes RSSI: -19 SNR: 13
19:53:38.443 > [957899][V][LoraMesher.cpp:647] processPackets(): [LoRaMesher] Size of Received Packets Queue: 1
19:53:38.452 > [957908][I][PacketQueueService.h:80] deleteQueuePacketAndPacket(): [LoRaMesher] Deleting packet
19:53:38.461 > [957916][I][PacketQueueService.h:83] deleteQueuePacketAndPacket(): [LoRaMesher] Deleting packet queue
19:53:38.470 > [957925][V][LoraMesher.cpp:658] processPackets(): [LoRaMesher] TESTING: Packet not for me, deleting it
19:53:38.479 > [957934][V][LoraMesher.cpp:641] processPackets(): [LoRaMesher] Stack space unused after entering the task: 2120
19:53:38.489 > [957944][V][LoraMesher.cpp:642] processPackets(): [LoRaMesher] Free heap: 335912
19:53:48.967 > [968422][V][LoraMesher.cpp:598] sendHelloPacket(): [LoRaMesher] Creating Routing Packet
19:53:48.975 > [968429][V][LoraMesher.cpp:599] sendHelloPacket(): [LoRaMesher] Stack space unused after entering the task: 2328
19:53:48.986 > [968439][V][LoraMesher.cpp:600] sendHelloPacket(): [LoRaMesher] Free heap: 335912
19:53:48.992 > [968447][V][PacketFactory.h:45] createPacket(): [LoRaMesher] Creating packet with 24 bytes
19:53:49.000 > [968455][I][PacketFactory.h:74] createPacket(): [LoRaMesher] Packet created with 24 bytes
19:53:49.009 > [968463][I][LoraMesher.h:659] setPackedForSend(): [LoRaMesher] Adding packet to Q_SP
19:53:49.016 > [968470][I][LoraMesher.h:661] setPackedForSend(): [LoRaMesher] Created packet to Q_SP
19:53:49.024 > [968478][I][LoraMesher.cpp:1061] addToSendOrderedAndNotify(): [LoRaMesher] Added packet to Q_SP, notifying sender task
19:53:49.035 > [968488][V][LoraMesher.cpp:511] sendPackets(): [LoRaMesher] Stack space unused after entering the task: 2196
19:53:49.043 > [968498][V][LoraMesher.cpp:512] sendPackets(): [LoRaMesher] Free heap: 335812
19:53:49.050 > [968505][V][LoraMesher.cpp:518] sendPackets(): [LoRaMesher] Size of Send Packets Queue: 1
19:53:49.058 > [968513][V][LoraMesher.cpp:525] sendPackets(): [LoRaMesher] Send n. 8
19:53:49.065 > [968519][V][LoraMesher.cpp:455] waitBeforeSend(): [LoRaMesher] RandomDelay 1180 ms
19:53:49.594 > [969048][V][LoraMesher.cpp:378] receivingRoutine(): [LoRaMesher] Stack space unused after entering the task: 2064
19:53:49.604 > [969058][V][LoraMesher.cpp:379] receivingRoutine(): [LoRaMesher] Free heap: 335840
19:53:49.612 > [969066][I][PacketService.cpp:12] createEmptyPacket(): [LoRaMesher] Packet created with 24 bytes
19:53:49.621 > [969075][I][LoraMesher.cpp:392] receivingRoutine(): [LoRaMesher] Receiving LoRa packet: Size: 24 bytes RSSI: -18 SNR: 13
19:53:49.631 > [969086][V][LoraMesher.cpp:647] processPackets(): [LoRaMesher] Size of Received Packets Queue: 1
19:53:49.641 > [969094][I][PacketQueueService.h:80] deleteQueuePacketAndPacket(): [LoRaMesher] Deleting packet
19:53:49.648 > [969103][I][PacketQueueService.h:83] deleteQueuePacketAndPacket(): [LoRaMesher] Deleting packet queue
19:53:49.657 > [969112][V][LoraMesher.cpp:658] processPackets(): [LoRaMesher] TESTING: Packet not for me, deleting it
19:53:49.667 > [969121][V][LoraMesher.cpp:641] processPackets(): [LoRaMesher] Stack space unused after entering the task: 2120
19:53:49.677 > [969131][V][LoraMesher.cpp:642] processPackets(): [LoRaMesher] Free heap: 335840
19:53:50.258 > [969712][V][LoraMesher.cpp:462] waitBeforeSend(): [LoRaMesher] Preamble detected while waiting 1
19:53:50.267 > [969721][V][LoraMesher.cpp:455] waitBeforeSend(): [LoRaMesher] RandomDelay 317 ms
19:53:50.590 > [970045][V][LoraMesher.cpp:754] printHeaderPacket(): [LoRaMesher] Packet send -- Size: 24 Src: D110 Dst: FFFF Id: 9 Type: 4 Via: 0 Seq_Id: 0 Num: 0
19:53:50.694 > [970149][V][LoraMesher.cpp:575] sendPackets(): [LoRaMesher] TimeOnAir 78 ms, next message in 0 ms
19:53:50.704 > [970157][I][PacketQueueService.h:80] deleteQueuePacketAndPacket(): [LoRaMesher] Deleting packet
19:53:50.712 > [970166][I][PacketQueueService.h:83] deleteQueuePacketAndPacket(): [LoRaMesher] Deleting packet queue
19:53:52.134 > [971588][V][LoraMesher.cpp:378] receivingRoutine(): [LoRaMesher] Stack space unused after entering the task: 2064
19:53:52.144 > [971598][V][LoraMesher.cpp:379] receivingRoutine(): [LoRaMesher] Free heap: 335912
19:53:52.152 > [971606][I][PacketService.cpp:12] createEmptyPacket(): [LoRaMesher] Packet created with 24 bytes
19:53:52.161 > [971614][I][LoraMesher.cpp:392] receivingRoutine(): [LoRaMesher] Receiving LoRa packet: Size: 24 bytes RSSI: -26 SNR: 13
19:53:52.172 > [971626][V][LoraMesher.cpp:647] processPackets(): [LoRaMesher] Size of Received Packets Queue: 1
19:53:52.181 > [971634][V][LoraMesher.cpp:754] printHeaderPacket(): [LoRaMesher] Packet received -- Size: 24 Src: F02C Dst: FFFF Id: 8 Type: 4 Via: 0 Seq_Id: 0 Num: 0
19:53:52.194 > [971648][I][RoutingTableService.cpp:77] processRoute(): [LoRaMesher] Route packet from F02C with size 4
19:53:52.203 > [971657][I][RoutingTableService.cpp:99] resetReceiveSNRRoutePacket(): [LoRaMesher] Reset Receive SNR from F02C: 13
19:53:52.213 > [971667][I][RoutingTableService.cpp:192] printRoutingTable(): [LoRaMesher] Current routing table:
19:53:52.222 > [971676][I][RoutingTableService.cpp:206] printRoutingTable(): [LoRaMesher] 0 - F02C via F02C metric 1 Role 0
19:53:52.232 > [971685][I][RoutingTableService.cpp:206] printRoutingTable(): [LoRaMesher] 1 - AFC0 via F02C metric 2 Role 0
19:53:52.241 > [971695][I][RoutingTableService.cpp:206] printRoutingTable(): [LoRaMesher] 2 - DE6C via F02C metric 3 Role 0
19:53:52.251 > [971705][I][RoutingTableService.cpp:206] printRoutingTable(): [LoRaMesher] 3 - B3F0 via F02C metric 4 Role 0
19:53:52.260 > [971714][I][PacketQueueService.h:80] deleteQueuePacketAndPacket(): [LoRaMesher] Deleting packet
19:53:52.269 > [971723][I][PacketQueueService.h:83] deleteQueuePacketAndPacket(): [LoRaMesher] Deleting packet queue
19:53:52.278 > [971732][V][LoraMesher.cpp:641] processPackets(): [LoRaMesher] Stack space unused after entering the task: 2120
19:53:52.288 > [971742][V][LoraMesher.cpp:642] processPackets(): [LoRaMesher] Free heap: 335912
19:53:58.222 > [977676][V][LoraMesher.cpp:378] receivingRoutine(): [LoRaMesher] Stack space unused after entering the task: 2064
19:53:58.233 > [977686][V][LoraMesher.cpp:379] receivingRoutine(): [LoRaMesher] Free heap: 335912
19:53:58.240 > [977693][I][PacketService.cpp:12] createEmptyPacket(): [LoRaMesher] Packet created with 17 bytes
19:53:58.249 > [977702][I][LoraMesher.cpp:392] receivingRoutine(): [LoRaMesher] Receiving LoRa packet: Size: 17 bytes RSSI: -19 SNR: 13
19:53:58.260 > [977713][V][LoraMesher.cpp:647] processPackets(): [LoRaMesher] Size of Received Packets Queue: 1
19:53:58.269 > [977722][I][PacketQueueService.h:80] deleteQueuePacketAndPacket(): [LoRaMesher] Deleting packet
19:53:58.277 > [977730][I][PacketQueueService.h:83] deleteQueuePacketAndPacket(): [LoRaMesher] Deleting packet queue
19:53:58.286 > [977739][V][LoraMesher.cpp:658] processPackets(): [LoRaMesher] TESTING: Packet not for me, deleting it
19:53:58.296 > [977748][V][LoraMesher.cpp:641] processPackets(): [LoRaMesher] Stack space unused after entering the task: 2120
19:53:58.305 > [977758][V][LoraMesher.cpp:642] processPackets(): [LoRaMesher] Free heap: 335912
19:53:59.135 > [978588][V][LoraMesher.cpp:378] receivingRoutine(): [LoRaMesher] Stack space unused after entering the task: 2064
19:53:59.146 > [978599][V][LoraMesher.cpp:379] receivingRoutine(): [LoRaMesher] Free heap: 335912
19:53:59.153 > [978606][I][PacketService.cpp:12] createEmptyPacket(): [LoRaMesher] Packet created with 17 bytes
19:53:59.162 > [978615][I][LoraMesher.cpp:392] receivingRoutine(): [LoRaMesher] Receiving LoRa packet: Size: 17 bytes RSSI: -17 SNR: 13
19:53:59.173 > [978626][V][LoraMesher.cpp:647] processPackets(): [LoRaMesher] Size of Received Packets Queue: 1
19:53:59.182 > [978635][I][PacketQueueService.h:80] deleteQueuePacketAndPacket(): [LoRaMesher] Deleting packet
19:53:59.190 > [978643][I][PacketQueueService.h:83] deleteQueuePacketAndPacket(): [LoRaMesher] Deleting packet queue
19:53:59.199 > [978652][V][LoraMesher.cpp:658] processPackets(): [LoRaMesher] TESTING: Packet not for me, deleting it
19:53:59.208 > [978661][V][LoraMesher.cpp:641] processPackets(): [LoRaMesher] Stack space unused after entering the task: 2120
19:53:59.218 > [978671][V][LoraMesher.cpp:642] processPackets(): [LoRaMesher] Free heap: 335912
19:53:59.654 > [979107][V][LoraMesher.cpp:378] receivingRoutine(): [LoRaMesher] Stack space unused after entering the task: 2064
19:53:59.665 > [979118][V][LoraMesher.cpp:379] receivingRoutine(): [LoRaMesher] Free heap: 335912
19:53:59.672 > [979125][I][PacketService.cpp:12] createEmptyPacket(): [LoRaMesher] Packet created with 17 bytes
19:53:59.681 > [979134][I][LoraMesher.cpp:392] receivingRoutine(): [LoRaMesher] Receiving LoRa packet: Size: 17 bytes RSSI: -66 SNR: 11
19:53:59.692 > [979145][V][LoraMesher.cpp:647] processPackets(): [LoRaMesher] Size of Received Packets Queue: 1
19:53:59.701 > [979154][I][PacketQueueService.h:80] deleteQueuePacketAndPacket(): [LoRaMesher] Deleting packet
19:53:59.709 > [979162][I][PacketQueueService.h:83] deleteQueuePacketAndPacket(): [LoRaMesher] Deleting packet queue
19:53:59.718 > [979171][V][LoraMesher.cpp:658] processPackets(): [LoRaMesher] TESTING: Packet not for me, deleting it
19:53:59.727 > [979180][V][LoraMesher.cpp:641] processPackets(): [LoRaMesher] Stack space unused after entering the task: 2120
19:53:59.737 > [979190][V][LoraMesher.cpp:642] processPackets(): [LoRaMesher] Free heap: 335912
19:54:00.272 > [979725][V][LoraMesher.cpp:378] receivingRoutine(): [LoRaMesher] Stack space unused after entering the task: 2064
19:54:00.282 > [979735][V][LoraMesher.cpp:379] receivingRoutine(): [LoRaMesher] Free heap: 335912
19:54:00.290 > [979743][I][PacketService.cpp:12] createEmptyPacket(): [LoRaMesher] Packet created with 17 bytes
19:54:00.298 > [979751][I][LoraMesher.cpp:392] receivingRoutine(): [LoRaMesher] Receiving LoRa packet: Size: 17 bytes RSSI: -25 SNR: 13
19:54:00.310 > [979762][V][LoraMesher.cpp:647] processPackets(): [LoRaMesher] Size of Received Packets Queue: 1
19:54:00.318 > [979771][V][LoraMesher.cpp:754] printHeaderPacket(): [LoRaMesher] Packet received -- Size: 17 Src: B3F0 Dst: D110 Id: 59 Type: 2 Via: D110 Seq_Id: 0 Num: 0
19:54:00.332 > [979785][I][LoraMesher.cpp:854] processDataPacket(): [LoRaMesher] Data packet from B3F0, destination D110, via D110
19:54:00.342 > [979795][V][LoraMesher.cpp:857] processDataPacket(): [LoRaMesher] Data packet from B3F0 for me
19:54:00.351 > [979804][V][LoraMesher.cpp:893] processDataPacketForMe(): [LoRaMesher] Data Packet received
19:54:00.359 > [979812][I][PacketQueueService.h:80] deleteQueuePacketAndPacket(): [LoRaMesher] Deleting packet
19:54:00.367 > [979820][I][PacketQueueService.h:83] deleteQueuePacketAndPacket(): [LoRaMesher] Deleting packet queue
19:54:00.376 > [979829][V][LoraMesher.cpp:641] processPackets(): [LoRaMesher] Stack space unused after entering the task: 2120
19:54:00.386 > [979839][V][LoraMesher.cpp:642] processPackets(): [LoRaMesher] Free heap: 335852
19:54:00.558 > ReceivedUserData_TaskHandle notify received
19:54:00.563 > Queue receiveUserData size: 1
19:54:00.565 > Packet arrived from B3F0 with size 8
19:54:00.568 > DATA:50 b3f0
19:54:18.786 > [998237][V][LoraMesher.cpp:378] receivingRoutine(): [LoRaMesher] Stack space unused after entering the task: 2064
19:54:18.796 > [998248][V][LoraMesher.cpp:379] receivingRoutine(): [LoRaMesher] Free heap: 335912
19:54:18.804 > [998255][I][PacketService.cpp:12] createEmptyPacket(): [LoRaMesher] Packet created with 17 bytes
19:54:18.813 > [998264][I][LoraMesher.cpp:392] receivingRoutine(): [LoRaMesher] Receiving LoRa packet: Size: 17 bytes RSSI: -17 SNR: 13
19:54:18.824 > [998275][V][LoraMesher.cpp:647] processPackets(): [LoRaMesher] Size of Received Packets Queue: 1
19:54:18.832 > [998284][I][PacketQueueService.h:80] deleteQueuePacketAndPacket(): [LoRaMesher] Deleting packet
19:54:18.841 > [998292][I][PacketQueueService.h:83] deleteQueuePacketAndPacket(): [LoRaMesher] Deleting packet queue
19:54:18.850 > [998301][V][LoraMesher.cpp:658] processPackets(): [LoRaMesher] TESTING: Packet not for me, deleting it
19:54:18.859 > [998310][V][LoraMesher.cpp:641] processPackets(): [LoRaMesher] Stack space unused after entering the task: 2120
19:54:18.869 > [998320][V][LoraMesher.cpp:642] processPackets(): [LoRaMesher] Free heap: 335912
19:54:19.888 > [999339][V][LoraMesher.cpp:378] receivingRoutine(): [LoRaMesher] Stack space unused after entering the task: 2064
19:54:19.898 > [999349][V][LoraMesher.cpp:379] receivingRoutine(): [LoRaMesher] Free heap: 335912
19:54:19.905 > [999357][I][PacketService.cpp:12] createEmptyPacket(): [LoRaMesher] Packet created with 17 bytes
19:54:19.914 > [999365][I][LoraMesher.cpp:392] receivingRoutine(): [LoRaMesher] Receiving LoRa packet: Size: 17 bytes RSSI: -16 SNR: 13
19:54:19.925 > [999376][V][LoraMesher.cpp:647] processPackets(): [LoRaMesher] Size of Received Packets Queue: 1
19:54:19.934 > [999385][I][PacketQueueService.h:80] deleteQueuePacketAndPacket(): [LoRaMesher] Deleting packet
19:54:19.942 > [999394][I][PacketQueueService.h:83] deleteQueuePacketAndPacket(): [LoRaMesher] Deleting packet queue
19:54:19.951 > [999403][V][LoraMesher.cpp:658] processPackets(): [LoRaMesher] TESTING: Packet not for me, deleting it
19:54:19.961 > [999412][V][LoraMesher.cpp:641] processPackets(): [LoRaMesher] Stack space unused after entering the task: 2120
19:54:19.970 > [999422][V][LoraMesher.cpp:642] processPackets(): [LoRaMesher] Free heap: 335912
19:54:20.571 > [1000022][V][LoraMesher.cpp:378] receivingRoutine(): [LoRaMesher] Stack space unused after entering the task: 2064
19:54:20.581 > [1000033][V][LoraMesher.cpp:379] receivingRoutine(): [LoRaMesher] Free heap: 335912
19:54:20.590 > [1000040][I][PacketService.cpp:12] createEmptyPacket(): [LoRaMesher] Packet created with 17 bytes
19:54:20.598 > [1000049][I][LoraMesher.cpp:392] receivingRoutine(): [LoRaMesher] Receiving LoRa packet: Size: 17 bytes RSSI: -66 SNR: 11
19:54:20.609 > [1000060][V][LoraMesher.cpp:647] processPackets(): [LoRaMesher] Size of Received Packets Queue: 1
19:54:20.619 > [1000069][I][PacketQueueService.h:80] deleteQueuePacketAndPacket(): [LoRaMesher] Deleting packet
19:54:20.626 > [1000078][I][PacketQueueService.h:83] deleteQueuePacketAndPacket(): [LoRaMesher] Deleting packet queue
19:54:20.635 > [1000087][V][LoraMesher.cpp:658] processPackets(): [LoRaMesher] TESTING: Packet not for me, deleting it
19:54:20.645 > [1000096][V][LoraMesher.cpp:641] processPackets(): [LoRaMesher] Stack space unused after entering the task: 2120
19:54:20.655 > [1000106][V][LoraMesher.cpp:642] processPackets(): [LoRaMesher] Free heap: 335912
19:54:21.505 > [1000956][V][LoraMesher.cpp:378] receivingRoutine(): [LoRaMesher] Stack space unused after entering the task: 2064
19:54:21.516 > [1000966][V][LoraMesher.cpp:379] receivingRoutine(): [LoRaMesher] Free heap: 335912
19:54:21.524 > [1000974][I][PacketService.cpp:12] createEmptyPacket(): [LoRaMesher] Packet created with 17 bytes
19:54:21.532 > [1000983][I][LoraMesher.cpp:392] receivingRoutine(): [LoRaMesher] Receiving LoRa packet: Size: 17 bytes RSSI: -23 SNR: 13
19:54:21.543 > [1000994][V][LoraMesher.cpp:647] processPackets(): [LoRaMesher] Size of Received Packets Queue: 1
19:54:21.552 > [1001003][V][LoraMesher.cpp:754] printHeaderPacket(): [LoRaMesher] Packet received -- Size: 17 Src: B3F0 Dst: D110 Id: 60 Type: 2 Via: D110 Seq_Id: 0 Num: 0
19:54:21.566 > [1001016][I][LoraMesher.cpp:854] processDataPacket(): [LoRaMesher] Data packet from B3F0, destination D110, via D110
19:54:21.577 > [1001027][V][LoraMesher.cpp:857] processDataPacket(): [LoRaMesher] Data packet from B3F0 for me
19:54:21.585 > [1001035][V][LoraMesher.cpp:893] processDataPacketForMe(): [LoRaMesher] Data Packet received
19:54:21.593 > [1001043][I][PacketQueueService.h:80] deleteQueuePacketAndPacket(): [LoRaMesher] Deleting packet
19:54:21.602 > [1001052][I][PacketQueueService.h:83] deleteQueuePacketAndPacket(): [LoRaMesher] Deleting packet queue
19:54:21.611 > [1001061][V][LoraMesher.cpp:641] processPackets(): [LoRaMesher] Stack space unused after entering the task: 2120
19:54:21.621 > [1001071][V][LoraMesher.cpp:642] processPackets(): [LoRaMesher] Free heap: 335852
19:54:21.792 > ReceivedUserData_TaskHandle notify received
19:54:21.796 > Queue receiveUserData size: 1
19:54:21.799 > Packet arrived from B3F0 with size 8
19:54:21.802 > DATA:51 b3f0
19:54:38.525 > [1017974][V][LoraMesher.cpp:378] receivingRoutine(): [LoRaMesher] Stack space unused after entering the task: 2064
19:54:38.536 > [1017985][V][LoraMesher.cpp:379] receivingRoutine(): [LoRaMesher] Free heap: 335912
19:54:38.544 > [1017992][I][PacketService.cpp:12] createEmptyPacket(): [LoRaMesher] Packet created with 17 bytes
19:54:38.553 > [1018001][I][LoraMesher.cpp:392] receivingRoutine(): [LoRaMesher] Receiving LoRa packet: Size: 17 bytes RSSI: -20 SNR: 13
19:54:38.564 > [1018012][V][LoraMesher.cpp:647] processPackets(): [LoRaMesher] Size of Received Packets Queue: 1
19:54:38.573 > [1018021][I][PacketQueueService.h:80] deleteQueuePacketAndPacket(): [LoRaMesher] Deleting packet
19:54:38.581 > [1018030][I][PacketQueueService.h:83] deleteQueuePacketAndPacket(): [LoRaMesher] Deleting packet queue
19:54:38.590 > [1018039][V][LoraMesher.cpp:658] processPackets(): [LoRaMesher] TESTING: Packet not for me, deleting it
19:54:38.599 > [1018048][V][LoraMesher.cpp:641] processPackets(): [LoRaMesher] Stack space unused after entering the task: 2120
19:54:38.609 > [1018058][V][LoraMesher.cpp:642] processPackets(): [LoRaMesher] Free heap: 335912
19:54:39.829 > [1019277][V][LoraMesher.cpp:378] receivingRoutine(): [LoRaMesher] Stack space unused after entering the task: 2064
19:54:39.839 > [1019288][V][LoraMesher.cpp:379] receivingRoutine(): [LoRaMesher] Free heap: 335912
19:54:39.847 > [1019295][I][PacketService.cpp:12] createEmptyPacket(): [LoRaMesher] Packet created with 17 bytes
19:54:39.856 > [1019304][I][LoraMesher.cpp:392] receivingRoutine(): [LoRaMesher] Receiving LoRa packet: Size: 17 bytes RSSI: -17 SNR: 13
19:54:39.867 > [1019315][V][LoraMesher.cpp:647] processPackets(): [LoRaMesher] Size of Received Packets Queue: 1
19:54:39.876 > [1019324][I][PacketQueueService.h:80] deleteQueuePacketAndPacket(): [LoRaMesher] Deleting packet
19:54:39.884 > [1019333][I][PacketQueueService.h:83] deleteQueuePacketAndPacket(): [LoRaMesher] Deleting packet queue
19:54:39.893 > [1019342][V][LoraMesher.cpp:658] processPackets(): [LoRaMesher] TESTING: Packet not for me, deleting it
19:54:39.903 > [1019351][V][LoraMesher.cpp:641] processPackets(): [LoRaMesher] Stack space unused after entering the task: 2120
19:54:39.913 > [1019361][V][LoraMesher.cpp:642] processPackets(): [LoRaMesher] Free heap: 335912
19:54:40.305 > [1019754][V][LoraMesher.cpp:378] receivingRoutine(): [LoRaMesher] Stack space unused after entering the task: 2064
19:54:40.316 > [1019765][V][LoraMesher.cpp:379] receivingRoutine(): [LoRaMesher] Free heap: 335912
19:54:40.324 > [1019772][I][PacketService.cpp:12] createEmptyPacket(): [LoRaMesher] Packet created with 17 bytes
19:54:40.332 > [1019781][I][LoraMesher.cpp:392] receivingRoutine(): [LoRaMesher] Receiving LoRa packet: Size: 17 bytes RSSI: -65 SNR: 12
19:54:40.344 > [1019792][V][LoraMesher.cpp:647] processPackets(): [LoRaMesher] Size of Received Packets Queue: 1
19:54:40.352 > [1019801][I][PacketQueueService.h:80] deleteQueuePacketAndPacket(): [LoRaMesher] Deleting packet
19:54:40.361 > [1019809][I][PacketQueueService.h:83] deleteQueuePacketAndPacket(): [LoRaMesher] Deleting packet queue
19:54:40.370 > [1019819][V][LoraMesher.cpp:658] processPackets(): [LoRaMesher] TESTING: Packet not for me, deleting it
19:54:40.379 > [1019828][V][LoraMesher.cpp:641] processPackets(): [LoRaMesher] Stack space unused after entering the task: 2120
19:54:40.389 > [1019838][V][LoraMesher.cpp:642] processPackets(): [LoRaMesher] Free heap: 335912
19:54:41.685 > [1021134][V][LoraMesher.cpp:378] receivingRoutine(): [LoRaMesher] Stack space unused after entering the task: 2064
19:54:41.696 > [1021144][V][LoraMesher.cpp:379] receivingRoutine(): [LoRaMesher] Free heap: 335912
19:54:41.703 > [1021152][I][PacketService.cpp:12] createEmptyPacket(): [LoRaMesher] Packet created with 17 bytes
19:54:41.712 > [1021161][I][LoraMesher.cpp:392] receivingRoutine(): [LoRaMesher] Receiving LoRa packet: Size: 17 bytes RSSI: -23 SNR: 12
19:54:41.723 > [1021172][V][LoraMesher.cpp:647] processPackets(): [LoRaMesher] Size of Received Packets Queue: 1
19:54:41.732 > [1021181][V][LoraMesher.cpp:754] printHeaderPacket(): [LoRaMesher] Packet received -- Size: 17 Src: B3F0 Dst: D110 Id: 61 Type: 2 Via: D110 Seq_Id: 0 Num: 0
19:54:41.746 > [1021194][I][LoraMesher.cpp:854] processDataPacket(): [LoRaMesher] Data packet from B3F0, destination D110, via D110
19:54:41.756 > [1021205][V][LoraMesher.cpp:857] processDataPacket(): [LoRaMesher] Data packet from B3F0 for me
19:54:41.765 > [1021213][V][LoraMesher.cpp:893] processDataPacketForMe(): [LoRaMesher] Data Packet received
19:54:41.773 > [1021221][I][PacketQueueService.h:80] deleteQueuePacketAndPacket(): [LoRaMesher] Deleting packet
19:54:41.782 > [1021230][I][PacketQueueService.h:83] deleteQueuePacketAndPacket(): [LoRaMesher] Deleting packet queue
19:54:41.791 > [1021239][V][LoraMesher.cpp:641] processPackets(): [LoRaMesher] Stack space unused after entering the task: 2120
19:54:41.801 > [1021249][V][LoraMesher.cpp:642] processPackets(): [LoRaMesher] Free heap: 335852
19:54:41.972 > ReceivedUserData_TaskHandle notify received
19:54:41.976 > Queue receiveUserData size: 1
19:54:41.979 > Packet arrived from B3F0 with size 8
19:54:41.982 > DATA:52 b3f0
19:54:58.798 > [1038245][V][LoraMesher.cpp:378] receivingRoutine(): [LoRaMesher] Stack space unused after entering the task: 2064
19:54:58.809 > [1038255][V][LoraMesher.cpp:379] receivingRoutine(): [LoRaMesher] Free heap: 335912
19:54:58.816 > [1038263][I][PacketService.cpp:12] createEmptyPacket(): [LoRaMesher] Packet created with 17 bytes
19:54:58.825 > [1038272][I][LoraMesher.cpp:392] receivingRoutine(): [LoRaMesher] Receiving LoRa packet: Size: 17 bytes RSSI: -20 SNR: 13
19:54:58.836 > [1038283][V][LoraMesher.cpp:647] processPackets(): [LoRaMesher] Size of Received Packets Queue: 1
19:54:58.845 > [1038292][I][PacketQueueService.h:80] deleteQueuePacketAndPacket(): [LoRaMesher] Deleting packet
19:54:58.854 > [1038301][I][PacketQueueService.h:83] deleteQueuePacketAndPacket(): [LoRaMesher] Deleting packet queue
19:54:58.863 > [1038310][V][LoraMesher.cpp:658] processPackets(): [LoRaMesher] TESTING: Packet not for me, deleting it
19:54:58.872 > [1038319][V][LoraMesher.cpp:641] processPackets(): [LoRaMesher] Stack space unused after entering the task: 2120
19:54:58.882 > [1038329][V][LoraMesher.cpp:642] processPackets(): [LoRaMesher] Free heap: 335912
19:54:59.697 > [1039144][V][LoraMesher.cpp:378] receivingRoutine(): [LoRaMesher] Stack space unused after entering the task: 2064
19:54:59.707 > [1039154][V][LoraMesher.cpp:379] receivingRoutine(): [LoRaMesher] Free heap: 335912
19:54:59.715 > [1039162][I][PacketService.cpp:12] createEmptyPacket(): [LoRaMesher] Packet created with 17 bytes
19:54:59.724 > [1039171][I][LoraMesher.cpp:392] receivingRoutine(): [LoRaMesher] Receiving LoRa packet: Size: 17 bytes RSSI: -17 SNR: 13
19:54:59.735 > [1039182][V][LoraMesher.cpp:647] processPackets(): [LoRaMesher] Size of Received Packets Queue: 1
19:54:59.744 > [1039191][I][PacketQueueService.h:80] deleteQueuePacketAndPacket(): [LoRaMesher] Deleting packet
19:54:59.752 > [1039199][I][PacketQueueService.h:83] deleteQueuePacketAndPacket(): [LoRaMesher] Deleting packet queue
19:54:59.761 > [1039208][V][LoraMesher.cpp:658] processPackets(): [LoRaMesher] TESTING: Packet not for me, deleting it
19:54:59.771 > [1039217][V][LoraMesher.cpp:641] processPackets(): [LoRaMesher] Stack space unused after entering the task: 2120
19:54:59.781 > [1039228][V][LoraMesher.cpp:642] processPackets(): [LoRaMesher] Free heap: 335912
19:55:00.728 > [1040175][V][LoraMesher.cpp:378] receivingRoutine(): [LoRaMesher] Stack space unused after entering the task: 2064
19:55:00.739 > [1040185][V][LoraMesher.cpp:379] receivingRoutine(): [LoRaMesher] Free heap: 335912
19:55:00.746 > [1040193][I][PacketService.cpp:12] createEmptyPacket(): [LoRaMesher] Packet created with 17 bytes
19:55:00.755 > [1040202][I][LoraMesher.cpp:392] receivingRoutine(): [LoRaMesher] Receiving LoRa packet: Size: 17 bytes RSSI: -65 SNR: 12
19:55:00.766 > [1040213][V][LoraMesher.cpp:647] processPackets(): [LoRaMesher] Size of Received Packets Queue: 1
19:55:00.775 > [1040222][I][PacketQueueService.h:80] deleteQueuePacketAndPacket(): [LoRaMesher] Deleting packet
19:55:00.784 > [1040230][I][PacketQueueService.h:83] deleteQueuePacketAndPacket(): [LoRaMesher] Deleting packet queue
19:55:00.793 > [1040239][V][LoraMesher.cpp:658] processPackets(): [LoRaMesher] TESTING: Packet not for me, deleting it
19:55:00.802 > [1040249][V][LoraMesher.cpp:641] processPackets(): [LoRaMesher] Stack space unused after entering the task: 2120
19:55:00.812 > [1040259][V][LoraMesher.cpp:642] processPackets(): [LoRaMesher] Free heap: 335912
19:55:01.553 > [1041000][V][LoraMesher.cpp:378] receivingRoutine(): [LoRaMesher] Stack space unused after entering the task: 2064
19:55:01.563 > [1041010][V][LoraMesher.cpp:379] receivingRoutine(): [LoRaMesher] Free heap: 335912
19:55:01.571 > [1041018][I][PacketService.cpp:12] createEmptyPacket(): [LoRaMesher] Packet created with 17 bytes
19:55:01.580 > [1041027][I][LoraMesher.cpp:392] receivingRoutine(): [LoRaMesher] Receiving LoRa packet: Size: 17 bytes RSSI: -24 SNR: 13
19:55:01.591 > [1041038][V][LoraMesher.cpp:647] processPackets(): [LoRaMesher] Size of Received Packets Queue: 1
19:55:01.600 > [1041046][V][LoraMesher.cpp:754] printHeaderPacket(): [LoRaMesher] Packet received -- Size: 17 Src: B3F0 Dst: D110 Id: 62 Type: 2 Via: D110 Seq_Id: 0 Num: 0
19:55:01.614 > [1041060][I][LoraMesher.cpp:854] processDataPacket(): [LoRaMesher] Data packet from B3F0, destination D110, via D110
19:55:01.624 > [1041071][V][LoraMesher.cpp:857] processDataPacket(): [LoRaMesher] Data packet from B3F0 for me
19:55:01.632 > [1041079][V][LoraMesher.cpp:893] processDataPacketForMe(): [LoRaMesher] Data Packet received
19:55:01.641 > [1041087][I][PacketQueueService.h:80] deleteQueuePacketAndPacket(): [LoRaMesher] Deleting packet
19:55:01.649 > [1041096][I][PacketQueueService.h:83] deleteQueuePacketAndPacket(): [LoRaMesher] Deleting packet queue
19:55:01.658 > [1041105][V][LoraMesher.cpp:641] processPackets(): [LoRaMesher] Stack space unused after entering the task: 2120
19:55:01.668 > [1041115][V][LoraMesher.cpp:642] processPackets(): [LoRaMesher] Free heap: 335852
19:55:01.840 > ReceivedUserData_TaskHandle notify received
19:55:01.844 > Queue receiveUserData size: 1
19:55:01.846 > Packet arrived from B3F0 with size 8
19:55:01.849 > DATA:53 b3f0
19:55:14.905 > [1054350][V][LoraMesher.cpp:378] receivingRoutine(): [LoRaMesher] Stack space unused after entering the task: 2064
19:55:14.916 > [1054361][V][LoraMesher.cpp:379] receivingRoutine(): [LoRaMesher] Free heap: 335912
19:55:14.923 > [1054368][I][PacketService.cpp:12] createEmptyPacket(): [LoRaMesher] Packet created with 24 bytes
19:55:14.932 > [1054377][I][LoraMesher.cpp:392] receivingRoutine(): [LoRaMesher] Receiving LoRa packet: Size: 24 bytes RSSI: -20 SNR: 13
19:55:14.943 > [1054388][V][LoraMesher.cpp:647] processPackets(): [LoRaMesher] Size of Received Packets Queue: 1
19:55:14.952 > [1054397][I][PacketQueueService.h:80] deleteQueuePacketAndPacket(): [LoRaMesher] Deleting packet
19:55:14.961 > [1054406][I][PacketQueueService.h:83] deleteQueuePacketAndPacket(): [LoRaMesher] Deleting packet queue
19:55:14.970 > [1054415][V][LoraMesher.cpp:658] processPackets(): [LoRaMesher] TESTING: Packet not for me, deleting it
19:55:14.979 > [1054424][V][LoraMesher.cpp:641] processPackets(): [LoRaMesher] Stack space unused after entering the task: 2120
19:55:14.989 > [1054434][V][LoraMesher.cpp:642] processPackets(): [LoRaMesher] Free heap: 335912
19:55:19.044 > [1058489][V][LoraMesher.cpp:378] receivingRoutine(): [LoRaMesher] Stack space unused after entering the task: 2064
19:55:19.054 > [1058499][V][LoraMesher.cpp:379] receivingRoutine(): [LoRaMesher] Free heap: 335912
19:55:19.062 > [1058507][I][PacketService.cpp:12] createEmptyPacket(): [LoRaMesher] Packet created with 17 bytes
19:55:19.071 > [1058516][I][LoraMesher.cpp:392] receivingRoutine(): [LoRaMesher] Receiving LoRa packet: Size: 17 bytes RSSI: -17 SNR: 13
19:55:19.082 > [1058527][V][LoraMesher.cpp:647] processPackets(): [LoRaMesher] Size of Received Packets Queue: 1
19:55:19.091 > [1058536][I][PacketQueueService.h:80] deleteQueuePacketAndPacket(): [LoRaMesher] Deleting packet
19:55:19.099 > [1058544][I][PacketQueueService.h:83] deleteQueuePacketAndPacket(): [LoRaMesher] Deleting packet queue
19:55:19.108 > [1058553][V][LoraMesher.cpp:658] processPackets(): [LoRaMesher] TESTING: Packet not for me, deleting it
19:55:19.118 > [1058563][V][LoraMesher.cpp:641] processPackets(): [LoRaMesher] Stack space unused after entering the task: 2120
19:55:19.128 > [1058573][V][LoraMesher.cpp:642] processPackets(): [LoRaMesher] Free heap: 335912
19:55:19.528 > [1058974][V][LoraMesher.cpp:378] receivingRoutine(): [LoRaMesher] Stack space unused after entering the task: 2064
19:55:19.539 > [1058984][V][LoraMesher.cpp:379] receivingRoutine(): [LoRaMesher] Free heap: 335912
19:55:19.546 > [1058991][I][PacketService.cpp:12] createEmptyPacket(): [LoRaMesher] Packet created with 17 bytes
19:55:19.555 > [1059000][I][LoraMesher.cpp:392] receivingRoutine(): [LoRaMesher] Receiving LoRa packet: Size: 17 bytes RSSI: -17 SNR: 12
19:55:19.566 > [1059011][V][LoraMesher.cpp:647] processPackets(): [LoRaMesher] Size of Received Packets Queue: 1
19:55:19.575 > [1059020][I][PacketQueueService.h:80] deleteQueuePacketAndPacket(): [LoRaMesher] Deleting packet
19:55:19.584 > [1059029][I][PacketQueueService.h:83] deleteQueuePacketAndPacket(): [LoRaMesher] Deleting packet queue
19:55:19.593 > [1059038][V][LoraMesher.cpp:658] processPackets(): [LoRaMesher] TESTING: Packet not for me, deleting it
19:55:19.602 > [1059047][V][LoraMesher.cpp:641] processPackets(): [LoRaMesher] Stack space unused after entering the task: 2120
19:55:19.612 > [1059057][V][LoraMesher.cpp:642] processPackets(): [LoRaMesher] Free heap: 335912
19:55:20.011 > [1059456][V][LoraMesher.cpp:378] receivingRoutine(): [LoRaMesher] Stack space unused after entering the task: 2064
19:55:20.021 > [1059466][V][LoraMesher.cpp:379] receivingRoutine(): [LoRaMesher] Free heap: 335912
19:55:20.029 > [1059474][I][PacketService.cpp:12] createEmptyPacket(): [LoRaMesher] Packet created with 17 bytes
19:55:20.038 > [1059483][I][LoraMesher.cpp:392] receivingRoutine(): [LoRaMesher] Receiving LoRa packet: Size: 17 bytes RSSI: -66 SNR: 11
19:55:20.049 > [1059494][V][LoraMesher.cpp:647] processPackets(): [LoRaMesher] Size of Received Packets Queue: 1
19:55:20.058 > [1059503][I][PacketQueueService.h:80] deleteQueuePacketAndPacket(): [LoRaMesher] Deleting packet
19:55:20.066 > [1059511][I][PacketQueueService.h:83] deleteQueuePacketAndPacket(): [LoRaMesher] Deleting packet queue
19:55:20.075 > [1059520][V][LoraMesher.cpp:658] processPackets(): [LoRaMesher] TESTING: Packet not for me, deleting it
19:55:20.085 > [1059529][V][LoraMesher.cpp:641] processPackets(): [LoRaMesher] Stack space unused after entering the task: 2120
19:55:20.094 > [1059540][V][LoraMesher.cpp:642] processPackets(): [LoRaMesher] Free heap: 335912
19:55:21.429 > [1060874][V][LoraMesher.cpp:378] receivingRoutine(): [LoRaMesher] Stack space unused after entering the task: 2064
19:55:21.439 > [1060884][V][LoraMesher.cpp:379] receivingRoutine(): [LoRaMesher] Free heap: 335912
19:55:21.447 > [1060892][I][PacketService.cpp:12] createEmptyPacket(): [LoRaMesher] Packet created with 17 bytes
19:55:21.456 > [1060901][I][LoraMesher.cpp:392] receivingRoutine(): [LoRaMesher] Receiving LoRa packet: Size: 17 bytes RSSI: -28 SNR: 14
19:55:21.467 > [1060912][V][LoraMesher.cpp:647] processPackets(): [LoRaMesher] Size of Received Packets Queue: 1
19:55:21.475 > [1060920][V][LoraMesher.cpp:754] printHeaderPacket(): [LoRaMesher] Packet received -- Size: 17 Src: B3F0 Dst: D110 Id: 64 Type: 2 Via: D110 Seq_Id: 0 Num: 0
19:55:21.490 > [1060934][I][LoraMesher.cpp:854] processDataPacket(): [LoRaMesher] Data packet from B3F0, destination D110, via D110
19:55:21.500 > [1060945][V][LoraMesher.cpp:857] processDataPacket(): [LoRaMesher] Data packet from B3F0 for me
19:55:21.508 > [1060953][V][LoraMesher.cpp:893] processDataPacketForMe(): [LoRaMesher] Data Packet received
19:55:21.516 > [1060961][I][PacketQueueService.h:80] deleteQueuePacketAndPacket(): [LoRaMesher] Deleting packet
19:55:21.525 > [1060970][I][PacketQueueService.h:83] deleteQueuePacketAndPacket(): [LoRaMesher] Deleting packet queue
19:55:21.534 > [1060979][V][LoraMesher.cpp:641] processPackets(): [LoRaMesher] Stack space unused after entering the task: 2120
19:55:21.544 > [1060989][V][LoraMesher.cpp:642] processPackets(): [LoRaMesher] Free heap: 335852
19:55:21.715 > ReceivedUserData_TaskHandle notify received
19:55:21.719 > Queue receiveUserData size: 1
19:55:21.722 > Packet arrived from B3F0 with size 8
19:55:21.725 > DATA:54 b3f0
19:55:38.329 > [1077773][V][LoraMesher.cpp:378] receivingRoutine(): [LoRaMesher] Stack space unused after entering the task: 2064
19:55:38.340 > [1077783][V][LoraMesher.cpp:379] receivingRoutine(): [LoRaMesher] Free heap: 335912
19:55:38.348 > [1077791][I][PacketService.cpp:12] createEmptyPacket(): [LoRaMesher] Packet created with 17 bytes
19:55:38.356 > [1077800][I][LoraMesher.cpp:392] receivingRoutine(): [LoRaMesher] Receiving LoRa packet: Size: 17 bytes RSSI: -19 SNR: 13
19:55:38.368 > [1077811][V][LoraMesher.cpp:647] processPackets(): [LoRaMesher] Size of Received Packets Queue: 1
19:55:38.376 > [1077820][I][PacketQueueService.h:80] deleteQueuePacketAndPacket(): [LoRaMesher] Deleting packet
19:55:38.385 > [1077828][I][PacketQueueService.h:83] deleteQueuePacketAndPacket(): [LoRaMesher] Deleting packet queue
19:55:38.394 > [1077837][V][LoraMesher.cpp:658] processPackets(): [LoRaMesher] TESTING: Packet not for me, deleting it
19:55:38.403 > [1077847][V][LoraMesher.cpp:641] processPackets(): [LoRaMesher] Stack space unused after entering the task: 2120
19:55:38.413 > [1077857][V][LoraMesher.cpp:642] processPackets(): [LoRaMesher] Free heap: 335912
19:55:39.244 > [1078687][V][LoraMesher.cpp:378] receivingRoutine(): [LoRaMesher] Stack space unused after entering the task: 2064
19:55:39.254 > [1078697][V][LoraMesher.cpp:379] receivingRoutine(): [LoRaMesher] Free heap: 335912
19:55:39.262 > [1078705][I][PacketService.cpp:12] createEmptyPacket(): [LoRaMesher] Packet created with 17 bytes
19:55:39.270 > [1078714][I][LoraMesher.cpp:392] receivingRoutine(): [LoRaMesher] Receiving LoRa packet: Size: 17 bytes RSSI: -15 SNR: 13
19:55:39.282 > [1078725][V][LoraMesher.cpp:647] processPackets(): [LoRaMesher] Size of Received Packets Queue: 1
19:55:39.290 > [1078734][I][PacketQueueService.h:80] deleteQueuePacketAndPacket(): [LoRaMesher] Deleting packet
19:55:39.299 > [1078742][I][PacketQueueService.h:83] deleteQueuePacketAndPacket(): [LoRaMesher] Deleting packet queue
19:55:39.308 > [1078751][V][LoraMesher.cpp:658] processPackets(): [LoRaMesher] TESTING: Packet not for me, deleting it
19:55:39.317 > [1078760][V][LoraMesher.cpp:641] processPackets(): [LoRaMesher] Stack space unused after entering the task: 2120
19:55:39.327 > [1078771][V][LoraMesher.cpp:642] processPackets(): [LoRaMesher] Free heap: 335912
19:55:40.196 > [1079639][V][LoraMesher.cpp:378] receivingRoutine(): [LoRaMesher] Stack space unused after entering the task: 2064
19:55:40.207 > [1079649][V][LoraMesher.cpp:379] receivingRoutine(): [LoRaMesher] Free heap: 335912
19:55:40.214 > [1079657][I][PacketService.cpp:12] createEmptyPacket(): [LoRaMesher] Packet created with 17 bytes
19:55:40.222 > [1079666][I][LoraMesher.cpp:392] receivingRoutine(): [LoRaMesher] Receiving LoRa packet: Size: 17 bytes RSSI: -65 SNR: 13
19:55:40.234 > [1079677][V][LoraMesher.cpp:647] processPackets(): [LoRaMesher] Size of Received Packets Queue: 1
19:55:40.242 > [1079686][I][PacketQueueService.h:80] deleteQueuePacketAndPacket(): [LoRaMesher] Deleting packet
19:55:40.251 > [1079694][I][PacketQueueService.h:83] deleteQueuePacketAndPacket(): [LoRaMesher] Deleting packet queue
19:55:40.260 > [1079703][V][LoraMesher.cpp:658] processPackets(): [LoRaMesher] TESTING: Packet not for me, deleting it
19:55:40.269 > [1079712][V][LoraMesher.cpp:641] processPackets(): [LoRaMesher] Stack space unused after entering the task: 2120
19:55:40.279 > [1079722][V][LoraMesher.cpp:642] processPackets(): [LoRaMesher] Free heap: 335912
19:55:40.744 > [1080188][V][LoraMesher.cpp:378] receivingRoutine(): [LoRaMesher] Stack space unused after entering the task: 2064
19:55:40.755 > [1080198][V][LoraMesher.cpp:379] receivingRoutine(): [LoRaMesher] Free heap: 335912
19:55:40.763 > [1080206][I][PacketService.cpp:12] createEmptyPacket(): [LoRaMesher] Packet created with 17 bytes
19:55:40.772 > [1080214][I][LoraMesher.cpp:392] receivingRoutine(): [LoRaMesher] Receiving LoRa packet: Size: 17 bytes RSSI: -34 SNR: 13
19:55:40.782 > [1080226][V][LoraMesher.cpp:647] processPackets(): [LoRaMesher] Size of Received Packets Queue: 1
19:55:40.791 > [1080234][V][LoraMesher.cpp:754] printHeaderPacket(): [LoRaMesher] Packet received -- Size: 17 Src: B3F0 Dst: D110 Id: 65 Type: 2 Via: D110 Seq_Id: 0 Num: 0
19:55:40.805 > [1080248][I][LoraMesher.cpp:854] processDataPacket(): [LoRaMesher] Data packet from B3F0, destination D110, via D110
19:55:40.815 > [1080259][V][LoraMesher.cpp:857] processDataPacket(): [LoRaMesher] Data packet from B3F0 for me
19:55:40.825 > [1080267][V][LoraMesher.cpp:893] processDataPacketForMe(): [LoRaMesher] Data Packet received
19:55:40.833 > [1080275][I][PacketQueueService.h:80] deleteQueuePacketAndPacket(): [LoRaMesher] Deleting packet
19:55:40.841 > [1080284][I][PacketQueueService.h:83] deleteQueuePacketAndPacket(): [LoRaMesher] Deleting packet queue
19:55:40.850 > [1080293][V][LoraMesher.cpp:641] processPackets(): [LoRaMesher] Stack space unused after entering the task: 2120
19:55:40.861 > [1080303][V][LoraMesher.cpp:642] processPackets(): [LoRaMesher] Free heap: 335852
19:55:41.031 > ReceivedUserData_TaskHandle notify received
19:55:41.035 > Queue receiveUserData size: 1
19:55:41.038 > Packet arrived from B3F0 with size 8
19:55:41.042 > DATA:55 b3f0
19:55:49.046 > [1088489][V][LoraMesher.cpp:598] sendHelloPacket(): [LoRaMesher] Creating Routing Packet
19:55:49.054 > [1088496][V][LoraMesher.cpp:599] sendHelloPacket(): [LoRaMesher] Stack space unused after entering the task: 2328
19:55:49.064 > [1088507][V][LoraMesher.cpp:600] sendHelloPacket(): [LoRaMesher] Free heap: 335912
19:55:49.072 > [1088514][V][PacketFactory.h:45] createPacket(): [LoRaMesher] Creating packet with 24 bytes
19:55:49.080 > [1088522][I][PacketFactory.h:74] createPacket(): [LoRaMesher] Packet created with 24 bytes
19:55:49.088 > [1088530][I][LoraMesher.h:659] setPackedForSend(): [LoRaMesher] Adding packet to Q_SP
19:55:49.095 > [1088538][I][LoraMesher.h:661] setPackedForSend(): [LoRaMesher] Created packet to Q_SP
19:55:49.103 > [1088546][I][LoraMesher.cpp:1061] addToSendOrderedAndNotify(): [LoRaMesher] Added packet to Q_SP, notifying sender task
19:55:49.114 > [1088556][V][LoraMesher.cpp:511] sendPackets(): [LoRaMesher] Stack space unused after entering the task: 2196
19:55:49.124 > [1088566][V][LoraMesher.cpp:512] sendPackets(): [LoRaMesher] Free heap: 335812
19:55:49.130 > [1088573][V][LoraMesher.cpp:518] sendPackets(): [LoRaMesher] Size of Send Packets Queue: 1
19:55:49.139 > [1088581][V][LoraMesher.cpp:525] sendPackets(): [LoRaMesher] Send n. 9
19:55:49.145 > [1088587][V][LoraMesher.cpp:455] waitBeforeSend(): [LoRaMesher] RandomDelay 616 ms
19:55:49.642 > [1089085][V][LoraMesher.cpp:378] receivingRoutine(): [LoRaMesher] Stack space unused after entering the task: 2064
19:55:49.654 > [1089095][V][LoraMesher.cpp:379] receivingRoutine(): [LoRaMesher] Free heap: 335840
19:55:49.660 > [1089103][I][PacketService.cpp:12] createEmptyPacket(): [LoRaMesher] Packet created with 24 bytes
19:55:49.669 > [1089112][I][LoraMesher.cpp:392] receivingRoutine(): [LoRaMesher] Receiving LoRa packet: Size: 24 bytes RSSI: -65 SNR: 12
19:55:49.680 > [1089123][V][LoraMesher.cpp:647] processPackets(): [LoRaMesher] Size of Received Packets Queue: 1
19:55:49.689 > [1089132][I][PacketQueueService.h:80] deleteQueuePacketAndPacket(): [LoRaMesher] Deleting packet
19:55:49.698 > [1089140][I][PacketQueueService.h:83] deleteQueuePacketAndPacket(): [LoRaMesher] Deleting packet queue
19:55:49.707 > [1089149][V][LoraMesher.cpp:658] processPackets(): [LoRaMesher] TESTING: Packet not for me, deleting it
19:55:49.716 > [1089159][V][LoraMesher.cpp:641] processPackets(): [LoRaMesher] Stack space unused after entering the task: 2120
19:55:49.726 > [1089169][V][LoraMesher.cpp:642] processPackets(): [LoRaMesher] Free heap: 335840
19:55:49.774 > [1089216][V][LoraMesher.cpp:462] waitBeforeSend(): [LoRaMesher] Preamble detected while waiting 1
19:55:49.783 > [1089225][V][LoraMesher.cpp:455] waitBeforeSend(): [LoRaMesher] RandomDelay 364 ms
19:55:50.153 > [1089596][V][LoraMesher.cpp:754] printHeaderPacket(): [LoRaMesher] Packet send -- Size: 24 Src: D110 Dst: FFFF Id: 10 Type: 4 Via: 0 Seq_Id: 0 Num: 0
19:55:50.257 > [1089700][V][LoraMesher.cpp:575] sendPackets(): [LoRaMesher] TimeOnAir 78 ms, next message in 0 ms
19:55:50.267 > [1089709][I][PacketQueueService.h:80] deleteQueuePacketAndPacket(): [LoRaMesher] Deleting packet
19:55:50.275 > [1089717][I][PacketQueueService.h:83] deleteQueuePacketAndPacket(): [LoRaMesher] Deleting packet queue
19:55:51.434 > [1090876][V][LoraMesher.cpp:378] receivingRoutine(): [LoRaMesher] Stack space unused after entering the task: 2064
19:55:51.445 > [1090887][V][LoraMesher.cpp:379] receivingRoutine(): [LoRaMesher] Free heap: 335912
19:55:51.453 > [1090894][I][PacketService.cpp:12] createEmptyPacket(): [LoRaMesher] Packet created with 24 bytes
19:55:51.462 > [1090903][I][LoraMesher.cpp:392] receivingRoutine(): [LoRaMesher] Receiving LoRa packet: Size: 24 bytes RSSI: -13 SNR: 13
19:55:51.473 > [1090914][V][LoraMesher.cpp:647] processPackets(): [LoRaMesher] Size of Received Packets Queue: 1
19:55:51.482 > [1090923][I][PacketQueueService.h:80] deleteQueuePacketAndPacket(): [LoRaMesher] Deleting packet
19:55:51.490 > [1090932][I][PacketQueueService.h:83] deleteQueuePacketAndPacket(): [LoRaMesher] Deleting packet queue
19:55:51.499 > [1090941][V][LoraMesher.cpp:658] processPackets(): [LoRaMesher] TESTING: Packet not for me, deleting it
19:55:51.509 > [1090950][V][LoraMesher.cpp:641] processPackets(): [LoRaMesher] Stack space unused after entering the task: 2120
19:55:51.518 > [1090960][V][LoraMesher.cpp:642] processPackets(): [LoRaMesher] Free heap: 335912
19:55:52.545 > [1091988][V][LoraMesher.cpp:378] receivingRoutine(): [LoRaMesher] Stack space unused after entering the task: 2064
19:55:52.556 > [1091998][V][LoraMesher.cpp:379] receivingRoutine(): [LoRaMesher] Free heap: 335912
19:55:52.564 > [1092006][I][PacketService.cpp:12] createEmptyPacket(): [LoRaMesher] Packet created with 24 bytes
19:55:52.573 > [1092014][I][LoraMesher.cpp:392] receivingRoutine(): [LoRaMesher] Receiving LoRa packet: Size: 24 bytes RSSI: -27 SNR: 13
19:55:52.584 > [1092026][V][LoraMesher.cpp:647] processPackets(): [LoRaMesher] Size of Received Packets Queue: 1
19:55:52.593 > [1092034][V][LoraMesher.cpp:754] printHeaderPacket(): [LoRaMesher] Packet received -- Size: 24 Src: F02C Dst: FFFF Id: 9 Type: 4 Via: 0 Seq_Id: 0 Num: 0
19:55:52.606 > [1092048][I][RoutingTableService.cpp:77] processRoute(): [LoRaMesher] Route packet from F02C with size 4
19:55:52.616 > [1092057][I][RoutingTableService.cpp:99] resetReceiveSNRRoutePacket(): [LoRaMesher] Reset Receive SNR from F02C: 13
19:55:52.626 > [1092067][I][RoutingTableService.cpp:192] printRoutingTable(): [LoRaMesher] Current routing table:
19:55:52.635 > [1092076][I][RoutingTableService.cpp:206] printRoutingTable(): [LoRaMesher] 0 - F02C via F02C metric 1 Role 0
19:55:52.644 > [1092086][I][RoutingTableService.cpp:206] printRoutingTable(): [LoRaMesher] 1 - AFC0 via F02C metric 2 Role 0
19:55:52.654 > [1092096][I][RoutingTableService.cpp:206] printRoutingTable(): [LoRaMesher] 2 - DE6C via F02C metric 3 Role 0
19:55:52.664 > [1092105][I][RoutingTableService.cpp:206] printRoutingTable(): [LoRaMesher] 3 - B3F0 via F02C metric 4 Role 0
19:55:52.674 > [1092115][I][PacketQueueService.h:80] deleteQueuePacketAndPacket(): [LoRaMesher] Deleting packet
19:55:52.682 > [1092124][I][PacketQueueService.h:83] deleteQueuePacketAndPacket(): [LoRaMesher] Deleting packet queue
19:55:52.691 > [1092133][V][LoraMesher.cpp:641] processPackets(): [LoRaMesher] Stack space unused after entering the task: 2120
19:55:52.701 > [1092143][V][LoraMesher.cpp:642] processPackets(): [LoRaMesher] Free heap: 335912
19:55:58.387 > [1097829][V][LoraMesher.cpp:378] receivingRoutine(): [LoRaMesher] Stack space unused after entering the task: 2064
19:55:58.397 > [1097839][V][LoraMesher.cpp:379] receivingRoutine(): [LoRaMesher] Free heap: 335912
19:55:58.405 > [1097846][I][PacketService.cpp:12] createEmptyPacket(): [LoRaMesher] Packet created with 8 bytes
19:55:58.414 > [1097855][I][LoraMesher.cpp:392] receivingRoutine(): [LoRaMesher] Receiving LoRa packet: Size: 8 bytes RSSI: -37 SNR: 13
19:55:58.425 > [1097866][V][LoraMesher.cpp:647] processPackets(): [LoRaMesher] Size of Received Packets Queue: 1
19:55:58.433 > [1097875][V][LoraMesher.cpp:754] printHeaderPacket(): [LoRaMesher] Packet received -- Size: 8 Src: C998 Dst: FFFF Id: 0 Type: 4 Via: 0 Seq_Id: 0 Num: 0
19:55:58.448 > [1097888][I][RoutingTableService.cpp:77] processRoute(): [LoRaMesher] Route packet from C998 with size 0
19:55:58.456 > [1097898][I][RoutingTableService.cpp:156] addNodeToRoutingTable(): [LoRaMesher] New route added: C998 via C998 metric 1, role 0
19:55:58.467 > [1097909][I][RoutingTableService.cpp:99] resetReceiveSNRRoutePacket(): [LoRaMesher] Reset Receive SNR from C998: 13
19:55:58.478 > [1097919][I][RoutingTableService.cpp:192] printRoutingTable(): [LoRaMesher] Current routing table:
19:55:58.486 > [1097928][I][RoutingTableService.cpp:206] printRoutingTable(): [LoRaMesher] 0 - F02C via F02C metric 1 Role 0
19:55:58.496 > [1097938][I][RoutingTableService.cpp:206] printRoutingTable(): [LoRaMesher] 1 - AFC0 via F02C metric 2 Role 0
19:55:58.506 > [1097948][I][RoutingTableService.cpp:206] printRoutingTable(): [LoRaMesher] 2 - DE6C via F02C metric 3 Role 0
19:55:58.516 > [1097957][I][RoutingTableService.cpp:206] printRoutingTable(): [LoRaMesher] 3 - B3F0 via F02C metric 4 Role 0
19:55:58.525 > [1097967][I][RoutingTableService.cpp:206] printRoutingTable(): [LoRaMesher] 4 - C998 via C998 metric 1 Role 0
19:55:58.535 > [1097977][I][PacketQueueService.h:80] deleteQueuePacketAndPacket(): [LoRaMesher] Deleting packet
19:55:58.544 > [1097985][I][PacketQueueService.h:83] deleteQueuePacketAndPacket(): [LoRaMesher] Deleting packet queue
19:55:58.553 > [1097994][V][LoraMesher.cpp:641] processPackets(): [LoRaMesher] Stack space unused after entering the task: 2120
19:55:58.563 > [1098004][V][LoraMesher.cpp:642] processPackets(): [LoRaMesher] Free heap: 335848
19:55:59.744 > [1099185][V][LoraMesher.cpp:378] receivingRoutine(): [LoRaMesher] Stack space unused after entering the task: 2064
19:55:59.753 > [1099195][V][LoraMesher.cpp:379] receivingRoutine(): [LoRaMesher] Free heap: 335848
19:55:59.761 > [1099203][I][PacketService.cpp:12] createEmptyPacket(): [LoRaMesher] Packet created with 17 bytes
19:55:59.771 > [1099212][I][LoraMesher.cpp:392] receivingRoutine(): [LoRaMesher] Receiving LoRa packet: Size: 17 bytes RSSI: -16 SNR: 14
19:55:59.781 > [1099223][V][LoraMesher.cpp:647] processPackets(): [LoRaMesher] Size of Received Packets Queue: 1
19:55:59.790 > [1099232][I][PacketQueueService.h:80] deleteQueuePacketAndPacket(): [LoRaMesher] Deleting packet
19:55:59.798 > [1099240][I][PacketQueueService.h:83] deleteQueuePacketAndPacket(): [LoRaMesher] Deleting packet queue
19:55:59.808 > [1099249][V][LoraMesher.cpp:658] processPackets(): [LoRaMesher] TESTING: Packet not for me, deleting it
19:55:59.817 > [1099258][V][LoraMesher.cpp:641] processPackets(): [LoRaMesher] Stack space unused after entering the task: 2120
19:55:59.827 > [1099268][V][LoraMesher.cpp:642] processPackets(): [LoRaMesher] Free heap: 335848
19:56:01.096 > [1100538][V][LoraMesher.cpp:378] receivingRoutine(): [LoRaMesher] Stack space unused after entering the task: 2064
19:56:01.107 > [1100548][V][LoraMesher.cpp:379] receivingRoutine(): [LoRaMesher] Free heap: 335848
19:56:01.115 > [1100555][I][PacketService.cpp:12] createEmptyPacket(): [LoRaMesher] Packet created with 17 bytes
19:56:01.124 > [1100564][I][LoraMesher.cpp:392] receivingRoutine(): [LoRaMesher] Receiving LoRa packet: Size: 17 bytes RSSI: -16 SNR: 13
19:56:01.134 > [1100575][V][LoraMesher.cpp:647] processPackets(): [LoRaMesher] Size of Received Packets Queue: 1
19:56:01.144 > [1100584][I][PacketQueueService.h:80] deleteQueuePacketAndPacket(): [LoRaMesher] Deleting packet
19:56:01.152 > [1100593][I][PacketQueueService.h:83] deleteQueuePacketAndPacket(): [LoRaMesher] Deleting packet queue
19:56:01.160 > [1100602][V][LoraMesher.cpp:658] processPackets(): [LoRaMesher] TESTING: Packet not for me, deleting it
19:56:01.169 > [1100611][V][LoraMesher.cpp:641] processPackets(): [LoRaMesher] Stack space unused after entering the task: 2120
19:56:01.180 > [1100621][V][LoraMesher.cpp:642] processPackets(): [LoRaMesher] Free heap: 335848
19:56:02.295 > [1101737][V][LoraMesher.cpp:378] receivingRoutine(): [LoRaMesher] Stack space unused after entering the task: 2064
19:56:02.306 > [1101747][V][LoraMesher.cpp:379] receivingRoutine(): [LoRaMesher] Free heap: 335848
19:56:02.314 > [1101755][I][PacketService.cpp:12] createEmptyPacket(): [LoRaMesher] Packet created with 17 bytes
19:56:02.323 > [1101763][I][LoraMesher.cpp:392] receivingRoutine(): [LoRaMesher] Receiving LoRa packet: Size: 17 bytes RSSI: -64 SNR: 12
19:56:02.334 > [1101775][V][LoraMesher.cpp:647] processPackets(): [LoRaMesher] Size of Received Packets Queue: 1
19:56:02.343 > [1101783][I][PacketQueueService.h:80] deleteQueuePacketAndPacket(): [LoRaMesher] Deleting packet
19:56:02.351 > [1101792][I][PacketQueueService.h:83] deleteQueuePacketAndPacket(): [LoRaMesher] Deleting packet queue
19:56:02.360 > [1101801][V][LoraMesher.cpp:658] processPackets(): [LoRaMesher] TESTING: Packet not for me, deleting it
19:56:02.370 > [1101810][V][LoraMesher.cpp:641] processPackets(): [LoRaMesher] Stack space unused after entering the task: 2120
19:56:02.380 > [1101820][V][LoraMesher.cpp:642] processPackets(): [LoRaMesher] Free heap: 335848
19:56:03.085 > [1102527][V][LoraMesher.cpp:378] receivingRoutine(): [LoRaMesher] Stack space unused after entering the task: 2064
19:56:03.096 > [1102537][V][LoraMesher.cpp:379] receivingRoutine(): [LoRaMesher] Free heap: 335848
19:56:03.104 > [1102545][I][PacketService.cpp:12] createEmptyPacket(): [LoRaMesher] Packet created with 17 bytes
19:56:03.113 > [1102553][I][LoraMesher.cpp:392] receivingRoutine(): [LoRaMesher] Receiving LoRa packet: Size: 17 bytes RSSI: -27 SNR: 13
19:56:03.124 > [1102565][V][LoraMesher.cpp:647] processPackets(): [LoRaMesher] Size of Received Packets Queue: 1
19:56:03.133 > [1102573][V][LoraMesher.cpp:754] printHeaderPacket(): [LoRaMesher] Packet received -- Size: 17 Src: B3F0 Dst: D110 Id: 66 Type: 2 Via: D110 Seq_Id: 0 Num: 0
19:56:03.147 > [1102587][I][LoraMesher.cpp:854] processDataPacket(): [LoRaMesher] Data packet from B3F0, destination D110, via D110
19:56:03.157 > [1102598][V][LoraMesher.cpp:857] processDataPacket(): [LoRaMesher] Data packet from B3F0 for me
19:56:03.165 > [1102606][V][LoraMesher.cpp:893] processDataPacketForMe(): [LoRaMesher] Data Packet received
19:56:03.174 > [1102614][I][PacketQueueService.h:80] deleteQueuePacketAndPacket(): [LoRaMesher] Deleting packet
19:56:03.182 > [1102623][I][PacketQueueService.h:83] deleteQueuePacketAndPacket(): [LoRaMesher] Deleting packet queue
19:56:03.191 > [1102632][V][LoraMesher.cpp:641] processPackets(): [LoRaMesher] Stack space unused after entering the task: 2120
19:56:03.201 > [1102642][V][LoraMesher.cpp:642] processPackets(): [LoRaMesher] Free heap: 335788
19:56:03.372 > ReceivedUserData_TaskHandle notify received
19:56:03.377 > Queue receiveUserData size: 1
19:56:03.379 > Packet arrived from B3F0 with size 8
19:56:03.383 > DATA:56 b3f0
19:56:18.593 > [1118033][V][LoraMesher.cpp:378] receivingRoutine(): [LoRaMesher] Stack space unused after entering the task: 2064
19:56:18.603 > [1118043][V][LoraMesher.cpp:379] receivingRoutine(): [LoRaMesher] Free heap: 335848
19:56:18.611 > [1118051][I][PacketService.cpp:12] createEmptyPacket(): [LoRaMesher] Packet created with 17 bytes
19:56:18.620 > [1118060][I][LoraMesher.cpp:392] receivingRoutine(): [LoRaMesher] Receiving LoRa packet: Size: 17 bytes RSSI: -13 SNR: 13
19:56:18.631 > [1118071][V][LoraMesher.cpp:647] processPackets(): [LoRaMesher] Size of Received Packets Queue: 1
19:56:18.640 > [1118080][I][PacketQueueService.h:80] deleteQueuePacketAndPacket(): [LoRaMesher] Deleting packet
19:56:18.648 > [1118088][I][PacketQueueService.h:83] deleteQueuePacketAndPacket(): [LoRaMesher] Deleting packet queue
19:56:18.657 > [1118097][V][LoraMesher.cpp:658] processPackets(): [LoRaMesher] TESTING: Packet not for me, deleting it
19:56:18.667 > [1118106][V][LoraMesher.cpp:641] processPackets(): [LoRaMesher] Stack space unused after entering the task: 2120
19:56:18.677 > [1118116][V][LoraMesher.cpp:642] processPackets(): [LoRaMesher] Free heap: 335848
19:56:19.806 > [1119246][V][LoraMesher.cpp:378] receivingRoutine(): [LoRaMesher] Stack space unused after entering the task: 2064
19:56:19.816 > [1119256][V][LoraMesher.cpp:379] receivingRoutine(): [LoRaMesher] Free heap: 335848
19:56:19.824 > [1119264][I][PacketService.cpp:12] createEmptyPacket(): [LoRaMesher] Packet created with 17 bytes
19:56:19.833 > [1119273][I][LoraMesher.cpp:392] receivingRoutine(): [LoRaMesher] Receiving LoRa packet: Size: 17 bytes RSSI: -15 SNR: 12
19:56:19.844 > [1119284][V][LoraMesher.cpp:647] processPackets(): [LoRaMesher] Size of Received Packets Queue: 1
19:56:19.853 > [1119293][I][PacketQueueService.h:80] deleteQueuePacketAndPacket(): [LoRaMesher] Deleting packet
19:56:19.861 > [1119301][I][PacketQueueService.h:83] deleteQueuePacketAndPacket(): [LoRaMesher] Deleting packet queue
19:56:19.870 > [1119310][V][LoraMesher.cpp:658] processPackets(): [LoRaMesher] TESTING: Packet not for me, deleting it
19:56:19.880 > [1119319][V][LoraMesher.cpp:641] processPackets(): [LoRaMesher] Stack space unused after entering the task: 2120
19:56:19.890 > [1119330][V][LoraMesher.cpp:642] processPackets(): [LoRaMesher] Free heap: 335848
19:56:20.854 > [1120294][V][LoraMesher.cpp:378] receivingRoutine(): [LoRaMesher] Stack space unused after entering the task: 2064
19:56:20.865 > [1120304][V][LoraMesher.cpp:379] receivingRoutine(): [LoRaMesher] Free heap: 335848
19:56:20.872 > [1120312][I][PacketService.cpp:12] createEmptyPacket(): [LoRaMesher] Packet created with 17 bytes
19:56:20.881 > [1120320][I][LoraMesher.cpp:392] receivingRoutine(): [LoRaMesher] Receiving LoRa packet: Size: 17 bytes RSSI: -64 SNR: 11
19:56:20.892 > [1120332][V][LoraMesher.cpp:647] processPackets(): [LoRaMesher] Size of Received Packets Queue: 1
19:56:20.900 > [1120340][I][PacketQueueService.h:80] deleteQueuePacketAndPacket(): [LoRaMesher] Deleting packet
19:56:20.909 > [1120349][I][PacketQueueService.h:83] deleteQueuePacketAndPacket(): [LoRaMesher] Deleting packet queue
19:56:20.918 > [1120358][V][LoraMesher.cpp:658] processPackets(): [LoRaMesher] TESTING: Packet not for me, deleting it
19:56:20.927 > [1120367][V][LoraMesher.cpp:641] processPackets(): [LoRaMesher] Stack space unused after entering the task: 2120
19:56:20.937 > [1120377][V][LoraMesher.cpp:642] processPackets(): [LoRaMesher] Free heap: 335848
19:56:21.347 > [1120787][V][LoraMesher.cpp:378] receivingRoutine(): [LoRaMesher] Stack space unused after entering the task: 2064
19:56:21.358 > [1120797][V][LoraMesher.cpp:379] receivingRoutine(): [LoRaMesher] Free heap: 335848
19:56:21.365 > [1120805][I][PacketService.cpp:12] createEmptyPacket(): [LoRaMesher] Packet created with 17 bytes
19:56:21.373 > [1120813][I][LoraMesher.cpp:392] receivingRoutine(): [LoRaMesher] Receiving LoRa packet: Size: 17 bytes RSSI: -24 SNR: 13
19:56:21.385 > [1120825][V][LoraMesher.cpp:647] processPackets(): [LoRaMesher] Size of Received Packets Queue: 1
19:56:21.393 > [1120833][V][LoraMesher.cpp:754] printHeaderPacket(): [LoRaMesher] Packet received -- Size: 17 Src: B3F0 Dst: D110 Id: 67 Type: 2 Via: D110 Seq_Id: 0 Num: 0
19:56:21.408 > [1120847][I][LoraMesher.cpp:854] processDataPacket(): [LoRaMesher] Data packet from B3F0, destination D110, via D110
19:56:21.418 > [1120857][V][LoraMesher.cpp:857] processDataPacket(): [LoRaMesher] Data packet from B3F0 for me
19:56:21.427 > [1120866][V][LoraMesher.cpp:893] processDataPacketForMe(): [LoRaMesher] Data Packet received
19:56:21.435 > [1120874][I][PacketQueueService.h:80] deleteQueuePacketAndPacket(): [LoRaMesher] Deleting packet
19:56:21.443 > [1120883][I][PacketQueueService.h:83] deleteQueuePacketAndPacket(): [LoRaMesher] Deleting packet queue
19:56:21.452 > [1120892][V][LoraMesher.cpp:641] processPackets(): [LoRaMesher] Stack space unused after entering the task: 2120
19:56:21.462 > [1120902][V][LoraMesher.cpp:642] processPackets(): [LoRaMesher] Free heap: 335788
19:56:21.634 > ReceivedUserData_TaskHandle notify received
19:56:21.637 > Queue receiveUserData size: 1
19:56:21.641 > Packet arrived from B3F0 with size 8
19:56:21.643 > DATA:57 b3f0
19:56:38.862 > [1138301][V][LoraMesher.cpp:378] receivingRoutine(): [LoRaMesher] Stack space unused after entering the task: 2064
19:56:38.873 > [1138311][V][LoraMesher.cpp:379] receivingRoutine(): [LoRaMesher] Free heap: 335848
19:56:38.880 > [1138319][I][PacketService.cpp:12] createEmptyPacket(): [LoRaMesher] Packet created with 17 bytes
19:56:38.889 > [1138328][I][LoraMesher.cpp:392] receivingRoutine(): [LoRaMesher] Receiving LoRa packet: Size: 17 bytes RSSI: -12 SNR: 12
19:56:38.901 > [1138339][V][LoraMesher.cpp:647] processPackets(): [LoRaMesher] Size of Received Packets Queue: 1
19:56:38.909 > [1138347][I][PacketQueueService.h:80] deleteQueuePacketAndPacket(): [LoRaMesher] Deleting packet
19:56:38.918 > [1138356][I][PacketQueueService.h:83] deleteQueuePacketAndPacket(): [LoRaMesher] Deleting packet queue
19:56:38.928 > [1138365][V][LoraMesher.cpp:658] processPackets(): [LoRaMesher] TESTING: Packet not for me, deleting it
19:56:38.936 > [1138374][V][LoraMesher.cpp:641] processPackets(): [LoRaMesher] Stack space unused after entering the task: 2120
19:56:38.946 > [1138384][V][LoraMesher.cpp:642] processPackets(): [LoRaMesher] Free heap: 335848
19:56:39.380 > [1138819][V][LoraMesher.cpp:378] receivingRoutine(): [LoRaMesher] Stack space unused after entering the task: 2064
19:56:39.391 > [1138829][V][LoraMesher.cpp:379] receivingRoutine(): [LoRaMesher] Free heap: 335848
19:56:39.398 > [1138836][I][PacketService.cpp:12] createEmptyPacket(): [LoRaMesher] Packet created with 17 bytes
19:56:39.407 > [1138845][I][LoraMesher.cpp:392] receivingRoutine(): [LoRaMesher] Receiving LoRa packet: Size: 17 bytes RSSI: -15 SNR: 12
19:56:39.418 > [1138856][V][LoraMesher.cpp:647] processPackets(): [LoRaMesher] Size of Received Packets Queue: 1
19:56:39.427 > [1138865][I][PacketQueueService.h:80] deleteQueuePacketAndPacket(): [LoRaMesher] Deleting packet
19:56:39.435 > [1138874][I][PacketQueueService.h:83] deleteQueuePacketAndPacket(): [LoRaMesher] Deleting packet queue
19:56:39.445 > [1138883][V][LoraMesher.cpp:658] processPackets(): [LoRaMesher] TESTING: Packet not for me, deleting it
19:56:39.454 > [1138892][V][LoraMesher.cpp:641] processPackets(): [LoRaMesher] Stack space unused after entering the task: 2120
19:56:39.464 > [1138902][V][LoraMesher.cpp:642] processPackets(): [LoRaMesher] Free heap: 335848
19:56:39.961 > [1139400][V][LoraMesher.cpp:378] receivingRoutine(): [LoRaMesher] Stack space unused after entering the task: 2064
19:56:39.972 > [1139410][V][LoraMesher.cpp:379] receivingRoutine(): [LoRaMesher] Free heap: 335848
19:56:39.979 > [1139417][I][PacketService.cpp:12] createEmptyPacket(): [LoRaMesher] Packet created with 17 bytes
19:56:39.988 > [1139426][I][LoraMesher.cpp:392] receivingRoutine(): [LoRaMesher] Receiving LoRa packet: Size: 17 bytes RSSI: -63 SNR: 12
19:56:39.999 > [1139437][V][LoraMesher.cpp:647] processPackets(): [LoRaMesher] Size of Received Packets Queue: 1
19:56:40.008 > [1139446][I][PacketQueueService.h:80] deleteQueuePacketAndPacket(): [LoRaMesher] Deleting packet
19:56:40.017 > [1139455][I][PacketQueueService.h:83] deleteQueuePacketAndPacket(): [LoRaMesher] Deleting packet queue
19:56:40.026 > [1139464][V][LoraMesher.cpp:658] processPackets(): [LoRaMesher] TESTING: Packet not for me, deleting it
19:56:40.035 > [1139473][V][LoraMesher.cpp:641] processPackets(): [LoRaMesher] Stack space unused after entering the task: 2120
19:56:40.045 > [1139483][V][LoraMesher.cpp:642] processPackets(): [LoRaMesher] Free heap: 335848
19:56:40.933 > [1140372][V][LoraMesher.cpp:378] receivingRoutine(): [LoRaMesher] Stack space unused after entering the task: 2064
19:56:40.944 > [1140382][V][LoraMesher.cpp:379] receivingRoutine(): [LoRaMesher] Free heap: 335848
19:56:40.951 > [1140389][I][PacketService.cpp:12] createEmptyPacket(): [LoRaMesher] Packet created with 17 bytes
19:56:40.960 > [1140398][I][LoraMesher.cpp:392] receivingRoutine(): [LoRaMesher] Receiving LoRa packet: Size: 17 bytes RSSI: -28 SNR: 13
19:56:40.971 > [1140410][V][LoraMesher.cpp:647] processPackets(): [LoRaMesher] Size of Received Packets Queue: 1
19:56:40.980 > [1140418][V][LoraMesher.cpp:754] printHeaderPacket(): [LoRaMesher] Packet received -- Size: 17 Src: B3F0 Dst: D110 Id: 68 Type: 2 Via: D110 Seq_Id: 0 Num: 0
19:56:40.994 > [1140432][I][LoraMesher.cpp:854] processDataPacket(): [LoRaMesher] Data packet from B3F0, destination D110, via D110
19:56:41.004 > [1140442][V][LoraMesher.cpp:857] processDataPacket(): [LoRaMesher] Data packet from B3F0 for me
19:56:41.013 > [1140451][V][LoraMesher.cpp:893] processDataPacketForMe(): [LoRaMesher] Data Packet received
19:56:41.021 > [1140459][I][PacketQueueService.h:80] deleteQueuePacketAndPacket(): [LoRaMesher] Deleting packet
19:56:41.029 > [1140468][I][PacketQueueService.h:83] deleteQueuePacketAndPacket(): [LoRaMesher] Deleting packet queue
19:56:41.039 > [1140477][V][LoraMesher.cpp:641] processPackets(): [LoRaMesher] Stack space unused after entering the task: 2120
19:56:41.049 > [1140487][V][LoraMesher.cpp:642] processPackets(): [LoRaMesher] Free heap: 335788
19:56:41.220 > ReceivedUserData_TaskHandle notify received
19:56:41.224 > Queue receiveUserData size: 1
19:56:41.227 > Packet arrived from B3F0 with size 8
19:56:41.230 > DATA:58 b3f0
19:56:58.782 > [1158219][V][LoraMesher.cpp:378] receivingRoutine(): [LoRaMesher] Stack space unused after entering the task: 2064
19:56:58.792 > [1158229][V][LoraMesher.cpp:379] receivingRoutine(): [LoRaMesher] Free heap: 335848
19:56:58.800 > [1158237][I][PacketService.cpp:12] createEmptyPacket(): [LoRaMesher] Packet created with 17 bytes
19:56:58.809 > [1158245][I][LoraMesher.cpp:392] receivingRoutine(): [LoRaMesher] Receiving LoRa packet: Size: 17 bytes RSSI: -13 SNR: 13
19:56:58.820 > [1158257][V][LoraMesher.cpp:647] processPackets(): [LoRaMesher] Size of Received Packets Queue: 1
19:56:58.829 > [1158265][I][PacketQueueService.h:80] deleteQueuePacketAndPacket(): [LoRaMesher] Deleting packet
19:56:58.837 > [1158274][I][PacketQueueService.h:83] deleteQueuePacketAndPacket(): [LoRaMesher] Deleting packet queue
19:56:58.847 > [1158283][V][LoraMesher.cpp:658] processPackets(): [LoRaMesher] TESTING: Packet not for me, deleting it
19:56:58.856 > [1158292][V][LoraMesher.cpp:641] processPackets(): [LoRaMesher] Stack space unused after entering the task: 2120
19:56:58.866 > [1158302][V][LoraMesher.cpp:642] processPackets(): [LoRaMesher] Free heap: 335848
19:57:00.108 > [1159545][V][LoraMesher.cpp:378] receivingRoutine(): [LoRaMesher] Stack space unused after entering the task: 2064
19:57:00.119 > [1159555][V][LoraMesher.cpp:379] receivingRoutine(): [LoRaMesher] Free heap: 335848
19:57:00.126 > [1159563][I][PacketService.cpp:12] createEmptyPacket(): [LoRaMesher] Packet created with 17 bytes
19:57:00.135 > [1159572][I][LoraMesher.cpp:392] receivingRoutine(): [LoRaMesher] Receiving LoRa packet: Size: 17 bytes RSSI: -15 SNR: 13
19:57:00.146 > [1159583][V][LoraMesher.cpp:647] processPackets(): [LoRaMesher] Size of Received Packets Queue: 1
19:57:00.155 > [1159592][I][PacketQueueService.h:80] deleteQueuePacketAndPacket(): [LoRaMesher] Deleting packet
19:57:00.164 > [1159600][I][PacketQueueService.h:83] deleteQueuePacketAndPacket(): [LoRaMesher] Deleting packet queue
19:57:00.173 > [1159609][V][LoraMesher.cpp:658] processPackets(): [LoRaMesher] TESTING: Packet not for me, deleting it
19:57:00.182 > [1159619][V][LoraMesher.cpp:641] processPackets(): [LoRaMesher] Stack space unused after entering the task: 2120
19:57:00.192 > [1159629][V][LoraMesher.cpp:642] processPackets(): [LoRaMesher] Free heap: 335848
19:57:01.255 > [1160691][V][LoraMesher.cpp:378] receivingRoutine(): [LoRaMesher] Stack space unused after entering the task: 2064
19:57:01.265 > [1160702][V][LoraMesher.cpp:379] receivingRoutine(): [LoRaMesher] Free heap: 335848
19:57:01.273 > [1160709][I][PacketService.cpp:12] createEmptyPacket(): [LoRaMesher] Packet created with 17 bytes
19:57:01.282 > [1160718][I][LoraMesher.cpp:392] receivingRoutine(): [LoRaMesher] Receiving LoRa packet: Size: 17 bytes RSSI: -62 SNR: 12
19:57:01.293 > [1160729][V][LoraMesher.cpp:647] processPackets(): [LoRaMesher] Size of Received Packets Queue: 1
19:57:01.302 > [1160738][I][PacketQueueService.h:80] deleteQueuePacketAndPacket(): [LoRaMesher] Deleting packet
19:57:01.310 > [1160747][I][PacketQueueService.h:83] deleteQueuePacketAndPacket(): [LoRaMesher] Deleting packet queue
19:57:01.319 > [1160756][V][LoraMesher.cpp:658] processPackets(): [LoRaMesher] TESTING: Packet not for me, deleting it
19:57:01.328 > [1160765][V][LoraMesher.cpp:641] processPackets(): [LoRaMesher] Stack space unused after entering the task: 2120
19:57:01.338 > [1160775][V][LoraMesher.cpp:642] processPackets(): [LoRaMesher] Free heap: 335848
19:57:02.150 > [1161587][V][LoraMesher.cpp:378] receivingRoutine(): [LoRaMesher] Stack space unused after entering the task: 2064
19:57:02.160 > [1161597][V][LoraMesher.cpp:379] receivingRoutine(): [LoRaMesher] Free heap: 335848
19:57:02.168 > [1161604][I][PacketService.cpp:12] createEmptyPacket(): [LoRaMesher] Packet created with 17 bytes
19:57:02.177 > [1161613][I][LoraMesher.cpp:392] receivingRoutine(): [LoRaMesher] Receiving LoRa packet: Size: 17 bytes RSSI: -27 SNR: 13
19:57:02.188 > [1161624][V][LoraMesher.cpp:647] processPackets(): [LoRaMesher] Size of Received Packets Queue: 1
19:57:02.197 > [1161633][V][LoraMesher.cpp:754] printHeaderPacket(): [LoRaMesher] Packet received -- Size: 17 Src: B3F0 Dst: D110 Id: 69 Type: 2 Via: D110 Seq_Id: 0 Num: 0
19:57:02.211 > [1161647][I][LoraMesher.cpp:854] processDataPacket(): [LoRaMesher] Data packet from B3F0, destination D110, via D110
19:57:02.221 > [1161657][V][LoraMesher.cpp:857] processDataPacket(): [LoRaMesher] Data packet from B3F0 for me
19:57:02.229 > [1161666][V][LoraMesher.cpp:893] processDataPacketForMe(): [LoRaMesher] Data Packet received
19:57:02.238 > [1161674][I][PacketQueueService.h:80] deleteQueuePacketAndPacket(): [LoRaMesher] Deleting packet
19:57:02.246 > [1161683][I][PacketQueueService.h:83] deleteQueuePacketAndPacket(): [LoRaMesher] Deleting packet queue
19:57:02.255 > [1161692][V][LoraMesher.cpp:641] processPackets(): [LoRaMesher] Stack space unused after entering the task: 2120
19:57:02.265 > [1161702][V][LoraMesher.cpp:642] processPackets(): [LoRaMesher] Free heap: 335788
19:57:02.437 > ReceivedUserData_TaskHandle notify received
19:57:02.441 > Queue receiveUserData size: 1
19:57:02.444 > Packet arrived from B3F0 with size 8
19:57:02.447 > DATA:59 b3f0
19:57:15.714 > [1175150][V][LoraMesher.cpp:378] receivingRoutine(): [LoRaMesher] Stack space unused after entering the task: 2064
19:57:15.724 > [1175160][V][LoraMesher.cpp:379] receivingRoutine(): [LoRaMesher] Free heap: 335848
19:57:15.732 > [1175168][I][PacketService.cpp:12] createEmptyPacket(): [LoRaMesher] Packet created with 28 bytes
19:57:15.741 > [1175177][I][LoraMesher.cpp:392] receivingRoutine(): [LoRaMesher] Receiving LoRa packet: Size: 28 bytes RSSI: -12 SNR: 13
19:57:15.752 > [1175188][V][LoraMesher.cpp:647] processPackets(): [LoRaMesher] Size of Received Packets Queue: 1
19:57:15.761 > [1175197][I][PacketQueueService.h:80] deleteQueuePacketAndPacket(): [LoRaMesher] Deleting packet
19:57:15.770 > [1175205][I][PacketQueueService.h:83] deleteQueuePacketAndPacket(): [LoRaMesher] Deleting packet queue
19:57:15.779 > [1175214][V][LoraMesher.cpp:658] processPackets(): [LoRaMesher] TESTING: Packet not for me, deleting it
19:57:15.788 > [1175224][V][LoraMesher.cpp:641] processPackets(): [LoRaMesher] Stack space unused after entering the task: 2120
19:57:15.798 > [1175234][V][LoraMesher.cpp:642] processPackets(): [LoRaMesher] Free heap: 335848
19:57:19.223 > [1178659][V][LoraMesher.cpp:378] receivingRoutine(): [LoRaMesher] Stack space unused after entering the task: 2064
19:57:19.233 > [1178669][V][LoraMesher.cpp:379] receivingRoutine(): [LoRaMesher] Free heap: 335848
19:57:19.242 > [1178676][I][PacketService.cpp:12] createEmptyPacket(): [LoRaMesher] Packet created with 17 bytes
19:57:19.251 > [1178685][I][LoraMesher.cpp:392] receivingRoutine(): [LoRaMesher] Receiving LoRa packet: Size: 17 bytes RSSI: -13 SNR: 13
19:57:19.262 > [1178696][V][LoraMesher.cpp:647] processPackets(): [LoRaMesher] Size of Received Packets Queue: 1
19:57:19.270 > [1178705][I][PacketQueueService.h:80] deleteQueuePacketAndPacket(): [LoRaMesher] Deleting packet
19:57:19.279 > [1178714][I][PacketQueueService.h:83] deleteQueuePacketAndPacket(): [LoRaMesher] Deleting packet queue
19:57:19.288 > [1178723][V][LoraMesher.cpp:658] processPackets(): [LoRaMesher] TESTING: Packet not for me, deleting it
19:57:19.297 > [1178732][V][LoraMesher.cpp:641] processPackets(): [LoRaMesher] Stack space unused after entering the task: 2120
19:57:19.307 > [1178742][V][LoraMesher.cpp:642] processPackets(): [LoRaMesher] Free heap: 335848
19:57:19.863 > [1179299][V][LoraMesher.cpp:378] receivingRoutine(): [LoRaMesher] Stack space unused after entering the task: 2064
19:57:19.874 > [1179309][V][LoraMesher.cpp:379] receivingRoutine(): [LoRaMesher] Free heap: 335848
19:57:19.882 > [1179316][I][PacketService.cpp:12] createEmptyPacket(): [LoRaMesher] Packet created with 17 bytes
19:57:19.890 > [1179325][I][LoraMesher.cpp:392] receivingRoutine(): [LoRaMesher] Receiving LoRa packet: Size: 17 bytes RSSI: -17 SNR: 13
19:57:19.902 > [1179336][V][LoraMesher.cpp:647] processPackets(): [LoRaMesher] Size of Received Packets Queue: 1
19:57:19.910 > [1179345][I][PacketQueueService.h:80] deleteQueuePacketAndPacket(): [LoRaMesher] Deleting packet
19:57:19.919 > [1179354][I][PacketQueueService.h:83] deleteQueuePacketAndPacket(): [LoRaMesher] Deleting packet queue
19:57:19.928 > [1179363][V][LoraMesher.cpp:658] processPackets(): [LoRaMesher] TESTING: Packet not for me, deleting it
19:57:19.937 > [1179372][V][LoraMesher.cpp:641] processPackets(): [LoRaMesher] Stack space unused after entering the task: 2120
19:57:19.947 > [1179382][V][LoraMesher.cpp:642] processPackets(): [LoRaMesher] Free heap: 335848
19:57:20.550 > [1179985][V][LoraMesher.cpp:378] receivingRoutine(): [LoRaMesher] Stack space unused after entering the task: 2064
19:57:20.561 > [1179996][V][LoraMesher.cpp:379] receivingRoutine(): [LoRaMesher] Free heap: 335848
19:57:20.568 > [1180003][I][PacketService.cpp:12] createEmptyPacket(): [LoRaMesher] Packet created with 17 bytes
19:57:20.577 > [1180012][I][LoraMesher.cpp:392] receivingRoutine(): [LoRaMesher] Receiving LoRa packet: Size: 17 bytes RSSI: -56 SNR: 13
19:57:20.588 > [1180023][V][LoraMesher.cpp:647] processPackets(): [LoRaMesher] Size of Received Packets Queue: 1
19:57:20.597 > [1180032][I][PacketQueueService.h:80] deleteQueuePacketAndPacket(): [LoRaMesher] Deleting packet
19:57:20.606 > [1180041][I][PacketQueueService.h:83] deleteQueuePacketAndPacket(): [LoRaMesher] Deleting packet queue
19:57:20.615 > [1180050][V][LoraMesher.cpp:658] processPackets(): [LoRaMesher] TESTING: Packet not for me, deleting it
19:57:20.624 > [1180059][V][LoraMesher.cpp:641] processPackets(): [LoRaMesher] Stack space unused after entering the task: 2120
19:57:20.634 > [1180069][V][LoraMesher.cpp:642] processPackets(): [LoRaMesher] Free heap: 335848
19:57:21.659 > [1181095][V][LoraMesher.cpp:378] receivingRoutine(): [LoRaMesher] Stack space unused after entering the task: 2064
19:57:21.670 > [1181105][V][LoraMesher.cpp:379] receivingRoutine(): [LoRaMesher] Free heap: 335848
19:57:21.678 > [1181112][I][PacketService.cpp:12] createEmptyPacket(): [LoRaMesher] Packet created with 17 bytes
19:57:21.686 > [1181121][I][LoraMesher.cpp:392] receivingRoutine(): [LoRaMesher] Receiving LoRa packet: Size: 17 bytes RSSI: -29 SNR: 12
19:57:21.698 > [1181132][V][LoraMesher.cpp:647] processPackets(): [LoRaMesher] Size of Received Packets Queue: 1
19:57:21.706 > [1181141][V][LoraMesher.cpp:754] printHeaderPacket(): [LoRaMesher] Packet received -- Size: 17 Src: B3F0 Dst: D110 Id: 71 Type: 2 Via: D110 Seq_Id: 0 Num: 0
19:57:21.720 > [1181155][I][LoraMesher.cpp:854] processDataPacket(): [LoRaMesher] Data packet from B3F0, destination D110, via D110
19:57:21.731 > [1181165][V][LoraMesher.cpp:857] processDataPacket(): [LoRaMesher] Data packet from B3F0 for me
19:57:21.739 > [1181174][V][LoraMesher.cpp:893] processDataPacketForMe(): [LoRaMesher] Data Packet received
19:57:21.747 > [1181182][I][PacketQueueService.h:80] deleteQueuePacketAndPacket(): [LoRaMesher] Deleting packet
19:57:21.756 > [1181191][I][PacketQueueService.h:83] deleteQueuePacketAndPacket(): [LoRaMesher] Deleting packet queue
19:57:21.765 > [1181200][V][LoraMesher.cpp:641] processPackets(): [LoRaMesher] Stack space unused after entering the task: 2120
19:57:21.775 > [1181210][V][LoraMesher.cpp:642] processPackets(): [LoRaMesher] Free heap: 335788
19:57:21.946 > ReceivedUserData_TaskHandle notify received
19:57:21.951 > Queue receiveUserData size: 1
19:57:21.953 > Packet arrived from B3F0 with size 8
19:57:21.956 > DATA:60 b3f0
19:57:38.996 > [1198431][V][LoraMesher.cpp:378] receivingRoutine(): [LoRaMesher] Stack space unused after entering the task: 2064
19:57:39.007 > [1198441][V][LoraMesher.cpp:379] receivingRoutine(): [LoRaMesher] Free heap: 335848
19:57:39.014 > [1198448][I][PacketService.cpp:12] createEmptyPacket(): [LoRaMesher] Packet created with 17 bytes
19:57:39.023 > [1198457][I][LoraMesher.cpp:392] receivingRoutine(): [LoRaMesher] Receiving LoRa packet: Size: 17 bytes RSSI: -12 SNR: 13
19:57:39.034 > [1198469][V][LoraMesher.cpp:647] processPackets(): [LoRaMesher] Size of Received Packets Queue: 1
19:57:39.043 > [1198477][I][PacketQueueService.h:80] deleteQueuePacketAndPacket(): [LoRaMesher] Deleting packet
19:57:39.052 > [1198486][I][PacketQueueService.h:83] deleteQueuePacketAndPacket(): [LoRaMesher] Deleting packet queue
19:57:39.061 > [1198495][V][LoraMesher.cpp:658] processPackets(): [LoRaMesher] TESTING: Packet not for me, deleting it
19:57:39.070 > [1198504][V][LoraMesher.cpp:641] processPackets(): [LoRaMesher] Stack space unused after entering the task: 2120
19:57:39.080 > [1198514][V][LoraMesher.cpp:642] processPackets(): [LoRaMesher] Free heap: 335848
19:57:39.465 > [1198899][V][LoraMesher.cpp:378] receivingRoutine(): [LoRaMesher] Stack space unused after entering the task: 2064
19:57:39.475 > [1198909][V][LoraMesher.cpp:379] receivingRoutine(): [LoRaMesher] Free heap: 335848
19:57:39.483 > [1198917][I][PacketService.cpp:12] createEmptyPacket(): [LoRaMesher] Packet created with 17 bytes
19:57:39.492 > [1198926][I][LoraMesher.cpp:392] receivingRoutine(): [LoRaMesher] Receiving LoRa packet: Size: 17 bytes RSSI: -12 SNR: 12
19:57:39.503 > [1198937][V][LoraMesher.cpp:647] processPackets(): [LoRaMesher] Size of Received Packets Queue: 1
19:57:39.512 > [1198946][I][PacketQueueService.h:80] deleteQueuePacketAndPacket(): [LoRaMesher] Deleting packet
19:57:39.520 > [1198954][I][PacketQueueService.h:83] deleteQueuePacketAndPacket(): [LoRaMesher] Deleting packet queue
19:57:39.529 > [1198963][V][LoraMesher.cpp:658] processPackets(): [LoRaMesher] TESTING: Packet not for me, deleting it
19:57:39.539 > [1198973][V][LoraMesher.cpp:641] processPackets(): [LoRaMesher] Stack space unused after entering the task: 2120
19:57:39.548 > [1198983][V][LoraMesher.cpp:642] processPackets(): [LoRaMesher] Free heap: 335848
19:57:40.526 > [1199960][V][LoraMesher.cpp:378] receivingRoutine(): [LoRaMesher] Stack space unused after entering the task: 2064
19:57:40.536 > [1199970][V][LoraMesher.cpp:379] receivingRoutine(): [LoRaMesher] Free heap: 335848
19:57:40.544 > [1199978][I][PacketService.cpp:12] createEmptyPacket(): [LoRaMesher] Packet created with 17 bytes
19:57:40.553 > [1199987][I][LoraMesher.cpp:392] receivingRoutine(): [LoRaMesher] Receiving LoRa packet: Size: 17 bytes RSSI: -53 SNR: 12
19:57:40.564 > [1199998][V][LoraMesher.cpp:647] processPackets(): [LoRaMesher] Size of Received Packets Queue: 1
19:57:40.573 > [1200007][I][PacketQueueService.h:80] deleteQueuePacketAndPacket(): [LoRaMesher] Deleting packet
19:57:40.581 > [1200015][I][PacketQueueService.h:83] deleteQueuePacketAndPacket(): [LoRaMesher] Deleting packet queue
19:57:40.590 > [1200025][V][LoraMesher.cpp:658] processPackets(): [LoRaMesher] TESTING: Packet not for me, deleting it
19:57:40.600 > [1200034][V][LoraMesher.cpp:641] processPackets(): [LoRaMesher] Stack space unused after entering the task: 2120
19:57:40.610 > [1200044][V][LoraMesher.cpp:642] processPackets(): [LoRaMesher] Free heap: 335848
19:57:41.251 > [1200684][V][LoraMesher.cpp:378] receivingRoutine(): [LoRaMesher] Stack space unused after entering the task: 2064
19:57:41.262 > [1200695][V][LoraMesher.cpp:379] receivingRoutine(): [LoRaMesher] Free heap: 335848
19:57:41.269 > [1200702][I][PacketService.cpp:12] createEmptyPacket(): [LoRaMesher] Packet created with 17 bytes
19:57:41.277 > [1200711][I][LoraMesher.cpp:392] receivingRoutine(): [LoRaMesher] Receiving LoRa packet: Size: 17 bytes RSSI: -17 SNR: 13
19:57:41.288 > [1200722][V][LoraMesher.cpp:647] processPackets(): [LoRaMesher] Size of Received Packets Queue: 1
19:57:41.297 > [1200731][V][LoraMesher.cpp:754] printHeaderPacket(): [LoRaMesher] Packet received -- Size: 17 Src: B3F0 Dst: D110 Id: 72 Type: 2 Via: D110 Seq_Id: 0 Num: 0
19:57:41.311 > [1200745][I][LoraMesher.cpp:854] processDataPacket(): [LoRaMesher] Data packet from B3F0, destination D110, via D110
19:57:41.321 > [1200755][V][LoraMesher.cpp:857] processDataPacket(): [LoRaMesher] Data packet from B3F0 for me
19:57:41.330 > [1200764][V][LoraMesher.cpp:893] processDataPacketForMe(): [LoRaMesher] Data Packet received
19:57:41.338 > [1200772][I][PacketQueueService.h:80] deleteQueuePacketAndPacket(): [LoRaMesher] Deleting packet
19:57:41.346 > [1200781][I][PacketQueueService.h:83] deleteQueuePacketAndPacket(): [LoRaMesher] Deleting packet queue
19:57:41.356 > [1200790][V][LoraMesher.cpp:641] processPackets(): [LoRaMesher] Stack space unused after entering the task: 2120
19:57:41.366 > [1200800][V][LoraMesher.cpp:642] processPackets(): [LoRaMesher] Free heap: 335788
19:57:41.537 > ReceivedUserData_TaskHandle notify received
19:57:41.541 > Queue receiveUserData size: 1
19:57:41.544 > Packet arrived from B3F0 with size 8
19:57:41.547 > DATA:61 b3f0
19:57:46.596 > [1206030][V][LoraMesher.cpp:694] routingTableManager(): [LoRaMesher] Stack space unused after entering the task: 2296
19:57:46.607 > [1206040][V][LoraMesher.cpp:695] routingTableManager(): [LoRaMesher] Free heap: 335848
19:57:46.615 > [1206048][I][RoutingTableService.cpp:216] manageTimeoutRoutingTable(): [LoRaMesher] Checking routes timeout
19:57:46.624 > [1206057][I][RoutingTableService.cpp:192] printRoutingTable(): [LoRaMesher] Current routing table:
19:57:46.633 > [1206066][I][RoutingTableService.cpp:206] printRoutingTable(): [LoRaMesher] 0 - F02C via F02C metric 1 Role 0
19:57:46.643 > [1206076][I][RoutingTableService.cpp:206] printRoutingTable(): [LoRaMesher] 1 - AFC0 via F02C metric 2 Role 0
19:57:46.652 > [1206086][I][RoutingTableService.cpp:206] printRoutingTable(): [LoRaMesher] 2 - DE6C via F02C metric 3 Role 0
19:57:46.662 > [1206095][I][RoutingTableService.cpp:206] printRoutingTable(): [LoRaMesher] 3 - B3F0 via F02C metric 4 Role 0
19:57:46.672 > [1206105][I][RoutingTableService.cpp:206] printRoutingTable(): [LoRaMesher] 4 - C998 via C998 metric 1 Role 0
19:57:49.123 > [1208557][V][LoraMesher.cpp:598] sendHelloPacket(): [LoRaMesher] Creating Routing Packet
19:57:49.131 > [1208564][V][LoraMesher.cpp:599] sendHelloPacket(): [LoRaMesher] Stack space unused after entering the task: 2168
19:57:49.141 > [1208575][V][LoraMesher.cpp:600] sendHelloPacket(): [LoRaMesher] Free heap: 335848
19:57:49.149 > [1208582][V][PacketFactory.h:45] createPacket(): [LoRaMesher] Creating packet with 28 bytes
19:57:49.157 > [1208590][I][PacketFactory.h:74] createPacket(): [LoRaMesher] Packet created with 28 bytes
19:57:49.165 > [1208598][I][LoraMesher.h:659] setPackedForSend(): [LoRaMesher] Adding packet to Q_SP
19:57:49.173 > [1208606][I][LoraMesher.h:661] setPackedForSend(): [LoRaMesher] Created packet to Q_SP
19:57:49.180 > [1208614][I][LoraMesher.cpp:1061] addToSendOrderedAndNotify(): [LoRaMesher] Added packet to Q_SP, notifying sender task
19:57:49.191 > [1208624][V][LoraMesher.cpp:511] sendPackets(): [LoRaMesher] Stack space unused after entering the task: 2196
19:57:49.201 > [1208634][V][LoraMesher.cpp:512] sendPackets(): [LoRaMesher] Free heap: 335736
19:57:49.208 > [1208641][V][LoraMesher.cpp:518] sendPackets(): [LoRaMesher] Size of Send Packets Queue: 1
19:57:49.216 > [1208649][V][LoraMesher.cpp:525] sendPackets(): [LoRaMesher] Send n. 10
19:57:49.222 > [1208655][V][LoraMesher.cpp:455] waitBeforeSend(): [LoRaMesher] RandomDelay 342 ms
19:57:49.571 > [1209005][V][LoraMesher.cpp:754] printHeaderPacket(): [LoRaMesher] Packet send -- Size: 28 Src: D110 Dst: FFFF Id: 11 Type: 4 Via: 0 Seq_Id: 0 Num: 0
19:57:49.682 > [1209116][V][LoraMesher.cpp:575] sendPackets(): [LoRaMesher] TimeOnAir 85 ms, next message in 0 ms
19:57:49.692 > [1209125][I][PacketQueueService.h:80] deleteQueuePacketAndPacket(): [LoRaMesher] Deleting packet
19:57:49.700 > [1209133][I][PacketQueueService.h:83] deleteQueuePacketAndPacket(): [LoRaMesher] Deleting packet queue
19:57:49.786 > [1209219][V][LoraMesher.cpp:378] receivingRoutine(): [LoRaMesher] Stack space unused after entering the task: 2064
19:57:49.796 > [1209230][V][LoraMesher.cpp:379] receivingRoutine(): [LoRaMesher] Free heap: 335848
19:57:49.804 > [1209237][I][PacketService.cpp:12] createEmptyPacket(): [LoRaMesher] Packet created with 24 bytes
19:57:49.813 > [1209246][I][LoraMesher.cpp:392] receivingRoutine(): [LoRaMesher] Receiving LoRa packet: Size: 24 bytes RSSI: -93 SNR: -12
19:57:49.824 > [1209257][W][LoraMesher.cpp:403] receivingRoutine(): [LoRaMesher] Reading packet data gave error: -7
19:57:50.835 > [1210268][V][LoraMesher.cpp:378] receivingRoutine(): [LoRaMesher] Stack space unused after entering the task: 2064
19:57:50.845 > [1210278][V][LoraMesher.cpp:379] receivingRoutine(): [LoRaMesher] Free heap: 335848
19:57:50.852 > [1210286][I][PacketService.cpp:12] createEmptyPacket(): [LoRaMesher] Packet created with 28 bytes
19:57:50.861 > [1210294][I][LoraMesher.cpp:392] receivingRoutine(): [LoRaMesher] Receiving LoRa packet: Size: 28 bytes RSSI: -13 SNR: 13
19:57:50.872 > [1210306][V][LoraMesher.cpp:647] processPackets(): [LoRaMesher] Size of Received Packets Queue: 1
19:57:50.881 > [1210314][I][PacketQueueService.h:80] deleteQueuePacketAndPacket(): [LoRaMesher] Deleting packet
19:57:50.890 > [1210323][I][PacketQueueService.h:83] deleteQueuePacketAndPacket(): [LoRaMesher] Deleting packet queue
19:57:50.899 > [1210332][V][LoraMesher.cpp:658] processPackets(): [LoRaMesher] TESTING: Packet not for me, deleting it
19:57:50.908 > [1210341][V][LoraMesher.cpp:641] processPackets(): [LoRaMesher] Stack space unused after entering the task: 2120
19:57:50.918 > [1210351][V][LoraMesher.cpp:642] processPackets(): [LoRaMesher] Free heap: 335848
19:57:51.650 > [1211084][V][LoraMesher.cpp:378] receivingRoutine(): [LoRaMesher] Stack space unused after entering the task: 2064
19:57:51.661 > [1211094][V][LoraMesher.cpp:379] receivingRoutine(): [LoRaMesher] Free heap: 335848
19:57:51.668 > [1211101][I][PacketService.cpp:12] createEmptyPacket(): [LoRaMesher] Packet created with 24 bytes
19:57:51.677 > [1211110][I][LoraMesher.cpp:392] receivingRoutine(): [LoRaMesher] Receiving LoRa packet: Size: 24 bytes RSSI: -14 SNR: 14
19:57:51.688 > [1211121][V][LoraMesher.cpp:647] processPackets(): [LoRaMesher] Size of Received Packets Queue: 1
19:57:51.697 > [1211130][V][LoraMesher.cpp:754] printHeaderPacket(): [LoRaMesher] Packet received -- Size: 24 Src: F02C Dst: FFFF Id: 10 Type: 4 Via: 0 Seq_Id: 0 Num: 0
19:57:51.711 > [1211144][I][RoutingTableService.cpp:77] processRoute(): [LoRaMesher] Route packet from F02C with size 4
19:57:51.720 > [1211153][I][RoutingTableService.cpp:99] resetReceiveSNRRoutePacket(): [LoRaMesher] Reset Receive SNR from F02C: 14
19:57:51.730 > [1211163][I][RoutingTableService.cpp:192] printRoutingTable(): [LoRaMesher] Current routing table:
19:57:51.739 > [1211172][I][RoutingTableService.cpp:206] printRoutingTable(): [LoRaMesher] 0 - F02C via F02C metric 1 Role 0
19:57:51.749 > [1211182][I][RoutingTableService.cpp:206] printRoutingTable(): [LoRaMesher] 1 - AFC0 via F02C metric 2 Role 0
19:57:51.758 > [1211192][I][RoutingTableService.cpp:206] printRoutingTable(): [LoRaMesher] 2 - DE6C via F02C metric 3 Role 0
19:57:51.768 > [1211201][I][RoutingTableService.cpp:206] printRoutingTable(): [LoRaMesher] 3 - B3F0 via F02C metric 4 Role 0
19:57:51.778 > [1211211][I][RoutingTableService.cpp:206] printRoutingTable(): [LoRaMesher] 4 - C998 via C998 metric 1 Role 0
19:57:51.787 > [1211221][I][PacketQueueService.h:80] deleteQueuePacketAndPacket(): [LoRaMesher] Deleting packet
19:57:51.796 > [1211229][I][PacketQueueService.h:83] deleteQueuePacketAndPacket(): [LoRaMesher] Deleting packet queue
19:57:51.805 > [1211238][V][LoraMesher.cpp:641] processPackets(): [LoRaMesher] Stack space unused after entering the task: 2120
19:57:51.815 > [1211248][V][LoraMesher.cpp:642] processPackets(): [LoRaMesher] Free heap: 335848
19:57:53.452 > [1212885][V][LoraMesher.cpp:378] receivingRoutine(): [LoRaMesher] Stack space unused after entering the task: 2064
19:57:53.463 > [1212895][V][LoraMesher.cpp:379] receivingRoutine(): [LoRaMesher] Free heap: 335848
19:57:53.470 > [1212903][I][PacketService.cpp:12] createEmptyPacket(): [LoRaMesher] Packet created with 24 bytes
19:57:53.479 > [1212912][I][LoraMesher.cpp:392] receivingRoutine(): [LoRaMesher] Receiving LoRa packet: Size: 24 bytes RSSI: -61 SNR: 13
19:57:53.490 > [1212923][V][LoraMesher.cpp:647] processPackets(): [LoRaMesher] Size of Received Packets Queue: 1
19:57:53.499 > [1212932][I][PacketQueueService.h:80] deleteQueuePacketAndPacket(): [LoRaMesher] Deleting packet
19:57:53.507 > [1212941][I][PacketQueueService.h:83] deleteQueuePacketAndPacket(): [LoRaMesher] Deleting packet queue
19:57:53.516 > [1212950][V][LoraMesher.cpp:658] processPackets(): [LoRaMesher] TESTING: Packet not for me, deleting it
19:57:53.526 > [1212959][V][LoraMesher.cpp:641] processPackets(): [LoRaMesher] Stack space unused after entering the task: 2120
19:57:53.536 > [1212969][V][LoraMesher.cpp:642] processPackets(): [LoRaMesher] Free heap: 335848
19:57:58.927 > [1218360][V][LoraMesher.cpp:378] receivingRoutine(): [LoRaMesher] Stack space unused after entering the task: 2064
19:57:58.938 > [1218371][V][LoraMesher.cpp:379] receivingRoutine(): [LoRaMesher] Free heap: 335848
19:57:58.946 > [1218378][I][PacketService.cpp:12] createEmptyPacket(): [LoRaMesher] Packet created with 28 bytes
19:57:58.955 > [1218387][I][LoraMesher.cpp:392] receivingRoutine(): [LoRaMesher] Receiving LoRa packet: Size: 28 bytes RSSI: -35 SNR: 13
19:57:58.966 > [1218398][V][LoraMesher.cpp:647] processPackets(): [LoRaMesher] Size of Received Packets Queue: 1
19:57:58.975 > [1218407][V][LoraMesher.cpp:754] printHeaderPacket(): [LoRaMesher] Packet received -- Size: 28 Src: C998 Dst: FFFF Id: 1 Type: 4 Via: 0 Seq_Id: 0 Num: 0
19:57:58.988 > [1218421][I][RoutingTableService.cpp:77] processRoute(): [LoRaMesher] Route packet from C998 with size 5
19:57:58.998 > [1218430][I][RoutingTableService.cpp:99] resetReceiveSNRRoutePacket(): [LoRaMesher] Reset Receive SNR from C998: 13
19:57:59.008 > [1218440][I][RoutingTableService.cpp:119] processRoute(): [LoRaMesher] Found better route for B3F0 via C998 metric 2
19:57:59.018 > [1218451][I][RoutingTableService.cpp:192] printRoutingTable(): [LoRaMesher] Current routing table:
19:57:59.027 > [1218459][I][RoutingTableService.cpp:206] printRoutingTable(): [LoRaMesher] 0 - F02C via F02C metric 1 Role 0
19:57:59.037 > [1218469][I][RoutingTableService.cpp:206] printRoutingTable(): [LoRaMesher] 1 - AFC0 via F02C metric 2 Role 0
19:57:59.046 > [1218479][I][RoutingTableService.cpp:206] printRoutingTable(): [LoRaMesher] 2 - DE6C via F02C metric 3 Role 0
19:57:59.056 > [1218488][I][RoutingTableService.cpp:206] printRoutingTable(): [LoRaMesher] 3 - B3F0 via C998 metric 2 Role 0
19:57:59.066 > [1218498][I][RoutingTableService.cpp:206] printRoutingTable(): [LoRaMesher] 4 - C998 via C998 metric 1 Role 0
19:57:59.075 > [1218508][I][PacketQueueService.h:80] deleteQueuePacketAndPacket(): [LoRaMesher] Deleting packet
19:57:59.084 > [1218516][I][PacketQueueService.h:83] deleteQueuePacketAndPacket(): [LoRaMesher] Deleting packet queue
19:57:59.093 > [1218526][V][LoraMesher.cpp:641] processPackets(): [LoRaMesher] Stack space unused after entering the task: 2072
19:57:59.103 > [1218536][V][LoraMesher.cpp:642] processPackets(): [LoRaMesher] Free heap: 335848
19:58:00.415 > [1219848][V][LoraMesher.cpp:378] receivingRoutine(): [LoRaMesher] Stack space unused after entering the task: 2064
19:58:00.426 > [1219859][V][LoraMesher.cpp:379] receivingRoutine(): [LoRaMesher] Free heap: 335848
19:58:00.434 > [1219866][I][PacketService.cpp:12] createEmptyPacket(): [LoRaMesher] Packet created with 17 bytes
19:58:00.443 > [1219875][I][LoraMesher.cpp:392] receivingRoutine(): [LoRaMesher] Receiving LoRa packet: Size: 17 bytes RSSI: -13 SNR: 13
19:58:00.454 > [1219886][V][LoraMesher.cpp:647] processPackets(): [LoRaMesher] Size of Received Packets Queue: 1
19:58:00.463 > [1219895][I][PacketQueueService.h:80] deleteQueuePacketAndPacket(): [LoRaMesher] Deleting packet
19:58:00.471 > [1219904][I][PacketQueueService.h:83] deleteQueuePacketAndPacket(): [LoRaMesher] Deleting packet queue
19:58:00.480 > [1219913][V][LoraMesher.cpp:658] processPackets(): [LoRaMesher] TESTING: Packet not for me, deleting it
19:58:00.490 > [1219922][V][LoraMesher.cpp:641] processPackets(): [LoRaMesher] Stack space unused after entering the task: 2072
19:58:00.500 > [1219932][V][LoraMesher.cpp:642] processPackets(): [LoRaMesher] Free heap: 335848
19:58:01.891 > [1221324][V][LoraMesher.cpp:378] receivingRoutine(): [LoRaMesher] Stack space unused after entering the task: 2064
19:58:01.901 > [1221334][V][LoraMesher.cpp:379] receivingRoutine(): [LoRaMesher] Free heap: 335848
19:58:01.909 > [1221341][I][PacketService.cpp:12] createEmptyPacket(): [LoRaMesher] Packet created with 17 bytes
19:58:01.918 > [1221350][I][LoraMesher.cpp:392] receivingRoutine(): [LoRaMesher] Receiving LoRa packet: Size: 17 bytes RSSI: -13 SNR: 13
19:58:01.929 > [1221362][V][LoraMesher.cpp:647] processPackets(): [LoRaMesher] Size of Received Packets Queue: 1
19:58:01.938 > [1221370][I][PacketQueueService.h:80] deleteQueuePacketAndPacket(): [LoRaMesher] Deleting packet
19:58:01.946 > [1221379][I][PacketQueueService.h:83] deleteQueuePacketAndPacket(): [LoRaMesher] Deleting packet queue
19:58:01.955 > [1221388][V][LoraMesher.cpp:658] processPackets(): [LoRaMesher] TESTING: Packet not for me, deleting it
19:58:01.965 > [1221397][V][LoraMesher.cpp:641] processPackets(): [LoRaMesher] Stack space unused after entering the task: 2072
19:58:01.975 > [1221407][V][LoraMesher.cpp:642] processPackets(): [LoRaMesher] Free heap: 335848
19:58:02.999 > [1222432][V][LoraMesher.cpp:378] receivingRoutine(): [LoRaMesher] Stack space unused after entering the task: 2064
19:58:03.010 > [1222442][V][LoraMesher.cpp:379] receivingRoutine(): [LoRaMesher] Free heap: 335848
19:58:03.018 > [1222450][I][PacketService.cpp:12] createEmptyPacket(): [LoRaMesher] Packet created with 17 bytes
19:58:03.026 > [1222459][I][LoraMesher.cpp:392] receivingRoutine(): [LoRaMesher] Receiving LoRa packet: Size: 17 bytes RSSI: -58 SNR: 12
19:58:03.038 > [1222470][V][LoraMesher.cpp:647] processPackets(): [LoRaMesher] Size of Received Packets Queue: 1
19:58:03.046 > [1222479][I][PacketQueueService.h:80] deleteQueuePacketAndPacket(): [LoRaMesher] Deleting packet
19:58:03.055 > [1222487][I][PacketQueueService.h:83] deleteQueuePacketAndPacket(): [LoRaMesher] Deleting packet queue
19:58:03.064 > [1222496][V][LoraMesher.cpp:658] processPackets(): [LoRaMesher] TESTING: Packet not for me, deleting it
19:58:03.073 > [1222506][V][LoraMesher.cpp:641] processPackets(): [LoRaMesher] Stack space unused after entering the task: 2072
19:58:03.083 > [1222516][V][LoraMesher.cpp:642] processPackets(): [LoRaMesher] Free heap: 335848
19:58:03.510 > [1222942][V][LoraMesher.cpp:378] receivingRoutine(): [LoRaMesher] Stack space unused after entering the task: 2064
19:58:03.520 > [1222953][V][LoraMesher.cpp:379] receivingRoutine(): [LoRaMesher] Free heap: 335848
19:58:03.528 > [1222960][I][PacketService.cpp:12] createEmptyPacket(): [LoRaMesher] Packet created with 17 bytes
19:58:03.537 > [1222969][I][LoraMesher.cpp:392] receivingRoutine(): [LoRaMesher] Receiving LoRa packet: Size: 17 bytes RSSI: -15 SNR: 13
19:58:03.548 > [1222980][V][LoraMesher.cpp:647] processPackets(): [LoRaMesher] Size of Received Packets Queue: 1
19:58:03.557 > [1222989][V][LoraMesher.cpp:754] printHeaderPacket(): [LoRaMesher] Packet received -- Size: 17 Src: B3F0 Dst: D110 Id: 73 Type: 2 Via: D110 Seq_Id: 0 Num: 0
19:58:03.571 > [1223003][I][LoraMesher.cpp:854] processDataPacket(): [LoRaMesher] Data packet from B3F0, destination D110, via D110
19:58:03.581 > [1223013][V][LoraMesher.cpp:857] processDataPacket(): [LoRaMesher] Data packet from B3F0 for me
19:58:03.589 > [1223022][V][LoraMesher.cpp:893] processDataPacketForMe(): [LoRaMesher] Data Packet received
19:58:03.598 > [1223030][I][PacketQueueService.h:80] deleteQueuePacketAndPacket(): [LoRaMesher] Deleting packet
19:58:03.606 > [1223039][I][PacketQueueService.h:83] deleteQueuePacketAndPacket(): [LoRaMesher] Deleting packet queue
19:58:03.615 > [1223048][V][LoraMesher.cpp:641] processPackets(): [LoRaMesher] Stack space unused after entering the task: 2072
19:58:03.625 > [1223058][V][LoraMesher.cpp:642] processPackets(): [LoRaMesher] Free heap: 335788
19:58:03.797 > ReceivedUserData_TaskHandle notify received
19:58:03.801 > Queue receiveUserData size: 1
19:58:03.804 > Packet arrived from B3F0 with size 8
19:58:03.807 > DATA:62 b3f0
19:58:19.341 > [1238772][V][LoraMesher.cpp:378] receivingRoutine(): [LoRaMesher] Stack space unused after entering the task: 2064
19:58:19.351 > [1238783][V][LoraMesher.cpp:379] receivingRoutine(): [LoRaMesher] Free heap: 335848
19:58:19.359 > [1238790][I][PacketService.cpp:12] createEmptyPacket(): [LoRaMesher] Packet created with 17 bytes
19:58:19.368 > [1238799][I][LoraMesher.cpp:392] receivingRoutine(): [LoRaMesher] Receiving LoRa packet: Size: 17 bytes RSSI: -12 SNR: 12
19:58:19.379 > [1238810][V][LoraMesher.cpp:647] processPackets(): [LoRaMesher] Size of Received Packets Queue: 1
19:58:19.387 > [1238819][I][PacketQueueService.h:80] deleteQueuePacketAndPacket(): [LoRaMesher] Deleting packet
19:58:19.396 > [1238828][I][PacketQueueService.h:83] deleteQueuePacketAndPacket(): [LoRaMesher] Deleting packet queue
19:58:19.405 > [1238837][V][LoraMesher.cpp:658] processPackets(): [LoRaMesher] TESTING: Packet not for me, deleting it
19:58:19.414 > [1238846][V][LoraMesher.cpp:641] processPackets(): [LoRaMesher] Stack space unused after entering the task: 2072
19:58:19.424 > [1238856][V][LoraMesher.cpp:642] processPackets(): [LoRaMesher] Free heap: 335848
19:58:19.876 > [1239307][V][LoraMesher.cpp:378] receivingRoutine(): [LoRaMesher] Stack space unused after entering the task: 2064
19:58:19.887 > [1239317][V][LoraMesher.cpp:379] receivingRoutine(): [LoRaMesher] Free heap: 335848
19:58:19.893 > [1239325][I][PacketService.cpp:12] createEmptyPacket(): [LoRaMesher] Packet created with 17 bytes
19:58:19.903 > [1239334][I][LoraMesher.cpp:392] receivingRoutine(): [LoRaMesher] Receiving LoRa packet: Size: 17 bytes RSSI: -40 SNR: 13
19:58:19.913 > [1239345][V][LoraMesher.cpp:647] processPackets(): [LoRaMesher] Size of Received Packets Queue: 1
19:58:19.922 > [1239354][V][LoraMesher.cpp:754] printHeaderPacket(): [LoRaMesher] Packet received -- Size: 17 Src: B3F0 Dst: D110 Id: 74 Type: 2 Via: D110 Seq_Id: 0 Num: 0
19:58:19.936 > [1239368][I][LoraMesher.cpp:854] processDataPacket(): [LoRaMesher] Data packet from B3F0, destination D110, via D110
19:58:19.946 > [1239378][V][LoraMesher.cpp:857] processDataPacket(): [LoRaMesher] Data packet from B3F0 for me
19:58:19.955 > [1239386][V][LoraMesher.cpp:893] processDataPacketForMe(): [LoRaMesher] Data Packet received
19:58:19.963 > [1239395][I][PacketQueueService.h:80] deleteQueuePacketAndPacket(): [LoRaMesher] Deleting packet
19:58:19.972 > [1239403][I][PacketQueueService.h:83] deleteQueuePacketAndPacket(): [LoRaMesher] Deleting packet queue
19:58:19.981 > [1239412][V][LoraMesher.cpp:641] processPackets(): [LoRaMesher] Stack space unused after entering the task: 2072
19:58:19.991 > [1239422][V][LoraMesher.cpp:642] processPackets(): [LoRaMesher] Free heap: 335788
19:58:20.163 > ReceivedUserData_TaskHandle notify received
19:58:20.167 > Queue receiveUserData size: 1
19:58:20.169 > Packet arrived from B3F0 with size 8
19:58:20.173 > DATA:63 b3f0
19:58:39.833 > [1259263][V][LoraMesher.cpp:378] receivingRoutine(): [LoRaMesher] Stack space unused after entering the task: 2064
19:58:39.844 > [1259274][V][LoraMesher.cpp:379] receivingRoutine(): [LoRaMesher] Free heap: 335848
19:58:39.851 > [1259281][I][PacketService.cpp:12] createEmptyPacket(): [LoRaMesher] Packet created with 17 bytes
19:58:39.860 > [1259290][I][LoraMesher.cpp:392] receivingRoutine(): [LoRaMesher] Receiving LoRa packet: Size: 17 bytes RSSI: -14 SNR: 13
19:58:39.871 > [1259301][V][LoraMesher.cpp:647] processPackets(): [LoRaMesher] Size of Received Packets Queue: 1
19:58:39.880 > [1259310][I][PacketQueueService.h:80] deleteQueuePacketAndPacket(): [LoRaMesher] Deleting packet
19:58:39.889 > [1259319][I][PacketQueueService.h:83] deleteQueuePacketAndPacket(): [LoRaMesher] Deleting packet queue
19:58:39.898 > [1259328][V][LoraMesher.cpp:658] processPackets(): [LoRaMesher] TESTING: Packet not for me, deleting it
19:58:39.907 > [1259337][V][LoraMesher.cpp:641] processPackets(): [LoRaMesher] Stack space unused after entering the task: 2072
19:58:39.917 > [1259347][V][LoraMesher.cpp:642] processPackets(): [LoRaMesher] Free heap: 335848
19:58:40.408 > [1259838][V][LoraMesher.cpp:378] receivingRoutine(): [LoRaMesher] Stack space unused after entering the task: 2064
19:58:40.419 > [1259848][V][LoraMesher.cpp:379] receivingRoutine(): [LoRaMesher] Free heap: 335848
19:58:40.426 > [1259856][I][PacketService.cpp:12] createEmptyPacket(): [LoRaMesher] Packet created with 17 bytes
19:58:40.435 > [1259865][I][LoraMesher.cpp:392] receivingRoutine(): [LoRaMesher] Receiving LoRa packet: Size: 17 bytes RSSI: -35 SNR: 13
19:58:40.446 > [1259876][V][LoraMesher.cpp:647] processPackets(): [LoRaMesher] Size of Received Packets Queue: 1
19:58:40.455 > [1259885][V][LoraMesher.cpp:754] printHeaderPacket(): [LoRaMesher] Packet received -- Size: 17 Src: B3F0 Dst: D110 Id: 75 Type: 2 Via: D110 Seq_Id: 0 Num: 0
19:58:40.469 > [1259899][I][LoraMesher.cpp:854] processDataPacket(): [LoRaMesher] Data packet from B3F0, destination D110, via D110
19:58:40.479 > [1259909][V][LoraMesher.cpp:857] processDataPacket(): [LoRaMesher] Data packet from B3F0 for me
19:58:40.488 > [1259918][V][LoraMesher.cpp:893] processDataPacketForMe(): [LoRaMesher] Data Packet received
19:58:40.496 > [1259926][I][PacketQueueService.h:80] deleteQueuePacketAndPacket(): [LoRaMesher] Deleting packet
19:58:40.504 > [1259934][I][PacketQueueService.h:83] deleteQueuePacketAndPacket(): [LoRaMesher] Deleting packet queue
19:58:40.514 > [1259944][V][LoraMesher.cpp:641] processPackets(): [LoRaMesher] Stack space unused after entering the task: 2072
19:58:40.524 > [1259954][V][LoraMesher.cpp:642] processPackets(): [LoRaMesher] Free heap: 335788
19:58:40.695 > ReceivedUserData_TaskHandle notify received
19:58:40.699 > Queue receiveUserData size: 1
19:58:40.702 > Packet arrived from B3F0 with size 8
19:58:40.705 > DATA:64 b3f0
19:58:59.520 > [1278949][V][LoraMesher.cpp:378] receivingRoutine(): [LoRaMesher] Stack space unused after entering the task: 2064
19:58:59.530 > [1278959][V][LoraMesher.cpp:379] receivingRoutine(): [LoRaMesher] Free heap: 335848
19:58:59.538 > [1278967][I][PacketService.cpp:12] createEmptyPacket(): [LoRaMesher] Packet created with 17 bytes
19:58:59.547 > [1278976][I][LoraMesher.cpp:392] receivingRoutine(): [LoRaMesher] Receiving LoRa packet: Size: 17 bytes RSSI: -13 SNR: 13
19:58:59.558 > [1278987][V][LoraMesher.cpp:647] processPackets(): [LoRaMesher] Size of Received Packets Queue: 1
19:58:59.567 > [1278996][I][PacketQueueService.h:80] deleteQueuePacketAndPacket(): [LoRaMesher] Deleting packet
19:58:59.575 > [1279004][I][PacketQueueService.h:83] deleteQueuePacketAndPacket(): [LoRaMesher] Deleting packet queue
19:58:59.584 > [1279014][V][LoraMesher.cpp:658] processPackets(): [LoRaMesher] TESTING: Packet not for me, deleting it
19:58:59.594 > [1279023][V][LoraMesher.cpp:641] processPackets(): [LoRaMesher] Stack space unused after entering the task: 2072
19:58:59.604 > [1279033][V][LoraMesher.cpp:642] processPackets(): [LoRaMesher] Free heap: 335848
19:59:00.202 > [1279631][V][LoraMesher.cpp:378] receivingRoutine(): [LoRaMesher] Stack space unused after entering the task: 2064
19:59:00.212 > [1279642][V][LoraMesher.cpp:379] receivingRoutine(): [LoRaMesher] Free heap: 335848
19:59:00.220 > [1279649][I][PacketService.cpp:12] createEmptyPacket(): [LoRaMesher] Packet created with 17 bytes
19:59:00.229 > [1279658][I][LoraMesher.cpp:392] receivingRoutine(): [LoRaMesher] Receiving LoRa packet: Size: 17 bytes RSSI: -35 SNR: 13
19:59:00.240 > [1279669][V][LoraMesher.cpp:647] processPackets(): [LoRaMesher] Size of Received Packets Queue: 1
19:59:00.249 > [1279678][V][LoraMesher.cpp:754] printHeaderPacket(): [LoRaMesher] Packet received -- Size: 17 Src: B3F0 Dst: D110 Id: 76 Type: 2 Via: D110 Seq_Id: 0 Num: 0
19:59:00.263 > [1279692][I][LoraMesher.cpp:854] processDataPacket(): [LoRaMesher] Data packet from B3F0, destination D110, via D110
19:59:00.273 > [1279702][V][LoraMesher.cpp:857] processDataPacket(): [LoRaMesher] Data packet from B3F0 for me
19:59:00.281 > [1279711][V][LoraMesher.cpp:893] processDataPacketForMe(): [LoRaMesher] Data Packet received
19:59:00.290 > [1279719][I][PacketQueueService.h:80] deleteQueuePacketAndPacket(): [LoRaMesher] Deleting packet
19:59:00.298 > [1279727][I][PacketQueueService.h:83] deleteQueuePacketAndPacket(): [LoRaMesher] Deleting packet queue
19:59:00.307 > [1279737][V][LoraMesher.cpp:641] processPackets(): [LoRaMesher] Stack space unused after entering the task: 2072
19:59:00.317 > [1279747][V][LoraMesher.cpp:642] processPackets(): [LoRaMesher] Free heap: 335788
19:59:00.489 > ReceivedUserData_TaskHandle notify received
19:59:00.493 > Queue receiveUserData size: 1
19:59:00.496 > Packet arrived from B3F0 with size 8
19:59:00.499 > DATA:65 b3f0
19:59:15.884 > [1295312][V][LoraMesher.cpp:378] receivingRoutine(): [LoRaMesher] Stack space unused after entering the task: 2064
19:59:15.895 > [1295323][V][LoraMesher.cpp:379] receivingRoutine(): [LoRaMesher] Free heap: 335848
19:59:15.902 > [1295330][I][PacketService.cpp:12] createEmptyPacket(): [LoRaMesher] Packet created with 28 bytes
19:59:15.911 > [1295339][I][LoraMesher.cpp:392] receivingRoutine(): [LoRaMesher] Receiving LoRa packet: Size: 28 bytes RSSI: -13 SNR: 14
19:59:15.922 > [1295350][V][LoraMesher.cpp:647] processPackets(): [LoRaMesher] Size of Received Packets Queue: 1
19:59:15.931 > [1295359][I][PacketQueueService.h:80] deleteQueuePacketAndPacket(): [LoRaMesher] Deleting packet
19:59:15.940 > [1295368][I][PacketQueueService.h:83] deleteQueuePacketAndPacket(): [LoRaMesher] Deleting packet queue
19:59:15.949 > [1295377][V][LoraMesher.cpp:658] processPackets(): [LoRaMesher] TESTING: Packet not for me, deleting it
19:59:15.958 > [1295386][V][LoraMesher.cpp:641] processPackets(): [LoRaMesher] Stack space unused after entering the task: 2072
19:59:15.968 > [1295396][V][LoraMesher.cpp:642] processPackets(): [LoRaMesher] Free heap: 335848
19:59:19.619 > [1299047][V][LoraMesher.cpp:378] receivingRoutine(): [LoRaMesher] Stack space unused after entering the task: 2064
19:59:19.630 > [1299057][V][LoraMesher.cpp:379] receivingRoutine(): [LoRaMesher] Free heap: 335848
19:59:19.637 > [1299065][I][PacketService.cpp:12] createEmptyPacket(): [LoRaMesher] Packet created with 17 bytes
19:59:19.646 > [1299074][I][LoraMesher.cpp:392] receivingRoutine(): [LoRaMesher] Receiving LoRa packet: Size: 17 bytes RSSI: -13 SNR: 13
19:59:19.657 > [1299085][V][LoraMesher.cpp:647] processPackets(): [LoRaMesher] Size of Received Packets Queue: 1
19:59:19.666 > [1299094][I][PacketQueueService.h:80] deleteQueuePacketAndPacket(): [LoRaMesher] Deleting packet
19:59:19.675 > [1299102][I][PacketQueueService.h:83] deleteQueuePacketAndPacket(): [LoRaMesher] Deleting packet queue
19:59:19.684 > [1299111][V][LoraMesher.cpp:658] processPackets(): [LoRaMesher] TESTING: Packet not for me, deleting it
19:59:19.693 > [1299121][V][LoraMesher.cpp:641] processPackets(): [LoRaMesher] Stack space unused after entering the task: 2072
19:59:19.703 > [1299131][V][LoraMesher.cpp:642] processPackets(): [LoRaMesher] Free heap: 335848
19:59:20.143 > [1299571][V][LoraMesher.cpp:378] receivingRoutine(): [LoRaMesher] Stack space unused after entering the task: 2064
19:59:20.154 > [1299582][V][LoraMesher.cpp:379] receivingRoutine(): [LoRaMesher] Free heap: 335848
19:59:20.162 > [1299589][I][PacketService.cpp:12] createEmptyPacket(): [LoRaMesher] Packet created with 17 bytes
19:59:20.170 > [1299598][I][LoraMesher.cpp:392] receivingRoutine(): [LoRaMesher] Receiving LoRa packet: Size: 17 bytes RSSI: -38 SNR: 13
19:59:20.182 > [1299609][V][LoraMesher.cpp:647] processPackets(): [LoRaMesher] Size of Received Packets Queue: 1
19:59:20.190 > [1299618][V][LoraMesher.cpp:754] printHeaderPacket(): [LoRaMesher] Packet received -- Size: 17 Src: B3F0 Dst: D110 Id: 78 Type: 2 Via: D110 Seq_Id: 0 Num: 0
19:59:20.204 > [1299632][I][LoraMesher.cpp:854] processDataPacket(): [LoRaMesher] Data packet from B3F0, destination D110, via D110
19:59:20.215 > [1299642][V][LoraMesher.cpp:857] processDataPacket(): [LoRaMesher] Data packet from B3F0 for me
19:59:20.223 > [1299651][V][LoraMesher.cpp:893] processDataPacketForMe(): [LoRaMesher] Data Packet received
19:59:20.231 > [1299659][I][PacketQueueService.h:80] deleteQueuePacketAndPacket(): [LoRaMesher] Deleting packet
19:59:20.240 > [1299667][I][PacketQueueService.h:83] deleteQueuePacketAndPacket(): [LoRaMesher] Deleting packet queue
19:59:20.249 > [1299677][V][LoraMesher.cpp:641] processPackets(): [LoRaMesher] Stack space unused after entering the task: 2072
19:59:20.259 > [1299687][V][LoraMesher.cpp:642] processPackets(): [LoRaMesher] Free heap: 335788
19:59:20.430 > ReceivedUserData_TaskHandle notify received
19:59:20.435 > Queue receiveUserData size: 1
19:59:20.437 > Packet arrived from B3F0 with size 8
19:59:20.441 > DATA:66 b3f0
19:59:39.863 > [1319290][V][LoraMesher.cpp:378] receivingRoutine(): [LoRaMesher] Stack space unused after entering the task: 2064
19:59:39.873 > [1319300][V][LoraMesher.cpp:379] receivingRoutine(): [LoRaMesher] Free heap: 335848
19:59:39.881 > [1319308][I][PacketService.cpp:12] createEmptyPacket(): [LoRaMesher] Packet created with 17 bytes
19:59:39.890 > [1319317][I][LoraMesher.cpp:392] receivingRoutine(): [LoRaMesher] Receiving LoRa packet: Size: 17 bytes RSSI: -14 SNR: 13
19:59:39.901 > [1319328][V][LoraMesher.cpp:647] processPackets(): [LoRaMesher] Size of Received Packets Queue: 1
19:59:39.910 > [1319337][I][PacketQueueService.h:80] deleteQueuePacketAndPacket(): [LoRaMesher] Deleting packet
19:59:39.918 > [1319345][I][PacketQueueService.h:83] deleteQueuePacketAndPacket(): [LoRaMesher] Deleting packet queue
19:59:39.928 > [1319354][V][LoraMesher.cpp:658] processPackets(): [LoRaMesher] TESTING: Packet not for me, deleting it
19:59:39.937 > [1319364][V][LoraMesher.cpp:641] processPackets(): [LoRaMesher] Stack space unused after entering the task: 2072
19:59:39.947 > [1319374][V][LoraMesher.cpp:642] processPackets(): [LoRaMesher] Free heap: 335848
19:59:41.379 > [1320806][V][LoraMesher.cpp:378] receivingRoutine(): [LoRaMesher] Stack space unused after entering the task: 2064
19:59:41.390 > [1320817][V][LoraMesher.cpp:379] receivingRoutine(): [LoRaMesher] Free heap: 335848
19:59:41.397 > [1320824][I][PacketService.cpp:12] createEmptyPacket(): [LoRaMesher] Packet created with 17 bytes
19:59:41.406 > [1320833][I][LoraMesher.cpp:392] receivingRoutine(): [LoRaMesher] Receiving LoRa packet: Size: 17 bytes RSSI: -38 SNR: 13
19:59:41.417 > [1320844][V][LoraMesher.cpp:647] processPackets(): [LoRaMesher] Size of Received Packets Queue: 1
19:59:41.426 > [1320853][V][LoraMesher.cpp:754] printHeaderPacket(): [LoRaMesher] Packet received -- Size: 17 Src: B3F0 Dst: D110 Id: 79 Type: 2 Via: D110 Seq_Id: 0 Num: 0
19:59:41.440 > [1320867][I][LoraMesher.cpp:854] processDataPacket(): [LoRaMesher] Data packet from B3F0, destination D110, via D110
19:59:41.450 > [1320877][V][LoraMesher.cpp:857] processDataPacket(): [LoRaMesher] Data packet from B3F0 for me
19:59:41.459 > [1320886][V][LoraMesher.cpp:893] processDataPacketForMe(): [LoRaMesher] Data Packet received
19:59:41.467 > [1320894][I][PacketQueueService.h:80] deleteQueuePacketAndPacket(): [LoRaMesher] Deleting packet
19:59:41.476 > [1320903][I][PacketQueueService.h:83] deleteQueuePacketAndPacket(): [LoRaMesher] Deleting packet queue
19:59:41.485 > [1320912][V][LoraMesher.cpp:641] processPackets(): [LoRaMesher] Stack space unused after entering the task: 2072
19:59:41.495 > [1320922][V][LoraMesher.cpp:642] processPackets(): [LoRaMesher] Free heap: 335788
19:59:41.666 > ReceivedUserData_TaskHandle notify received
19:59:41.671 > Queue receiveUserData size: 1
19:59:41.673 > Packet arrived from B3F0 with size 8
19:59:41.676 > DATA:67 b3f0
19:59:49.198 > [1328625][V][LoraMesher.cpp:598] sendHelloPacket(): [LoRaMesher] Creating Routing Packet
19:59:49.207 > [1328632][V][LoraMesher.cpp:599] sendHelloPacket(): [LoRaMesher] Stack space unused after entering the task: 2168
19:59:49.217 > [1328643][V][LoraMesher.cpp:600] sendHelloPacket(): [LoRaMesher] Free heap: 335848
19:59:49.224 > [1328650][V][PacketFactory.h:45] createPacket(): [LoRaMesher] Creating packet with 28 bytes
19:59:49.232 > [1328658][I][PacketFactory.h:74] createPacket(): [LoRaMesher] Packet created with 28 bytes
19:59:49.240 > [1328666][I][LoraMesher.h:659] setPackedForSend(): [LoRaMesher] Adding packet to Q_SP
19:59:49.248 > [1328674][I][LoraMesher.h:661] setPackedForSend(): [LoRaMesher] Created packet to Q_SP
19:59:49.256 > [1328682][I][LoraMesher.cpp:1061] addToSendOrderedAndNotify(): [LoRaMesher] Added packet to Q_SP, notifying sender task
19:59:49.266 > [1328692][V][LoraMesher.cpp:511] sendPackets(): [LoRaMesher] Stack space unused after entering the task: 2196
19:59:49.276 > [1328702][V][LoraMesher.cpp:512] sendPackets(): [LoRaMesher] Free heap: 335736
19:59:49.283 > [1328709][V][LoraMesher.cpp:518] sendPackets(): [LoRaMesher] Size of Send Packets Queue: 1
19:59:49.291 > [1328717][V][LoraMesher.cpp:525] sendPackets(): [LoRaMesher] Send n. 11
19:59:49.297 > [1328723][V][LoraMesher.cpp:455] waitBeforeSend(): [LoRaMesher] RandomDelay 439 ms
19:59:49.743 > [1329170][V][LoraMesher.cpp:754] printHeaderPacket(): [LoRaMesher] Packet send -- Size: 28 Src: D110 Dst: FFFF Id: 12 Type: 4 Via: 0 Seq_Id: 0 Num: 0
19:59:49.854 > [1329281][V][LoraMesher.cpp:575] sendPackets(): [LoRaMesher] TimeOnAir 85 ms, next message in 0 ms
19:59:49.864 > [1329290][I][PacketQueueService.h:80] deleteQueuePacketAndPacket(): [LoRaMesher] Deleting packet
19:59:49.872 > [1329298][I][PacketQueueService.h:83] deleteQueuePacketAndPacket(): [LoRaMesher] Deleting packet queue
19:59:50.400 > [1329827][V][LoraMesher.cpp:378] receivingRoutine(): [LoRaMesher] Stack space unused after entering the task: 2064
19:59:50.411 > [1329837][V][LoraMesher.cpp:379] receivingRoutine(): [LoRaMesher] Free heap: 335848
19:59:50.419 > [1329845][I][PacketService.cpp:12] createEmptyPacket(): [LoRaMesher] Packet created with 28 bytes
19:59:50.428 > [1329854][I][LoraMesher.cpp:392] receivingRoutine(): [LoRaMesher] Receiving LoRa packet: Size: 28 bytes RSSI: -57 SNR: 13
19:59:50.439 > [1329865][V][LoraMesher.cpp:647] processPackets(): [LoRaMesher] Size of Received Packets Queue: 1
19:59:50.448 > [1329874][I][PacketQueueService.h:80] deleteQueuePacketAndPacket(): [LoRaMesher] Deleting packet
19:59:50.456 > [1329882][I][PacketQueueService.h:83] deleteQueuePacketAndPacket(): [LoRaMesher] Deleting packet queue
19:59:50.465 > [1329891][V][LoraMesher.cpp:658] processPackets(): [LoRaMesher] TESTING: Packet not for me, deleting it
19:59:50.474 > [1329900][V][LoraMesher.cpp:641] processPackets(): [LoRaMesher] Stack space unused after entering the task: 2072
19:59:50.484 > [1329910][V][LoraMesher.cpp:642] processPackets(): [LoRaMesher] Free heap: 335848
19:59:51.859 > [1331286][V][LoraMesher.cpp:378] receivingRoutine(): [LoRaMesher] Stack space unused after entering the task: 2064
19:59:51.870 > [1331296][V][LoraMesher.cpp:379] receivingRoutine(): [LoRaMesher] Free heap: 335848
19:59:51.878 > [1331304][I][PacketService.cpp:12] createEmptyPacket(): [LoRaMesher] Packet created with 28 bytes
19:59:51.886 > [1331312][I][LoraMesher.cpp:392] receivingRoutine(): [LoRaMesher] Receiving LoRa packet: Size: 28 bytes RSSI: -13 SNR: 12
19:59:51.898 > [1331324][V][LoraMesher.cpp:647] processPackets(): [LoRaMesher] Size of Received Packets Queue: 1
19:59:51.906 > [1331332][I][PacketQueueService.h:80] deleteQueuePacketAndPacket(): [LoRaMesher] Deleting packet
19:59:51.915 > [1331341][I][PacketQueueService.h:83] deleteQueuePacketAndPacket(): [LoRaMesher] Deleting packet queue
19:59:51.924 > [1331350][V][LoraMesher.cpp:658] processPackets(): [LoRaMesher] TESTING: Packet not for me, deleting it
19:59:51.933 > [1331359][V][LoraMesher.cpp:641] processPackets(): [LoRaMesher] Stack space unused after entering the task: 2072
19:59:51.943 > [1331369][V][LoraMesher.cpp:642] processPackets(): [LoRaMesher] Free heap: 335848
19:59:59.092 > [1338518][V][LoraMesher.cpp:378] receivingRoutine(): [LoRaMesher] Stack space unused after entering the task: 2064
19:59:59.102 > [1338528][V][LoraMesher.cpp:379] receivingRoutine(): [LoRaMesher] Free heap: 335848
19:59:59.110 > [1338536][I][PacketService.cpp:12] createEmptyPacket(): [LoRaMesher] Packet created with 28 bytes
19:59:59.119 > [1338544][I][LoraMesher.cpp:392] receivingRoutine(): [LoRaMesher] Receiving LoRa packet: Size: 28 bytes RSSI: -36 SNR: 12
19:59:59.130 > [1338556][V][LoraMesher.cpp:647] processPackets(): [LoRaMesher] Size of Received Packets Queue: 1
19:59:59.138 > [1338564][V][LoraMesher.cpp:754] printHeaderPacket(): [LoRaMesher] Packet received -- Size: 28 Src: C998 Dst: FFFF Id: 2 Type: 4 Via: 0 Seq_Id: 0 Num: 0
19:59:59.152 > [1338578][I][RoutingTableService.cpp:77] processRoute(): [LoRaMesher] Route packet from C998 with size 5
19:59:59.161 > [1338587][I][RoutingTableService.cpp:99] resetReceiveSNRRoutePacket(): [LoRaMesher] Reset Receive SNR from C998: 12
19:59:59.171 > [1338598][I][RoutingTableService.cpp:192] printRoutingTable(): [LoRaMesher] Current routing table:
19:59:59.180 > [1338606][I][RoutingTableService.cpp:206] printRoutingTable(): [LoRaMesher] 0 - F02C via F02C metric 1 Role 0
19:59:59.190 > [1338616][I][RoutingTableService.cpp:206] printRoutingTable(): [LoRaMesher] 1 - AFC0 via F02C metric 2 Role 0
19:59:59.200 > [1338626][I][RoutingTableService.cpp:206] printRoutingTable(): [LoRaMesher] 2 - DE6C via F02C metric 3 Role 0
19:59:59.209 > [1338635][I][RoutingTableService.cpp:206] printRoutingTable(): [LoRaMesher] 3 - B3F0 via C998 metric 2 Role 0
19:59:59.219 > [1338645][I][RoutingTableService.cpp:206] printRoutingTable(): [LoRaMesher] 4 - C998 via C998 metric 1 Role 0
19:59:59.229 > [1338655][I][PacketQueueService.h:80] deleteQueuePacketAndPacket(): [LoRaMesher] Deleting packet
19:59:59.237 > [1338663][I][PacketQueueService.h:83] deleteQueuePacketAndPacket(): [LoRaMesher] Deleting packet queue
19:59:59.246 > [1338673][V][LoraMesher.cpp:641] processPackets(): [LoRaMesher] Stack space unused after entering the task: 2040
19:59:59.256 > [1338683][V][LoraMesher.cpp:642] processPackets(): [LoRaMesher] Free heap: 335848
20:00:00.036 > [1339462][V][LoraMesher.cpp:378] receivingRoutine(): [LoRaMesher] Stack space unused after entering the task: 2064
20:00:00.046 > [1339472][V][LoraMesher.cpp:379] receivingRoutine(): [LoRaMesher] Free heap: 335848
20:00:00.055 > [1339480][I][PacketService.cpp:12] createEmptyPacket(): [LoRaMesher] Packet created with 17 bytes
20:00:00.063 > [1339489][I][LoraMesher.cpp:392] receivingRoutine(): [LoRaMesher] Receiving LoRa packet: Size: 17 bytes RSSI: -13 SNR: 13
20:00:00.074 > [1339500][V][LoraMesher.cpp:647] processPackets(): [LoRaMesher] Size of Received Packets Queue: 1
20:00:00.082 > [1339509][I][PacketQueueService.h:80] deleteQueuePacketAndPacket(): [LoRaMesher] Deleting packet
20:00:00.091 > [1339517][I][PacketQueueService.h:83] deleteQueuePacketAndPacket(): [LoRaMesher] Deleting packet queue
20:00:00.100 > [1339526][V][LoraMesher.cpp:658] processPackets(): [LoRaMesher] TESTING: Packet not for me, deleting it
20:00:00.109 > [1339535][V][LoraMesher.cpp:641] processPackets(): [LoRaMesher] Stack space unused after entering the task: 2040
20:00:00.120 > [1339545][V][LoraMesher.cpp:642] processPackets(): [LoRaMesher] Free heap: 335848
20:00:01.345 > [1340771][V][LoraMesher.cpp:378] receivingRoutine(): [LoRaMesher] Stack space unused after entering the task: 2064
20:00:01.357 > [1340782][V][LoraMesher.cpp:379] receivingRoutine(): [LoRaMesher] Free heap: 335848
20:00:01.364 > [1340789][I][PacketService.cpp:12] createEmptyPacket(): [LoRaMesher] Packet created with 17 bytes
20:00:01.373 > [1340798][I][LoraMesher.cpp:392] receivingRoutine(): [LoRaMesher] Receiving LoRa packet: Size: 17 bytes RSSI: -33 SNR: 13
20:00:01.384 > [1340809][V][LoraMesher.cpp:647] processPackets(): [LoRaMesher] Size of Received Packets Queue: 1
20:00:01.393 > [1340818][V][LoraMesher.cpp:754] printHeaderPacket(): [LoRaMesher] Packet received -- Size: 17 Src: B3F0 Dst: D110 Id: 80 Type: 2 Via: D110 Seq_Id: 0 Num: 0
20:00:01.407 > [1340832][I][LoraMesher.cpp:854] processDataPacket(): [LoRaMesher] Data packet from B3F0, destination D110, via D110
20:00:01.417 > [1340842][V][LoraMesher.cpp:857] processDataPacket(): [LoRaMesher] Data packet from B3F0 for me
20:00:01.425 > [1340851][V][LoraMesher.cpp:893] processDataPacketForMe(): [LoRaMesher] Data Packet received
20:00:01.434 > [1340859][I][PacketQueueService.h:80] deleteQueuePacketAndPacket(): [LoRaMesher] Deleting packet
20:00:01.441 > [1340868][I][PacketQueueService.h:83] deleteQueuePacketAndPacket(): [LoRaMesher] Deleting packet queue
20:00:01.451 > [1340877][V][LoraMesher.cpp:641] processPackets(): [LoRaMesher] Stack space unused after entering the task: 2040
20:00:01.461 > [1340887][V][LoraMesher.cpp:642] processPackets(): [LoRaMesher] Free heap: 335788
20:00:01.632 > ReceivedUserData_TaskHandle notify received
20:00:01.637 > Queue receiveUserData size: 1
20:00:01.640 > Packet arrived from B3F0 with size 8
20:00:01.643 > DATA:68 b3f0
20:00:20.566 > [1359991][V][LoraMesher.cpp:378] receivingRoutine(): [LoRaMesher] Stack space unused after entering the task: 2064
20:00:20.577 > [1360001][V][LoraMesher.cpp:379] receivingRoutine(): [LoRaMesher] Free heap: 335848
20:00:20.584 > [1360009][I][PacketService.cpp:12] createEmptyPacket(): [LoRaMesher] Packet created with 17 bytes
20:00:20.593 > [1360018][I][LoraMesher.cpp:392] receivingRoutine(): [LoRaMesher] Receiving LoRa packet: Size: 17 bytes RSSI: -14 SNR: 12
20:00:20.604 > [1360029][V][LoraMesher.cpp:647] processPackets(): [LoRaMesher] Size of Received Packets Queue: 1
20:00:20.613 > [1360038][I][PacketQueueService.h:80] deleteQueuePacketAndPacket(): [LoRaMesher] Deleting packet
20:00:20.622 > [1360046][I][PacketQueueService.h:83] deleteQueuePacketAndPacket(): [LoRaMesher] Deleting packet queue
20:00:20.631 > [1360055][V][LoraMesher.cpp:658] processPackets(): [LoRaMesher] TESTING: Packet not for me, deleting it
20:00:20.640 > [1360064][V][LoraMesher.cpp:641] processPackets(): [LoRaMesher] Stack space unused after entering the task: 2040
20:00:20.650 > [1360074][V][LoraMesher.cpp:642] processPackets(): [LoRaMesher] Free heap: 335848
20:00:21.893 > [1361318][V][LoraMesher.cpp:378] receivingRoutine(): [LoRaMesher] Stack space unused after entering the task: 2064
20:00:21.903 > [1361328][V][LoraMesher.cpp:379] receivingRoutine(): [LoRaMesher] Free heap: 335848
20:00:21.911 > [1361335][I][PacketService.cpp:12] createEmptyPacket(): [LoRaMesher] Packet created with 17 bytes
20:00:21.920 > [1361344][I][LoraMesher.cpp:392] receivingRoutine(): [LoRaMesher] Receiving LoRa packet: Size: 17 bytes RSSI: -37 SNR: 12
20:00:21.931 > [1361355][V][LoraMesher.cpp:647] processPackets(): [LoRaMesher] Size of Received Packets Queue: 1
20:00:21.940 > [1361364][V][LoraMesher.cpp:754] printHeaderPacket(): [LoRaMesher] Packet received -- Size: 17 Src: B3F0 Dst: D110 Id: 81 Type: 2 Via: D110 Seq_Id: 0 Num: 0
20:00:21.954 > [1361378][I][LoraMesher.cpp:854] processDataPacket(): [LoRaMesher] Data packet from B3F0, destination D110, via D110
20:00:21.964 > [1361388][V][LoraMesher.cpp:857] processDataPacket(): [LoRaMesher] Data packet from B3F0 for me
20:00:21.972 > [1361397][V][LoraMesher.cpp:893] processDataPacketForMe(): [LoRaMesher] Data Packet received
20:00:21.981 > [1361405][I][PacketQueueService.h:80] deleteQueuePacketAndPacket(): [LoRaMesher] Deleting packet
20:00:21.989 > [1361414][I][PacketQueueService.h:83] deleteQueuePacketAndPacket(): [LoRaMesher] Deleting packet queue
20:00:21.998 > [1361423][V][LoraMesher.cpp:641] processPackets(): [LoRaMesher] Stack space unused after entering the task: 2040
20:00:22.008 > [1361433][V][LoraMesher.cpp:642] processPackets(): [LoRaMesher] Free heap: 335788
20:00:22.179 > ReceivedUserData_TaskHandle notify received
20:00:22.184 > Queue receiveUserData size: 1
20:00:22.187 > Packet arrived from B3F0 with size 8
20:00:22.190 > DATA:69 b3f0
20:00:40.697 > [1380121][V][LoraMesher.cpp:378] receivingRoutine(): [LoRaMesher] Stack space unused after entering the task: 2064
20:00:40.707 > [1380131][V][LoraMesher.cpp:379] receivingRoutine(): [LoRaMesher] Free heap: 335848
20:00:40.715 > [1380139][I][PacketService.cpp:12] createEmptyPacket(): [LoRaMesher] Packet created with 17 bytes
20:00:40.724 > [1380147][I][LoraMesher.cpp:392] receivingRoutine(): [LoRaMesher] Receiving LoRa packet: Size: 17 bytes RSSI: -13 SNR: 12
20:00:40.735 > [1380159][V][LoraMesher.cpp:647] processPackets(): [LoRaMesher] Size of Received Packets Queue: 1
20:00:40.744 > [1380167][I][PacketQueueService.h:80] deleteQueuePacketAndPacket(): [LoRaMesher] Deleting packet
20:00:40.752 > [1380176][I][PacketQueueService.h:83] deleteQueuePacketAndPacket(): [LoRaMesher] Deleting packet queue
20:00:40.761 > [1380185][V][LoraMesher.cpp:658] processPackets(): [LoRaMesher] TESTING: Packet not for me, deleting it
20:00:40.771 > [1380194][V][LoraMesher.cpp:641] processPackets(): [LoRaMesher] Stack space unused after entering the task: 2040
20:00:40.781 > [1380204][V][LoraMesher.cpp:642] processPackets(): [LoRaMesher] Free heap: 335848
20:00:41.724 > [1381148][V][LoraMesher.cpp:378] receivingRoutine(): [LoRaMesher] Stack space unused after entering the task: 2064
20:00:41.734 > [1381158][V][LoraMesher.cpp:379] receivingRoutine(): [LoRaMesher] Free heap: 335848
20:00:41.742 > [1381165][I][PacketService.cpp:12] createEmptyPacket(): [LoRaMesher] Packet created with 17 bytes
20:00:41.751 > [1381174][I][LoraMesher.cpp:392] receivingRoutine(): [LoRaMesher] Receiving LoRa packet: Size: 17 bytes RSSI: -37 SNR: 13
20:00:41.762 > [1381185][V][LoraMesher.cpp:647] processPackets(): [LoRaMesher] Size of Received Packets Queue: 1
20:00:41.771 > [1381194][V][LoraMesher.cpp:754] printHeaderPacket(): [LoRaMesher] Packet received -- Size: 17 Src: B3F0 Dst: D110 Id: 82 Type: 2 Via: D110 Seq_Id: 0 Num: 0
20:00:41.784 > [1381208][I][LoraMesher.cpp:854] processDataPacket(): [LoRaMesher] Data packet from B3F0, destination D110, via D110
20:00:41.795 > [1381218][V][LoraMesher.cpp:857] processDataPacket(): [LoRaMesher] Data packet from B3F0 for me
20:00:41.803 > [1381227][V][LoraMesher.cpp:893] processDataPacketForMe(): [LoRaMesher] Data Packet received
20:00:41.811 > [1381235][I][PacketQueueService.h:80] deleteQueuePacketAndPacket(): [LoRaMesher] Deleting packet
20:00:41.820 > [1381244][I][PacketQueueService.h:83] deleteQueuePacketAndPacket(): [LoRaMesher] Deleting packet queue
20:00:41.829 > [1381253][V][LoraMesher.cpp:641] processPackets(): [LoRaMesher] Stack space unused after entering the task: 2040
20:00:41.839 > [1381263][V][LoraMesher.cpp:642] processPackets(): [LoRaMesher] Free heap: 335788
20:00:42.010 > ReceivedUserData_TaskHandle notify received
20:00:42.015 > Queue receiveUserData size: 1
20:00:42.018 > Packet arrived from B3F0 with size 8
20:00:42.021 > DATA:70 b3f0
20:01:00.159 > [1399582][V][LoraMesher.cpp:378] receivingRoutine(): [LoRaMesher] Stack space unused after entering the task: 2064
20:01:00.169 > [1399592][V][LoraMesher.cpp:379] receivingRoutine(): [LoRaMesher] Free heap: 335848
20:01:00.176 > [1399600][I][PacketService.cpp:12] createEmptyPacket(): [LoRaMesher] Packet created with 17 bytes
20:01:00.185 > [1399608][I][LoraMesher.cpp:392] receivingRoutine(): [LoRaMesher] Receiving LoRa packet: Size: 17 bytes RSSI: -12 SNR: 12
20:01:00.197 > [1399620][V][LoraMesher.cpp:647] processPackets(): [LoRaMesher] Size of Received Packets Queue: 1
20:01:00.205 > [1399628][I][PacketQueueService.h:80] deleteQueuePacketAndPacket(): [LoRaMesher] Deleting packet
20:01:00.214 > [1399637][I][PacketQueueService.h:83] deleteQueuePacketAndPacket(): [LoRaMesher] Deleting packet queue
20:01:00.223 > [1399646][V][LoraMesher.cpp:658] processPackets(): [LoRaMesher] TESTING: Packet not for me, deleting it
20:01:00.232 > [1399655][V][LoraMesher.cpp:641] processPackets(): [LoRaMesher] Stack space unused after entering the task: 2040
20:01:00.242 > [1399665][V][LoraMesher.cpp:642] processPackets(): [LoRaMesher] Free heap: 335848
20:01:01.199 > [1400622][V][LoraMesher.cpp:378] receivingRoutine(): [LoRaMesher] Stack space unused after entering the task: 2064
20:01:01.209 > [1400632][V][LoraMesher.cpp:379] receivingRoutine(): [LoRaMesher] Free heap: 335848
20:01:01.216 > [1400639][I][PacketService.cpp:12] createEmptyPacket(): [LoRaMesher] Packet created with 17 bytes
20:01:01.225 > [1400648][I][LoraMesher.cpp:392] receivingRoutine(): [LoRaMesher] Receiving LoRa packet: Size: 17 bytes RSSI: -31 SNR: 12
20:01:01.237 > [1400660][V][LoraMesher.cpp:647] processPackets(): [LoRaMesher] Size of Received Packets Queue: 1
20:01:01.245 > [1400668][V][LoraMesher.cpp:754] printHeaderPacket(): [LoRaMesher] Packet received -- Size: 17 Src: B3F0 Dst: D110 Id: 83 Type: 2 Via: D110 Seq_Id: 0 Num: 0
20:01:01.259 > [1400682][I][LoraMesher.cpp:854] processDataPacket(): [LoRaMesher] Data packet from B3F0, destination D110, via D110
20:01:01.269 > [1400692][V][LoraMesher.cpp:857] processDataPacket(): [LoRaMesher] Data packet from B3F0 for me
20:01:01.278 > [1400701][V][LoraMesher.cpp:893] processDataPacketForMe(): [LoRaMesher] Data Packet received
20:01:01.286 > [1400709][I][PacketQueueService.h:80] deleteQueuePacketAndPacket(): [LoRaMesher] Deleting packet
20:01:01.295 > [1400718][I][PacketQueueService.h:83] deleteQueuePacketAndPacket(): [LoRaMesher] Deleting packet queue
20:01:01.304 > [1400727][V][LoraMesher.cpp:641] processPackets(): [LoRaMesher] Stack space unused after entering the task: 2040
20:01:01.314 > [1400737][V][LoraMesher.cpp:642] processPackets(): [LoRaMesher] Free heap: 335788
20:01:01.485 > ReceivedUserData_TaskHandle notify received
20:01:01.489 > Queue receiveUserData size: 1
20:01:01.492 > Packet arrived from B3F0 with size 8
20:01:01.495 > DATA:71 b3f0
20:01:15.314 > [1414737][V][LoraMesher.cpp:378] receivingRoutine(): [LoRaMesher] Stack space unused after entering the task: 2064
20:01:15.325 > [1414747][V][LoraMesher.cpp:379] receivingRoutine(): [LoRaMesher] Free heap: 335848
20:01:15.333 > [1414755][I][PacketService.cpp:12] createEmptyPacket(): [LoRaMesher] Packet created with 28 bytes
20:01:15.341 > [1414764][I][LoraMesher.cpp:392] receivingRoutine(): [LoRaMesher] Receiving LoRa packet: Size: 28 bytes RSSI: -12 SNR: 13
20:01:15.353 > [1414775][V][LoraMesher.cpp:647] processPackets(): [LoRaMesher] Size of Received Packets Queue: 1
20:01:15.361 > [1414784][I][PacketQueueService.h:80] deleteQueuePacketAndPacket(): [LoRaMesher] Deleting packet
20:01:15.370 > [1414792][I][PacketQueueService.h:83] deleteQueuePacketAndPacket(): [LoRaMesher] Deleting packet queue
20:01:15.379 > [1414801][V][LoraMesher.cpp:658] processPackets(): [LoRaMesher] TESTING: Packet not for me, deleting it
20:01:15.388 > [1414811][V][LoraMesher.cpp:641] processPackets(): [LoRaMesher] Stack space unused after entering the task: 2040
20:01:15.398 > [1414821][V][LoraMesher.cpp:642] processPackets(): [LoRaMesher] Free heap: 335848
20:01:20.244 > [1419667][V][LoraMesher.cpp:378] receivingRoutine(): [LoRaMesher] Stack space unused after entering the task: 2064
20:01:20.255 > [1419677][V][LoraMesher.cpp:379] receivingRoutine(): [LoRaMesher] Free heap: 335848
20:01:20.262 > [1419684][I][PacketService.cpp:12] createEmptyPacket(): [LoRaMesher] Packet created with 17 bytes
20:01:20.272 > [1419693][I][LoraMesher.cpp:392] receivingRoutine(): [LoRaMesher] Receiving LoRa packet: Size: 17 bytes RSSI: -12 SNR: 12
20:01:20.283 > [1419704][V][LoraMesher.cpp:647] processPackets(): [LoRaMesher] Size of Received Packets Queue: 1
20:01:20.291 > [1419713][I][PacketQueueService.h:80] deleteQueuePacketAndPacket(): [LoRaMesher] Deleting packet
20:01:20.300 > [1419722][I][PacketQueueService.h:83] deleteQueuePacketAndPacket(): [LoRaMesher] Deleting packet queue
20:01:20.309 > [1419731][V][LoraMesher.cpp:658] processPackets(): [LoRaMesher] TESTING: Packet not for me, deleting it
20:01:20.319 > [1419740][V][LoraMesher.cpp:641] processPackets(): [LoRaMesher] Stack space unused after entering the task: 2040
20:01:20.328 > [1419750][V][LoraMesher.cpp:642] processPackets(): [LoRaMesher] Free heap: 335848
20:01:21.554 > [1420976][V][LoraMesher.cpp:378] receivingRoutine(): [LoRaMesher] Stack space unused after entering the task: 2064
20:01:21.565 > [1420986][V][LoraMesher.cpp:379] receivingRoutine(): [LoRaMesher] Free heap: 335848
20:01:21.572 > [1420994][I][PacketService.cpp:12] createEmptyPacket(): [LoRaMesher] Packet created with 17 bytes
20:01:21.581 > [1421002][I][LoraMesher.cpp:392] receivingRoutine(): [LoRaMesher] Receiving LoRa packet: Size: 17 bytes RSSI: -30 SNR: 13
20:01:21.592 > [1421014][V][LoraMesher.cpp:647] processPackets(): [LoRaMesher] Size of Received Packets Queue: 1
20:01:21.601 > [1421022][V][LoraMesher.cpp:754] printHeaderPacket(): [LoRaMesher] Packet received -- Size: 17 Src: B3F0 Dst: D110 Id: 85 Type: 2 Via: D110 Seq_Id: 0 Num: 0
20:01:21.615 > [1421036][I][LoraMesher.cpp:854] processDataPacket(): [LoRaMesher] Data packet from B3F0, destination D110, via D110
20:01:21.625 > [1421047][V][LoraMesher.cpp:857] processDataPacket(): [LoRaMesher] Data packet from B3F0 for me
20:01:21.633 > [1421055][V][LoraMesher.cpp:893] processDataPacketForMe(): [LoRaMesher] Data Packet received
20:01:21.642 > [1421063][I][PacketQueueService.h:80] deleteQueuePacketAndPacket(): [LoRaMesher] Deleting packet
20:01:21.650 > [1421072][I][PacketQueueService.h:83] deleteQueuePacketAndPacket(): [LoRaMesher] Deleting packet queue
20:01:21.659 > [1421081][V][LoraMesher.cpp:641] processPackets(): [LoRaMesher] Stack space unused after entering the task: 2040
20:01:21.670 > [1421091][V][LoraMesher.cpp:642] processPackets(): [LoRaMesher] Free heap: 335788
20:01:21.840 > ReceivedUserData_TaskHandle notify received
20:01:21.845 > Queue receiveUserData size: 1
20:01:21.848 > Packet arrived from B3F0 with size 8
20:01:21.851 > DATA:72 b3f0
20:01:40.191 > [1439612][V][LoraMesher.cpp:378] receivingRoutine(): [LoRaMesher] Stack space unused after entering the task: 2064
20:01:40.202 > [1439623][V][LoraMesher.cpp:379] receivingRoutine(): [LoRaMesher] Free heap: 335848
20:01:40.210 > [1439630][I][PacketService.cpp:12] createEmptyPacket(): [LoRaMesher] Packet created with 17 bytes
20:01:40.219 > [1439639][I][LoraMesher.cpp:392] receivingRoutine(): [LoRaMesher] Receiving LoRa packet: Size: 17 bytes RSSI: -12 SNR: 12
20:01:40.230 > [1439650][V][LoraMesher.cpp:647] processPackets(): [LoRaMesher] Size of Received Packets Queue: 1
20:01:40.239 > [1439659][I][PacketQueueService.h:80] deleteQueuePacketAndPacket(): [LoRaMesher] Deleting packet
20:01:40.247 > [1439668][I][PacketQueueService.h:83] deleteQueuePacketAndPacket(): [LoRaMesher] Deleting packet queue
20:01:40.256 > [1439677][V][LoraMesher.cpp:658] processPackets(): [LoRaMesher] TESTING: Packet not for me, deleting it
20:01:40.266 > [1439686][V][LoraMesher.cpp:641] processPackets(): [LoRaMesher] Stack space unused after entering the task: 2040
20:01:40.275 > [1439696][V][LoraMesher.cpp:642] processPackets(): [LoRaMesher] Free heap: 335848
20:01:41.034 > [1440456][V][LoraMesher.cpp:378] receivingRoutine(): [LoRaMesher] Stack space unused after entering the task: 2064
20:01:41.045 > [1440466][V][LoraMesher.cpp:379] receivingRoutine(): [LoRaMesher] Free heap: 335848
20:01:41.053 > [1440474][I][PacketService.cpp:12] createEmptyPacket(): [LoRaMesher] Packet created with 17 bytes
20:01:41.062 > [1440482][I][LoraMesher.cpp:392] receivingRoutine(): [LoRaMesher] Receiving LoRa packet: Size: 17 bytes RSSI: -30 SNR: 13
20:01:41.073 > [1440494][V][LoraMesher.cpp:647] processPackets(): [LoRaMesher] Size of Received Packets Queue: 1
20:01:41.082 > [1440502][V][LoraMesher.cpp:754] printHeaderPacket(): [LoRaMesher] Packet received -- Size: 17 Src: B3F0 Dst: D110 Id: 86 Type: 2 Via: D110 Seq_Id: 0 Num: 0
20:01:41.096 > [1440516][I][LoraMesher.cpp:854] processDataPacket(): [LoRaMesher] Data packet from B3F0, destination D110, via D110
20:01:41.106 > [1440527][V][LoraMesher.cpp:857] processDataPacket(): [LoRaMesher] Data packet from B3F0 for me
20:01:41.114 > [1440535][V][LoraMesher.cpp:893] processDataPacketForMe(): [LoRaMesher] Data Packet received
20:01:41.123 > [1440543][I][PacketQueueService.h:80] deleteQueuePacketAndPacket(): [LoRaMesher] Deleting packet
20:01:41.131 > [1440552][I][PacketQueueService.h:83] deleteQueuePacketAndPacket(): [LoRaMesher] Deleting packet queue
20:01:41.140 > [1440561][V][LoraMesher.cpp:641] processPackets(): [LoRaMesher] Stack space unused after entering the task: 2040
20:01:41.150 > [1440571][V][LoraMesher.cpp:642] processPackets(): [LoRaMesher] Free heap: 335788
20:01:41.321 > ReceivedUserData_TaskHandle notify received
20:01:41.326 > Queue receiveUserData size: 1
20:01:41.328 > Packet arrived from B3F0 with size 8
20:01:41.332 > DATA:73 b3f0
20:01:49.272 > [1448693][V][LoraMesher.cpp:598] sendHelloPacket(): [LoRaMesher] Creating Routing Packet
20:01:49.280 > [1448700][V][LoraMesher.cpp:599] sendHelloPacket(): [LoRaMesher] Stack space unused after entering the task: 2168
20:01:49.290 > [1448711][V][LoraMesher.cpp:600] sendHelloPacket(): [LoRaMesher] Free heap: 335848
20:01:49.297 > [1448718][V][PacketFactory.h:45] createPacket(): [LoRaMesher] Creating packet with 28 bytes
20:01:49.305 > [1448726][I][PacketFactory.h:74] createPacket(): [LoRaMesher] Packet created with 28 bytes
20:01:49.313 > [1448734][I][LoraMesher.h:659] setPackedForSend(): [LoRaMesher] Adding packet to Q_SP
20:01:49.321 > [1448742][I][LoraMesher.h:661] setPackedForSend(): [LoRaMesher] Created packet to Q_SP
20:01:49.329 > [1448750][I][LoraMesher.cpp:1061] addToSendOrderedAndNotify(): [LoRaMesher] Added packet to Q_SP, notifying sender task
20:01:49.340 > [1448760][V][LoraMesher.cpp:511] sendPackets(): [LoRaMesher] Stack space unused after entering the task: 2196
20:01:49.349 > [1448770][V][LoraMesher.cpp:512] sendPackets(): [LoRaMesher] Free heap: 335736
20:01:49.356 > [1448777][V][LoraMesher.cpp:518] sendPackets(): [LoRaMesher] Size of Send Packets Queue: 1
20:01:49.365 > [1448785][V][LoraMesher.cpp:525] sendPackets(): [LoRaMesher] Send n. 12
20:01:49.371 > [1448791][V][LoraMesher.cpp:455] waitBeforeSend(): [LoRaMesher] RandomDelay 1224 ms
20:01:50.398 > [1449819][V][LoraMesher.cpp:378] receivingRoutine(): [LoRaMesher] Stack space unused after entering the task: 2064
20:01:50.409 > [1449830][V][LoraMesher.cpp:379] receivingRoutine(): [LoRaMesher] Free heap: 335764
20:01:50.416 > [1449837][I][PacketService.cpp:12] createEmptyPacket(): [LoRaMesher] Packet created with 28 bytes
20:01:50.425 > [1449846][I][LoraMesher.cpp:392] receivingRoutine(): [LoRaMesher] Receiving LoRa packet: Size: 28 bytes RSSI: -14 SNR: 14
20:01:50.437 > [1449857][V][LoraMesher.cpp:647] processPackets(): [LoRaMesher] Size of Received Packets Queue: 1
20:01:50.445 > [1449866][V][LoraMesher.cpp:754] printHeaderPacket(): [LoRaMesher] Packet received -- Size: 28 Src: F02C Dst: FFFF Id: 12 Type: 4 Via: 0 Seq_Id: 0 Num: 0
20:01:50.459 > [1449880][I][RoutingTableService.cpp:77] processRoute(): [LoRaMesher] Route packet from F02C with size 5
20:01:50.468 > [1449889][I][RoutingTableService.cpp:99] resetReceiveSNRRoutePacket(): [LoRaMesher] Reset Receive SNR from F02C: 14
20:01:50.479 > [1449899][I][RoutingTableService.cpp:192] printRoutingTable(): [LoRaMesher] Current routing table:
20:01:50.487 > [1449908][I][RoutingTableService.cpp:206] printRoutingTable(): [LoRaMesher] 0 - F02C via F02C metric 1 Role 0
20:01:50.497 > [1449918][I][RoutingTableService.cpp:206] printRoutingTable(): [LoRaMesher] 1 - AFC0 via F02C metric 2 Role 0
20:01:50.507 > [1449928][I][RoutingTableService.cpp:206] printRoutingTable(): [LoRaMesher] 2 - DE6C via F02C metric 3 Role 0
20:01:50.516 > [1449937][I][RoutingTableService.cpp:206] printRoutingTable(): [LoRaMesher] 3 - B3F0 via C998 metric 2 Role 0
20:01:50.526 > [1449947][I][RoutingTableService.cpp:206] printRoutingTable(): [LoRaMesher] 4 - C998 via C998 metric 1 Role 0
20:01:50.536 > [1449957][I][PacketQueueService.h:80] deleteQueuePacketAndPacket(): [LoRaMesher] Deleting packet
20:01:50.544 > [1449965][I][PacketQueueService.h:83] deleteQueuePacketAndPacket(): [LoRaMesher] Deleting packet queue
20:01:50.554 > [1449974][V][LoraMesher.cpp:641] processPackets(): [LoRaMesher] Stack space unused after entering the task: 2040
20:01:50.564 > [1449984][V][LoraMesher.cpp:642] processPackets(): [LoRaMesher] Free heap: 335764
20:01:50.608 > [1450029][V][LoraMesher.cpp:462] waitBeforeSend(): [LoRaMesher] Preamble detected while waiting 1
20:01:50.616 > [1450037][V][LoraMesher.cpp:455] waitBeforeSend(): [LoRaMesher] RandomDelay 1296 ms
20:01:51.420 > [1450841][V][LoraMesher.cpp:378] receivingRoutine(): [LoRaMesher] Stack space unused after entering the task: 2064
20:01:51.430 > [1450851][V][LoraMesher.cpp:379] receivingRoutine(): [LoRaMesher] Free heap: 335764
20:01:51.439 > [1450859][I][PacketService.cpp:12] createEmptyPacket(): [LoRaMesher] Packet created with 28 bytes
20:01:51.447 > [1450868][I][LoraMesher.cpp:392] receivingRoutine(): [LoRaMesher] Receiving LoRa packet: Size: 28 bytes RSSI: -13 SNR: 13
20:01:51.458 > [1450879][V][LoraMesher.cpp:647] processPackets(): [LoRaMesher] Size of Received Packets Queue: 1
20:01:51.467 > [1450888][I][PacketQueueService.h:80] deleteQueuePacketAndPacket(): [LoRaMesher] Deleting packet
20:01:51.475 > [1450896][I][PacketQueueService.h:83] deleteQueuePacketAndPacket(): [LoRaMesher] Deleting packet queue
20:01:51.484 > [1450905][V][LoraMesher.cpp:658] processPackets(): [LoRaMesher] TESTING: Packet not for me, deleting it
20:01:51.494 > [1450914][V][LoraMesher.cpp:641] processPackets(): [LoRaMesher] Stack space unused after entering the task: 2040
20:01:51.504 > [1450924][V][LoraMesher.cpp:642] processPackets(): [LoRaMesher] Free heap: 335764
20:01:51.925 > [1451346][V][LoraMesher.cpp:462] waitBeforeSend(): [LoRaMesher] Preamble detected while waiting 2
20:01:51.934 > [1451355][V][LoraMesher.cpp:455] waitBeforeSend(): [LoRaMesher] RandomDelay 800 ms
20:01:52.640 > [1452061][V][LoraMesher.cpp:378] receivingRoutine(): [LoRaMesher] Stack space unused after entering the task: 2064
20:01:52.651 > [1452071][V][LoraMesher.cpp:379] receivingRoutine(): [LoRaMesher] Free heap: 335764
20:01:52.658 > [1452079][I][PacketService.cpp:12] createEmptyPacket(): [LoRaMesher] Packet created with 28 bytes
20:01:52.668 > [1452088][I][LoraMesher.cpp:392] receivingRoutine(): [LoRaMesher] Receiving LoRa packet: Size: 28 bytes RSSI: -58 SNR: 13
20:01:52.679 > [1452099][V][LoraMesher.cpp:647] processPackets(): [LoRaMesher] Size of Received Packets Queue: 1
20:01:52.687 > [1452108][I][PacketQueueService.h:80] deleteQueuePacketAndPacket(): [LoRaMesher] Deleting packet
20:01:52.695 > [1452116][I][PacketQueueService.h:83] deleteQueuePacketAndPacket(): [LoRaMesher] Deleting packet queue
20:01:52.705 > [1452125][V][LoraMesher.cpp:658] processPackets(): [LoRaMesher] TESTING: Packet not for me, deleting it
20:01:52.714 > [1452135][V][LoraMesher.cpp:641] processPackets(): [LoRaMesher] Stack space unused after entering the task: 2040
20:01:52.724 > [1452145][V][LoraMesher.cpp:642] processPackets(): [LoRaMesher] Free heap: 335764
20:01:52.747 > [1452167][V][LoraMesher.cpp:462] waitBeforeSend(): [LoRaMesher] Preamble detected while waiting 3
20:01:52.755 > [1452176][V][LoraMesher.cpp:455] waitBeforeSend(): [LoRaMesher] RandomDelay 403 ms
20:01:53.165 > [1452586][V][LoraMesher.cpp:754] printHeaderPacket(): [LoRaMesher] Packet send -- Size: 28 Src: D110 Dst: FFFF Id: 13 Type: 4 Via: 0 Seq_Id: 0 Num: 0
20:01:53.276 > [1452697][V][LoraMesher.cpp:575] sendPackets(): [LoRaMesher] TimeOnAir 85 ms, next message in 0 ms
20:01:53.285 > [1452706][I][PacketQueueService.h:80] deleteQueuePacketAndPacket(): [LoRaMesher] Deleting packet
20:01:53.294 > [1452714][I][PacketQueueService.h:83] deleteQueuePacketAndPacket(): [LoRaMesher] Deleting packet queue
20:01:59.122 > [1458542][V][LoraMesher.cpp:378] receivingRoutine(): [LoRaMesher] Stack space unused after entering the task: 2064
20:01:59.132 > [1458552][V][LoraMesher.cpp:379] receivingRoutine(): [LoRaMesher] Free heap: 335848
20:01:59.140 > [1458560][I][PacketService.cpp:12] createEmptyPacket(): [LoRaMesher] Packet created with 28 bytes
20:01:59.149 > [1458569][I][LoraMesher.cpp:392] receivingRoutine(): [LoRaMesher] Receiving LoRa packet: Size: 28 bytes RSSI: -30 SNR: 12
20:01:59.160 > [1458580][V][LoraMesher.cpp:647] processPackets(): [LoRaMesher] Size of Received Packets Queue: 1
20:01:59.169 > [1458589][V][LoraMesher.cpp:754] printHeaderPacket(): [LoRaMesher] Packet received -- Size: 28 Src: C998 Dst: FFFF Id: 3 Type: 4 Via: 0 Seq_Id: 0 Num: 0
20:01:59.182 > [1458602][I][RoutingTableService.cpp:77] processRoute(): [LoRaMesher] Route packet from C998 with size 5
20:01:59.192 > [1458612][I][RoutingTableService.cpp:99] resetReceiveSNRRoutePacket(): [LoRaMesher] Reset Receive SNR from C998: 12
20:01:59.202 > [1458622][I][RoutingTableService.cpp:192] printRoutingTable(): [LoRaMesher] Current routing table:
20:01:59.211 > [1458631][I][RoutingTableService.cpp:206] printRoutingTable(): [LoRaMesher] 0 - F02C via F02C metric 1 Role 0
20:01:59.220 > [1458640][I][RoutingTableService.cpp:206] printRoutingTable(): [LoRaMesher] 1 - AFC0 via F02C metric 2 Role 0
20:01:59.230 > [1458650][I][RoutingTableService.cpp:206] printRoutingTable(): [LoRaMesher] 2 - DE6C via F02C metric 3 Role 0
20:01:59.240 > [1458660][I][RoutingTableService.cpp:206] printRoutingTable(): [LoRaMesher] 3 - B3F0 via C998 metric 2 Role 0
20:01:59.250 > [1458670][I][RoutingTableService.cpp:206] printRoutingTable(): [LoRaMesher] 4 - C998 via C998 metric 1 Role 0
20:01:59.259 > [1458679][I][PacketQueueService.h:80] deleteQueuePacketAndPacket(): [LoRaMesher] Deleting packet
20:01:59.268 > [1458688][I][PacketQueueService.h:83] deleteQueuePacketAndPacket(): [LoRaMesher] Deleting packet queue
20:01:59.277 > [1458697][V][LoraMesher.cpp:641] processPackets(): [LoRaMesher] Stack space unused after entering the task: 2040
20:01:59.287 > [1458707][V][LoraMesher.cpp:642] processPackets(): [LoRaMesher] Free heap: 335848
20:02:01.083 > [1460503][V][LoraMesher.cpp:378] receivingRoutine(): [LoRaMesher] Stack space unused after entering the task: 2064
20:02:01.094 > [1460514][V][LoraMesher.cpp:379] receivingRoutine(): [LoRaMesher] Free heap: 335848
20:02:01.101 > [1460521][I][PacketService.cpp:12] createEmptyPacket(): [LoRaMesher] Packet created with 17 bytes
20:02:01.110 > [1460530][I][LoraMesher.cpp:392] receivingRoutine(): [LoRaMesher] Receiving LoRa packet: Size: 17 bytes RSSI: -11 SNR: 12
20:02:01.121 > [1460541][V][LoraMesher.cpp:647] processPackets(): [LoRaMesher] Size of Received Packets Queue: 1
20:02:01.130 > [1460550][I][PacketQueueService.h:80] deleteQueuePacketAndPacket(): [LoRaMesher] Deleting packet
20:02:01.139 > [1460559][I][PacketQueueService.h:83] deleteQueuePacketAndPacket(): [LoRaMesher] Deleting packet queue
20:02:01.148 > [1460568][V][LoraMesher.cpp:658] processPackets(): [LoRaMesher] TESTING: Packet not for me, deleting it
20:02:01.157 > [1460577][V][LoraMesher.cpp:641] processPackets(): [LoRaMesher] Stack space unused after entering the task: 2040
20:02:01.167 > [1460587][V][LoraMesher.cpp:642] processPackets(): [LoRaMesher] Free heap: 335848
20:02:01.867 > [1461288][V][LoraMesher.cpp:378] receivingRoutine(): [LoRaMesher] Stack space unused after entering the task: 2064
20:02:01.878 > [1461298][V][LoraMesher.cpp:379] receivingRoutine(): [LoRaMesher] Free heap: 335848
20:02:01.886 > [1461306][I][PacketService.cpp:12] createEmptyPacket(): [LoRaMesher] Packet created with 17 bytes
20:02:01.895 > [1461315][I][LoraMesher.cpp:392] receivingRoutine(): [LoRaMesher] Receiving LoRa packet: Size: 17 bytes RSSI: -32 SNR: 13
20:02:01.906 > [1461326][V][LoraMesher.cpp:647] processPackets(): [LoRaMesher] Size of Received Packets Queue: 1
20:02:01.915 > [1461334][V][LoraMesher.cpp:754] printHeaderPacket(): [LoRaMesher] Packet received -- Size: 17 Src: B3F0 Dst: D110 Id: 87 Type: 2 Via: D110 Seq_Id: 0 Num: 0
20:02:01.928 > [1461348][I][LoraMesher.cpp:854] processDataPacket(): [LoRaMesher] Data packet from B3F0, destination D110, via D110
20:02:01.939 > [1461359][V][LoraMesher.cpp:857] processDataPacket(): [LoRaMesher] Data packet from B3F0 for me
20:02:01.947 > [1461367][V][LoraMesher.cpp:893] processDataPacketForMe(): [LoRaMesher] Data Packet received
20:02:01.955 > [1461375][I][PacketQueueService.h:80] deleteQueuePacketAndPacket(): [LoRaMesher] Deleting packet
20:02:01.964 > [1461384][I][PacketQueueService.h:83] deleteQueuePacketAndPacket(): [LoRaMesher] Deleting packet queue
20:02:01.973 > [1461393][V][LoraMesher.cpp:641] processPackets(): [LoRaMesher] Stack space unused after entering the task: 2040
20:02:01.983 > [1461403][V][LoraMesher.cpp:642] processPackets(): [LoRaMesher] Free heap: 335788
20:02:02.154 > ReceivedUserData_TaskHandle notify received
20:02:02.159 > Queue receiveUserData size: 1
20:02:02.161 > Packet arrived from B3F0 with size 8
20:02:02.164 > DATA:74 b3f0
20:02:21.314 > [1480733][V][LoraMesher.cpp:378] receivingRoutine(): [LoRaMesher] Stack space unused after entering the task: 2064
20:02:21.324 > [1480744][V][LoraMesher.cpp:379] receivingRoutine(): [LoRaMesher] Free heap: 335848
20:02:21.332 > [1480751][I][PacketService.cpp:12] createEmptyPacket(): [LoRaMesher] Packet created with 17 bytes
20:02:21.341 > [1480760][I][LoraMesher.cpp:392] receivingRoutine(): [LoRaMesher] Receiving LoRa packet: Size: 17 bytes RSSI: -13 SNR: 12
20:02:21.352 > [1480771][V][LoraMesher.cpp:647] processPackets(): [LoRaMesher] Size of Received Packets Queue: 1
20:02:21.361 > [1480780][I][PacketQueueService.h:80] deleteQueuePacketAndPacket(): [LoRaMesher] Deleting packet
20:02:21.369 > [1480789][I][PacketQueueService.h:83] deleteQueuePacketAndPacket(): [LoRaMesher] Deleting packet queue
20:02:21.378 > [1480798][V][LoraMesher.cpp:658] processPackets(): [LoRaMesher] TESTING: Packet not for me, deleting it
20:02:21.388 > [1480807][V][LoraMesher.cpp:641] processPackets(): [LoRaMesher] Stack space unused after entering the task: 2040
20:02:21.398 > [1480817][V][LoraMesher.cpp:642] processPackets(): [LoRaMesher] Free heap: 335848
20:02:21.946 > [1481366][V][LoraMesher.cpp:378] receivingRoutine(): [LoRaMesher] Stack space unused after entering the task: 2064
20:02:21.957 > [1481376][V][LoraMesher.cpp:379] receivingRoutine(): [LoRaMesher] Free heap: 335848
20:02:21.964 > [1481384][I][PacketService.cpp:12] createEmptyPacket(): [LoRaMesher] Packet created with 17 bytes
20:02:21.973 > [1481393][I][LoraMesher.cpp:392] receivingRoutine(): [LoRaMesher] Receiving LoRa packet: Size: 17 bytes RSSI: -39 SNR: 12
20:02:21.985 > [1481404][V][LoraMesher.cpp:647] processPackets(): [LoRaMesher] Size of Received Packets Queue: 1
20:02:21.993 > [1481413][V][LoraMesher.cpp:754] printHeaderPacket(): [LoRaMesher] Packet received -- Size: 17 Src: B3F0 Dst: D110 Id: 88 Type: 2 Via: D110 Seq_Id: 0 Num: 0
20:02:22.007 > [1481426][I][LoraMesher.cpp:854] processDataPacket(): [LoRaMesher] Data packet from B3F0, destination D110, via D110
20:02:22.017 > [1481437][V][LoraMesher.cpp:857] processDataPacket(): [LoRaMesher] Data packet from B3F0 for me
20:02:22.026 > [1481445][V][LoraMesher.cpp:893] processDataPacketForMe(): [LoRaMesher] Data Packet received
20:02:22.034 > [1481453][I][PacketQueueService.h:80] deleteQueuePacketAndPacket(): [LoRaMesher] Deleting packet
20:02:22.043 > [1481462][I][PacketQueueService.h:83] deleteQueuePacketAndPacket(): [LoRaMesher] Deleting packet queue
20:02:22.052 > [1481471][V][LoraMesher.cpp:641] processPackets(): [LoRaMesher] Stack space unused after entering the task: 2040
20:02:22.062 > [1481481][V][LoraMesher.cpp:642] processPackets(): [LoRaMesher] Free heap: 335788
20:02:22.233 > ReceivedUserData_TaskHandle notify received
20:02:22.237 > Queue receiveUserData size: 1
20:02:22.240 > Packet arrived from B3F0 with size 8
20:02:22.243 > DATA:75 b3f0
20:02:40.605 > [1500024][V][LoraMesher.cpp:378] receivingRoutine(): [LoRaMesher] Stack space unused after entering the task: 2064
20:02:40.616 > [1500034][V][LoraMesher.cpp:379] receivingRoutine(): [LoRaMesher] Free heap: 335848
20:02:40.624 > [1500042][I][PacketService.cpp:12] createEmptyPacket(): [LoRaMesher] Packet created with 17 bytes
20:02:40.633 > [1500051][I][LoraMesher.cpp:392] receivingRoutine(): [LoRaMesher] Receiving LoRa packet: Size: 17 bytes RSSI: -12 SNR: 13
20:02:40.644 > [1500062][V][LoraMesher.cpp:647] processPackets(): [LoRaMesher] Size of Received Packets Queue: 1
20:02:40.652 > [1500071][I][PacketQueueService.h:80] deleteQueuePacketAndPacket(): [LoRaMesher] Deleting packet
20:02:40.661 > [1500080][I][PacketQueueService.h:83] deleteQueuePacketAndPacket(): [LoRaMesher] Deleting packet queue
20:02:40.670 > [1500089][V][LoraMesher.cpp:658] processPackets(): [LoRaMesher] TESTING: Packet not for me, deleting it
20:02:40.679 > [1500098][V][LoraMesher.cpp:641] processPackets(): [LoRaMesher] Stack space unused after entering the task: 2040
20:02:40.689 > [1500108][V][LoraMesher.cpp:642] processPackets(): [LoRaMesher] Free heap: 335848
20:02:41.383 > [1500802][V][LoraMesher.cpp:378] receivingRoutine(): [LoRaMesher] Stack space unused after entering the task: 2064
20:02:41.394 > [1500812][V][LoraMesher.cpp:379] receivingRoutine(): [LoRaMesher] Free heap: 335848
20:02:41.401 > [1500820][I][PacketService.cpp:12] createEmptyPacket(): [LoRaMesher] Packet created with 17 bytes
20:02:41.410 > [1500829][I][LoraMesher.cpp:392] receivingRoutine(): [LoRaMesher] Receiving LoRa packet: Size: 17 bytes RSSI: -38 SNR: 13
20:02:41.421 > [1500840][V][LoraMesher.cpp:647] processPackets(): [LoRaMesher] Size of Received Packets Queue: 1
20:02:41.430 > [1500849][V][LoraMesher.cpp:754] printHeaderPacket(): [LoRaMesher] Packet received -- Size: 17 Src: B3F0 Dst: D110 Id: 89 Type: 2 Via: D110 Seq_Id: 0 Num: 0
20:02:41.444 > [1500862][I][LoraMesher.cpp:854] processDataPacket(): [LoRaMesher] Data packet from B3F0, destination D110, via D110
20:02:41.454 > [1500873][V][LoraMesher.cpp:857] processDataPacket(): [LoRaMesher] Data packet from B3F0 for me
20:02:41.463 > [1500881][V][LoraMesher.cpp:893] processDataPacketForMe(): [LoRaMesher] Data Packet received
20:02:41.471 > [1500890][I][PacketQueueService.h:80] deleteQueuePacketAndPacket(): [LoRaMesher] Deleting packet
20:02:41.480 > [1500898][I][PacketQueueService.h:83] deleteQueuePacketAndPacket(): [LoRaMesher] Deleting packet queue
20:02:41.489 > [1500907][V][LoraMesher.cpp:641] processPackets(): [LoRaMesher] Stack space unused after entering the task: 2040
20:02:41.499 > [1500917][V][LoraMesher.cpp:642] processPackets(): [LoRaMesher] Free heap: 335788
20:02:41.670 > ReceivedUserData_TaskHandle notify received
20:02:41.674 > Queue receiveUserData size: 1
20:02:41.677 > Packet arrived from B3F0 with size 8
20:02:41.680 > DATA:76 b3f0
20:03:01.007 > [1520425][V][LoraMesher.cpp:378] receivingRoutine(): [LoRaMesher] Stack space unused after entering the task: 2064
20:03:01.018 > [1520435][V][LoraMesher.cpp:379] receivingRoutine(): [LoRaMesher] Free heap: 335848
20:03:01.025 > [1520443][I][PacketService.cpp:12] createEmptyPacket(): [LoRaMesher] Packet created with 17 bytes
20:03:01.034 > [1520452][I][LoraMesher.cpp:392] receivingRoutine(): [LoRaMesher] Receiving LoRa packet: Size: 17 bytes RSSI: -12 SNR: 12
20:03:01.045 > [1520463][V][LoraMesher.cpp:647] processPackets(): [LoRaMesher] Size of Received Packets Queue: 1
20:03:01.054 > [1520472][I][PacketQueueService.h:80] deleteQueuePacketAndPacket(): [LoRaMesher] Deleting packet
20:03:01.063 > [1520480][I][PacketQueueService.h:83] deleteQueuePacketAndPacket(): [LoRaMesher] Deleting packet queue
20:03:01.072 > [1520490][V][LoraMesher.cpp:658] processPackets(): [LoRaMesher] TESTING: Packet not for me, deleting it
20:03:01.081 > [1520499][V][LoraMesher.cpp:641] processPackets(): [LoRaMesher] Stack space unused after entering the task: 2040
20:03:01.091 > [1520509][V][LoraMesher.cpp:642] processPackets(): [LoRaMesher] Free heap: 335848
20:03:01.604 > [1521021][V][LoraMesher.cpp:378] receivingRoutine(): [LoRaMesher] Stack space unused after entering the task: 2064
20:03:01.614 > [1521031][V][LoraMesher.cpp:379] receivingRoutine(): [LoRaMesher] Free heap: 335848
20:03:01.621 > [1521039][I][PacketService.cpp:12] createEmptyPacket(): [LoRaMesher] Packet created with 17 bytes
20:03:01.630 > [1521048][I][LoraMesher.cpp:392] receivingRoutine(): [LoRaMesher] Receiving LoRa packet: Size: 17 bytes RSSI: -37 SNR: 12
20:03:01.641 > [1521059][V][LoraMesher.cpp:647] processPackets(): [LoRaMesher] Size of Received Packets Queue: 1
20:03:01.650 > [1521068][V][LoraMesher.cpp:754] printHeaderPacket(): [LoRaMesher] Packet received -- Size: 17 Src: B3F0 Dst: D110 Id: 90 Type: 2 Via: D110 Seq_Id: 0 Num: 0
20:03:01.664 > [1521081][I][LoraMesher.cpp:854] processDataPacket(): [LoRaMesher] Data packet from B3F0, destination D110, via D110
20:03:01.674 > [1521092][V][LoraMesher.cpp:857] processDataPacket(): [LoRaMesher] Data packet from B3F0 for me
20:03:01.682 > [1521100][V][LoraMesher.cpp:893] processDataPacketForMe(): [LoRaMesher] Data Packet received
20:03:01.691 > [1521109][I][PacketQueueService.h:80] deleteQueuePacketAndPacket(): [LoRaMesher] Deleting packet
20:03:01.699 > [1521117][I][PacketQueueService.h:83] deleteQueuePacketAndPacket(): [LoRaMesher] Deleting packet queue
20:03:01.708 > [1521126][V][LoraMesher.cpp:641] processPackets(): [LoRaMesher] Stack space unused after entering the task: 2040
20:03:01.718 > [1521136][V][LoraMesher.cpp:642] processPackets(): [LoRaMesher] Free heap: 335788
20:03:01.889 > ReceivedUserData_TaskHandle notify received
20:03:01.894 > Queue receiveUserData size: 1
20:03:01.896 > Packet arrived from B3F0 with size 8
20:03:01.899 > DATA:77 b3f0
20:03:15.287 > [1534704][V][LoraMesher.cpp:378] receivingRoutine(): [LoRaMesher] Stack space unused after entering the task: 2064
20:03:15.298 > [1534715][V][LoraMesher.cpp:379] receivingRoutine(): [LoRaMesher] Free heap: 335848
20:03:15.305 > [1534722][I][PacketService.cpp:12] createEmptyPacket(): [LoRaMesher] Packet created with 28 bytes
20:03:15.315 > [1534731][I][LoraMesher.cpp:392] receivingRoutine(): [LoRaMesher] Receiving LoRa packet: Size: 28 bytes RSSI: -11 SNR: 13
20:03:15.325 > [1534742][V][LoraMesher.cpp:647] processPackets(): [LoRaMesher] Size of Received Packets Queue: 1
20:03:15.334 > [1534751][I][PacketQueueService.h:80] deleteQueuePacketAndPacket(): [LoRaMesher] Deleting packet
20:03:15.343 > [1534760][I][PacketQueueService.h:83] deleteQueuePacketAndPacket(): [LoRaMesher] Deleting packet queue
20:03:15.352 > [1534769][V][LoraMesher.cpp:658] processPackets(): [LoRaMesher] TESTING: Packet not for me, deleting it
20:03:15.361 > [1534778][V][LoraMesher.cpp:641] processPackets(): [LoRaMesher] Stack space unused after entering the task: 2040
20:03:15.371 > [1534788][V][LoraMesher.cpp:642] processPackets(): [LoRaMesher] Free heap: 335848
20:03:20.712 > [1540129][V][LoraMesher.cpp:378] receivingRoutine(): [LoRaMesher] Stack space unused after entering the task: 2064
20:03:20.723 > [1540139][V][LoraMesher.cpp:379] receivingRoutine(): [LoRaMesher] Free heap: 335848
20:03:20.730 > [1540147][I][PacketService.cpp:12] createEmptyPacket(): [LoRaMesher] Packet created with 17 bytes
20:03:20.739 > [1540156][I][LoraMesher.cpp:392] receivingRoutine(): [LoRaMesher] Receiving LoRa packet: Size: 17 bytes RSSI: -12 SNR: 13
20:03:20.750 > [1540167][V][LoraMesher.cpp:647] processPackets(): [LoRaMesher] Size of Received Packets Queue: 1
20:03:20.759 > [1540176][I][PacketQueueService.h:80] deleteQueuePacketAndPacket(): [LoRaMesher] Deleting packet
20:03:20.767 > [1540184][I][PacketQueueService.h:83] deleteQueuePacketAndPacket(): [LoRaMesher] Deleting packet queue
20:03:20.777 > [1540193][V][LoraMesher.cpp:658] processPackets(): [LoRaMesher] TESTING: Packet not for me, deleting it
20:03:20.785 > [1540203][V][LoraMesher.cpp:641] processPackets(): [LoRaMesher] Stack space unused after entering the task: 2040
20:03:20.795 > [1540213][V][LoraMesher.cpp:642] processPackets(): [LoRaMesher] Free heap: 335848
20:03:21.832 > [1541249][V][LoraMesher.cpp:378] receivingRoutine(): [LoRaMesher] Stack space unused after entering the task: 2064
20:03:21.842 > [1541259][V][LoraMesher.cpp:379] receivingRoutine(): [LoRaMesher] Free heap: 335848
20:03:21.850 > [1541267][I][PacketService.cpp:12] createEmptyPacket(): [LoRaMesher] Packet created with 17 bytes
20:03:21.859 > [1541276][I][LoraMesher.cpp:392] receivingRoutine(): [LoRaMesher] Receiving LoRa packet: Size: 17 bytes RSSI: -38 SNR: 13
20:03:21.871 > [1541287][V][LoraMesher.cpp:647] processPackets(): [LoRaMesher] Size of Received Packets Queue: 1
20:03:21.879 > [1541296][V][LoraMesher.cpp:754] printHeaderPacket(): [LoRaMesher] Packet received -- Size: 17 Src: B3F0 Dst: D110 Id: 92 Type: 2 Via: D110 Seq_Id: 0 Num: 0
20:03:21.892 > [1541310][I][LoraMesher.cpp:854] processDataPacket(): [LoRaMesher] Data packet from B3F0, destination D110, via D110
20:03:21.904 > [1541320][V][LoraMesher.cpp:857] processDataPacket(): [LoRaMesher] Data packet from B3F0 for me
20:03:21.911 > [1541328][V][LoraMesher.cpp:893] processDataPacketForMe(): [LoRaMesher] Data Packet received
20:03:21.920 > [1541337][I][PacketQueueService.h:80] deleteQueuePacketAndPacket(): [LoRaMesher] Deleting packet
20:03:21.928 > [1541345][I][PacketQueueService.h:83] deleteQueuePacketAndPacket(): [LoRaMesher] Deleting packet queue
20:03:21.938 > [1541354][V][LoraMesher.cpp:641] processPackets(): [LoRaMesher] Stack space unused after entering the task: 2040
20:03:21.947 > [1541364][V][LoraMesher.cpp:642] processPackets(): [LoRaMesher] Free heap: 335788
20:03:22.119 > ReceivedUserData_TaskHandle notify received
20:03:22.123 > Queue receiveUserData size: 1
20:03:22.126 > Packet arrived from B3F0 with size 8
20:03:22.129 > DATA:78 b3f0
20:03:40.875 > [1560291][V][LoraMesher.cpp:378] receivingRoutine(): [LoRaMesher] Stack space unused after entering the task: 2064
20:03:40.885 > [1560301][V][LoraMesher.cpp:379] receivingRoutine(): [LoRaMesher] Free heap: 335848
20:03:40.893 > [1560309][I][PacketService.cpp:12] createEmptyPacket(): [LoRaMesher] Packet created with 17 bytes
20:03:40.901 > [1560318][I][LoraMesher.cpp:392] receivingRoutine(): [LoRaMesher] Receiving LoRa packet: Size: 17 bytes RSSI: -12 SNR: 13
20:03:40.913 > [1560329][V][LoraMesher.cpp:647] processPackets(): [LoRaMesher] Size of Received Packets Queue: 1
20:03:40.921 > [1560338][I][PacketQueueService.h:80] deleteQueuePacketAndPacket(): [LoRaMesher] Deleting packet
20:03:40.930 > [1560346][I][PacketQueueService.h:83] deleteQueuePacketAndPacket(): [LoRaMesher] Deleting packet queue
20:03:40.939 > [1560355][V][LoraMesher.cpp:658] processPackets(): [LoRaMesher] TESTING: Packet not for me, deleting it
20:03:40.948 > [1560365][V][LoraMesher.cpp:641] processPackets(): [LoRaMesher] Stack space unused after entering the task: 2040
20:03:40.958 > [1560375][V][LoraMesher.cpp:642] processPackets(): [LoRaMesher] Free heap: 335848
20:03:41.465 > [1560881][V][LoraMesher.cpp:378] receivingRoutine(): [LoRaMesher] Stack space unused after entering the task: 2064
20:03:41.475 > [1560891][V][LoraMesher.cpp:379] receivingRoutine(): [LoRaMesher] Free heap: 335848
20:03:41.483 > [1560899][I][PacketService.cpp:12] createEmptyPacket(): [LoRaMesher] Packet created with 17 bytes
20:03:41.491 > [1560908][I][LoraMesher.cpp:392] receivingRoutine(): [LoRaMesher] Receiving LoRa packet: Size: 17 bytes RSSI: -39 SNR: 13
20:03:41.503 > [1560919][V][LoraMesher.cpp:647] processPackets(): [LoRaMesher] Size of Received Packets Queue: 1
20:03:41.511 > [1560928][V][LoraMesher.cpp:754] printHeaderPacket(): [LoRaMesher] Packet received -- Size: 17 Src: B3F0 Dst: D110 Id: 93 Type: 2 Via: D110 Seq_Id: 0 Num: 0
20:03:41.525 > [1560942][I][LoraMesher.cpp:854] processDataPacket(): [LoRaMesher] Data packet from B3F0, destination D110, via D110
20:03:41.536 > [1560952][V][LoraMesher.cpp:857] processDataPacket(): [LoRaMesher] Data packet from B3F0 for me
20:03:41.544 > [1560960][V][LoraMesher.cpp:893] processDataPacketForMe(): [LoRaMesher] Data Packet received
20:03:41.553 > [1560969][I][PacketQueueService.h:80] deleteQueuePacketAndPacket(): [LoRaMesher] Deleting packet
20:03:41.561 > [1560977][I][PacketQueueService.h:83] deleteQueuePacketAndPacket(): [LoRaMesher] Deleting packet queue
20:03:41.570 > [1560986][V][LoraMesher.cpp:641] processPackets(): [LoRaMesher] Stack space unused after entering the task: 2040
20:03:41.580 > [1560996][V][LoraMesher.cpp:642] processPackets(): [LoRaMesher] Free heap: 335788
20:03:41.752 > ReceivedUserData_TaskHandle notify received
20:03:41.756 > Queue receiveUserData size: 1
20:03:41.759 > Packet arrived from B3F0 with size 8
20:03:41.762 > DATA:79 b3f0
20:03:49.344 > [1568761][V][LoraMesher.cpp:598] sendHelloPacket(): [LoRaMesher] Creating Routing Packet
20:03:49.353 > [1568768][V][LoraMesher.cpp:599] sendHelloPacket(): [LoRaMesher] Stack space unused after entering the task: 2168
20:03:49.363 > [1568779][V][LoraMesher.cpp:600] sendHelloPacket(): [LoRaMesher] Free heap: 335848
20:03:49.371 > [1568786][V][PacketFactory.h:45] createPacket(): [LoRaMesher] Creating packet with 28 bytes
20:03:49.379 > [1568794][I][PacketFactory.h:74] createPacket(): [LoRaMesher] Packet created with 28 bytes
20:03:49.387 > [1568802][I][LoraMesher.h:659] setPackedForSend(): [LoRaMesher] Adding packet to Q_SP
20:03:49.394 > [1568810][I][LoraMesher.h:661] setPackedForSend(): [LoRaMesher] Created packet to Q_SP
20:03:49.402 > [1568818][I][LoraMesher.cpp:1061] addToSendOrderedAndNotify(): [LoRaMesher] Added packet to Q_SP, notifying sender task
20:03:49.413 > [1568828][V][LoraMesher.cpp:511] sendPackets(): [LoRaMesher] Stack space unused after entering the task: 2052
20:03:49.422 > [1568838][V][LoraMesher.cpp:512] sendPackets(): [LoRaMesher] Free heap: 335736
20:03:49.429 > [1568845][V][LoraMesher.cpp:518] sendPackets(): [LoRaMesher] Size of Send Packets Queue: 1
20:03:49.437 > [1568853][V][LoraMesher.cpp:525] sendPackets(): [LoRaMesher] Send n. 13
20:03:49.444 > [1568859][V][LoraMesher.cpp:455] waitBeforeSend(): [LoRaMesher] RandomDelay 953 ms
20:03:49.797 > [1569213][V][LoraMesher.cpp:378] receivingRoutine(): [LoRaMesher] Stack space unused after entering the task: 2064
20:03:49.808 > [1569224][V][LoraMesher.cpp:379] receivingRoutine(): [LoRaMesher] Free heap: 335764
20:03:49.816 > [1569231][I][PacketService.cpp:12] createEmptyPacket(): [LoRaMesher] Packet created with 28 bytes
20:03:49.825 > [1569240][I][LoraMesher.cpp:392] receivingRoutine(): [LoRaMesher] Receiving LoRa packet: Size: 28 bytes RSSI: -43 SNR: 5
20:03:49.836 > [1569251][W][LoraMesher.cpp:403] receivingRoutine(): [LoRaMesher] Reading packet data gave error: -7
20:03:50.409 > [1569825][V][LoraMesher.cpp:462] waitBeforeSend(): [LoRaMesher] Preamble detected while waiting 1
20:03:50.419 > [1569834][V][LoraMesher.cpp:455] waitBeforeSend(): [LoRaMesher] RandomDelay 929 ms
20:03:51.354 > [1570770][V][LoraMesher.cpp:754] printHeaderPacket(): [LoRaMesher] Packet send -- Size: 28 Src: D110 Dst: FFFF Id: 14 Type: 4 Via: 0 Seq_Id: 0 Num: 0
20:03:51.465 > [1570881][V][LoraMesher.cpp:575] sendPackets(): [LoRaMesher] TimeOnAir 85 ms, next message in 0 ms
20:03:51.474 > [1570890][I][PacketQueueService.h:80] deleteQueuePacketAndPacket(): [LoRaMesher] Deleting packet
20:03:51.483 > [1570898][I][PacketQueueService.h:83] deleteQueuePacketAndPacket(): [LoRaMesher] Deleting packet queue
20:03:52.872 > [1572288][V][LoraMesher.cpp:378] receivingRoutine(): [LoRaMesher] Stack space unused after entering the task: 2064
20:03:52.883 > [1572298][V][LoraMesher.cpp:379] receivingRoutine(): [LoRaMesher] Free heap: 335848
20:03:52.890 > [1572306][I][PacketService.cpp:12] createEmptyPacket(): [LoRaMesher] Packet created with 28 bytes
20:03:52.899 > [1572315][I][LoraMesher.cpp:392] receivingRoutine(): [LoRaMesher] Receiving LoRa packet: Size: 28 bytes RSSI: -12 SNR: 13
20:03:52.910 > [1572326][V][LoraMesher.cpp:647] processPackets(): [LoRaMesher] Size of Received Packets Queue: 1
20:03:52.919 > [1572335][I][PacketQueueService.h:80] deleteQueuePacketAndPacket(): [LoRaMesher] Deleting packet
20:03:52.928 > [1572343][I][PacketQueueService.h:83] deleteQueuePacketAndPacket(): [LoRaMesher] Deleting packet queue
20:03:52.937 > [1572352][V][LoraMesher.cpp:658] processPackets(): [LoRaMesher] TESTING: Packet not for me, deleting it
20:03:52.946 > [1572361][V][LoraMesher.cpp:641] processPackets(): [LoRaMesher] Stack space unused after entering the task: 2040
20:03:52.956 > [1572372][V][LoraMesher.cpp:642] processPackets(): [LoRaMesher] Free heap: 335848
20:03:59.735 > [1579150][V][LoraMesher.cpp:378] receivingRoutine(): [LoRaMesher] Stack space unused after entering the task: 2064
20:03:59.746 > [1579161][V][LoraMesher.cpp:379] receivingRoutine(): [LoRaMesher] Free heap: 335848
20:03:59.753 > [1579168][I][PacketService.cpp:12] createEmptyPacket(): [LoRaMesher] Packet created with 28 bytes
20:03:59.761 > [1579177][I][LoraMesher.cpp:392] receivingRoutine(): [LoRaMesher] Receiving LoRa packet: Size: 28 bytes RSSI: -35 SNR: 13
20:03:59.774 > [1579188][V][LoraMesher.cpp:647] processPackets(): [LoRaMesher] Size of Received Packets Queue: 1
20:03:59.782 > [1579197][V][LoraMesher.cpp:754] printHeaderPacket(): [LoRaMesher] Packet received -- Size: 28 Src: C998 Dst: FFFF Id: 4 Type: 4 Via: 0 Seq_Id: 0 Num: 0
20:03:59.795 > [1579211][I][RoutingTableService.cpp:77] processRoute(): [LoRaMesher] Route packet from C998 with size 5
20:03:59.804 > [1579220][I][RoutingTableService.cpp:99] resetReceiveSNRRoutePacket(): [LoRaMesher] Reset Receive SNR from C998: 13
20:03:59.815 > [1579230][I][RoutingTableService.cpp:192] printRoutingTable(): [LoRaMesher] Current routing table:
20:03:59.823 > [1579239][I][RoutingTableService.cpp:206] printRoutingTable(): [LoRaMesher] 0 - F02C via F02C metric 1 Role 0
20:03:59.833 > [1579249][I][RoutingTableService.cpp:206] printRoutingTable(): [LoRaMesher] 1 - AFC0 via F02C metric 2 Role 0
20:03:59.843 > [1579258][I][RoutingTableService.cpp:206] printRoutingTable(): [LoRaMesher] 2 - DE6C via F02C metric 3 Role 0
20:03:59.853 > [1579268][I][RoutingTableService.cpp:206] printRoutingTable(): [LoRaMesher] 3 - B3F0 via C998 metric 2 Role 0
20:03:59.862 > [1579278][I][RoutingTableService.cpp:206] printRoutingTable(): [LoRaMesher] 4 - C998 via C998 metric 1 Role 0
20:03:59.872 > [1579288][I][PacketQueueService.h:80] deleteQueuePacketAndPacket(): [LoRaMesher] Deleting packet
20:03:59.880 > [1579296][I][PacketQueueService.h:83] deleteQueuePacketAndPacket(): [LoRaMesher] Deleting packet queue
20:03:59.890 > [1579305][V][LoraMesher.cpp:641] processPackets(): [LoRaMesher] Stack space unused after entering the task: 2040
20:03:59.900 > [1579315][V][LoraMesher.cpp:642] processPackets(): [LoRaMesher] Free heap: 335848
20:04:01.797 > [1581213][V][LoraMesher.cpp:378] receivingRoutine(): [LoRaMesher] Stack space unused after entering the task: 2064
20:04:01.808 > [1581223][V][LoraMesher.cpp:379] receivingRoutine(): [LoRaMesher] Free heap: 335848
20:04:01.816 > [1581231][I][PacketService.cpp:12] createEmptyPacket(): [LoRaMesher] Packet created with 17 bytes
20:04:01.825 > [1581240][I][LoraMesher.cpp:392] receivingRoutine(): [LoRaMesher] Receiving LoRa packet: Size: 17 bytes RSSI: -13 SNR: 12
20:04:01.835 > [1581251][V][LoraMesher.cpp:647] processPackets(): [LoRaMesher] Size of Received Packets Queue: 1
20:04:01.844 > [1581260][I][PacketQueueService.h:80] deleteQueuePacketAndPacket(): [LoRaMesher] Deleting packet
20:04:01.852 > [1581268][I][PacketQueueService.h:83] deleteQueuePacketAndPacket(): [LoRaMesher] Deleting packet queue
20:04:01.862 > [1581277][V][LoraMesher.cpp:658] processPackets(): [LoRaMesher] TESTING: Packet not for me, deleting it
20:04:01.872 > [1581286][V][LoraMesher.cpp:641] processPackets(): [LoRaMesher] Stack space unused after entering the task: 2040
20:04:01.882 > [1581296][V][LoraMesher.cpp:642] processPackets(): [LoRaMesher] Free heap: 335848
20:04:03.121 > [1582536][V][LoraMesher.cpp:378] receivingRoutine(): [LoRaMesher] Stack space unused after entering the task: 2064
20:04:03.132 > [1582546][V][LoraMesher.cpp:379] receivingRoutine(): [LoRaMesher] Free heap: 335848
20:04:03.139 > [1582554][I][PacketService.cpp:12] createEmptyPacket(): [LoRaMesher] Packet created with 17 bytes
20:04:03.148 > [1582563][I][LoraMesher.cpp:392] receivingRoutine(): [LoRaMesher] Receiving LoRa packet: Size: 17 bytes RSSI: -35 SNR: 13
20:04:03.159 > [1582574][V][LoraMesher.cpp:647] processPackets(): [LoRaMesher] Size of Received Packets Queue: 1
20:04:03.168 > [1582583][V][LoraMesher.cpp:754] printHeaderPacket(): [LoRaMesher] Packet received -- Size: 17 Src: B3F0 Dst: D110 Id: 94 Type: 2 Via: D110 Seq_Id: 0 Num: 0
20:04:03.182 > [1582597][I][LoraMesher.cpp:854] processDataPacket(): [LoRaMesher] Data packet from B3F0, destination D110, via D110
20:04:03.192 > [1582607][V][LoraMesher.cpp:857] processDataPacket(): [LoRaMesher] Data packet from B3F0 for me
20:04:03.201 > [1582616][V][LoraMesher.cpp:893] processDataPacketForMe(): [LoRaMesher] Data Packet received
20:04:03.209 > [1582624][I][PacketQueueService.h:80] deleteQueuePacketAndPacket(): [LoRaMesher] Deleting packet
20:04:03.217 > [1582632][I][PacketQueueService.h:83] deleteQueuePacketAndPacket(): [LoRaMesher] Deleting packet queue
20:04:03.227 > [1582641][V][LoraMesher.cpp:641] processPackets(): [LoRaMesher] Stack space unused after entering the task: 2040
20:04:03.237 > [1582652][V][LoraMesher.cpp:642] processPackets(): [LoRaMesher] Free heap: 335788
20:04:03.408 > ReceivedUserData_TaskHandle notify received
20:04:03.413 > Queue receiveUserData size: 1
20:04:03.415 > Packet arrived from B3F0 with size 8
20:04:03.419 > DATA:80 b3f0
20:04:21.680 > [1601095][V][LoraMesher.cpp:378] receivingRoutine(): [LoRaMesher] Stack space unused after entering the task: 2064
20:04:21.690 > [1601105][V][LoraMesher.cpp:379] receivingRoutine(): [LoRaMesher] Free heap: 335848
20:04:21.698 > [1601113][I][PacketService.cpp:12] createEmptyPacket(): [LoRaMesher] Packet created with 17 bytes
20:04:21.708 > [1601122][I][LoraMesher.cpp:392] receivingRoutine(): [LoRaMesher] Receiving LoRa packet: Size: 17 bytes RSSI: -13 SNR: 13
20:04:21.718 > [1601133][V][LoraMesher.cpp:647] processPackets(): [LoRaMesher] Size of Received Packets Queue: 1
20:04:21.727 > [1601142][I][PacketQueueService.h:80] deleteQueuePacketAndPacket(): [LoRaMesher] Deleting packet
20:04:21.736 > [1601150][I][PacketQueueService.h:83] deleteQueuePacketAndPacket(): [LoRaMesher] Deleting packet queue
20:04:21.745 > [1601159][V][LoraMesher.cpp:658] processPackets(): [LoRaMesher] TESTING: Packet not for me, deleting it
20:04:21.754 > [1601168][V][LoraMesher.cpp:641] processPackets(): [LoRaMesher] Stack space unused after entering the task: 2040
20:04:21.764 > [1601178][V][LoraMesher.cpp:642] processPackets(): [LoRaMesher] Free heap: 335848
20:04:22.936 > [1602350][V][LoraMesher.cpp:378] receivingRoutine(): [LoRaMesher] Stack space unused after entering the task: 2064
20:04:22.946 > [1602361][V][LoraMesher.cpp:379] receivingRoutine(): [LoRaMesher] Free heap: 335848
20:04:22.954 > [1602368][I][PacketService.cpp:12] createEmptyPacket(): [LoRaMesher] Packet created with 17 bytes
20:04:22.963 > [1602377][I][LoraMesher.cpp:392] receivingRoutine(): [LoRaMesher] Receiving LoRa packet: Size: 17 bytes RSSI: -33 SNR: 13
20:04:22.974 > [1602388][V][LoraMesher.cpp:647] processPackets(): [LoRaMesher] Size of Received Packets Queue: 1
20:04:22.983 > [1602397][V][LoraMesher.cpp:754] printHeaderPacket(): [LoRaMesher] Packet received -- Size: 17 Src: B3F0 Dst: D110 Id: 95 Type: 2 Via: D110 Seq_Id: 0 Num: 0
20:04:22.997 > [1602411][I][LoraMesher.cpp:854] processDataPacket(): [LoRaMesher] Data packet from B3F0, destination D110, via D110
20:04:23.007 > [1602421][V][LoraMesher.cpp:857] processDataPacket(): [LoRaMesher] Data packet from B3F0 for me
20:04:23.016 > [1602430][V][LoraMesher.cpp:893] processDataPacketForMe(): [LoRaMesher] Data Packet received
20:04:23.024 > [1602438][I][PacketQueueService.h:80] deleteQueuePacketAndPacket(): [LoRaMesher] Deleting packet
20:04:23.032 > [1602446][I][PacketQueueService.h:83] deleteQueuePacketAndPacket(): [LoRaMesher] Deleting packet queue
20:04:23.042 > [1602456][V][LoraMesher.cpp:641] processPackets(): [LoRaMesher] Stack space unused after entering the task: 2040
20:04:23.052 > [1602466][V][LoraMesher.cpp:642] processPackets(): [LoRaMesher] Free heap: 335788
20:04:23.223 > ReceivedUserData_TaskHandle notify received
20:04:23.227 > Queue receiveUserData size: 1
20:04:23.230 > Packet arrived from B3F0 with size 8
20:04:23.233 > DATA:81 b3f0
20:04:41.733 > [1621147][V][LoraMesher.cpp:378] receivingRoutine(): [LoRaMesher] Stack space unused after entering the task: 2064
20:04:41.744 > [1621157][V][LoraMesher.cpp:379] receivingRoutine(): [LoRaMesher] Free heap: 335848
20:04:41.751 > [1621165][I][PacketService.cpp:12] createEmptyPacket(): [LoRaMesher] Packet created with 17 bytes
20:04:41.760 > [1621173][I][LoraMesher.cpp:392] receivingRoutine(): [LoRaMesher] Receiving LoRa packet: Size: 17 bytes RSSI: -13 SNR: 13
20:04:41.771 > [1621185][V][LoraMesher.cpp:647] processPackets(): [LoRaMesher] Size of Received Packets Queue: 1
20:04:41.780 > [1621193][I][PacketQueueService.h:80] deleteQueuePacketAndPacket(): [LoRaMesher] Deleting packet
20:04:41.789 > [1621202][I][PacketQueueService.h:83] deleteQueuePacketAndPacket(): [LoRaMesher] Deleting packet queue
20:04:41.798 > [1621211][V][LoraMesher.cpp:658] processPackets(): [LoRaMesher] TESTING: Packet not for me, deleting it
20:04:41.807 > [1621220][V][LoraMesher.cpp:641] processPackets(): [LoRaMesher] Stack space unused after entering the task: 2040
20:04:41.817 > [1621230][V][LoraMesher.cpp:642] processPackets(): [LoRaMesher] Free heap: 335848
20:04:42.717 > [1622130][V][LoraMesher.cpp:378] receivingRoutine(): [LoRaMesher] Stack space unused after entering the task: 2064
20:04:42.727 > [1622141][V][LoraMesher.cpp:379] receivingRoutine(): [LoRaMesher] Free heap: 335848
20:04:42.735 > [1622148][I][PacketService.cpp:12] createEmptyPacket(): [LoRaMesher] Packet created with 17 bytes
20:04:42.744 > [1622157][I][LoraMesher.cpp:392] receivingRoutine(): [LoRaMesher] Receiving LoRa packet: Size: 17 bytes RSSI: -33 SNR: 12
20:04:42.755 > [1622168][V][LoraMesher.cpp:647] processPackets(): [LoRaMesher] Size of Received Packets Queue: 1
20:04:42.764 > [1622177][V][LoraMesher.cpp:754] printHeaderPacket(): [LoRaMesher] Packet received -- Size: 17 Src: B3F0 Dst: D110 Id: 96 Type: 2 Via: D110 Seq_Id: 0 Num: 0
20:04:42.778 > [1622191][I][LoraMesher.cpp:854] processDataPacket(): [LoRaMesher] Data packet from B3F0, destination D110, via D110
20:04:42.788 > [1622201][V][LoraMesher.cpp:857] processDataPacket(): [LoRaMesher] Data packet from B3F0 for me
20:04:42.796 > [1622210][V][LoraMesher.cpp:893] processDataPacketForMe(): [LoRaMesher] Data Packet received
20:04:42.805 > [1622218][I][PacketQueueService.h:80] deleteQueuePacketAndPacket(): [LoRaMesher] Deleting packet
20:04:42.813 > [1622226][I][PacketQueueService.h:83] deleteQueuePacketAndPacket(): [LoRaMesher] Deleting packet queue
20:04:42.822 > [1622236][V][LoraMesher.cpp:641] processPackets(): [LoRaMesher] Stack space unused after entering the task: 2040
20:04:42.832 > [1622246][V][LoraMesher.cpp:642] processPackets(): [LoRaMesher] Free heap: 335788
20:04:43.003 > ReceivedUserData_TaskHandle notify received
20:04:43.008 > Queue receiveUserData size: 1
20:04:43.011 > Packet arrived from B3F0 with size 8
20:04:43.014 > DATA:82 b3f0
20:05:01.370 > [1640784][V][LoraMesher.cpp:378] receivingRoutine(): [LoRaMesher] Stack space unused after entering the task: 2064
20:05:01.381 > [1640794][V][LoraMesher.cpp:379] receivingRoutine(): [LoRaMesher] Free heap: 335848
20:05:01.389 > [1640802][I][PacketService.cpp:12] createEmptyPacket(): [LoRaMesher] Packet created with 17 bytes
20:05:01.398 > [1640810][I][LoraMesher.cpp:392] receivingRoutine(): [LoRaMesher] Receiving LoRa packet: Size: 17 bytes RSSI: -13 SNR: 13
20:05:01.409 > [1640822][V][LoraMesher.cpp:647] processPackets(): [LoRaMesher] Size of Received Packets Queue: 1
20:05:01.418 > [1640830][I][PacketQueueService.h:80] deleteQueuePacketAndPacket(): [LoRaMesher] Deleting packet
20:05:01.426 > [1640839][I][PacketQueueService.h:83] deleteQueuePacketAndPacket(): [LoRaMesher] Deleting packet queue
20:05:01.435 > [1640848][V][LoraMesher.cpp:658] processPackets(): [LoRaMesher] TESTING: Packet not for me, deleting it
20:05:01.445 > [1640857][V][LoraMesher.cpp:641] processPackets(): [LoRaMesher] Stack space unused after entering the task: 2040
20:05:01.455 > [1640867][V][LoraMesher.cpp:642] processPackets(): [LoRaMesher] Free heap: 335848
20:05:02.687 > [1642100][V][LoraMesher.cpp:378] receivingRoutine(): [LoRaMesher] Stack space unused after entering the task: 2064
20:05:02.698 > [1642111][V][LoraMesher.cpp:379] receivingRoutine(): [LoRaMesher] Free heap: 335848
20:05:02.706 > [1642118][I][PacketService.cpp:12] createEmptyPacket(): [LoRaMesher] Packet created with 17 bytes
20:05:02.715 > [1642127][I][LoraMesher.cpp:392] receivingRoutine(): [LoRaMesher] Receiving LoRa packet: Size: 17 bytes RSSI: -35 SNR: 13
20:05:02.726 > [1642138][V][LoraMesher.cpp:647] processPackets(): [LoRaMesher] Size of Received Packets Queue: 1
20:05:02.734 > [1642147][V][LoraMesher.cpp:754] printHeaderPacket(): [LoRaMesher] Packet received -- Size: 17 Src: B3F0 Dst: D110 Id: 97 Type: 2 Via: D110 Seq_Id: 0 Num: 0
20:05:02.748 > [1642161][I][LoraMesher.cpp:854] processDataPacket(): [LoRaMesher] Data packet from B3F0, destination D110, via D110
20:05:02.759 > [1642171][V][LoraMesher.cpp:857] processDataPacket(): [LoRaMesher] Data packet from B3F0 for me
20:05:02.767 > [1642180][V][LoraMesher.cpp:893] processDataPacketForMe(): [LoRaMesher] Data Packet received
20:05:02.776 > [1642188][I][PacketQueueService.h:80] deleteQueuePacketAndPacket(): [LoRaMesher] Deleting packet
20:05:02.784 > [1642197][I][PacketQueueService.h:83] deleteQueuePacketAndPacket(): [LoRaMesher] Deleting packet queue
20:05:02.793 > [1642206][V][LoraMesher.cpp:641] processPackets(): [LoRaMesher] Stack space unused after entering the task: 2024
20:05:02.803 > [1642216][V][LoraMesher.cpp:642] processPackets(): [LoRaMesher] Free heap: 335788
20:05:02.974 > ReceivedUserData_TaskHandle notify received
20:05:02.979 > Queue receiveUserData size: 1
20:05:02.981 > Packet arrived from B3F0 with size 8
20:05:02.985 > DATA:83 b3f0
20:05:16.089 > [1655502][V][LoraMesher.cpp:378] receivingRoutine(): [LoRaMesher] Stack space unused after entering the task: 2064
20:05:16.099 > [1655512][V][LoraMesher.cpp:379] receivingRoutine(): [LoRaMesher] Free heap: 335848
20:05:16.108 > [1655520][I][PacketService.cpp:12] createEmptyPacket(): [LoRaMesher] Packet created with 28 bytes
20:05:16.117 > [1655529][I][LoraMesher.cpp:392] receivingRoutine(): [LoRaMesher] Receiving LoRa packet: Size: 28 bytes RSSI: -13 SNR: 12
20:05:16.127 > [1655540][V][LoraMesher.cpp:647] processPackets(): [LoRaMesher] Size of Received Packets Queue: 1
20:05:16.137 > [1655549][I][PacketQueueService.h:80] deleteQueuePacketAndPacket(): [LoRaMesher] Deleting packet
20:05:16.145 > [1655557][I][PacketQueueService.h:83] deleteQueuePacketAndPacket(): [LoRaMesher] Deleting packet queue
20:05:16.154 > [1655566][V][LoraMesher.cpp:658] processPackets(): [LoRaMesher] TESTING: Packet not for me, deleting it
20:05:16.163 > [1655576][V][LoraMesher.cpp:641] processPackets(): [LoRaMesher] Stack space unused after entering the task: 2024
20:05:16.173 > [1655586][V][LoraMesher.cpp:642] processPackets(): [LoRaMesher] Free heap: 335848
20:05:22.116 > [1661529][V][LoraMesher.cpp:378] receivingRoutine(): [LoRaMesher] Stack space unused after entering the task: 2064
20:05:22.127 > [1661539][V][LoraMesher.cpp:379] receivingRoutine(): [LoRaMesher] Free heap: 335848
20:05:22.134 > [1661546][I][PacketService.cpp:12] createEmptyPacket(): [LoRaMesher] Packet created with 17 bytes
20:05:22.143 > [1661555][I][LoraMesher.cpp:392] receivingRoutine(): [LoRaMesher] Receiving LoRa packet: Size: 17 bytes RSSI: -12 SNR: 12
20:05:22.155 > [1661566][V][LoraMesher.cpp:647] processPackets(): [LoRaMesher] Size of Received Packets Queue: 1
20:05:22.163 > [1661575][I][PacketQueueService.h:80] deleteQueuePacketAndPacket(): [LoRaMesher] Deleting packet
20:05:22.172 > [1661584][I][PacketQueueService.h:83] deleteQueuePacketAndPacket(): [LoRaMesher] Deleting packet queue
20:05:22.181 > [1661593][V][LoraMesher.cpp:658] processPackets(): [LoRaMesher] TESTING: Packet not for me, deleting it
20:05:22.190 > [1661602][V][LoraMesher.cpp:641] processPackets(): [LoRaMesher] Stack space unused after entering the task: 2024
20:05:22.200 > [1661612][V][LoraMesher.cpp:642] processPackets(): [LoRaMesher] Free heap: 335848
20:05:23.140 > [1662552][V][LoraMesher.cpp:378] receivingRoutine(): [LoRaMesher] Stack space unused after entering the task: 2064
20:05:23.151 > [1662563][V][LoraMesher.cpp:379] receivingRoutine(): [LoRaMesher] Free heap: 335848
20:05:23.158 > [1662570][I][PacketService.cpp:12] createEmptyPacket(): [LoRaMesher] Packet created with 17 bytes
20:05:23.167 > [1662579][I][LoraMesher.cpp:392] receivingRoutine(): [LoRaMesher] Receiving LoRa packet: Size: 17 bytes RSSI: -32 SNR: 14
20:05:23.178 > [1662590][V][LoraMesher.cpp:647] processPackets(): [LoRaMesher] Size of Received Packets Queue: 1
20:05:23.187 > [1662599][V][LoraMesher.cpp:754] printHeaderPacket(): [LoRaMesher] Packet received -- Size: 17 Src: B3F0 Dst: D110 Id: 99 Type: 2 Via: D110 Seq_Id: 0 Num: 0
20:05:23.201 > [1662613][I][LoraMesher.cpp:854] processDataPacket(): [LoRaMesher] Data packet from B3F0, destination D110, via D110
20:05:23.211 > [1662623][V][LoraMesher.cpp:857] processDataPacket(): [LoRaMesher] Data packet from B3F0 for me
20:05:23.220 > [1662632][V][LoraMesher.cpp:893] processDataPacketForMe(): [LoRaMesher] Data Packet received
20:05:23.228 > [1662640][I][PacketQueueService.h:80] deleteQueuePacketAndPacket(): [LoRaMesher] Deleting packet
20:05:23.237 > [1662649][I][PacketQueueService.h:83] deleteQueuePacketAndPacket(): [LoRaMesher] Deleting packet queue
20:05:23.246 > [1662658][V][LoraMesher.cpp:641] processPackets(): [LoRaMesher] Stack space unused after entering the task: 2024
20:05:23.256 > [1662668][V][LoraMesher.cpp:642] processPackets(): [LoRaMesher] Free heap: 335788
20:05:23.427 > ReceivedUserData_TaskHandle notify received
20:05:23.432 > Queue receiveUserData size: 1
20:05:23.434 > Packet arrived from B3F0 with size 8
20:05:23.437 > DATA:84 b3f0
20:05:42.247 > [1681659][V][LoraMesher.cpp:378] receivingRoutine(): [LoRaMesher] Stack space unused after entering the task: 2064
20:05:42.258 > [1681669][V][LoraMesher.cpp:379] receivingRoutine(): [LoRaMesher] Free heap: 335848
20:05:42.266 > [1681676][I][PacketService.cpp:12] createEmptyPacket(): [LoRaMesher] Packet created with 17 bytes
20:05:42.274 > [1681685][I][LoraMesher.cpp:392] receivingRoutine(): [LoRaMesher] Receiving LoRa packet: Size: 17 bytes RSSI: -13 SNR: 13
20:05:42.285 > [1681697][V][LoraMesher.cpp:647] processPackets(): [LoRaMesher] Size of Received Packets Queue: 1
20:05:42.294 > [1681705][I][PacketQueueService.h:80] deleteQueuePacketAndPacket(): [LoRaMesher] Deleting packet
20:05:42.303 > [1681714][I][PacketQueueService.h:83] deleteQueuePacketAndPacket(): [LoRaMesher] Deleting packet queue
20:05:42.312 > [1681723][V][LoraMesher.cpp:658] processPackets(): [LoRaMesher] TESTING: Packet not for me, deleting it
20:05:42.321 > [1681732][V][LoraMesher.cpp:641] processPackets(): [LoRaMesher] Stack space unused after entering the task: 2024
20:05:42.331 > [1681742][V][LoraMesher.cpp:642] processPackets(): [LoRaMesher] Free heap: 335848
20:05:42.930 > [1682342][V][LoraMesher.cpp:378] receivingRoutine(): [LoRaMesher] Stack space unused after entering the task: 2064
20:05:42.941 > [1682352][V][LoraMesher.cpp:379] receivingRoutine(): [LoRaMesher] Free heap: 335848
20:05:42.948 > [1682359][I][PacketService.cpp:12] createEmptyPacket(): [LoRaMesher] Packet created with 17 bytes
20:05:42.957 > [1682368][I][LoraMesher.cpp:392] receivingRoutine(): [LoRaMesher] Receiving LoRa packet: Size: 17 bytes RSSI: -33 SNR: 13
20:05:42.968 > [1682379][V][LoraMesher.cpp:647] processPackets(): [LoRaMesher] Size of Received Packets Queue: 1
20:05:42.977 > [1682388][V][LoraMesher.cpp:754] printHeaderPacket(): [LoRaMesher] Packet received -- Size: 17 Src: B3F0 Dst: D110 Id: 100 Type: 2 Via: D110 Seq_Id: 0 Num: 0
20:05:42.991 > [1682402][I][LoraMesher.cpp:854] processDataPacket(): [LoRaMesher] Data packet from B3F0, destination D110, via D110
20:05:43.001 > [1682413][V][LoraMesher.cpp:857] processDataPacket(): [LoRaMesher] Data packet from B3F0 for me
20:05:43.010 > [1682421][V][LoraMesher.cpp:893] processDataPacketForMe(): [LoRaMesher] Data Packet received
20:05:43.018 > [1682429][I][PacketQueueService.h:80] deleteQueuePacketAndPacket(): [LoRaMesher] Deleting packet
20:05:43.027 > [1682438][I][PacketQueueService.h:83] deleteQueuePacketAndPacket(): [LoRaMesher] Deleting packet queue
20:05:43.036 > [1682447][V][LoraMesher.cpp:641] processPackets(): [LoRaMesher] Stack space unused after entering the task: 2024
20:05:43.046 > [1682457][V][LoraMesher.cpp:642] processPackets(): [LoRaMesher] Free heap: 335788
20:05:43.217 > ReceivedUserData_TaskHandle notify received
20:05:43.221 > Queue receiveUserData size: 1
20:05:43.224 > Packet arrived from B3F0 with size 8
20:05:43.227 > DATA:85 b3f0
20:05:49.417 > [1688829][V][LoraMesher.cpp:598] sendHelloPacket(): [LoRaMesher] Creating Routing Packet
20:05:49.425 > [1688836][V][LoraMesher.cpp:599] sendHelloPacket(): [LoRaMesher] Stack space unused after entering the task: 2168
20:05:49.435 > [1688847][V][LoraMesher.cpp:600] sendHelloPacket(): [LoRaMesher] Free heap: 335848
20:05:49.443 > [1688854][V][PacketFactory.h:45] createPacket(): [LoRaMesher] Creating packet with 28 bytes
20:05:49.451 > [1688862][I][PacketFactory.h:74] createPacket(): [LoRaMesher] Packet created with 28 bytes
20:05:49.459 > [1688870][I][LoraMesher.h:659] setPackedForSend(): [LoRaMesher] Adding packet to Q_SP
20:05:49.468 > [1688878][I][LoraMesher.h:661] setPackedForSend(): [LoRaMesher] Created packet to Q_SP
20:05:49.474 > [1688886][I][LoraMesher.cpp:1061] addToSendOrderedAndNotify(): [LoRaMesher] Added packet to Q_SP, notifying sender task
20:05:49.485 > [1688896][V][LoraMesher.cpp:511] sendPackets(): [LoRaMesher] Stack space unused after entering the task: 2052
20:05:49.495 > [1688906][V][LoraMesher.cpp:512] sendPackets(): [LoRaMesher] Free heap: 335736
20:05:49.502 > [1688913][V][LoraMesher.cpp:518] sendPackets(): [LoRaMesher] Size of Send Packets Queue: 1
20:05:49.510 > [1688921][V][LoraMesher.cpp:525] sendPackets(): [LoRaMesher] Send n. 14
20:05:49.516 > [1688927][V][LoraMesher.cpp:455] waitBeforeSend(): [LoRaMesher] RandomDelay 239 ms
20:05:49.762 > [1689174][V][LoraMesher.cpp:754] printHeaderPacket(): [LoRaMesher] Packet send -- Size: 28 Src: D110 Dst: FFFF Id: 15 Type: 4 Via: 0 Seq_Id: 0 Num: 0
20:05:49.873 > [1689285][V][LoraMesher.cpp:575] sendPackets(): [LoRaMesher] TimeOnAir 85 ms, next message in 0 ms
20:05:49.883 > [1689294][I][PacketQueueService.h:80] deleteQueuePacketAndPacket(): [LoRaMesher] Deleting packet
20:05:49.891 > [1689302][I][PacketQueueService.h:83] deleteQueuePacketAndPacket(): [LoRaMesher] Deleting packet queue
20:05:50.892 > [1690304][V][LoraMesher.cpp:378] receivingRoutine(): [LoRaMesher] Stack space unused after entering the task: 2064
20:05:50.903 > [1690314][V][LoraMesher.cpp:379] receivingRoutine(): [LoRaMesher] Free heap: 335848
20:05:50.910 > [1690322][I][PacketService.cpp:12] createEmptyPacket(): [LoRaMesher] Packet created with 28 bytes
20:05:50.919 > [1690331][I][LoraMesher.cpp:392] receivingRoutine(): [LoRaMesher] Receiving LoRa packet: Size: 28 bytes RSSI: -12 SNR: 12
20:05:50.931 > [1690342][V][LoraMesher.cpp:647] processPackets(): [LoRaMesher] Size of Received Packets Queue: 1
20:05:50.939 > [1690351][I][PacketQueueService.h:80] deleteQueuePacketAndPacket(): [LoRaMesher] Deleting packet
20:05:50.948 > [1690359][I][PacketQueueService.h:83] deleteQueuePacketAndPacket(): [LoRaMesher] Deleting packet queue
20:05:50.957 > [1690368][V][LoraMesher.cpp:658] processPackets(): [LoRaMesher] TESTING: Packet not for me, deleting it
20:05:50.966 > [1690377][V][LoraMesher.cpp:641] processPackets(): [LoRaMesher] Stack space unused after entering the task: 2024
20:05:50.977 > [1690387][V][LoraMesher.cpp:642] processPackets(): [LoRaMesher] Free heap: 335848
20:05:52.594 > [1692006][V][LoraMesher.cpp:378] receivingRoutine(): [LoRaMesher] Stack space unused after entering the task: 2064
20:05:52.605 > [1692016][V][LoraMesher.cpp:379] receivingRoutine(): [LoRaMesher] Free heap: 335848
20:05:52.612 > [1692023][I][PacketService.cpp:12] createEmptyPacket(): [LoRaMesher] Packet created with 28 bytes
20:05:52.621 > [1692032][I][LoraMesher.cpp:392] receivingRoutine(): [LoRaMesher] Receiving LoRa packet: Size: 28 bytes RSSI: -14 SNR: 13
20:05:52.632 > [1692044][V][LoraMesher.cpp:647] processPackets(): [LoRaMesher] Size of Received Packets Queue: 1
20:05:52.641 > [1692052][V][LoraMesher.cpp:754] printHeaderPacket(): [LoRaMesher] Packet received -- Size: 28 Src: F02C Dst: FFFF Id: 14 Type: 4 Via: 0 Seq_Id: 0 Num: 0
20:05:52.655 > [1692066][I][RoutingTableService.cpp:77] processRoute(): [LoRaMesher] Route packet from F02C with size 5
20:05:52.664 > [1692075][I][RoutingTableService.cpp:99] resetReceiveSNRRoutePacket(): [LoRaMesher] Reset Receive SNR from F02C: 13
20:05:52.674 > [1692086][I][RoutingTableService.cpp:192] printRoutingTable(): [LoRaMesher] Current routing table:
20:05:52.683 > [1692094][I][RoutingTableService.cpp:206] printRoutingTable(): [LoRaMesher] 0 - F02C via F02C metric 1 Role 0
20:05:52.693 > [1692104][I][RoutingTableService.cpp:206] printRoutingTable(): [LoRaMesher] 1 - AFC0 via F02C metric 2 Role 0
20:05:52.702 > [1692114][I][RoutingTableService.cpp:206] printRoutingTable(): [LoRaMesher] 2 - DE6C via F02C metric 3 Role 0
20:05:52.712 > [1692123][I][RoutingTableService.cpp:206] printRoutingTable(): [LoRaMesher] 3 - B3F0 via C998 metric 2 Role 0
20:05:52.722 > [1692133][I][RoutingTableService.cpp:206] printRoutingTable(): [LoRaMesher] 4 - C998 via C998 metric 1 Role 0
20:05:52.732 > [1692143][I][PacketQueueService.h:80] deleteQueuePacketAndPacket(): [LoRaMesher] Deleting packet
20:05:52.740 > [1692151][I][PacketQueueService.h:83] deleteQueuePacketAndPacket(): [LoRaMesher] Deleting packet queue
20:05:52.749 > [1692161][V][LoraMesher.cpp:641] processPackets(): [LoRaMesher] Stack space unused after entering the task: 2024
20:05:52.759 > [1692171][V][LoraMesher.cpp:642] processPackets(): [LoRaMesher] Free heap: 335848
20:05:59.741 > [1699152][V][LoraMesher.cpp:378] receivingRoutine(): [LoRaMesher] Stack space unused after entering the task: 2064
20:05:59.752 > [1699162][V][LoraMesher.cpp:379] receivingRoutine(): [LoRaMesher] Free heap: 335848
20:05:59.759 > [1699170][I][PacketService.cpp:12] createEmptyPacket(): [LoRaMesher] Packet created with 28 bytes
20:05:59.768 > [1699179][I][LoraMesher.cpp:392] receivingRoutine(): [LoRaMesher] Receiving LoRa packet: Size: 28 bytes RSSI: -33 SNR: 12
20:05:59.779 > [1699190][V][LoraMesher.cpp:647] processPackets(): [LoRaMesher] Size of Received Packets Queue: 1
20:05:59.788 > [1699199][V][LoraMesher.cpp:754] printHeaderPacket(): [LoRaMesher] Packet received -- Size: 28 Src: C998 Dst: FFFF Id: 5 Type: 4 Via: 0 Seq_Id: 0 Num: 0
20:05:59.802 > [1699212][I][RoutingTableService.cpp:77] processRoute(): [LoRaMesher] Route packet from C998 with size 5
20:05:59.811 > [1699221][I][RoutingTableService.cpp:99] resetReceiveSNRRoutePacket(): [LoRaMesher] Reset Receive SNR from C998: 12
20:05:59.821 > [1699232][I][RoutingTableService.cpp:192] printRoutingTable(): [LoRaMesher] Current routing table:
20:05:59.830 > [1699240][I][RoutingTableService.cpp:206] printRoutingTable(): [LoRaMesher] 0 - F02C via F02C metric 1 Role 0
20:05:59.840 > [1699250][I][RoutingTableService.cpp:206] printRoutingTable(): [LoRaMesher] 1 - AFC0 via F02C metric 2 Role 0
20:05:59.849 > [1699260][I][RoutingTableService.cpp:206] printRoutingTable(): [LoRaMesher] 2 - DE6C via F02C metric 3 Role 0
20:05:59.859 > [1699270][I][RoutingTableService.cpp:206] printRoutingTable(): [LoRaMesher] 3 - B3F0 via C998 metric 2 Role 0
20:05:59.869 > [1699279][I][RoutingTableService.cpp:206] printRoutingTable(): [LoRaMesher] 4 - C998 via C998 metric 1 Role 0
20:05:59.878 > [1699289][I][PacketQueueService.h:80] deleteQueuePacketAndPacket(): [LoRaMesher] Deleting packet
20:05:59.887 > [1699298][I][PacketQueueService.h:83] deleteQueuePacketAndPacket(): [LoRaMesher] Deleting packet queue
20:05:59.896 > [1699307][V][LoraMesher.cpp:641] processPackets(): [LoRaMesher] Stack space unused after entering the task: 2024
20:05:59.906 > [1699317][V][LoraMesher.cpp:642] processPackets(): [LoRaMesher] Free heap: 335848
20:06:02.073 > [1701484][V][LoraMesher.cpp:378] receivingRoutine(): [LoRaMesher] Stack space unused after entering the task: 2064
20:06:02.084 > [1701495][V][LoraMesher.cpp:379] receivingRoutine(): [LoRaMesher] Free heap: 335848
20:06:02.092 > [1701502][I][PacketService.cpp:12] createEmptyPacket(): [LoRaMesher] Packet created with 17 bytes
20:06:02.101 > [1701511][I][LoraMesher.cpp:392] receivingRoutine(): [LoRaMesher] Receiving LoRa packet: Size: 17 bytes RSSI: -13 SNR: 13
20:06:02.112 > [1701522][V][LoraMesher.cpp:647] processPackets(): [LoRaMesher] Size of Received Packets Queue: 1
20:06:02.121 > [1701531][I][PacketQueueService.h:80] deleteQueuePacketAndPacket(): [LoRaMesher] Deleting packet
20:06:02.129 > [1701540][I][PacketQueueService.h:83] deleteQueuePacketAndPacket(): [LoRaMesher] Deleting packet queue
20:06:02.138 > [1701549][V][LoraMesher.cpp:658] processPackets(): [LoRaMesher] TESTING: Packet not for me, deleting it
20:06:02.148 > [1701558][V][LoraMesher.cpp:641] processPackets(): [LoRaMesher] Stack space unused after entering the task: 2024
20:06:02.158 > [1701568][V][LoraMesher.cpp:642] processPackets(): [LoRaMesher] Free heap: 335848
20:06:02.936 > [1702347][V][LoraMesher.cpp:378] receivingRoutine(): [LoRaMesher] Stack space unused after entering the task: 2064
20:06:02.946 > [1702357][V][LoraMesher.cpp:379] receivingRoutine(): [LoRaMesher] Free heap: 335848
20:06:02.954 > [1702365][I][PacketService.cpp:12] createEmptyPacket(): [LoRaMesher] Packet created with 17 bytes
20:06:02.963 > [1702373][I][LoraMesher.cpp:392] receivingRoutine(): [LoRaMesher] Receiving LoRa packet: Size: 17 bytes RSSI: -33 SNR: 12
20:06:02.974 > [1702385][V][LoraMesher.cpp:647] processPackets(): [LoRaMesher] Size of Received Packets Queue: 1
20:06:02.983 > [1702393][V][LoraMesher.cpp:754] printHeaderPacket(): [LoRaMesher] Packet received -- Size: 17 Src: B3F0 Dst: D110 Id: 101 Type: 2 Via: D110 Seq_Id: 0 Num: 0
20:06:02.997 > [1702407][I][LoraMesher.cpp:854] processDataPacket(): [LoRaMesher] Data packet from B3F0, destination D110, via D110
20:06:03.007 > [1702418][V][LoraMesher.cpp:857] processDataPacket(): [LoRaMesher] Data packet from B3F0 for me
20:06:03.016 > [1702426][V][LoraMesher.cpp:893] processDataPacketForMe(): [LoRaMesher] Data Packet received
20:06:03.024 > [1702434][I][PacketQueueService.h:80] deleteQueuePacketAndPacket(): [LoRaMesher] Deleting packet
20:06:03.032 > [1702443][I][PacketQueueService.h:83] deleteQueuePacketAndPacket(): [LoRaMesher] Deleting packet queue
20:06:03.042 > [1702452][V][LoraMesher.cpp:641] processPackets(): [LoRaMesher] Stack space unused after entering the task: 2024
20:06:03.052 > [1702462][V][LoraMesher.cpp:642] processPackets(): [LoRaMesher] Free heap: 335788
20:06:03.222 > ReceivedUserData_TaskHandle notify received
20:06:03.227 > Queue receiveUserData size: 1
20:06:03.230 > Packet arrived from B3F0 with size 8
20:06:03.233 > DATA:86 b3f0
20:06:21.499 > [1720909][V][LoraMesher.cpp:378] receivingRoutine(): [LoRaMesher] Stack space unused after entering the task: 2064
20:06:21.510 > [1720920][V][LoraMesher.cpp:379] receivingRoutine(): [LoRaMesher] Free heap: 335848
20:06:21.518 > [1720927][I][PacketService.cpp:12] createEmptyPacket(): [LoRaMesher] Packet created with 17 bytes
20:06:21.526 > [1720936][I][LoraMesher.cpp:392] receivingRoutine(): [LoRaMesher] Receiving LoRa packet: Size: 17 bytes RSSI: -13 SNR: 13
20:06:21.538 > [1720947][V][LoraMesher.cpp:647] processPackets(): [LoRaMesher] Size of Received Packets Queue: 1
20:06:21.546 > [1720956][I][PacketQueueService.h:80] deleteQueuePacketAndPacket(): [LoRaMesher] Deleting packet
20:06:21.555 > [1720965][I][PacketQueueService.h:83] deleteQueuePacketAndPacket(): [LoRaMesher] Deleting packet queue
20:06:21.564 > [1720974][V][LoraMesher.cpp:658] processPackets(): [LoRaMesher] TESTING: Packet not for me, deleting it
20:06:21.573 > [1720983][V][LoraMesher.cpp:641] processPackets(): [LoRaMesher] Stack space unused after entering the task: 2024
20:06:21.583 > [1720993][V][LoraMesher.cpp:642] processPackets(): [LoRaMesher] Free heap: 335848
20:06:22.415 > [1721826][V][LoraMesher.cpp:378] receivingRoutine(): [LoRaMesher] Stack space unused after entering the task: 2064
20:06:22.426 > [1721836][V][LoraMesher.cpp:379] receivingRoutine(): [LoRaMesher] Free heap: 335848
20:06:22.434 > [1721844][I][PacketService.cpp:12] createEmptyPacket(): [LoRaMesher] Packet created with 17 bytes
20:06:22.443 > [1721852][I][LoraMesher.cpp:392] receivingRoutine(): [LoRaMesher] Receiving LoRa packet: Size: 17 bytes RSSI: -35 SNR: 13
20:06:22.454 > [1721864][V][LoraMesher.cpp:647] processPackets(): [LoRaMesher] Size of Received Packets Queue: 1
20:06:22.463 > [1721872][V][LoraMesher.cpp:754] printHeaderPacket(): [LoRaMesher] Packet received -- Size: 17 Src: B3F0 Dst: D110 Id: 102 Type: 2 Via: D110 Seq_Id: 0 Num: 0
20:06:22.477 > [1721886][I][LoraMesher.cpp:854] processDataPacket(): [LoRaMesher] Data packet from B3F0, destination D110, via D110
20:06:22.487 > [1721897][V][LoraMesher.cpp:857] processDataPacket(): [LoRaMesher] Data packet from B3F0 for me
20:06:22.495 > [1721905][V][LoraMesher.cpp:893] processDataPacketForMe(): [LoRaMesher] Data Packet received
20:06:22.504 > [1721913][I][PacketQueueService.h:80] deleteQueuePacketAndPacket(): [LoRaMesher] Deleting packet
20:06:22.512 > [1721922][I][PacketQueueService.h:83] deleteQueuePacketAndPacket(): [LoRaMesher] Deleting packet queue
20:06:22.521 > [1721931][V][LoraMesher.cpp:641] processPackets(): [LoRaMesher] Stack space unused after entering the task: 2024
20:06:22.531 > [1721941][V][LoraMesher.cpp:642] processPackets(): [LoRaMesher] Free heap: 335788
20:06:22.702 > ReceivedUserData_TaskHandle notify received
20:06:22.707 > Queue receiveUserData size: 1
20:06:22.709 > Packet arrived from B3F0 with size 8
20:06:22.713 > DATA:87 b3f0
20:06:42.538 > [1741947][V][LoraMesher.cpp:378] receivingRoutine(): [LoRaMesher] Stack space unused after entering the task: 2064
20:06:42.548 > [1741958][V][LoraMesher.cpp:379] receivingRoutine(): [LoRaMesher] Free heap: 335848
20:06:42.556 > [1741965][I][PacketService.cpp:12] createEmptyPacket(): [LoRaMesher] Packet created with 17 bytes
20:06:42.565 > [1741974][I][LoraMesher.cpp:392] receivingRoutine(): [LoRaMesher] Receiving LoRa packet: Size: 17 bytes RSSI: -13 SNR: 12
20:06:42.576 > [1741985][V][LoraMesher.cpp:647] processPackets(): [LoRaMesher] Size of Received Packets Queue: 1
20:06:42.585 > [1741994][I][PacketQueueService.h:80] deleteQueuePacketAndPacket(): [LoRaMesher] Deleting packet
20:06:42.594 > [1742003][I][PacketQueueService.h:83] deleteQueuePacketAndPacket(): [LoRaMesher] Deleting packet queue
20:06:42.603 > [1742012][V][LoraMesher.cpp:658] processPackets(): [LoRaMesher] TESTING: Packet not for me, deleting it
20:06:42.612 > [1742021][V][LoraMesher.cpp:641] processPackets(): [LoRaMesher] Stack space unused after entering the task: 2024
20:06:42.622 > [1742031][V][LoraMesher.cpp:642] processPackets(): [LoRaMesher] Free heap: 335848
20:06:43.517 > [1742927][V][LoraMesher.cpp:378] receivingRoutine(): [LoRaMesher] Stack space unused after entering the task: 2064
20:06:43.528 > [1742937][V][LoraMesher.cpp:379] receivingRoutine(): [LoRaMesher] Free heap: 335848
20:06:43.536 > [1742945][I][PacketService.cpp:12] createEmptyPacket(): [LoRaMesher] Packet created with 17 bytes
20:06:43.544 > [1742953][I][LoraMesher.cpp:392] receivingRoutine(): [LoRaMesher] Receiving LoRa packet: Size: 17 bytes RSSI: -35 SNR: 13
20:06:43.556 > [1742965][V][LoraMesher.cpp:647] processPackets(): [LoRaMesher] Size of Received Packets Queue: 1
20:06:43.564 > [1742973][V][LoraMesher.cpp:754] printHeaderPacket(): [LoRaMesher] Packet received -- Size: 17 Src: B3F0 Dst: D110 Id: 103 Type: 2 Via: D110 Seq_Id: 0 Num: 0
20:06:43.578 > [1742987][I][LoraMesher.cpp:854] processDataPacket(): [LoRaMesher] Data packet from B3F0, destination D110, via D110
20:06:43.589 > [1742998][V][LoraMesher.cpp:857] processDataPacket(): [LoRaMesher] Data packet from B3F0 for me
20:06:43.597 > [1743006][V][LoraMesher.cpp:893] processDataPacketForMe(): [LoRaMesher] Data Packet received
20:06:43.605 > [1743014][I][PacketQueueService.h:80] deleteQueuePacketAndPacket(): [LoRaMesher] Deleting packet
20:06:43.614 > [1743023][I][PacketQueueService.h:83] deleteQueuePacketAndPacket(): [LoRaMesher] Deleting packet queue
20:06:43.623 > [1743032][V][LoraMesher.cpp:641] processPackets(): [LoRaMesher] Stack space unused after entering the task: 2024
20:06:43.633 > [1743042][V][LoraMesher.cpp:642] processPackets(): [LoRaMesher] Free heap: 335788
20:06:43.804 > ReceivedUserData_TaskHandle notify received
20:06:43.808 > Queue receiveUserData size: 1
20:06:43.811 > Packet arrived from B3F0 with size 8
20:06:43.814 > DATA:88 b3f0
20:07:02.259 > [1761668][V][LoraMesher.cpp:378] receivingRoutine(): [LoRaMesher] Stack space unused after entering the task: 2064
20:07:02.270 > [1761678][V][LoraMesher.cpp:379] receivingRoutine(): [LoRaMesher] Free heap: 335848
20:07:02.278 > [1761686][I][PacketService.cpp:12] createEmptyPacket(): [LoRaMesher] Packet created with 17 bytes
20:07:02.287 > [1761695][I][LoraMesher.cpp:392] receivingRoutine(): [LoRaMesher] Receiving LoRa packet: Size: 17 bytes RSSI: -13 SNR: 12
20:07:02.298 > [1761706][V][LoraMesher.cpp:647] processPackets(): [LoRaMesher] Size of Received Packets Queue: 1
20:07:02.307 > [1761715][I][PacketQueueService.h:80] deleteQueuePacketAndPacket(): [LoRaMesher] Deleting packet
20:07:02.315 > [1761723][I][PacketQueueService.h:83] deleteQueuePacketAndPacket(): [LoRaMesher] Deleting packet queue
20:07:02.324 > [1761733][V][LoraMesher.cpp:658] processPackets(): [LoRaMesher] TESTING: Packet not for me, deleting it
20:07:02.334 > [1761742][V][LoraMesher.cpp:641] processPackets(): [LoRaMesher] Stack space unused after entering the task: 2024
20:07:02.343 > [1761752][V][LoraMesher.cpp:642] processPackets(): [LoRaMesher] Free heap: 335848
20:07:03.631 > [1763040][V][LoraMesher.cpp:378] receivingRoutine(): [LoRaMesher] Stack space unused after entering the task: 2064
20:07:03.642 > [1763050][V][LoraMesher.cpp:379] receivingRoutine(): [LoRaMesher] Free heap: 335848
20:07:03.649 > [1763058][I][PacketService.cpp:12] createEmptyPacket(): [LoRaMesher] Packet created with 17 bytes
20:07:03.658 > [1763067][I][LoraMesher.cpp:392] receivingRoutine(): [LoRaMesher] Receiving LoRa packet: Size: 17 bytes RSSI: -35 SNR: 13
20:07:03.669 > [1763078][V][LoraMesher.cpp:647] processPackets(): [LoRaMesher] Size of Received Packets Queue: 1
20:07:03.678 > [1763086][V][LoraMesher.cpp:754] printHeaderPacket(): [LoRaMesher] Packet received -- Size: 17 Src: B3F0 Dst: D110 Id: 104 Type: 2 Via: D110 Seq_Id: 0 Num: 0
20:07:03.692 > [1763100][I][LoraMesher.cpp:854] processDataPacket(): [LoRaMesher] Data packet from B3F0, destination D110, via D110
20:07:03.702 > [1763111][V][LoraMesher.cpp:857] processDataPacket(): [LoRaMesher] Data packet from B3F0 for me
20:07:03.711 > [1763119][V][LoraMesher.cpp:893] processDataPacketForMe(): [LoRaMesher] Data Packet received
20:07:03.719 > [1763128][I][PacketQueueService.h:80] deleteQueuePacketAndPacket(): [LoRaMesher] Deleting packet
20:07:03.728 > [1763136][I][PacketQueueService.h:83] deleteQueuePacketAndPacket(): [LoRaMesher] Deleting packet queue
20:07:03.737 > [1763145][V][LoraMesher.cpp:641] processPackets(): [LoRaMesher] Stack space unused after entering the task: 2024
20:07:03.747 > [1763155][V][LoraMesher.cpp:642] processPackets(): [LoRaMesher] Free heap: 335788
20:07:03.917 > ReceivedUserData_TaskHandle notify received
20:07:03.922 > Queue receiveUserData size: 1
20:07:03.925 > Packet arrived from B3F0 with size 8
20:07:03.928 > DATA:89 b3f0
20:07:15.733 > [1775141][V][LoraMesher.cpp:378] receivingRoutine(): [LoRaMesher] Stack space unused after entering the task: 2064
20:07:15.743 > [1775152][V][LoraMesher.cpp:379] receivingRoutine(): [LoRaMesher] Free heap: 335848
20:07:15.752 > [1775159][I][PacketService.cpp:12] createEmptyPacket(): [LoRaMesher] Packet created with 28 bytes
20:07:15.760 > [1775168][I][LoraMesher.cpp:392] receivingRoutine(): [LoRaMesher] Receiving LoRa packet: Size: 28 bytes RSSI: -13 SNR: 12
20:07:15.772 > [1775179][V][LoraMesher.cpp:647] processPackets(): [LoRaMesher] Size of Received Packets Queue: 1
20:07:15.780 > [1775188][I][PacketQueueService.h:80] deleteQueuePacketAndPacket(): [LoRaMesher] Deleting packet
20:07:15.788 > [1775197][I][PacketQueueService.h:83] deleteQueuePacketAndPacket(): [LoRaMesher] Deleting packet queue
20:07:15.797 > [1775206][V][LoraMesher.cpp:658] processPackets(): [LoRaMesher] TESTING: Packet not for me, deleting it
20:07:15.807 > [1775215][V][LoraMesher.cpp:641] processPackets(): [LoRaMesher] Stack space unused after entering the task: 2024
20:07:15.817 > [1775225][V][LoraMesher.cpp:642] processPackets(): [LoRaMesher] Free heap: 335848
20:07:22.476 > [1781884][V][LoraMesher.cpp:378] receivingRoutine(): [LoRaMesher] Stack space unused after entering the task: 2064
20:07:22.487 > [1781894][V][LoraMesher.cpp:379] receivingRoutine(): [LoRaMesher] Free heap: 335848
20:07:22.494 > [1781902][I][PacketService.cpp:12] createEmptyPacket(): [LoRaMesher] Packet created with 17 bytes
20:07:22.503 > [1781911][I][LoraMesher.cpp:392] receivingRoutine(): [LoRaMesher] Receiving LoRa packet: Size: 17 bytes RSSI: -13 SNR: 12
20:07:22.514 > [1781922][V][LoraMesher.cpp:647] processPackets(): [LoRaMesher] Size of Received Packets Queue: 1
20:07:22.523 > [1781931][I][PacketQueueService.h:80] deleteQueuePacketAndPacket(): [LoRaMesher] Deleting packet
20:07:22.532 > [1781939][I][PacketQueueService.h:83] deleteQueuePacketAndPacket(): [LoRaMesher] Deleting packet queue
20:07:22.541 > [1781948][V][LoraMesher.cpp:658] processPackets(): [LoRaMesher] TESTING: Packet not for me, deleting it
20:07:22.550 > [1781958][V][LoraMesher.cpp:641] processPackets(): [LoRaMesher] Stack space unused after entering the task: 2024
20:07:22.560 > [1781968][V][LoraMesher.cpp:642] processPackets(): [LoRaMesher] Free heap: 335848
20:07:23.382 > [1782790][V][LoraMesher.cpp:378] receivingRoutine(): [LoRaMesher] Stack space unused after entering the task: 2064
20:07:23.393 > [1782800][V][LoraMesher.cpp:379] receivingRoutine(): [LoRaMesher] Free heap: 335848
20:07:23.400 > [1782808][I][PacketService.cpp:12] createEmptyPacket(): [LoRaMesher] Packet created with 17 bytes
20:07:23.409 > [1782817][I][LoraMesher.cpp:392] receivingRoutine(): [LoRaMesher] Receiving LoRa packet: Size: 17 bytes RSSI: -37 SNR: 13
20:07:23.420 > [1782828][V][LoraMesher.cpp:647] processPackets(): [LoRaMesher] Size of Received Packets Queue: 1
20:07:23.429 > [1782837][V][LoraMesher.cpp:754] printHeaderPacket(): [LoRaMesher] Packet received -- Size: 17 Src: B3F0 Dst: D110 Id: 106 Type: 2 Via: D110 Seq_Id: 0 Num: 0
20:07:23.443 > [1782850][I][LoraMesher.cpp:854] processDataPacket(): [LoRaMesher] Data packet from B3F0, destination D110, via D110
20:07:23.453 > [1782861][V][LoraMesher.cpp:857] processDataPacket(): [LoRaMesher] Data packet from B3F0 for me
20:07:23.462 > [1782869][V][LoraMesher.cpp:893] processDataPacketForMe(): [LoRaMesher] Data Packet received
20:07:23.470 > [1782878][I][PacketQueueService.h:80] deleteQueuePacketAndPacket(): [LoRaMesher] Deleting packet
20:07:23.478 > [1782886][I][PacketQueueService.h:83] deleteQueuePacketAndPacket(): [LoRaMesher] Deleting packet queue
20:07:23.488 > [1782895][V][LoraMesher.cpp:641] processPackets(): [LoRaMesher] Stack space unused after entering the task: 2024
20:07:23.498 > [1782905][V][LoraMesher.cpp:642] processPackets(): [LoRaMesher] Free heap: 335788
20:07:23.668 > ReceivedUserData_TaskHandle notify received
20:07:23.673 > Queue receiveUserData size: 1
20:07:23.675 > Packet arrived from B3F0 with size 8
20:07:23.679 > DATA:90 b3f0
20:07:42.837 > [1802245][V][LoraMesher.cpp:378] receivingRoutine(): [LoRaMesher] Stack space unused after entering the task: 2064
20:07:42.848 > [1802255][V][LoraMesher.cpp:379] receivingRoutine(): [LoRaMesher] Free heap: 335848
20:07:42.856 > [1802263][I][PacketService.cpp:12] createEmptyPacket(): [LoRaMesher] Packet created with 17 bytes
20:07:42.865 > [1802272][I][LoraMesher.cpp:392] receivingRoutine(): [LoRaMesher] Receiving LoRa packet: Size: 17 bytes RSSI: -11 SNR: 13
20:07:42.876 > [1802283][V][LoraMesher.cpp:647] processPackets(): [LoRaMesher] Size of Received Packets Queue: 1
20:07:42.885 > [1802292][I][PacketQueueService.h:80] deleteQueuePacketAndPacket(): [LoRaMesher] Deleting packet
20:07:42.893 > [1802300][I][PacketQueueService.h:83] deleteQueuePacketAndPacket(): [LoRaMesher] Deleting packet queue
20:07:42.902 > [1802309][V][LoraMesher.cpp:658] processPackets(): [LoRaMesher] TESTING: Packet not for me, deleting it
20:07:42.912 > [1802319][V][LoraMesher.cpp:641] processPackets(): [LoRaMesher] Stack space unused after entering the task: 2024
20:07:42.922 > [1802329][V][LoraMesher.cpp:642] processPackets(): [LoRaMesher] Free heap: 335848
20:07:43.774 > [1803182][V][LoraMesher.cpp:378] receivingRoutine(): [LoRaMesher] Stack space unused after entering the task: 2064
20:07:43.785 > [1803192][V][LoraMesher.cpp:379] receivingRoutine(): [LoRaMesher] Free heap: 335848
20:07:43.793 > [1803200][I][PacketService.cpp:12] createEmptyPacket(): [LoRaMesher] Packet created with 17 bytes
20:07:43.802 > [1803209][I][LoraMesher.cpp:392] receivingRoutine(): [LoRaMesher] Receiving LoRa packet: Size: 17 bytes RSSI: -30 SNR: 13
20:07:43.813 > [1803220][V][LoraMesher.cpp:647] processPackets(): [LoRaMesher] Size of Received Packets Queue: 1
20:07:43.822 > [1803229][V][LoraMesher.cpp:754] printHeaderPacket(): [LoRaMesher] Packet received -- Size: 17 Src: B3F0 Dst: D110 Id: 107 Type: 2 Via: D110 Seq_Id: 0 Num: 0
20:07:43.836 > [1803243][I][LoraMesher.cpp:854] processDataPacket(): [LoRaMesher] Data packet from B3F0, destination D110, via D110
20:07:43.846 > [1803253][V][LoraMesher.cpp:857] processDataPacket(): [LoRaMesher] Data packet from B3F0 for me
20:07:43.855 > [1803261][V][LoraMesher.cpp:893] processDataPacketForMe(): [LoRaMesher] Data Packet received
20:07:43.863 > [1803270][I][PacketQueueService.h:80] deleteQueuePacketAndPacket(): [LoRaMesher] Deleting packet
20:07:43.871 > [1803278][I][PacketQueueService.h:83] deleteQueuePacketAndPacket(): [LoRaMesher] Deleting packet queue
20:07:43.880 > [1803287][V][LoraMesher.cpp:641] processPackets(): [LoRaMesher] Stack space unused after entering the task: 2024
20:07:43.890 > [1803297][V][LoraMesher.cpp:642] processPackets(): [LoRaMesher] Free heap: 335788
20:07:44.062 > ReceivedUserData_TaskHandle notify received
20:07:44.067 > Queue receiveUserData size: 1
20:07:44.069 > Packet arrived from B3F0 with size 8
20:07:44.072 > DATA:91 b3f0
20:07:46.707 > [1806115][V][LoraMesher.cpp:694] routingTableManager(): [LoRaMesher] Stack space unused after entering the task: 2104
20:07:46.718 > [1806125][V][LoraMesher.cpp:695] routingTableManager(): [LoRaMesher] Free heap: 335848
20:07:46.726 > [1806133][I][RoutingTableService.cpp:216] manageTimeoutRoutingTable(): [LoRaMesher] Checking routes timeout
20:07:46.735 > [1806142][I][RoutingTableService.cpp:192] printRoutingTable(): [LoRaMesher] Current routing table:
20:07:46.744 > [1806151][I][RoutingTableService.cpp:206] printRoutingTable(): [LoRaMesher] 0 - F02C via F02C metric 1 Role 0
20:07:46.754 > [1806161][I][RoutingTableService.cpp:206] printRoutingTable(): [LoRaMesher] 1 - AFC0 via F02C metric 2 Role 0
20:07:46.764 > [1806171][I][RoutingTableService.cpp:206] printRoutingTable(): [LoRaMesher] 2 - DE6C via F02C metric 3 Role 0
20:07:46.773 > [1806180][I][RoutingTableService.cpp:206] printRoutingTable(): [LoRaMesher] 3 - B3F0 via C998 metric 2 Role 0
20:07:46.783 > [1806190][I][RoutingTableService.cpp:206] printRoutingTable(): [LoRaMesher] 4 - C998 via C998 metric 1 Role 0
20:07:49.489 > [1808897][V][LoraMesher.cpp:598] sendHelloPacket(): [LoRaMesher] Creating Routing Packet
20:07:49.498 > [1808904][V][LoraMesher.cpp:599] sendHelloPacket(): [LoRaMesher] Stack space unused after entering the task: 2168
20:07:49.508 > [1808915][V][LoraMesher.cpp:600] sendHelloPacket(): [LoRaMesher] Free heap: 335848
20:07:49.515 > [1808922][V][PacketFactory.h:45] createPacket(): [LoRaMesher] Creating packet with 28 bytes
20:07:49.523 > [1808930][I][PacketFactory.h:74] createPacket(): [LoRaMesher] Packet created with 28 bytes
20:07:49.531 > [1808938][I][LoraMesher.h:659] setPackedForSend(): [LoRaMesher] Adding packet to Q_SP
20:07:49.539 > [1808946][I][LoraMesher.h:661] setPackedForSend(): [LoRaMesher] Created packet to Q_SP
20:07:49.547 > [1808954][I][LoraMesher.cpp:1061] addToSendOrderedAndNotify(): [LoRaMesher] Added packet to Q_SP, notifying sender task
20:07:49.557 > [1808964][V][LoraMesher.cpp:511] sendPackets(): [LoRaMesher] Stack space unused after entering the task: 2052
20:07:49.567 > [1808974][V][LoraMesher.cpp:512] sendPackets(): [LoRaMesher] Free heap: 335736
20:07:49.574 > [1808981][V][LoraMesher.cpp:518] sendPackets(): [LoRaMesher] Size of Send Packets Queue: 1
20:07:49.582 > [1808989][V][LoraMesher.cpp:525] sendPackets(): [LoRaMesher] Send n. 15
20:07:49.588 > [1808995][V][LoraMesher.cpp:455] waitBeforeSend(): [LoRaMesher] RandomDelay 666 ms
20:07:50.261 > [1809669][V][LoraMesher.cpp:754] printHeaderPacket(): [LoRaMesher] Packet send -- Size: 28 Src: D110 Dst: FFFF Id: 16 Type: 4 Via: 0 Seq_Id: 0 Num: 0
20:07:50.373 > [1809780][V][LoraMesher.cpp:575] sendPackets(): [LoRaMesher] TimeOnAir 85 ms, next message in 0 ms
20:07:50.382 > [1809789][I][PacketQueueService.h:80] deleteQueuePacketAndPacket(): [LoRaMesher] Deleting packet
20:07:50.390 > [1809797][I][PacketQueueService.h:83] deleteQueuePacketAndPacket(): [LoRaMesher] Deleting packet queue
20:07:51.821 > [1811229][V][LoraMesher.cpp:378] receivingRoutine(): [LoRaMesher] Stack space unused after entering the task: 2064
20:07:51.832 > [1811239][V][LoraMesher.cpp:379] receivingRoutine(): [LoRaMesher] Free heap: 335848
20:07:51.841 > [1811247][I][PacketService.cpp:12] createEmptyPacket(): [LoRaMesher] Packet created with 28 bytes
20:07:51.849 > [1811256][I][LoraMesher.cpp:392] receivingRoutine(): [LoRaMesher] Receiving LoRa packet: Size: 28 bytes RSSI: -13 SNR: 12
20:07:51.860 > [1811267][V][LoraMesher.cpp:647] processPackets(): [LoRaMesher] Size of Received Packets Queue: 1
20:07:51.869 > [1811276][I][PacketQueueService.h:80] deleteQueuePacketAndPacket(): [LoRaMesher] Deleting packet
20:07:51.877 > [1811284][I][PacketQueueService.h:83] deleteQueuePacketAndPacket(): [LoRaMesher] Deleting packet queue
20:07:51.886 > [1811293][V][LoraMesher.cpp:658] processPackets(): [LoRaMesher] TESTING: Packet not for me, deleting it
20:07:51.896 > [1811302][V][LoraMesher.cpp:641] processPackets(): [LoRaMesher] Stack space unused after entering the task: 2024
20:07:51.905 > [1811313][V][LoraMesher.cpp:642] processPackets(): [LoRaMesher] Free heap: 335848
20:07:59.387 > [1818794][V][LoraMesher.cpp:378] receivingRoutine(): [LoRaMesher] Stack space unused after entering the task: 2064
20:07:59.397 > [1818804][V][LoraMesher.cpp:379] receivingRoutine(): [LoRaMesher] Free heap: 335848
20:07:59.405 > [1818812][I][PacketService.cpp:12] createEmptyPacket(): [LoRaMesher] Packet created with 28 bytes
20:07:59.414 > [1818821][I][LoraMesher.cpp:392] receivingRoutine(): [LoRaMesher] Receiving LoRa packet: Size: 28 bytes RSSI: -30 SNR: 13
20:07:59.425 > [1818832][V][LoraMesher.cpp:647] processPackets(): [LoRaMesher] Size of Received Packets Queue: 1
20:07:59.434 > [1818841][V][LoraMesher.cpp:754] printHeaderPacket(): [LoRaMesher] Packet received -- Size: 28 Src: C998 Dst: FFFF Id: 6 Type: 4 Via: 0 Seq_Id: 0 Num: 0
20:07:59.447 > [1818854][I][RoutingTableService.cpp:77] processRoute(): [LoRaMesher] Route packet from C998 with size 5
20:07:59.457 > [1818864][I][RoutingTableService.cpp:99] resetReceiveSNRRoutePacket(): [LoRaMesher] Reset Receive SNR from C998: 13
20:07:59.467 > [1818874][I][RoutingTableService.cpp:192] printRoutingTable(): [LoRaMesher] Current routing table:
20:07:59.476 > [1818883][I][RoutingTableService.cpp:206] printRoutingTable(): [LoRaMesher] 0 - F02C via F02C metric 1 Role 0
20:07:59.485 > [1818893][I][RoutingTableService.cpp:206] printRoutingTable(): [LoRaMesher] 1 - AFC0 via F02C metric 2 Role 0
20:07:59.495 > [1818902][I][RoutingTableService.cpp:206] printRoutingTable(): [LoRaMesher] 2 - DE6C via F02C metric 3 Role 0
20:07:59.505 > [1818912][I][RoutingTableService.cpp:206] printRoutingTable(): [LoRaMesher] 3 - B3F0 via C998 metric 2 Role 0
20:07:59.515 > [1818922][I][RoutingTableService.cpp:206] printRoutingTable(): [LoRaMesher] 4 - C998 via C998 metric 1 Role 0
20:07:59.524 > [1818931][I][PacketQueueService.h:80] deleteQueuePacketAndPacket(): [LoRaMesher] Deleting packet
20:07:59.533 > [1818940][I][PacketQueueService.h:83] deleteQueuePacketAndPacket(): [LoRaMesher] Deleting packet queue
20:07:59.542 > [1818949][V][LoraMesher.cpp:641] processPackets(): [LoRaMesher] Stack space unused after entering the task: 2024
20:07:59.552 > [1818959][V][LoraMesher.cpp:642] processPackets(): [LoRaMesher] Free heap: 335848
20:08:01.916 > [1821323][V][LoraMesher.cpp:378] receivingRoutine(): [LoRaMesher] Stack space unused after entering the task: 2064
20:08:01.927 > [1821333][V][LoraMesher.cpp:379] receivingRoutine(): [LoRaMesher] Free heap: 335848
20:08:01.934 > [1821341][I][PacketService.cpp:12] createEmptyPacket(): [LoRaMesher] Packet created with 17 bytes
20:08:01.943 > [1821350][I][LoraMesher.cpp:392] receivingRoutine(): [LoRaMesher] Receiving LoRa packet: Size: 17 bytes RSSI: -11 SNR: 13
20:08:01.954 > [1821361][V][LoraMesher.cpp:647] processPackets(): [LoRaMesher] Size of Received Packets Queue: 1
20:08:01.963 > [1821370][I][PacketQueueService.h:80] deleteQueuePacketAndPacket(): [LoRaMesher] Deleting packet
20:08:01.972 > [1821378][I][PacketQueueService.h:83] deleteQueuePacketAndPacket(): [LoRaMesher] Deleting packet queue
20:08:01.980 > [1821387][V][LoraMesher.cpp:658] processPackets(): [LoRaMesher] TESTING: Packet not for me, deleting it
20:08:01.990 > [1821396][V][LoraMesher.cpp:641] processPackets(): [LoRaMesher] Stack space unused after entering the task: 2024
20:08:01.999 > [1821407][V][LoraMesher.cpp:642] processPackets(): [LoRaMesher] Free heap: 335848
20:08:02.572 > [1821979][V][LoraMesher.cpp:378] receivingRoutine(): [LoRaMesher] Stack space unused after entering the task: 2064
20:08:02.583 > [1821989][V][LoraMesher.cpp:379] receivingRoutine(): [LoRaMesher] Free heap: 335848
20:08:02.590 > [1821997][I][PacketService.cpp:12] createEmptyPacket(): [LoRaMesher] Packet created with 17 bytes
20:08:02.599 > [1822006][I][LoraMesher.cpp:392] receivingRoutine(): [LoRaMesher] Receiving LoRa packet: Size: 17 bytes RSSI: -29 SNR: 13
20:08:02.610 > [1822017][V][LoraMesher.cpp:647] processPackets(): [LoRaMesher] Size of Received Packets Queue: 1
20:08:02.620 > [1822026][V][LoraMesher.cpp:754] printHeaderPacket(): [LoRaMesher] Packet received -- Size: 17 Src: B3F0 Dst: D110 Id: 108 Type: 2 Via: D110 Seq_Id: 0 Num: 0
20:08:02.633 > [1822040][I][LoraMesher.cpp:854] processDataPacket(): [LoRaMesher] Data packet from B3F0, destination D110, via D110
20:08:02.644 > [1822050][V][LoraMesher.cpp:857] processDataPacket(): [LoRaMesher] Data packet from B3F0 for me
20:08:02.651 > [1822058][V][LoraMesher.cpp:893] processDataPacketForMe(): [LoRaMesher] Data Packet received
20:08:02.661 > [1822067][I][PacketQueueService.h:80] deleteQueuePacketAndPacket(): [LoRaMesher] Deleting packet
20:08:02.669 > [1822075][I][PacketQueueService.h:83] deleteQueuePacketAndPacket(): [LoRaMesher] Deleting packet queue
20:08:02.678 > [1822084][V][LoraMesher.cpp:641] processPackets(): [LoRaMesher] Stack space unused after entering the task: 2024
20:08:02.688 > [1822094][V][LoraMesher.cpp:642] processPackets(): [LoRaMesher] Free heap: 335788
20:08:02.859 > ReceivedUserData_TaskHandle notify received
20:08:02.864 > Queue receiveUserData size: 1
20:08:02.867 > Packet arrived from B3F0 with size 8
20:08:02.870 > DATA:92 b3f0
