19:38:12.432 > [ 32002][V][LoraMesher.cpp:378] receivingRoutine(): [LoRaMesher] Stack space unused after entering the task: 2348
19:38:12.443 > [ 32012][V][LoraMesher.cpp:379] receivingRoutine(): [LoRaMesher] Free heap: 336728
19:38:12.450 > [ 32020][I][PacketService.cpp:12] createEmptyPacket(): [LoRaMesher] Packet created with 17 bytes
19:38:12.459 > [ 32028][I][LoraMesher.cpp:392] receivingRoutine(): [LoRaMesher] Receiving LoRa packet: Size: 17 bytes RSSI: -29 SNR: 13
19:38:12.470 > [ 32039][V][LoraMesher.cpp:647] processPackets(): [LoRaMesher] Size of Received Packets Queue: 1
19:38:12.479 > [ 32048][I][PacketQueueService.h:80] deleteQueuePacketAndPacket(): [LoRaMesher] Deleting packet
19:38:12.487 > [ 32057][I][PacketQueueService.h:83] deleteQueuePacketAndPacket(): [LoRaMesher] Deleting packet queue
19:38:12.496 > [ 32066][V][LoraMesher.cpp:658] processPackets(): [LoRaMesher] TESTING: Packet not for me, deleting it
19:38:12.505 > [ 32075][V][LoraMesher.cpp:641] processPackets(): [LoRaMesher] Stack space unused after entering the task: 2360
19:38:12.515 > [ 32085][V][LoraMesher.cpp:642] processPackets(): [LoRaMesher] Free heap: 336728
19:38:32.638 > [ 52203][V][LoraMesher.cpp:378] receivingRoutine(): [LoRaMesher] Stack space unused after entering the task: 2104
19:38:32.649 > [ 52213][V][LoraMesher.cpp:379] receivingRoutine(): [LoRaMesher] Free heap: 336728
19:38:32.657 > [ 52221][I][PacketService.cpp:12] createEmptyPacket(): [LoRaMesher] Packet created with 17 bytes
19:38:32.665 > [ 52229][I][LoraMesher.cpp:392] receivingRoutine(): [LoRaMesher] Receiving LoRa packet: Size: 17 bytes RSSI: -9 SNR: 13
19:38:32.677 > [ 52240][V][LoraMesher.cpp:647] processPackets(): [LoRaMesher] Size of Received Packets Queue: 1
19:38:32.686 > [ 52249][I][PacketQueueService.h:80] deleteQueuePacketAndPacket(): [LoRaMesher] Deleting packet
19:38:32.694 > [ 52257][I][PacketQueueService.h:83] deleteQueuePacketAndPacket(): [LoRaMesher] Deleting packet queue
19:38:32.703 > [ 52266][V][LoraMesher.cpp:658] processPackets(): [LoRaMesher] TESTING: Packet not for me, deleting it
19:38:32.712 > [ 52276][V][LoraMesher.cpp:641] processPackets(): [LoRaMesher] Stack space unused after entering the task: 2232
19:38:32.721 > [ 52286][V][LoraMesher.cpp:642] processPackets(): [LoRaMesher] Free heap: 336728
19:38:52.843 > [ 72404][V][LoraMesher.cpp:378] receivingRoutine(): [LoRaMesher] Stack space unused after entering the task: 2104
19:38:52.853 > [ 72414][V][LoraMesher.cpp:379] receivingRoutine(): [LoRaMesher] Free heap: 336728
19:38:52.860 > [ 72421][I][PacketService.cpp:12] createEmptyPacket(): [LoRaMesher] Packet created with 17 bytes
19:38:52.869 > [ 72430][I][LoraMesher.cpp:392] receivingRoutine(): [LoRaMesher] Receiving LoRa packet: Size: 17 bytes RSSI: -10 SNR: 13
19:38:52.880 > [ 72441][V][LoraMesher.cpp:647] processPackets(): [LoRaMesher] Size of Received Packets Queue: 1
19:38:52.889 > [ 72450][I][PacketQueueService.h:80] deleteQueuePacketAndPacket(): [LoRaMesher] Deleting packet
19:38:52.897 > [ 72459][I][PacketQueueService.h:83] deleteQueuePacketAndPacket(): [LoRaMesher] Deleting packet queue
19:38:52.906 > [ 72468][V][LoraMesher.cpp:658] processPackets(): [LoRaMesher] TESTING: Packet not for me, deleting it
19:38:52.916 > [ 72477][V][LoraMesher.cpp:641] processPackets(): [LoRaMesher] Stack space unused after entering the task: 2232
19:38:52.926 > [ 72487][V][LoraMesher.cpp:642] processPackets(): [LoRaMesher] Free heap: 336728
19:39:13.047 > [ 92605][V][LoraMesher.cpp:378] receivingRoutine(): [LoRaMesher] Stack space unused after entering the task: 2104
19:39:13.057 > [ 92615][V][LoraMesher.cpp:379] receivingRoutine(): [LoRaMesher] Free heap: 336728
19:39:13.065 > [ 92622][I][PacketService.cpp:12] createEmptyPacket(): [LoRaMesher] Packet created with 17 bytes
19:39:13.074 > [ 92631][I][LoraMesher.cpp:392] receivingRoutine(): [LoRaMesher] Receiving LoRa packet: Size: 17 bytes RSSI: -10 SNR: 13
19:39:13.085 > [ 92642][V][LoraMesher.cpp:647] processPackets(): [LoRaMesher] Size of Received Packets Queue: 1
19:39:13.094 > [ 92651][I][PacketQueueService.h:80] deleteQueuePacketAndPacket(): [LoRaMesher] Deleting packet
19:39:13.102 > [ 92660][I][PacketQueueService.h:83] deleteQueuePacketAndPacket(): [LoRaMesher] Deleting packet queue
19:39:13.111 > [ 92669][V][LoraMesher.cpp:658] processPackets(): [LoRaMesher] TESTING: Packet not for me, deleting it
19:39:13.120 > [ 92678][V][LoraMesher.cpp:641] processPackets(): [LoRaMesher] Stack space unused after entering the task: 2232
19:39:13.130 > [ 92688][V][LoraMesher.cpp:642] processPackets(): [LoRaMesher] Free heap: 336728
19:39:13.825 > [ 93383][V][LoraMesher.cpp:378] receivingRoutine(): [LoRaMesher] Stack space unused after entering the task: 2104
19:39:13.836 > [ 93393][V][LoraMesher.cpp:379] receivingRoutine(): [LoRaMesher] Free heap: 336728
19:39:13.843 > [ 93401][I][PacketService.cpp:12] createEmptyPacket(): [LoRaMesher] Packet created with 8 bytes
19:39:13.852 > [ 93409][I][LoraMesher.cpp:392] receivingRoutine(): [LoRaMesher] Receiving LoRa packet: Size: 8 bytes RSSI: -11 SNR: 13
19:39:13.863 > [ 93420][V][LoraMesher.cpp:647] processPackets(): [LoRaMesher] Size of Received Packets Queue: 1
19:39:13.871 > [ 93429][I][PacketQueueService.h:80] deleteQueuePacketAndPacket(): [LoRaMesher] Deleting packet
19:39:13.880 > [ 93437][I][PacketQueueService.h:83] deleteQueuePacketAndPacket(): [LoRaMesher] Deleting packet queue
19:39:13.889 > [ 93446][V][LoraMesher.cpp:658] processPackets(): [LoRaMesher] TESTING: Packet not for me, deleting it
19:39:13.898 > [ 93455][V][LoraMesher.cpp:641] processPackets(): [LoRaMesher] Stack space unused after entering the task: 2232
19:39:13.908 > [ 93465][V][LoraMesher.cpp:642] processPackets(): [LoRaMesher] Free heap: 336728
19:39:33.250 > [112806][V][LoraMesher.cpp:378] receivingRoutine(): [LoRaMesher] Stack space unused after entering the task: 2104
19:39:33.260 > [112816][V][LoraMesher.cpp:379] receivingRoutine(): [LoRaMesher] Free heap: 336728
19:39:33.268 > [112823][I][PacketService.cpp:12] createEmptyPacket(): [LoRaMesher] Packet created with 17 bytes
19:39:33.277 > [112832][I][LoraMesher.cpp:392] receivingRoutine(): [LoRaMesher] Receiving LoRa packet: Size: 17 bytes RSSI: -11 SNR: 13
19:39:33.288 > [112843][V][LoraMesher.cpp:647] processPackets(): [LoRaMesher] Size of Received Packets Queue: 1
19:39:33.296 > [112852][I][PacketQueueService.h:80] deleteQueuePacketAndPacket(): [LoRaMesher] Deleting packet
19:39:33.305 > [112860][I][PacketQueueService.h:83] deleteQueuePacketAndPacket(): [LoRaMesher] Deleting packet queue
19:39:33.314 > [112869][V][LoraMesher.cpp:658] processPackets(): [LoRaMesher] TESTING: Packet not for me, deleting it
19:39:33.323 > [112879][V][LoraMesher.cpp:641] processPackets(): [LoRaMesher] Stack space unused after entering the task: 2232
19:39:33.333 > [112889][V][LoraMesher.cpp:642] processPackets(): [LoRaMesher] Free heap: 336728
19:39:48.397 > [127952][V][LoraMesher.cpp:598] sendHelloPacket(): [LoRaMesher] Creating Routing Packet
19:39:48.406 > [127960][V][LoraMesher.cpp:599] sendHelloPacket(): [LoRaMesher] Stack space unused after entering the task: 2332
19:39:48.416 > [127970][V][LoraMesher.cpp:600] sendHelloPacket(): [LoRaMesher] Free heap: 336728
19:39:48.423 > [127977][V][PacketFactory.h:45] createPacket(): [LoRaMesher] Creating packet with 8 bytes
19:39:48.431 > [127985][I][PacketFactory.h:74] createPacket(): [LoRaMesher] Packet created with 8 bytes
19:39:48.439 > [127993][I][LoraMesher.h:659] setPackedForSend(): [LoRaMesher] Adding packet to Q_SP
19:39:48.446 > [128000][I][LoraMesher.h:661] setPackedForSend(): [LoRaMesher] Created packet to Q_SP
19:39:48.454 > [128008][I][LoraMesher.cpp:1061] addToSendOrderedAndNotify(): [LoRaMesher] Added packet to Q_SP, notifying sender task
19:39:48.465 > [128019][V][LoraMesher.cpp:511] sendPackets(): [LoRaMesher] Stack space unused after entering the task: 2260
19:39:48.474 > [128028][V][LoraMesher.cpp:512] sendPackets(): [LoRaMesher] Free heap: 336644
19:39:48.481 > [128035][V][LoraMesher.cpp:518] sendPackets(): [LoRaMesher] Size of Send Packets Queue: 1
19:39:48.489 > [128043][V][LoraMesher.cpp:525] sendPackets(): [LoRaMesher] Send n. 1
19:39:48.495 > [128049][V][LoraMesher.cpp:754] printHeaderPacket(): [LoRaMesher] Packet send -- Size: 8 Src: F02C Dst: FFFF Id: 1 Type: 4 Via: 0 Seq_Id: 0 Num: 0
19:39:48.563 > [128118][V][LoraMesher.cpp:575] sendPackets(): [LoRaMesher] TimeOnAir 42 ms, next message in 0 ms
19:39:48.572 > [128126][I][PacketQueueService.h:80] deleteQueuePacketAndPacket(): [LoRaMesher] Deleting packet
19:39:48.581 > [128135][I][PacketQueueService.h:83] deleteQueuePacketAndPacket(): [LoRaMesher] Deleting packet queue
19:39:49.387 > [128941][V][LoraMesher.cpp:378] receivingRoutine(): [LoRaMesher] Stack space unused after entering the task: 2104
19:39:49.397 > [128951][V][LoraMesher.cpp:379] receivingRoutine(): [LoRaMesher] Free heap: 336728
19:39:49.405 > [128959][I][PacketService.cpp:12] createEmptyPacket(): [LoRaMesher] Packet created with 12 bytes
19:39:49.413 > [128967][I][LoraMesher.cpp:392] receivingRoutine(): [LoRaMesher] Receiving LoRa packet: Size: 12 bytes RSSI: -30 SNR: 12
19:39:49.425 > [128979][V][LoraMesher.cpp:647] processPackets(): [LoRaMesher] Size of Received Packets Queue: 1
19:39:49.433 > [128987][I][PacketQueueService.h:80] deleteQueuePacketAndPacket(): [LoRaMesher] Deleting packet
19:39:49.442 > [128996][I][PacketQueueService.h:83] deleteQueuePacketAndPacket(): [LoRaMesher] Deleting packet queue
19:39:49.451 > [129005][V][LoraMesher.cpp:658] processPackets(): [LoRaMesher] TESTING: Packet not for me, deleting it
19:39:49.460 > [129014][V][LoraMesher.cpp:641] processPackets(): [LoRaMesher] Stack space unused after entering the task: 2232
19:39:49.470 > [129024][V][LoraMesher.cpp:642] processPackets(): [LoRaMesher] Free heap: 336728
19:39:53.825 > [133379][V][LoraMesher.cpp:378] receivingRoutine(): [LoRaMesher] Stack space unused after entering the task: 2104
19:39:53.836 > [133389][V][LoraMesher.cpp:379] receivingRoutine(): [LoRaMesher] Free heap: 336728
19:39:53.843 > [133396][I][PacketService.cpp:12] createEmptyPacket(): [LoRaMesher] Packet created with 17 bytes
19:39:53.852 > [133405][I][LoraMesher.cpp:392] receivingRoutine(): [LoRaMesher] Receiving LoRa packet: Size: 17 bytes RSSI: -10 SNR: 13
19:39:53.863 > [133416][V][LoraMesher.cpp:647] processPackets(): [LoRaMesher] Size of Received Packets Queue: 1
19:39:53.872 > [133425][I][PacketQueueService.h:80] deleteQueuePacketAndPacket(): [LoRaMesher] Deleting packet
19:39:53.880 > [133433][I][PacketQueueService.h:83] deleteQueuePacketAndPacket(): [LoRaMesher] Deleting packet queue
19:39:53.889 > [133442][V][LoraMesher.cpp:658] processPackets(): [LoRaMesher] TESTING: Packet not for me, deleting it
19:39:53.898 > [133452][V][LoraMesher.cpp:641] processPackets(): [LoRaMesher] Stack space unused after entering the task: 2232
19:39:53.908 > [133462][V][LoraMesher.cpp:642] processPackets(): [LoRaMesher] Free heap: 336728
19:40:14.388 > [153941][V][LoraMesher.cpp:378] receivingRoutine(): [LoRaMesher] Stack space unused after entering the task: 2104
19:40:14.398 > [153951][V][LoraMesher.cpp:379] receivingRoutine(): [LoRaMesher] Free heap: 336728
19:40:14.406 > [153958][I][PacketService.cpp:12] createEmptyPacket(): [LoRaMesher] Packet created with 17 bytes
19:40:14.415 > [153967][I][LoraMesher.cpp:392] receivingRoutine(): [LoRaMesher] Receiving LoRa packet: Size: 17 bytes RSSI: -11 SNR: 14
19:40:14.426 > [153978][V][LoraMesher.cpp:647] processPackets(): [LoRaMesher] Size of Received Packets Queue: 1
19:40:14.434 > [153987][I][PacketQueueService.h:80] deleteQueuePacketAndPacket(): [LoRaMesher] Deleting packet
19:40:14.443 > [153995][I][PacketQueueService.h:83] deleteQueuePacketAndPacket(): [LoRaMesher] Deleting packet queue
19:40:14.452 > [154004][V][LoraMesher.cpp:658] processPackets(): [LoRaMesher] TESTING: Packet not for me, deleting it
19:40:14.461 > [154014][V][LoraMesher.cpp:641] processPackets(): [LoRaMesher] Stack space unused after entering the task: 2232
19:40:14.471 > [154023][V][LoraMesher.cpp:642] processPackets(): [LoRaMesher] Free heap: 336728
19:40:34.548 > [174100][V][LoraMesher.cpp:378] receivingRoutine(): [LoRaMesher] Stack space unused after entering the task: 2104
19:40:34.558 > [174110][V][LoraMesher.cpp:379] receivingRoutine(): [LoRaMesher] Free heap: 336728
19:40:34.565 > [174117][I][PacketService.cpp:12] createEmptyPacket(): [LoRaMesher] Packet created with 17 bytes
19:40:34.574 > [174126][I][LoraMesher.cpp:392] receivingRoutine(): [LoRaMesher] Receiving LoRa packet: Size: 17 bytes RSSI: -11 SNR: 13
19:40:34.586 > [174137][V][LoraMesher.cpp:647] processPackets(): [LoRaMesher] Size of Received Packets Queue: 1
19:40:34.595 > [174146][I][PacketQueueService.h:80] deleteQueuePacketAndPacket(): [LoRaMesher] Deleting packet
19:40:34.603 > [174154][I][PacketQueueService.h:83] deleteQueuePacketAndPacket(): [LoRaMesher] Deleting packet queue
19:40:34.613 > [174163][V][LoraMesher.cpp:658] processPackets(): [LoRaMesher] TESTING: Packet not for me, deleting it
19:40:34.621 > [174172][V][LoraMesher.cpp:641] processPackets(): [LoRaMesher] Stack space unused after entering the task: 2232
19:40:34.631 > [174182][V][LoraMesher.cpp:642] processPackets(): [LoRaMesher] Free heap: 336728
19:40:54.014 > [193566][V][LoraMesher.cpp:378] receivingRoutine(): [LoRaMesher] Stack space unused after entering the task: 2104
19:40:54.025 > [193576][V][LoraMesher.cpp:379] receivingRoutine(): [LoRaMesher] Free heap: 336728
19:40:54.033 > [193583][I][PacketService.cpp:12] createEmptyPacket(): [LoRaMesher] Packet created with 17 bytes
19:40:54.041 > [193592][I][LoraMesher.cpp:392] receivingRoutine(): [LoRaMesher] Receiving LoRa packet: Size: 17 bytes RSSI: -11 SNR: 13
19:40:54.052 > [193603][V][LoraMesher.cpp:647] processPackets(): [LoRaMesher] Size of Received Packets Queue: 1
19:40:54.061 > [193612][I][PacketQueueService.h:80] deleteQueuePacketAndPacket(): [LoRaMesher] Deleting packet
19:40:54.069 > [193620][I][PacketQueueService.h:83] deleteQueuePacketAndPacket(): [LoRaMesher] Deleting packet queue
19:40:54.078 > [193629][V][LoraMesher.cpp:658] processPackets(): [LoRaMesher] TESTING: Packet not for me, deleting it
19:40:54.087 > [193638][V][LoraMesher.cpp:641] processPackets(): [LoRaMesher] Stack space unused after entering the task: 2216
19:40:54.098 > [193648][V][LoraMesher.cpp:642] processPackets(): [LoRaMesher] Free heap: 336728
19:41:14.206 > [213757][V][LoraMesher.cpp:378] receivingRoutine(): [LoRaMesher] Stack space unused after entering the task: 2104
19:41:14.216 > [213767][V][LoraMesher.cpp:379] receivingRoutine(): [LoRaMesher] Free heap: 336728
19:41:14.224 > [213774][I][PacketService.cpp:12] createEmptyPacket(): [LoRaMesher] Packet created with 17 bytes
19:41:14.232 > [213783][I][LoraMesher.cpp:392] receivingRoutine(): [LoRaMesher] Receiving LoRa packet: Size: 17 bytes RSSI: -11 SNR: 13
19:41:14.244 > [213794][V][LoraMesher.cpp:647] processPackets(): [LoRaMesher] Size of Received Packets Queue: 1
19:41:14.252 > [213803][I][PacketQueueService.h:80] deleteQueuePacketAndPacket(): [LoRaMesher] Deleting packet
19:41:14.261 > [213811][I][PacketQueueService.h:83] deleteQueuePacketAndPacket(): [LoRaMesher] Deleting packet queue
19:41:14.270 > [213820][V][LoraMesher.cpp:658] processPackets(): [LoRaMesher] TESTING: Packet not for me, deleting it
19:41:14.279 > [213829][V][LoraMesher.cpp:641] processPackets(): [LoRaMesher] Stack space unused after entering the task: 2216
19:41:14.289 > [213839][V][LoraMesher.cpp:642] processPackets(): [LoRaMesher] Free heap: 336728
19:41:15.192 > [214743][V][LoraMesher.cpp:378] receivingRoutine(): [LoRaMesher] Stack space unused after entering the task: 2104
19:41:15.203 > [214753][V][LoraMesher.cpp:379] receivingRoutine(): [LoRaMesher] Free heap: 336728
19:41:15.210 > [214761][I][PacketService.cpp:12] createEmptyPacket(): [LoRaMesher] Packet created with 12 bytes
19:41:15.219 > [214769][I][LoraMesher.cpp:392] receivingRoutine(): [LoRaMesher] Receiving LoRa packet: Size: 12 bytes RSSI: -11 SNR: 13
19:41:15.230 > [214781][V][LoraMesher.cpp:647] processPackets(): [LoRaMesher] Size of Received Packets Queue: 1
19:41:15.239 > [214789][I][PacketQueueService.h:80] deleteQueuePacketAndPacket(): [LoRaMesher] Deleting packet
19:41:15.247 > [214798][I][PacketQueueService.h:83] deleteQueuePacketAndPacket(): [LoRaMesher] Deleting packet queue
19:41:15.256 > [214807][V][LoraMesher.cpp:658] processPackets(): [LoRaMesher] TESTING: Packet not for me, deleting it
19:41:15.265 > [214816][V][LoraMesher.cpp:641] processPackets(): [LoRaMesher] Stack space unused after entering the task: 2216
19:41:15.275 > [214826][V][LoraMesher.cpp:642] processPackets(): [LoRaMesher] Free heap: 336728
19:41:34.416 > [233968][V][LoraMesher.cpp:378] receivingRoutine(): [LoRaMesher] Stack space unused after entering the task: 2104
19:41:34.427 > [233978][V][LoraMesher.cpp:379] receivingRoutine(): [LoRaMesher] Free heap: 336728
19:41:34.435 > [233985][I][PacketService.cpp:12] createEmptyPacket(): [LoRaMesher] Packet created with 17 bytes
19:41:34.443 > [233994][I][LoraMesher.cpp:392] receivingRoutine(): [LoRaMesher] Receiving LoRa packet: Size: 17 bytes RSSI: -11 SNR: 13
19:41:34.455 > [234005][V][LoraMesher.cpp:647] processPackets(): [LoRaMesher] Size of Received Packets Queue: 1
19:41:34.463 > [234014][I][PacketQueueService.h:80] deleteQueuePacketAndPacket(): [LoRaMesher] Deleting packet
19:41:34.471 > [234022][I][PacketQueueService.h:83] deleteQueuePacketAndPacket(): [LoRaMesher] Deleting packet queue
19:41:34.480 > [234031][V][LoraMesher.cpp:658] processPackets(): [LoRaMesher] TESTING: Packet not for me, deleting it
19:41:34.490 > [234040][V][LoraMesher.cpp:641] processPackets(): [LoRaMesher] Stack space unused after entering the task: 2216
19:41:34.499 > [234050][V][LoraMesher.cpp:642] processPackets(): [LoRaMesher] Free heap: 336728
19:41:48.468 > [248019][V][LoraMesher.cpp:598] sendHelloPacket(): [LoRaMesher] Creating Routing Packet
19:41:48.486 > [248027][V][LoraMesher.cpp:599] sendHelloPacket(): [LoRaMesher] Stack space unused after entering the task: 2332
19:41:48.486 > [248037][V][LoraMesher.cpp:600] sendHelloPacket(): [LoRaMesher] Free heap: 336728
19:41:48.494 > [248044][V][PacketFactory.h:45] createPacket(): [LoRaMesher] Creating packet with 8 bytes
19:41:48.501 > [248052][I][PacketFactory.h:74] createPacket(): [LoRaMesher] Packet created with 8 bytes
19:41:48.509 > [248060][I][LoraMesher.h:659] setPackedForSend(): [LoRaMesher] Adding packet to Q_SP
19:41:48.517 > [248067][I][LoraMesher.h:661] setPackedForSend(): [LoRaMesher] Created packet to Q_SP
19:41:48.524 > [248075][I][LoraMesher.cpp:1061] addToSendOrderedAndNotify(): [LoRaMesher] Added packet to Q_SP, notifying sender task
19:41:48.535 > [248086][V][LoraMesher.cpp:511] sendPackets(): [LoRaMesher] Stack space unused after entering the task: 2260
19:41:48.545 > [248095][V][LoraMesher.cpp:512] sendPackets(): [LoRaMesher] Free heap: 336644
19:41:48.551 > [248102][V][LoraMesher.cpp:518] sendPackets(): [LoRaMesher] Size of Send Packets Queue: 1
19:41:48.559 > [248110][V][LoraMesher.cpp:525] sendPackets(): [LoRaMesher] Send n. 2
19:41:48.566 > [248116][V][LoraMesher.cpp:754] printHeaderPacket(): [LoRaMesher] Packet send -- Size: 8 Src: F02C Dst: FFFF Id: 2 Type: 4 Via: 0 Seq_Id: 0 Num: 0
19:41:48.633 > [248185][V][LoraMesher.cpp:575] sendPackets(): [LoRaMesher] TimeOnAir 42 ms, next message in 0 ms
19:41:48.642 > [248193][I][PacketQueueService.h:80] deleteQueuePacketAndPacket(): [LoRaMesher] Deleting packet
19:41:48.651 > [248202][I][PacketQueueService.h:83] deleteQueuePacketAndPacket(): [LoRaMesher] Deleting packet queue
19:41:49.186 > [248737][V][LoraMesher.cpp:378] receivingRoutine(): [LoRaMesher] Stack space unused after entering the task: 2104
19:41:49.197 > [248747][V][LoraMesher.cpp:379] receivingRoutine(): [LoRaMesher] Free heap: 336728
19:41:49.203 > [248755][I][PacketService.cpp:12] createEmptyPacket(): [LoRaMesher] Packet created with 16 bytes
19:41:49.212 > [248763][I][LoraMesher.cpp:392] receivingRoutine(): [LoRaMesher] Receiving LoRa packet: Size: 16 bytes RSSI: -37 SNR: 4
19:41:49.223 > [248774][W][LoraMesher.cpp:403] receivingRoutine(): [LoRaMesher] Reading packet data gave error: -7
19:41:54.598 > [254149][V][LoraMesher.cpp:378] receivingRoutine(): [LoRaMesher] Stack space unused after entering the task: 2104
19:41:54.609 > [254160][V][LoraMesher.cpp:379] receivingRoutine(): [LoRaMesher] Free heap: 336728
19:41:54.616 > [254167][I][PacketService.cpp:12] createEmptyPacket(): [LoRaMesher] Packet created with 17 bytes
19:41:54.626 > [254176][I][LoraMesher.cpp:392] receivingRoutine(): [LoRaMesher] Receiving LoRa packet: Size: 17 bytes RSSI: -11 SNR: 13
19:41:54.636 > [254187][V][LoraMesher.cpp:647] processPackets(): [LoRaMesher] Size of Received Packets Queue: 1
19:41:54.644 > [254196][I][PacketQueueService.h:80] deleteQueuePacketAndPacket(): [LoRaMesher] Deleting packet
19:41:54.654 > [254204][I][PacketQueueService.h:83] deleteQueuePacketAndPacket(): [LoRaMesher] Deleting packet queue
19:41:54.662 > [254213][V][LoraMesher.cpp:658] processPackets(): [LoRaMesher] TESTING: Packet not for me, deleting it
19:41:54.671 > [254222][V][LoraMesher.cpp:641] processPackets(): [LoRaMesher] Stack space unused after entering the task: 2216
19:41:54.681 > [254232][V][LoraMesher.cpp:642] processPackets(): [LoRaMesher] Free heap: 336728
19:42:14.450 > [274001][V][LoraMesher.cpp:378] receivingRoutine(): [LoRaMesher] Stack space unused after entering the task: 2104
19:42:14.460 > [274012][V][LoraMesher.cpp:379] receivingRoutine(): [LoRaMesher] Free heap: 336728
19:42:14.468 > [274019][I][PacketService.cpp:12] createEmptyPacket(): [LoRaMesher] Packet created with 17 bytes
19:42:14.476 > [274028][I][LoraMesher.cpp:392] receivingRoutine(): [LoRaMesher] Receiving LoRa packet: Size: 17 bytes RSSI: -12 SNR: 12
19:42:14.487 > [274039][V][LoraMesher.cpp:647] processPackets(): [LoRaMesher] Size of Received Packets Queue: 1
19:42:14.496 > [274048][I][PacketQueueService.h:80] deleteQueuePacketAndPacket(): [LoRaMesher] Deleting packet
19:42:14.505 > [274056][I][PacketQueueService.h:83] deleteQueuePacketAndPacket(): [LoRaMesher] Deleting packet queue
19:42:14.514 > [274065][V][LoraMesher.cpp:658] processPackets(): [LoRaMesher] TESTING: Packet not for me, deleting it
19:42:14.523 > [274074][V][LoraMesher.cpp:641] processPackets(): [LoRaMesher] Stack space unused after entering the task: 2216
19:42:14.533 > [274084][V][LoraMesher.cpp:642] processPackets(): [LoRaMesher] Free heap: 336728
19:42:34.689 > [294241][V][LoraMesher.cpp:378] receivingRoutine(): [LoRaMesher] Stack space unused after entering the task: 2104
19:42:34.700 > [294252][V][LoraMesher.cpp:379] receivingRoutine(): [LoRaMesher] Free heap: 336728
19:42:34.707 > [294259][I][PacketService.cpp:12] createEmptyPacket(): [LoRaMesher] Packet created with 17 bytes
19:42:34.716 > [294268][I][LoraMesher.cpp:392] receivingRoutine(): [LoRaMesher] Receiving LoRa packet: Size: 17 bytes RSSI: -13 SNR: 13
19:42:34.727 > [294279][V][LoraMesher.cpp:647] processPackets(): [LoRaMesher] Size of Received Packets Queue: 1
19:42:34.736 > [294288][I][PacketQueueService.h:80] deleteQueuePacketAndPacket(): [LoRaMesher] Deleting packet
19:42:34.744 > [294296][I][PacketQueueService.h:83] deleteQueuePacketAndPacket(): [LoRaMesher] Deleting packet queue
19:42:34.753 > [294305][V][LoraMesher.cpp:658] processPackets(): [LoRaMesher] TESTING: Packet not for me, deleting it
19:42:34.762 > [294314][V][LoraMesher.cpp:641] processPackets(): [LoRaMesher] Stack space unused after entering the task: 2216
19:42:34.772 > [294324][V][LoraMesher.cpp:642] processPackets(): [LoRaMesher] Free heap: 336728
19:42:54.564 > [314117][V][LoraMesher.cpp:378] receivingRoutine(): [LoRaMesher] Stack space unused after entering the task: 2104
19:42:54.575 > [314127][V][LoraMesher.cpp:379] receivingRoutine(): [LoRaMesher] Free heap: 336728
19:42:54.583 > [314135][I][PacketService.cpp:12] createEmptyPacket(): [LoRaMesher] Packet created with 17 bytes
19:42:54.592 > [314144][I][LoraMesher.cpp:392] receivingRoutine(): [LoRaMesher] Receiving LoRa packet: Size: 17 bytes RSSI: -12 SNR: 12
19:42:54.603 > [314155][V][LoraMesher.cpp:647] processPackets(): [LoRaMesher] Size of Received Packets Queue: 1
19:42:54.611 > [314164][I][PacketQueueService.h:80] deleteQueuePacketAndPacket(): [LoRaMesher] Deleting packet
19:42:54.620 > [314172][I][PacketQueueService.h:83] deleteQueuePacketAndPacket(): [LoRaMesher] Deleting packet queue
19:42:54.629 > [314181][V][LoraMesher.cpp:658] processPackets(): [LoRaMesher] TESTING: Packet not for me, deleting it
19:42:54.638 > [314190][V][LoraMesher.cpp:641] processPackets(): [LoRaMesher] Stack space unused after entering the task: 2216
19:42:54.648 > [314200][V][LoraMesher.cpp:642] processPackets(): [LoRaMesher] Free heap: 336728
19:43:14.287 > [333841][V][LoraMesher.cpp:378] receivingRoutine(): [LoRaMesher] Stack space unused after entering the task: 2104
19:43:14.297 > [333851][V][LoraMesher.cpp:379] receivingRoutine(): [LoRaMesher] Free heap: 336728
19:43:14.305 > [333858][I][PacketService.cpp:12] createEmptyPacket(): [LoRaMesher] Packet created with 12 bytes
19:43:14.314 > [333867][I][LoraMesher.cpp:392] receivingRoutine(): [LoRaMesher] Receiving LoRa packet: Size: 12 bytes RSSI: -13 SNR: 12
19:43:14.325 > [333878][V][LoraMesher.cpp:647] processPackets(): [LoRaMesher] Size of Received Packets Queue: 1
19:43:14.333 > [333887][I][PacketQueueService.h:80] deleteQueuePacketAndPacket(): [LoRaMesher] Deleting packet
19:43:14.342 > [333895][I][PacketQueueService.h:83] deleteQueuePacketAndPacket(): [LoRaMesher] Deleting packet queue
19:43:14.351 > [333904][V][LoraMesher.cpp:658] processPackets(): [LoRaMesher] TESTING: Packet not for me, deleting it
19:43:14.360 > [333914][V][LoraMesher.cpp:641] processPackets(): [LoRaMesher] Stack space unused after entering the task: 2216
19:43:14.370 > [333923][V][LoraMesher.cpp:642] processPackets(): [LoRaMesher] Free heap: 336728
19:43:15.333 > [334886][V][LoraMesher.cpp:378] receivingRoutine(): [LoRaMesher] Stack space unused after entering the task: 2104
19:43:15.343 > [334896][V][LoraMesher.cpp:379] receivingRoutine(): [LoRaMesher] Free heap: 336728
19:43:15.350 > [334904][I][PacketService.cpp:12] createEmptyPacket(): [LoRaMesher] Packet created with 17 bytes
19:43:15.359 > [334913][I][LoraMesher.cpp:392] receivingRoutine(): [LoRaMesher] Receiving LoRa packet: Size: 17 bytes RSSI: -14 SNR: 14
19:43:15.370 > [334924][V][LoraMesher.cpp:647] processPackets(): [LoRaMesher] Size of Received Packets Queue: 1
19:43:15.379 > [334933][I][PacketQueueService.h:80] deleteQueuePacketAndPacket(): [LoRaMesher] Deleting packet
19:43:15.387 > [334941][I][PacketQueueService.h:83] deleteQueuePacketAndPacket(): [LoRaMesher] Deleting packet queue
19:43:15.396 > [334950][V][LoraMesher.cpp:658] processPackets(): [LoRaMesher] TESTING: Packet not for me, deleting it
19:43:15.406 > [334959][V][LoraMesher.cpp:641] processPackets(): [LoRaMesher] Stack space unused after entering the task: 2216
19:43:15.416 > [334969][V][LoraMesher.cpp:642] processPackets(): [LoRaMesher] Free heap: 336728
19:43:34.952 > [354506][V][LoraMesher.cpp:378] receivingRoutine(): [LoRaMesher] Stack space unused after entering the task: 2104
19:43:34.962 > [354516][V][LoraMesher.cpp:379] receivingRoutine(): [LoRaMesher] Free heap: 336728
19:43:34.970 > [354524][I][PacketService.cpp:12] createEmptyPacket(): [LoRaMesher] Packet created with 17 bytes
19:43:34.979 > [354533][I][LoraMesher.cpp:392] receivingRoutine(): [LoRaMesher] Receiving LoRa packet: Size: 17 bytes RSSI: -13 SNR: 12
19:43:34.990 > [354544][V][LoraMesher.cpp:647] processPackets(): [LoRaMesher] Size of Received Packets Queue: 1
19:43:34.999 > [354552][I][PacketQueueService.h:80] deleteQueuePacketAndPacket(): [LoRaMesher] Deleting packet
19:43:35.007 > [354561][I][PacketQueueService.h:83] deleteQueuePacketAndPacket(): [LoRaMesher] Deleting packet queue
19:43:35.016 > [354570][V][LoraMesher.cpp:658] processPackets(): [LoRaMesher] TESTING: Packet not for me, deleting it
19:43:35.025 > [354579][V][LoraMesher.cpp:641] processPackets(): [LoRaMesher] Stack space unused after entering the task: 2216
19:43:35.035 > [354589][V][LoraMesher.cpp:642] processPackets(): [LoRaMesher] Free heap: 336728
19:43:48.530 > [368086][V][LoraMesher.cpp:598] sendHelloPacket(): [LoRaMesher] Creating Routing Packet
19:43:48.539 > [368094][V][LoraMesher.cpp:599] sendHelloPacket(): [LoRaMesher] Stack space unused after entering the task: 2332
19:43:48.549 > [368104][V][LoraMesher.cpp:600] sendHelloPacket(): [LoRaMesher] Free heap: 336728
19:43:48.556 > [368111][V][PacketFactory.h:45] createPacket(): [LoRaMesher] Creating packet with 8 bytes
19:43:48.564 > [368119][I][PacketFactory.h:74] createPacket(): [LoRaMesher] Packet created with 8 bytes
19:43:48.572 > [368127][I][LoraMesher.h:659] setPackedForSend(): [LoRaMesher] Adding packet to Q_SP
19:43:48.579 > [368134][I][LoraMesher.h:661] setPackedForSend(): [LoRaMesher] Created packet to Q_SP
19:43:48.587 > [368142][I][LoraMesher.cpp:1061] addToSendOrderedAndNotify(): [LoRaMesher] Added packet to Q_SP, notifying sender task
19:43:48.597 > [368153][V][LoraMesher.cpp:511] sendPackets(): [LoRaMesher] Stack space unused after entering the task: 2260
19:43:48.607 > [368162][V][LoraMesher.cpp:512] sendPackets(): [LoRaMesher] Free heap: 336644
19:43:48.614 > [368169][V][LoraMesher.cpp:518] sendPackets(): [LoRaMesher] Size of Send Packets Queue: 1
19:43:48.622 > [368177][V][LoraMesher.cpp:525] sendPackets(): [LoRaMesher] Send n. 3
19:43:48.628 > [368183][V][LoraMesher.cpp:754] printHeaderPacket(): [LoRaMesher] Packet send -- Size: 8 Src: F02C Dst: FFFF Id: 3 Type: 4 Via: 0 Seq_Id: 0 Num: 0
19:43:48.696 > [368252][V][LoraMesher.cpp:575] sendPackets(): [LoRaMesher] TimeOnAir 42 ms, next message in 0 ms
19:43:48.705 > [368260][I][PacketQueueService.h:80] deleteQueuePacketAndPacket(): [LoRaMesher] Deleting packet
19:43:48.714 > [368269][I][PacketQueueService.h:83] deleteQueuePacketAndPacket(): [LoRaMesher] Deleting packet queue
19:43:49.080 > [368636][V][LoraMesher.cpp:378] receivingRoutine(): [LoRaMesher] Stack space unused after entering the task: 2104
19:43:49.091 > [368646][V][LoraMesher.cpp:379] receivingRoutine(): [LoRaMesher] Free heap: 336728
19:43:49.098 > [368653][I][PacketService.cpp:12] createEmptyPacket(): [LoRaMesher] Packet created with 12 bytes
19:43:49.107 > [368662][I][LoraMesher.cpp:392] receivingRoutine(): [LoRaMesher] Receiving LoRa packet: Size: 12 bytes RSSI: -31 SNR: 12
19:43:49.118 > [368673][V][LoraMesher.cpp:647] processPackets(): [LoRaMesher] Size of Received Packets Queue: 1
19:43:49.127 > [368682][I][PacketQueueService.h:80] deleteQueuePacketAndPacket(): [LoRaMesher] Deleting packet
19:43:49.135 > [368690][I][PacketQueueService.h:83] deleteQueuePacketAndPacket(): [LoRaMesher] Deleting packet queue
19:43:49.144 > [368699][V][LoraMesher.cpp:658] processPackets(): [LoRaMesher] TESTING: Packet not for me, deleting it
19:43:49.153 > [368708][V][LoraMesher.cpp:641] processPackets(): [LoRaMesher] Stack space unused after entering the task: 2216
19:43:49.163 > [368718][V][LoraMesher.cpp:642] processPackets(): [LoRaMesher] Free heap: 336728
19:43:49.899 > [369455][V][LoraMesher.cpp:378] receivingRoutine(): [LoRaMesher] Stack space unused after entering the task: 2104
19:43:49.910 > [369465][V][LoraMesher.cpp:379] receivingRoutine(): [LoRaMesher] Free heap: 336728
19:43:49.917 > [369472][I][PacketService.cpp:12] createEmptyPacket(): [LoRaMesher] Packet created with 20 bytes
19:43:49.926 > [369481][I][LoraMesher.cpp:392] receivingRoutine(): [LoRaMesher] Receiving LoRa packet: Size: 20 bytes RSSI: -63 SNR: 11
19:43:49.937 > [369492][V][LoraMesher.cpp:647] processPackets(): [LoRaMesher] Size of Received Packets Queue: 1
19:43:49.946 > [369501][V][LoraMesher.cpp:754] printHeaderPacket(): [LoRaMesher] Packet received -- Size: 20 Src: AFC0 Dst: FFFF Id: 3 Type: 4 Via: 0 Seq_Id: 0 Num: 0
19:43:49.959 > [369514][I][RoutingTableService.cpp:77] processRoute(): [LoRaMesher] Route packet from AFC0 with size 3
19:43:49.969 > [369524][I][RoutingTableService.cpp:156] addNodeToRoutingTable(): [LoRaMesher] New route added: AFC0 via AFC0 metric 1, role 0
19:43:49.980 > [369535][I][RoutingTableService.cpp:99] resetReceiveSNRRoutePacket(): [LoRaMesher] Reset Receive SNR from AFC0: 11
19:43:49.990 > [369545][I][RoutingTableService.cpp:156] addNodeToRoutingTable(): [LoRaMesher] New route added: DE6C via AFC0 metric 2, role 0
19:43:50.001 > [369556][I][RoutingTableService.cpp:156] addNodeToRoutingTable(): [LoRaMesher] New route added: B3F0 via AFC0 metric 3, role 0
19:43:50.012 > [369567][I][RoutingTableService.cpp:192] printRoutingTable(): [LoRaMesher] Current routing table:
19:43:50.021 > [369576][I][RoutingTableService.cpp:206] printRoutingTable(): [LoRaMesher] 0 - AFC0 via AFC0 metric 1 Role 0
19:43:50.031 > [369586][I][RoutingTableService.cpp:206] printRoutingTable(): [LoRaMesher] 1 - DE6C via AFC0 metric 2 Role 0
19:43:50.040 > [369595][I][RoutingTableService.cpp:206] printRoutingTable(): [LoRaMesher] 2 - B3F0 via AFC0 metric 3 Role 0
19:43:50.050 > [369605][I][PacketQueueService.h:80] deleteQueuePacketAndPacket(): [LoRaMesher] Deleting packet
19:43:50.058 > [369613][I][PacketQueueService.h:83] deleteQueuePacketAndPacket(): [LoRaMesher] Deleting packet queue
19:43:50.067 > [369623][V][LoraMesher.cpp:641] processPackets(): [LoRaMesher] Stack space unused after entering the task: 2216
19:43:50.077 > [369632][V][LoraMesher.cpp:642] processPackets(): [LoRaMesher] Free heap: 336536
19:43:55.252 > [374807][V][LoraMesher.cpp:378] receivingRoutine(): [LoRaMesher] Stack space unused after entering the task: 2104
19:43:55.262 > [374817][V][LoraMesher.cpp:379] receivingRoutine(): [LoRaMesher] Free heap: 336536
19:43:55.270 > [374825][I][PacketService.cpp:12] createEmptyPacket(): [LoRaMesher] Packet created with 17 bytes
19:43:55.278 > [374834][I][LoraMesher.cpp:392] receivingRoutine(): [LoRaMesher] Receiving LoRa packet: Size: 17 bytes RSSI: -13 SNR: 12
19:43:55.290 > [374845][V][LoraMesher.cpp:647] processPackets(): [LoRaMesher] Size of Received Packets Queue: 1
19:43:55.298 > [374853][I][PacketQueueService.h:80] deleteQueuePacketAndPacket(): [LoRaMesher] Deleting packet
19:43:55.307 > [374862][I][PacketQueueService.h:83] deleteQueuePacketAndPacket(): [LoRaMesher] Deleting packet queue
19:43:55.316 > [374871][V][LoraMesher.cpp:658] processPackets(): [LoRaMesher] TESTING: Packet not for me, deleting it
19:43:55.325 > [374880][V][LoraMesher.cpp:641] processPackets(): [LoRaMesher] Stack space unused after entering the task: 2216
19:43:55.335 > [374890][V][LoraMesher.cpp:642] processPackets(): [LoRaMesher] Free heap: 336536
19:44:15.230 > [394787][V][LoraMesher.cpp:378] receivingRoutine(): [LoRaMesher] Stack space unused after entering the task: 2104
19:44:15.241 > [394797][V][LoraMesher.cpp:379] receivingRoutine(): [LoRaMesher] Free heap: 336536
19:44:15.248 > [394805][I][PacketService.cpp:12] createEmptyPacket(): [LoRaMesher] Packet created with 17 bytes
19:44:15.257 > [394814][I][LoraMesher.cpp:392] receivingRoutine(): [LoRaMesher] Receiving LoRa packet: Size: 17 bytes RSSI: -13 SNR: 12
19:44:15.268 > [394825][V][LoraMesher.cpp:647] processPackets(): [LoRaMesher] Size of Received Packets Queue: 1
19:44:15.277 > [394833][I][PacketQueueService.h:80] deleteQueuePacketAndPacket(): [LoRaMesher] Deleting packet
19:44:15.285 > [394842][I][PacketQueueService.h:83] deleteQueuePacketAndPacket(): [LoRaMesher] Deleting packet queue
19:44:15.294 > [394851][V][LoraMesher.cpp:658] processPackets(): [LoRaMesher] TESTING: Packet not for me, deleting it
19:44:15.303 > [394860][V][LoraMesher.cpp:641] processPackets(): [LoRaMesher] Stack space unused after entering the task: 2216
19:44:15.314 > [394870][V][LoraMesher.cpp:642] processPackets(): [LoRaMesher] Free heap: 336536
19:44:35.112 > [414670][V][LoraMesher.cpp:378] receivingRoutine(): [LoRaMesher] Stack space unused after entering the task: 2104
19:44:35.123 > [414680][V][LoraMesher.cpp:379] receivingRoutine(): [LoRaMesher] Free heap: 336536
19:44:35.131 > [414688][I][PacketService.cpp:12] createEmptyPacket(): [LoRaMesher] Packet created with 17 bytes
19:44:35.139 > [414697][I][LoraMesher.cpp:392] receivingRoutine(): [LoRaMesher] Receiving LoRa packet: Size: 17 bytes RSSI: -13 SNR: 13
19:44:35.150 > [414708][V][LoraMesher.cpp:647] processPackets(): [LoRaMesher] Size of Received Packets Queue: 1
19:44:35.159 > [414716][I][PacketQueueService.h:80] deleteQueuePacketAndPacket(): [LoRaMesher] Deleting packet
19:44:35.167 > [414725][I][PacketQueueService.h:83] deleteQueuePacketAndPacket(): [LoRaMesher] Deleting packet queue
19:44:35.177 > [414734][V][LoraMesher.cpp:658] processPackets(): [LoRaMesher] TESTING: Packet not for me, deleting it
19:44:35.186 > [414743][V][LoraMesher.cpp:641] processPackets(): [LoRaMesher] Stack space unused after entering the task: 2184
19:44:35.196 > [414753][V][LoraMesher.cpp:642] processPackets(): [LoRaMesher] Free heap: 336536
19:44:55.293 > [434846][V][LoraMesher.cpp:378] receivingRoutine(): [LoRaMesher] Stack space unused after entering the task: 2104
19:44:55.303 > [434856][V][LoraMesher.cpp:379] receivingRoutine(): [LoRaMesher] Free heap: 336536
19:44:55.311 > [434864][I][PacketService.cpp:12] createEmptyPacket(): [LoRaMesher] Packet created with 17 bytes
19:44:55.319 > [434872][I][LoraMesher.cpp:392] receivingRoutine(): [LoRaMesher] Receiving LoRa packet: Size: 17 bytes RSSI: -13 SNR: 12
19:44:55.330 > [434884][V][LoraMesher.cpp:647] processPackets(): [LoRaMesher] Size of Received Packets Queue: 1
19:44:55.339 > [434892][I][PacketQueueService.h:80] deleteQueuePacketAndPacket(): [LoRaMesher] Deleting packet
19:44:55.347 > [434901][I][PacketQueueService.h:83] deleteQueuePacketAndPacket(): [LoRaMesher] Deleting packet queue
19:44:55.357 > [434910][V][LoraMesher.cpp:658] processPackets(): [LoRaMesher] TESTING: Packet not for me, deleting it
19:44:55.366 > [434919][V][LoraMesher.cpp:641] processPackets(): [LoRaMesher] Stack space unused after entering the task: 2184
19:44:55.376 > [434929][V][LoraMesher.cpp:642] processPackets(): [LoRaMesher] Free heap: 336536
19:45:14.366 > [453906][V][LoraMesher.cpp:378] receivingRoutine(): [LoRaMesher] Stack space unused after entering the task: 2104
19:45:14.376 > [453917][V][LoraMesher.cpp:379] receivingRoutine(): [LoRaMesher] Free heap: 336536
19:45:14.384 > [453924][I][PacketService.cpp:12] createEmptyPacket(): [LoRaMesher] Packet created with 12 bytes
19:45:14.392 > [453933][I][LoraMesher.cpp:392] receivingRoutine(): [LoRaMesher] Receiving LoRa packet: Size: 12 bytes RSSI: -14 SNR: 13
19:45:14.404 > [453944][V][LoraMesher.cpp:647] processPackets(): [LoRaMesher] Size of Received Packets Queue: 1
19:45:14.412 > [453953][I][PacketQueueService.h:80] deleteQueuePacketAndPacket(): [LoRaMesher] Deleting packet
19:45:14.421 > [453961][I][PacketQueueService.h:83] deleteQueuePacketAndPacket(): [LoRaMesher] Deleting packet queue
19:45:14.430 > [453970][V][LoraMesher.cpp:658] processPackets(): [LoRaMesher] TESTING: Packet not for me, deleting it
19:45:14.439 > [453979][V][LoraMesher.cpp:641] processPackets(): [LoRaMesher] Stack space unused after entering the task: 2184
19:45:14.449 > [453989][V][LoraMesher.cpp:642] processPackets(): [LoRaMesher] Free heap: 336536
19:45:15.920 > [455460][V][LoraMesher.cpp:378] receivingRoutine(): [LoRaMesher] Stack space unused after entering the task: 2104
19:45:15.931 > [455470][V][LoraMesher.cpp:379] receivingRoutine(): [LoRaMesher] Free heap: 336536
19:45:15.938 > [455478][I][PacketService.cpp:12] createEmptyPacket(): [LoRaMesher] Packet created with 17 bytes
19:45:15.947 > [455486][I][LoraMesher.cpp:392] receivingRoutine(): [LoRaMesher] Receiving LoRa packet: Size: 17 bytes RSSI: -14 SNR: 13
19:45:15.958 > [455498][V][LoraMesher.cpp:647] processPackets(): [LoRaMesher] Size of Received Packets Queue: 1
19:45:15.967 > [455506][I][PacketQueueService.h:80] deleteQueuePacketAndPacket(): [LoRaMesher] Deleting packet
19:45:15.975 > [455515][I][PacketQueueService.h:83] deleteQueuePacketAndPacket(): [LoRaMesher] Deleting packet queue
19:45:15.984 > [455524][V][LoraMesher.cpp:658] processPackets(): [LoRaMesher] TESTING: Packet not for me, deleting it
19:45:15.993 > [455533][V][LoraMesher.cpp:641] processPackets(): [LoRaMesher] Stack space unused after entering the task: 2184
19:45:16.003 > [455543][V][LoraMesher.cpp:642] processPackets(): [LoRaMesher] Free heap: 336536
19:45:35.576 > [475105][V][LoraMesher.cpp:378] receivingRoutine(): [LoRaMesher] Stack space unused after entering the task: 2104
19:45:35.586 > [475115][V][LoraMesher.cpp:379] receivingRoutine(): [LoRaMesher] Free heap: 336536
19:45:35.595 > [475123][I][PacketService.cpp:12] createEmptyPacket(): [LoRaMesher] Packet created with 17 bytes
19:45:35.602 > [475131][I][LoraMesher.cpp:392] receivingRoutine(): [LoRaMesher] Receiving LoRa packet: Size: 17 bytes RSSI: -14 SNR: 13
19:45:35.614 > [475143][V][LoraMesher.cpp:647] processPackets(): [LoRaMesher] Size of Received Packets Queue: 1
19:45:35.622 > [475151][I][PacketQueueService.h:80] deleteQueuePacketAndPacket(): [LoRaMesher] Deleting packet
19:45:35.631 > [475160][I][PacketQueueService.h:83] deleteQueuePacketAndPacket(): [LoRaMesher] Deleting packet queue
19:45:35.640 > [475169][V][LoraMesher.cpp:658] processPackets(): [LoRaMesher] TESTING: Packet not for me, deleting it
19:45:35.649 > [475178][V][LoraMesher.cpp:641] processPackets(): [LoRaMesher] Stack space unused after entering the task: 2184
19:45:35.659 > [475188][V][LoraMesher.cpp:642] processPackets(): [LoRaMesher] Free heap: 336536
19:45:48.630 > [488153][V][LoraMesher.cpp:598] sendHelloPacket(): [LoRaMesher] Creating Routing Packet
19:45:48.638 > [488161][V][LoraMesher.cpp:599] sendHelloPacket(): [LoRaMesher] Stack space unused after entering the task: 2332
19:45:48.649 > [488171][V][LoraMesher.cpp:600] sendHelloPacket(): [LoRaMesher] Free heap: 336536
19:45:48.656 > [488178][V][PacketFactory.h:45] createPacket(): [LoRaMesher] Creating packet with 20 bytes
19:45:48.664 > [488186][I][PacketFactory.h:74] createPacket(): [LoRaMesher] Packet created with 20 bytes
19:45:48.672 > [488194][I][LoraMesher.h:659] setPackedForSend(): [LoRaMesher] Adding packet to Q_SP
19:45:48.679 > [488202][I][LoraMesher.h:661] setPackedForSend(): [LoRaMesher] Created packet to Q_SP
19:45:48.687 > [488209][I][LoraMesher.cpp:1061] addToSendOrderedAndNotify(): [LoRaMesher] Added packet to Q_SP, notifying sender task
19:45:48.698 > [488220][V][LoraMesher.cpp:511] sendPackets(): [LoRaMesher] Stack space unused after entering the task: 2260
19:45:48.707 > [488229][V][LoraMesher.cpp:512] sendPackets(): [LoRaMesher] Free heap: 336436
19:45:48.714 > [488236][V][LoraMesher.cpp:518] sendPackets(): [LoRaMesher] Size of Send Packets Queue: 1
19:45:48.722 > [488244][V][LoraMesher.cpp:525] sendPackets(): [LoRaMesher] Send n. 4
19:45:48.728 > [488251][V][LoraMesher.cpp:455] waitBeforeSend(): [LoRaMesher] RandomDelay 498 ms
19:45:48.792 > [488315][V][LoraMesher.cpp:378] receivingRoutine(): [LoRaMesher] Stack space unused after entering the task: 2104
19:45:48.803 > [488325][V][LoraMesher.cpp:379] receivingRoutine(): [LoRaMesher] Free heap: 336464
19:45:48.811 > [488333][I][PacketService.cpp:12] createEmptyPacket(): [LoRaMesher] Packet created with 8 bytes
19:45:48.819 > [488341][I][LoraMesher.cpp:392] receivingRoutine(): [LoRaMesher] Receiving LoRa packet: Size: 8 bytes RSSI: -23 SNR: 13
19:45:48.830 > [488353][V][LoraMesher.cpp:647] processPackets(): [LoRaMesher] Size of Received Packets Queue: 1
19:45:48.839 > [488361][V][LoraMesher.cpp:754] printHeaderPacket(): [LoRaMesher] Packet received -- Size: 8 Src: D110 Dst: FFFF Id: 5 Type: 4 Via: 0 Seq_Id: 0 Num: 0
19:45:48.852 > [488375][I][RoutingTableService.cpp:77] processRoute(): [LoRaMesher] Route packet from D110 with size 0
19:45:48.862 > [488384][I][RoutingTableService.cpp:156] addNodeToRoutingTable(): [LoRaMesher] New route added: D110 via D110 metric 1, role 1
19:45:48.873 > [488395][I][RoutingTableService.cpp:99] resetReceiveSNRRoutePacket(): [LoRaMesher] Reset Receive SNR from D110: 13
19:45:48.883 > [488405][I][RoutingTableService.cpp:192] printRoutingTable(): [LoRaMesher] Current routing table:
19:45:48.892 > [488414][I][RoutingTableService.cpp:206] printRoutingTable(): [LoRaMesher] 0 - AFC0 via AFC0 metric 1 Role 0
19:45:48.901 > [488423][I][RoutingTableService.cpp:206] printRoutingTable(): [LoRaMesher] 1 - DE6C via AFC0 metric 2 Role 0
19:45:48.911 > [488433][I][RoutingTableService.cpp:206] printRoutingTable(): [LoRaMesher] 2 - B3F0 via AFC0 metric 3 Role 0
19:45:48.921 > [488443][I][RoutingTableService.cpp:206] printRoutingTable(): [LoRaMesher] 3 - D110 via D110 metric 1 Role 1
19:45:48.930 > [488452][I][PacketQueueService.h:80] deleteQueuePacketAndPacket(): [LoRaMesher] Deleting packet
19:45:48.939 > [488461][I][PacketQueueService.h:83] deleteQueuePacketAndPacket(): [LoRaMesher] Deleting packet queue
19:45:48.948 > [488470][V][LoraMesher.cpp:641] processPackets(): [LoRaMesher] Stack space unused after entering the task: 2184
19:45:48.958 > [488480][V][LoraMesher.cpp:642] processPackets(): [LoRaMesher] Free heap: 336400
19:45:49.239 > [488762][V][LoraMesher.cpp:462] waitBeforeSend(): [LoRaMesher] Preamble detected while waiting 1
19:45:49.248 > [488770][V][LoraMesher.cpp:455] waitBeforeSend(): [LoRaMesher] RandomDelay 1215 ms
19:45:49.600 > [489123][V][LoraMesher.cpp:378] receivingRoutine(): [LoRaMesher] Stack space unused after entering the task: 2104
19:45:49.611 > [489133][V][LoraMesher.cpp:379] receivingRoutine(): [LoRaMesher] Free heap: 336400
19:45:49.618 > [489141][I][PacketService.cpp:12] createEmptyPacket(): [LoRaMesher] Packet created with 20 bytes
19:45:49.627 > [489149][I][LoraMesher.cpp:392] receivingRoutine(): [LoRaMesher] Receiving LoRa packet: Size: 20 bytes RSSI: -30 SNR: 12
19:45:49.638 > [489161][V][LoraMesher.cpp:647] processPackets(): [LoRaMesher] Size of Received Packets Queue: 1
19:45:49.647 > [489169][I][PacketQueueService.h:80] deleteQueuePacketAndPacket(): [LoRaMesher] Deleting packet
19:45:49.656 > [489178][I][PacketQueueService.h:83] deleteQueuePacketAndPacket(): [LoRaMesher] Deleting packet queue
19:45:49.665 > [489187][V][LoraMesher.cpp:658] processPackets(): [LoRaMesher] TESTING: Packet not for me, deleting it
19:45:49.674 > [489196][V][LoraMesher.cpp:641] processPackets(): [LoRaMesher] Stack space unused after entering the task: 2184
19:45:49.684 > [489206][V][LoraMesher.cpp:642] processPackets(): [LoRaMesher] Free heap: 336400
19:45:50.476 > [489998][V][LoraMesher.cpp:462] waitBeforeSend(): [LoRaMesher] Preamble detected while waiting 2
19:45:50.484 > [490006][V][LoraMesher.cpp:455] waitBeforeSend(): [LoRaMesher] RandomDelay 1120 ms
19:45:50.594 > [490116][V][LoraMesher.cpp:378] receivingRoutine(): [LoRaMesher] Stack space unused after entering the task: 2104
19:45:50.605 > [490126][V][LoraMesher.cpp:379] receivingRoutine(): [LoRaMesher] Free heap: 336400
19:45:50.612 > [490134][I][PacketService.cpp:12] createEmptyPacket(): [LoRaMesher] Packet created with 20 bytes
19:45:50.621 > [490143][I][LoraMesher.cpp:392] receivingRoutine(): [LoRaMesher] Receiving LoRa packet: Size: 20 bytes RSSI: -67 SNR: 10
19:45:50.633 > [490154][V][LoraMesher.cpp:647] processPackets(): [LoRaMesher] Size of Received Packets Queue: 1
19:45:50.640 > [490163][V][LoraMesher.cpp:754] printHeaderPacket(): [LoRaMesher] Packet received -- Size: 20 Src: AFC0 Dst: FFFF Id: 4 Type: 4 Via: 0 Seq_Id: 0 Num: 0
19:45:50.655 > [490176][I][RoutingTableService.cpp:77] processRoute(): [LoRaMesher] Route packet from AFC0 with size 3
19:45:50.664 > [490185][I][RoutingTableService.cpp:99] resetReceiveSNRRoutePacket(): [LoRaMesher] Reset Receive SNR from AFC0: 10
19:45:50.674 > [490195][I][RoutingTableService.cpp:192] printRoutingTable(): [LoRaMesher] Current routing table:
19:45:50.683 > [490204][I][RoutingTableService.cpp:206] printRoutingTable(): [LoRaMesher] 0 - AFC0 via AFC0 metric 1 Role 0
19:45:50.691 > [490214][I][RoutingTableService.cpp:206] printRoutingTable(): [LoRaMesher] 1 - DE6C via AFC0 metric 2 Role 0
19:45:50.702 > [490223][I][RoutingTableService.cpp:206] printRoutingTable(): [LoRaMesher] 2 - B3F0 via AFC0 metric 3 Role 0
19:45:50.712 > [490233][I][RoutingTableService.cpp:206] printRoutingTable(): [LoRaMesher] 3 - D110 via D110 metric 1 Role 1
19:45:50.721 > [490243][I][PacketQueueService.h:80] deleteQueuePacketAndPacket(): [LoRaMesher] Deleting packet
19:45:50.730 > [490251][I][PacketQueueService.h:83] deleteQueuePacketAndPacket(): [LoRaMesher] Deleting packet queue
19:45:50.739 > [490260][V][LoraMesher.cpp:641] processPackets(): [LoRaMesher] Stack space unused after entering the task: 2184
19:45:50.749 > [490270][V][LoraMesher.cpp:642] processPackets(): [LoRaMesher] Free heap: 336400
19:45:51.617 > [491139][V][LoraMesher.cpp:462] waitBeforeSend(): [LoRaMesher] Preamble detected while waiting 3
19:45:51.626 > [491147][V][LoraMesher.cpp:455] waitBeforeSend(): [LoRaMesher] RandomDelay 863 ms
19:45:52.496 > [492017][V][LoraMesher.cpp:754] printHeaderPacket(): [LoRaMesher] Packet send -- Size: 20 Src: F02C Dst: FFFF Id: 4 Type: 4 Via: 0 Seq_Id: 0 Num: 0
19:45:52.593 > [492114][V][LoraMesher.cpp:575] sendPackets(): [LoRaMesher] TimeOnAir 70 ms, next message in 0 ms
19:45:52.601 > [492122][I][PacketQueueService.h:80] deleteQueuePacketAndPacket(): [LoRaMesher] Deleting packet
19:45:52.611 > [492131][I][PacketQueueService.h:83] deleteQueuePacketAndPacket(): [LoRaMesher] Deleting packet queue
19:45:55.644 > [495164][V][LoraMesher.cpp:378] receivingRoutine(): [LoRaMesher] Stack space unused after entering the task: 2104
19:45:55.655 > [495174][V][LoraMesher.cpp:379] receivingRoutine(): [LoRaMesher] Free heap: 336472
19:45:55.662 > [495182][I][PacketService.cpp:12] createEmptyPacket(): [LoRaMesher] Packet created with 17 bytes
19:45:55.671 > [495190][I][LoraMesher.cpp:392] receivingRoutine(): [LoRaMesher] Receiving LoRa packet: Size: 17 bytes RSSI: -13 SNR: 13
19:45:55.682 > [495202][V][LoraMesher.cpp:647] processPackets(): [LoRaMesher] Size of Received Packets Queue: 1
19:45:55.691 > [495210][I][PacketQueueService.h:80] deleteQueuePacketAndPacket(): [LoRaMesher] Deleting packet
19:45:55.699 > [495219][I][PacketQueueService.h:83] deleteQueuePacketAndPacket(): [LoRaMesher] Deleting packet queue
19:45:55.708 > [495228][V][LoraMesher.cpp:658] processPackets(): [LoRaMesher] TESTING: Packet not for me, deleting it
19:45:55.718 > [495237][V][LoraMesher.cpp:641] processPackets(): [LoRaMesher] Stack space unused after entering the task: 2184
19:45:55.727 > [495247][V][LoraMesher.cpp:642] processPackets(): [LoRaMesher] Free heap: 336472
19:46:15.936 > [515448][V][LoraMesher.cpp:378] receivingRoutine(): [LoRaMesher] Stack space unused after entering the task: 2104
19:46:15.946 > [515458][V][LoraMesher.cpp:379] receivingRoutine(): [LoRaMesher] Free heap: 336472
19:46:15.954 > [515466][I][PacketService.cpp:12] createEmptyPacket(): [LoRaMesher] Packet created with 17 bytes
19:46:15.963 > [515474][I][LoraMesher.cpp:392] receivingRoutine(): [LoRaMesher] Receiving LoRa packet: Size: 17 bytes RSSI: -15 SNR: 12
19:46:15.974 > [515485][V][LoraMesher.cpp:647] processPackets(): [LoRaMesher] Size of Received Packets Queue: 1
19:46:15.982 > [515494][I][PacketQueueService.h:80] deleteQueuePacketAndPacket(): [LoRaMesher] Deleting packet
19:46:15.991 > [515503][I][PacketQueueService.h:83] deleteQueuePacketAndPacket(): [LoRaMesher] Deleting packet queue
19:46:16.000 > [515512][V][LoraMesher.cpp:658] processPackets(): [LoRaMesher] TESTING: Packet not for me, deleting it
19:46:16.009 > [515521][V][LoraMesher.cpp:641] processPackets(): [LoRaMesher] Stack space unused after entering the task: 2184
19:46:16.019 > [515531][V][LoraMesher.cpp:642] processPackets(): [LoRaMesher] Free heap: 336472
19:46:35.834 > [535339][V][LoraMesher.cpp:378] receivingRoutine(): [LoRaMesher] Stack space unused after entering the task: 2104
19:46:35.845 > [535349][V][LoraMesher.cpp:379] receivingRoutine(): [LoRaMesher] Free heap: 336472
19:46:35.853 > [535356][I][PacketService.cpp:12] createEmptyPacket(): [LoRaMesher] Packet created with 17 bytes
19:46:35.861 > [535365][I][LoraMesher.cpp:392] receivingRoutine(): [LoRaMesher] Receiving LoRa packet: Size: 17 bytes RSSI: -12 SNR: 13
19:46:35.873 > [535376][V][LoraMesher.cpp:647] processPackets(): [LoRaMesher] Size of Received Packets Queue: 1
19:46:35.881 > [535385][I][PacketQueueService.h:80] deleteQueuePacketAndPacket(): [LoRaMesher] Deleting packet
19:46:35.890 > [535394][I][PacketQueueService.h:83] deleteQueuePacketAndPacket(): [LoRaMesher] Deleting packet queue
19:46:35.899 > [535403][V][LoraMesher.cpp:658] processPackets(): [LoRaMesher] TESTING: Packet not for me, deleting it
19:46:35.908 > [535412][V][LoraMesher.cpp:641] processPackets(): [LoRaMesher] Stack space unused after entering the task: 2184
19:46:35.918 > [535422][V][LoraMesher.cpp:642] processPackets(): [LoRaMesher] Free heap: 336472
19:46:55.812 > [555311][V][LoraMesher.cpp:378] receivingRoutine(): [LoRaMesher] Stack space unused after entering the task: 2104
19:46:55.823 > [555321][V][LoraMesher.cpp:379] receivingRoutine(): [LoRaMesher] Free heap: 336472
19:46:55.830 > [555328][I][PacketService.cpp:12] createEmptyPacket(): [LoRaMesher] Packet created with 17 bytes
19:46:55.839 > [555337][I][LoraMesher.cpp:392] receivingRoutine(): [LoRaMesher] Receiving LoRa packet: Size: 17 bytes RSSI: -19 SNR: 12
19:46:55.850 > [555348][V][LoraMesher.cpp:647] processPackets(): [LoRaMesher] Size of Received Packets Queue: 1
19:46:55.859 > [555357][I][PacketQueueService.h:80] deleteQueuePacketAndPacket(): [LoRaMesher] Deleting packet
19:46:55.867 > [555365][I][PacketQueueService.h:83] deleteQueuePacketAndPacket(): [LoRaMesher] Deleting packet queue
19:46:55.876 > [555374][V][LoraMesher.cpp:658] processPackets(): [LoRaMesher] TESTING: Packet not for me, deleting it
19:46:55.885 > [555384][V][LoraMesher.cpp:641] processPackets(): [LoRaMesher] Stack space unused after entering the task: 2184
19:46:55.895 > [555394][V][LoraMesher.cpp:642] processPackets(): [LoRaMesher] Free heap: 336472
19:47:15.205 > [574699][V][LoraMesher.cpp:378] receivingRoutine(): [LoRaMesher] Stack space unused after entering the task: 2104
19:47:15.216 > [574709][V][LoraMesher.cpp:379] receivingRoutine(): [LoRaMesher] Free heap: 336472
19:47:15.223 > [574716][I][PacketService.cpp:12] createEmptyPacket(): [LoRaMesher] Packet created with 20 bytes
19:47:15.231 > [574725][I][LoraMesher.cpp:392] receivingRoutine(): [LoRaMesher] Receiving LoRa packet: Size: 20 bytes RSSI: -22 SNR: 13
19:47:15.243 > [574736][V][LoraMesher.cpp:647] processPackets(): [LoRaMesher] Size of Received Packets Queue: 1
19:47:15.251 > [574745][I][PacketQueueService.h:80] deleteQueuePacketAndPacket(): [LoRaMesher] Deleting packet
19:47:15.260 > [574753][I][PacketQueueService.h:83] deleteQueuePacketAndPacket(): [LoRaMesher] Deleting packet queue
19:47:15.270 > [574762][V][LoraMesher.cpp:658] processPackets(): [LoRaMesher] TESTING: Packet not for me, deleting it
19:47:15.278 > [574771][V][LoraMesher.cpp:641] processPackets(): [LoRaMesher] Stack space unused after entering the task: 2184
19:47:15.288 > [574781][V][LoraMesher.cpp:642] processPackets(): [LoRaMesher] Free heap: 336472
19:47:15.956 > [575450][V][LoraMesher.cpp:378] receivingRoutine(): [LoRaMesher] Stack space unused after entering the task: 2104
19:47:15.967 > [575460][V][LoraMesher.cpp:379] receivingRoutine(): [LoRaMesher] Free heap: 336472
19:47:15.975 > [575467][I][PacketService.cpp:12] createEmptyPacket(): [LoRaMesher] Packet created with 17 bytes
19:47:15.984 > [575476][I][LoraMesher.cpp:392] receivingRoutine(): [LoRaMesher] Receiving LoRa packet: Size: 17 bytes RSSI: -22 SNR: 12
19:47:15.995 > [575487][V][LoraMesher.cpp:647] processPackets(): [LoRaMesher] Size of Received Packets Queue: 1
19:47:16.003 > [575496][I][PacketQueueService.h:80] deleteQueuePacketAndPacket(): [LoRaMesher] Deleting packet
19:47:16.012 > [575504][I][PacketQueueService.h:83] deleteQueuePacketAndPacket(): [LoRaMesher] Deleting packet queue
19:47:16.021 > [575513][V][LoraMesher.cpp:658] processPackets(): [LoRaMesher] TESTING: Packet not for me, deleting it
19:47:16.030 > [575523][V][LoraMesher.cpp:641] processPackets(): [LoRaMesher] Stack space unused after entering the task: 2184
19:47:16.040 > [575533][V][LoraMesher.cpp:642] processPackets(): [LoRaMesher] Free heap: 336472
19:47:36.217 > [595706][V][LoraMesher.cpp:378] receivingRoutine(): [LoRaMesher] Stack space unused after entering the task: 2104
19:47:36.228 > [595716][V][LoraMesher.cpp:379] receivingRoutine(): [LoRaMesher] Free heap: 336472
19:47:36.235 > [595723][I][PacketService.cpp:12] createEmptyPacket(): [LoRaMesher] Packet created with 17 bytes
19:47:36.243 > [595732][I][LoraMesher.cpp:392] receivingRoutine(): [LoRaMesher] Receiving LoRa packet: Size: 17 bytes RSSI: -21 SNR: 13
19:47:36.255 > [595743][V][LoraMesher.cpp:647] processPackets(): [LoRaMesher] Size of Received Packets Queue: 1
19:47:36.263 > [595752][I][PacketQueueService.h:80] deleteQueuePacketAndPacket(): [LoRaMesher] Deleting packet
19:47:36.272 > [595760][I][PacketQueueService.h:83] deleteQueuePacketAndPacket(): [LoRaMesher] Deleting packet queue
19:47:36.280 > [595769][V][LoraMesher.cpp:658] processPackets(): [LoRaMesher] TESTING: Packet not for me, deleting it
19:47:36.290 > [595779][V][LoraMesher.cpp:641] processPackets(): [LoRaMesher] Stack space unused after entering the task: 2184
19:47:36.300 > [595789][V][LoraMesher.cpp:642] processPackets(): [LoRaMesher] Free heap: 336472
19:47:46.467 > [605954][V][LoraMesher.cpp:694] routingTableManager(): [LoRaMesher] Stack space unused after entering the task: 2288
19:47:46.478 > [605964][V][LoraMesher.cpp:695] routingTableManager(): [LoRaMesher] Free heap: 336472
19:47:46.486 > [605972][I][RoutingTableService.cpp:216] manageTimeoutRoutingTable(): [LoRaMesher] Checking routes timeout
19:47:46.495 > [605981][I][RoutingTableService.cpp:192] printRoutingTable(): [LoRaMesher] Current routing table:
19:47:46.504 > [605990][I][RoutingTableService.cpp:206] printRoutingTable(): [LoRaMesher] 0 - AFC0 via AFC0 metric 1 Role 0
19:47:46.514 > [606000][I][RoutingTableService.cpp:206] printRoutingTable(): [LoRaMesher] 1 - DE6C via AFC0 metric 2 Role 0
19:47:46.523 > [606009][I][RoutingTableService.cpp:206] printRoutingTable(): [LoRaMesher] 2 - B3F0 via AFC0 metric 3 Role 0
19:47:46.533 > [606019][I][RoutingTableService.cpp:206] printRoutingTable(): [LoRaMesher] 3 - D110 via D110 metric 1 Role 1
19:47:48.733 > [608220][V][LoraMesher.cpp:598] sendHelloPacket(): [LoRaMesher] Creating Routing Packet
19:47:48.742 > [608228][V][LoraMesher.cpp:599] sendHelloPacket(): [LoRaMesher] Stack space unused after entering the task: 2332
19:47:48.752 > [608238][V][LoraMesher.cpp:600] sendHelloPacket(): [LoRaMesher] Free heap: 336472
19:47:48.759 > [608245][V][PacketFactory.h:45] createPacket(): [LoRaMesher] Creating packet with 24 bytes
19:47:48.767 > [608253][I][PacketFactory.h:74] createPacket(): [LoRaMesher] Packet created with 24 bytes
19:47:48.775 > [608261][I][LoraMesher.h:659] setPackedForSend(): [LoRaMesher] Adding packet to Q_SP
19:47:48.782 > [608269][I][LoraMesher.h:661] setPackedForSend(): [LoRaMesher] Created packet to Q_SP
19:47:48.790 > [608276][I][LoraMesher.cpp:1061] addToSendOrderedAndNotify(): [LoRaMesher] Added packet to Q_SP, notifying sender task
19:47:48.801 > [608287][V][LoraMesher.cpp:511] sendPackets(): [LoRaMesher] Stack space unused after entering the task: 1956
19:47:48.810 > [608296][V][LoraMesher.cpp:512] sendPackets(): [LoRaMesher] Free heap: 336372
19:47:48.817 > [608303][V][LoraMesher.cpp:518] sendPackets(): [LoRaMesher] Size of Send Packets Queue: 1
19:47:48.825 > [608311][V][LoraMesher.cpp:525] sendPackets(): [LoRaMesher] Send n. 5
19:47:48.831 > [608318][V][LoraMesher.cpp:455] waitBeforeSend(): [LoRaMesher] RandomDelay 1118 ms
19:47:49.529 > [609015][V][LoraMesher.cpp:378] receivingRoutine(): [LoRaMesher] Stack space unused after entering the task: 2104
19:47:49.540 > [609025][V][LoraMesher.cpp:379] receivingRoutine(): [LoRaMesher] Free heap: 336400
19:47:49.546 > [609033][I][PacketService.cpp:12] createEmptyPacket(): [LoRaMesher] Packet created with 20 bytes
19:47:49.555 > [609041][I][LoraMesher.cpp:392] receivingRoutine(): [LoRaMesher] Receiving LoRa packet: Size: 20 bytes RSSI: -72 SNR: 7
19:47:49.566 > [609053][V][LoraMesher.cpp:647] processPackets(): [LoRaMesher] Size of Received Packets Queue: 1
19:47:49.575 > [609061][V][LoraMesher.cpp:754] printHeaderPacket(): [LoRaMesher] Packet received -- Size: 20 Src: AFC0 Dst: FFFF Id: 5 Type: 4 Via: 0 Seq_Id: 0 Num: 0
19:47:49.588 > [609075][I][RoutingTableService.cpp:77] processRoute(): [LoRaMesher] Route packet from AFC0 with size 3
19:47:49.599 > [609084][I][RoutingTableService.cpp:99] resetReceiveSNRRoutePacket(): [LoRaMesher] Reset Receive SNR from AFC0: 7
19:47:49.608 > [609094][I][RoutingTableService.cpp:192] printRoutingTable(): [LoRaMesher] Current routing table:
19:47:49.616 > [609103][I][RoutingTableService.cpp:206] printRoutingTable(): [LoRaMesher] 0 - AFC0 via AFC0 metric 1 Role 0
19:47:49.626 > [609112][I][RoutingTableService.cpp:206] printRoutingTable(): [LoRaMesher] 1 - DE6C via AFC0 metric 2 Role 0
19:47:49.637 > [609122][I][RoutingTableService.cpp:206] printRoutingTable(): [LoRaMesher] 2 - B3F0 via AFC0 metric 3 Role 0
19:47:49.645 > [609132][I][RoutingTableService.cpp:206] printRoutingTable(): [LoRaMesher] 3 - D110 via D110 metric 1 Role 1
19:47:49.655 > [609141][I][PacketQueueService.h:80] deleteQueuePacketAndPacket(): [LoRaMesher] Deleting packet
19:47:49.663 > [609150][I][PacketQueueService.h:83] deleteQueuePacketAndPacket(): [LoRaMesher] Deleting packet queue
19:47:49.673 > [609159][V][LoraMesher.cpp:641] processPackets(): [LoRaMesher] Stack space unused after entering the task: 2184
19:47:49.682 > [609169][V][LoraMesher.cpp:642] processPackets(): [LoRaMesher] Free heap: 336400
19:47:49.963 > [609449][V][LoraMesher.cpp:462] waitBeforeSend(): [LoRaMesher] Preamble detected while waiting 1
19:47:49.971 > [609457][V][LoraMesher.cpp:455] waitBeforeSend(): [LoRaMesher] RandomDelay 1277 ms
19:47:50.258 > [609744][V][LoraMesher.cpp:378] receivingRoutine(): [LoRaMesher] Stack space unused after entering the task: 2104
19:47:50.269 > [609754][V][LoraMesher.cpp:379] receivingRoutine(): [LoRaMesher] Free heap: 336400
19:47:50.276 > [609761][I][PacketService.cpp:12] createEmptyPacket(): [LoRaMesher] Packet created with 24 bytes
19:47:50.284 > [609770][I][LoraMesher.cpp:392] receivingRoutine(): [LoRaMesher] Receiving LoRa packet: Size: 24 bytes RSSI: -34 SNR: 13
19:47:50.296 > [609781][V][LoraMesher.cpp:647] processPackets(): [LoRaMesher] Size of Received Packets Queue: 1
19:47:50.304 > [609790][V][LoraMesher.cpp:754] printHeaderPacket(): [LoRaMesher] Packet received -- Size: 24 Src: D110 Dst: FFFF Id: 6 Type: 4 Via: 0 Seq_Id: 0 Num: 0
19:47:50.317 > [609804][I][RoutingTableService.cpp:77] processRoute(): [LoRaMesher] Route packet from D110 with size 4
19:47:50.327 > [609813][I][RoutingTableService.cpp:99] resetReceiveSNRRoutePacket(): [LoRaMesher] Reset Receive SNR from D110: 13
19:47:50.337 > [609823][I][RoutingTableService.cpp:192] printRoutingTable(): [LoRaMesher] Current routing table:
19:47:50.346 > [609832][I][RoutingTableService.cpp:206] printRoutingTable(): [LoRaMesher] 0 - AFC0 via AFC0 metric 1 Role 0
19:47:50.355 > [609841][I][RoutingTableService.cpp:206] printRoutingTable(): [LoRaMesher] 1 - DE6C via AFC0 metric 2 Role 0
19:47:50.365 > [609851][I][RoutingTableService.cpp:206] printRoutingTable(): [LoRaMesher] 2 - B3F0 via AFC0 metric 3 Role 0
19:47:50.374 > [609860][I][RoutingTableService.cpp:206] printRoutingTable(): [LoRaMesher] 3 - D110 via D110 metric 1 Role 1
19:47:50.384 > [609870][I][PacketQueueService.h:80] deleteQueuePacketAndPacket(): [LoRaMesher] Deleting packet
19:47:50.392 > [609879][I][PacketQueueService.h:83] deleteQueuePacketAndPacket(): [LoRaMesher] Deleting packet queue
19:47:50.401 > [609888][V][LoraMesher.cpp:641] processPackets(): [LoRaMesher] Stack space unused after entering the task: 2088
19:47:50.411 > [609898][V][LoraMesher.cpp:642] processPackets(): [LoRaMesher] Free heap: 336400
19:47:51.025 > [610511][V][LoraMesher.cpp:378] receivingRoutine(): [LoRaMesher] Stack space unused after entering the task: 2104
19:47:51.036 > [610522][V][LoraMesher.cpp:379] receivingRoutine(): [LoRaMesher] Free heap: 336400
19:47:51.044 > [610529][I][PacketService.cpp:12] createEmptyPacket(): [LoRaMesher] Packet created with 20 bytes
19:47:51.053 > [610538][I][LoraMesher.cpp:392] receivingRoutine(): [LoRaMesher] Receiving LoRa packet: Size: 20 bytes RSSI: -18 SNR: 13
19:47:51.064 > [610549][V][LoraMesher.cpp:647] processPackets(): [LoRaMesher] Size of Received Packets Queue: 1
19:47:51.072 > [610558][I][PacketQueueService.h:80] deleteQueuePacketAndPacket(): [LoRaMesher] Deleting packet
19:47:51.081 > [610566][I][PacketQueueService.h:83] deleteQueuePacketAndPacket(): [LoRaMesher] Deleting packet queue
19:47:51.090 > [610575][V][LoraMesher.cpp:658] processPackets(): [LoRaMesher] TESTING: Packet not for me, deleting it
19:47:51.099 > [610584][V][LoraMesher.cpp:641] processPackets(): [LoRaMesher] Stack space unused after entering the task: 2088
19:47:51.109 > [610594][V][LoraMesher.cpp:642] processPackets(): [LoRaMesher] Free heap: 336400
19:47:51.261 > [610747][V][LoraMesher.cpp:462] waitBeforeSend(): [LoRaMesher] Preamble detected while waiting 2
19:47:51.270 > [610755][V][LoraMesher.cpp:455] waitBeforeSend(): [LoRaMesher] RandomDelay 406 ms
19:47:51.682 > [611168][V][LoraMesher.cpp:754] printHeaderPacket(): [LoRaMesher] Packet send -- Size: 24 Src: F02C Dst: FFFF Id: 5 Type: 4 Via: 0 Seq_Id: 0 Num: 0
19:47:51.786 > [611272][V][LoraMesher.cpp:575] sendPackets(): [LoRaMesher] TimeOnAir 78 ms, next message in 0 ms
19:47:51.795 > [611281][I][PacketQueueService.h:80] deleteQueuePacketAndPacket(): [LoRaMesher] Deleting packet
19:47:51.804 > [611289][I][PacketQueueService.h:83] deleteQueuePacketAndPacket(): [LoRaMesher] Deleting packet queue
19:47:56.839 > [616324][V][LoraMesher.cpp:378] receivingRoutine(): [LoRaMesher] Stack space unused after entering the task: 2104
19:47:56.850 > [616334][V][LoraMesher.cpp:379] receivingRoutine(): [LoRaMesher] Free heap: 336472
19:47:56.857 > [616341][I][PacketService.cpp:12] createEmptyPacket(): [LoRaMesher] Packet created with 17 bytes
19:47:56.866 > [616350][I][LoraMesher.cpp:392] receivingRoutine(): [LoRaMesher] Receiving LoRa packet: Size: 17 bytes RSSI: -18 SNR: 12
19:47:56.877 > [616361][V][LoraMesher.cpp:647] processPackets(): [LoRaMesher] Size of Received Packets Queue: 1
19:47:56.886 > [616370][I][PacketQueueService.h:80] deleteQueuePacketAndPacket(): [LoRaMesher] Deleting packet
19:47:56.894 > [616378][I][PacketQueueService.h:83] deleteQueuePacketAndPacket(): [LoRaMesher] Deleting packet queue
19:47:56.903 > [616387][V][LoraMesher.cpp:658] processPackets(): [LoRaMesher] TESTING: Packet not for me, deleting it
19:47:56.912 > [616397][V][LoraMesher.cpp:641] processPackets(): [LoRaMesher] Stack space unused after entering the task: 2088
19:47:56.922 > [616406][V][LoraMesher.cpp:642] processPackets(): [LoRaMesher] Free heap: 336472
19:48:16.931 > [636413][V][LoraMesher.cpp:378] receivingRoutine(): [LoRaMesher] Stack space unused after entering the task: 2104
19:48:16.942 > [636423][V][LoraMesher.cpp:379] receivingRoutine(): [LoRaMesher] Free heap: 336472
19:48:16.950 > [636430][I][PacketService.cpp:12] createEmptyPacket(): [LoRaMesher] Packet created with 17 bytes
19:48:16.957 > [636439][I][LoraMesher.cpp:392] receivingRoutine(): [LoRaMesher] Receiving LoRa packet: Size: 17 bytes RSSI: -18 SNR: 13
19:48:16.969 > [636450][V][LoraMesher.cpp:647] processPackets(): [LoRaMesher] Size of Received Packets Queue: 1
19:48:16.977 > [636459][I][PacketQueueService.h:80] deleteQueuePacketAndPacket(): [LoRaMesher] Deleting packet
19:48:16.987 > [636467][I][PacketQueueService.h:83] deleteQueuePacketAndPacket(): [LoRaMesher] Deleting packet queue
19:48:16.995 > [636476][V][LoraMesher.cpp:658] processPackets(): [LoRaMesher] TESTING: Packet not for me, deleting it
19:48:17.004 > [636485][V][LoraMesher.cpp:641] processPackets(): [LoRaMesher] Stack space unused after entering the task: 2088
19:48:17.015 > [636495][V][LoraMesher.cpp:642] processPackets(): [LoRaMesher] Free heap: 336472
19:48:37.069 > [656548][V][LoraMesher.cpp:378] receivingRoutine(): [LoRaMesher] Stack space unused after entering the task: 2104
19:48:37.080 > [656558][V][LoraMesher.cpp:379] receivingRoutine(): [LoRaMesher] Free heap: 336472
19:48:37.087 > [656565][I][PacketService.cpp:12] createEmptyPacket(): [LoRaMesher] Packet created with 17 bytes
19:48:37.096 > [656574][I][LoraMesher.cpp:392] receivingRoutine(): [LoRaMesher] Receiving LoRa packet: Size: 17 bytes RSSI: -17 SNR: 13
19:48:37.107 > [656585][V][LoraMesher.cpp:647] processPackets(): [LoRaMesher] Size of Received Packets Queue: 1
19:48:37.116 > [656594][I][PacketQueueService.h:80] deleteQueuePacketAndPacket(): [LoRaMesher] Deleting packet
19:48:37.124 > [656602][I][PacketQueueService.h:83] deleteQueuePacketAndPacket(): [LoRaMesher] Deleting packet queue
19:48:37.133 > [656611][V][LoraMesher.cpp:658] processPackets(): [LoRaMesher] TESTING: Packet not for me, deleting it
19:48:37.142 > [656620][V][LoraMesher.cpp:641] processPackets(): [LoRaMesher] Stack space unused after entering the task: 2088
19:48:37.152 > [656630][V][LoraMesher.cpp:642] processPackets(): [LoRaMesher] Free heap: 336472
19:48:56.811 > [676287][V][LoraMesher.cpp:378] receivingRoutine(): [LoRaMesher] Stack space unused after entering the task: 2104
19:48:56.821 > [676297][V][LoraMesher.cpp:379] receivingRoutine(): [LoRaMesher] Free heap: 336472
19:48:56.829 > [676304][I][PacketService.cpp:12] createEmptyPacket(): [LoRaMesher] Packet created with 17 bytes
19:48:56.838 > [676313][I][LoraMesher.cpp:392] receivingRoutine(): [LoRaMesher] Receiving LoRa packet: Size: 17 bytes RSSI: -17 SNR: 13
19:48:56.849 > [676324][V][LoraMesher.cpp:647] processPackets(): [LoRaMesher] Size of Received Packets Queue: 1
19:48:56.857 > [676333][I][PacketQueueService.h:80] deleteQueuePacketAndPacket(): [LoRaMesher] Deleting packet
19:48:56.866 > [676341][I][PacketQueueService.h:83] deleteQueuePacketAndPacket(): [LoRaMesher] Deleting packet queue
19:48:56.875 > [676350][V][LoraMesher.cpp:658] processPackets(): [LoRaMesher] TESTING: Packet not for me, deleting it
19:48:56.884 > [676359][V][LoraMesher.cpp:641] processPackets(): [LoRaMesher] Stack space unused after entering the task: 2088
19:48:56.894 > [676369][V][LoraMesher.cpp:642] processPackets(): [LoRaMesher] Free heap: 336472
19:49:15.164 > [694638][V][LoraMesher.cpp:378] receivingRoutine(): [LoRaMesher] Stack space unused after entering the task: 2104
19:49:15.175 > [694649][V][LoraMesher.cpp:379] receivingRoutine(): [LoRaMesher] Free heap: 336472
19:49:15.182 > [694656][I][PacketService.cpp:12] createEmptyPacket(): [LoRaMesher] Packet created with 20 bytes
19:49:15.191 > [694665][I][LoraMesher.cpp:392] receivingRoutine(): [LoRaMesher] Receiving LoRa packet: Size: 20 bytes RSSI: -18 SNR: 13
19:49:15.202 > [694676][V][LoraMesher.cpp:647] processPackets(): [LoRaMesher] Size of Received Packets Queue: 1
19:49:15.211 > [694685][I][PacketQueueService.h:80] deleteQueuePacketAndPacket(): [LoRaMesher] Deleting packet
19:49:15.219 > [694693][I][PacketQueueService.h:83] deleteQueuePacketAndPacket(): [LoRaMesher] Deleting packet queue
19:49:15.228 > [694702][V][LoraMesher.cpp:658] processPackets(): [LoRaMesher] TESTING: Packet not for me, deleting it
19:49:15.238 > [694711][V][LoraMesher.cpp:641] processPackets(): [LoRaMesher] Stack space unused after entering the task: 2088
19:49:15.248 > [694721][V][LoraMesher.cpp:642] processPackets(): [LoRaMesher] Free heap: 336472
19:49:16.551 > [696025][V][LoraMesher.cpp:378] receivingRoutine(): [LoRaMesher] Stack space unused after entering the task: 2104
19:49:16.562 > [696036][V][LoraMesher.cpp:379] receivingRoutine(): [LoRaMesher] Free heap: 336472
19:49:16.569 > [696043][I][PacketService.cpp:12] createEmptyPacket(): [LoRaMesher] Packet created with 17 bytes
19:49:16.578 > [696052][I][LoraMesher.cpp:392] receivingRoutine(): [LoRaMesher] Receiving LoRa packet: Size: 17 bytes RSSI: -18 SNR: 13
19:49:16.589 > [696063][V][LoraMesher.cpp:647] processPackets(): [LoRaMesher] Size of Received Packets Queue: 1
19:49:16.598 > [696072][I][PacketQueueService.h:80] deleteQueuePacketAndPacket(): [LoRaMesher] Deleting packet
19:49:16.607 > [696080][I][PacketQueueService.h:83] deleteQueuePacketAndPacket(): [LoRaMesher] Deleting packet queue
19:49:16.616 > [696089][V][LoraMesher.cpp:658] processPackets(): [LoRaMesher] TESTING: Packet not for me, deleting it
19:49:16.625 > [696098][V][LoraMesher.cpp:641] processPackets(): [LoRaMesher] Stack space unused after entering the task: 2088
19:49:16.635 > [696108][V][LoraMesher.cpp:642] processPackets(): [LoRaMesher] Free heap: 336472
19:49:36.630 > [716102][V][LoraMesher.cpp:378] receivingRoutine(): [LoRaMesher] Stack space unused after entering the task: 2104
19:49:36.641 > [716113][V][LoraMesher.cpp:379] receivingRoutine(): [LoRaMesher] Free heap: 336472
19:49:36.648 > [716120][I][PacketService.cpp:12] createEmptyPacket(): [LoRaMesher] Packet created with 17 bytes
19:49:36.658 > [716129][I][LoraMesher.cpp:392] receivingRoutine(): [LoRaMesher] Receiving LoRa packet: Size: 17 bytes RSSI: -18 SNR: 12
19:49:36.668 > [716140][V][LoraMesher.cpp:647] processPackets(): [LoRaMesher] Size of Received Packets Queue: 1
19:49:36.677 > [716149][I][PacketQueueService.h:80] deleteQueuePacketAndPacket(): [LoRaMesher] Deleting packet
19:49:36.685 > [716157][I][PacketQueueService.h:83] deleteQueuePacketAndPacket(): [LoRaMesher] Deleting packet queue
19:49:36.694 > [716166][V][LoraMesher.cpp:658] processPackets(): [LoRaMesher] TESTING: Packet not for me, deleting it
19:49:36.703 > [716175][V][LoraMesher.cpp:641] processPackets(): [LoRaMesher] Stack space unused after entering the task: 2088
19:49:36.713 > [716185][V][LoraMesher.cpp:642] processPackets(): [LoRaMesher] Free heap: 336472
19:49:48.816 > [728287][V][LoraMesher.cpp:598] sendHelloPacket(): [LoRaMesher] Creating Routing Packet
19:49:48.824 > [728295][V][LoraMesher.cpp:599] sendHelloPacket(): [LoRaMesher] Stack space unused after entering the task: 2332
19:49:48.835 > [728305][V][LoraMesher.cpp:600] sendHelloPacket(): [LoRaMesher] Free heap: 336472
19:49:48.842 > [728312][V][PacketFactory.h:45] createPacket(): [LoRaMesher] Creating packet with 24 bytes
19:49:48.850 > [728320][I][PacketFactory.h:74] createPacket(): [LoRaMesher] Packet created with 24 bytes
19:49:48.858 > [728328][I][LoraMesher.h:659] setPackedForSend(): [LoRaMesher] Adding packet to Q_SP
19:49:48.865 > [728336][I][LoraMesher.h:661] setPackedForSend(): [LoRaMesher] Created packet to Q_SP
19:49:48.873 > [728343][I][LoraMesher.cpp:1061] addToSendOrderedAndNotify(): [LoRaMesher] Added packet to Q_SP, notifying sender task
19:49:48.884 > [728354][V][LoraMesher.cpp:511] sendPackets(): [LoRaMesher] Stack space unused after entering the task: 1956
19:49:48.893 > [728363][V][LoraMesher.cpp:512] sendPackets(): [LoRaMesher] Free heap: 336372
19:49:48.900 > [728370][V][LoraMesher.cpp:518] sendPackets(): [LoRaMesher] Size of Send Packets Queue: 1
19:49:48.908 > [728378][V][LoraMesher.cpp:525] sendPackets(): [LoRaMesher] Send n. 6
19:49:48.914 > [728385][V][LoraMesher.cpp:455] waitBeforeSend(): [LoRaMesher] RandomDelay 568 ms
19:49:49.346 > [728817][V][LoraMesher.cpp:378] receivingRoutine(): [LoRaMesher] Stack space unused after entering the task: 2104
19:49:49.357 > [728827][V][LoraMesher.cpp:379] receivingRoutine(): [LoRaMesher] Free heap: 336400
19:49:49.365 > [728835][I][PacketService.cpp:12] createEmptyPacket(): [LoRaMesher] Packet created with 24 bytes
19:49:49.373 > [728844][I][LoraMesher.cpp:392] receivingRoutine(): [LoRaMesher] Receiving LoRa packet: Size: 24 bytes RSSI: -18 SNR: 13
19:49:49.385 > [728855][V][LoraMesher.cpp:647] processPackets(): [LoRaMesher] Size of Received Packets Queue: 1
19:49:49.393 > [728863][V][LoraMesher.cpp:754] printHeaderPacket(): [LoRaMesher] Packet received -- Size: 24 Src: D110 Dst: FFFF Id: 7 Type: 4 Via: 0 Seq_Id: 0 Num: 0
19:49:49.407 > [728877][I][RoutingTableService.cpp:77] processRoute(): [LoRaMesher] Route packet from D110 with size 4
19:49:49.416 > [728886][I][RoutingTableService.cpp:99] resetReceiveSNRRoutePacket(): [LoRaMesher] Reset Receive SNR from D110: 13
19:49:49.426 > [728896][I][RoutingTableService.cpp:192] printRoutingTable(): [LoRaMesher] Current routing table:
19:49:49.435 > [728905][I][RoutingTableService.cpp:206] printRoutingTable(): [LoRaMesher] 0 - AFC0 via AFC0 metric 1 Role 0
19:49:49.444 > [728915][I][RoutingTableService.cpp:206] printRoutingTable(): [LoRaMesher] 1 - DE6C via AFC0 metric 2 Role 0
19:49:49.454 > [728924][I][RoutingTableService.cpp:206] printRoutingTable(): [LoRaMesher] 2 - B3F0 via AFC0 metric 3 Role 0
19:49:49.464 > [728934][I][RoutingTableService.cpp:206] printRoutingTable(): [LoRaMesher] 3 - D110 via D110 metric 1 Role 1
19:49:49.473 > [728943][I][PacketQueueService.h:80] deleteQueuePacketAndPacket(): [LoRaMesher] Deleting packet
19:49:49.482 > [728952][I][PacketQueueService.h:83] deleteQueuePacketAndPacket(): [LoRaMesher] Deleting packet queue
19:49:49.495 > [728966][V][LoraMesher.cpp:462] waitBeforeSend(): [LoRaMesher] Preamble detected while waiting 1
19:49:49.504 > [728974][V][LoraMesher.cpp:455] waitBeforeSend(): [LoRaMesher] RandomDelay 582 ms
19:49:49.512 > [728982][V][LoraMesher.cpp:641] processPackets(): [LoRaMesher] Stack space unused after entering the task: 2088
19:49:49.521 > [728992][V][LoraMesher.cpp:642] processPackets(): [LoRaMesher] Free heap: 336400
19:49:50.092 > [729563][V][LoraMesher.cpp:754] printHeaderPacket(): [LoRaMesher] Packet send -- Size: 24 Src: F02C Dst: FFFF Id: 6 Type: 4 Via: 0 Seq_Id: 0 Num: 0
19:49:50.196 > [729667][V][LoraMesher.cpp:575] sendPackets(): [LoRaMesher] TimeOnAir 78 ms, next message in 0 ms
19:49:50.205 > [729676][I][PacketQueueService.h:80] deleteQueuePacketAndPacket(): [LoRaMesher] Deleting packet
19:49:50.214 > [729684][I][PacketQueueService.h:83] deleteQueuePacketAndPacket(): [LoRaMesher] Deleting packet queue
19:49:51.438 > [730909][V][LoraMesher.cpp:378] receivingRoutine(): [LoRaMesher] Stack space unused after entering the task: 2104
19:49:51.449 > [730919][V][LoraMesher.cpp:379] receivingRoutine(): [LoRaMesher] Free heap: 336472
19:49:51.456 > [730926][I][PacketService.cpp:12] createEmptyPacket(): [LoRaMesher] Packet created with 20 bytes
19:49:51.465 > [730935][I][LoraMesher.cpp:392] receivingRoutine(): [LoRaMesher] Receiving LoRa packet: Size: 20 bytes RSSI: -19 SNR: 13
19:49:51.476 > [730946][V][LoraMesher.cpp:647] processPackets(): [LoRaMesher] Size of Received Packets Queue: 1
19:49:51.485 > [730955][I][PacketQueueService.h:80] deleteQueuePacketAndPacket(): [LoRaMesher] Deleting packet
19:49:51.493 > [730964][I][PacketQueueService.h:83] deleteQueuePacketAndPacket(): [LoRaMesher] Deleting packet queue
19:49:51.502 > [730973][V][LoraMesher.cpp:658] processPackets(): [LoRaMesher] TESTING: Packet not for me, deleting it
19:49:51.511 > [730982][V][LoraMesher.cpp:641] processPackets(): [LoRaMesher] Stack space unused after entering the task: 2088
19:49:51.521 > [730992][V][LoraMesher.cpp:642] processPackets(): [LoRaMesher] Free heap: 336472
19:49:52.240 > [731711][V][LoraMesher.cpp:378] receivingRoutine(): [LoRaMesher] Stack space unused after entering the task: 2104
19:49:52.251 > [731721][V][LoraMesher.cpp:379] receivingRoutine(): [LoRaMesher] Free heap: 336472
19:49:52.259 > [731728][I][PacketService.cpp:12] createEmptyPacket(): [LoRaMesher] Packet created with 24 bytes
19:49:52.267 > [731737][I][LoraMesher.cpp:392] receivingRoutine(): [LoRaMesher] Receiving LoRa packet: Size: 24 bytes RSSI: -69 SNR: 9
19:49:52.278 > [731748][V][LoraMesher.cpp:647] processPackets(): [LoRaMesher] Size of Received Packets Queue: 1
19:49:52.287 > [731757][V][LoraMesher.cpp:754] printHeaderPacket(): [LoRaMesher] Packet received -- Size: 24 Src: AFC0 Dst: FFFF Id: 6 Type: 4 Via: 0 Seq_Id: 0 Num: 0
19:49:52.300 > [731770][I][RoutingTableService.cpp:77] processRoute(): [LoRaMesher] Route packet from AFC0 with size 4
19:49:52.309 > [731780][I][RoutingTableService.cpp:99] resetReceiveSNRRoutePacket(): [LoRaMesher] Reset Receive SNR from AFC0: 9
19:49:52.319 > [731790][I][RoutingTableService.cpp:192] printRoutingTable(): [LoRaMesher] Current routing table:
19:49:52.328 > [731798][I][RoutingTableService.cpp:206] printRoutingTable(): [LoRaMesher] 0 - AFC0 via AFC0 metric 1 Role 0
19:49:52.338 > [731808][I][RoutingTableService.cpp:206] printRoutingTable(): [LoRaMesher] 1 - DE6C via AFC0 metric 2 Role 0
19:49:52.347 > [731818][I][RoutingTableService.cpp:206] printRoutingTable(): [LoRaMesher] 2 - B3F0 via AFC0 metric 3 Role 0
19:49:52.357 > [731827][I][RoutingTableService.cpp:206] printRoutingTable(): [LoRaMesher] 3 - D110 via D110 metric 1 Role 1
19:49:52.367 > [731837][I][PacketQueueService.h:80] deleteQueuePacketAndPacket(): [LoRaMesher] Deleting packet
19:49:52.375 > [731845][I][PacketQueueService.h:83] deleteQueuePacketAndPacket(): [LoRaMesher] Deleting packet queue
19:49:52.384 > [731854][V][LoraMesher.cpp:641] processPackets(): [LoRaMesher] Stack space unused after entering the task: 2088
19:49:52.395 > [731864][V][LoraMesher.cpp:642] processPackets(): [LoRaMesher] Free heap: 336472
19:49:56.863 > [736333][V][LoraMesher.cpp:378] receivingRoutine(): [LoRaMesher] Stack space unused after entering the task: 2072
19:49:56.873 > [736344][V][LoraMesher.cpp:379] receivingRoutine(): [LoRaMesher] Free heap: 336472
19:49:56.881 > [736351][I][PacketService.cpp:12] createEmptyPacket(): [LoRaMesher] Packet created with 17 bytes
19:49:56.890 > [736360][I][LoraMesher.cpp:392] receivingRoutine(): [LoRaMesher] Receiving LoRa packet: Size: 17 bytes RSSI: -17 SNR: 13
19:49:56.901 > [736371][V][LoraMesher.cpp:647] processPackets(): [LoRaMesher] Size of Received Packets Queue: 1
19:49:56.909 > [736380][I][PacketQueueService.h:80] deleteQueuePacketAndPacket(): [LoRaMesher] Deleting packet
19:49:56.918 > [736388][I][PacketQueueService.h:83] deleteQueuePacketAndPacket(): [LoRaMesher] Deleting packet queue
19:49:56.927 > [736397][V][LoraMesher.cpp:658] processPackets(): [LoRaMesher] TESTING: Packet not for me, deleting it
19:49:56.936 > [736406][V][LoraMesher.cpp:641] processPackets(): [LoRaMesher] Stack space unused after entering the task: 2088
19:49:56.946 > [736416][V][LoraMesher.cpp:642] processPackets(): [LoRaMesher] Free heap: 336472
19:50:16.892 > [756361][V][LoraMesher.cpp:378] receivingRoutine(): [LoRaMesher] Stack space unused after entering the task: 2072
19:50:16.903 > [756371][V][LoraMesher.cpp:379] receivingRoutine(): [LoRaMesher] Free heap: 336472
19:50:16.910 > [756379][I][PacketService.cpp:12] createEmptyPacket(): [LoRaMesher] Packet created with 17 bytes
19:50:16.919 > [756388][I][LoraMesher.cpp:392] receivingRoutine(): [LoRaMesher] Receiving LoRa packet: Size: 17 bytes RSSI: -17 SNR: 13
19:50:16.930 > [756399][V][LoraMesher.cpp:647] processPackets(): [LoRaMesher] Size of Received Packets Queue: 1
19:50:16.939 > [756408][I][PacketQueueService.h:80] deleteQueuePacketAndPacket(): [LoRaMesher] Deleting packet
19:50:16.947 > [756416][I][PacketQueueService.h:83] deleteQueuePacketAndPacket(): [LoRaMesher] Deleting packet queue
19:50:16.956 > [756425][V][LoraMesher.cpp:658] processPackets(): [LoRaMesher] TESTING: Packet not for me, deleting it
19:50:16.966 > [756434][V][LoraMesher.cpp:641] processPackets(): [LoRaMesher] Stack space unused after entering the task: 2088
19:50:16.976 > [756444][V][LoraMesher.cpp:642] processPackets(): [LoRaMesher] Free heap: 336472
19:50:37.299 > [776766][V][LoraMesher.cpp:378] receivingRoutine(): [LoRaMesher] Stack space unused after entering the task: 2072
19:50:37.309 > [776776][V][LoraMesher.cpp:379] receivingRoutine(): [LoRaMesher] Free heap: 336472
19:50:37.317 > [776784][I][PacketService.cpp:12] createEmptyPacket(): [LoRaMesher] Packet created with 17 bytes
19:50:37.326 > [776793][I][LoraMesher.cpp:392] receivingRoutine(): [LoRaMesher] Receiving LoRa packet: Size: 17 bytes RSSI: -19 SNR: 13
19:50:37.337 > [776804][V][LoraMesher.cpp:647] processPackets(): [LoRaMesher] Size of Received Packets Queue: 1
19:50:37.346 > [776813][I][PacketQueueService.h:80] deleteQueuePacketAndPacket(): [LoRaMesher] Deleting packet
19:50:37.354 > [776821][I][PacketQueueService.h:83] deleteQueuePacketAndPacket(): [LoRaMesher] Deleting packet queue
19:50:37.363 > [776830][V][LoraMesher.cpp:658] processPackets(): [LoRaMesher] TESTING: Packet not for me, deleting it
19:50:37.372 > [776839][V][LoraMesher.cpp:641] processPackets(): [LoRaMesher] Stack space unused after entering the task: 2088
19:50:37.382 > [776849][V][LoraMesher.cpp:642] processPackets(): [LoRaMesher] Free heap: 336472
19:50:56.996 > [796462][V][LoraMesher.cpp:378] receivingRoutine(): [LoRaMesher] Stack space unused after entering the task: 2072
19:50:57.006 > [796472][V][LoraMesher.cpp:379] receivingRoutine(): [LoRaMesher] Free heap: 336472
19:50:57.014 > [796480][I][PacketService.cpp:12] createEmptyPacket(): [LoRaMesher] Packet created with 17 bytes
19:50:57.022 > [796489][I][LoraMesher.cpp:392] receivingRoutine(): [LoRaMesher] Receiving LoRa packet: Size: 17 bytes RSSI: -17 SNR: 13
19:50:57.034 > [796500][V][LoraMesher.cpp:647] processPackets(): [LoRaMesher] Size of Received Packets Queue: 1
19:50:57.042 > [796508][I][PacketQueueService.h:80] deleteQueuePacketAndPacket(): [LoRaMesher] Deleting packet
19:50:57.051 > [796517][I][PacketQueueService.h:83] deleteQueuePacketAndPacket(): [LoRaMesher] Deleting packet queue
19:50:57.060 > [796526][V][LoraMesher.cpp:658] processPackets(): [LoRaMesher] TESTING: Packet not for me, deleting it
19:50:57.069 > [796535][V][LoraMesher.cpp:641] processPackets(): [LoRaMesher] Stack space unused after entering the task: 2088
19:50:57.079 > [796545][V][LoraMesher.cpp:642] processPackets(): [LoRaMesher] Free heap: 336472
19:51:14.744 > [814209][V][LoraMesher.cpp:378] receivingRoutine(): [LoRaMesher] Stack space unused after entering the task: 2072
19:51:14.755 > [814219][V][LoraMesher.cpp:379] receivingRoutine(): [LoRaMesher] Free heap: 336472
19:51:14.762 > [814227][I][PacketService.cpp:12] createEmptyPacket(): [LoRaMesher] Packet created with 20 bytes
19:51:14.771 > [814236][I][LoraMesher.cpp:392] receivingRoutine(): [LoRaMesher] Receiving LoRa packet: Size: 20 bytes RSSI: -16 SNR: 13
19:51:14.782 > [814247][V][LoraMesher.cpp:647] processPackets(): [LoRaMesher] Size of Received Packets Queue: 1
19:51:14.791 > [814255][I][PacketQueueService.h:80] deleteQueuePacketAndPacket(): [LoRaMesher] Deleting packet
19:51:14.799 > [814264][I][PacketQueueService.h:83] deleteQueuePacketAndPacket(): [LoRaMesher] Deleting packet queue
19:51:14.808 > [814273][V][LoraMesher.cpp:658] processPackets(): [LoRaMesher] TESTING: Packet not for me, deleting it
19:51:14.817 > [814282][V][LoraMesher.cpp:641] processPackets(): [LoRaMesher] Stack space unused after entering the task: 2088
19:51:14.827 > [814292][V][LoraMesher.cpp:642] processPackets(): [LoRaMesher] Free heap: 336472
19:51:17.706 > [817171][V][LoraMesher.cpp:378] receivingRoutine(): [LoRaMesher] Stack space unused after entering the task: 2072
19:51:17.717 > [817181][V][LoraMesher.cpp:379] receivingRoutine(): [LoRaMesher] Free heap: 336472
19:51:17.724 > [817189][I][PacketService.cpp:12] createEmptyPacket(): [LoRaMesher] Packet created with 17 bytes
19:51:17.733 > [817198][I][LoraMesher.cpp:392] receivingRoutine(): [LoRaMesher] Receiving LoRa packet: Size: 17 bytes RSSI: -16 SNR: 13
19:51:17.744 > [817209][V][LoraMesher.cpp:647] processPackets(): [LoRaMesher] Size of Received Packets Queue: 1
19:51:17.753 > [817217][I][PacketQueueService.h:80] deleteQueuePacketAndPacket(): [LoRaMesher] Deleting packet
19:51:17.761 > [817226][I][PacketQueueService.h:83] deleteQueuePacketAndPacket(): [LoRaMesher] Deleting packet queue
19:51:17.770 > [817235][V][LoraMesher.cpp:658] processPackets(): [LoRaMesher] TESTING: Packet not for me, deleting it
19:51:17.779 > [817244][V][LoraMesher.cpp:641] processPackets(): [LoRaMesher] Stack space unused after entering the task: 2088
19:51:17.789 > [817254][V][LoraMesher.cpp:642] processPackets(): [LoRaMesher] Free heap: 336472
19:51:37.300 > [836764][V][LoraMesher.cpp:378] receivingRoutine(): [LoRaMesher] Stack space unused after entering the task: 2072
19:51:37.310 > [836774][V][LoraMesher.cpp:379] receivingRoutine(): [LoRaMesher] Free heap: 336472
19:51:37.318 > [836782][I][PacketService.cpp:12] createEmptyPacket(): [LoRaMesher] Packet created with 17 bytes
19:51:37.327 > [836791][I][LoraMesher.cpp:392] receivingRoutine(): [LoRaMesher] Receiving LoRa packet: Size: 17 bytes RSSI: -15 SNR: 12
19:51:37.338 > [836802][V][LoraMesher.cpp:647] processPackets(): [LoRaMesher] Size of Received Packets Queue: 1
19:51:37.346 > [836810][I][PacketQueueService.h:80] deleteQueuePacketAndPacket(): [LoRaMesher] Deleting packet
19:51:37.355 > [836819][I][PacketQueueService.h:83] deleteQueuePacketAndPacket(): [LoRaMesher] Deleting packet queue
19:51:37.364 > [836828][V][LoraMesher.cpp:658] processPackets(): [LoRaMesher] TESTING: Packet not for me, deleting it
19:51:37.373 > [836837][V][LoraMesher.cpp:641] processPackets(): [LoRaMesher] Stack space unused after entering the task: 2088
19:51:37.383 > [836847][V][LoraMesher.cpp:642] processPackets(): [LoRaMesher] Free heap: 336472
19:51:48.890 > [848354][V][LoraMesher.cpp:598] sendHelloPacket(): [LoRaMesher] Creating Routing Packet
19:51:48.899 > [848362][V][LoraMesher.cpp:599] sendHelloPacket(): [LoRaMesher] Stack space unused after entering the task: 2332
19:51:48.909 > [848372][V][LoraMesher.cpp:600] sendHelloPacket(): [LoRaMesher] Free heap: 336472
19:51:48.916 > [848379][V][PacketFactory.h:45] createPacket(): [LoRaMesher] Creating packet with 24 bytes
19:51:48.924 > [848387][I][PacketFactory.h:74] createPacket(): [LoRaMesher] Packet created with 24 bytes
19:51:48.932 > [848395][I][LoraMesher.h:659] setPackedForSend(): [LoRaMesher] Adding packet to Q_SP
19:51:48.939 > [848403][I][LoraMesher.h:661] setPackedForSend(): [LoRaMesher] Created packet to Q_SP
19:51:48.947 > [848410][I][LoraMesher.cpp:1061] addToSendOrderedAndNotify(): [LoRaMesher] Added packet to Q_SP, notifying sender task
19:51:48.958 > [848421][V][LoraMesher.cpp:511] sendPackets(): [LoRaMesher] Stack space unused after entering the task: 1956
19:51:48.967 > [848430][V][LoraMesher.cpp:512] sendPackets(): [LoRaMesher] Free heap: 336372
19:51:48.974 > [848437][V][LoraMesher.cpp:518] sendPackets(): [LoRaMesher] Size of Send Packets Queue: 1
19:51:48.982 > [848445][V][LoraMesher.cpp:525] sendPackets(): [LoRaMesher] Send n. 7
19:51:48.988 > [848452][V][LoraMesher.cpp:455] waitBeforeSend(): [LoRaMesher] RandomDelay 575 ms
19:51:49.570 > [849034][V][LoraMesher.cpp:754] printHeaderPacket(): [LoRaMesher] Packet send -- Size: 24 Src: F02C Dst: FFFF Id: 7 Type: 4 Via: 0 Seq_Id: 0 Num: 0
19:51:49.674 > [849138][V][LoraMesher.cpp:575] sendPackets(): [LoRaMesher] TimeOnAir 78 ms, next message in 0 ms
19:51:49.684 > [849147][I][PacketQueueService.h:80] deleteQueuePacketAndPacket(): [LoRaMesher] Deleting packet
19:51:49.692 > [849155][I][PacketQueueService.h:83] deleteQueuePacketAndPacket(): [LoRaMesher] Deleting packet queue
19:51:50.273 > [849736][V][LoraMesher.cpp:378] receivingRoutine(): [LoRaMesher] Stack space unused after entering the task: 2072
19:51:50.283 > [849746][V][LoraMesher.cpp:379] receivingRoutine(): [LoRaMesher] Free heap: 336472
19:51:50.291 > [849754][I][PacketService.cpp:12] createEmptyPacket(): [LoRaMesher] Packet created with 24 bytes
19:51:50.300 > [849763][I][LoraMesher.cpp:392] receivingRoutine(): [LoRaMesher] Receiving LoRa packet: Size: 24 bytes RSSI: -21 SNR: 13
19:51:50.311 > [849774][V][LoraMesher.cpp:647] processPackets(): [LoRaMesher] Size of Received Packets Queue: 1
19:51:50.319 > [849783][V][LoraMesher.cpp:754] printHeaderPacket(): [LoRaMesher] Packet received -- Size: 24 Src: D110 Dst: FFFF Id: 8 Type: 4 Via: 0 Seq_Id: 0 Num: 0
19:51:50.333 > [849796][I][RoutingTableService.cpp:77] processRoute(): [LoRaMesher] Route packet from D110 with size 4
19:51:50.342 > [849805][I][RoutingTableService.cpp:99] resetReceiveSNRRoutePacket(): [LoRaMesher] Reset Receive SNR from D110: 13
19:51:50.352 > [849816][I][RoutingTableService.cpp:192] printRoutingTable(): [LoRaMesher] Current routing table:
19:51:50.361 > [849824][I][RoutingTableService.cpp:206] printRoutingTable(): [LoRaMesher] 0 - AFC0 via AFC0 metric 1 Role 0
19:51:50.371 > [849834][I][RoutingTableService.cpp:206] printRoutingTable(): [LoRaMesher] 1 - DE6C via AFC0 metric 2 Role 0
19:51:50.380 > [849843][I][RoutingTableService.cpp:206] printRoutingTable(): [LoRaMesher] 2 - B3F0 via AFC0 metric 3 Role 0
19:51:50.390 > [849853][I][RoutingTableService.cpp:206] printRoutingTable(): [LoRaMesher] 3 - D110 via D110 metric 1 Role 1
19:51:50.399 > [849863][I][PacketQueueService.h:80] deleteQueuePacketAndPacket(): [LoRaMesher] Deleting packet
19:51:50.408 > [849871][I][PacketQueueService.h:83] deleteQueuePacketAndPacket(): [LoRaMesher] Deleting packet queue
19:51:50.417 > [849880][V][LoraMesher.cpp:641] processPackets(): [LoRaMesher] Stack space unused after entering the task: 2088
19:51:50.427 > [849890][V][LoraMesher.cpp:642] processPackets(): [LoRaMesher] Free heap: 336472
19:51:51.097 > [850561][V][LoraMesher.cpp:378] receivingRoutine(): [LoRaMesher] Stack space unused after entering the task: 2072
19:51:51.108 > [850571][V][LoraMesher.cpp:379] receivingRoutine(): [LoRaMesher] Free heap: 336472
19:51:51.116 > [850579][I][PacketService.cpp:12] createEmptyPacket(): [LoRaMesher] Packet created with 24 bytes
19:51:51.125 > [850588][I][LoraMesher.cpp:392] receivingRoutine(): [LoRaMesher] Receiving LoRa packet: Size: 24 bytes RSSI: -68 SNR: 12
19:51:51.136 > [850599][V][LoraMesher.cpp:647] processPackets(): [LoRaMesher] Size of Received Packets Queue: 1
19:51:51.144 > [850608][V][LoraMesher.cpp:754] printHeaderPacket(): [LoRaMesher] Packet received -- Size: 24 Src: AFC0 Dst: FFFF Id: 7 Type: 4 Via: 0 Seq_Id: 0 Num: 0
19:51:51.158 > [850621][I][RoutingTableService.cpp:77] processRoute(): [LoRaMesher] Route packet from AFC0 with size 4
19:51:51.167 > [850630][I][RoutingTableService.cpp:99] resetReceiveSNRRoutePacket(): [LoRaMesher] Reset Receive SNR from AFC0: 12
19:51:51.177 > [850640][I][RoutingTableService.cpp:192] printRoutingTable(): [LoRaMesher] Current routing table:
19:51:51.186 > [850649][I][RoutingTableService.cpp:206] printRoutingTable(): [LoRaMesher] 0 - AFC0 via AFC0 metric 1 Role 0
19:51:51.196 > [850659][I][RoutingTableService.cpp:206] printRoutingTable(): [LoRaMesher] 1 - DE6C via AFC0 metric 2 Role 0
19:51:51.205 > [850668][I][RoutingTableService.cpp:206] printRoutingTable(): [LoRaMesher] 2 - B3F0 via AFC0 metric 3 Role 0
19:51:51.215 > [850678][I][RoutingTableService.cpp:206] printRoutingTable(): [LoRaMesher] 3 - D110 via D110 metric 1 Role 1
19:51:51.224 > [850688][I][PacketQueueService.h:80] deleteQueuePacketAndPacket(): [LoRaMesher] Deleting packet
19:51:51.233 > [850696][I][PacketQueueService.h:83] deleteQueuePacketAndPacket(): [LoRaMesher] Deleting packet queue
19:51:51.242 > [850705][V][LoraMesher.cpp:641] processPackets(): [LoRaMesher] Stack space unused after entering the task: 2088
19:51:51.252 > [850715][V][LoraMesher.cpp:642] processPackets(): [LoRaMesher] Free heap: 336472
19:51:57.674 > [857137][V][LoraMesher.cpp:378] receivingRoutine(): [LoRaMesher] Stack space unused after entering the task: 2072
19:51:57.684 > [857147][V][LoraMesher.cpp:379] receivingRoutine(): [LoRaMesher] Free heap: 336472
19:51:57.691 > [857155][I][PacketService.cpp:12] createEmptyPacket(): [LoRaMesher] Packet created with 17 bytes
19:51:57.700 > [857164][I][LoraMesher.cpp:392] receivingRoutine(): [LoRaMesher] Receiving LoRa packet: Size: 17 bytes RSSI: -16 SNR: 13
19:51:57.711 > [857175][V][LoraMesher.cpp:647] processPackets(): [LoRaMesher] Size of Received Packets Queue: 1
19:51:57.720 > [857183][I][PacketQueueService.h:80] deleteQueuePacketAndPacket(): [LoRaMesher] Deleting packet
19:51:57.729 > [857192][I][PacketQueueService.h:83] deleteQueuePacketAndPacket(): [LoRaMesher] Deleting packet queue
19:51:57.738 > [857201][V][LoraMesher.cpp:658] processPackets(): [LoRaMesher] TESTING: Packet not for me, deleting it
19:51:57.747 > [857210][V][LoraMesher.cpp:641] processPackets(): [LoRaMesher] Stack space unused after entering the task: 2088
19:51:57.757 > [857220][V][LoraMesher.cpp:642] processPackets(): [LoRaMesher] Free heap: 336472
19:52:17.856 > [877319][V][LoraMesher.cpp:378] receivingRoutine(): [LoRaMesher] Stack space unused after entering the task: 2072
19:52:17.867 > [877329][V][LoraMesher.cpp:379] receivingRoutine(): [LoRaMesher] Free heap: 336472
19:52:17.874 > [877337][I][PacketService.cpp:12] createEmptyPacket(): [LoRaMesher] Packet created with 17 bytes
19:52:17.883 > [877346][I][LoraMesher.cpp:392] receivingRoutine(): [LoRaMesher] Receiving LoRa packet: Size: 17 bytes RSSI: -16 SNR: 13
19:52:17.894 > [877357][V][LoraMesher.cpp:647] processPackets(): [LoRaMesher] Size of Received Packets Queue: 1
19:52:17.903 > [877365][I][PacketQueueService.h:80] deleteQueuePacketAndPacket(): [LoRaMesher] Deleting packet
19:52:17.911 > [877374][I][PacketQueueService.h:83] deleteQueuePacketAndPacket(): [LoRaMesher] Deleting packet queue
19:52:17.920 > [877383][V][LoraMesher.cpp:658] processPackets(): [LoRaMesher] TESTING: Packet not for me, deleting it
19:52:17.929 > [877392][V][LoraMesher.cpp:641] processPackets(): [LoRaMesher] Stack space unused after entering the task: 2088
19:52:17.939 > [877402][V][LoraMesher.cpp:642] processPackets(): [LoRaMesher] Free heap: 336472
19:52:37.578 > [897040][V][LoraMesher.cpp:378] receivingRoutine(): [LoRaMesher] Stack space unused after entering the task: 2072
19:52:37.588 > [897050][V][LoraMesher.cpp:379] receivingRoutine(): [LoRaMesher] Free heap: 336472
19:52:37.596 > [897058][I][PacketService.cpp:12] createEmptyPacket(): [LoRaMesher] Packet created with 17 bytes
19:52:37.605 > [897066][I][LoraMesher.cpp:392] receivingRoutine(): [LoRaMesher] Receiving LoRa packet: Size: 17 bytes RSSI: -17 SNR: 13
19:52:37.616 > [897078][V][LoraMesher.cpp:647] processPackets(): [LoRaMesher] Size of Received Packets Queue: 1
19:52:37.624 > [897086][I][PacketQueueService.h:80] deleteQueuePacketAndPacket(): [LoRaMesher] Deleting packet
19:52:37.633 > [897095][I][PacketQueueService.h:83] deleteQueuePacketAndPacket(): [LoRaMesher] Deleting packet queue
19:52:37.642 > [897104][V][LoraMesher.cpp:658] processPackets(): [LoRaMesher] TESTING: Packet not for me, deleting it
19:52:37.651 > [897113][V][LoraMesher.cpp:641] processPackets(): [LoRaMesher] Stack space unused after entering the task: 2088
19:52:37.661 > [897123][V][LoraMesher.cpp:642] processPackets(): [LoRaMesher] Free heap: 336472
19:52:57.621 > [917082][V][LoraMesher.cpp:378] receivingRoutine(): [LoRaMesher] Stack space unused after entering the task: 2072
19:52:57.631 > [917092][V][LoraMesher.cpp:379] receivingRoutine(): [LoRaMesher] Free heap: 336472
19:52:57.638 > [917100][I][PacketService.cpp:12] createEmptyPacket(): [LoRaMesher] Packet created with 17 bytes
19:52:57.647 > [917108][I][LoraMesher.cpp:392] receivingRoutine(): [LoRaMesher] Receiving LoRa packet: Size: 17 bytes RSSI: -18 SNR: 12
19:52:57.658 > [917120][V][LoraMesher.cpp:647] processPackets(): [LoRaMesher] Size of Received Packets Queue: 1
19:52:57.667 > [917128][I][PacketQueueService.h:80] deleteQueuePacketAndPacket(): [LoRaMesher] Deleting packet
19:52:57.675 > [917137][I][PacketQueueService.h:83] deleteQueuePacketAndPacket(): [LoRaMesher] Deleting packet queue
19:52:57.684 > [917146][V][LoraMesher.cpp:658] processPackets(): [LoRaMesher] TESTING: Packet not for me, deleting it
19:52:57.694 > [917155][V][LoraMesher.cpp:641] processPackets(): [LoRaMesher] Stack space unused after entering the task: 2088
19:52:57.703 > [917165][V][LoraMesher.cpp:642] processPackets(): [LoRaMesher] Free heap: 336472
19:53:14.935 > [934396][V][LoraMesher.cpp:378] receivingRoutine(): [LoRaMesher] Stack space unused after entering the task: 2072
19:53:14.945 > [934406][V][LoraMesher.cpp:379] receivingRoutine(): [LoRaMesher] Free heap: 336472
19:53:14.953 > [934413][I][PacketService.cpp:12] createEmptyPacket(): [LoRaMesher] Packet created with 20 bytes
19:53:14.962 > [934422][I][LoraMesher.cpp:392] receivingRoutine(): [LoRaMesher] Receiving LoRa packet: Size: 20 bytes RSSI: -17 SNR: 13
19:53:14.973 > [934433][V][LoraMesher.cpp:647] processPackets(): [LoRaMesher] Size of Received Packets Queue: 1
19:53:14.981 > [934442][I][PacketQueueService.h:80] deleteQueuePacketAndPacket(): [LoRaMesher] Deleting packet
19:53:14.990 > [934451][I][PacketQueueService.h:83] deleteQueuePacketAndPacket(): [LoRaMesher] Deleting packet queue
19:53:14.999 > [934460][V][LoraMesher.cpp:658] processPackets(): [LoRaMesher] TESTING: Packet not for me, deleting it
19:53:15.008 > [934469][V][LoraMesher.cpp:641] processPackets(): [LoRaMesher] Stack space unused after entering the task: 2088
19:53:15.018 > [934479][V][LoraMesher.cpp:642] processPackets(): [LoRaMesher] Free heap: 336472
19:53:17.699 > [937160][V][LoraMesher.cpp:378] receivingRoutine(): [LoRaMesher] Stack space unused after entering the task: 2072
19:53:17.709 > [937170][V][LoraMesher.cpp:379] receivingRoutine(): [LoRaMesher] Free heap: 336472
19:53:17.717 > [937178][I][PacketService.cpp:12] createEmptyPacket(): [LoRaMesher] Packet created with 17 bytes
19:53:17.726 > [937186][I][LoraMesher.cpp:392] receivingRoutine(): [LoRaMesher] Receiving LoRa packet: Size: 17 bytes RSSI: -17 SNR: 13
19:53:17.737 > [937198][V][LoraMesher.cpp:647] processPackets(): [LoRaMesher] Size of Received Packets Queue: 1
19:53:17.746 > [937206][I][PacketQueueService.h:80] deleteQueuePacketAndPacket(): [LoRaMesher] Deleting packet
19:53:17.754 > [937215][I][PacketQueueService.h:83] deleteQueuePacketAndPacket(): [LoRaMesher] Deleting packet queue
19:53:17.763 > [937224][V][LoraMesher.cpp:658] processPackets(): [LoRaMesher] TESTING: Packet not for me, deleting it
19:53:17.772 > [937233][V][LoraMesher.cpp:641] processPackets(): [LoRaMesher] Stack space unused after entering the task: 2088
19:53:17.782 > [937243][V][LoraMesher.cpp:642] processPackets(): [LoRaMesher] Free heap: 336472
19:53:38.405 > [957864][V][LoraMesher.cpp:378] receivingRoutine(): [LoRaMesher] Stack space unused after entering the task: 2072
19:53:38.416 > [957874][V][LoraMesher.cpp:379] receivingRoutine(): [LoRaMesher] Free heap: 336472
19:53:38.424 > [957882][I][PacketService.cpp:12] createEmptyPacket(): [LoRaMesher] Packet created with 17 bytes
19:53:38.432 > [957890][I][LoraMesher.cpp:392] receivingRoutine(): [LoRaMesher] Receiving LoRa packet: Size: 17 bytes RSSI: -17 SNR: 13
19:53:38.443 > [957902][V][LoraMesher.cpp:647] processPackets(): [LoRaMesher] Size of Received Packets Queue: 1
19:53:38.452 > [957910][I][PacketQueueService.h:80] deleteQueuePacketAndPacket(): [LoRaMesher] Deleting packet
19:53:38.461 > [957919][I][PacketQueueService.h:83] deleteQueuePacketAndPacket(): [LoRaMesher] Deleting packet queue
19:53:38.470 > [957928][V][LoraMesher.cpp:658] processPackets(): [LoRaMesher] TESTING: Packet not for me, deleting it
19:53:38.479 > [957937][V][LoraMesher.cpp:641] processPackets(): [LoRaMesher] Stack space unused after entering the task: 2088
19:53:38.489 > [957947][V][LoraMesher.cpp:642] processPackets(): [LoRaMesher] Free heap: 336472
19:53:48.964 > [968421][V][LoraMesher.cpp:598] sendHelloPacket(): [LoRaMesher] Creating Routing Packet
19:53:48.972 > [968429][V][LoraMesher.cpp:599] sendHelloPacket(): [LoRaMesher] Stack space unused after entering the task: 2332
19:53:48.982 > [968439][V][LoraMesher.cpp:600] sendHelloPacket(): [LoRaMesher] Free heap: 336472
19:53:48.989 > [968446][V][PacketFactory.h:45] createPacket(): [LoRaMesher] Creating packet with 24 bytes
19:53:48.997 > [968454][I][PacketFactory.h:74] createPacket(): [LoRaMesher] Packet created with 24 bytes
19:53:49.005 > [968462][I][LoraMesher.h:659] setPackedForSend(): [LoRaMesher] Adding packet to Q_SP
19:53:49.012 > [968470][I][LoraMesher.h:661] setPackedForSend(): [LoRaMesher] Created packet to Q_SP
19:53:49.020 > [968477][I][LoraMesher.cpp:1061] addToSendOrderedAndNotify(): [LoRaMesher] Added packet to Q_SP, notifying sender task
19:53:49.031 > [968488][V][LoraMesher.cpp:511] sendPackets(): [LoRaMesher] Stack space unused after entering the task: 1956
19:53:49.040 > [968497][V][LoraMesher.cpp:512] sendPackets(): [LoRaMesher] Free heap: 336372
19:53:49.047 > [968504][V][LoraMesher.cpp:518] sendPackets(): [LoRaMesher] Size of Send Packets Queue: 1
19:53:49.055 > [968512][V][LoraMesher.cpp:525] sendPackets(): [LoRaMesher] Send n. 8
19:53:49.061 > [968519][V][LoraMesher.cpp:455] waitBeforeSend(): [LoRaMesher] RandomDelay 1038 ms
19:53:49.594 > [969051][V][LoraMesher.cpp:378] receivingRoutine(): [LoRaMesher] Stack space unused after entering the task: 2072
19:53:49.604 > [969061][V][LoraMesher.cpp:379] receivingRoutine(): [LoRaMesher] Free heap: 336400
19:53:49.611 > [969068][I][PacketService.cpp:12] createEmptyPacket(): [LoRaMesher] Packet created with 24 bytes
19:53:49.621 > [969077][I][LoraMesher.cpp:392] receivingRoutine(): [LoRaMesher] Receiving LoRa packet: Size: 24 bytes RSSI: -18 SNR: 13
19:53:49.631 > [969088][V][LoraMesher.cpp:647] processPackets(): [LoRaMesher] Size of Received Packets Queue: 1
19:53:49.640 > [969097][I][PacketQueueService.h:80] deleteQueuePacketAndPacket(): [LoRaMesher] Deleting packet
19:53:49.649 > [969106][I][PacketQueueService.h:83] deleteQueuePacketAndPacket(): [LoRaMesher] Deleting packet queue
19:53:49.657 > [969115][V][LoraMesher.cpp:658] processPackets(): [LoRaMesher] TESTING: Packet not for me, deleting it
19:53:49.667 > [969124][V][LoraMesher.cpp:641] processPackets(): [LoRaMesher] Stack space unused after entering the task: 2088
19:53:49.676 > [969134][V][LoraMesher.cpp:642] processPackets(): [LoRaMesher] Free heap: 336400
19:53:50.113 > [969570][V][LoraMesher.cpp:462] waitBeforeSend(): [LoRaMesher] Preamble detected while waiting 1
19:53:50.122 > [969578][V][LoraMesher.cpp:455] waitBeforeSend(): [LoRaMesher] RandomDelay 618 ms
19:53:50.689 > [970146][V][LoraMesher.cpp:378] receivingRoutine(): [LoRaMesher] Stack space unused after entering the task: 2072
19:53:50.699 > [970156][V][LoraMesher.cpp:379] receivingRoutine(): [LoRaMesher] Free heap: 336400
19:53:50.707 > [970163][I][PacketService.cpp:12] createEmptyPacket(): [LoRaMesher] Packet created with 24 bytes
19:53:50.716 > [970172][I][LoraMesher.cpp:392] receivingRoutine(): [LoRaMesher] Receiving LoRa packet: Size: 24 bytes RSSI: -25 SNR: 13
19:53:50.727 > [970183][V][LoraMesher.cpp:647] processPackets(): [LoRaMesher] Size of Received Packets Queue: 1
19:53:50.736 > [970192][V][LoraMesher.cpp:754] printHeaderPacket(): [LoRaMesher] Packet received -- Size: 24 Src: D110 Dst: FFFF Id: 9 Type: 4 Via: 0 Seq_Id: 0 Num: 0
19:53:50.752 > [970209][V][LoraMesher.cpp:462] waitBeforeSend(): [LoRaMesher] Preamble detected while waiting 2
19:53:50.761 > [970217][V][LoraMesher.cpp:455] waitBeforeSend(): [LoRaMesher] RandomDelay 1268 ms
19:53:50.768 > [970225][I][RoutingTableService.cpp:77] processRoute(): [LoRaMesher] Route packet from D110 with size 4
19:53:50.778 > [970234][I][RoutingTableService.cpp:99] resetReceiveSNRRoutePacket(): [LoRaMesher] Reset Receive SNR from D110: 13
19:53:50.788 > [970244][I][RoutingTableService.cpp:192] printRoutingTable(): [LoRaMesher] Current routing table:
19:53:50.797 > [970253][I][RoutingTableService.cpp:206] printRoutingTable(): [LoRaMesher] 0 - AFC0 via AFC0 metric 1 Role 0
19:53:50.806 > [970262][I][RoutingTableService.cpp:206] printRoutingTable(): [LoRaMesher] 1 - DE6C via AFC0 metric 2 Role 0
19:53:50.816 > [970272][I][RoutingTableService.cpp:206] printRoutingTable(): [LoRaMesher] 2 - B3F0 via AFC0 metric 3 Role 0
19:53:50.825 > [970282][I][RoutingTableService.cpp:206] printRoutingTable(): [LoRaMesher] 3 - D110 via D110 metric 1 Role 1
19:53:50.835 > [970291][I][PacketQueueService.h:80] deleteQueuePacketAndPacket(): [LoRaMesher] Deleting packet
19:53:50.844 > [970300][I][PacketQueueService.h:83] deleteQueuePacketAndPacket(): [LoRaMesher] Deleting packet queue
19:53:50.853 > [970309][V][LoraMesher.cpp:641] processPackets(): [LoRaMesher] Stack space unused after entering the task: 2040
19:53:50.863 > [970319][V][LoraMesher.cpp:642] processPackets(): [LoRaMesher] Free heap: 336400
19:53:52.035 > [971492][V][LoraMesher.cpp:754] printHeaderPacket(): [LoRaMesher] Packet send -- Size: 24 Src: F02C Dst: FFFF Id: 8 Type: 4 Via: 0 Seq_Id: 0 Num: 0
19:53:52.139 > [971596][V][LoraMesher.cpp:575] sendPackets(): [LoRaMesher] TimeOnAir 78 ms, next message in 0 ms
19:53:52.148 > [971605][I][PacketQueueService.h:80] deleteQueuePacketAndPacket(): [LoRaMesher] Deleting packet
19:53:52.157 > [971613][I][PacketQueueService.h:83] deleteQueuePacketAndPacket(): [LoRaMesher] Deleting packet queue
19:53:58.222 > [977678][V][LoraMesher.cpp:378] receivingRoutine(): [LoRaMesher] Stack space unused after entering the task: 2072
19:53:58.233 > [977688][V][LoraMesher.cpp:379] receivingRoutine(): [LoRaMesher] Free heap: 336472
19:53:58.240 > [977696][I][PacketService.cpp:12] createEmptyPacket(): [LoRaMesher] Packet created with 17 bytes
19:53:58.249 > [977704][I][LoraMesher.cpp:392] receivingRoutine(): [LoRaMesher] Receiving LoRa packet: Size: 17 bytes RSSI: -18 SNR: 12
19:53:58.260 > [977716][V][LoraMesher.cpp:647] processPackets(): [LoRaMesher] Size of Received Packets Queue: 1
19:53:58.269 > [977724][I][PacketQueueService.h:80] deleteQueuePacketAndPacket(): [LoRaMesher] Deleting packet
19:53:58.277 > [977733][I][PacketQueueService.h:83] deleteQueuePacketAndPacket(): [LoRaMesher] Deleting packet queue
19:53:58.286 > [977742][V][LoraMesher.cpp:658] processPackets(): [LoRaMesher] TESTING: Packet not for me, deleting it
19:53:58.296 > [977751][V][LoraMesher.cpp:641] processPackets(): [LoRaMesher] Stack space unused after entering the task: 2040
19:53:58.305 > [977761][V][LoraMesher.cpp:642] processPackets(): [LoRaMesher] Free heap: 336472
19:53:59.135 > [978591][V][LoraMesher.cpp:378] receivingRoutine(): [LoRaMesher] Stack space unused after entering the task: 2072
19:53:59.146 > [978601][V][LoraMesher.cpp:379] receivingRoutine(): [LoRaMesher] Free heap: 336472
19:53:59.153 > [978609][I][PacketService.cpp:12] createEmptyPacket(): [LoRaMesher] Packet created with 17 bytes
19:53:59.162 > [978617][I][LoraMesher.cpp:392] receivingRoutine(): [LoRaMesher] Receiving LoRa packet: Size: 17 bytes RSSI: -20 SNR: 13
19:53:59.173 > [978628][V][LoraMesher.cpp:647] processPackets(): [LoRaMesher] Size of Received Packets Queue: 1
19:53:59.182 > [978637][I][PacketQueueService.h:80] deleteQueuePacketAndPacket(): [LoRaMesher] Deleting packet
19:53:59.190 > [978646][I][PacketQueueService.h:83] deleteQueuePacketAndPacket(): [LoRaMesher] Deleting packet queue
19:53:59.199 > [978655][V][LoraMesher.cpp:658] processPackets(): [LoRaMesher] TESTING: Packet not for me, deleting it
19:53:59.208 > [978664][V][LoraMesher.cpp:641] processPackets(): [LoRaMesher] Stack space unused after entering the task: 2040
19:53:59.218 > [978674][V][LoraMesher.cpp:642] processPackets(): [LoRaMesher] Free heap: 336472
19:53:59.654 > [979110][V][LoraMesher.cpp:378] receivingRoutine(): [LoRaMesher] Stack space unused after entering the task: 2072
19:53:59.665 > [979120][V][LoraMesher.cpp:379] receivingRoutine(): [LoRaMesher] Free heap: 336472
19:53:59.672 > [979128][I][PacketService.cpp:12] createEmptyPacket(): [LoRaMesher] Packet created with 17 bytes
19:53:59.681 > [979136][I][LoraMesher.cpp:392] receivingRoutine(): [LoRaMesher] Receiving LoRa packet: Size: 17 bytes RSSI: -71 SNR: 10
19:53:59.692 > [979148][V][LoraMesher.cpp:647] processPackets(): [LoRaMesher] Size of Received Packets Queue: 1
19:53:59.701 > [979156][V][LoraMesher.cpp:754] printHeaderPacket(): [LoRaMesher] Packet received -- Size: 17 Src: B3F0 Dst: D110 Id: 59 Type: 2 Via: F02C Seq_Id: 0 Num: 0
19:53:59.715 > [979170][I][LoraMesher.cpp:854] processDataPacket(): [LoRaMesher] Data packet from B3F0, destination D110, via F02C
19:53:59.725 > [979180][V][LoraMesher.cpp:872] processDataPacket(): [LoRaMesher] Data Packet from B3F0 for D110. Via is me. Forwarding it
19:53:59.736 > [979191][I][LoraMesher.cpp:1061] addToSendOrderedAndNotify(): [LoRaMesher] Added packet to Q_SP, notifying sender task
19:53:59.746 > [979202][V][LoraMesher.cpp:511] sendPackets(): [LoRaMesher] Stack space unused after entering the task: 1956
19:53:59.756 > [979211][V][LoraMesher.cpp:512] sendPackets(): [LoRaMesher] Free heap: 336368
19:53:59.763 > [979218][V][LoraMesher.cpp:518] sendPackets(): [LoRaMesher] Size of Send Packets Queue: 1
19:53:59.771 > [979226][V][LoraMesher.cpp:525] sendPackets(): [LoRaMesher] Send n. 9
19:53:59.777 > [979232][V][LoraMesher.cpp:455] waitBeforeSend(): [LoRaMesher] RandomDelay 404 ms
19:53:59.784 > [979240][V][LoraMesher.cpp:641] processPackets(): [LoRaMesher] Stack space unused after entering the task: 2040
19:53:59.794 > [979250][V][LoraMesher.cpp:642] processPackets(): [LoRaMesher] Free heap: 336400
19:54:00.187 > [979643][V][LoraMesher.cpp:754] printHeaderPacket(): [LoRaMesher] Packet send -- Size: 17 Src: B3F0 Dst: D110 Id: 59 Type: 2 Via: D110 Seq_Id: 0 Num: 0
19:54:00.277 > [979733][V][LoraMesher.cpp:575] sendPackets(): [LoRaMesher] TimeOnAir 63 ms, next message in 0 ms
19:54:00.286 > [979742][I][PacketQueueService.h:80] deleteQueuePacketAndPacket(): [LoRaMesher] Deleting packet
19:54:00.295 > [979750][I][PacketQueueService.h:83] deleteQueuePacketAndPacket(): [LoRaMesher] Deleting packet queue
19:54:18.786 > [998240][V][LoraMesher.cpp:378] receivingRoutine(): [LoRaMesher] Stack space unused after entering the task: 2072
19:54:18.796 > [998250][V][LoraMesher.cpp:379] receivingRoutine(): [LoRaMesher] Free heap: 336472
19:54:18.804 > [998258][I][PacketService.cpp:12] createEmptyPacket(): [LoRaMesher] Packet created with 17 bytes
19:54:18.813 > [998266][I][LoraMesher.cpp:392] receivingRoutine(): [LoRaMesher] Receiving LoRa packet: Size: 17 bytes RSSI: -18 SNR: 12
19:54:18.824 > [998278][V][LoraMesher.cpp:647] processPackets(): [LoRaMesher] Size of Received Packets Queue: 1
19:54:18.832 > [998286][I][PacketQueueService.h:80] deleteQueuePacketAndPacket(): [LoRaMesher] Deleting packet
19:54:18.841 > [998295][I][PacketQueueService.h:83] deleteQueuePacketAndPacket(): [LoRaMesher] Deleting packet queue
19:54:18.850 > [998304][V][LoraMesher.cpp:658] processPackets(): [LoRaMesher] TESTING: Packet not for me, deleting it
19:54:18.859 > [998313][V][LoraMesher.cpp:641] processPackets(): [LoRaMesher] Stack space unused after entering the task: 2040
19:54:18.869 > [998323][V][LoraMesher.cpp:642] processPackets(): [LoRaMesher] Free heap: 336472
19:54:19.888 > [999341][V][LoraMesher.cpp:378] receivingRoutine(): [LoRaMesher] Stack space unused after entering the task: 2072
19:54:19.898 > [999352][V][LoraMesher.cpp:379] receivingRoutine(): [LoRaMesher] Free heap: 336472
19:54:19.905 > [999359][I][PacketService.cpp:12] createEmptyPacket(): [LoRaMesher] Packet created with 17 bytes
19:54:19.914 > [999368][I][LoraMesher.cpp:392] receivingRoutine(): [LoRaMesher] Receiving LoRa packet: Size: 17 bytes RSSI: -21 SNR: 12
19:54:19.925 > [999379][V][LoraMesher.cpp:647] processPackets(): [LoRaMesher] Size of Received Packets Queue: 1
19:54:19.934 > [999388][I][PacketQueueService.h:80] deleteQueuePacketAndPacket(): [LoRaMesher] Deleting packet
19:54:19.942 > [999396][I][PacketQueueService.h:83] deleteQueuePacketAndPacket(): [LoRaMesher] Deleting packet queue
19:54:19.951 > [999405][V][LoraMesher.cpp:658] processPackets(): [LoRaMesher] TESTING: Packet not for me, deleting it
19:54:19.961 > [999414][V][LoraMesher.cpp:641] processPackets(): [LoRaMesher] Stack space unused after entering the task: 2040
19:54:19.970 > [999424][V][LoraMesher.cpp:642] processPackets(): [LoRaMesher] Free heap: 336472
19:54:20.571 > [1000025][V][LoraMesher.cpp:378] receivingRoutine(): [LoRaMesher] Stack space unused after entering the task: 2072
19:54:20.581 > [1000035][V][LoraMesher.cpp:379] receivingRoutine(): [LoRaMesher] Free heap: 336472
19:54:20.589 > [1000043][I][PacketService.cpp:12] createEmptyPacket(): [LoRaMesher] Packet created with 17 bytes
19:54:20.598 > [1000052][I][LoraMesher.cpp:392] receivingRoutine(): [LoRaMesher] Receiving LoRa packet: Size: 17 bytes RSSI: -72 SNR: 9
19:54:20.610 > [1000063][V][LoraMesher.cpp:647] processPackets(): [LoRaMesher] Size of Received Packets Queue: 1
19:54:20.619 > [1000071][V][LoraMesher.cpp:754] printHeaderPacket(): [LoRaMesher] Packet received -- Size: 17 Src: B3F0 Dst: D110 Id: 60 Type: 2 Via: F02C Seq_Id: 0 Num: 0
19:54:20.632 > [1000085][I][LoraMesher.cpp:854] processDataPacket(): [LoRaMesher] Data packet from B3F0, destination D110, via F02C
19:54:20.642 > [1000096][V][LoraMesher.cpp:872] processDataPacket(): [LoRaMesher] Data Packet from B3F0 for D110. Via is me. Forwarding it
19:54:20.655 > [1000107][I][LoraMesher.cpp:1061] addToSendOrderedAndNotify(): [LoRaMesher] Added packet to Q_SP, notifying sender task
19:54:20.664 > [1000117][V][LoraMesher.cpp:511] sendPackets(): [LoRaMesher] Stack space unused after entering the task: 1956
19:54:20.673 > [1000127][V][LoraMesher.cpp:512] sendPackets(): [LoRaMesher] Free heap: 336368
19:54:20.681 > [1000134][V][LoraMesher.cpp:518] sendPackets(): [LoRaMesher] Size of Send Packets Queue: 1
19:54:20.688 > [1000142][V][LoraMesher.cpp:525] sendPackets(): [LoRaMesher] Send n. 10
19:54:20.695 > [1000148][V][LoraMesher.cpp:455] waitBeforeSend(): [LoRaMesher] RandomDelay 719 ms
19:54:20.702 > [1000156][V][LoraMesher.cpp:641] processPackets(): [LoRaMesher] Stack space unused after entering the task: 2040
19:54:20.712 > [1000166][V][LoraMesher.cpp:642] processPackets(): [LoRaMesher] Free heap: 336400
19:54:21.420 > [1000874][V][LoraMesher.cpp:754] printHeaderPacket(): [LoRaMesher] Packet send -- Size: 17 Src: B3F0 Dst: D110 Id: 60 Type: 2 Via: D110 Seq_Id: 0 Num: 0
19:54:21.510 > [1000964][V][LoraMesher.cpp:575] sendPackets(): [LoRaMesher] TimeOnAir 63 ms, next message in 0 ms
19:54:21.520 > [1000973][I][PacketQueueService.h:80] deleteQueuePacketAndPacket(): [LoRaMesher] Deleting packet
19:54:21.528 > [1000981][I][PacketQueueService.h:83] deleteQueuePacketAndPacket(): [LoRaMesher] Deleting packet queue
19:54:38.525 > [1017977][V][LoraMesher.cpp:378] receivingRoutine(): [LoRaMesher] Stack space unused after entering the task: 2072
19:54:38.536 > [1017987][V][LoraMesher.cpp:379] receivingRoutine(): [LoRaMesher] Free heap: 336472
19:54:38.544 > [1017995][I][PacketService.cpp:12] createEmptyPacket(): [LoRaMesher] Packet created with 17 bytes
19:54:38.553 > [1018004][I][LoraMesher.cpp:392] receivingRoutine(): [LoRaMesher] Receiving LoRa packet: Size: 17 bytes RSSI: -16 SNR: 13
19:54:38.564 > [1018015][V][LoraMesher.cpp:647] processPackets(): [LoRaMesher] Size of Received Packets Queue: 1
19:54:38.573 > [1018024][I][PacketQueueService.h:80] deleteQueuePacketAndPacket(): [LoRaMesher] Deleting packet
19:54:38.581 > [1018032][I][PacketQueueService.h:83] deleteQueuePacketAndPacket(): [LoRaMesher] Deleting packet queue
19:54:38.590 > [1018041][V][LoraMesher.cpp:658] processPackets(): [LoRaMesher] TESTING: Packet not for me, deleting it
19:54:38.599 > [1018050][V][LoraMesher.cpp:641] processPackets(): [LoRaMesher] Stack space unused after entering the task: 2040
19:54:38.609 > [1018061][V][LoraMesher.cpp:642] processPackets(): [LoRaMesher] Free heap: 336472
19:54:39.829 > [1019280][V][LoraMesher.cpp:378] receivingRoutine(): [LoRaMesher] Stack space unused after entering the task: 2072
19:54:39.839 > [1019290][V][LoraMesher.cpp:379] receivingRoutine(): [LoRaMesher] Free heap: 336472
19:54:39.847 > [1019298][I][PacketService.cpp:12] createEmptyPacket(): [LoRaMesher] Packet created with 17 bytes
19:54:39.856 > [1019307][I][LoraMesher.cpp:392] receivingRoutine(): [LoRaMesher] Receiving LoRa packet: Size: 17 bytes RSSI: -21 SNR: 12
19:54:39.867 > [1019318][V][LoraMesher.cpp:647] processPackets(): [LoRaMesher] Size of Received Packets Queue: 1
19:54:39.876 > [1019327][I][PacketQueueService.h:80] deleteQueuePacketAndPacket(): [LoRaMesher] Deleting packet
19:54:39.884 > [1019335][I][PacketQueueService.h:83] deleteQueuePacketAndPacket(): [LoRaMesher] Deleting packet queue
19:54:39.893 > [1019344][V][LoraMesher.cpp:658] processPackets(): [LoRaMesher] TESTING: Packet not for me, deleting it
19:54:39.903 > [1019354][V][LoraMesher.cpp:641] processPackets(): [LoRaMesher] Stack space unused after entering the task: 2040
19:54:39.913 > [1019364][V][LoraMesher.cpp:642] processPackets(): [LoRaMesher] Free heap: 336472
19:54:40.305 > [1019757][V][LoraMesher.cpp:378] receivingRoutine(): [LoRaMesher] Stack space unused after entering the task: 2072
19:54:40.316 > [1019767][V][LoraMesher.cpp:379] receivingRoutine(): [LoRaMesher] Free heap: 336472
19:54:40.324 > [1019775][I][PacketService.cpp:12] createEmptyPacket(): [LoRaMesher] Packet created with 17 bytes
19:54:40.333 > [1019784][I][LoraMesher.cpp:392] receivingRoutine(): [LoRaMesher] Receiving LoRa packet: Size: 17 bytes RSSI: -72 SNR: 9
19:54:40.344 > [1019795][V][LoraMesher.cpp:647] processPackets(): [LoRaMesher] Size of Received Packets Queue: 1
19:54:40.352 > [1019803][V][LoraMesher.cpp:754] printHeaderPacket(): [LoRaMesher] Packet received -- Size: 17 Src: B3F0 Dst: D110 Id: 61 Type: 2 Via: F02C Seq_Id: 0 Num: 0
19:54:40.366 > [1019817][I][LoraMesher.cpp:854] processDataPacket(): [LoRaMesher] Data packet from B3F0, destination D110, via F02C
19:54:40.377 > [1019828][V][LoraMesher.cpp:872] processDataPacket(): [LoRaMesher] Data Packet from B3F0 for D110. Via is me. Forwarding it
19:54:40.388 > [1019839][I][LoraMesher.cpp:1061] addToSendOrderedAndNotify(): [LoRaMesher] Added packet to Q_SP, notifying sender task
19:54:40.398 > [1019849][V][LoraMesher.cpp:511] sendPackets(): [LoRaMesher] Stack space unused after entering the task: 1956
19:54:40.408 > [1019859][V][LoraMesher.cpp:512] sendPackets(): [LoRaMesher] Free heap: 336368
19:54:40.415 > [1019866][V][LoraMesher.cpp:518] sendPackets(): [LoRaMesher] Size of Send Packets Queue: 1
19:54:40.423 > [1019874][V][LoraMesher.cpp:525] sendPackets(): [LoRaMesher] Send n. 11
19:54:40.429 > [1019881][V][LoraMesher.cpp:455] waitBeforeSend(): [LoRaMesher] RandomDelay 1164 ms
19:54:40.437 > [1019888][V][LoraMesher.cpp:641] processPackets(): [LoRaMesher] Stack space unused after entering the task: 2040
19:54:40.447 > [1019898][V][LoraMesher.cpp:642] processPackets(): [LoRaMesher] Free heap: 336400
19:54:41.601 > [1021052][V][LoraMesher.cpp:754] printHeaderPacket(): [LoRaMesher] Packet send -- Size: 17 Src: B3F0 Dst: D110 Id: 61 Type: 2 Via: D110 Seq_Id: 0 Num: 0
19:54:41.691 > [1021142][V][LoraMesher.cpp:575] sendPackets(): [LoRaMesher] TimeOnAir 63 ms, next message in 0 ms
19:54:41.700 > [1021151][I][PacketQueueService.h:80] deleteQueuePacketAndPacket(): [LoRaMesher] Deleting packet
19:54:41.708 > [1021159][I][PacketQueueService.h:83] deleteQueuePacketAndPacket(): [LoRaMesher] Deleting packet queue
19:54:58.798 > [1038248][V][LoraMesher.cpp:378] receivingRoutine(): [LoRaMesher] Stack space unused after entering the task: 2072
19:54:58.809 > [1038258][V][LoraMesher.cpp:379] receivingRoutine(): [LoRaMesher] Free heap: 336472
19:54:58.816 > [1038266][I][PacketService.cpp:12] createEmptyPacket(): [LoRaMesher] Packet created with 17 bytes
19:54:58.825 > [1038275][I][LoraMesher.cpp:392] receivingRoutine(): [LoRaMesher] Receiving LoRa packet: Size: 17 bytes RSSI: -16 SNR: 12
19:54:58.836 > [1038286][V][LoraMesher.cpp:647] processPackets(): [LoRaMesher] Size of Received Packets Queue: 1
19:54:58.845 > [1038295][I][PacketQueueService.h:80] deleteQueuePacketAndPacket(): [LoRaMesher] Deleting packet
19:54:58.854 > [1038303][I][PacketQueueService.h:83] deleteQueuePacketAndPacket(): [LoRaMesher] Deleting packet queue
19:54:58.863 > [1038312][V][LoraMesher.cpp:658] processPackets(): [LoRaMesher] TESTING: Packet not for me, deleting it
19:54:58.872 > [1038321][V][LoraMesher.cpp:641] processPackets(): [LoRaMesher] Stack space unused after entering the task: 2040
19:54:58.882 > [1038331][V][LoraMesher.cpp:642] processPackets(): [LoRaMesher] Free heap: 336472
19:54:59.697 > [1039147][V][LoraMesher.cpp:378] receivingRoutine(): [LoRaMesher] Stack space unused after entering the task: 2072
19:54:59.707 > [1039157][V][LoraMesher.cpp:379] receivingRoutine(): [LoRaMesher] Free heap: 336472
19:54:59.715 > [1039164][I][PacketService.cpp:12] createEmptyPacket(): [LoRaMesher] Packet created with 17 bytes
19:54:59.724 > [1039173][I][LoraMesher.cpp:392] receivingRoutine(): [LoRaMesher] Receiving LoRa packet: Size: 17 bytes RSSI: -20 SNR: 13
19:54:59.735 > [1039185][V][LoraMesher.cpp:647] processPackets(): [LoRaMesher] Size of Received Packets Queue: 1
19:54:59.744 > [1039193][I][PacketQueueService.h:80] deleteQueuePacketAndPacket(): [LoRaMesher] Deleting packet
19:54:59.752 > [1039202][I][PacketQueueService.h:83] deleteQueuePacketAndPacket(): [LoRaMesher] Deleting packet queue
19:54:59.762 > [1039211][V][LoraMesher.cpp:658] processPackets(): [LoRaMesher] TESTING: Packet not for me, deleting it
19:54:59.771 > [1039220][V][LoraMesher.cpp:641] processPackets(): [LoRaMesher] Stack space unused after entering the task: 2040
19:54:59.781 > [1039230][V][LoraMesher.cpp:642] processPackets(): [LoRaMesher] Free heap: 336472
19:55:00.728 > [1040178][V][LoraMesher.cpp:378] receivingRoutine(): [LoRaMesher] Stack space unused after entering the task: 2072
19:55:00.739 > [1040188][V][LoraMesher.cpp:379] receivingRoutine(): [LoRaMesher] Free heap: 336472
19:55:00.746 > [1040196][I][PacketService.cpp:12] createEmptyPacket(): [LoRaMesher] Packet created with 17 bytes
19:55:00.755 > [1040205][I][LoraMesher.cpp:392] receivingRoutine(): [LoRaMesher] Receiving LoRa packet: Size: 17 bytes RSSI: -72 SNR: 8
19:55:00.766 > [1040216][V][LoraMesher.cpp:647] processPackets(): [LoRaMesher] Size of Received Packets Queue: 1
19:55:00.775 > [1040224][V][LoraMesher.cpp:754] printHeaderPacket(): [LoRaMesher] Packet received -- Size: 17 Src: B3F0 Dst: D110 Id: 62 Type: 2 Via: F02C Seq_Id: 0 Num: 0
19:55:00.789 > [1040238][I][LoraMesher.cpp:854] processDataPacket(): [LoRaMesher] Data packet from B3F0, destination D110, via F02C
19:55:00.799 > [1040249][V][LoraMesher.cpp:872] processDataPacket(): [LoRaMesher] Data Packet from B3F0 for D110. Via is me. Forwarding it
19:55:00.810 > [1040260][I][LoraMesher.cpp:1061] addToSendOrderedAndNotify(): [LoRaMesher] Added packet to Q_SP, notifying sender task
19:55:00.821 > [1040270][V][LoraMesher.cpp:511] sendPackets(): [LoRaMesher] Stack space unused after entering the task: 1956
19:55:00.831 > [1040280][V][LoraMesher.cpp:512] sendPackets(): [LoRaMesher] Free heap: 336368
19:55:00.838 > [1040287][V][LoraMesher.cpp:518] sendPackets(): [LoRaMesher] Size of Send Packets Queue: 1
19:55:00.846 > [1040295][V][LoraMesher.cpp:525] sendPackets(): [LoRaMesher] Send n. 12
19:55:00.852 > [1040301][V][LoraMesher.cpp:455] waitBeforeSend(): [LoRaMesher] RandomDelay 610 ms
19:55:00.859 > [1040309][V][LoraMesher.cpp:641] processPackets(): [LoRaMesher] Stack space unused after entering the task: 2040
19:55:00.869 > [1040319][V][LoraMesher.cpp:642] processPackets(): [LoRaMesher] Free heap: 336400
19:55:01.468 > [1040918][V][LoraMesher.cpp:754] printHeaderPacket(): [LoRaMesher] Packet send -- Size: 17 Src: B3F0 Dst: D110 Id: 62 Type: 2 Via: D110 Seq_Id: 0 Num: 0
19:55:01.558 > [1041008][V][LoraMesher.cpp:575] sendPackets(): [LoRaMesher] TimeOnAir 63 ms, next message in 0 ms
19:55:01.567 > [1041017][I][PacketQueueService.h:80] deleteQueuePacketAndPacket(): [LoRaMesher] Deleting packet
19:55:01.576 > [1041025][I][PacketQueueService.h:83] deleteQueuePacketAndPacket(): [LoRaMesher] Deleting packet queue
19:55:14.905 > [1054353][V][LoraMesher.cpp:378] receivingRoutine(): [LoRaMesher] Stack space unused after entering the task: 2072
19:55:14.916 > [1054363][V][LoraMesher.cpp:379] receivingRoutine(): [LoRaMesher] Free heap: 336472
19:55:14.923 > [1054371][I][PacketService.cpp:12] createEmptyPacket(): [LoRaMesher] Packet created with 24 bytes
19:55:14.932 > [1054380][I][LoraMesher.cpp:392] receivingRoutine(): [LoRaMesher] Receiving LoRa packet: Size: 24 bytes RSSI: -16 SNR: 13
19:55:14.943 > [1054391][V][LoraMesher.cpp:647] processPackets(): [LoRaMesher] Size of Received Packets Queue: 1
19:55:14.952 > [1054400][I][PacketQueueService.h:80] deleteQueuePacketAndPacket(): [LoRaMesher] Deleting packet
19:55:14.961 > [1054408][I][PacketQueueService.h:83] deleteQueuePacketAndPacket(): [LoRaMesher] Deleting packet queue
19:55:14.970 > [1054417][V][LoraMesher.cpp:658] processPackets(): [LoRaMesher] TESTING: Packet not for me, deleting it
19:55:14.979 > [1054426][V][LoraMesher.cpp:641] processPackets(): [LoRaMesher] Stack space unused after entering the task: 2040
19:55:14.989 > [1054437][V][LoraMesher.cpp:642] processPackets(): [LoRaMesher] Free heap: 336472
19:55:19.044 > [1058492][V][LoraMesher.cpp:378] receivingRoutine(): [LoRaMesher] Stack space unused after entering the task: 2072
19:55:19.054 > [1058502][V][LoraMesher.cpp:379] receivingRoutine(): [LoRaMesher] Free heap: 336472
19:55:19.062 > [1058510][I][PacketService.cpp:12] createEmptyPacket(): [LoRaMesher] Packet created with 17 bytes
19:55:19.071 > [1058518][I][LoraMesher.cpp:392] receivingRoutine(): [LoRaMesher] Receiving LoRa packet: Size: 17 bytes RSSI: -19 SNR: 12
19:55:19.082 > [1058530][V][LoraMesher.cpp:647] processPackets(): [LoRaMesher] Size of Received Packets Queue: 1
19:55:19.091 > [1058538][I][PacketQueueService.h:80] deleteQueuePacketAndPacket(): [LoRaMesher] Deleting packet
19:55:19.099 > [1058547][I][PacketQueueService.h:83] deleteQueuePacketAndPacket(): [LoRaMesher] Deleting packet queue
19:55:19.108 > [1058556][V][LoraMesher.cpp:658] processPackets(): [LoRaMesher] TESTING: Packet not for me, deleting it
19:55:19.118 > [1058565][V][LoraMesher.cpp:641] processPackets(): [LoRaMesher] Stack space unused after entering the task: 2040
19:55:19.128 > [1058575][V][LoraMesher.cpp:642] processPackets(): [LoRaMesher] Free heap: 336472
19:55:19.528 > [1058976][V][LoraMesher.cpp:378] receivingRoutine(): [LoRaMesher] Stack space unused after entering the task: 2072
19:55:19.539 > [1058986][V][LoraMesher.cpp:379] receivingRoutine(): [LoRaMesher] Free heap: 336472
19:55:19.546 > [1058994][I][PacketService.cpp:12] createEmptyPacket(): [LoRaMesher] Packet created with 17 bytes
19:55:19.555 > [1059003][I][LoraMesher.cpp:392] receivingRoutine(): [LoRaMesher] Receiving LoRa packet: Size: 17 bytes RSSI: -21 SNR: 13
19:55:19.566 > [1059014][V][LoraMesher.cpp:647] processPackets(): [LoRaMesher] Size of Received Packets Queue: 1
19:55:19.575 > [1059023][I][PacketQueueService.h:80] deleteQueuePacketAndPacket(): [LoRaMesher] Deleting packet
19:55:19.584 > [1059031][I][PacketQueueService.h:83] deleteQueuePacketAndPacket(): [LoRaMesher] Deleting packet queue
19:55:19.593 > [1059041][V][LoraMesher.cpp:658] processPackets(): [LoRaMesher] TESTING: Packet not for me, deleting it
19:55:19.602 > [1059050][V][LoraMesher.cpp:641] processPackets(): [LoRaMesher] Stack space unused after entering the task: 2040
19:55:19.612 > [1059060][V][LoraMesher.cpp:642] processPackets(): [LoRaMesher] Free heap: 336472
19:55:20.011 > [1059459][V][LoraMesher.cpp:378] receivingRoutine(): [LoRaMesher] Stack space unused after entering the task: 2072
19:55:20.021 > [1059469][V][LoraMesher.cpp:379] receivingRoutine(): [LoRaMesher] Free heap: 336472
19:55:20.029 > [1059477][I][PacketService.cpp:12] createEmptyPacket(): [LoRaMesher] Packet created with 17 bytes
19:55:20.038 > [1059485][I][LoraMesher.cpp:392] receivingRoutine(): [LoRaMesher] Receiving LoRa packet: Size: 17 bytes RSSI: -69 SNR: 10
19:55:20.049 > [1059497][V][LoraMesher.cpp:647] processPackets(): [LoRaMesher] Size of Received Packets Queue: 1
19:55:20.058 > [1059505][V][LoraMesher.cpp:754] printHeaderPacket(): [LoRaMesher] Packet received -- Size: 17 Src: B3F0 Dst: D110 Id: 64 Type: 2 Via: F02C Seq_Id: 0 Num: 0
19:55:20.072 > [1059519][I][LoraMesher.cpp:854] processDataPacket(): [LoRaMesher] Data packet from B3F0, destination D110, via F02C
19:55:20.082 > [1059530][V][LoraMesher.cpp:872] processDataPacket(): [LoRaMesher] Data Packet from B3F0 for D110. Via is me. Forwarding it
19:55:20.093 > [1059541][I][LoraMesher.cpp:1061] addToSendOrderedAndNotify(): [LoRaMesher] Added packet to Q_SP, notifying sender task
19:55:20.103 > [1059551][V][LoraMesher.cpp:511] sendPackets(): [LoRaMesher] Stack space unused after entering the task: 1956
19:55:20.113 > [1059561][V][LoraMesher.cpp:512] sendPackets(): [LoRaMesher] Free heap: 336368
19:55:20.120 > [1059568][V][LoraMesher.cpp:518] sendPackets(): [LoRaMesher] Size of Send Packets Queue: 1
19:55:20.128 > [1059576][V][LoraMesher.cpp:525] sendPackets(): [LoRaMesher] Send n. 13
19:55:20.135 > [1059582][V][LoraMesher.cpp:455] waitBeforeSend(): [LoRaMesher] RandomDelay 1202 ms
19:55:20.142 > [1059590][V][LoraMesher.cpp:641] processPackets(): [LoRaMesher] Stack space unused after entering the task: 2040
19:55:20.152 > [1059600][V][LoraMesher.cpp:642] processPackets(): [LoRaMesher] Free heap: 336400
19:55:21.344 > [1060792][V][LoraMesher.cpp:754] printHeaderPacket(): [LoRaMesher] Packet send -- Size: 17 Src: B3F0 Dst: D110 Id: 64 Type: 2 Via: D110 Seq_Id: 0 Num: 0
19:55:21.434 > [1060882][V][LoraMesher.cpp:575] sendPackets(): [LoRaMesher] TimeOnAir 63 ms, next message in 0 ms
19:55:21.444 > [1060891][I][PacketQueueService.h:80] deleteQueuePacketAndPacket(): [LoRaMesher] Deleting packet
19:55:21.452 > [1060899][I][PacketQueueService.h:83] deleteQueuePacketAndPacket(): [LoRaMesher] Deleting packet queue
19:55:38.330 > [1077776][V][LoraMesher.cpp:378] receivingRoutine(): [LoRaMesher] Stack space unused after entering the task: 2072
19:55:38.340 > [1077786][V][LoraMesher.cpp:379] receivingRoutine(): [LoRaMesher] Free heap: 336472
19:55:38.348 > [1077794][I][PacketService.cpp:12] createEmptyPacket(): [LoRaMesher] Packet created with 17 bytes
19:55:38.356 > [1077802][I][LoraMesher.cpp:392] receivingRoutine(): [LoRaMesher] Receiving LoRa packet: Size: 17 bytes RSSI: -22 SNR: 13
19:55:38.368 > [1077814][V][LoraMesher.cpp:647] processPackets(): [LoRaMesher] Size of Received Packets Queue: 1
19:55:38.376 > [1077822][I][PacketQueueService.h:80] deleteQueuePacketAndPacket(): [LoRaMesher] Deleting packet
19:55:38.385 > [1077831][I][PacketQueueService.h:83] deleteQueuePacketAndPacket(): [LoRaMesher] Deleting packet queue
19:55:38.394 > [1077840][V][LoraMesher.cpp:658] processPackets(): [LoRaMesher] TESTING: Packet not for me, deleting it
19:55:38.403 > [1077849][V][LoraMesher.cpp:641] processPackets(): [LoRaMesher] Stack space unused after entering the task: 2040
19:55:38.413 > [1077859][V][LoraMesher.cpp:642] processPackets(): [LoRaMesher] Free heap: 336472
19:55:39.244 > [1078690][V][LoraMesher.cpp:378] receivingRoutine(): [LoRaMesher] Stack space unused after entering the task: 2072
19:55:39.254 > [1078700][V][LoraMesher.cpp:379] receivingRoutine(): [LoRaMesher] Free heap: 336472
19:55:39.261 > [1078708][I][PacketService.cpp:12] createEmptyPacket(): [LoRaMesher] Packet created with 17 bytes
19:55:39.270 > [1078716][I][LoraMesher.cpp:392] receivingRoutine(): [LoRaMesher] Receiving LoRa packet: Size: 17 bytes RSSI: -20 SNR: 13
19:55:39.282 > [1078728][V][LoraMesher.cpp:647] processPackets(): [LoRaMesher] Size of Received Packets Queue: 1
19:55:39.290 > [1078736][I][PacketQueueService.h:80] deleteQueuePacketAndPacket(): [LoRaMesher] Deleting packet
19:55:39.299 > [1078745][I][PacketQueueService.h:83] deleteQueuePacketAndPacket(): [LoRaMesher] Deleting packet queue
19:55:39.308 > [1078754][V][LoraMesher.cpp:658] processPackets(): [LoRaMesher] TESTING: Packet not for me, deleting it
19:55:39.317 > [1078763][V][LoraMesher.cpp:641] processPackets(): [LoRaMesher] Stack space unused after entering the task: 2040
19:55:39.327 > [1078773][V][LoraMesher.cpp:642] processPackets(): [LoRaMesher] Free heap: 336472
19:55:40.196 > [1079642][V][LoraMesher.cpp:378] receivingRoutine(): [LoRaMesher] Stack space unused after entering the task: 2072
19:55:40.207 > [1079652][V][LoraMesher.cpp:379] receivingRoutine(): [LoRaMesher] Free heap: 336472
19:55:40.214 > [1079660][I][PacketService.cpp:12] createEmptyPacket(): [LoRaMesher] Packet created with 17 bytes
19:55:40.223 > [1079668][I][LoraMesher.cpp:392] receivingRoutine(): [LoRaMesher] Receiving LoRa packet: Size: 17 bytes RSSI: -67 SNR: 12
19:55:40.234 > [1079680][V][LoraMesher.cpp:647] processPackets(): [LoRaMesher] Size of Received Packets Queue: 1
19:55:40.242 > [1079688][V][LoraMesher.cpp:754] printHeaderPacket(): [LoRaMesher] Packet received -- Size: 17 Src: B3F0 Dst: D110 Id: 65 Type: 2 Via: F02C Seq_Id: 0 Num: 0
19:55:40.257 > [1079702][I][LoraMesher.cpp:854] processDataPacket(): [LoRaMesher] Data packet from B3F0, destination D110, via F02C
19:55:40.267 > [1079713][V][LoraMesher.cpp:872] processDataPacket(): [LoRaMesher] Data Packet from B3F0 for D110. Via is me. Forwarding it
19:55:40.277 > [1079724][I][LoraMesher.cpp:1061] addToSendOrderedAndNotify(): [LoRaMesher] Added packet to Q_SP, notifying sender task
19:55:40.288 > [1079734][V][LoraMesher.cpp:511] sendPackets(): [LoRaMesher] Stack space unused after entering the task: 1956
19:55:40.298 > [1079744][V][LoraMesher.cpp:512] sendPackets(): [LoRaMesher] Free heap: 336368
19:55:40.305 > [1079751][V][LoraMesher.cpp:518] sendPackets(): [LoRaMesher] Size of Send Packets Queue: 1
19:55:40.313 > [1079759][V][LoraMesher.cpp:525] sendPackets(): [LoRaMesher] Send n. 14
19:55:40.319 > [1079765][V][LoraMesher.cpp:455] waitBeforeSend(): [LoRaMesher] RandomDelay 334 ms
19:55:40.327 > [1079773][V][LoraMesher.cpp:641] processPackets(): [LoRaMesher] Stack space unused after entering the task: 2040
19:55:40.337 > [1079783][V][LoraMesher.cpp:642] processPackets(): [LoRaMesher] Free heap: 336400
19:55:40.660 > [1080106][V][LoraMesher.cpp:754] printHeaderPacket(): [LoRaMesher] Packet send -- Size: 17 Src: B3F0 Dst: D110 Id: 65 Type: 2 Via: D110 Seq_Id: 0 Num: 0
19:55:40.750 > [1080196][V][LoraMesher.cpp:575] sendPackets(): [LoRaMesher] TimeOnAir 63 ms, next message in 0 ms
19:55:40.759 > [1080205][I][PacketQueueService.h:80] deleteQueuePacketAndPacket(): [LoRaMesher] Deleting packet
19:55:40.767 > [1080213][I][PacketQueueService.h:83] deleteQueuePacketAndPacket(): [LoRaMesher] Deleting packet queue
19:55:49.042 > [1088488][V][LoraMesher.cpp:598] sendHelloPacket(): [LoRaMesher] Creating Routing Packet
19:55:49.051 > [1088496][V][LoraMesher.cpp:599] sendHelloPacket(): [LoRaMesher] Stack space unused after entering the task: 2332
19:55:49.062 > [1088506][V][LoraMesher.cpp:600] sendHelloPacket(): [LoRaMesher] Free heap: 336472
19:55:49.068 > [1088513][V][PacketFactory.h:45] createPacket(): [LoRaMesher] Creating packet with 24 bytes
19:55:49.076 > [1088521][I][PacketFactory.h:74] createPacket(): [LoRaMesher] Packet created with 24 bytes
19:55:49.084 > [1088530][I][LoraMesher.h:659] setPackedForSend(): [LoRaMesher] Adding packet to Q_SP
19:55:49.092 > [1088537][I][LoraMesher.h:661] setPackedForSend(): [LoRaMesher] Created packet to Q_SP
19:55:49.100 > [1088545][I][LoraMesher.cpp:1061] addToSendOrderedAndNotify(): [LoRaMesher] Added packet to Q_SP, notifying sender task
19:55:49.110 > [1088555][V][LoraMesher.cpp:511] sendPackets(): [LoRaMesher] Stack space unused after entering the task: 1956
19:55:49.120 > [1088565][V][LoraMesher.cpp:512] sendPackets(): [LoRaMesher] Free heap: 336372
19:55:49.127 > [1088572][V][LoraMesher.cpp:518] sendPackets(): [LoRaMesher] Size of Send Packets Queue: 1
19:55:49.135 > [1088580][V][LoraMesher.cpp:525] sendPackets(): [LoRaMesher] Send n. 15
19:55:49.142 > [1088587][V][LoraMesher.cpp:455] waitBeforeSend(): [LoRaMesher] RandomDelay 909 ms
19:55:49.642 > [1089088][V][LoraMesher.cpp:378] receivingRoutine(): [LoRaMesher] Stack space unused after entering the task: 2072
19:55:49.654 > [1089098][V][LoraMesher.cpp:379] receivingRoutine(): [LoRaMesher] Free heap: 336400
19:55:49.661 > [1089106][I][PacketService.cpp:12] createEmptyPacket(): [LoRaMesher] Packet created with 24 bytes
19:55:49.669 > [1089114][I][LoraMesher.cpp:392] receivingRoutine(): [LoRaMesher] Receiving LoRa packet: Size: 24 bytes RSSI: -67 SNR: 11
19:55:49.681 > [1089126][V][LoraMesher.cpp:647] processPackets(): [LoRaMesher] Size of Received Packets Queue: 1
19:55:49.689 > [1089135][V][LoraMesher.cpp:754] printHeaderPacket(): [LoRaMesher] Packet received -- Size: 24 Src: AFC0 Dst: FFFF Id: 9 Type: 4 Via: 0 Seq_Id: 0 Num: 0
19:55:49.703 > [1089148][I][RoutingTableService.cpp:77] processRoute(): [LoRaMesher] Route packet from AFC0 with size 4
19:55:49.712 > [1089157][I][RoutingTableService.cpp:99] resetReceiveSNRRoutePacket(): [LoRaMesher] Reset Receive SNR from AFC0: 11
19:55:49.722 > [1089168][I][RoutingTableService.cpp:192] printRoutingTable(): [LoRaMesher] Current routing table:
19:55:49.731 > [1089176][I][RoutingTableService.cpp:206] printRoutingTable(): [LoRaMesher] 0 - AFC0 via AFC0 metric 1 Role 0
19:55:49.741 > [1089186][I][RoutingTableService.cpp:206] printRoutingTable(): [LoRaMesher] 1 - DE6C via AFC0 metric 2 Role 0
19:55:49.751 > [1089196][I][RoutingTableService.cpp:206] printRoutingTable(): [LoRaMesher] 2 - B3F0 via AFC0 metric 3 Role 0
19:55:49.760 > [1089206][I][RoutingTableService.cpp:206] printRoutingTable(): [LoRaMesher] 3 - D110 via D110 metric 1 Role 1
19:55:49.770 > [1089215][I][PacketQueueService.h:80] deleteQueuePacketAndPacket(): [LoRaMesher] Deleting packet
19:55:49.779 > [1089224][I][PacketQueueService.h:83] deleteQueuePacketAndPacket(): [LoRaMesher] Deleting packet queue
19:55:49.788 > [1089233][V][LoraMesher.cpp:641] processPackets(): [LoRaMesher] Stack space unused after entering the task: 2040
19:55:49.798 > [1089243][V][LoraMesher.cpp:642] processPackets(): [LoRaMesher] Free heap: 336400
19:55:50.063 > [1089509][V][LoraMesher.cpp:462] waitBeforeSend(): [LoRaMesher] Preamble detected while waiting 1
19:55:50.072 > [1089518][V][LoraMesher.cpp:455] waitBeforeSend(): [LoRaMesher] RandomDelay 1124 ms
19:55:50.252 > [1089697][V][LoraMesher.cpp:378] receivingRoutine(): [LoRaMesher] Stack space unused after entering the task: 2072
19:55:50.262 > [1089707][V][LoraMesher.cpp:379] receivingRoutine(): [LoRaMesher] Free heap: 336400
19:55:50.270 > [1089715][I][PacketService.cpp:12] createEmptyPacket(): [LoRaMesher] Packet created with 24 bytes
19:55:50.278 > [1089724][I][LoraMesher.cpp:392] receivingRoutine(): [LoRaMesher] Receiving LoRa packet: Size: 24 bytes RSSI: -27 SNR: 13
19:55:50.290 > [1089735][V][LoraMesher.cpp:647] processPackets(): [LoRaMesher] Size of Received Packets Queue: 1
19:55:50.299 > [1089744][V][LoraMesher.cpp:754] printHeaderPacket(): [LoRaMesher] Packet received -- Size: 24 Src: D110 Dst: FFFF Id: 10 Type: 4 Via: 0 Seq_Id: 0 Num: 0
19:55:50.312 > [1089757][I][RoutingTableService.cpp:77] processRoute(): [LoRaMesher] Route packet from D110 with size 4
19:55:50.321 > [1089767][I][RoutingTableService.cpp:99] resetReceiveSNRRoutePacket(): [LoRaMesher] Reset Receive SNR from D110: 13
19:55:50.332 > [1089777][I][RoutingTableService.cpp:192] printRoutingTable(): [LoRaMesher] Current routing table:
19:55:50.340 > [1089786][I][RoutingTableService.cpp:206] printRoutingTable(): [LoRaMesher] 0 - AFC0 via AFC0 metric 1 Role 0
19:55:50.350 > [1089795][I][RoutingTableService.cpp:206] printRoutingTable(): [LoRaMesher] 1 - DE6C via AFC0 metric 2 Role 0
19:55:50.360 > [1089805][I][RoutingTableService.cpp:206] printRoutingTable(): [LoRaMesher] 2 - B3F0 via AFC0 metric 3 Role 0
19:55:50.370 > [1089815][I][RoutingTableService.cpp:206] printRoutingTable(): [LoRaMesher] 3 - D110 via D110 metric 1 Role 1
19:55:50.379 > [1089825][I][PacketQueueService.h:80] deleteQueuePacketAndPacket(): [LoRaMesher] Deleting packet
19:55:50.388 > [1089833][I][PacketQueueService.h:83] deleteQueuePacketAndPacket(): [LoRaMesher] Deleting packet queue
19:55:50.397 > [1089842][V][LoraMesher.cpp:641] processPackets(): [LoRaMesher] Stack space unused after entering the task: 2040
19:55:50.407 > [1089852][V][LoraMesher.cpp:642] processPackets(): [LoRaMesher] Free heap: 336400
19:55:51.210 > [1090655][V][LoraMesher.cpp:462] waitBeforeSend(): [LoRaMesher] Preamble detected while waiting 2
19:55:51.219 > [1090664][V][LoraMesher.cpp:455] waitBeforeSend(): [LoRaMesher] RandomDelay 493 ms
19:55:51.434 > [1090879][V][LoraMesher.cpp:378] receivingRoutine(): [LoRaMesher] Stack space unused after entering the task: 2072
19:55:51.445 > [1090889][V][LoraMesher.cpp:379] receivingRoutine(): [LoRaMesher] Free heap: 336400
19:55:51.453 > [1090897][I][PacketService.cpp:12] createEmptyPacket(): [LoRaMesher] Packet created with 24 bytes
19:55:51.462 > [1090906][I][LoraMesher.cpp:392] receivingRoutine(): [LoRaMesher] Receiving LoRa packet: Size: 24 bytes RSSI: -20 SNR: 13
19:55:51.472 > [1090917][V][LoraMesher.cpp:647] processPackets(): [LoRaMesher] Size of Received Packets Queue: 1
19:55:51.482 > [1090926][I][PacketQueueService.h:80] deleteQueuePacketAndPacket(): [LoRaMesher] Deleting packet
19:55:51.490 > [1090934][I][PacketQueueService.h:83] deleteQueuePacketAndPacket(): [LoRaMesher] Deleting packet queue
19:55:51.499 > [1090944][V][LoraMesher.cpp:658] processPackets(): [LoRaMesher] TESTING: Packet not for me, deleting it
19:55:51.508 > [1090953][V][LoraMesher.cpp:641] processPackets(): [LoRaMesher] Stack space unused after entering the task: 2040
19:55:51.519 > [1090963][V][LoraMesher.cpp:642] processPackets(): [LoRaMesher] Free heap: 336400
19:55:51.725 > [1091170][V][LoraMesher.cpp:462] waitBeforeSend(): [LoRaMesher] Preamble detected while waiting 3
19:55:51.734 > [1091178][V][LoraMesher.cpp:455] waitBeforeSend(): [LoRaMesher] RandomDelay 707 ms
19:55:52.447 > [1091892][V][LoraMesher.cpp:754] printHeaderPacket(): [LoRaMesher] Packet send -- Size: 24 Src: F02C Dst: FFFF Id: 9 Type: 4 Via: 0 Seq_Id: 0 Num: 0
19:55:52.551 > [1091996][V][LoraMesher.cpp:575] sendPackets(): [LoRaMesher] TimeOnAir 78 ms, next message in 0 ms
19:55:52.561 > [1092005][I][PacketQueueService.h:80] deleteQueuePacketAndPacket(): [LoRaMesher] Deleting packet
19:55:52.569 > [1092013][I][PacketQueueService.h:83] deleteQueuePacketAndPacket(): [LoRaMesher] Deleting packet queue
19:55:58.387 > [1097831][V][LoraMesher.cpp:378] receivingRoutine(): [LoRaMesher] Stack space unused after entering the task: 2072
19:55:58.397 > [1097842][V][LoraMesher.cpp:379] receivingRoutine(): [LoRaMesher] Free heap: 336472
19:55:58.405 > [1097849][I][PacketService.cpp:12] createEmptyPacket(): [LoRaMesher] Packet created with 8 bytes
19:55:58.414 > [1097858][I][LoraMesher.cpp:392] receivingRoutine(): [LoRaMesher] Receiving LoRa packet: Size: 8 bytes RSSI: -35 SNR: 14
19:55:58.425 > [1097869][V][LoraMesher.cpp:647] processPackets(): [LoRaMesher] Size of Received Packets Queue: 1
19:55:58.433 > [1097878][I][PacketQueueService.h:80] deleteQueuePacketAndPacket(): [LoRaMesher] Deleting packet
19:55:58.442 > [1097886][I][PacketQueueService.h:83] deleteQueuePacketAndPacket(): [LoRaMesher] Deleting packet queue
19:55:58.451 > [1097895][V][LoraMesher.cpp:658] processPackets(): [LoRaMesher] TESTING: Packet not for me, deleting it
19:55:58.460 > [1097905][V][LoraMesher.cpp:641] processPackets(): [LoRaMesher] Stack space unused after entering the task: 2040
19:55:58.470 > [1097915][V][LoraMesher.cpp:642] processPackets(): [LoRaMesher] Free heap: 336472
19:55:59.743 > [1099188][V][LoraMesher.cpp:378] receivingRoutine(): [LoRaMesher] Stack space unused after entering the task: 2072
19:55:59.753 > [1099198][V][LoraMesher.cpp:379] receivingRoutine(): [LoRaMesher] Free heap: 336472
19:55:59.761 > [1099205][I][PacketService.cpp:12] createEmptyPacket(): [LoRaMesher] Packet created with 17 bytes
19:55:59.770 > [1099214][I][LoraMesher.cpp:392] receivingRoutine(): [LoRaMesher] Receiving LoRa packet: Size: 17 bytes RSSI: -19 SNR: 14
19:55:59.781 > [1099226][V][LoraMesher.cpp:647] processPackets(): [LoRaMesher] Size of Received Packets Queue: 1
19:55:59.790 > [1099234][I][PacketQueueService.h:80] deleteQueuePacketAndPacket(): [LoRaMesher] Deleting packet
19:55:59.798 > [1099243][I][PacketQueueService.h:83] deleteQueuePacketAndPacket(): [LoRaMesher] Deleting packet queue
19:55:59.808 > [1099252][V][LoraMesher.cpp:658] processPackets(): [LoRaMesher] TESTING: Packet not for me, deleting it
19:55:59.817 > [1099261][V][LoraMesher.cpp:641] processPackets(): [LoRaMesher] Stack space unused after entering the task: 2040
19:55:59.827 > [1099271][V][LoraMesher.cpp:642] processPackets(): [LoRaMesher] Free heap: 336472
19:56:01.096 > [1100540][V][LoraMesher.cpp:378] receivingRoutine(): [LoRaMesher] Stack space unused after entering the task: 2072
19:56:01.107 > [1100551][V][LoraMesher.cpp:379] receivingRoutine(): [LoRaMesher] Free heap: 336472
19:56:01.115 > [1100558][I][PacketService.cpp:12] createEmptyPacket(): [LoRaMesher] Packet created with 17 bytes
19:56:01.123 > [1100567][I][LoraMesher.cpp:392] receivingRoutine(): [LoRaMesher] Receiving LoRa packet: Size: 17 bytes RSSI: -20 SNR: 13
19:56:01.134 > [1100578][V][LoraMesher.cpp:647] processPackets(): [LoRaMesher] Size of Received Packets Queue: 1
19:56:01.144 > [1100587][I][PacketQueueService.h:80] deleteQueuePacketAndPacket(): [LoRaMesher] Deleting packet
19:56:01.151 > [1100596][I][PacketQueueService.h:83] deleteQueuePacketAndPacket(): [LoRaMesher] Deleting packet queue
19:56:01.160 > [1100605][V][LoraMesher.cpp:658] processPackets(): [LoRaMesher] TESTING: Packet not for me, deleting it
19:56:01.170 > [1100614][V][LoraMesher.cpp:641] processPackets(): [LoRaMesher] Stack space unused after entering the task: 2040
19:56:01.181 > [1100624][V][LoraMesher.cpp:642] processPackets(): [LoRaMesher] Free heap: 336472
19:56:02.295 > [1101740][V][LoraMesher.cpp:378] receivingRoutine(): [LoRaMesher] Stack space unused after entering the task: 2072
19:56:02.306 > [1101750][V][LoraMesher.cpp:379] receivingRoutine(): [LoRaMesher] Free heap: 336472
19:56:02.314 > [1101757][I][PacketService.cpp:12] createEmptyPacket(): [LoRaMesher] Packet created with 17 bytes
19:56:02.323 > [1101766][I][LoraMesher.cpp:392] receivingRoutine(): [LoRaMesher] Receiving LoRa packet: Size: 17 bytes RSSI: -60 SNR: 13
19:56:02.334 > [1101778][V][LoraMesher.cpp:647] processPackets(): [LoRaMesher] Size of Received Packets Queue: 1
19:56:02.343 > [1101786][V][LoraMesher.cpp:754] printHeaderPacket(): [LoRaMesher] Packet received -- Size: 17 Src: B3F0 Dst: D110 Id: 66 Type: 2 Via: F02C Seq_Id: 0 Num: 0
19:56:02.357 > [1101800][I][LoraMesher.cpp:854] processDataPacket(): [LoRaMesher] Data packet from B3F0, destination D110, via F02C
19:56:02.367 > [1101810][V][LoraMesher.cpp:872] processDataPacket(): [LoRaMesher] Data Packet from B3F0 for D110. Via is me. Forwarding it
19:56:02.378 > [1101821][I][LoraMesher.cpp:1061] addToSendOrderedAndNotify(): [LoRaMesher] Added packet to Q_SP, notifying sender task
19:56:02.389 > [1101832][V][LoraMesher.cpp:511] sendPackets(): [LoRaMesher] Stack space unused after entering the task: 1956
19:56:02.398 > [1101842][V][LoraMesher.cpp:512] sendPackets(): [LoRaMesher] Free heap: 336368
19:56:02.405 > [1101849][V][LoraMesher.cpp:518] sendPackets(): [LoRaMesher] Size of Send Packets Queue: 1
19:56:02.413 > [1101857][V][LoraMesher.cpp:525] sendPackets(): [LoRaMesher] Send n. 16
19:56:02.420 > [1101863][V][LoraMesher.cpp:455] waitBeforeSend(): [LoRaMesher] RandomDelay 575 ms
19:56:02.427 > [1101871][V][LoraMesher.cpp:641] processPackets(): [LoRaMesher] Stack space unused after entering the task: 2040
19:56:02.437 > [1101881][V][LoraMesher.cpp:642] processPackets(): [LoRaMesher] Free heap: 336400
19:56:03.001 > [1102445][V][LoraMesher.cpp:754] printHeaderPacket(): [LoRaMesher] Packet send -- Size: 17 Src: B3F0 Dst: D110 Id: 66 Type: 2 Via: D110 Seq_Id: 0 Num: 0
19:56:03.091 > [1102535][V][LoraMesher.cpp:575] sendPackets(): [LoRaMesher] TimeOnAir 63 ms, next message in 0 ms
19:56:03.100 > [1102544][I][PacketQueueService.h:80] deleteQueuePacketAndPacket(): [LoRaMesher] Deleting packet
19:56:03.109 > [1102552][I][PacketQueueService.h:83] deleteQueuePacketAndPacket(): [LoRaMesher] Deleting packet queue
19:56:18.593 > [1118036][V][LoraMesher.cpp:378] receivingRoutine(): [LoRaMesher] Stack space unused after entering the task: 2072
19:56:18.603 > [1118046][V][LoraMesher.cpp:379] receivingRoutine(): [LoRaMesher] Free heap: 336472
19:56:18.611 > [1118054][I][PacketService.cpp:12] createEmptyPacket(): [LoRaMesher] Packet created with 17 bytes
19:56:18.620 > [1118062][I][LoraMesher.cpp:392] receivingRoutine(): [LoRaMesher] Receiving LoRa packet: Size: 17 bytes RSSI: -18 SNR: 12
19:56:18.631 > [1118074][V][LoraMesher.cpp:647] processPackets(): [LoRaMesher] Size of Received Packets Queue: 1
19:56:18.640 > [1118082][I][PacketQueueService.h:80] deleteQueuePacketAndPacket(): [LoRaMesher] Deleting packet
19:56:18.648 > [1118091][I][PacketQueueService.h:83] deleteQueuePacketAndPacket(): [LoRaMesher] Deleting packet queue
19:56:18.657 > [1118100][V][LoraMesher.cpp:658] processPackets(): [LoRaMesher] TESTING: Packet not for me, deleting it
19:56:18.667 > [1118109][V][LoraMesher.cpp:641] processPackets(): [LoRaMesher] Stack space unused after entering the task: 2040
19:56:18.677 > [1118119][V][LoraMesher.cpp:642] processPackets(): [LoRaMesher] Free heap: 336472
19:56:19.806 > [1119249][V][LoraMesher.cpp:378] receivingRoutine(): [LoRaMesher] Stack space unused after entering the task: 2072
19:56:19.816 > [1119259][V][LoraMesher.cpp:379] receivingRoutine(): [LoRaMesher] Free heap: 336472
19:56:19.824 > [1119267][I][PacketService.cpp:12] createEmptyPacket(): [LoRaMesher] Packet created with 17 bytes
19:56:19.833 > [1119276][I][LoraMesher.cpp:392] receivingRoutine(): [LoRaMesher] Receiving LoRa packet: Size: 17 bytes RSSI: -17 SNR: 12
19:56:19.844 > [1119287][V][LoraMesher.cpp:647] processPackets(): [LoRaMesher] Size of Received Packets Queue: 1
19:56:19.853 > [1119295][I][PacketQueueService.h:80] deleteQueuePacketAndPacket(): [LoRaMesher] Deleting packet
19:56:19.861 > [1119304][I][PacketQueueService.h:83] deleteQueuePacketAndPacket(): [LoRaMesher] Deleting packet queue
19:56:19.870 > [1119313][V][LoraMesher.cpp:658] processPackets(): [LoRaMesher] TESTING: Packet not for me, deleting it
19:56:19.880 > [1119322][V][LoraMesher.cpp:641] processPackets(): [LoRaMesher] Stack space unused after entering the task: 2040
19:56:19.890 > [1119332][V][LoraMesher.cpp:642] processPackets(): [LoRaMesher] Free heap: 336472
19:56:20.854 > [1120297][V][LoraMesher.cpp:378] receivingRoutine(): [LoRaMesher] Stack space unused after entering the task: 2072
19:56:20.865 > [1120307][V][LoraMesher.cpp:379] receivingRoutine(): [LoRaMesher] Free heap: 336472
19:56:20.872 > [1120314][I][PacketService.cpp:12] createEmptyPacket(): [LoRaMesher] Packet created with 17 bytes
19:56:20.880 > [1120323][I][LoraMesher.cpp:392] receivingRoutine(): [LoRaMesher] Receiving LoRa packet: Size: 17 bytes RSSI: -60 SNR: 12
19:56:20.892 > [1120334][V][LoraMesher.cpp:647] processPackets(): [LoRaMesher] Size of Received Packets Queue: 1
19:56:20.901 > [1120343][V][LoraMesher.cpp:754] printHeaderPacket(): [LoRaMesher] Packet received -- Size: 17 Src: B3F0 Dst: D110 Id: 67 Type: 2 Via: F02C Seq_Id: 0 Num: 0
19:56:20.914 > [1120357][I][LoraMesher.cpp:854] processDataPacket(): [LoRaMesher] Data packet from B3F0, destination D110, via F02C
19:56:20.925 > [1120367][V][LoraMesher.cpp:872] processDataPacket(): [LoRaMesher] Data Packet from B3F0 for D110. Via is me. Forwarding it
19:56:20.936 > [1120378][I][LoraMesher.cpp:1061] addToSendOrderedAndNotify(): [LoRaMesher] Added packet to Q_SP, notifying sender task
19:56:20.946 > [1120389][V][LoraMesher.cpp:511] sendPackets(): [LoRaMesher] Stack space unused after entering the task: 1956
19:56:20.956 > [1120399][V][LoraMesher.cpp:512] sendPackets(): [LoRaMesher] Free heap: 336368
19:56:20.964 > [1120406][V][LoraMesher.cpp:518] sendPackets(): [LoRaMesher] Size of Send Packets Queue: 1
19:56:20.971 > [1120414][V][LoraMesher.cpp:525] sendPackets(): [LoRaMesher] Send n. 17
19:56:20.977 > [1120420][V][LoraMesher.cpp:455] waitBeforeSend(): [LoRaMesher] RandomDelay 278 ms
19:56:20.985 > [1120428][V][LoraMesher.cpp:641] processPackets(): [LoRaMesher] Stack space unused after entering the task: 2040
19:56:20.995 > [1120438][V][LoraMesher.cpp:642] processPackets(): [LoRaMesher] Free heap: 336400
19:56:21.262 > [1120705][V][LoraMesher.cpp:754] printHeaderPacket(): [LoRaMesher] Packet send -- Size: 17 Src: B3F0 Dst: D110 Id: 67 Type: 2 Via: D110 Seq_Id: 0 Num: 0
19:56:21.352 > [1120795][V][LoraMesher.cpp:575] sendPackets(): [LoRaMesher] TimeOnAir 63 ms, next message in 0 ms
19:56:21.361 > [1120804][I][PacketQueueService.h:80] deleteQueuePacketAndPacket(): [LoRaMesher] Deleting packet
19:56:21.371 > [1120812][I][PacketQueueService.h:83] deleteQueuePacketAndPacket(): [LoRaMesher] Deleting packet queue
19:56:38.862 > [1138304][V][LoraMesher.cpp:378] receivingRoutine(): [LoRaMesher] Stack space unused after entering the task: 2072
19:56:38.873 > [1138314][V][LoraMesher.cpp:379] receivingRoutine(): [LoRaMesher] Free heap: 336472
19:56:38.880 > [1138321][I][PacketService.cpp:12] createEmptyPacket(): [LoRaMesher] Packet created with 17 bytes
19:56:38.889 > [1138330][I][LoraMesher.cpp:392] receivingRoutine(): [LoRaMesher] Receiving LoRa packet: Size: 17 bytes RSSI: -18 SNR: 13
19:56:38.901 > [1138342][V][LoraMesher.cpp:647] processPackets(): [LoRaMesher] Size of Received Packets Queue: 1
19:56:38.909 > [1138350][I][PacketQueueService.h:80] deleteQueuePacketAndPacket(): [LoRaMesher] Deleting packet
19:56:38.918 > [1138359][I][PacketQueueService.h:83] deleteQueuePacketAndPacket(): [LoRaMesher] Deleting packet queue
19:56:38.927 > [1138368][V][LoraMesher.cpp:658] processPackets(): [LoRaMesher] TESTING: Packet not for me, deleting it
19:56:38.936 > [1138377][V][LoraMesher.cpp:641] processPackets(): [LoRaMesher] Stack space unused after entering the task: 2040
19:56:38.946 > [1138387][V][LoraMesher.cpp:642] processPackets(): [LoRaMesher] Free heap: 336472
19:56:39.380 > [1138821][V][LoraMesher.cpp:378] receivingRoutine(): [LoRaMesher] Stack space unused after entering the task: 2072
19:56:39.391 > [1138832][V][LoraMesher.cpp:379] receivingRoutine(): [LoRaMesher] Free heap: 336472
19:56:39.398 > [1138839][I][PacketService.cpp:12] createEmptyPacket(): [LoRaMesher] Packet created with 17 bytes
19:56:39.407 > [1138848][I][LoraMesher.cpp:392] receivingRoutine(): [LoRaMesher] Receiving LoRa packet: Size: 17 bytes RSSI: -16 SNR: 12
19:56:39.418 > [1138859][V][LoraMesher.cpp:647] processPackets(): [LoRaMesher] Size of Received Packets Queue: 1
19:56:39.427 > [1138868][I][PacketQueueService.h:80] deleteQueuePacketAndPacket(): [LoRaMesher] Deleting packet
19:56:39.436 > [1138877][I][PacketQueueService.h:83] deleteQueuePacketAndPacket(): [LoRaMesher] Deleting packet queue
19:56:39.445 > [1138886][V][LoraMesher.cpp:658] processPackets(): [LoRaMesher] TESTING: Packet not for me, deleting it
19:56:39.454 > [1138895][V][LoraMesher.cpp:641] processPackets(): [LoRaMesher] Stack space unused after entering the task: 2040
19:56:39.464 > [1138905][V][LoraMesher.cpp:642] processPackets(): [LoRaMesher] Free heap: 336472
19:56:39.961 > [1139402][V][LoraMesher.cpp:378] receivingRoutine(): [LoRaMesher] Stack space unused after entering the task: 2072
19:56:39.972 > [1139413][V][LoraMesher.cpp:379] receivingRoutine(): [LoRaMesher] Free heap: 336472
19:56:39.979 > [1139420][I][PacketService.cpp:12] createEmptyPacket(): [LoRaMesher] Packet created with 17 bytes
19:56:39.988 > [1139429][I][LoraMesher.cpp:392] receivingRoutine(): [LoRaMesher] Receiving LoRa packet: Size: 17 bytes RSSI: -59 SNR: 12
19:56:39.999 > [1139440][V][LoraMesher.cpp:647] processPackets(): [LoRaMesher] Size of Received Packets Queue: 1
19:56:40.008 > [1139449][V][LoraMesher.cpp:754] printHeaderPacket(): [LoRaMesher] Packet received -- Size: 17 Src: B3F0 Dst: D110 Id: 68 Type: 2 Via: F02C Seq_Id: 0 Num: 0
19:56:40.022 > [1139463][I][LoraMesher.cpp:854] processDataPacket(): [LoRaMesher] Data packet from B3F0, destination D110, via F02C
19:56:40.032 > [1139473][V][LoraMesher.cpp:872] processDataPacket(): [LoRaMesher] Data Packet from B3F0 for D110. Via is me. Forwarding it
19:56:40.043 > [1139484][I][LoraMesher.cpp:1061] addToSendOrderedAndNotify(): [LoRaMesher] Added packet to Q_SP, notifying sender task
19:56:40.054 > [1139495][V][LoraMesher.cpp:511] sendPackets(): [LoRaMesher] Stack space unused after entering the task: 1956
19:56:40.064 > [1139505][V][LoraMesher.cpp:512] sendPackets(): [LoRaMesher] Free heap: 336368
19:56:40.071 > [1139512][V][LoraMesher.cpp:518] sendPackets(): [LoRaMesher] Size of Send Packets Queue: 1
19:56:40.079 > [1139520][V][LoraMesher.cpp:525] sendPackets(): [LoRaMesher] Send n. 18
19:56:40.085 > [1139526][V][LoraMesher.cpp:455] waitBeforeSend(): [LoRaMesher] RandomDelay 757 ms
19:56:40.093 > [1139534][V][LoraMesher.cpp:641] processPackets(): [LoRaMesher] Stack space unused after entering the task: 2040
19:56:40.103 > [1139544][V][LoraMesher.cpp:642] processPackets(): [LoRaMesher] Free heap: 336400
19:56:40.849 > [1140290][V][LoraMesher.cpp:754] printHeaderPacket(): [LoRaMesher] Packet send -- Size: 17 Src: B3F0 Dst: D110 Id: 68 Type: 2 Via: D110 Seq_Id: 0 Num: 0
19:56:40.939 > [1140380][V][LoraMesher.cpp:575] sendPackets(): [LoRaMesher] TimeOnAir 63 ms, next message in 0 ms
19:56:40.948 > [1140389][I][PacketQueueService.h:80] deleteQueuePacketAndPacket(): [LoRaMesher] Deleting packet
19:56:40.956 > [1140397][I][PacketQueueService.h:83] deleteQueuePacketAndPacket(): [LoRaMesher] Deleting packet queue
19:56:58.782 > [1158222][V][LoraMesher.cpp:378] receivingRoutine(): [LoRaMesher] Stack space unused after entering the task: 2072
19:56:58.792 > [1158232][V][LoraMesher.cpp:379] receivingRoutine(): [LoRaMesher] Free heap: 336472
19:56:58.800 > [1158239][I][PacketService.cpp:12] createEmptyPacket(): [LoRaMesher] Packet created with 17 bytes
19:56:58.809 > [1158248][I][LoraMesher.cpp:392] receivingRoutine(): [LoRaMesher] Receiving LoRa packet: Size: 17 bytes RSSI: -18 SNR: 13
19:56:58.820 > [1158260][V][LoraMesher.cpp:647] processPackets(): [LoRaMesher] Size of Received Packets Queue: 1
19:56:58.829 > [1158268][I][PacketQueueService.h:80] deleteQueuePacketAndPacket(): [LoRaMesher] Deleting packet
19:56:58.837 > [1158277][I][PacketQueueService.h:83] deleteQueuePacketAndPacket(): [LoRaMesher] Deleting packet queue
19:56:58.847 > [1158286][V][LoraMesher.cpp:658] processPackets(): [LoRaMesher] TESTING: Packet not for me, deleting it
19:56:58.856 > [1158295][V][LoraMesher.cpp:641] processPackets(): [LoRaMesher] Stack space unused after entering the task: 2040
19:56:58.866 > [1158305][V][LoraMesher.cpp:642] processPackets(): [LoRaMesher] Free heap: 336472
19:57:00.108 > [1159548][V][LoraMesher.cpp:378] receivingRoutine(): [LoRaMesher] Stack space unused after entering the task: 2072
19:57:00.119 > [1159558][V][LoraMesher.cpp:379] receivingRoutine(): [LoRaMesher] Free heap: 336472
19:57:00.126 > [1159566][I][PacketService.cpp:12] createEmptyPacket(): [LoRaMesher] Packet created with 17 bytes
19:57:00.135 > [1159575][I][LoraMesher.cpp:392] receivingRoutine(): [LoRaMesher] Receiving LoRa packet: Size: 17 bytes RSSI: -15 SNR: 13
19:57:00.147 > [1159586][V][LoraMesher.cpp:647] processPackets(): [LoRaMesher] Size of Received Packets Queue: 1
19:57:00.155 > [1159595][I][PacketQueueService.h:80] deleteQueuePacketAndPacket(): [LoRaMesher] Deleting packet
19:57:00.164 > [1159603][I][PacketQueueService.h:83] deleteQueuePacketAndPacket(): [LoRaMesher] Deleting packet queue
19:57:00.173 > [1159612][V][LoraMesher.cpp:658] processPackets(): [LoRaMesher] TESTING: Packet not for me, deleting it
19:57:00.182 > [1159621][V][LoraMesher.cpp:641] processPackets(): [LoRaMesher] Stack space unused after entering the task: 2040
19:57:00.192 > [1159632][V][LoraMesher.cpp:642] processPackets(): [LoRaMesher] Free heap: 336472
19:57:01.255 > [1160694][V][LoraMesher.cpp:378] receivingRoutine(): [LoRaMesher] Stack space unused after entering the task: 2072
19:57:01.265 > [1160705][V][LoraMesher.cpp:379] receivingRoutine(): [LoRaMesher] Free heap: 336472
19:57:01.273 > [1160712][I][PacketService.cpp:12] createEmptyPacket(): [LoRaMesher] Packet created with 17 bytes
19:57:01.282 > [1160721][I][LoraMesher.cpp:392] receivingRoutine(): [LoRaMesher] Receiving LoRa packet: Size: 17 bytes RSSI: -61 SNR: 12
19:57:01.293 > [1160732][V][LoraMesher.cpp:647] processPackets(): [LoRaMesher] Size of Received Packets Queue: 1
19:57:01.302 > [1160741][V][LoraMesher.cpp:754] printHeaderPacket(): [LoRaMesher] Packet received -- Size: 17 Src: B3F0 Dst: D110 Id: 69 Type: 2 Via: F02C Seq_Id: 0 Num: 0
19:57:01.315 > [1160755][I][LoraMesher.cpp:854] processDataPacket(): [LoRaMesher] Data packet from B3F0, destination D110, via F02C
19:57:01.326 > [1160765][V][LoraMesher.cpp:872] processDataPacket(): [LoRaMesher] Data Packet from B3F0 for D110. Via is me. Forwarding it
19:57:01.337 > [1160776][I][LoraMesher.cpp:1061] addToSendOrderedAndNotify(): [LoRaMesher] Added packet to Q_SP, notifying sender task
19:57:01.347 > [1160787][V][LoraMesher.cpp:511] sendPackets(): [LoRaMesher] Stack space unused after entering the task: 1956
19:57:01.357 > [1160797][V][LoraMesher.cpp:512] sendPackets(): [LoRaMesher] Free heap: 336368
19:57:01.364 > [1160804][V][LoraMesher.cpp:518] sendPackets(): [LoRaMesher] Size of Send Packets Queue: 1
19:57:01.372 > [1160812][V][LoraMesher.cpp:525] sendPackets(): [LoRaMesher] Send n. 19
19:57:01.379 > [1160818][V][LoraMesher.cpp:455] waitBeforeSend(): [LoRaMesher] RandomDelay 680 ms
19:57:01.386 > [1160825][V][LoraMesher.cpp:641] processPackets(): [LoRaMesher] Stack space unused after entering the task: 2040
19:57:01.396 > [1160836][V][LoraMesher.cpp:642] processPackets(): [LoRaMesher] Free heap: 336400
19:57:02.065 > [1161505][V][LoraMesher.cpp:754] printHeaderPacket(): [LoRaMesher] Packet send -- Size: 17 Src: B3F0 Dst: D110 Id: 69 Type: 2 Via: D110 Seq_Id: 0 Num: 0
19:57:02.155 > [1161595][V][LoraMesher.cpp:575] sendPackets(): [LoRaMesher] TimeOnAir 63 ms, next message in 0 ms
19:57:02.164 > [1161604][I][PacketQueueService.h:80] deleteQueuePacketAndPacket(): [LoRaMesher] Deleting packet
19:57:02.173 > [1161612][I][PacketQueueService.h:83] deleteQueuePacketAndPacket(): [LoRaMesher] Deleting packet queue
19:57:15.714 > [1175153][V][LoraMesher.cpp:378] receivingRoutine(): [LoRaMesher] Stack space unused after entering the task: 2072
19:57:15.724 > [1175163][V][LoraMesher.cpp:379] receivingRoutine(): [LoRaMesher] Free heap: 336472
19:57:15.732 > [1175171][I][PacketService.cpp:12] createEmptyPacket(): [LoRaMesher] Packet created with 28 bytes
19:57:15.741 > [1175180][I][LoraMesher.cpp:392] receivingRoutine(): [LoRaMesher] Receiving LoRa packet: Size: 28 bytes RSSI: -19 SNR: 13
19:57:15.752 > [1175191][V][LoraMesher.cpp:647] processPackets(): [LoRaMesher] Size of Received Packets Queue: 1
19:57:15.761 > [1175200][I][PacketQueueService.h:80] deleteQueuePacketAndPacket(): [LoRaMesher] Deleting packet
19:57:15.770 > [1175208][I][PacketQueueService.h:83] deleteQueuePacketAndPacket(): [LoRaMesher] Deleting packet queue
19:57:15.780 > [1175217][V][LoraMesher.cpp:658] processPackets(): [LoRaMesher] TESTING: Packet not for me, deleting it
19:57:15.788 > [1175226][V][LoraMesher.cpp:641] processPackets(): [LoRaMesher] Stack space unused after entering the task: 2040
19:57:15.798 > [1175237][V][LoraMesher.cpp:642] processPackets(): [LoRaMesher] Free heap: 336472
19:57:19.223 > [1178662][V][LoraMesher.cpp:378] receivingRoutine(): [LoRaMesher] Stack space unused after entering the task: 2072
19:57:19.234 > [1178672][V][LoraMesher.cpp:379] receivingRoutine(): [LoRaMesher] Free heap: 336472
19:57:19.242 > [1178679][I][PacketService.cpp:12] createEmptyPacket(): [LoRaMesher] Packet created with 17 bytes
19:57:19.250 > [1178688][I][LoraMesher.cpp:392] receivingRoutine(): [LoRaMesher] Receiving LoRa packet: Size: 17 bytes RSSI: -17 SNR: 13
19:57:19.262 > [1178699][V][LoraMesher.cpp:647] processPackets(): [LoRaMesher] Size of Received Packets Queue: 1
19:57:19.270 > [1178708][I][PacketQueueService.h:80] deleteQueuePacketAndPacket(): [LoRaMesher] Deleting packet
19:57:19.279 > [1178717][I][PacketQueueService.h:83] deleteQueuePacketAndPacket(): [LoRaMesher] Deleting packet queue
19:57:19.288 > [1178726][V][LoraMesher.cpp:658] processPackets(): [LoRaMesher] TESTING: Packet not for me, deleting it
19:57:19.297 > [1178735][V][LoraMesher.cpp:641] processPackets(): [LoRaMesher] Stack space unused after entering the task: 2040
19:57:19.307 > [1178745][V][LoraMesher.cpp:642] processPackets(): [LoRaMesher] Free heap: 336472
19:57:19.863 > [1179302][V][LoraMesher.cpp:378] receivingRoutine(): [LoRaMesher] Stack space unused after entering the task: 2072
19:57:19.874 > [1179312][V][LoraMesher.cpp:379] receivingRoutine(): [LoRaMesher] Free heap: 336472
19:57:19.882 > [1179319][I][PacketService.cpp:12] createEmptyPacket(): [LoRaMesher] Packet created with 17 bytes
19:57:19.891 > [1179328][I][LoraMesher.cpp:392] receivingRoutine(): [LoRaMesher] Receiving LoRa packet: Size: 17 bytes RSSI: -15 SNR: 12
19:57:19.902 > [1179339][V][LoraMesher.cpp:647] processPackets(): [LoRaMesher] Size of Received Packets Queue: 1
19:57:19.910 > [1179348][I][PacketQueueService.h:80] deleteQueuePacketAndPacket(): [LoRaMesher] Deleting packet
19:57:19.919 > [1179357][I][PacketQueueService.h:83] deleteQueuePacketAndPacket(): [LoRaMesher] Deleting packet queue
19:57:19.928 > [1179366][V][LoraMesher.cpp:658] processPackets(): [LoRaMesher] TESTING: Packet not for me, deleting it
19:57:19.937 > [1179375][V][LoraMesher.cpp:641] processPackets(): [LoRaMesher] Stack space unused after entering the task: 2040
19:57:19.947 > [1179385][V][LoraMesher.cpp:642] processPackets(): [LoRaMesher] Free heap: 336472
19:57:20.550 > [1179988][V][LoraMesher.cpp:378] receivingRoutine(): [LoRaMesher] Stack space unused after entering the task: 2072
19:57:20.561 > [1179999][V][LoraMesher.cpp:379] receivingRoutine(): [LoRaMesher] Free heap: 336472
19:57:20.568 > [1180006][I][PacketService.cpp:12] createEmptyPacket(): [LoRaMesher] Packet created with 17 bytes
19:57:20.577 > [1180015][I][LoraMesher.cpp:392] receivingRoutine(): [LoRaMesher] Receiving LoRa packet: Size: 17 bytes RSSI: -55 SNR: 12
19:57:20.589 > [1180026][V][LoraMesher.cpp:647] processPackets(): [LoRaMesher] Size of Received Packets Queue: 1
19:57:20.597 > [1180035][V][LoraMesher.cpp:754] printHeaderPacket(): [LoRaMesher] Packet received -- Size: 17 Src: B3F0 Dst: D110 Id: 71 Type: 2 Via: F02C Seq_Id: 0 Num: 0
19:57:20.611 > [1180049][I][LoraMesher.cpp:854] processDataPacket(): [LoRaMesher] Data packet from B3F0, destination D110, via F02C
19:57:20.621 > [1180059][V][LoraMesher.cpp:872] processDataPacket(): [LoRaMesher] Data Packet from B3F0 for D110. Via is me. Forwarding it
19:57:20.632 > [1180070][I][LoraMesher.cpp:1061] addToSendOrderedAndNotify(): [LoRaMesher] Added packet to Q_SP, notifying sender task
19:57:20.643 > [1180081][V][LoraMesher.cpp:511] sendPackets(): [LoRaMesher] Stack space unused after entering the task: 1956
19:57:20.653 > [1180091][V][LoraMesher.cpp:512] sendPackets(): [LoRaMesher] Free heap: 336368
19:57:20.660 > [1180098][V][LoraMesher.cpp:518] sendPackets(): [LoRaMesher] Size of Send Packets Queue: 1
19:57:20.668 > [1180106][V][LoraMesher.cpp:525] sendPackets(): [LoRaMesher] Send n. 20
19:57:20.674 > [1180112][V][LoraMesher.cpp:455] waitBeforeSend(): [LoRaMesher] RandomDelay 894 ms
19:57:20.682 > [1180119][V][LoraMesher.cpp:641] processPackets(): [LoRaMesher] Stack space unused after entering the task: 2040
19:57:20.692 > [1180129][V][LoraMesher.cpp:642] processPackets(): [LoRaMesher] Free heap: 336400
19:57:21.574 > [1181013][V][LoraMesher.cpp:754] printHeaderPacket(): [LoRaMesher] Packet send -- Size: 17 Src: B3F0 Dst: D110 Id: 71 Type: 2 Via: D110 Seq_Id: 0 Num: 0
19:57:21.665 > [1181103][V][LoraMesher.cpp:575] sendPackets(): [LoRaMesher] TimeOnAir 63 ms, next message in 0 ms
19:57:21.674 > [1181112][I][PacketQueueService.h:80] deleteQueuePacketAndPacket(): [LoRaMesher] Deleting packet
19:57:21.683 > [1181120][I][PacketQueueService.h:83] deleteQueuePacketAndPacket(): [LoRaMesher] Deleting packet queue
19:57:38.996 > [1198434][V][LoraMesher.cpp:378] receivingRoutine(): [LoRaMesher] Stack space unused after entering the task: 2072
19:57:39.007 > [1198444][V][LoraMesher.cpp:379] receivingRoutine(): [LoRaMesher] Free heap: 336472
19:57:39.014 > [1198451][I][PacketService.cpp:12] createEmptyPacket(): [LoRaMesher] Packet created with 17 bytes
19:57:39.023 > [1198460][I][LoraMesher.cpp:392] receivingRoutine(): [LoRaMesher] Receiving LoRa packet: Size: 17 bytes RSSI: -23 SNR: 14
19:57:39.034 > [1198471][V][LoraMesher.cpp:647] processPackets(): [LoRaMesher] Size of Received Packets Queue: 1
19:57:39.043 > [1198480][I][PacketQueueService.h:80] deleteQueuePacketAndPacket(): [LoRaMesher] Deleting packet
19:57:39.052 > [1198489][I][PacketQueueService.h:83] deleteQueuePacketAndPacket(): [LoRaMesher] Deleting packet queue
19:57:39.061 > [1198498][V][LoraMesher.cpp:658] processPackets(): [LoRaMesher] TESTING: Packet not for me, deleting it
19:57:39.070 > [1198507][V][LoraMesher.cpp:641] processPackets(): [LoRaMesher] Stack space unused after entering the task: 2040
19:57:39.080 > [1198517][V][LoraMesher.cpp:642] processPackets(): [LoRaMesher] Free heap: 336472
19:57:39.465 > [1198902][V][LoraMesher.cpp:378] receivingRoutine(): [LoRaMesher] Stack space unused after entering the task: 2072
19:57:39.475 > [1198912][V][LoraMesher.cpp:379] receivingRoutine(): [LoRaMesher] Free heap: 336472
19:57:39.483 > [1198920][I][PacketService.cpp:12] createEmptyPacket(): [LoRaMesher] Packet created with 17 bytes
19:57:39.492 > [1198929][I][LoraMesher.cpp:392] receivingRoutine(): [LoRaMesher] Receiving LoRa packet: Size: 17 bytes RSSI: -24 SNR: 12
19:57:39.503 > [1198940][V][LoraMesher.cpp:647] processPackets(): [LoRaMesher] Size of Received Packets Queue: 1
19:57:39.512 > [1198949][I][PacketQueueService.h:80] deleteQueuePacketAndPacket(): [LoRaMesher] Deleting packet
19:57:39.520 > [1198957][I][PacketQueueService.h:83] deleteQueuePacketAndPacket(): [LoRaMesher] Deleting packet queue
19:57:39.529 > [1198966][V][LoraMesher.cpp:658] processPackets(): [LoRaMesher] TESTING: Packet not for me, deleting it
19:57:39.539 > [1198976][V][LoraMesher.cpp:641] processPackets(): [LoRaMesher] Stack space unused after entering the task: 2040
19:57:39.549 > [1198986][V][LoraMesher.cpp:642] processPackets(): [LoRaMesher] Free heap: 336472
19:57:40.526 > [1199963][V][LoraMesher.cpp:378] receivingRoutine(): [LoRaMesher] Stack space unused after entering the task: 2072
19:57:40.536 > [1199973][V][LoraMesher.cpp:379] receivingRoutine(): [LoRaMesher] Free heap: 336472
19:57:40.545 > [1199981][I][PacketService.cpp:12] createEmptyPacket(): [LoRaMesher] Packet created with 17 bytes
19:57:40.553 > [1199990][I][LoraMesher.cpp:392] receivingRoutine(): [LoRaMesher] Receiving LoRa packet: Size: 17 bytes RSSI: -55 SNR: 12
19:57:40.564 > [1200001][V][LoraMesher.cpp:647] processPackets(): [LoRaMesher] Size of Received Packets Queue: 1
19:57:40.573 > [1200010][V][LoraMesher.cpp:754] printHeaderPacket(): [LoRaMesher] Packet received -- Size: 17 Src: B3F0 Dst: D110 Id: 72 Type: 2 Via: F02C Seq_Id: 0 Num: 0
19:57:40.587 > [1200024][I][LoraMesher.cpp:854] processDataPacket(): [LoRaMesher] Data packet from B3F0, destination D110, via F02C
19:57:40.597 > [1200034][V][LoraMesher.cpp:872] processDataPacket(): [LoRaMesher] Data Packet from B3F0 for D110. Via is me. Forwarding it
19:57:40.608 > [1200045][I][LoraMesher.cpp:1061] addToSendOrderedAndNotify(): [LoRaMesher] Added packet to Q_SP, notifying sender task
19:57:40.619 > [1200056][V][LoraMesher.cpp:511] sendPackets(): [LoRaMesher] Stack space unused after entering the task: 1956
19:57:40.628 > [1200065][V][LoraMesher.cpp:512] sendPackets(): [LoRaMesher] Free heap: 336368
19:57:40.635 > [1200072][V][LoraMesher.cpp:518] sendPackets(): [LoRaMesher] Size of Send Packets Queue: 1
19:57:40.643 > [1200081][V][LoraMesher.cpp:525] sendPackets(): [LoRaMesher] Send n. 21
19:57:40.650 > [1200087][V][LoraMesher.cpp:455] waitBeforeSend(): [LoRaMesher] RandomDelay 509 ms
19:57:40.657 > [1200094][V][LoraMesher.cpp:641] processPackets(): [LoRaMesher] Stack space unused after entering the task: 2040
19:57:40.667 > [1200104][V][LoraMesher.cpp:642] processPackets(): [LoRaMesher] Free heap: 336400
19:57:41.166 > [1200603][V][LoraMesher.cpp:754] printHeaderPacket(): [LoRaMesher] Packet send -- Size: 17 Src: B3F0 Dst: D110 Id: 72 Type: 2 Via: D110 Seq_Id: 0 Num: 0
19:57:41.256 > [1200693][V][LoraMesher.cpp:575] sendPackets(): [LoRaMesher] TimeOnAir 63 ms, next message in 0 ms
19:57:41.265 > [1200702][I][PacketQueueService.h:80] deleteQueuePacketAndPacket(): [LoRaMesher] Deleting packet
19:57:41.273 > [1200710][I][PacketQueueService.h:83] deleteQueuePacketAndPacket(): [LoRaMesher] Deleting packet queue
19:57:46.591 > [1206028][V][LoraMesher.cpp:694] routingTableManager(): [LoRaMesher] Stack space unused after entering the task: 2288
19:57:46.602 > [1206038][V][LoraMesher.cpp:695] routingTableManager(): [LoRaMesher] Free heap: 336472
19:57:46.611 > [1206046][I][RoutingTableService.cpp:216] manageTimeoutRoutingTable(): [LoRaMesher] Checking routes timeout
19:57:46.619 > [1206056][I][RoutingTableService.cpp:192] printRoutingTable(): [LoRaMesher] Current routing table:
19:57:46.628 > [1206064][I][RoutingTableService.cpp:206] printRoutingTable(): [LoRaMesher] 0 - AFC0 via AFC0 metric 1 Role 0
19:57:46.638 > [1206074][I][RoutingTableService.cpp:206] printRoutingTable(): [LoRaMesher] 1 - DE6C via AFC0 metric 2 Role 0
19:57:46.648 > [1206084][I][RoutingTableService.cpp:206] printRoutingTable(): [LoRaMesher] 2 - B3F0 via AFC0 metric 3 Role 0
19:57:46.657 > [1206094][I][RoutingTableService.cpp:206] printRoutingTable(): [LoRaMesher] 3 - D110 via D110 metric 1 Role 1
19:57:49.119 > [1208556][V][LoraMesher.cpp:598] sendHelloPacket(): [LoRaMesher] Creating Routing Packet
19:57:49.128 > [1208564][V][LoraMesher.cpp:599] sendHelloPacket(): [LoRaMesher] Stack space unused after entering the task: 2236
19:57:49.138 > [1208574][V][LoraMesher.cpp:600] sendHelloPacket(): [LoRaMesher] Free heap: 336472
19:57:49.145 > [1208581][V][PacketFactory.h:45] createPacket(): [LoRaMesher] Creating packet with 24 bytes
19:57:49.153 > [1208589][I][PacketFactory.h:74] createPacket(): [LoRaMesher] Packet created with 24 bytes
19:57:49.161 > [1208598][I][LoraMesher.h:659] setPackedForSend(): [LoRaMesher] Adding packet to Q_SP
19:57:49.169 > [1208605][I][LoraMesher.h:661] setPackedForSend(): [LoRaMesher] Created packet to Q_SP
19:57:49.177 > [1208613][I][LoraMesher.cpp:1061] addToSendOrderedAndNotify(): [LoRaMesher] Added packet to Q_SP, notifying sender task
19:57:49.187 > [1208623][V][LoraMesher.cpp:511] sendPackets(): [LoRaMesher] Stack space unused after entering the task: 1956
19:57:49.197 > [1208633][V][LoraMesher.cpp:512] sendPackets(): [LoRaMesher] Free heap: 336372
19:57:49.204 > [1208640][V][LoraMesher.cpp:518] sendPackets(): [LoRaMesher] Size of Send Packets Queue: 1
19:57:49.212 > [1208648][V][LoraMesher.cpp:525] sendPackets(): [LoRaMesher] Send n. 22
19:57:49.219 > [1208655][V][LoraMesher.cpp:455] waitBeforeSend(): [LoRaMesher] RandomDelay 754 ms
19:57:49.677 > [1209114][V][LoraMesher.cpp:378] receivingRoutine(): [LoRaMesher] Stack space unused after entering the task: 2072
19:57:49.688 > [1209124][V][LoraMesher.cpp:379] receivingRoutine(): [LoRaMesher] Free heap: 336400
19:57:49.695 > [1209131][I][PacketService.cpp:12] createEmptyPacket(): [LoRaMesher] Packet created with 28 bytes
19:57:49.704 > [1209140][I][LoraMesher.cpp:392] receivingRoutine(): [LoRaMesher] Receiving LoRa packet: Size: 28 bytes RSSI: -14 SNR: 14
19:57:49.715 > [1209152][V][LoraMesher.cpp:647] processPackets(): [LoRaMesher] Size of Received Packets Queue: 1
19:57:49.724 > [1209160][V][LoraMesher.cpp:754] printHeaderPacket(): [LoRaMesher] Packet received -- Size: 28 Src: D110 Dst: FFFF Id: 11 Type: 4 Via: 0 Seq_Id: 0 Num: 0
19:57:49.738 > [1209174][I][RoutingTableService.cpp:77] processRoute(): [LoRaMesher] Route packet from D110 with size 5
19:57:49.747 > [1209183][I][RoutingTableService.cpp:99] resetReceiveSNRRoutePacket(): [LoRaMesher] Reset Receive SNR from D110: 14
19:57:49.757 > [1209194][I][RoutingTableService.cpp:156] addNodeToRoutingTable(): [LoRaMesher] New route added: C998 via D110 metric 2, role 0
19:57:49.769 > [1209205][I][RoutingTableService.cpp:192] printRoutingTable(): [LoRaMesher] Current routing table:
19:57:49.777 > [1209214][I][RoutingTableService.cpp:206] printRoutingTable(): [LoRaMesher] 0 - AFC0 via AFC0 metric 1 Role 0
19:57:49.787 > [1209223][I][RoutingTableService.cpp:206] printRoutingTable(): [LoRaMesher] 1 - DE6C via AFC0 metric 2 Role 0
19:57:49.797 > [1209233][I][RoutingTableService.cpp:206] printRoutingTable(): [LoRaMesher] 2 - B3F0 via AFC0 metric 3 Role 0
19:57:49.807 > [1209243][I][RoutingTableService.cpp:206] printRoutingTable(): [LoRaMesher] 3 - D110 via D110 metric 1 Role 1
19:57:49.816 > [1209253][I][RoutingTableService.cpp:206] printRoutingTable(): [LoRaMesher] 4 - C998 via D110 metric 2 Role 0
19:57:49.826 > [1209262][I][PacketQueueService.h:80] deleteQueuePacketAndPacket(): [LoRaMesher] Deleting packet
19:57:49.835 > [1209271][I][PacketQueueService.h:83] deleteQueuePacketAndPacket(): [LoRaMesher] Deleting packet queue
19:57:49.844 > [1209280][V][LoraMesher.cpp:641] processPackets(): [LoRaMesher] Stack space unused after entering the task: 2040
19:57:49.854 > [1209290][V][LoraMesher.cpp:642] processPackets(): [LoRaMesher] Free heap: 336336
19:57:49.985 > [1209422][V][LoraMesher.cpp:462] waitBeforeSend(): [LoRaMesher] Preamble detected while waiting 1
19:57:49.994 > [1209431][V][LoraMesher.cpp:455] waitBeforeSend(): [LoRaMesher] RandomDelay 853 ms
19:57:50.835 > [1210271][V][LoraMesher.cpp:378] receivingRoutine(): [LoRaMesher] Stack space unused after entering the task: 2072
19:57:50.845 > [1210281][V][LoraMesher.cpp:379] receivingRoutine(): [LoRaMesher] Free heap: 336336
19:57:50.852 > [1210289][I][PacketService.cpp:12] createEmptyPacket(): [LoRaMesher] Packet created with 28 bytes
19:57:50.861 > [1210297][V][LoraMesher.cpp:462] waitBeforeSend(): [LoRaMesher] Preamble detected while waiting 2
19:57:50.870 > [1210306][V][LoraMesher.cpp:455] waitBeforeSend(): [LoRaMesher] RandomDelay 664 ms
19:57:50.877 > [1210306][I][LoraMesher.cpp:392] receivingRoutine(): [LoRaMesher] Receiving LoRa packet: Size: 28 bytes RSSI: -14 SNR: 13
19:57:50.888 > [1210324][V][LoraMesher.cpp:647] processPackets(): [LoRaMesher] Size of Received Packets Queue: 1
19:57:50.897 > [1210333][I][PacketQueueService.h:80] deleteQueuePacketAndPacket(): [LoRaMesher] Deleting packet
19:57:50.905 > [1210342][I][PacketQueueService.h:83] deleteQueuePacketAndPacket(): [LoRaMesher] Deleting packet queue
19:57:50.915 > [1210351][V][LoraMesher.cpp:658] processPackets(): [LoRaMesher] TESTING: Packet not for me, deleting it
19:57:50.924 > [1210360][V][LoraMesher.cpp:641] processPackets(): [LoRaMesher] Stack space unused after entering the task: 2040
19:57:50.934 > [1210370][V][LoraMesher.cpp:642] processPackets(): [LoRaMesher] Free heap: 336336
19:57:51.551 > [1210988][V][LoraMesher.cpp:754] printHeaderPacket(): [LoRaMesher] Packet send -- Size: 24 Src: F02C Dst: FFFF Id: 10 Type: 4 Via: 0 Seq_Id: 0 Num: 0
19:57:51.656 > [1211092][V][LoraMesher.cpp:575] sendPackets(): [LoRaMesher] TimeOnAir 78 ms, next message in 0 ms
19:57:51.665 > [1211101][I][PacketQueueService.h:80] deleteQueuePacketAndPacket(): [LoRaMesher] Deleting packet
19:57:51.673 > [1211109][I][PacketQueueService.h:83] deleteQueuePacketAndPacket(): [LoRaMesher] Deleting packet queue
19:57:53.452 > [1212888][V][LoraMesher.cpp:378] receivingRoutine(): [LoRaMesher] Stack space unused after entering the task: 2072
19:57:53.462 > [1212898][V][LoraMesher.cpp:379] receivingRoutine(): [LoRaMesher] Free heap: 336408
19:57:53.470 > [1212906][I][PacketService.cpp:12] createEmptyPacket(): [LoRaMesher] Packet created with 24 bytes
19:57:53.479 > [1212915][I][LoraMesher.cpp:392] receivingRoutine(): [LoRaMesher] Receiving LoRa packet: Size: 24 bytes RSSI: -52 SNR: 13
19:57:53.490 > [1212926][V][LoraMesher.cpp:647] processPackets(): [LoRaMesher] Size of Received Packets Queue: 1
19:57:53.499 > [1212935][V][LoraMesher.cpp:754] printHeaderPacket(): [LoRaMesher] Packet received -- Size: 24 Src: AFC0 Dst: FFFF Id: 11 Type: 4 Via: 0 Seq_Id: 0 Num: 0
19:57:53.512 > [1212949][I][RoutingTableService.cpp:77] processRoute(): [LoRaMesher] Route packet from AFC0 with size 4
19:57:53.522 > [1212958][I][RoutingTableService.cpp:99] resetReceiveSNRRoutePacket(): [LoRaMesher] Reset Receive SNR from AFC0: 13
19:57:53.532 > [1212968][I][RoutingTableService.cpp:192] printRoutingTable(): [LoRaMesher] Current routing table:
19:57:53.541 > [1212977][I][RoutingTableService.cpp:206] printRoutingTable(): [LoRaMesher] 0 - AFC0 via AFC0 metric 1 Role 0
19:57:53.550 > [1212987][I][RoutingTableService.cpp:206] printRoutingTable(): [LoRaMesher] 1 - DE6C via AFC0 metric 2 Role 0
19:57:53.561 > [1212996][I][RoutingTableService.cpp:206] printRoutingTable(): [LoRaMesher] 2 - B3F0 via AFC0 metric 3 Role 0
19:57:53.570 > [1213006][I][RoutingTableService.cpp:206] printRoutingTable(): [LoRaMesher] 3 - D110 via D110 metric 1 Role 1
19:57:53.580 > [1213016][I][RoutingTableService.cpp:206] printRoutingTable(): [LoRaMesher] 4 - C998 via D110 metric 2 Role 0
19:57:53.589 > [1213026][I][PacketQueueService.h:80] deleteQueuePacketAndPacket(): [LoRaMesher] Deleting packet
19:57:53.598 > [1213034][I][PacketQueueService.h:83] deleteQueuePacketAndPacket(): [LoRaMesher] Deleting packet queue
19:57:53.607 > [1213043][V][LoraMesher.cpp:641] processPackets(): [LoRaMesher] Stack space unused after entering the task: 2040
19:57:53.617 > [1213053][V][LoraMesher.cpp:642] processPackets(): [LoRaMesher] Free heap: 336408
19:57:58.927 > [1218363][V][LoraMesher.cpp:378] receivingRoutine(): [LoRaMesher] Stack space unused after entering the task: 2072
19:57:58.938 > [1218374][V][LoraMesher.cpp:379] receivingRoutine(): [LoRaMesher] Free heap: 336408
19:57:58.946 > [1218381][I][PacketService.cpp:12] createEmptyPacket(): [LoRaMesher] Packet created with 28 bytes
19:57:58.955 > [1218390][I][LoraMesher.cpp:392] receivingRoutine(): [LoRaMesher] Receiving LoRa packet: Size: 28 bytes RSSI: -43 SNR: 13
19:57:58.966 > [1218401][V][LoraMesher.cpp:647] processPackets(): [LoRaMesher] Size of Received Packets Queue: 1
19:57:58.975 > [1218410][I][PacketQueueService.h:80] deleteQueuePacketAndPacket(): [LoRaMesher] Deleting packet
19:57:58.983 > [1218419][I][PacketQueueService.h:83] deleteQueuePacketAndPacket(): [LoRaMesher] Deleting packet queue
19:57:58.993 > [1218428][V][LoraMesher.cpp:658] processPackets(): [LoRaMesher] TESTING: Packet not for me, deleting it
19:57:59.002 > [1218437][V][LoraMesher.cpp:641] processPackets(): [LoRaMesher] Stack space unused after entering the task: 2040
19:57:59.012 > [1218447][V][LoraMesher.cpp:642] processPackets(): [LoRaMesher] Free heap: 336408
19:58:00.415 > [1219851][V][LoraMesher.cpp:378] receivingRoutine(): [LoRaMesher] Stack space unused after entering the task: 2072
19:58:00.426 > [1219862][V][LoraMesher.cpp:379] receivingRoutine(): [LoRaMesher] Free heap: 336408
19:58:00.434 > [1219869][I][PacketService.cpp:12] createEmptyPacket(): [LoRaMesher] Packet created with 17 bytes
19:58:00.443 > [1219878][I][LoraMesher.cpp:392] receivingRoutine(): [LoRaMesher] Receiving LoRa packet: Size: 17 bytes RSSI: -17 SNR: 12
19:58:00.454 > [1219889][V][LoraMesher.cpp:647] processPackets(): [LoRaMesher] Size of Received Packets Queue: 1
19:58:00.463 > [1219898][I][PacketQueueService.h:80] deleteQueuePacketAndPacket(): [LoRaMesher] Deleting packet
19:58:00.471 > [1219907][I][PacketQueueService.h:83] deleteQueuePacketAndPacket(): [LoRaMesher] Deleting packet queue
19:58:00.480 > [1219916][V][LoraMesher.cpp:658] processPackets(): [LoRaMesher] TESTING: Packet not for me, deleting it
19:58:00.490 > [1219925][V][LoraMesher.cpp:641] processPackets(): [LoRaMesher] Stack space unused after entering the task: 2040
19:58:00.500 > [1219935][V][LoraMesher.cpp:642] processPackets(): [LoRaMesher] Free heap: 336408
19:58:01.891 > [1221327][V][LoraMesher.cpp:378] receivingRoutine(): [LoRaMesher] Stack space unused after entering the task: 2072
19:58:01.901 > [1221337][V][LoraMesher.cpp:379] receivingRoutine(): [LoRaMesher] Free heap: 336408
19:58:01.909 > [1221345][I][PacketService.cpp:12] createEmptyPacket(): [LoRaMesher] Packet created with 17 bytes
19:58:01.918 > [1221353][I][LoraMesher.cpp:392] receivingRoutine(): [LoRaMesher] Receiving LoRa packet: Size: 17 bytes RSSI: -13 SNR: 13
19:58:01.929 > [1221365][V][LoraMesher.cpp:647] processPackets(): [LoRaMesher] Size of Received Packets Queue: 1
19:58:01.938 > [1221373][I][PacketQueueService.h:80] deleteQueuePacketAndPacket(): [LoRaMesher] Deleting packet
19:58:01.946 > [1221382][I][PacketQueueService.h:83] deleteQueuePacketAndPacket(): [LoRaMesher] Deleting packet queue
19:58:01.956 > [1221391][V][LoraMesher.cpp:658] processPackets(): [LoRaMesher] TESTING: Packet not for me, deleting it
19:58:01.965 > [1221400][V][LoraMesher.cpp:641] processPackets(): [LoRaMesher] Stack space unused after entering the task: 2040
19:58:01.975 > [1221410][V][LoraMesher.cpp:642] processPackets(): [LoRaMesher] Free heap: 336408
19:58:02.999 > [1222435][V][LoraMesher.cpp:378] receivingRoutine(): [LoRaMesher] Stack space unused after entering the task: 2072
19:58:03.010 > [1222445][V][LoraMesher.cpp:379] receivingRoutine(): [LoRaMesher] Free heap: 336408
19:58:03.018 > [1222453][I][PacketService.cpp:12] createEmptyPacket(): [LoRaMesher] Packet created with 17 bytes
19:58:03.026 > [1222462][I][LoraMesher.cpp:392] receivingRoutine(): [LoRaMesher] Receiving LoRa packet: Size: 17 bytes RSSI: -52 SNR: 12
19:58:03.038 > [1222473][V][LoraMesher.cpp:647] processPackets(): [LoRaMesher] Size of Received Packets Queue: 1
19:58:03.046 > [1222482][V][LoraMesher.cpp:754] printHeaderPacket(): [LoRaMesher] Packet received -- Size: 17 Src: B3F0 Dst: D110 Id: 73 Type: 2 Via: F02C Seq_Id: 0 Num: 0
19:58:03.060 > [1222496][I][LoraMesher.cpp:854] processDataPacket(): [LoRaMesher] Data packet from B3F0, destination D110, via F02C
19:58:03.071 > [1222506][V][LoraMesher.cpp:872] processDataPacket(): [LoRaMesher] Data Packet from B3F0 for D110. Via is me. Forwarding it
19:58:03.082 > [1222517][I][LoraMesher.cpp:1061] addToSendOrderedAndNotify(): [LoRaMesher] Added packet to Q_SP, notifying sender task
19:58:03.092 > [1222528][V][LoraMesher.cpp:511] sendPackets(): [LoRaMesher] Stack space unused after entering the task: 1924
19:58:03.102 > [1222537][V][LoraMesher.cpp:512] sendPackets(): [LoRaMesher] Free heap: 336304
19:58:03.109 > [1222544][V][LoraMesher.cpp:518] sendPackets(): [LoRaMesher] Size of Send Packets Queue: 1
19:58:03.117 > [1222552][V][LoraMesher.cpp:525] sendPackets(): [LoRaMesher] Send n. 23
19:58:03.123 > [1222559][V][LoraMesher.cpp:455] waitBeforeSend(): [LoRaMesher] RandomDelay 295 ms
19:58:03.131 > [1222566][V][LoraMesher.cpp:641] processPackets(): [LoRaMesher] Stack space unused after entering the task: 2040
19:58:03.141 > [1222576][V][LoraMesher.cpp:642] processPackets(): [LoRaMesher] Free heap: 336336
19:58:03.425 > [1222861][V][LoraMesher.cpp:754] printHeaderPacket(): [LoRaMesher] Packet send -- Size: 17 Src: B3F0 Dst: D110 Id: 73 Type: 2 Via: D110 Seq_Id: 0 Num: 0
19:58:03.515 > [1222951][V][LoraMesher.cpp:575] sendPackets(): [LoRaMesher] TimeOnAir 63 ms, next message in 0 ms
19:58:03.524 > [1222960][I][PacketQueueService.h:80] deleteQueuePacketAndPacket(): [LoRaMesher] Deleting packet
19:58:03.533 > [1222968][I][PacketQueueService.h:83] deleteQueuePacketAndPacket(): [LoRaMesher] Deleting packet queue
19:58:19.341 > [1238775][V][LoraMesher.cpp:378] receivingRoutine(): [LoRaMesher] Stack space unused after entering the task: 2072
19:58:19.351 > [1238786][V][LoraMesher.cpp:379] receivingRoutine(): [LoRaMesher] Free heap: 336408
19:58:19.359 > [1238793][I][PacketService.cpp:12] createEmptyPacket(): [LoRaMesher] Packet created with 17 bytes
19:58:19.368 > [1238802][I][LoraMesher.cpp:392] receivingRoutine(): [LoRaMesher] Receiving LoRa packet: Size: 17 bytes RSSI: -17 SNR: 13
19:58:19.379 > [1238813][V][LoraMesher.cpp:647] processPackets(): [LoRaMesher] Size of Received Packets Queue: 1
19:58:19.387 > [1238822][I][PacketQueueService.h:80] deleteQueuePacketAndPacket(): [LoRaMesher] Deleting packet
19:58:19.396 > [1238831][I][PacketQueueService.h:83] deleteQueuePacketAndPacket(): [LoRaMesher] Deleting packet queue
19:58:19.405 > [1238840][V][LoraMesher.cpp:658] processPackets(): [LoRaMesher] TESTING: Packet not for me, deleting it
19:58:19.414 > [1238849][V][LoraMesher.cpp:641] processPackets(): [LoRaMesher] Stack space unused after entering the task: 2040
19:58:19.424 > [1238859][V][LoraMesher.cpp:642] processPackets(): [LoRaMesher] Free heap: 336408
19:58:19.876 > [1239310][V][LoraMesher.cpp:378] receivingRoutine(): [LoRaMesher] Stack space unused after entering the task: 2072
19:58:19.887 > [1239320][V][LoraMesher.cpp:379] receivingRoutine(): [LoRaMesher] Free heap: 336408
19:58:19.893 > [1239328][I][PacketService.cpp:12] createEmptyPacket(): [LoRaMesher] Packet created with 17 bytes
19:58:19.903 > [1239337][I][LoraMesher.cpp:392] receivingRoutine(): [LoRaMesher] Receiving LoRa packet: Size: 17 bytes RSSI: -44 SNR: 12
19:58:19.913 > [1239348][V][LoraMesher.cpp:647] processPackets(): [LoRaMesher] Size of Received Packets Queue: 1
19:58:19.922 > [1239357][I][PacketQueueService.h:80] deleteQueuePacketAndPacket(): [LoRaMesher] Deleting packet
19:58:19.931 > [1239365][I][PacketQueueService.h:83] deleteQueuePacketAndPacket(): [LoRaMesher] Deleting packet queue
19:58:19.941 > [1239375][V][LoraMesher.cpp:658] processPackets(): [LoRaMesher] TESTING: Packet not for me, deleting it
19:58:19.950 > [1239384][V][LoraMesher.cpp:641] processPackets(): [LoRaMesher] Stack space unused after entering the task: 2040
19:58:19.959 > [1239394][V][LoraMesher.cpp:642] processPackets(): [LoRaMesher] Free heap: 336408
19:58:39.833 > [1259266][V][LoraMesher.cpp:378] receivingRoutine(): [LoRaMesher] Stack space unused after entering the task: 2072
19:58:39.844 > [1259277][V][LoraMesher.cpp:379] receivingRoutine(): [LoRaMesher] Free heap: 336408
19:58:39.851 > [1259284][I][PacketService.cpp:12] createEmptyPacket(): [LoRaMesher] Packet created with 17 bytes
19:58:39.860 > [1259293][I][LoraMesher.cpp:392] receivingRoutine(): [LoRaMesher] Receiving LoRa packet: Size: 17 bytes RSSI: -17 SNR: 13
19:58:39.871 > [1259304][V][LoraMesher.cpp:647] processPackets(): [LoRaMesher] Size of Received Packets Queue: 1
19:58:39.880 > [1259313][I][PacketQueueService.h:80] deleteQueuePacketAndPacket(): [LoRaMesher] Deleting packet
19:58:39.889 > [1259322][I][PacketQueueService.h:83] deleteQueuePacketAndPacket(): [LoRaMesher] Deleting packet queue
19:58:39.898 > [1259331][V][LoraMesher.cpp:658] processPackets(): [LoRaMesher] TESTING: Packet not for me, deleting it
19:58:39.907 > [1259340][V][LoraMesher.cpp:641] processPackets(): [LoRaMesher] Stack space unused after entering the task: 2040
19:58:39.917 > [1259350][V][LoraMesher.cpp:642] processPackets(): [LoRaMesher] Free heap: 336408
19:58:40.408 > [1259841][V][LoraMesher.cpp:378] receivingRoutine(): [LoRaMesher] Stack space unused after entering the task: 2072
19:58:40.419 > [1259852][V][LoraMesher.cpp:379] receivingRoutine(): [LoRaMesher] Free heap: 336408
19:58:40.426 > [1259859][I][PacketService.cpp:12] createEmptyPacket(): [LoRaMesher] Packet created with 17 bytes
19:58:40.435 > [1259868][I][LoraMesher.cpp:392] receivingRoutine(): [LoRaMesher] Receiving LoRa packet: Size: 17 bytes RSSI: -43 SNR: 13
19:58:40.446 > [1259879][V][LoraMesher.cpp:647] processPackets(): [LoRaMesher] Size of Received Packets Queue: 1
19:58:40.455 > [1259888][I][PacketQueueService.h:80] deleteQueuePacketAndPacket(): [LoRaMesher] Deleting packet
19:58:40.465 > [1259897][I][PacketQueueService.h:83] deleteQueuePacketAndPacket(): [LoRaMesher] Deleting packet queue
19:58:40.473 > [1259906][V][LoraMesher.cpp:658] processPackets(): [LoRaMesher] TESTING: Packet not for me, deleting it
19:58:40.482 > [1259915][V][LoraMesher.cpp:641] processPackets(): [LoRaMesher] Stack space unused after entering the task: 2040
19:58:40.492 > [1259925][V][LoraMesher.cpp:642] processPackets(): [LoRaMesher] Free heap: 336408
19:58:59.520 > [1278952][V][LoraMesher.cpp:378] receivingRoutine(): [LoRaMesher] Stack space unused after entering the task: 2072
19:58:59.530 > [1278963][V][LoraMesher.cpp:379] receivingRoutine(): [LoRaMesher] Free heap: 336408
19:58:59.538 > [1278970][I][PacketService.cpp:12] createEmptyPacket(): [LoRaMesher] Packet created with 17 bytes
19:58:59.547 > [1278979][I][LoraMesher.cpp:392] receivingRoutine(): [LoRaMesher] Receiving LoRa packet: Size: 17 bytes RSSI: -17 SNR: 13
19:58:59.558 > [1278990][V][LoraMesher.cpp:647] processPackets(): [LoRaMesher] Size of Received Packets Queue: 1
19:58:59.567 > [1278999][I][PacketQueueService.h:80] deleteQueuePacketAndPacket(): [LoRaMesher] Deleting packet
19:58:59.575 > [1279008][I][PacketQueueService.h:83] deleteQueuePacketAndPacket(): [LoRaMesher] Deleting packet queue
19:58:59.584 > [1279017][V][LoraMesher.cpp:658] processPackets(): [LoRaMesher] TESTING: Packet not for me, deleting it
19:58:59.594 > [1279026][V][LoraMesher.cpp:641] processPackets(): [LoRaMesher] Stack space unused after entering the task: 2040
19:58:59.603 > [1279036][V][LoraMesher.cpp:642] processPackets(): [LoRaMesher] Free heap: 336408
19:59:00.202 > [1279634][V][LoraMesher.cpp:378] receivingRoutine(): [LoRaMesher] Stack space unused after entering the task: 2072
19:59:00.212 > [1279645][V][LoraMesher.cpp:379] receivingRoutine(): [LoRaMesher] Free heap: 336408
19:59:00.220 > [1279652][I][PacketService.cpp:12] createEmptyPacket(): [LoRaMesher] Packet created with 17 bytes
19:59:00.229 > [1279661][I][LoraMesher.cpp:392] receivingRoutine(): [LoRaMesher] Receiving LoRa packet: Size: 17 bytes RSSI: -47 SNR: 12
19:59:00.240 > [1279672][V][LoraMesher.cpp:647] processPackets(): [LoRaMesher] Size of Received Packets Queue: 1
19:59:00.249 > [1279681][I][PacketQueueService.h:80] deleteQueuePacketAndPacket(): [LoRaMesher] Deleting packet
19:59:00.257 > [1279690][I][PacketQueueService.h:83] deleteQueuePacketAndPacket(): [LoRaMesher] Deleting packet queue
19:59:00.266 > [1279699][V][LoraMesher.cpp:658] processPackets(): [LoRaMesher] TESTING: Packet not for me, deleting it
19:59:00.276 > [1279708][V][LoraMesher.cpp:641] processPackets(): [LoRaMesher] Stack space unused after entering the task: 2040
19:59:00.286 > [1279718][V][LoraMesher.cpp:642] processPackets(): [LoRaMesher] Free heap: 336408
19:59:15.884 > [1295316][V][LoraMesher.cpp:378] receivingRoutine(): [LoRaMesher] Stack space unused after entering the task: 2072
19:59:15.895 > [1295326][V][LoraMesher.cpp:379] receivingRoutine(): [LoRaMesher] Free heap: 336408
19:59:15.902 > [1295333][I][PacketService.cpp:12] createEmptyPacket(): [LoRaMesher] Packet created with 28 bytes
19:59:15.911 > [1295342][I][LoraMesher.cpp:392] receivingRoutine(): [LoRaMesher] Receiving LoRa packet: Size: 28 bytes RSSI: -17 SNR: 14
19:59:15.922 > [1295354][V][LoraMesher.cpp:647] processPackets(): [LoRaMesher] Size of Received Packets Queue: 1
19:59:15.931 > [1295362][I][PacketQueueService.h:80] deleteQueuePacketAndPacket(): [LoRaMesher] Deleting packet
19:59:15.940 > [1295371][I][PacketQueueService.h:83] deleteQueuePacketAndPacket(): [LoRaMesher] Deleting packet queue
19:59:15.948 > [1295380][V][LoraMesher.cpp:658] processPackets(): [LoRaMesher] TESTING: Packet not for me, deleting it
19:59:15.958 > [1295389][V][LoraMesher.cpp:641] processPackets(): [LoRaMesher] Stack space unused after entering the task: 2040
19:59:15.968 > [1295399][V][LoraMesher.cpp:642] processPackets(): [LoRaMesher] Free heap: 336408
19:59:19.619 > [1299050][V][LoraMesher.cpp:378] receivingRoutine(): [LoRaMesher] Stack space unused after entering the task: 2072
19:59:19.630 > [1299061][V][LoraMesher.cpp:379] receivingRoutine(): [LoRaMesher] Free heap: 336408
19:59:19.637 > [1299068][I][PacketService.cpp:12] createEmptyPacket(): [LoRaMesher] Packet created with 17 bytes
19:59:19.646 > [1299077][I][LoraMesher.cpp:392] receivingRoutine(): [LoRaMesher] Receiving LoRa packet: Size: 17 bytes RSSI: -17 SNR: 13
19:59:19.658 > [1299088][V][LoraMesher.cpp:647] processPackets(): [LoRaMesher] Size of Received Packets Queue: 1
19:59:19.666 > [1299097][I][PacketQueueService.h:80] deleteQueuePacketAndPacket(): [LoRaMesher] Deleting packet
19:59:19.675 > [1299106][I][PacketQueueService.h:83] deleteQueuePacketAndPacket(): [LoRaMesher] Deleting packet queue
19:59:19.684 > [1299115][V][LoraMesher.cpp:658] processPackets(): [LoRaMesher] TESTING: Packet not for me, deleting it
19:59:19.693 > [1299124][V][LoraMesher.cpp:641] processPackets(): [LoRaMesher] Stack space unused after entering the task: 2040
19:59:19.703 > [1299134][V][LoraMesher.cpp:642] processPackets(): [LoRaMesher] Free heap: 336408
19:59:20.143 > [1299575][V][LoraMesher.cpp:378] receivingRoutine(): [LoRaMesher] Stack space unused after entering the task: 2072
19:59:20.154 > [1299585][V][LoraMesher.cpp:379] receivingRoutine(): [LoRaMesher] Free heap: 336408
19:59:20.162 > [1299592][I][PacketService.cpp:12] createEmptyPacket(): [LoRaMesher] Packet created with 17 bytes
19:59:20.171 > [1299601][I][LoraMesher.cpp:392] receivingRoutine(): [LoRaMesher] Receiving LoRa packet: Size: 17 bytes RSSI: -37 SNR: 13
19:59:20.182 > [1299613][V][LoraMesher.cpp:647] processPackets(): [LoRaMesher] Size of Received Packets Queue: 1
19:59:20.190 > [1299621][I][PacketQueueService.h:80] deleteQueuePacketAndPacket(): [LoRaMesher] Deleting packet
19:59:20.199 > [1299630][I][PacketQueueService.h:83] deleteQueuePacketAndPacket(): [LoRaMesher] Deleting packet queue
19:59:20.208 > [1299639][V][LoraMesher.cpp:658] processPackets(): [LoRaMesher] TESTING: Packet not for me, deleting it
19:59:20.217 > [1299648][V][LoraMesher.cpp:641] processPackets(): [LoRaMesher] Stack space unused after entering the task: 2040
19:59:20.227 > [1299658][V][LoraMesher.cpp:642] processPackets(): [LoRaMesher] Free heap: 336408
19:59:39.863 > [1319293][V][LoraMesher.cpp:378] receivingRoutine(): [LoRaMesher] Stack space unused after entering the task: 2072
19:59:39.873 > [1319303][V][LoraMesher.cpp:379] receivingRoutine(): [LoRaMesher] Free heap: 336408
19:59:39.881 > [1319311][I][PacketService.cpp:12] createEmptyPacket(): [LoRaMesher] Packet created with 17 bytes
19:59:39.890 > [1319320][I][LoraMesher.cpp:392] receivingRoutine(): [LoRaMesher] Receiving LoRa packet: Size: 17 bytes RSSI: -17 SNR: 13
19:59:39.901 > [1319331][V][LoraMesher.cpp:647] processPackets(): [LoRaMesher] Size of Received Packets Queue: 1
19:59:39.910 > [1319340][I][PacketQueueService.h:80] deleteQueuePacketAndPacket(): [LoRaMesher] Deleting packet
19:59:39.918 > [1319348][I][PacketQueueService.h:83] deleteQueuePacketAndPacket(): [LoRaMesher] Deleting packet queue
19:59:39.927 > [1319358][V][LoraMesher.cpp:658] processPackets(): [LoRaMesher] TESTING: Packet not for me, deleting it
19:59:39.937 > [1319367][V][LoraMesher.cpp:641] processPackets(): [LoRaMesher] Stack space unused after entering the task: 2040
19:59:39.947 > [1319377][V][LoraMesher.cpp:642] processPackets(): [LoRaMesher] Free heap: 336408
19:59:41.379 > [1320810][V][LoraMesher.cpp:378] receivingRoutine(): [LoRaMesher] Stack space unused after entering the task: 2072
19:59:41.390 > [1320820][V][LoraMesher.cpp:379] receivingRoutine(): [LoRaMesher] Free heap: 336408
19:59:41.397 > [1320828][I][PacketService.cpp:12] createEmptyPacket(): [LoRaMesher] Packet created with 17 bytes
19:59:41.406 > [1320836][I][LoraMesher.cpp:392] receivingRoutine(): [LoRaMesher] Receiving LoRa packet: Size: 17 bytes RSSI: -39 SNR: 13
19:59:41.418 > [1320848][V][LoraMesher.cpp:647] processPackets(): [LoRaMesher] Size of Received Packets Queue: 1
19:59:41.426 > [1320856][I][PacketQueueService.h:80] deleteQueuePacketAndPacket(): [LoRaMesher] Deleting packet
19:59:41.435 > [1320865][I][PacketQueueService.h:83] deleteQueuePacketAndPacket(): [LoRaMesher] Deleting packet queue
19:59:41.444 > [1320874][V][LoraMesher.cpp:658] processPackets(): [LoRaMesher] TESTING: Packet not for me, deleting it
19:59:41.453 > [1320883][V][LoraMesher.cpp:641] processPackets(): [LoRaMesher] Stack space unused after entering the task: 2040
19:59:41.463 > [1320893][V][LoraMesher.cpp:642] processPackets(): [LoRaMesher] Free heap: 336408
19:59:49.194 > [1328624][V][LoraMesher.cpp:598] sendHelloPacket(): [LoRaMesher] Creating Routing Packet
19:59:49.203 > [1328632][V][LoraMesher.cpp:599] sendHelloPacket(): [LoRaMesher] Stack space unused after entering the task: 2204
19:59:49.213 > [1328642][V][LoraMesher.cpp:600] sendHelloPacket(): [LoRaMesher] Free heap: 336408
19:59:49.220 > [1328649][V][PacketFactory.h:45] createPacket(): [LoRaMesher] Creating packet with 28 bytes
19:59:49.228 > [1328657][I][PacketFactory.h:74] createPacket(): [LoRaMesher] Packet created with 28 bytes
19:59:49.236 > [1328666][I][LoraMesher.h:659] setPackedForSend(): [LoRaMesher] Adding packet to Q_SP
19:59:49.244 > [1328673][I][LoraMesher.h:661] setPackedForSend(): [LoRaMesher] Created packet to Q_SP
19:59:49.252 > [1328681][I][LoraMesher.cpp:1061] addToSendOrderedAndNotify(): [LoRaMesher] Added packet to Q_SP, notifying sender task
19:59:49.262 > [1328691][V][LoraMesher.cpp:511] sendPackets(): [LoRaMesher] Stack space unused after entering the task: 1924
19:59:49.272 > [1328701][V][LoraMesher.cpp:512] sendPackets(): [LoRaMesher] Free heap: 336304
19:59:49.279 > [1328708][V][LoraMesher.cpp:518] sendPackets(): [LoRaMesher] Size of Send Packets Queue: 1
19:59:49.287 > [1328716][V][LoraMesher.cpp:525] sendPackets(): [LoRaMesher] Send n. 24
19:59:49.293 > [1328723][V][LoraMesher.cpp:455] waitBeforeSend(): [LoRaMesher] RandomDelay 522 ms
19:59:49.822 > [1329252][V][LoraMesher.cpp:754] printHeaderPacket(): [LoRaMesher] Packet send -- Size: 28 Src: F02C Dst: FFFF Id: 11 Type: 4 Via: 0 Seq_Id: 0 Num: 0
19:59:49.933 > [1329363][V][LoraMesher.cpp:575] sendPackets(): [LoRaMesher] TimeOnAir 85 ms, next message in 0 ms
19:59:49.943 > [1329372][I][PacketQueueService.h:80] deleteQueuePacketAndPacket(): [LoRaMesher] Deleting packet
19:59:49.951 > [1329381][I][PacketQueueService.h:83] deleteQueuePacketAndPacket(): [LoRaMesher] Deleting packet queue
19:59:50.400 > [1329830][V][LoraMesher.cpp:378] receivingRoutine(): [LoRaMesher] Stack space unused after entering the task: 2072
19:59:50.411 > [1329840][V][LoraMesher.cpp:379] receivingRoutine(): [LoRaMesher] Free heap: 336408
19:59:50.419 > [1329848][I][PacketService.cpp:12] createEmptyPacket(): [LoRaMesher] Packet created with 28 bytes
19:59:50.428 > [1329857][I][LoraMesher.cpp:392] receivingRoutine(): [LoRaMesher] Receiving LoRa packet: Size: 28 bytes RSSI: -50 SNR: 12
19:59:50.439 > [1329868][V][LoraMesher.cpp:647] processPackets(): [LoRaMesher] Size of Received Packets Queue: 1
19:59:50.448 > [1329877][V][LoraMesher.cpp:754] printHeaderPacket(): [LoRaMesher] Packet received -- Size: 28 Src: AFC0 Dst: FFFF Id: 12 Type: 4 Via: 0 Seq_Id: 0 Num: 0
19:59:50.461 > [1329890][I][RoutingTableService.cpp:77] processRoute(): [LoRaMesher] Route packet from AFC0 with size 5
19:59:50.471 > [1329900][I][RoutingTableService.cpp:99] resetReceiveSNRRoutePacket(): [LoRaMesher] Reset Receive SNR from AFC0: 12
19:59:50.481 > [1329910][I][RoutingTableService.cpp:192] printRoutingTable(): [LoRaMesher] Current routing table:
19:59:50.490 > [1329919][I][RoutingTableService.cpp:206] printRoutingTable(): [LoRaMesher] 0 - AFC0 via AFC0 metric 1 Role 0
19:59:50.499 > [1329929][I][RoutingTableService.cpp:206] printRoutingTable(): [LoRaMesher] 1 - DE6C via AFC0 metric 2 Role 0
19:59:50.509 > [1329938][I][RoutingTableService.cpp:206] printRoutingTable(): [LoRaMesher] 2 - B3F0 via AFC0 metric 3 Role 0
19:59:50.519 > [1329948][I][RoutingTableService.cpp:206] printRoutingTable(): [LoRaMesher] 3 - D110 via D110 metric 1 Role 1
19:59:50.528 > [1329958][I][RoutingTableService.cpp:206] printRoutingTable(): [LoRaMesher] 4 - C998 via D110 metric 2 Role 0
19:59:50.538 > [1329967][I][PacketQueueService.h:80] deleteQueuePacketAndPacket(): [LoRaMesher] Deleting packet
19:59:50.547 > [1329976][I][PacketQueueService.h:83] deleteQueuePacketAndPacket(): [LoRaMesher] Deleting packet queue
19:59:50.556 > [1329985][V][LoraMesher.cpp:641] processPackets(): [LoRaMesher] Stack space unused after entering the task: 2040
19:59:50.566 > [1329995][V][LoraMesher.cpp:642] processPackets(): [LoRaMesher] Free heap: 336408
19:59:51.859 > [1331289][V][LoraMesher.cpp:378] receivingRoutine(): [LoRaMesher] Stack space unused after entering the task: 2072
19:59:51.870 > [1331299][V][LoraMesher.cpp:379] receivingRoutine(): [LoRaMesher] Free heap: 336408
19:59:51.878 > [1331307][I][PacketService.cpp:12] createEmptyPacket(): [LoRaMesher] Packet created with 28 bytes
19:59:51.886 > [1331316][I][LoraMesher.cpp:392] receivingRoutine(): [LoRaMesher] Receiving LoRa packet: Size: 28 bytes RSSI: -13 SNR: 13
19:59:51.898 > [1331327][V][LoraMesher.cpp:647] processPackets(): [LoRaMesher] Size of Received Packets Queue: 1
19:59:51.907 > [1331336][I][PacketQueueService.h:80] deleteQueuePacketAndPacket(): [LoRaMesher] Deleting packet
19:59:51.915 > [1331344][I][PacketQueueService.h:83] deleteQueuePacketAndPacket(): [LoRaMesher] Deleting packet queue
19:59:51.924 > [1331354][V][LoraMesher.cpp:658] processPackets(): [LoRaMesher] TESTING: Packet not for me, deleting it
19:59:51.933 > [1331363][V][LoraMesher.cpp:641] processPackets(): [LoRaMesher] Stack space unused after entering the task: 2040
19:59:51.943 > [1331373][V][LoraMesher.cpp:642] processPackets(): [LoRaMesher] Free heap: 336408
19:59:59.092 > [1338521][V][LoraMesher.cpp:378] receivingRoutine(): [LoRaMesher] Stack space unused after entering the task: 2072
19:59:59.103 > [1338531][V][LoraMesher.cpp:379] receivingRoutine(): [LoRaMesher] Free heap: 336408
19:59:59.109 > [1338539][I][PacketService.cpp:12] createEmptyPacket(): [LoRaMesher] Packet created with 28 bytes
19:59:59.118 > [1338548][I][LoraMesher.cpp:392] receivingRoutine(): [LoRaMesher] Receiving LoRa packet: Size: 28 bytes RSSI: -43 SNR: 13
19:59:59.130 > [1338559][V][LoraMesher.cpp:647] processPackets(): [LoRaMesher] Size of Received Packets Queue: 1
19:59:59.138 > [1338568][I][PacketQueueService.h:80] deleteQueuePacketAndPacket(): [LoRaMesher] Deleting packet
19:59:59.147 > [1338576][I][PacketQueueService.h:83] deleteQueuePacketAndPacket(): [LoRaMesher] Deleting packet queue
19:59:59.156 > [1338585][V][LoraMesher.cpp:658] processPackets(): [LoRaMesher] TESTING: Packet not for me, deleting it
19:59:59.165 > [1338595][V][LoraMesher.cpp:641] processPackets(): [LoRaMesher] Stack space unused after entering the task: 2040
19:59:59.175 > [1338605][V][LoraMesher.cpp:642] processPackets(): [LoRaMesher] Free heap: 336408
20:00:00.036 > [1339465][V][LoraMesher.cpp:378] receivingRoutine(): [LoRaMesher] Stack space unused after entering the task: 2072
20:00:00.046 > [1339475][V][LoraMesher.cpp:379] receivingRoutine(): [LoRaMesher] Free heap: 336408
20:00:00.054 > [1339483][I][PacketService.cpp:12] createEmptyPacket(): [LoRaMesher] Packet created with 17 bytes
20:00:00.063 > [1339492][I][LoraMesher.cpp:392] receivingRoutine(): [LoRaMesher] Receiving LoRa packet: Size: 17 bytes RSSI: -17 SNR: 13
20:00:00.074 > [1339503][V][LoraMesher.cpp:647] processPackets(): [LoRaMesher] Size of Received Packets Queue: 1
20:00:00.082 > [1339512][I][PacketQueueService.h:80] deleteQueuePacketAndPacket(): [LoRaMesher] Deleting packet
20:00:00.091 > [1339520][I][PacketQueueService.h:83] deleteQueuePacketAndPacket(): [LoRaMesher] Deleting packet queue
20:00:00.100 > [1339530][V][LoraMesher.cpp:658] processPackets(): [LoRaMesher] TESTING: Packet not for me, deleting it
20:00:00.110 > [1339539][V][LoraMesher.cpp:641] processPackets(): [LoRaMesher] Stack space unused after entering the task: 2040
20:00:00.119 > [1339549][V][LoraMesher.cpp:642] processPackets(): [LoRaMesher] Free heap: 336408
20:00:01.346 > [1340775][V][LoraMesher.cpp:378] receivingRoutine(): [LoRaMesher] Stack space unused after entering the task: 2072
20:00:01.356 > [1340785][V][LoraMesher.cpp:379] receivingRoutine(): [LoRaMesher] Free heap: 336408
20:00:01.364 > [1340793][I][PacketService.cpp:12] createEmptyPacket(): [LoRaMesher] Packet created with 17 bytes
20:00:01.373 > [1340801][I][LoraMesher.cpp:392] receivingRoutine(): [LoRaMesher] Receiving LoRa packet: Size: 17 bytes RSSI: -50 SNR: 13
20:00:01.383 > [1340813][V][LoraMesher.cpp:647] processPackets(): [LoRaMesher] Size of Received Packets Queue: 1
20:00:01.393 > [1340821][I][PacketQueueService.h:80] deleteQueuePacketAndPacket(): [LoRaMesher] Deleting packet
20:00:01.402 > [1340830][I][PacketQueueService.h:83] deleteQueuePacketAndPacket(): [LoRaMesher] Deleting packet queue
20:00:01.411 > [1340839][V][LoraMesher.cpp:658] processPackets(): [LoRaMesher] TESTING: Packet not for me, deleting it
20:00:01.420 > [1340848][V][LoraMesher.cpp:641] processPackets(): [LoRaMesher] Stack space unused after entering the task: 2040
20:00:01.430 > [1340858][V][LoraMesher.cpp:642] processPackets(): [LoRaMesher] Free heap: 336408
20:00:20.566 > [1359994][V][LoraMesher.cpp:378] receivingRoutine(): [LoRaMesher] Stack space unused after entering the task: 2072
20:00:20.577 > [1360004][V][LoraMesher.cpp:379] receivingRoutine(): [LoRaMesher] Free heap: 336408
20:00:20.584 > [1360012][I][PacketService.cpp:12] createEmptyPacket(): [LoRaMesher] Packet created with 17 bytes
20:00:20.593 > [1360021][I][LoraMesher.cpp:392] receivingRoutine(): [LoRaMesher] Receiving LoRa packet: Size: 17 bytes RSSI: -18 SNR: 12
20:00:20.604 > [1360032][V][LoraMesher.cpp:647] processPackets(): [LoRaMesher] Size of Received Packets Queue: 1
20:00:20.613 > [1360041][I][PacketQueueService.h:80] deleteQueuePacketAndPacket(): [LoRaMesher] Deleting packet
20:00:20.622 > [1360049][I][PacketQueueService.h:83] deleteQueuePacketAndPacket(): [LoRaMesher] Deleting packet queue
20:00:20.631 > [1360059][V][LoraMesher.cpp:658] processPackets(): [LoRaMesher] TESTING: Packet not for me, deleting it
20:00:20.640 > [1360068][V][LoraMesher.cpp:641] processPackets(): [LoRaMesher] Stack space unused after entering the task: 2040
20:00:20.650 > [1360078][V][LoraMesher.cpp:642] processPackets(): [LoRaMesher] Free heap: 336408
20:00:21.893 > [1361321][V][LoraMesher.cpp:378] receivingRoutine(): [LoRaMesher] Stack space unused after entering the task: 2072
20:00:21.903 > [1361331][V][LoraMesher.cpp:379] receivingRoutine(): [LoRaMesher] Free heap: 336408
20:00:21.911 > [1361339][I][PacketService.cpp:12] createEmptyPacket(): [LoRaMesher] Packet created with 17 bytes
20:00:21.920 > [1361348][I][LoraMesher.cpp:392] receivingRoutine(): [LoRaMesher] Receiving LoRa packet: Size: 17 bytes RSSI: -44 SNR: 13
20:00:21.931 > [1361359][V][LoraMesher.cpp:647] processPackets(): [LoRaMesher] Size of Received Packets Queue: 1
20:00:21.940 > [1361368][I][PacketQueueService.h:80] deleteQueuePacketAndPacket(): [LoRaMesher] Deleting packet
20:00:21.948 > [1361376][I][PacketQueueService.h:83] deleteQueuePacketAndPacket(): [LoRaMesher] Deleting packet queue
20:00:21.957 > [1361385][V][LoraMesher.cpp:658] processPackets(): [LoRaMesher] TESTING: Packet not for me, deleting it
20:00:21.967 > [1361394][V][LoraMesher.cpp:641] processPackets(): [LoRaMesher] Stack space unused after entering the task: 2040
20:00:21.977 > [1361404][V][LoraMesher.cpp:642] processPackets(): [LoRaMesher] Free heap: 336408
20:00:40.697 > [1380124][V][LoraMesher.cpp:378] receivingRoutine(): [LoRaMesher] Stack space unused after entering the task: 2072
20:00:40.707 > [1380134][V][LoraMesher.cpp:379] receivingRoutine(): [LoRaMesher] Free heap: 336408
20:00:40.715 > [1380142][I][PacketService.cpp:12] createEmptyPacket(): [LoRaMesher] Packet created with 17 bytes
20:00:40.724 > [1380151][I][LoraMesher.cpp:392] receivingRoutine(): [LoRaMesher] Receiving LoRa packet: Size: 17 bytes RSSI: -18 SNR: 12
20:00:40.735 > [1380162][V][LoraMesher.cpp:647] processPackets(): [LoRaMesher] Size of Received Packets Queue: 1
20:00:40.744 > [1380171][I][PacketQueueService.h:80] deleteQueuePacketAndPacket(): [LoRaMesher] Deleting packet
20:00:40.752 > [1380179][I][PacketQueueService.h:83] deleteQueuePacketAndPacket(): [LoRaMesher] Deleting packet queue
20:00:40.761 > [1380189][V][LoraMesher.cpp:658] processPackets(): [LoRaMesher] TESTING: Packet not for me, deleting it
20:00:40.771 > [1380198][V][LoraMesher.cpp:641] processPackets(): [LoRaMesher] Stack space unused after entering the task: 2040
20:00:40.781 > [1380208][V][LoraMesher.cpp:642] processPackets(): [LoRaMesher] Free heap: 336408
20:00:41.724 > [1381151][V][LoraMesher.cpp:378] receivingRoutine(): [LoRaMesher] Stack space unused after entering the task: 2072
20:00:41.734 > [1381161][V][LoraMesher.cpp:379] receivingRoutine(): [LoRaMesher] Free heap: 336408
20:00:41.742 > [1381169][I][PacketService.cpp:12] createEmptyPacket(): [LoRaMesher] Packet created with 17 bytes
20:00:41.751 > [1381178][I][LoraMesher.cpp:392] receivingRoutine(): [LoRaMesher] Receiving LoRa packet: Size: 17 bytes RSSI: -44 SNR: 12
20:00:41.762 > [1381189][V][LoraMesher.cpp:647] processPackets(): [LoRaMesher] Size of Received Packets Queue: 1
20:00:41.771 > [1381198][I][PacketQueueService.h:80] deleteQueuePacketAndPacket(): [LoRaMesher] Deleting packet
20:00:41.779 > [1381206][I][PacketQueueService.h:83] deleteQueuePacketAndPacket(): [LoRaMesher] Deleting packet queue
20:00:41.788 > [1381215][V][LoraMesher.cpp:658] processPackets(): [LoRaMesher] TESTING: Packet not for me, deleting it
20:00:41.797 > [1381225][V][LoraMesher.cpp:641] processPackets(): [LoRaMesher] Stack space unused after entering the task: 2040
20:00:41.807 > [1381235][V][LoraMesher.cpp:642] processPackets(): [LoRaMesher] Free heap: 336408
20:01:00.158 > [1399585][V][LoraMesher.cpp:378] receivingRoutine(): [LoRaMesher] Stack space unused after entering the task: 2072
20:01:00.169 > [1399595][V][LoraMesher.cpp:379] receivingRoutine(): [LoRaMesher] Free heap: 336408
20:01:00.176 > [1399603][I][PacketService.cpp:12] createEmptyPacket(): [LoRaMesher] Packet created with 17 bytes
20:01:00.185 > [1399612][I][LoraMesher.cpp:392] receivingRoutine(): [LoRaMesher] Receiving LoRa packet: Size: 17 bytes RSSI: -17 SNR: 13
20:01:00.197 > [1399623][V][LoraMesher.cpp:647] processPackets(): [LoRaMesher] Size of Received Packets Queue: 1
20:01:00.205 > [1399632][I][PacketQueueService.h:80] deleteQueuePacketAndPacket(): [LoRaMesher] Deleting packet
20:01:00.214 > [1399640][I][PacketQueueService.h:83] deleteQueuePacketAndPacket(): [LoRaMesher] Deleting packet queue
20:01:00.223 > [1399649][V][LoraMesher.cpp:658] processPackets(): [LoRaMesher] TESTING: Packet not for me, deleting it
20:01:00.232 > [1399659][V][LoraMesher.cpp:641] processPackets(): [LoRaMesher] Stack space unused after entering the task: 2040
20:01:00.242 > [1399669][V][LoraMesher.cpp:642] processPackets(): [LoRaMesher] Free heap: 336408
20:01:01.199 > [1400625][V][LoraMesher.cpp:378] receivingRoutine(): [LoRaMesher] Stack space unused after entering the task: 2072
20:01:01.209 > [1400635][V][LoraMesher.cpp:379] receivingRoutine(): [LoRaMesher] Free heap: 336408
20:01:01.216 > [1400643][I][PacketService.cpp:12] createEmptyPacket(): [LoRaMesher] Packet created with 17 bytes
20:01:01.225 > [1400652][I][LoraMesher.cpp:392] receivingRoutine(): [LoRaMesher] Receiving LoRa packet: Size: 17 bytes RSSI: -48 SNR: 13
20:01:01.237 > [1400663][V][LoraMesher.cpp:647] processPackets(): [LoRaMesher] Size of Received Packets Queue: 1
20:01:01.245 > [1400672][I][PacketQueueService.h:80] deleteQueuePacketAndPacket(): [LoRaMesher] Deleting packet
20:01:01.254 > [1400680][I][PacketQueueService.h:83] deleteQueuePacketAndPacket(): [LoRaMesher] Deleting packet queue
20:01:01.263 > [1400689][V][LoraMesher.cpp:658] processPackets(): [LoRaMesher] TESTING: Packet not for me, deleting it
20:01:01.272 > [1400699][V][LoraMesher.cpp:641] processPackets(): [LoRaMesher] Stack space unused after entering the task: 2040
20:01:01.282 > [1400709][V][LoraMesher.cpp:642] processPackets(): [LoRaMesher] Free heap: 336408
20:01:15.314 > [1414740][V][LoraMesher.cpp:378] receivingRoutine(): [LoRaMesher] Stack space unused after entering the task: 2072
20:01:15.325 > [1414751][V][LoraMesher.cpp:379] receivingRoutine(): [LoRaMesher] Free heap: 336408
20:01:15.332 > [1414758][I][PacketService.cpp:12] createEmptyPacket(): [LoRaMesher] Packet created with 28 bytes
20:01:15.341 > [1414767][I][LoraMesher.cpp:392] receivingRoutine(): [LoRaMesher] Receiving LoRa packet: Size: 28 bytes RSSI: -17 SNR: 13
20:01:15.353 > [1414778][V][LoraMesher.cpp:647] processPackets(): [LoRaMesher] Size of Received Packets Queue: 1
20:01:15.361 > [1414787][I][PacketQueueService.h:80] deleteQueuePacketAndPacket(): [LoRaMesher] Deleting packet
20:01:15.370 > [1414796][I][PacketQueueService.h:83] deleteQueuePacketAndPacket(): [LoRaMesher] Deleting packet queue
20:01:15.379 > [1414805][V][LoraMesher.cpp:658] processPackets(): [LoRaMesher] TESTING: Packet not for me, deleting it
20:01:15.388 > [1414814][V][LoraMesher.cpp:641] processPackets(): [LoRaMesher] Stack space unused after entering the task: 2040
20:01:15.398 > [1414824][V][LoraMesher.cpp:642] processPackets(): [LoRaMesher] Free heap: 336408
20:01:20.244 > [1419670][V][LoraMesher.cpp:378] receivingRoutine(): [LoRaMesher] Stack space unused after entering the task: 2072
20:01:20.255 > [1419680][V][LoraMesher.cpp:379] receivingRoutine(): [LoRaMesher] Free heap: 336408
20:01:20.262 > [1419688][I][PacketService.cpp:12] createEmptyPacket(): [LoRaMesher] Packet created with 17 bytes
20:01:20.272 > [1419697][I][LoraMesher.cpp:392] receivingRoutine(): [LoRaMesher] Receiving LoRa packet: Size: 17 bytes RSSI: -17 SNR: 12
20:01:20.282 > [1419708][V][LoraMesher.cpp:647] processPackets(): [LoRaMesher] Size of Received Packets Queue: 1
20:01:20.291 > [1419717][I][PacketQueueService.h:80] deleteQueuePacketAndPacket(): [LoRaMesher] Deleting packet
20:01:20.300 > [1419725][I][PacketQueueService.h:83] deleteQueuePacketAndPacket(): [LoRaMesher] Deleting packet queue
20:01:20.310 > [1419734][V][LoraMesher.cpp:658] processPackets(): [LoRaMesher] TESTING: Packet not for me, deleting it
20:01:20.319 > [1419744][V][LoraMesher.cpp:641] processPackets(): [LoRaMesher] Stack space unused after entering the task: 2040
20:01:20.329 > [1419754][V][LoraMesher.cpp:642] processPackets(): [LoRaMesher] Free heap: 336408
20:01:21.554 > [1420979][V][LoraMesher.cpp:378] receivingRoutine(): [LoRaMesher] Stack space unused after entering the task: 2072
20:01:21.564 > [1420989][V][LoraMesher.cpp:379] receivingRoutine(): [LoRaMesher] Free heap: 336408
20:01:21.572 > [1420997][I][PacketService.cpp:12] createEmptyPacket(): [LoRaMesher] Packet created with 17 bytes
20:01:21.581 > [1421006][I][LoraMesher.cpp:392] receivingRoutine(): [LoRaMesher] Receiving LoRa packet: Size: 17 bytes RSSI: -49 SNR: 13
20:01:21.592 > [1421017][V][LoraMesher.cpp:647] processPackets(): [LoRaMesher] Size of Received Packets Queue: 1
20:01:21.601 > [1421026][I][PacketQueueService.h:80] deleteQueuePacketAndPacket(): [LoRaMesher] Deleting packet
20:01:21.610 > [1421034][I][PacketQueueService.h:83] deleteQueuePacketAndPacket(): [LoRaMesher] Deleting packet queue
20:01:21.619 > [1421044][V][LoraMesher.cpp:658] processPackets(): [LoRaMesher] TESTING: Packet not for me, deleting it
20:01:21.628 > [1421053][V][LoraMesher.cpp:641] processPackets(): [LoRaMesher] Stack space unused after entering the task: 2040
20:01:21.638 > [1421063][V][LoraMesher.cpp:642] processPackets(): [LoRaMesher] Free heap: 336408
20:01:40.191 > [1439616][V][LoraMesher.cpp:378] receivingRoutine(): [LoRaMesher] Stack space unused after entering the task: 2072
20:01:40.202 > [1439626][V][LoraMesher.cpp:379] receivingRoutine(): [LoRaMesher] Free heap: 336408
20:01:40.210 > [1439634][I][PacketService.cpp:12] createEmptyPacket(): [LoRaMesher] Packet created with 17 bytes
20:01:40.219 > [1439643][I][LoraMesher.cpp:392] receivingRoutine(): [LoRaMesher] Receiving LoRa packet: Size: 17 bytes RSSI: -17 SNR: 13
20:01:40.230 > [1439654][V][LoraMesher.cpp:647] processPackets(): [LoRaMesher] Size of Received Packets Queue: 1
20:01:40.239 > [1439663][I][PacketQueueService.h:80] deleteQueuePacketAndPacket(): [LoRaMesher] Deleting packet
20:01:40.247 > [1439671][I][PacketQueueService.h:83] deleteQueuePacketAndPacket(): [LoRaMesher] Deleting packet queue
20:01:40.256 > [1439680][V][LoraMesher.cpp:658] processPackets(): [LoRaMesher] TESTING: Packet not for me, deleting it
20:01:40.265 > [1439690][V][LoraMesher.cpp:641] processPackets(): [LoRaMesher] Stack space unused after entering the task: 2040
20:01:40.275 > [1439700][V][LoraMesher.cpp:642] processPackets(): [LoRaMesher] Free heap: 336408
20:01:41.034 > [1440459][V][LoraMesher.cpp:378] receivingRoutine(): [LoRaMesher] Stack space unused after entering the task: 2072
20:01:41.045 > [1440470][V][LoraMesher.cpp:379] receivingRoutine(): [LoRaMesher] Free heap: 336408
20:01:41.053 > [1440477][I][PacketService.cpp:12] createEmptyPacket(): [LoRaMesher] Packet created with 17 bytes
20:01:41.062 > [1440486][I][LoraMesher.cpp:392] receivingRoutine(): [LoRaMesher] Receiving LoRa packet: Size: 17 bytes RSSI: -49 SNR: 14
20:01:41.073 > [1440497][V][LoraMesher.cpp:647] processPackets(): [LoRaMesher] Size of Received Packets Queue: 1
20:01:41.082 > [1440506][I][PacketQueueService.h:80] deleteQueuePacketAndPacket(): [LoRaMesher] Deleting packet
20:01:41.090 > [1440515][I][PacketQueueService.h:83] deleteQueuePacketAndPacket(): [LoRaMesher] Deleting packet queue
20:01:41.100 > [1440524][V][LoraMesher.cpp:658] processPackets(): [LoRaMesher] TESTING: Packet not for me, deleting it
20:01:41.109 > [1440533][V][LoraMesher.cpp:641] processPackets(): [LoRaMesher] Stack space unused after entering the task: 2040
20:01:41.119 > [1440543][V][LoraMesher.cpp:642] processPackets(): [LoRaMesher] Free heap: 336408
20:01:49.267 > [1448692][V][LoraMesher.cpp:598] sendHelloPacket(): [LoRaMesher] Creating Routing Packet
20:01:49.276 > [1448700][V][LoraMesher.cpp:599] sendHelloPacket(): [LoRaMesher] Stack space unused after entering the task: 2204
20:01:49.286 > [1448710][V][LoraMesher.cpp:600] sendHelloPacket(): [LoRaMesher] Free heap: 336408
20:01:49.293 > [1448717][V][PacketFactory.h:45] createPacket(): [LoRaMesher] Creating packet with 28 bytes
20:01:49.301 > [1448725][I][PacketFactory.h:74] createPacket(): [LoRaMesher] Packet created with 28 bytes
20:01:49.309 > [1448734][I][LoraMesher.h:659] setPackedForSend(): [LoRaMesher] Adding packet to Q_SP
20:01:49.317 > [1448741][I][LoraMesher.h:661] setPackedForSend(): [LoRaMesher] Created packet to Q_SP
20:01:49.325 > [1448749][I][LoraMesher.cpp:1061] addToSendOrderedAndNotify(): [LoRaMesher] Added packet to Q_SP, notifying sender task
20:01:49.335 > [1448759][V][LoraMesher.cpp:511] sendPackets(): [LoRaMesher] Stack space unused after entering the task: 1924
20:01:49.345 > [1448769][V][LoraMesher.cpp:512] sendPackets(): [LoRaMesher] Free heap: 336304
20:01:49.352 > [1448776][V][LoraMesher.cpp:518] sendPackets(): [LoRaMesher] Size of Send Packets Queue: 1
20:01:49.360 > [1448784][V][LoraMesher.cpp:525] sendPackets(): [LoRaMesher] Send n. 25
20:01:49.366 > [1448791][V][LoraMesher.cpp:455] waitBeforeSend(): [LoRaMesher] RandomDelay 919 ms
20:01:50.292 > [1449717][V][LoraMesher.cpp:754] printHeaderPacket(): [LoRaMesher] Packet send -- Size: 28 Src: F02C Dst: FFFF Id: 12 Type: 4 Via: 0 Seq_Id: 0 Num: 0
20:01:50.404 > [1449828][V][LoraMesher.cpp:575] sendPackets(): [LoRaMesher] TimeOnAir 85 ms, next message in 0 ms
20:01:50.413 > [1449837][I][PacketQueueService.h:80] deleteQueuePacketAndPacket(): [LoRaMesher] Deleting packet
20:01:50.422 > [1449846][I][PacketQueueService.h:83] deleteQueuePacketAndPacket(): [LoRaMesher] Deleting packet queue
20:01:51.420 > [1450844][V][LoraMesher.cpp:378] receivingRoutine(): [LoRaMesher] Stack space unused after entering the task: 2072
20:01:51.430 > [1450855][V][LoraMesher.cpp:379] receivingRoutine(): [LoRaMesher] Free heap: 336408
20:01:51.439 > [1450862][I][PacketService.cpp:12] createEmptyPacket(): [LoRaMesher] Packet created with 28 bytes
20:01:51.447 > [1450871][I][LoraMesher.cpp:392] receivingRoutine(): [LoRaMesher] Receiving LoRa packet: Size: 28 bytes RSSI: -12 SNR: 13
20:01:51.458 > [1450882][V][LoraMesher.cpp:647] processPackets(): [LoRaMesher] Size of Received Packets Queue: 1
20:01:51.467 > [1450891][I][PacketQueueService.h:80] deleteQueuePacketAndPacket(): [LoRaMesher] Deleting packet
20:01:51.475 > [1450900][I][PacketQueueService.h:83] deleteQueuePacketAndPacket(): [LoRaMesher] Deleting packet queue
20:01:51.484 > [1450909][V][LoraMesher.cpp:658] processPackets(): [LoRaMesher] TESTING: Packet not for me, deleting it
20:01:51.494 > [1450918][V][LoraMesher.cpp:641] processPackets(): [LoRaMesher] Stack space unused after entering the task: 2040
20:01:51.504 > [1450928][V][LoraMesher.cpp:642] processPackets(): [LoRaMesher] Free heap: 336408
20:01:52.640 > [1452065][V][LoraMesher.cpp:378] receivingRoutine(): [LoRaMesher] Stack space unused after entering the task: 2072
20:01:52.650 > [1452075][V][LoraMesher.cpp:379] receivingRoutine(): [LoRaMesher] Free heap: 336408
20:01:52.658 > [1452082][I][PacketService.cpp:12] createEmptyPacket(): [LoRaMesher] Packet created with 28 bytes
20:01:52.668 > [1452091][I][LoraMesher.cpp:392] receivingRoutine(): [LoRaMesher] Receiving LoRa packet: Size: 28 bytes RSSI: -50 SNR: 12
20:01:52.678 > [1452103][V][LoraMesher.cpp:647] processPackets(): [LoRaMesher] Size of Received Packets Queue: 1
20:01:52.687 > [1452111][V][LoraMesher.cpp:754] printHeaderPacket(): [LoRaMesher] Packet received -- Size: 28 Src: AFC0 Dst: FFFF Id: 13 Type: 4 Via: 0 Seq_Id: 0 Num: 0
20:01:52.701 > [1452125][I][RoutingTableService.cpp:77] processRoute(): [LoRaMesher] Route packet from AFC0 with size 5
20:01:52.710 > [1452134][I][RoutingTableService.cpp:99] resetReceiveSNRRoutePacket(): [LoRaMesher] Reset Receive SNR from AFC0: 12
20:01:52.720 > [1452145][I][RoutingTableService.cpp:192] printRoutingTable(): [LoRaMesher] Current routing table:
20:01:52.729 > [1452153][I][RoutingTableService.cpp:206] printRoutingTable(): [LoRaMesher] 0 - AFC0 via AFC0 metric 1 Role 0
20:01:52.739 > [1452163][I][RoutingTableService.cpp:206] printRoutingTable(): [LoRaMesher] 1 - DE6C via AFC0 metric 2 Role 0
20:01:52.748 > [1452173][I][RoutingTableService.cpp:206] printRoutingTable(): [LoRaMesher] 2 - B3F0 via AFC0 metric 3 Role 0
20:01:52.758 > [1452183][I][RoutingTableService.cpp:206] printRoutingTable(): [LoRaMesher] 3 - D110 via D110 metric 1 Role 1
20:01:52.768 > [1452192][I][RoutingTableService.cpp:206] printRoutingTable(): [LoRaMesher] 4 - C998 via D110 metric 2 Role 0
20:01:52.778 > [1452202][I][PacketQueueService.h:80] deleteQueuePacketAndPacket(): [LoRaMesher] Deleting packet
20:01:52.786 > [1452211][I][PacketQueueService.h:83] deleteQueuePacketAndPacket(): [LoRaMesher] Deleting packet queue
20:01:52.795 > [1452220][V][LoraMesher.cpp:641] processPackets(): [LoRaMesher] Stack space unused after entering the task: 2040
20:01:52.805 > [1452230][V][LoraMesher.cpp:642] processPackets(): [LoRaMesher] Free heap: 336408
20:01:53.271 > [1452695][V][LoraMesher.cpp:378] receivingRoutine(): [LoRaMesher] Stack space unused after entering the task: 2072
20:01:53.282 > [1452705][V][LoraMesher.cpp:379] receivingRoutine(): [LoRaMesher] Free heap: 336408
20:01:53.289 > [1452713][I][PacketService.cpp:12] createEmptyPacket(): [LoRaMesher] Packet created with 28 bytes
20:01:53.297 > [1452722][I][LoraMesher.cpp:392] receivingRoutine(): [LoRaMesher] Receiving LoRa packet: Size: 28 bytes RSSI: -15 SNR: 13
20:01:53.309 > [1452733][V][LoraMesher.cpp:647] processPackets(): [LoRaMesher] Size of Received Packets Queue: 1
20:01:53.318 > [1452742][V][LoraMesher.cpp:754] printHeaderPacket(): [LoRaMesher] Packet received -- Size: 28 Src: D110 Dst: FFFF Id: 13 Type: 4 Via: 0 Seq_Id: 0 Num: 0
20:01:53.331 > [1452755][I][RoutingTableService.cpp:77] processRoute(): [LoRaMesher] Route packet from D110 with size 5
20:01:53.341 > [1452765][I][RoutingTableService.cpp:99] resetReceiveSNRRoutePacket(): [LoRaMesher] Reset Receive SNR from D110: 13
20:01:53.351 > [1452775][I][RoutingTableService.cpp:192] printRoutingTable(): [LoRaMesher] Current routing table:
20:01:53.359 > [1452784][I][RoutingTableService.cpp:206] printRoutingTable(): [LoRaMesher] 0 - AFC0 via AFC0 metric 1 Role 0
20:01:53.369 > [1452794][I][RoutingTableService.cpp:206] printRoutingTable(): [LoRaMesher] 1 - DE6C via AFC0 metric 2 Role 0
20:01:53.379 > [1452803][I][RoutingTableService.cpp:206] printRoutingTable(): [LoRaMesher] 2 - B3F0 via AFC0 metric 3 Role 0
20:01:53.389 > [1452813][I][RoutingTableService.cpp:206] printRoutingTable(): [LoRaMesher] 3 - D110 via D110 metric 1 Role 1
20:01:53.398 > [1452823][I][RoutingTableService.cpp:206] printRoutingTable(): [LoRaMesher] 4 - C998 via D110 metric 2 Role 0
20:01:53.408 > [1452832][I][PacketQueueService.h:80] deleteQueuePacketAndPacket(): [LoRaMesher] Deleting packet
20:01:53.417 > [1452841][I][PacketQueueService.h:83] deleteQueuePacketAndPacket(): [LoRaMesher] Deleting packet queue
20:01:53.426 > [1452850][V][LoraMesher.cpp:641] processPackets(): [LoRaMesher] Stack space unused after entering the task: 2040
20:01:53.436 > [1452860][V][LoraMesher.cpp:642] processPackets(): [LoRaMesher] Free heap: 336408
20:01:59.122 > [1458546][V][LoraMesher.cpp:378] receivingRoutine(): [LoRaMesher] Stack space unused after entering the task: 2072
20:01:59.132 > [1458556][V][LoraMesher.cpp:379] receivingRoutine(): [LoRaMesher] Free heap: 336408
20:01:59.140 > [1458564][I][PacketService.cpp:12] createEmptyPacket(): [LoRaMesher] Packet created with 28 bytes
20:01:59.149 > [1458572][I][LoraMesher.cpp:392] receivingRoutine(): [LoRaMesher] Receiving LoRa packet: Size: 28 bytes RSSI: -52 SNR: 12
20:01:59.160 > [1458584][V][LoraMesher.cpp:647] processPackets(): [LoRaMesher] Size of Received Packets Queue: 1
20:01:59.169 > [1458592][I][PacketQueueService.h:80] deleteQueuePacketAndPacket(): [LoRaMesher] Deleting packet
20:01:59.178 > [1458601][I][PacketQueueService.h:83] deleteQueuePacketAndPacket(): [LoRaMesher] Deleting packet queue
20:01:59.187 > [1458610][V][LoraMesher.cpp:658] processPackets(): [LoRaMesher] TESTING: Packet not for me, deleting it
20:01:59.196 > [1458619][V][LoraMesher.cpp:641] processPackets(): [LoRaMesher] Stack space unused after entering the task: 2040
20:01:59.206 > [1458629][V][LoraMesher.cpp:642] processPackets(): [LoRaMesher] Free heap: 336408
20:02:01.083 > [1460507][V][LoraMesher.cpp:378] receivingRoutine(): [LoRaMesher] Stack space unused after entering the task: 2072
20:02:01.094 > [1460517][V][LoraMesher.cpp:379] receivingRoutine(): [LoRaMesher] Free heap: 336408
20:02:01.101 > [1460525][I][PacketService.cpp:12] createEmptyPacket(): [LoRaMesher] Packet created with 17 bytes
20:02:01.110 > [1460534][I][LoraMesher.cpp:392] receivingRoutine(): [LoRaMesher] Receiving LoRa packet: Size: 17 bytes RSSI: -17 SNR: 13
20:02:01.122 > [1460545][V][LoraMesher.cpp:647] processPackets(): [LoRaMesher] Size of Received Packets Queue: 1
20:02:01.130 > [1460554][I][PacketQueueService.h:80] deleteQueuePacketAndPacket(): [LoRaMesher] Deleting packet
20:02:01.139 > [1460562][I][PacketQueueService.h:83] deleteQueuePacketAndPacket(): [LoRaMesher] Deleting packet queue
20:02:01.148 > [1460571][V][LoraMesher.cpp:658] processPackets(): [LoRaMesher] TESTING: Packet not for me, deleting it
20:02:01.157 > [1460581][V][LoraMesher.cpp:641] processPackets(): [LoRaMesher] Stack space unused after entering the task: 2040
20:02:01.167 > [1460591][V][LoraMesher.cpp:642] processPackets(): [LoRaMesher] Free heap: 336408
20:02:01.867 > [1461291][V][LoraMesher.cpp:378] receivingRoutine(): [LoRaMesher] Stack space unused after entering the task: 2072
20:02:01.878 > [1461302][V][LoraMesher.cpp:379] receivingRoutine(): [LoRaMesher] Free heap: 336408
20:02:01.886 > [1461309][I][PacketService.cpp:12] createEmptyPacket(): [LoRaMesher] Packet created with 17 bytes
20:02:01.895 > [1461318][I][LoraMesher.cpp:392] receivingRoutine(): [LoRaMesher] Receiving LoRa packet: Size: 17 bytes RSSI: -42 SNR: 13
20:02:01.906 > [1461329][V][LoraMesher.cpp:647] processPackets(): [LoRaMesher] Size of Received Packets Queue: 1
20:02:01.915 > [1461338][I][PacketQueueService.h:80] deleteQueuePacketAndPacket(): [LoRaMesher] Deleting packet
20:02:01.923 > [1461347][I][PacketQueueService.h:83] deleteQueuePacketAndPacket(): [LoRaMesher] Deleting packet queue
20:02:01.932 > [1461356][V][LoraMesher.cpp:658] processPackets(): [LoRaMesher] TESTING: Packet not for me, deleting it
20:02:01.942 > [1461365][V][LoraMesher.cpp:641] processPackets(): [LoRaMesher] Stack space unused after entering the task: 2040
20:02:01.951 > [1461375][V][LoraMesher.cpp:642] processPackets(): [LoRaMesher] Free heap: 336408
20:02:21.314 > [1480737][V][LoraMesher.cpp:378] receivingRoutine(): [LoRaMesher] Stack space unused after entering the task: 2072
20:02:21.324 > [1480747][V][LoraMesher.cpp:379] receivingRoutine(): [LoRaMesher] Free heap: 336408
20:02:21.332 > [1480755][I][PacketService.cpp:12] createEmptyPacket(): [LoRaMesher] Packet created with 17 bytes
20:02:21.341 > [1480764][I][LoraMesher.cpp:392] receivingRoutine(): [LoRaMesher] Receiving LoRa packet: Size: 17 bytes RSSI: -18 SNR: 12
20:02:21.352 > [1480775][V][LoraMesher.cpp:647] processPackets(): [LoRaMesher] Size of Received Packets Queue: 1
20:02:21.361 > [1480784][I][PacketQueueService.h:80] deleteQueuePacketAndPacket(): [LoRaMesher] Deleting packet
20:02:21.369 > [1480792][I][PacketQueueService.h:83] deleteQueuePacketAndPacket(): [LoRaMesher] Deleting packet queue
20:02:21.379 > [1480801][V][LoraMesher.cpp:658] processPackets(): [LoRaMesher] TESTING: Packet not for me, deleting it
20:02:21.388 > [1480810][V][LoraMesher.cpp:641] processPackets(): [LoRaMesher] Stack space unused after entering the task: 2040
20:02:21.398 > [1480821][V][LoraMesher.cpp:642] processPackets(): [LoRaMesher] Free heap: 336408
20:02:21.946 > [1481370][V][LoraMesher.cpp:378] receivingRoutine(): [LoRaMesher] Stack space unused after entering the task: 2072
20:02:21.957 > [1481380][V][LoraMesher.cpp:379] receivingRoutine(): [LoRaMesher] Free heap: 336408
20:02:21.964 > [1481387][I][PacketService.cpp:12] createEmptyPacket(): [LoRaMesher] Packet created with 17 bytes
20:02:21.973 > [1481396][I][LoraMesher.cpp:392] receivingRoutine(): [LoRaMesher] Receiving LoRa packet: Size: 17 bytes RSSI: -40 SNR: 13
20:02:21.985 > [1481407][V][LoraMesher.cpp:647] processPackets(): [LoRaMesher] Size of Received Packets Queue: 1
20:02:21.993 > [1481416][I][PacketQueueService.h:80] deleteQueuePacketAndPacket(): [LoRaMesher] Deleting packet
20:02:22.002 > [1481425][I][PacketQueueService.h:83] deleteQueuePacketAndPacket(): [LoRaMesher] Deleting packet queue
20:02:22.011 > [1481434][V][LoraMesher.cpp:658] processPackets(): [LoRaMesher] TESTING: Packet not for me, deleting it
20:02:22.020 > [1481443][V][LoraMesher.cpp:641] processPackets(): [LoRaMesher] Stack space unused after entering the task: 2040
20:02:22.030 > [1481453][V][LoraMesher.cpp:642] processPackets(): [LoRaMesher] Free heap: 336408
20:02:40.605 > [1500028][V][LoraMesher.cpp:378] receivingRoutine(): [LoRaMesher] Stack space unused after entering the task: 2072
20:02:40.616 > [1500038][V][LoraMesher.cpp:379] receivingRoutine(): [LoRaMesher] Free heap: 336408
20:02:40.624 > [1500046][I][PacketService.cpp:12] createEmptyPacket(): [LoRaMesher] Packet created with 17 bytes
20:02:40.633 > [1500055][I][LoraMesher.cpp:392] receivingRoutine(): [LoRaMesher] Receiving LoRa packet: Size: 17 bytes RSSI: -18 SNR: 12
20:02:40.644 > [1500066][V][LoraMesher.cpp:647] processPackets(): [LoRaMesher] Size of Received Packets Queue: 1
20:02:40.652 > [1500075][I][PacketQueueService.h:80] deleteQueuePacketAndPacket(): [LoRaMesher] Deleting packet
20:02:40.661 > [1500083][I][PacketQueueService.h:83] deleteQueuePacketAndPacket(): [LoRaMesher] Deleting packet queue
20:02:40.670 > [1500092][V][LoraMesher.cpp:658] processPackets(): [LoRaMesher] TESTING: Packet not for me, deleting it
20:02:40.679 > [1500101][V][LoraMesher.cpp:641] processPackets(): [LoRaMesher] Stack space unused after entering the task: 2040
20:02:40.689 > [1500111][V][LoraMesher.cpp:642] processPackets(): [LoRaMesher] Free heap: 336408
20:02:41.383 > [1500806][V][LoraMesher.cpp:378] receivingRoutine(): [LoRaMesher] Stack space unused after entering the task: 2072
20:02:41.394 > [1500816][V][LoraMesher.cpp:379] receivingRoutine(): [LoRaMesher] Free heap: 336408
20:02:41.401 > [1500823][I][PacketService.cpp:12] createEmptyPacket(): [LoRaMesher] Packet created with 17 bytes
20:02:41.410 > [1500832][I][LoraMesher.cpp:392] receivingRoutine(): [LoRaMesher] Receiving LoRa packet: Size: 17 bytes RSSI: -35 SNR: 13
20:02:41.421 > [1500844][V][LoraMesher.cpp:647] processPackets(): [LoRaMesher] Size of Received Packets Queue: 1
20:02:41.430 > [1500852][I][PacketQueueService.h:80] deleteQueuePacketAndPacket(): [LoRaMesher] Deleting packet
20:02:41.439 > [1500861][I][PacketQueueService.h:83] deleteQueuePacketAndPacket(): [LoRaMesher] Deleting packet queue
20:02:41.448 > [1500870][V][LoraMesher.cpp:658] processPackets(): [LoRaMesher] TESTING: Packet not for me, deleting it
20:02:41.457 > [1500879][V][LoraMesher.cpp:641] processPackets(): [LoRaMesher] Stack space unused after entering the task: 2040
20:02:41.467 > [1500889][V][LoraMesher.cpp:642] processPackets(): [LoRaMesher] Free heap: 336408
20:03:01.007 > [1520429][V][LoraMesher.cpp:378] receivingRoutine(): [LoRaMesher] Stack space unused after entering the task: 2072
20:03:01.018 > [1520439][V][LoraMesher.cpp:379] receivingRoutine(): [LoRaMesher] Free heap: 336408
20:03:01.025 > [1520447][I][PacketService.cpp:12] createEmptyPacket(): [LoRaMesher] Packet created with 17 bytes
20:03:01.034 > [1520456][I][LoraMesher.cpp:392] receivingRoutine(): [LoRaMesher] Receiving LoRa packet: Size: 17 bytes RSSI: -19 SNR: 12
20:03:01.045 > [1520467][V][LoraMesher.cpp:647] processPackets(): [LoRaMesher] Size of Received Packets Queue: 1
20:03:01.054 > [1520476][I][PacketQueueService.h:80] deleteQueuePacketAndPacket(): [LoRaMesher] Deleting packet
20:03:01.063 > [1520484][I][PacketQueueService.h:83] deleteQueuePacketAndPacket(): [LoRaMesher] Deleting packet queue
20:03:01.072 > [1520493][V][LoraMesher.cpp:658] processPackets(): [LoRaMesher] TESTING: Packet not for me, deleting it
20:03:01.081 > [1520502][V][LoraMesher.cpp:641] processPackets(): [LoRaMesher] Stack space unused after entering the task: 2040
20:03:01.091 > [1520512][V][LoraMesher.cpp:642] processPackets(): [LoRaMesher] Free heap: 336408
20:03:01.603 > [1521025][V][LoraMesher.cpp:378] receivingRoutine(): [LoRaMesher] Stack space unused after entering the task: 2072
20:03:01.614 > [1521035][V][LoraMesher.cpp:379] receivingRoutine(): [LoRaMesher] Free heap: 336408
20:03:01.621 > [1521043][I][PacketService.cpp:12] createEmptyPacket(): [LoRaMesher] Packet created with 17 bytes
20:03:01.631 > [1521051][I][LoraMesher.cpp:392] receivingRoutine(): [LoRaMesher] Receiving LoRa packet: Size: 17 bytes RSSI: -38 SNR: 13
20:03:01.641 > [1521063][V][LoraMesher.cpp:647] processPackets(): [LoRaMesher] Size of Received Packets Queue: 1
20:03:01.650 > [1521071][I][PacketQueueService.h:80] deleteQueuePacketAndPacket(): [LoRaMesher] Deleting packet
20:03:01.658 > [1521080][I][PacketQueueService.h:83] deleteQueuePacketAndPacket(): [LoRaMesher] Deleting packet queue
20:03:01.668 > [1521089][V][LoraMesher.cpp:658] processPackets(): [LoRaMesher] TESTING: Packet not for me, deleting it
20:03:01.677 > [1521098][V][LoraMesher.cpp:641] processPackets(): [LoRaMesher] Stack space unused after entering the task: 2040
20:03:01.687 > [1521108][V][LoraMesher.cpp:642] processPackets(): [LoRaMesher] Free heap: 336408
20:03:15.287 > [1534708][V][LoraMesher.cpp:378] receivingRoutine(): [LoRaMesher] Stack space unused after entering the task: 2072
20:03:15.298 > [1534718][V][LoraMesher.cpp:379] receivingRoutine(): [LoRaMesher] Free heap: 336408
20:03:15.305 > [1534726][I][PacketService.cpp:12] createEmptyPacket(): [LoRaMesher] Packet created with 28 bytes
20:03:15.315 > [1534735][I][LoraMesher.cpp:392] receivingRoutine(): [LoRaMesher] Receiving LoRa packet: Size: 28 bytes RSSI: -19 SNR: 13
20:03:15.326 > [1534746][V][LoraMesher.cpp:647] processPackets(): [LoRaMesher] Size of Received Packets Queue: 1
20:03:15.334 > [1534755][I][PacketQueueService.h:80] deleteQueuePacketAndPacket(): [LoRaMesher] Deleting packet
20:03:15.343 > [1534763][I][PacketQueueService.h:83] deleteQueuePacketAndPacket(): [LoRaMesher] Deleting packet queue
20:03:15.352 > [1534773][V][LoraMesher.cpp:658] processPackets(): [LoRaMesher] TESTING: Packet not for me, deleting it
20:03:15.361 > [1534782][V][LoraMesher.cpp:641] processPackets(): [LoRaMesher] Stack space unused after entering the task: 2040
20:03:15.371 > [1534792][V][LoraMesher.cpp:642] processPackets(): [LoRaMesher] Free heap: 336408
20:03:20.712 > [1540133][V][LoraMesher.cpp:378] receivingRoutine(): [LoRaMesher] Stack space unused after entering the task: 2072
20:03:20.722 > [1540143][V][LoraMesher.cpp:379] receivingRoutine(): [LoRaMesher] Free heap: 336408
20:03:20.730 > [1540151][I][PacketService.cpp:12] createEmptyPacket(): [LoRaMesher] Packet created with 17 bytes
20:03:20.740 > [1540160][I][LoraMesher.cpp:392] receivingRoutine(): [LoRaMesher] Receiving LoRa packet: Size: 17 bytes RSSI: -18 SNR: 12
20:03:20.750 > [1540171][V][LoraMesher.cpp:647] processPackets(): [LoRaMesher] Size of Received Packets Queue: 1
20:03:20.759 > [1540180][I][PacketQueueService.h:80] deleteQueuePacketAndPacket(): [LoRaMesher] Deleting packet
20:03:20.768 > [1540188][I][PacketQueueService.h:83] deleteQueuePacketAndPacket(): [LoRaMesher] Deleting packet queue
20:03:20.776 > [1540197][V][LoraMesher.cpp:658] processPackets(): [LoRaMesher] TESTING: Packet not for me, deleting it
20:03:20.786 > [1540206][V][LoraMesher.cpp:641] processPackets(): [LoRaMesher] Stack space unused after entering the task: 2040
20:03:20.796 > [1540216][V][LoraMesher.cpp:642] processPackets(): [LoRaMesher] Free heap: 336408
20:03:21.832 > [1541253][V][LoraMesher.cpp:378] receivingRoutine(): [LoRaMesher] Stack space unused after entering the task: 2072
20:03:21.842 > [1541263][V][LoraMesher.cpp:379] receivingRoutine(): [LoRaMesher] Free heap: 336408
20:03:21.850 > [1541271][I][PacketService.cpp:12] createEmptyPacket(): [LoRaMesher] Packet created with 17 bytes
20:03:21.859 > [1541280][I][LoraMesher.cpp:392] receivingRoutine(): [LoRaMesher] Receiving LoRa packet: Size: 17 bytes RSSI: -41 SNR: 13
20:03:21.870 > [1541291][V][LoraMesher.cpp:647] processPackets(): [LoRaMesher] Size of Received Packets Queue: 1
20:03:21.879 > [1541300][I][PacketQueueService.h:80] deleteQueuePacketAndPacket(): [LoRaMesher] Deleting packet
20:03:21.887 > [1541308][I][PacketQueueService.h:83] deleteQueuePacketAndPacket(): [LoRaMesher] Deleting packet queue
20:03:21.896 > [1541317][V][LoraMesher.cpp:658] processPackets(): [LoRaMesher] TESTING: Packet not for me, deleting it
20:03:21.906 > [1541326][V][LoraMesher.cpp:641] processPackets(): [LoRaMesher] Stack space unused after entering the task: 2040
20:03:21.916 > [1541336][V][LoraMesher.cpp:642] processPackets(): [LoRaMesher] Free heap: 336408
20:03:40.875 > [1560295][V][LoraMesher.cpp:378] receivingRoutine(): [LoRaMesher] Stack space unused after entering the task: 2072
20:03:40.885 > [1560305][V][LoraMesher.cpp:379] receivingRoutine(): [LoRaMesher] Free heap: 336408
20:03:40.893 > [1560313][I][PacketService.cpp:12] createEmptyPacket(): [LoRaMesher] Packet created with 17 bytes
20:03:40.902 > [1560322][I][LoraMesher.cpp:392] receivingRoutine(): [LoRaMesher] Receiving LoRa packet: Size: 17 bytes RSSI: -17 SNR: 13
20:03:40.913 > [1560333][V][LoraMesher.cpp:647] processPackets(): [LoRaMesher] Size of Received Packets Queue: 1
20:03:40.922 > [1560341][I][PacketQueueService.h:80] deleteQueuePacketAndPacket(): [LoRaMesher] Deleting packet
20:03:40.930 > [1560350][I][PacketQueueService.h:83] deleteQueuePacketAndPacket(): [LoRaMesher] Deleting packet queue
20:03:40.939 > [1560359][V][LoraMesher.cpp:658] processPackets(): [LoRaMesher] TESTING: Packet not for me, deleting it
20:03:40.948 > [1560368][V][LoraMesher.cpp:641] processPackets(): [LoRaMesher] Stack space unused after entering the task: 2040
20:03:40.958 > [1560378][V][LoraMesher.cpp:642] processPackets(): [LoRaMesher] Free heap: 336408
20:03:41.465 > [1560885][V][LoraMesher.cpp:378] receivingRoutine(): [LoRaMesher] Stack space unused after entering the task: 2072
20:03:41.475 > [1560895][V][LoraMesher.cpp:379] receivingRoutine(): [LoRaMesher] Free heap: 336408
20:03:41.483 > [1560903][I][PacketService.cpp:12] createEmptyPacket(): [LoRaMesher] Packet created with 17 bytes
20:03:41.491 > [1560912][I][LoraMesher.cpp:392] receivingRoutine(): [LoRaMesher] Receiving LoRa packet: Size: 17 bytes RSSI: -40 SNR: 12
20:03:41.503 > [1560923][V][LoraMesher.cpp:647] processPackets(): [LoRaMesher] Size of Received Packets Queue: 1
20:03:41.512 > [1560932][I][PacketQueueService.h:80] deleteQueuePacketAndPacket(): [LoRaMesher] Deleting packet
20:03:41.521 > [1560940][I][PacketQueueService.h:83] deleteQueuePacketAndPacket(): [LoRaMesher] Deleting packet queue
20:03:41.530 > [1560949][V][LoraMesher.cpp:658] processPackets(): [LoRaMesher] TESTING: Packet not for me, deleting it
20:03:41.539 > [1560958][V][LoraMesher.cpp:641] processPackets(): [LoRaMesher] Stack space unused after entering the task: 2040
20:03:41.548 > [1560969][V][LoraMesher.cpp:642] processPackets(): [LoRaMesher] Free heap: 336408
20:03:49.340 > [1568760][V][LoraMesher.cpp:598] sendHelloPacket(): [LoRaMesher] Creating Routing Packet
20:03:49.349 > [1568768][V][LoraMesher.cpp:599] sendHelloPacket(): [LoRaMesher] Stack space unused after entering the task: 2204
20:03:49.359 > [1568778][V][LoraMesher.cpp:600] sendHelloPacket(): [LoRaMesher] Free heap: 336408
20:03:49.366 > [1568785][V][PacketFactory.h:45] createPacket(): [LoRaMesher] Creating packet with 28 bytes
20:03:49.374 > [1568793][I][PacketFactory.h:74] createPacket(): [LoRaMesher] Packet created with 28 bytes
20:03:49.382 > [1568802][I][LoraMesher.h:659] setPackedForSend(): [LoRaMesher] Adding packet to Q_SP
20:03:49.390 > [1568809][I][LoraMesher.h:661] setPackedForSend(): [LoRaMesher] Created packet to Q_SP
20:03:49.397 > [1568817][I][LoraMesher.cpp:1061] addToSendOrderedAndNotify(): [LoRaMesher] Added packet to Q_SP, notifying sender task
20:03:49.408 > [1568827][V][LoraMesher.cpp:511] sendPackets(): [LoRaMesher] Stack space unused after entering the task: 1924
20:03:49.418 > [1568837][V][LoraMesher.cpp:512] sendPackets(): [LoRaMesher] Free heap: 336304
20:03:49.425 > [1568844][V][LoraMesher.cpp:518] sendPackets(): [LoRaMesher] Size of Send Packets Queue: 1
20:03:49.433 > [1568852][V][LoraMesher.cpp:525] sendPackets(): [LoRaMesher] Send n. 26
20:03:49.439 > [1568859][V][LoraMesher.cpp:455] waitBeforeSend(): [LoRaMesher] RandomDelay 320 ms
20:03:49.766 > [1569186][V][LoraMesher.cpp:754] printHeaderPacket(): [LoRaMesher] Packet send -- Size: 28 Src: F02C Dst: FFFF Id: 13 Type: 4 Via: 0 Seq_Id: 0 Num: 0
20:03:49.877 > [1569297][V][LoraMesher.cpp:575] sendPackets(): [LoRaMesher] TimeOnAir 85 ms, next message in 0 ms
20:03:49.887 > [1569306][I][PacketQueueService.h:80] deleteQueuePacketAndPacket(): [LoRaMesher] Deleting packet
20:03:49.895 > [1569315][I][PacketQueueService.h:83] deleteQueuePacketAndPacket(): [LoRaMesher] Deleting packet queue
20:03:51.459 > [1570879][V][LoraMesher.cpp:378] receivingRoutine(): [LoRaMesher] Stack space unused after entering the task: 2072
20:03:51.470 > [1570890][V][LoraMesher.cpp:379] receivingRoutine(): [LoRaMesher] Free heap: 336408
20:03:51.478 > [1570897][I][PacketService.cpp:12] createEmptyPacket(): [LoRaMesher] Packet created with 28 bytes
20:03:51.487 > [1570906][I][LoraMesher.cpp:392] receivingRoutine(): [LoRaMesher] Receiving LoRa packet: Size: 28 bytes RSSI: -17 SNR: 14
20:03:51.498 > [1570917][V][LoraMesher.cpp:647] processPackets(): [LoRaMesher] Size of Received Packets Queue: 1
20:03:51.507 > [1570926][V][LoraMesher.cpp:754] printHeaderPacket(): [LoRaMesher] Packet received -- Size: 28 Src: D110 Dst: FFFF Id: 14 Type: 4 Via: 0 Seq_Id: 0 Num: 0
20:03:51.520 > [1570940][I][RoutingTableService.cpp:77] processRoute(): [LoRaMesher] Route packet from D110 with size 5
20:03:51.530 > [1570949][I][RoutingTableService.cpp:99] resetReceiveSNRRoutePacket(): [LoRaMesher] Reset Receive SNR from D110: 14
20:03:51.540 > [1570959][I][RoutingTableService.cpp:192] printRoutingTable(): [LoRaMesher] Current routing table:
20:03:51.549 > [1570968][I][RoutingTableService.cpp:206] printRoutingTable(): [LoRaMesher] 0 - AFC0 via AFC0 metric 1 Role 0
20:03:51.558 > [1570978][I][RoutingTableService.cpp:206] printRoutingTable(): [LoRaMesher] 1 - DE6C via AFC0 metric 2 Role 0
20:03:51.568 > [1570987][I][RoutingTableService.cpp:206] printRoutingTable(): [LoRaMesher] 2 - B3F0 via AFC0 metric 3 Role 0
20:03:51.578 > [1570997][I][RoutingTableService.cpp:206] printRoutingTable(): [LoRaMesher] 3 - D110 via D110 metric 1 Role 1
20:03:51.588 > [1571007][I][RoutingTableService.cpp:206] printRoutingTable(): [LoRaMesher] 4 - C998 via D110 metric 2 Role 0
20:03:51.597 > [1571017][I][PacketQueueService.h:80] deleteQueuePacketAndPacket(): [LoRaMesher] Deleting packet
20:03:51.606 > [1571025][I][PacketQueueService.h:83] deleteQueuePacketAndPacket(): [LoRaMesher] Deleting packet queue
20:03:51.615 > [1571034][V][LoraMesher.cpp:641] processPackets(): [LoRaMesher] Stack space unused after entering the task: 2040
20:03:51.625 > [1571044][V][LoraMesher.cpp:642] processPackets(): [LoRaMesher] Free heap: 336408
20:03:52.872 > [1572292][V][LoraMesher.cpp:378] receivingRoutine(): [LoRaMesher] Stack space unused after entering the task: 2072
20:03:52.883 > [1572302][V][LoraMesher.cpp:379] receivingRoutine(): [LoRaMesher] Free heap: 336408
20:03:52.890 > [1572310][I][PacketService.cpp:12] createEmptyPacket(): [LoRaMesher] Packet created with 28 bytes
20:03:52.899 > [1572318][I][LoraMesher.cpp:392] receivingRoutine(): [LoRaMesher] Receiving LoRa packet: Size: 28 bytes RSSI: -12 SNR: 12
20:03:52.910 > [1572330][V][LoraMesher.cpp:647] processPackets(): [LoRaMesher] Size of Received Packets Queue: 1
20:03:52.919 > [1572339][I][PacketQueueService.h:80] deleteQueuePacketAndPacket(): [LoRaMesher] Deleting packet
20:03:52.928 > [1572347][I][PacketQueueService.h:83] deleteQueuePacketAndPacket(): [LoRaMesher] Deleting packet queue
20:03:52.937 > [1572356][V][LoraMesher.cpp:658] processPackets(): [LoRaMesher] TESTING: Packet not for me, deleting it
20:03:52.946 > [1572365][V][LoraMesher.cpp:641] processPackets(): [LoRaMesher] Stack space unused after entering the task: 2040
20:03:52.956 > [1572375][V][LoraMesher.cpp:642] processPackets(): [LoRaMesher] Free heap: 336408
20:03:59.735 > [1579154][V][LoraMesher.cpp:378] receivingRoutine(): [LoRaMesher] Stack space unused after entering the task: 2072
20:03:59.745 > [1579165][V][LoraMesher.cpp:379] receivingRoutine(): [LoRaMesher] Free heap: 336408
20:03:59.753 > [1579172][I][PacketService.cpp:12] createEmptyPacket(): [LoRaMesher] Packet created with 28 bytes
20:03:59.762 > [1579181][I][LoraMesher.cpp:392] receivingRoutine(): [LoRaMesher] Receiving LoRa packet: Size: 28 bytes RSSI: -46 SNR: 12
20:03:59.773 > [1579192][V][LoraMesher.cpp:647] processPackets(): [LoRaMesher] Size of Received Packets Queue: 1
20:03:59.782 > [1579201][I][PacketQueueService.h:80] deleteQueuePacketAndPacket(): [LoRaMesher] Deleting packet
20:03:59.790 > [1579210][I][PacketQueueService.h:83] deleteQueuePacketAndPacket(): [LoRaMesher] Deleting packet queue
20:03:59.799 > [1579219][V][LoraMesher.cpp:658] processPackets(): [LoRaMesher] TESTING: Packet not for me, deleting it
20:03:59.809 > [1579228][V][LoraMesher.cpp:641] processPackets(): [LoRaMesher] Stack space unused after entering the task: 2040
20:03:59.818 > [1579238][V][LoraMesher.cpp:642] processPackets(): [LoRaMesher] Free heap: 336408
20:04:01.797 > [1581217][V][LoraMesher.cpp:378] receivingRoutine(): [LoRaMesher] Stack space unused after entering the task: 2072
20:04:01.808 > [1581227][V][LoraMesher.cpp:379] receivingRoutine(): [LoRaMesher] Free heap: 336408
20:04:01.816 > [1581235][I][PacketService.cpp:12] createEmptyPacket(): [LoRaMesher] Packet created with 17 bytes
20:04:01.825 > [1581243][I][LoraMesher.cpp:392] receivingRoutine(): [LoRaMesher] Receiving LoRa packet: Size: 17 bytes RSSI: -18 SNR: 12
20:04:01.836 > [1581255][V][LoraMesher.cpp:647] processPackets(): [LoRaMesher] Size of Received Packets Queue: 1
20:04:01.845 > [1581263][I][PacketQueueService.h:80] deleteQueuePacketAndPacket(): [LoRaMesher] Deleting packet
20:04:01.852 > [1581272][I][PacketQueueService.h:83] deleteQueuePacketAndPacket(): [LoRaMesher] Deleting packet queue
20:04:01.862 > [1581281][V][LoraMesher.cpp:658] processPackets(): [LoRaMesher] TESTING: Packet not for me, deleting it
20:04:01.872 > [1581290][V][LoraMesher.cpp:641] processPackets(): [LoRaMesher] Stack space unused after entering the task: 2040
20:04:01.882 > [1581300][V][LoraMesher.cpp:642] processPackets(): [LoRaMesher] Free heap: 336408
20:04:03.121 > [1582540][V][LoraMesher.cpp:378] receivingRoutine(): [LoRaMesher] Stack space unused after entering the task: 2072
20:04:03.132 > [1582550][V][LoraMesher.cpp:379] receivingRoutine(): [LoRaMesher] Free heap: 336408
20:04:03.139 > [1582558][I][PacketService.cpp:12] createEmptyPacket(): [LoRaMesher] Packet created with 17 bytes
20:04:03.148 > [1582567][I][LoraMesher.cpp:392] receivingRoutine(): [LoRaMesher] Receiving LoRa packet: Size: 17 bytes RSSI: -51 SNR: 12
20:04:03.159 > [1582578][V][LoraMesher.cpp:647] processPackets(): [LoRaMesher] Size of Received Packets Queue: 1
20:04:03.168 > [1582587][I][PacketQueueService.h:80] deleteQueuePacketAndPacket(): [LoRaMesher] Deleting packet
20:04:03.177 > [1582595][I][PacketQueueService.h:83] deleteQueuePacketAndPacket(): [LoRaMesher] Deleting packet queue
20:04:03.186 > [1582604][V][LoraMesher.cpp:658] processPackets(): [LoRaMesher] TESTING: Packet not for me, deleting it
20:04:03.195 > [1582614][V][LoraMesher.cpp:641] processPackets(): [LoRaMesher] Stack space unused after entering the task: 2040
20:04:03.205 > [1582624][V][LoraMesher.cpp:642] processPackets(): [LoRaMesher] Free heap: 336408
20:04:21.680 > [1601099][V][LoraMesher.cpp:378] receivingRoutine(): [LoRaMesher] Stack space unused after entering the task: 2072
20:04:21.691 > [1601109][V][LoraMesher.cpp:379] receivingRoutine(): [LoRaMesher] Free heap: 336408
20:04:21.699 > [1601117][I][PacketService.cpp:12] createEmptyPacket(): [LoRaMesher] Packet created with 17 bytes
20:04:21.707 > [1601125][I][LoraMesher.cpp:392] receivingRoutine(): [LoRaMesher] Receiving LoRa packet: Size: 17 bytes RSSI: -19 SNR: 13
20:04:21.718 > [1601137][V][LoraMesher.cpp:647] processPackets(): [LoRaMesher] Size of Received Packets Queue: 1
20:04:21.727 > [1601145][I][PacketQueueService.h:80] deleteQueuePacketAndPacket(): [LoRaMesher] Deleting packet
20:04:21.736 > [1601154][I][PacketQueueService.h:83] deleteQueuePacketAndPacket(): [LoRaMesher] Deleting packet queue
20:04:21.745 > [1601163][V][LoraMesher.cpp:658] processPackets(): [LoRaMesher] TESTING: Packet not for me, deleting it
20:04:21.754 > [1601172][V][LoraMesher.cpp:641] processPackets(): [LoRaMesher] Stack space unused after entering the task: 2040
20:04:21.764 > [1601182][V][LoraMesher.cpp:642] processPackets(): [LoRaMesher] Free heap: 336408
20:04:22.936 > [1602354][V][LoraMesher.cpp:378] receivingRoutine(): [LoRaMesher] Stack space unused after entering the task: 2072
20:04:22.946 > [1602364][V][LoraMesher.cpp:379] receivingRoutine(): [LoRaMesher] Free heap: 336408
20:04:22.954 > [1602372][I][PacketService.cpp:12] createEmptyPacket(): [LoRaMesher] Packet created with 17 bytes
20:04:22.963 > [1602381][I][LoraMesher.cpp:392] receivingRoutine(): [LoRaMesher] Receiving LoRa packet: Size: 17 bytes RSSI: -45 SNR: 12
20:04:22.974 > [1602392][V][LoraMesher.cpp:647] processPackets(): [LoRaMesher] Size of Received Packets Queue: 1
20:04:22.983 > [1602401][I][PacketQueueService.h:80] deleteQueuePacketAndPacket(): [LoRaMesher] Deleting packet
20:04:22.992 > [1602409][I][PacketQueueService.h:83] deleteQueuePacketAndPacket(): [LoRaMesher] Deleting packet queue
20:04:23.001 > [1602419][V][LoraMesher.cpp:658] processPackets(): [LoRaMesher] TESTING: Packet not for me, deleting it
20:04:23.010 > [1602428][V][LoraMesher.cpp:641] processPackets(): [LoRaMesher] Stack space unused after entering the task: 2040
20:04:23.020 > [1602438][V][LoraMesher.cpp:642] processPackets(): [LoRaMesher] Free heap: 336408
20:04:41.733 > [1621151][V][LoraMesher.cpp:378] receivingRoutine(): [LoRaMesher] Stack space unused after entering the task: 2072
20:04:41.744 > [1621161][V][LoraMesher.cpp:379] receivingRoutine(): [LoRaMesher] Free heap: 336408
20:04:41.751 > [1621168][I][PacketService.cpp:12] createEmptyPacket(): [LoRaMesher] Packet created with 17 bytes
20:04:41.760 > [1621177][I][LoraMesher.cpp:392] receivingRoutine(): [LoRaMesher] Receiving LoRa packet: Size: 17 bytes RSSI: -18 SNR: 12
20:04:41.771 > [1621189][V][LoraMesher.cpp:647] processPackets(): [LoRaMesher] Size of Received Packets Queue: 1
20:04:41.780 > [1621197][I][PacketQueueService.h:80] deleteQueuePacketAndPacket(): [LoRaMesher] Deleting packet
20:04:41.789 > [1621206][I][PacketQueueService.h:83] deleteQueuePacketAndPacket(): [LoRaMesher] Deleting packet queue
20:04:41.798 > [1621215][V][LoraMesher.cpp:658] processPackets(): [LoRaMesher] TESTING: Packet not for me, deleting it
20:04:41.807 > [1621224][V][LoraMesher.cpp:641] processPackets(): [LoRaMesher] Stack space unused after entering the task: 2040
20:04:41.817 > [1621234][V][LoraMesher.cpp:642] processPackets(): [LoRaMesher] Free heap: 336408
20:04:42.717 > [1622134][V][LoraMesher.cpp:378] receivingRoutine(): [LoRaMesher] Stack space unused after entering the task: 2072
20:04:42.727 > [1622145][V][LoraMesher.cpp:379] receivingRoutine(): [LoRaMesher] Free heap: 336408
20:04:42.735 > [1622152][I][PacketService.cpp:12] createEmptyPacket(): [LoRaMesher] Packet created with 17 bytes
20:04:42.744 > [1622161][I][LoraMesher.cpp:392] receivingRoutine(): [LoRaMesher] Receiving LoRa packet: Size: 17 bytes RSSI: -45 SNR: 13
20:04:42.755 > [1622172][V][LoraMesher.cpp:647] processPackets(): [LoRaMesher] Size of Received Packets Queue: 1
20:04:42.764 > [1622181][I][PacketQueueService.h:80] deleteQueuePacketAndPacket(): [LoRaMesher] Deleting packet
20:04:42.772 > [1622190][I][PacketQueueService.h:83] deleteQueuePacketAndPacket(): [LoRaMesher] Deleting packet queue
20:04:42.781 > [1622199][V][LoraMesher.cpp:658] processPackets(): [LoRaMesher] TESTING: Packet not for me, deleting it
20:04:42.791 > [1622208][V][LoraMesher.cpp:641] processPackets(): [LoRaMesher] Stack space unused after entering the task: 2040
20:04:42.801 > [1622218][V][LoraMesher.cpp:642] processPackets(): [LoRaMesher] Free heap: 336408
20:05:01.370 > [1640788][V][LoraMesher.cpp:378] receivingRoutine(): [LoRaMesher] Stack space unused after entering the task: 2072
20:05:01.381 > [1640798][V][LoraMesher.cpp:379] receivingRoutine(): [LoRaMesher] Free heap: 336408
20:05:01.389 > [1640805][I][PacketService.cpp:12] createEmptyPacket(): [LoRaMesher] Packet created with 17 bytes
20:05:01.398 > [1640814][I][LoraMesher.cpp:392] receivingRoutine(): [LoRaMesher] Receiving LoRa packet: Size: 17 bytes RSSI: -19 SNR: 13
20:05:01.409 > [1640826][V][LoraMesher.cpp:647] processPackets(): [LoRaMesher] Size of Received Packets Queue: 1
20:05:01.418 > [1640834][I][PacketQueueService.h:80] deleteQueuePacketAndPacket(): [LoRaMesher] Deleting packet
20:05:01.426 > [1640843][I][PacketQueueService.h:83] deleteQueuePacketAndPacket(): [LoRaMesher] Deleting packet queue
20:05:01.435 > [1640852][V][LoraMesher.cpp:658] processPackets(): [LoRaMesher] TESTING: Packet not for me, deleting it
20:05:01.445 > [1640861][V][LoraMesher.cpp:641] processPackets(): [LoRaMesher] Stack space unused after entering the task: 2040
20:05:01.455 > [1640871][V][LoraMesher.cpp:642] processPackets(): [LoRaMesher] Free heap: 336408
20:05:02.687 > [1642104][V][LoraMesher.cpp:378] receivingRoutine(): [LoRaMesher] Stack space unused after entering the task: 2072
20:05:02.698 > [1642115][V][LoraMesher.cpp:379] receivingRoutine(): [LoRaMesher] Free heap: 336408
20:05:02.706 > [1642122][I][PacketService.cpp:12] createEmptyPacket(): [LoRaMesher] Packet created with 17 bytes
20:05:02.715 > [1642131][I][LoraMesher.cpp:392] receivingRoutine(): [LoRaMesher] Receiving LoRa packet: Size: 17 bytes RSSI: -44 SNR: 13
20:05:02.726 > [1642142][V][LoraMesher.cpp:647] processPackets(): [LoRaMesher] Size of Received Packets Queue: 1
20:05:02.734 > [1642151][I][PacketQueueService.h:80] deleteQueuePacketAndPacket(): [LoRaMesher] Deleting packet
20:05:02.743 > [1642160][I][PacketQueueService.h:83] deleteQueuePacketAndPacket(): [LoRaMesher] Deleting packet queue
20:05:02.752 > [1642169][V][LoraMesher.cpp:658] processPackets(): [LoRaMesher] TESTING: Packet not for me, deleting it
20:05:02.761 > [1642178][V][LoraMesher.cpp:641] processPackets(): [LoRaMesher] Stack space unused after entering the task: 2040
20:05:02.771 > [1642188][V][LoraMesher.cpp:642] processPackets(): [LoRaMesher] Free heap: 336408
20:05:16.089 > [1655506][V][LoraMesher.cpp:378] receivingRoutine(): [LoRaMesher] Stack space unused after entering the task: 2072
20:05:16.099 > [1655516][V][LoraMesher.cpp:379] receivingRoutine(): [LoRaMesher] Free heap: 336408
20:05:16.107 > [1655524][I][PacketService.cpp:12] createEmptyPacket(): [LoRaMesher] Packet created with 28 bytes
20:05:16.116 > [1655533][I][LoraMesher.cpp:392] receivingRoutine(): [LoRaMesher] Receiving LoRa packet: Size: 28 bytes RSSI: -19 SNR: 13
20:05:16.127 > [1655544][V][LoraMesher.cpp:647] processPackets(): [LoRaMesher] Size of Received Packets Queue: 1
20:05:16.137 > [1655553][I][PacketQueueService.h:80] deleteQueuePacketAndPacket(): [LoRaMesher] Deleting packet
20:05:16.145 > [1655561][I][PacketQueueService.h:83] deleteQueuePacketAndPacket(): [LoRaMesher] Deleting packet queue
20:05:16.154 > [1655570][V][LoraMesher.cpp:658] processPackets(): [LoRaMesher] TESTING: Packet not for me, deleting it
20:05:16.163 > [1655580][V][LoraMesher.cpp:641] processPackets(): [LoRaMesher] Stack space unused after entering the task: 2040
20:05:16.174 > [1655590][V][LoraMesher.cpp:642] processPackets(): [LoRaMesher] Free heap: 336408
20:05:22.116 > [1661533][V][LoraMesher.cpp:378] receivingRoutine(): [LoRaMesher] Stack space unused after entering the task: 2072
20:05:22.128 > [1661543][V][LoraMesher.cpp:379] receivingRoutine(): [LoRaMesher] Free heap: 336408
20:05:22.135 > [1661550][I][PacketService.cpp:12] createEmptyPacket(): [LoRaMesher] Packet created with 17 bytes
20:05:22.143 > [1661559][I][LoraMesher.cpp:392] receivingRoutine(): [LoRaMesher] Receiving LoRa packet: Size: 17 bytes RSSI: -18 SNR: 13
20:05:22.155 > [1661571][V][LoraMesher.cpp:647] processPackets(): [LoRaMesher] Size of Received Packets Queue: 1
20:05:22.163 > [1661579][I][PacketQueueService.h:80] deleteQueuePacketAndPacket(): [LoRaMesher] Deleting packet
20:05:22.172 > [1661588][I][PacketQueueService.h:83] deleteQueuePacketAndPacket(): [LoRaMesher] Deleting packet queue
20:05:22.181 > [1661597][V][LoraMesher.cpp:658] processPackets(): [LoRaMesher] TESTING: Packet not for me, deleting it
20:05:22.190 > [1661606][V][LoraMesher.cpp:641] processPackets(): [LoRaMesher] Stack space unused after entering the task: 2040
20:05:22.200 > [1661616][V][LoraMesher.cpp:642] processPackets(): [LoRaMesher] Free heap: 336408
20:05:23.140 > [1662557][V][LoraMesher.cpp:378] receivingRoutine(): [LoRaMesher] Stack space unused after entering the task: 2072
20:05:23.151 > [1662567][V][LoraMesher.cpp:379] receivingRoutine(): [LoRaMesher] Free heap: 336408
20:05:23.158 > [1662574][I][PacketService.cpp:12] createEmptyPacket(): [LoRaMesher] Packet created with 17 bytes
20:05:23.167 > [1662583][I][LoraMesher.cpp:392] receivingRoutine(): [LoRaMesher] Receiving LoRa packet: Size: 17 bytes RSSI: -39 SNR: 13
20:05:23.179 > [1662594][V][LoraMesher.cpp:647] processPackets(): [LoRaMesher] Size of Received Packets Queue: 1
20:05:23.187 > [1662603][I][PacketQueueService.h:80] deleteQueuePacketAndPacket(): [LoRaMesher] Deleting packet
20:05:23.196 > [1662612][I][PacketQueueService.h:83] deleteQueuePacketAndPacket(): [LoRaMesher] Deleting packet queue
20:05:23.205 > [1662621][V][LoraMesher.cpp:658] processPackets(): [LoRaMesher] TESTING: Packet not for me, deleting it
20:05:23.214 > [1662630][V][LoraMesher.cpp:641] processPackets(): [LoRaMesher] Stack space unused after entering the task: 2040
20:05:23.224 > [1662640][V][LoraMesher.cpp:642] processPackets(): [LoRaMesher] Free heap: 336408
20:05:42.247 > [1681663][V][LoraMesher.cpp:378] receivingRoutine(): [LoRaMesher] Stack space unused after entering the task: 2072
20:05:42.258 > [1681673][V][LoraMesher.cpp:379] receivingRoutine(): [LoRaMesher] Free heap: 336408
20:05:42.266 > [1681680][I][PacketService.cpp:12] createEmptyPacket(): [LoRaMesher] Packet created with 17 bytes
20:05:42.274 > [1681689][I][LoraMesher.cpp:392] receivingRoutine(): [LoRaMesher] Receiving LoRa packet: Size: 17 bytes RSSI: -18 SNR: 12
20:05:42.285 > [1681701][V][LoraMesher.cpp:647] processPackets(): [LoRaMesher] Size of Received Packets Queue: 1
20:05:42.294 > [1681709][I][PacketQueueService.h:80] deleteQueuePacketAndPacket(): [LoRaMesher] Deleting packet
20:05:42.303 > [1681718][I][PacketQueueService.h:83] deleteQueuePacketAndPacket(): [LoRaMesher] Deleting packet queue
20:05:42.312 > [1681727][V][LoraMesher.cpp:658] processPackets(): [LoRaMesher] TESTING: Packet not for me, deleting it
20:05:42.321 > [1681736][V][LoraMesher.cpp:641] processPackets(): [LoRaMesher] Stack space unused after entering the task: 2040
20:05:42.331 > [1681746][V][LoraMesher.cpp:642] processPackets(): [LoRaMesher] Free heap: 336408
20:05:42.930 > [1682346][V][LoraMesher.cpp:378] receivingRoutine(): [LoRaMesher] Stack space unused after entering the task: 2072
20:05:42.941 > [1682356][V][LoraMesher.cpp:379] receivingRoutine(): [LoRaMesher] Free heap: 336408
20:05:42.948 > [1682364][I][PacketService.cpp:12] createEmptyPacket(): [LoRaMesher] Packet created with 17 bytes
20:05:42.957 > [1682372][I][LoraMesher.cpp:392] receivingRoutine(): [LoRaMesher] Receiving LoRa packet: Size: 17 bytes RSSI: -41 SNR: 13
20:05:42.968 > [1682384][V][LoraMesher.cpp:647] processPackets(): [LoRaMesher] Size of Received Packets Queue: 1
20:05:42.977 > [1682392][I][PacketQueueService.h:80] deleteQueuePacketAndPacket(): [LoRaMesher] Deleting packet
20:05:42.986 > [1682401][I][PacketQueueService.h:83] deleteQueuePacketAndPacket(): [LoRaMesher] Deleting packet queue
20:05:42.995 > [1682410][V][LoraMesher.cpp:658] processPackets(): [LoRaMesher] TESTING: Packet not for me, deleting it
20:05:43.004 > [1682419][V][LoraMesher.cpp:641] processPackets(): [LoRaMesher] Stack space unused after entering the task: 2040
20:05:43.014 > [1682429][V][LoraMesher.cpp:642] processPackets(): [LoRaMesher] Free heap: 336408
20:05:49.412 > [1688828][V][LoraMesher.cpp:598] sendHelloPacket(): [LoRaMesher] Creating Routing Packet
20:05:49.421 > [1688836][V][LoraMesher.cpp:599] sendHelloPacket(): [LoRaMesher] Stack space unused after entering the task: 2172
20:05:49.431 > [1688846][V][LoraMesher.cpp:600] sendHelloPacket(): [LoRaMesher] Free heap: 336408
20:05:49.438 > [1688853][V][PacketFactory.h:45] createPacket(): [LoRaMesher] Creating packet with 28 bytes
20:05:49.446 > [1688861][I][PacketFactory.h:74] createPacket(): [LoRaMesher] Packet created with 28 bytes
20:05:49.454 > [1688870][I][LoraMesher.h:659] setPackedForSend(): [LoRaMesher] Adding packet to Q_SP
20:05:49.463 > [1688877][I][LoraMesher.h:661] setPackedForSend(): [LoRaMesher] Created packet to Q_SP
20:05:49.469 > [1688885][I][LoraMesher.cpp:1061] addToSendOrderedAndNotify(): [LoRaMesher] Added packet to Q_SP, notifying sender task
20:05:49.480 > [1688895][V][LoraMesher.cpp:511] sendPackets(): [LoRaMesher] Stack space unused after entering the task: 1924
20:05:49.490 > [1688905][V][LoraMesher.cpp:512] sendPackets(): [LoRaMesher] Free heap: 336304
20:05:49.497 > [1688912][V][LoraMesher.cpp:518] sendPackets(): [LoRaMesher] Size of Send Packets Queue: 1
20:05:49.505 > [1688920][V][LoraMesher.cpp:525] sendPackets(): [LoRaMesher] Send n. 27
20:05:49.511 > [1688927][V][LoraMesher.cpp:455] waitBeforeSend(): [LoRaMesher] RandomDelay 1160 ms
20:05:49.868 > [1689284][V][LoraMesher.cpp:378] receivingRoutine(): [LoRaMesher] Stack space unused after entering the task: 2072
20:05:49.879 > [1689294][V][LoraMesher.cpp:379] receivingRoutine(): [LoRaMesher] Free heap: 336332
20:05:49.887 > [1689302][I][PacketService.cpp:12] createEmptyPacket(): [LoRaMesher] Packet created with 28 bytes
20:05:49.895 > [1689310][I][LoraMesher.cpp:392] receivingRoutine(): [LoRaMesher] Receiving LoRa packet: Size: 28 bytes RSSI: -14 SNR: 13
20:05:49.906 > [1689322][V][LoraMesher.cpp:647] processPackets(): [LoRaMesher] Size of Received Packets Queue: 1
20:05:49.915 > [1689331][V][LoraMesher.cpp:754] printHeaderPacket(): [LoRaMesher] Packet received -- Size: 28 Src: D110 Dst: FFFF Id: 15 Type: 4 Via: 0 Seq_Id: 0 Num: 0
20:05:49.929 > [1689344][I][RoutingTableService.cpp:77] processRoute(): [LoRaMesher] Route packet from D110 with size 5
20:05:49.938 > [1689353][I][RoutingTableService.cpp:99] resetReceiveSNRRoutePacket(): [LoRaMesher] Reset Receive SNR from D110: 13
20:05:49.948 > [1689364][I][RoutingTableService.cpp:192] printRoutingTable(): [LoRaMesher] Current routing table:
20:05:49.957 > [1689372][I][RoutingTableService.cpp:206] printRoutingTable(): [LoRaMesher] 0 - AFC0 via AFC0 metric 1 Role 0
20:05:49.967 > [1689382][I][RoutingTableService.cpp:206] printRoutingTable(): [LoRaMesher] 1 - DE6C via AFC0 metric 2 Role 0
20:05:49.977 > [1689392][I][RoutingTableService.cpp:206] printRoutingTable(): [LoRaMesher] 2 - B3F0 via AFC0 metric 3 Role 0
20:05:49.986 > [1689402][I][RoutingTableService.cpp:206] printRoutingTable(): [LoRaMesher] 3 - D110 via D110 metric 1 Role 1
20:05:49.996 > [1689411][I][RoutingTableService.cpp:206] printRoutingTable(): [LoRaMesher] 4 - C998 via D110 metric 2 Role 0
20:05:50.006 > [1689421][I][PacketQueueService.h:80] deleteQueuePacketAndPacket(): [LoRaMesher] Deleting packet
20:05:50.014 > [1689430][I][PacketQueueService.h:83] deleteQueuePacketAndPacket(): [LoRaMesher] Deleting packet queue
20:05:50.023 > [1689439][V][LoraMesher.cpp:641] processPackets(): [LoRaMesher] Stack space unused after entering the task: 2040
20:05:50.033 > [1689449][V][LoraMesher.cpp:642] processPackets(): [LoRaMesher] Free heap: 336332
20:05:50.684 > [1690100][V][LoraMesher.cpp:462] waitBeforeSend(): [LoRaMesher] Preamble detected while waiting 1
20:05:50.694 > [1690109][V][LoraMesher.cpp:455] waitBeforeSend(): [LoRaMesher] RandomDelay 383 ms
20:05:50.892 > [1690308][V][LoraMesher.cpp:378] receivingRoutine(): [LoRaMesher] Stack space unused after entering the task: 2072
20:05:50.903 > [1690318][V][LoraMesher.cpp:379] receivingRoutine(): [LoRaMesher] Free heap: 336332
20:05:50.910 > [1690326][I][PacketService.cpp:12] createEmptyPacket(): [LoRaMesher] Packet created with 28 bytes
20:05:50.919 > [1690335][I][LoraMesher.cpp:392] receivingRoutine(): [LoRaMesher] Receiving LoRa packet: Size: 28 bytes RSSI: -12 SNR: 13
20:05:50.932 > [1690346][V][LoraMesher.cpp:647] processPackets(): [LoRaMesher] Size of Received Packets Queue: 1
20:05:50.940 > [1690355][I][PacketQueueService.h:80] deleteQueuePacketAndPacket(): [LoRaMesher] Deleting packet
20:05:50.950 > [1690363][I][PacketQueueService.h:83] deleteQueuePacketAndPacket(): [LoRaMesher] Deleting packet queue
20:05:50.957 > [1690372][V][LoraMesher.cpp:658] processPackets(): [LoRaMesher] TESTING: Packet not for me, deleting it
20:05:50.966 > [1690382][V][LoraMesher.cpp:641] processPackets(): [LoRaMesher] Stack space unused after entering the task: 2040
20:05:50.977 > [1690392][V][LoraMesher.cpp:642] processPackets(): [LoRaMesher] Free heap: 336332
20:05:51.089 > [1690505][V][LoraMesher.cpp:462] waitBeforeSend(): [LoRaMesher] Preamble detected while waiting 2
20:05:51.098 > [1690513][V][LoraMesher.cpp:455] waitBeforeSend(): [LoRaMesher] RandomDelay 1383 ms
20:05:52.488 > [1691904][V][LoraMesher.cpp:754] printHeaderPacket(): [LoRaMesher] Packet send -- Size: 28 Src: F02C Dst: FFFF Id: 14 Type: 4 Via: 0 Seq_Id: 0 Num: 0
20:05:52.600 > [1692015][V][LoraMesher.cpp:575] sendPackets(): [LoRaMesher] TimeOnAir 85 ms, next message in 0 ms
20:05:52.609 > [1692024][I][PacketQueueService.h:80] deleteQueuePacketAndPacket(): [LoRaMesher] Deleting packet
20:05:52.617 > [1692033][I][PacketQueueService.h:83] deleteQueuePacketAndPacket(): [LoRaMesher] Deleting packet queue
20:05:59.741 > [1699156][V][LoraMesher.cpp:378] receivingRoutine(): [LoRaMesher] Stack space unused after entering the task: 2072
20:05:59.752 > [1699166][V][LoraMesher.cpp:379] receivingRoutine(): [LoRaMesher] Free heap: 336408
20:05:59.758 > [1699174][I][PacketService.cpp:12] createEmptyPacket(): [LoRaMesher] Packet created with 28 bytes
20:05:59.768 > [1699183][I][LoraMesher.cpp:392] receivingRoutine(): [LoRaMesher] Receiving LoRa packet: Size: 28 bytes RSSI: -48 SNR: 13
20:05:59.780 > [1699194][V][LoraMesher.cpp:647] processPackets(): [LoRaMesher] Size of Received Packets Queue: 1
20:05:59.788 > [1699203][I][PacketQueueService.h:80] deleteQueuePacketAndPacket(): [LoRaMesher] Deleting packet
20:05:59.796 > [1699211][I][PacketQueueService.h:83] deleteQueuePacketAndPacket(): [LoRaMesher] Deleting packet queue
20:05:59.806 > [1699220][V][LoraMesher.cpp:658] processPackets(): [LoRaMesher] TESTING: Packet not for me, deleting it
20:05:59.815 > [1699230][V][LoraMesher.cpp:641] processPackets(): [LoRaMesher] Stack space unused after entering the task: 2040
20:05:59.825 > [1699240][V][LoraMesher.cpp:642] processPackets(): [LoRaMesher] Free heap: 336408
20:06:02.073 > [1701489][V][LoraMesher.cpp:378] receivingRoutine(): [LoRaMesher] Stack space unused after entering the task: 2072
20:06:02.084 > [1701499][V][LoraMesher.cpp:379] receivingRoutine(): [LoRaMesher] Free heap: 336408
20:06:02.092 > [1701506][I][PacketService.cpp:12] createEmptyPacket(): [LoRaMesher] Packet created with 17 bytes
20:06:02.101 > [1701515][I][LoraMesher.cpp:392] receivingRoutine(): [LoRaMesher] Receiving LoRa packet: Size: 17 bytes RSSI: -18 SNR: 13
20:06:02.112 > [1701527][V][LoraMesher.cpp:647] processPackets(): [LoRaMesher] Size of Received Packets Queue: 1
20:06:02.121 > [1701535][I][PacketQueueService.h:80] deleteQueuePacketAndPacket(): [LoRaMesher] Deleting packet
20:06:02.129 > [1701544][I][PacketQueueService.h:83] deleteQueuePacketAndPacket(): [LoRaMesher] Deleting packet queue
20:06:02.138 > [1701553][V][LoraMesher.cpp:658] processPackets(): [LoRaMesher] TESTING: Packet not for me, deleting it
20:06:02.148 > [1701562][V][LoraMesher.cpp:641] processPackets(): [LoRaMesher] Stack space unused after entering the task: 2040
20:06:02.158 > [1701572][V][LoraMesher.cpp:642] processPackets(): [LoRaMesher] Free heap: 336408
20:06:02.936 > [1702351][V][LoraMesher.cpp:378] receivingRoutine(): [LoRaMesher] Stack space unused after entering the task: 2072
20:06:02.946 > [1702361][V][LoraMesher.cpp:379] receivingRoutine(): [LoRaMesher] Free heap: 336408
20:06:02.954 > [1702369][I][PacketService.cpp:12] createEmptyPacket(): [LoRaMesher] Packet created with 17 bytes
20:06:02.963 > [1702378][I][LoraMesher.cpp:392] receivingRoutine(): [LoRaMesher] Receiving LoRa packet: Size: 17 bytes RSSI: -47 SNR: 12
20:06:02.974 > [1702389][V][LoraMesher.cpp:647] processPackets(): [LoRaMesher] Size of Received Packets Queue: 1
20:06:02.983 > [1702398][I][PacketQueueService.h:80] deleteQueuePacketAndPacket(): [LoRaMesher] Deleting packet
20:06:02.991 > [1702406][I][PacketQueueService.h:83] deleteQueuePacketAndPacket(): [LoRaMesher] Deleting packet queue
20:06:03.001 > [1702415][V][LoraMesher.cpp:658] processPackets(): [LoRaMesher] TESTING: Packet not for me, deleting it
20:06:03.010 > [1702424][V][LoraMesher.cpp:641] processPackets(): [LoRaMesher] Stack space unused after entering the task: 2040
20:06:03.020 > [1702434][V][LoraMesher.cpp:642] processPackets(): [LoRaMesher] Free heap: 336408
20:06:21.499 > [1720914][V][LoraMesher.cpp:378] receivingRoutine(): [LoRaMesher] Stack space unused after entering the task: 2072
20:06:21.510 > [1720924][V][LoraMesher.cpp:379] receivingRoutine(): [LoRaMesher] Free heap: 336408
20:06:21.517 > [1720931][I][PacketService.cpp:12] createEmptyPacket(): [LoRaMesher] Packet created with 17 bytes
20:06:21.526 > [1720940][I][LoraMesher.cpp:392] receivingRoutine(): [LoRaMesher] Receiving LoRa packet: Size: 17 bytes RSSI: -18 SNR: 12
20:06:21.538 > [1720952][V][LoraMesher.cpp:647] processPackets(): [LoRaMesher] Size of Received Packets Queue: 1
20:06:21.546 > [1720960][I][PacketQueueService.h:80] deleteQueuePacketAndPacket(): [LoRaMesher] Deleting packet
20:06:21.555 > [1720969][I][PacketQueueService.h:83] deleteQueuePacketAndPacket(): [LoRaMesher] Deleting packet queue
20:06:21.564 > [1720978][V][LoraMesher.cpp:658] processPackets(): [LoRaMesher] TESTING: Packet not for me, deleting it
20:06:21.573 > [1720987][V][LoraMesher.cpp:641] processPackets(): [LoRaMesher] Stack space unused after entering the task: 2040
20:06:21.583 > [1720997][V][LoraMesher.cpp:642] processPackets(): [LoRaMesher] Free heap: 336408
20:06:22.415 > [1721830][V][LoraMesher.cpp:378] receivingRoutine(): [LoRaMesher] Stack space unused after entering the task: 2072
20:06:22.426 > [1721840][V][LoraMesher.cpp:379] receivingRoutine(): [LoRaMesher] Free heap: 336408
20:06:22.434 > [1721848][I][PacketService.cpp:12] createEmptyPacket(): [LoRaMesher] Packet created with 17 bytes
20:06:22.443 > [1721857][I][LoraMesher.cpp:392] receivingRoutine(): [LoRaMesher] Receiving LoRa packet: Size: 17 bytes RSSI: -43 SNR: 14
20:06:22.454 > [1721868][V][LoraMesher.cpp:647] processPackets(): [LoRaMesher] Size of Received Packets Queue: 1
20:06:22.463 > [1721877][I][PacketQueueService.h:80] deleteQueuePacketAndPacket(): [LoRaMesher] Deleting packet
20:06:22.471 > [1721885][I][PacketQueueService.h:83] deleteQueuePacketAndPacket(): [LoRaMesher] Deleting packet queue
20:06:22.480 > [1721894][V][LoraMesher.cpp:658] processPackets(): [LoRaMesher] TESTING: Packet not for me, deleting it
20:06:22.490 > [1721903][V][LoraMesher.cpp:641] processPackets(): [LoRaMesher] Stack space unused after entering the task: 2040
20:06:22.500 > [1721914][V][LoraMesher.cpp:642] processPackets(): [LoRaMesher] Free heap: 336408
20:06:42.538 > [1741952][V][LoraMesher.cpp:378] receivingRoutine(): [LoRaMesher] Stack space unused after entering the task: 2072
20:06:42.548 > [1741962][V][LoraMesher.cpp:379] receivingRoutine(): [LoRaMesher] Free heap: 336408
20:06:42.556 > [1741969][I][PacketService.cpp:12] createEmptyPacket(): [LoRaMesher] Packet created with 17 bytes
20:06:42.565 > [1741978][I][LoraMesher.cpp:392] receivingRoutine(): [LoRaMesher] Receiving LoRa packet: Size: 17 bytes RSSI: -18 SNR: 12
20:06:42.576 > [1741989][V][LoraMesher.cpp:647] processPackets(): [LoRaMesher] Size of Received Packets Queue: 1
20:06:42.585 > [1741998][I][PacketQueueService.h:80] deleteQueuePacketAndPacket(): [LoRaMesher] Deleting packet
20:06:42.594 > [1742007][I][PacketQueueService.h:83] deleteQueuePacketAndPacket(): [LoRaMesher] Deleting packet queue
20:06:42.603 > [1742016][V][LoraMesher.cpp:658] processPackets(): [LoRaMesher] TESTING: Packet not for me, deleting it
20:06:42.612 > [1742025][V][LoraMesher.cpp:641] processPackets(): [LoRaMesher] Stack space unused after entering the task: 2040
20:06:42.622 > [1742035][V][LoraMesher.cpp:642] processPackets(): [LoRaMesher] Free heap: 336408
20:06:43.517 > [1742931][V][LoraMesher.cpp:378] receivingRoutine(): [LoRaMesher] Stack space unused after entering the task: 2072
20:06:43.528 > [1742941][V][LoraMesher.cpp:379] receivingRoutine(): [LoRaMesher] Free heap: 336408
20:06:43.536 > [1742949][I][PacketService.cpp:12] createEmptyPacket(): [LoRaMesher] Packet created with 17 bytes
20:06:43.544 > [1742958][I][LoraMesher.cpp:392] receivingRoutine(): [LoRaMesher] Receiving LoRa packet: Size: 17 bytes RSSI: -46 SNR: 12
20:06:43.556 > [1742969][V][LoraMesher.cpp:647] processPackets(): [LoRaMesher] Size of Received Packets Queue: 1
20:06:43.564 > [1742978][I][PacketQueueService.h:80] deleteQueuePacketAndPacket(): [LoRaMesher] Deleting packet
20:06:43.573 > [1742986][I][PacketQueueService.h:83] deleteQueuePacketAndPacket(): [LoRaMesher] Deleting packet queue
20:06:43.582 > [1742995][V][LoraMesher.cpp:658] processPackets(): [LoRaMesher] TESTING: Packet not for me, deleting it
20:06:43.591 > [1743005][V][LoraMesher.cpp:641] processPackets(): [LoRaMesher] Stack space unused after entering the task: 2040
20:06:43.601 > [1743015][V][LoraMesher.cpp:642] processPackets(): [LoRaMesher] Free heap: 336408
20:07:02.259 > [1761672][V][LoraMesher.cpp:378] receivingRoutine(): [LoRaMesher] Stack space unused after entering the task: 2072
20:07:02.270 > [1761683][V][LoraMesher.cpp:379] receivingRoutine(): [LoRaMesher] Free heap: 336408
20:07:02.278 > [1761690][I][PacketService.cpp:12] createEmptyPacket(): [LoRaMesher] Packet created with 17 bytes
20:07:02.287 > [1761699][I][LoraMesher.cpp:392] receivingRoutine(): [LoRaMesher] Receiving LoRa packet: Size: 17 bytes RSSI: -19 SNR: 12
20:07:02.298 > [1761710][V][LoraMesher.cpp:647] processPackets(): [LoRaMesher] Size of Received Packets Queue: 1
20:07:02.307 > [1761719][I][PacketQueueService.h:80] deleteQueuePacketAndPacket(): [LoRaMesher] Deleting packet
20:07:02.315 > [1761728][I][PacketQueueService.h:83] deleteQueuePacketAndPacket(): [LoRaMesher] Deleting packet queue
20:07:02.324 > [1761737][V][LoraMesher.cpp:658] processPackets(): [LoRaMesher] TESTING: Packet not for me, deleting it
20:07:02.334 > [1761746][V][LoraMesher.cpp:641] processPackets(): [LoRaMesher] Stack space unused after entering the task: 2040
20:07:02.343 > [1761756][V][LoraMesher.cpp:642] processPackets(): [LoRaMesher] Free heap: 336408
20:07:03.631 > [1763044][V][LoraMesher.cpp:378] receivingRoutine(): [LoRaMesher] Stack space unused after entering the task: 2040
20:07:03.642 > [1763054][V][LoraMesher.cpp:379] receivingRoutine(): [LoRaMesher] Free heap: 336408
20:07:03.649 > [1763062][I][PacketService.cpp:12] createEmptyPacket(): [LoRaMesher] Packet created with 17 bytes
20:07:03.658 > [1763071][I][LoraMesher.cpp:392] receivingRoutine(): [LoRaMesher] Receiving LoRa packet: Size: 17 bytes RSSI: -49 SNR: 12
20:07:03.670 > [1763082][V][LoraMesher.cpp:647] processPackets(): [LoRaMesher] Size of Received Packets Queue: 1
20:07:03.678 > [1763091][I][PacketQueueService.h:80] deleteQueuePacketAndPacket(): [LoRaMesher] Deleting packet
20:07:03.687 > [1763099][I][PacketQueueService.h:83] deleteQueuePacketAndPacket(): [LoRaMesher] Deleting packet queue
20:07:03.696 > [1763108][V][LoraMesher.cpp:658] processPackets(): [LoRaMesher] TESTING: Packet not for me, deleting it
20:07:03.705 > [1763118][V][LoraMesher.cpp:641] processPackets(): [LoRaMesher] Stack space unused after entering the task: 2040
20:07:03.715 > [1763128][V][LoraMesher.cpp:642] processPackets(): [LoRaMesher] Free heap: 336408
20:07:15.733 > [1775146][V][LoraMesher.cpp:378] receivingRoutine(): [LoRaMesher] Stack space unused after entering the task: 2040
20:07:15.743 > [1775156][V][LoraMesher.cpp:379] receivingRoutine(): [LoRaMesher] Free heap: 336408
20:07:15.751 > [1775164][I][PacketService.cpp:12] createEmptyPacket(): [LoRaMesher] Packet created with 28 bytes
20:07:15.760 > [1775172][I][LoraMesher.cpp:392] receivingRoutine(): [LoRaMesher] Receiving LoRa packet: Size: 28 bytes RSSI: -18 SNR: 12
20:07:15.772 > [1775184][V][LoraMesher.cpp:647] processPackets(): [LoRaMesher] Size of Received Packets Queue: 1
20:07:15.780 > [1775193][I][PacketQueueService.h:80] deleteQueuePacketAndPacket(): [LoRaMesher] Deleting packet
20:07:15.788 > [1775201][I][PacketQueueService.h:83] deleteQueuePacketAndPacket(): [LoRaMesher] Deleting packet queue
20:07:15.797 > [1775210][V][LoraMesher.cpp:658] processPackets(): [LoRaMesher] TESTING: Packet not for me, deleting it
20:07:15.807 > [1775219][V][LoraMesher.cpp:641] processPackets(): [LoRaMesher] Stack space unused after entering the task: 2040
20:07:15.817 > [1775229][V][LoraMesher.cpp:642] processPackets(): [LoRaMesher] Free heap: 336408
20:07:22.476 > [1781888][V][LoraMesher.cpp:378] receivingRoutine(): [LoRaMesher] Stack space unused after entering the task: 2040
20:07:22.487 > [1781899][V][LoraMesher.cpp:379] receivingRoutine(): [LoRaMesher] Free heap: 336408
20:07:22.494 > [1781906][I][PacketService.cpp:12] createEmptyPacket(): [LoRaMesher] Packet created with 17 bytes
20:07:22.503 > [1781915][I][LoraMesher.cpp:392] receivingRoutine(): [LoRaMesher] Receiving LoRa packet: Size: 17 bytes RSSI: -18 SNR: 12
20:07:22.514 > [1781926][V][LoraMesher.cpp:647] processPackets(): [LoRaMesher] Size of Received Packets Queue: 1
20:07:22.523 > [1781935][I][PacketQueueService.h:80] deleteQueuePacketAndPacket(): [LoRaMesher] Deleting packet
20:07:22.532 > [1781944][I][PacketQueueService.h:83] deleteQueuePacketAndPacket(): [LoRaMesher] Deleting packet queue
20:07:22.541 > [1781953][V][LoraMesher.cpp:658] processPackets(): [LoRaMesher] TESTING: Packet not for me, deleting it
20:07:22.550 > [1781962][V][LoraMesher.cpp:641] processPackets(): [LoRaMesher] Stack space unused after entering the task: 2040
20:07:22.560 > [1781972][V][LoraMesher.cpp:642] processPackets(): [LoRaMesher] Free heap: 336408
20:07:23.382 > [1782794][V][LoraMesher.cpp:378] receivingRoutine(): [LoRaMesher] Stack space unused after entering the task: 2040
20:07:23.393 > [1782805][V][LoraMesher.cpp:379] receivingRoutine(): [LoRaMesher] Free heap: 336408
20:07:23.400 > [1782812][I][PacketService.cpp:12] createEmptyPacket(): [LoRaMesher] Packet created with 17 bytes
20:07:23.409 > [1782821][I][LoraMesher.cpp:392] receivingRoutine(): [LoRaMesher] Receiving LoRa packet: Size: 17 bytes RSSI: -47 SNR: 12
20:07:23.420 > [1782832][V][LoraMesher.cpp:647] processPackets(): [LoRaMesher] Size of Received Packets Queue: 1
20:07:23.429 > [1782841][I][PacketQueueService.h:80] deleteQueuePacketAndPacket(): [LoRaMesher] Deleting packet
20:07:23.438 > [1782850][I][PacketQueueService.h:83] deleteQueuePacketAndPacket(): [LoRaMesher] Deleting packet queue
20:07:23.447 > [1782859][V][LoraMesher.cpp:658] processPackets(): [LoRaMesher] TESTING: Packet not for me, deleting it
20:07:23.456 > [1782868][V][LoraMesher.cpp:641] processPackets(): [LoRaMesher] Stack space unused after entering the task: 2040
20:07:23.466 > [1782878][V][LoraMesher.cpp:642] processPackets(): [LoRaMesher] Free heap: 336408
20:07:42.837 > [1802249][V][LoraMesher.cpp:378] receivingRoutine(): [LoRaMesher] Stack space unused after entering the task: 2040
20:07:42.848 > [1802260][V][LoraMesher.cpp:379] receivingRoutine(): [LoRaMesher] Free heap: 336408
20:07:42.856 > [1802267][I][PacketService.cpp:12] createEmptyPacket(): [LoRaMesher] Packet created with 17 bytes
20:07:42.865 > [1802276][I][LoraMesher.cpp:392] receivingRoutine(): [LoRaMesher] Receiving LoRa packet: Size: 17 bytes RSSI: -17 SNR: 12
20:07:42.876 > [1802287][V][LoraMesher.cpp:647] processPackets(): [LoRaMesher] Size of Received Packets Queue: 1
20:07:42.885 > [1802296][I][PacketQueueService.h:80] deleteQueuePacketAndPacket(): [LoRaMesher] Deleting packet
20:07:42.893 > [1802305][I][PacketQueueService.h:83] deleteQueuePacketAndPacket(): [LoRaMesher] Deleting packet queue
20:07:42.902 > [1802314][V][LoraMesher.cpp:658] processPackets(): [LoRaMesher] TESTING: Packet not for me, deleting it
20:07:42.912 > [1802323][V][LoraMesher.cpp:641] processPackets(): [LoRaMesher] Stack space unused after entering the task: 2040
20:07:42.922 > [1802333][V][LoraMesher.cpp:642] processPackets(): [LoRaMesher] Free heap: 336408
20:07:43.774 > [1803186][V][LoraMesher.cpp:378] receivingRoutine(): [LoRaMesher] Stack space unused after entering the task: 2040
20:07:43.785 > [1803197][V][LoraMesher.cpp:379] receivingRoutine(): [LoRaMesher] Free heap: 336408
20:07:43.793 > [1803204][I][PacketService.cpp:12] createEmptyPacket(): [LoRaMesher] Packet created with 17 bytes
20:07:43.802 > [1803213][I][LoraMesher.cpp:392] receivingRoutine(): [LoRaMesher] Receiving LoRa packet: Size: 17 bytes RSSI: -35 SNR: 13
20:07:43.813 > [1803224][V][LoraMesher.cpp:647] processPackets(): [LoRaMesher] Size of Received Packets Queue: 1
20:07:43.822 > [1803233][I][PacketQueueService.h:80] deleteQueuePacketAndPacket(): [LoRaMesher] Deleting packet
20:07:43.830 > [1803242][I][PacketQueueService.h:83] deleteQueuePacketAndPacket(): [LoRaMesher] Deleting packet queue
20:07:43.839 > [1803251][V][LoraMesher.cpp:658] processPackets(): [LoRaMesher] TESTING: Packet not for me, deleting it
20:07:43.849 > [1803260][V][LoraMesher.cpp:641] processPackets(): [LoRaMesher] Stack space unused after entering the task: 2040
20:07:43.859 > [1803270][V][LoraMesher.cpp:642] processPackets(): [LoRaMesher] Free heap: 336408
20:07:46.691 > [1806103][V][LoraMesher.cpp:694] routingTableManager(): [LoRaMesher] Stack space unused after entering the task: 2144
20:07:46.702 > [1806113][V][LoraMesher.cpp:695] routingTableManager(): [LoRaMesher] Free heap: 336408
20:07:46.710 > [1806121][I][RoutingTableService.cpp:216] manageTimeoutRoutingTable(): [LoRaMesher] Checking routes timeout
20:07:46.719 > [1806131][I][RoutingTableService.cpp:192] printRoutingTable(): [LoRaMesher] Current routing table:
20:07:46.728 > [1806139][I][RoutingTableService.cpp:206] printRoutingTable(): [LoRaMesher] 0 - AFC0 via AFC0 metric 1 Role 0
20:07:46.738 > [1806149][I][RoutingTableService.cpp:206] printRoutingTable(): [LoRaMesher] 1 - DE6C via AFC0 metric 2 Role 0
20:07:46.748 > [1806159][I][RoutingTableService.cpp:206] printRoutingTable(): [LoRaMesher] 2 - B3F0 via AFC0 metric 3 Role 0
20:07:46.757 > [1806169][I][RoutingTableService.cpp:206] printRoutingTable(): [LoRaMesher] 3 - D110 via D110 metric 1 Role 1
20:07:46.767 > [1806178][I][RoutingTableService.cpp:206] printRoutingTable(): [LoRaMesher] 4 - C998 via D110 metric 2 Role 0
20:07:49.484 > [1808896][V][LoraMesher.cpp:598] sendHelloPacket(): [LoRaMesher] Creating Routing Packet
20:07:49.492 > [1808904][V][LoraMesher.cpp:599] sendHelloPacket(): [LoRaMesher] Stack space unused after entering the task: 2172
20:07:49.503 > [1808914][V][LoraMesher.cpp:600] sendHelloPacket(): [LoRaMesher] Free heap: 336408
20:07:49.510 > [1808921][V][PacketFactory.h:45] createPacket(): [LoRaMesher] Creating packet with 28 bytes
20:07:49.518 > [1808929][I][PacketFactory.h:74] createPacket(): [LoRaMesher] Packet created with 28 bytes
20:07:49.526 > [1808938][I][LoraMesher.h:659] setPackedForSend(): [LoRaMesher] Adding packet to Q_SP
20:07:49.534 > [1808945][I][LoraMesher.h:661] setPackedForSend(): [LoRaMesher] Created packet to Q_SP
20:07:49.541 > [1808953][I][LoraMesher.cpp:1061] addToSendOrderedAndNotify(): [LoRaMesher] Added packet to Q_SP, notifying sender task
20:07:49.552 > [1808963][V][LoraMesher.cpp:511] sendPackets(): [LoRaMesher] Stack space unused after entering the task: 1924
20:07:49.562 > [1808973][V][LoraMesher.cpp:512] sendPackets(): [LoRaMesher] Free heap: 336304
20:07:49.569 > [1808980][V][LoraMesher.cpp:518] sendPackets(): [LoRaMesher] Size of Send Packets Queue: 1
20:07:49.577 > [1808988][V][LoraMesher.cpp:525] sendPackets(): [LoRaMesher] Send n. 28
20:07:49.583 > [1808995][V][LoraMesher.cpp:455] waitBeforeSend(): [LoRaMesher] RandomDelay 662 ms
20:07:50.252 > [1809664][V][LoraMesher.cpp:754] printHeaderPacket(): [LoRaMesher] Packet send -- Size: 28 Src: F02C Dst: FFFF Id: 15 Type: 4 Via: 0 Seq_Id: 0 Num: 0
20:07:50.363 > [1809775][V][LoraMesher.cpp:575] sendPackets(): [LoRaMesher] TimeOnAir 85 ms, next message in 0 ms
20:07:50.373 > [1809784][I][PacketQueueService.h:80] deleteQueuePacketAndPacket(): [LoRaMesher] Deleting packet
20:07:50.381 > [1809793][I][PacketQueueService.h:83] deleteQueuePacketAndPacket(): [LoRaMesher] Deleting packet queue
20:07:51.821 > [1811233][V][LoraMesher.cpp:378] receivingRoutine(): [LoRaMesher] Stack space unused after entering the task: 2040
20:07:51.832 > [1811244][V][LoraMesher.cpp:379] receivingRoutine(): [LoRaMesher] Free heap: 336408
20:07:51.840 > [1811251][I][PacketService.cpp:12] createEmptyPacket(): [LoRaMesher] Packet created with 28 bytes
20:07:51.849 > [1811260][I][LoraMesher.cpp:392] receivingRoutine(): [LoRaMesher] Receiving LoRa packet: Size: 28 bytes RSSI: -10 SNR: 13
20:07:51.860 > [1811271][V][LoraMesher.cpp:647] processPackets(): [LoRaMesher] Size of Received Packets Queue: 1
20:07:51.869 > [1811280][I][PacketQueueService.h:80] deleteQueuePacketAndPacket(): [LoRaMesher] Deleting packet
20:07:51.877 > [1811289][I][PacketQueueService.h:83] deleteQueuePacketAndPacket(): [LoRaMesher] Deleting packet queue
20:07:51.886 > [1811298][V][LoraMesher.cpp:658] processPackets(): [LoRaMesher] TESTING: Packet not for me, deleting it
20:07:51.896 > [1811307][V][LoraMesher.cpp:641] processPackets(): [LoRaMesher] Stack space unused after entering the task: 2040
20:07:51.906 > [1811317][V][LoraMesher.cpp:642] processPackets(): [LoRaMesher] Free heap: 336408
20:07:59.387 > [1818799][V][LoraMesher.cpp:378] receivingRoutine(): [LoRaMesher] Stack space unused after entering the task: 2040
20:07:59.397 > [1818809][V][LoraMesher.cpp:379] receivingRoutine(): [LoRaMesher] Free heap: 336408
20:07:59.405 > [1818817][I][PacketService.cpp:12] createEmptyPacket(): [LoRaMesher] Packet created with 28 bytes
20:07:59.414 > [1818825][I][LoraMesher.cpp:392] receivingRoutine(): [LoRaMesher] Receiving LoRa packet: Size: 28 bytes RSSI: -37 SNR: 13
20:07:59.425 > [1818837][V][LoraMesher.cpp:647] processPackets(): [LoRaMesher] Size of Received Packets Queue: 1
20:07:59.434 > [1818845][I][PacketQueueService.h:80] deleteQueuePacketAndPacket(): [LoRaMesher] Deleting packet
20:07:59.442 > [1818854][I][PacketQueueService.h:83] deleteQueuePacketAndPacket(): [LoRaMesher] Deleting packet queue
20:07:59.451 > [1818863][V][LoraMesher.cpp:658] processPackets(): [LoRaMesher] TESTING: Packet not for me, deleting it
20:07:59.461 > [1818872][V][LoraMesher.cpp:641] processPackets(): [LoRaMesher] Stack space unused after entering the task: 2040
20:07:59.472 > [1818882][V][LoraMesher.cpp:642] processPackets(): [LoRaMesher] Free heap: 336408
20:08:01.916 > [1821327][V][LoraMesher.cpp:378] receivingRoutine(): [LoRaMesher] Stack space unused after entering the task: 2040
20:08:01.927 > [1821338][V][LoraMesher.cpp:379] receivingRoutine(): [LoRaMesher] Free heap: 336408
20:08:01.934 > [1821345][I][PacketService.cpp:12] createEmptyPacket(): [LoRaMesher] Packet created with 17 bytes
20:08:01.943 > [1821354][I][LoraMesher.cpp:392] receivingRoutine(): [LoRaMesher] Receiving LoRa packet: Size: 17 bytes RSSI: -20 SNR: 13
20:08:01.954 > [1821365][V][LoraMesher.cpp:647] processPackets(): [LoRaMesher] Size of Received Packets Queue: 1
20:08:01.963 > [1821374][I][PacketQueueService.h:80] deleteQueuePacketAndPacket(): [LoRaMesher] Deleting packet
20:08:01.972 > [1821383][I][PacketQueueService.h:83] deleteQueuePacketAndPacket(): [LoRaMesher] Deleting packet queue
20:08:01.980 > [1821392][V][LoraMesher.cpp:658] processPackets(): [LoRaMesher] TESTING: Packet not for me, deleting it
20:08:01.989 > [1821401][V][LoraMesher.cpp:641] processPackets(): [LoRaMesher] Stack space unused after entering the task: 2040
20:08:02.000 > [1821411][V][LoraMesher.cpp:642] processPackets(): [LoRaMesher] Free heap: 336408
20:08:02.572 > [1821983][V][LoraMesher.cpp:378] receivingRoutine(): [LoRaMesher] Stack space unused after entering the task: 2040
20:08:02.583 > [1821994][V][LoraMesher.cpp:379] receivingRoutine(): [LoRaMesher] Free heap: 336408
20:08:02.591 > [1822001][I][PacketService.cpp:12] createEmptyPacket(): [LoRaMesher] Packet created with 17 bytes
20:08:02.599 > [1822010][I][LoraMesher.cpp:392] receivingRoutine(): [LoRaMesher] Receiving LoRa packet: Size: 17 bytes RSSI: -37 SNR: 13
20:08:02.611 > [1822021][V][LoraMesher.cpp:647] processPackets(): [LoRaMesher] Size of Received Packets Queue: 1
20:08:02.619 > [1822030][I][PacketQueueService.h:80] deleteQueuePacketAndPacket(): [LoRaMesher] Deleting packet
20:08:02.627 > [1822039][I][PacketQueueService.h:83] deleteQueuePacketAndPacket(): [LoRaMesher] Deleting packet queue
20:08:02.637 > [1822048][V][LoraMesher.cpp:658] processPackets(): [LoRaMesher] TESTING: Packet not for me, deleting it
20:08:02.646 > [1822057][V][LoraMesher.cpp:641] processPackets(): [LoRaMesher] Stack space unused after entering the task: 2040
20:08:02.656 > [1822067][V][LoraMesher.cpp:642] processPackets(): [LoRaMesher] Free heap: 336408
