16:54:48.043 > [ 25830][V][LoraMesher.cpp:378] receivingRoutine(): [LoRaMesher] Stack space unused after entering the task: 2400
16:54:48.054 > [ 25841][V][LoraMesher.cpp:379] receivingRoutine(): [LoRaMesher] Free heap: 337132
16:54:48.061 > [ 25848][I][PacketService.cpp:12] createEmptyPacket(): [LoRaMesher] Packet created with 8 bytes
16:54:48.070 > [ 25857][I][LoraMesher.cpp:392] receivingRoutine(): [LoRaMesher] Receiving LoRa packet: Size: 8 bytes RSSI: -15 SNR: 14
16:54:48.081 > [ 25868][V][LoraMesher.cpp:647] processPackets(): [LoRaMesher] Size of Received Packets Queue: 1
16:54:48.090 > [ 25876][V][LoraMesher.cpp:754] printHeaderPacket(): [LoRaMesher] Packet received -- Size: 8 Src: D110 Dst: FFFF Id: 0 Type: 4 Via: 0 Seq_Id: 0 Num: 0
16:54:48.103 > [ 25890][I][RoutingTableService.cpp:77] processRoute(): [LoRaMesher] Route packet from D110 with size 0
16:54:48.112 > [ 25899][I][RoutingTableService.cpp:156] addNodeToRoutingTable(): [LoRaMesher] New route added: D110 via D110 metric 1, role 1
16:54:48.123 > [ 25910][I][RoutingTableService.cpp:99] resetReceiveSNRRoutePacket(): [LoRaMesher] Reset Receive SNR from D110: 14
16:54:48.133 > [ 25920][I][RoutingTableService.cpp:192] printRoutingTable(): [LoRaMesher] Current routing table:
16:54:48.142 > [ 25929][I][RoutingTableService.cpp:206] printRoutingTable(): [LoRaMesher] 0 - D110 via D110 metric 1 Role 1
16:54:48.152 > [ 25939][I][PacketQueueService.h:80] deleteQueuePacketAndPacket(): [LoRaMesher] Deleting packet
16:54:48.160 > [ 25947][I][PacketQueueService.h:83] deleteQueuePacketAndPacket(): [LoRaMesher] Deleting packet queue
16:54:48.169 > [ 25956][V][LoraMesher.cpp:641] processPackets(): [LoRaMesher] Stack space unused after entering the task: 2180
16:54:48.179 > [ 25966][V][LoraMesher.cpp:642] processPackets(): [LoRaMesher] Free heap: 337068
16:54:48.367 > Send packet 1
16:54:48.369 > Sending packet to D110
16:54:48.371 > [ 26155][V][LoraMesher.h:250] createPacketAndSend(): [LoRaMesher] Creating a packet for send with 8 bytes
16:54:48.380 > [ 26167][V][PacketFactory.h:45] createPacket(): [LoRaMesher] Creating packet with 17 bytes
16:54:48.388 > [ 26175][I][PacketFactory.h:74] createPacket(): [LoRaMesher] Packet created with 17 bytes
16:54:48.396 > [ 26183][I][LoraMesher.h:659] setPackedForSend(): [LoRaMesher] Adding packet to Q_SP
16:54:48.404 > [ 26191][I][LoraMesher.h:661] setPackedForSend(): [LoRaMesher] Created packet to Q_SP
16:54:48.411 > [ 26198][I][LoraMesher.cpp:1061] addToSendOrderedAndNotify(): [LoRaMesher] Added packet to Q_SP, notifying sender task
16:54:48.422 > [ 26209][V][LoraMesher.cpp:511] sendPackets(): [LoRaMesher] Stack space unused after entering the task: 2264
16:54:48.431 > [ 26218][V][LoraMesher.cpp:512] sendPackets(): [LoRaMesher] Free heap: 336972
16:54:48.438 > [ 26225][V][LoraMesher.cpp:518] sendPackets(): [LoRaMesher] Size of Send Packets Queue: 1
16:54:48.446 > [ 26233][V][LoraMesher.cpp:525] sendPackets(): [LoRaMesher] Send n. 2
16:54:48.453 > [ 26240][V][LoraMesher.cpp:455] waitBeforeSend(): [LoRaMesher] RandomDelay 365 ms
16:54:48.824 > [ 26612][V][LoraMesher.cpp:754] printHeaderPacket(): [LoRaMesher] Packet send -- Size: 17 Src: B3F0 Dst: D110 Id: 2 Type: 2 Via: D110 Seq_Id: 0 Num: 0
16:54:48.914 > [ 26701][V][LoraMesher.cpp:575] sendPackets(): [LoRaMesher] TimeOnAir 63 ms, next message in 0 ms
16:54:48.923 > [ 26710][I][PacketQueueService.h:80] deleteQueuePacketAndPacket(): [LoRaMesher] Deleting packet
16:54:48.932 > [ 26719][I][PacketQueueService.h:83] deleteQueuePacketAndPacket(): [LoRaMesher] Deleting packet queue
16:54:49.128 > [ 26915][V][LoraMesher.cpp:378] receivingRoutine(): [LoRaMesher] Stack space unused after entering the task: 2336
16:54:49.139 > [ 26926][V][LoraMesher.cpp:379] receivingRoutine(): [LoRaMesher] Free heap: 337068
16:54:49.146 > [ 26933][I][PacketService.cpp:12] createEmptyPacket(): [LoRaMesher] Packet created with 17 bytes
16:54:49.155 > [ 26942][I][LoraMesher.cpp:392] receivingRoutine(): [LoRaMesher] Receiving LoRa packet: Size: 17 bytes RSSI: -26 SNR: 13
16:54:49.166 > [ 26953][V][LoraMesher.cpp:647] processPackets(): [LoRaMesher] Size of Received Packets Queue: 1
16:54:49.175 > [ 26962][V][LoraMesher.cpp:754] printHeaderPacket(): [LoRaMesher] Packet received -- Size: 17 Src: F02C Dst: D110 Id: 2 Type: 2 Via: D110 Seq_Id: 0 Num: 0
16:54:49.189 > [ 26975][I][LoraMesher.cpp:854] processDataPacket(): [LoRaMesher] Data packet from F02C, destination D110, via D110
16:54:49.199 > [ 26986][V][LoraMesher.cpp:878] processDataPacket(): [LoRaMesher] Packet not for me, deleting it
16:54:49.207 > [ 26994][I][PacketQueueService.h:80] deleteQueuePacketAndPacket(): [LoRaMesher] Deleting packet
16:54:49.216 > [ 27003][I][PacketQueueService.h:83] deleteQueuePacketAndPacket(): [LoRaMesher] Deleting packet queue
16:54:49.225 > [ 27012][V][LoraMesher.cpp:641] processPackets(): [LoRaMesher] Stack space unused after entering the task: 2180
16:54:49.235 > [ 27022][V][LoraMesher.cpp:642] processPackets(): [LoRaMesher] Free heap: 337068
16:54:49.358 > [ 27146][V][LoraMesher.cpp:378] receivingRoutine(): [LoRaMesher] Stack space unused after entering the task: 2336
16:54:49.370 > [ 27156][V][LoraMesher.cpp:379] receivingRoutine(): [LoRaMesher] Free heap: 337068
16:54:49.376 > [ 27163][I][PacketService.cpp:12] createEmptyPacket(): [LoRaMesher] Packet created with 17 bytes
16:54:49.385 > [ 27172][I][LoraMesher.cpp:392] receivingRoutine(): [LoRaMesher] Receiving LoRa packet: Size: 17 bytes RSSI: -10 SNR: 13
16:54:49.396 > [ 27183][V][LoraMesher.cpp:647] processPackets(): [LoRaMesher] Size of Received Packets Queue: 1
16:54:49.405 > [ 27192][V][LoraMesher.cpp:754] printHeaderPacket(): [LoRaMesher] Packet received -- Size: 17 Src: DE6C Dst: D110 Id: 2 Type: 2 Via: D110 Seq_Id: 0 Num: 0
16:54:49.419 > [ 27205][I][LoraMesher.cpp:854] processDataPacket(): [LoRaMesher] Data packet from DE6C, destination D110, via D110
16:54:49.429 > [ 27216][V][LoraMesher.cpp:878] processDataPacket(): [LoRaMesher] Packet not for me, deleting it
16:54:49.437 > [ 27224][I][PacketQueueService.h:80] deleteQueuePacketAndPacket(): [LoRaMesher] Deleting packet
16:54:49.446 > [ 27233][I][PacketQueueService.h:83] deleteQueuePacketAndPacket(): [LoRaMesher] Deleting packet queue
16:54:49.455 > [ 27242][V][LoraMesher.cpp:641] processPackets(): [LoRaMesher] Stack space unused after entering the task: 2180
16:54:49.465 > [ 27252][V][LoraMesher.cpp:642] processPackets(): [LoRaMesher] Free heap: 337068
16:55:08.460 > Send packet 2
16:55:08.461 > Sending packet to D110
16:55:08.463 > [ 46247][V][LoraMesher.h:250] createPacketAndSend(): [LoRaMesher] Creating a packet for send with 8 bytes
16:55:08.473 > [ 46259][V][PacketFactory.h:45] createPacket(): [LoRaMesher] Creating packet with 17 bytes
16:55:08.481 > [ 46267][I][PacketFactory.h:74] createPacket(): [LoRaMesher] Packet created with 17 bytes
16:55:08.489 > [ 46275][I][LoraMesher.h:659] setPackedForSend(): [LoRaMesher] Adding packet to Q_SP
16:55:08.496 > [ 46283][I][LoraMesher.h:661] setPackedForSend(): [LoRaMesher] Created packet to Q_SP
16:55:08.504 > [ 46290][I][LoraMesher.cpp:1061] addToSendOrderedAndNotify(): [LoRaMesher] Added packet to Q_SP, notifying sender task
16:55:08.514 > [ 46301][V][LoraMesher.cpp:511] sendPackets(): [LoRaMesher] Stack space unused after entering the task: 2196
16:55:08.524 > [ 46310][V][LoraMesher.cpp:512] sendPackets(): [LoRaMesher] Free heap: 336972
16:55:08.531 > [ 46317][V][LoraMesher.cpp:518] sendPackets(): [LoRaMesher] Size of Send Packets Queue: 1
16:55:08.539 > [ 46325][V][LoraMesher.cpp:525] sendPackets(): [LoRaMesher] Send n. 3
16:55:08.545 > [ 46332][V][LoraMesher.cpp:455] waitBeforeSend(): [LoRaMesher] RandomDelay 835 ms
16:55:09.168 > [ 46955][V][LoraMesher.cpp:378] receivingRoutine(): [LoRaMesher] Stack space unused after entering the task: 2336
16:55:09.178 > [ 46965][V][LoraMesher.cpp:379] receivingRoutine(): [LoRaMesher] Free heap: 337000
16:55:09.186 > [ 46972][I][PacketService.cpp:12] createEmptyPacket(): [LoRaMesher] Packet created with 17 bytes
16:55:09.195 > [ 46981][I][LoraMesher.cpp:392] receivingRoutine(): [LoRaMesher] Receiving LoRa packet: Size: 17 bytes RSSI: -10 SNR: 14
16:55:09.206 > [ 46992][V][LoraMesher.cpp:647] processPackets(): [LoRaMesher] Size of Received Packets Queue: 1
16:55:09.215 > [ 47001][V][LoraMesher.cpp:754] printHeaderPacket(): [LoRaMesher] Packet received -- Size: 17 Src: DE6C Dst: D110 Id: 3 Type: 2 Via: D110 Seq_Id: 0 Num: 0
16:55:09.228 > [ 47015][I][LoraMesher.cpp:854] processDataPacket(): [LoRaMesher] Data packet from DE6C, destination D110, via D110
16:55:09.239 > [ 47025][V][LoraMesher.cpp:878] processDataPacket(): [LoRaMesher] Packet not for me, deleting it
16:55:09.247 > [ 47034][I][PacketQueueService.h:80] deleteQueuePacketAndPacket(): [LoRaMesher] Deleting packet
16:55:09.256 > [ 47042][I][PacketQueueService.h:83] deleteQueuePacketAndPacket(): [LoRaMesher] Deleting packet queue
16:55:09.265 > [ 47051][V][LoraMesher.cpp:641] processPackets(): [LoRaMesher] Stack space unused after entering the task: 2180
16:55:09.275 > [ 47061][V][LoraMesher.cpp:642] processPackets(): [LoRaMesher] Free heap: 337000
16:55:09.339 > [ 47126][V][LoraMesher.cpp:378] receivingRoutine(): [LoRaMesher] Stack space unused after entering the task: 2336
16:55:09.350 > [ 47137][V][LoraMesher.cpp:379] receivingRoutine(): [LoRaMesher] Free heap: 337000
16:55:09.358 > [ 47144][I][PacketService.cpp:12] createEmptyPacket(): [LoRaMesher] Packet created with 17 bytes
16:55:09.367 > [ 47153][I][LoraMesher.cpp:392] receivingRoutine(): [LoRaMesher] Receiving LoRa packet: Size: 17 bytes RSSI: -28 SNR: 12
16:55:09.378 > [ 47164][V][LoraMesher.cpp:647] processPackets(): [LoRaMesher] Size of Received Packets Queue: 1
16:55:09.386 > [ 47173][V][LoraMesher.cpp:754] printHeaderPacket(): [LoRaMesher] Packet received -- Size: 17 Src: F02C Dst: D110 Id: 3 Type: 2 Via: D110 Seq_Id: 0 Num: 0
16:55:09.400 > [ 47179][V][LoraMesher.cpp:462] waitBeforeSend(): [LoRaMesher] Preamble detected while waiting 1
16:55:09.409 > [ 47195][I][LoraMesher.cpp:854] process[D a4t7a1P9a5c]k[eVt]([)L:o r[aLMoeRsahMeers.hceprp]: 7D5a4t]a  ppraicnkteHte afdreormP aFc2Ct d):tinoRioeshe10  vikeD1s0 d -- Size: 17 Src: B3F0 Dst: D110 Id: 3 Type: 2 Via: D110 Seq_Id: 0 Num: 0
16:55:09.430 > [ 47216][V][LoraMesher.cpp:878] processDataPacket(): [LoRaMesher] Packet not for me, deleting it
16:55:09.438 > [ 47224][I][PacketQueueService.h:80] deleteQueuePacketAndPacket(): [LoRaMesher] Deleting packet
16:55:09.446 > [ 47233][I][PacketQueueService.h:83] deleteQueuePacketAndPacket(): [LoRaMesher] Deleting packet queue
16:55:09.455 > [ 47242][V][LoraMesher.cpp:641] processPackets(): [LoRaMesher] Stack space unused after entering the task: 2180
16:55:09.465 > [ 47252][V][LoraMesher.cpp:642] processPackets(): [LoRaMesher] Free heap: 337000
16:55:09.505 > [ 47292][V][LoraMesher.cpp:575] sendPackets(): [LoRaMesher] TimeOnAir 63 ms, next message in 0 ms
16:55:09.515 > [ 47301][I][PacketQueueService.h:80] deleteQueuePacketAndPacket(): [LoRaMesher] Deleting packet
16:55:09.523 > [ 47309][I][PacketQueueService.h:83] deleteQueuePacketAndPacket(): [LoRaMesher] Deleting packet queue
16:55:28.552 > Send packet 3
16:55:28.554 > Sending packet to D110
16:55:28.555 > [ 66339][V][LoraMesher.h:250] createPacketAndSend(): [LoRaMesher] Creating a packet for send with 8 bytes
16:55:28.564 > [ 66351][V][PacketFactory.h:45] createPacket(): [LoRaMesher] Creating packet with 17 bytes
16:55:28.572 > [ 66359][I][PacketFactory.h:74] createPacket(): [LoRaMesher] Packet created with 17 bytes
16:55:28.580 > [ 66367][I][LoraMesher.h:659] setPackedForSend(): [LoRaMesher] Adding packet to Q_SP
16:55:28.588 > [ 66375][I][LoraMesher.h:661] setPackedForSend(): [LoRaMesher] Created packet to Q_SP
16:55:28.595 > [ 66382][I][LoraMesher.cpp:1061] addToSendOrderedAndNotify(): [LoRaMesher] Added packet to Q_SP, notifying sender task
16:55:28.606 > [ 66393][V][LoraMesher.cpp:511] sendPackets(): [LoRaMesher] Stack space unused after entering the task: 2148
16:55:28.616 > [ 66402][V][LoraMesher.cpp:512] sendPackets(): [LoRaMesher] Free heap: 336972
16:55:28.623 > [ 66409][V][LoraMesher.cpp:518] sendPackets(): [LoRaMesher] Size of Send Packets Queue: 1
16:55:28.631 > [ 66417][V][LoraMesher.cpp:525] sendPackets(): [LoRaMesher] Send n. 4
16:55:28.637 > [ 66424][V][LoraMesher.cpp:455] waitBeforeSend(): [LoRaMesher] RandomDelay 901 ms
16:55:29.083 > [ 66870][V][LoraMesher.cpp:378] receivingRoutine(): [LoRaMesher] Stack space unused after entering the task: 2336
16:55:29.094 > [ 66880][V][LoraMesher.cpp:379] receivingRoutine(): [LoRaMesher] Free heap: 337000
16:55:29.101 > [ 66888][I][PacketService.cpp:12] createEmptyPacket(): [LoRaMesher] Packet created with 17 bytes
16:55:29.110 > [ 66897][I][LoraMesher.cpp:392] receivingRoutine(): [LoRaMesher] Receiving LoRa packet: Size: 17 bytes RSSI: -11 SNR: 13
16:55:29.121 > [ 66908][V][LoraMesher.cpp:647] processPackets(): [LoRaMesher] Size of Received Packets Queue: 1
16:55:29.130 > [ 66917][V][LoraMesher.cpp:754] printHeaderPacket(): [LoRaMesher] Packet received -- Size: 17 Src: DE6C Dst: D110 Id: 4 Type: 2 Via: D110 Seq_Id: 0 Num: 0
16:55:29.144 > [ 66930][I][LoraMesher.cpp:854] processDataPacket(): [LoRaMesher] Data packet from DE6C, destination D110, via D110
16:55:29.154 > [ 66941][V][LoraMesher.cpp:878] processDataPacket(): [LoRaMesher] Packet not for me, deleting it
16:55:29.162 > [ 66949][I][PacketQueueService.h:80] deleteQueuePacketAndPacket(): [LoRaMesher] Deleting packet
16:55:29.171 > [ 66958][I][PacketQueueService.h:83] deleteQueuePacketAndPacket(): [LoRaMesher] Deleting packet queue
16:55:29.180 > [ 66967][V][LoraMesher.cpp:641] processPackets(): [LoRaMesher] Stack space unused after entering the task: 2180
16:55:29.190 > [ 66977][V][LoraMesher.cpp:642] processPackets(): [LoRaMesher] Free heap: 337000
16:55:29.505 > [ 67292][V][LoraMesher.cpp:378] receivingRoutine(): [LoRaMesher] Stack space unused after entering the task: 2124
16:55:29.515 > [ 67302][V][LoraMesher.cpp:379] receivingRoutine(): [LoRaMesher] Free heap: 337000
16:55:29.523 > [ 67309][I][PacketService.cpp:12] createEmptyPacket(): [LoRaMesher] Packet created with 17 bytes
16:55:29.531 > [ 67318][I][LoraMesher.cpp:392] receivingRoutine(): [LoRaMesher] Receiving LoRa packet: Size: 17 bytes RSSI: -27 SNR: 13
16:55:29.542 > [ 67329][V][LoraMesher.cpp:647] processPackets(): [LoRaMesher] Size of Received Packets Queue: 1
16:55:29.551 > [ 67338][V][LoraMesher.cpp:754] printHeaderPacket(): [LoRaMesher] Packet received -- Size: 17 Src: F02C Dst: D110 Id: 4 Type: 2 Via: D110 Seq_Id: 0 Num: 0
16:55:29.565 > [ 67341][V][LoraMesher.cpp:462] waitBeforeSend(): [LoRaMesher] Preamble detected while waiting 1
16:55:29.573 > [ 67360][I][LoraMesher.cpp:854] processD[a t6a7P3a6c0k]e[tV(])[:L o[rLaoMReasMheesrh.ecrp]p :D7a5t4a]  pparciknettH efardoemr PFa02C, t(stinLoiaMes1er, vac D1t s
16:55:29.588 > nd -- Size: 17 Src: B3F0 Dst: D110 Id: 4 Type: 2 Via: D110 Seq_Id: 0 Num: 0
16:55:29.594 > [ 67381][V][LoraMesher.cpp:878] processDataPacket(): [LoRaMesher] Packet not for me, deleting it
16:55:29.604 > [ 67390][I][PacketQueueService.h:80] deleteQueuePacketAndPacket(): [LoRaMesher] Deleting packet
16:55:29.612 > [ 67398][I][PacketQueueService.h:83] deleteQueuePacketAndPacket(): [LoRaMesher] Deleting packet queue
16:55:29.620 > [ 67407][V][LoraMesher.cpp:641] processPackets(): [LoRaMesher] Stack space unused after entering the task: 2180
16:55:29.630 > [ 67417][V][LoraMesher.cpp:642] processPackets(): [LoRaMesher] Free heap: 337000
16:55:29.671 > [ 67458][V][LoraMesher.cpp:575] sendPackets(): [LoRaMesher] TimeOnAir 63 ms, next message in 0 ms
16:55:29.679 > [ 67466][I][PacketQueueService.h:80] deleteQueuePacketAndPacket(): [LoRaMesher] Deleting packet
16:55:29.688 > [ 67475][I][PacketQueueService.h:83] deleteQueuePacketAndPacket(): [LoRaMesher] Deleting packet queue
16:55:48.644 > Send packet 4
16:55:48.645 > Sending packet to D110
16:55:48.647 > [ 86431][V][LoraMesher.h:250] createPacketAndSend(): [LoRaMesher] Creating a packet for send with 8 bytes
16:55:48.657 > [ 86443][V][PacketFactory.h:45] createPacket(): [LoRaMesher] Creating packet with 17 bytes
16:55:48.665 > [ 86451][I][PacketFactory.h:74] createPacket(): [LoRaMesher] Packet created with 17 bytes
16:55:48.673 > [ 86459][I][LoraMesher.h:659] setPackedForSend(): [LoRaMesher] Adding packet to Q_SP
16:55:48.680 > [ 86467][I][LoraMesher.h:661] setPackedForSend(): [LoRaMesher] Created packet to Q_SP
16:55:48.688 > [ 86474][I][LoraMesher.cpp:1061] addToSendOrderedAndNotify(): [LoRaMesher] Added packet to Q_SP, notifying sender task
16:55:48.699 > [ 86485][V][LoraMesher.cpp:511] sendPackets(): [LoRaMesher] Stack space unused after entering the task: 2148
16:55:48.708 > [ 86494][V][LoraMesher.cpp:512] sendPackets(): [LoRaMesher] Free heap: 336972
16:55:48.715 > [ 86501][V][LoraMesher.cpp:518] sendPackets(): [LoRaMesher] Size of Send Packets Queue: 1
16:55:48.723 > [ 86509][V][LoraMesher.cpp:525] sendPackets(): [LoRaMesher] Send n. 5
16:55:48.729 > [ 86516][V][LoraMesher.cpp:455] waitBeforeSend(): [LoRaMesher] RandomDelay 274 ms
16:55:49.010 > [ 86797][V][LoraMesher.cpp:754] printHeaderPacket(): [LoRaMesher] Packet send -- Size: 17 Src: B3F0 Dst: D110 Id: 5 Type: 2 Via: D110 Seq_Id: 0 Num: 0
16:55:49.100 > [ 86886][V][LoraMesher.cpp:575] sendPackets(): [LoRaMesher] TimeOnAir 63 ms, next message in 0 ms
16:55:49.110 > [ 86895][I][PacketQueueService.h:80] deleteQueuePacketAndPacket(): [LoRaMesher] Deleting packet
16:55:49.117 > [ 86904][I][PacketQueueService.h:83] deleteQueuePacketAndPacket(): [LoRaMesher] Deleting packet queue
16:55:49.288 > [ 87075][V][LoraMesher.cpp:378] receivingRoutine(): [LoRaMesher] Stack space unused after entering the task: 2124
16:55:49.299 > [ 87085][V][LoraMesher.cpp:379] receivingRoutine(): [LoRaMesher] Free heap: 337068
16:55:49.306 > [ 87092][I][PacketService.cpp:12] createEmptyPacket(): [LoRaMesher] Packet created with 17 bytes
16:55:49.315 > [ 87101][I][LoraMesher.cpp:392] receivingRoutine(): [LoRaMesher] Receiving LoRa packet: Size: 17 bytes RSSI: -10 SNR: 11
16:55:49.326 > [ 87112][V][LoraMesher.cpp:647] processPackets(): [LoRaMesher] Size of Received Packets Queue: 1
16:55:49.335 > [ 87121][V][LoraMesher.cpp:754] printHeaderPacket(): [LoRaMesher] Packet received -- Size: 17 Src: DE6C Dst: D110 Id: 5 Type: 2 Via: D110 Seq_Id: 0 Num: 0
16:55:49.348 > [ 87135][I][LoraMesher.cpp:854] processDataPacket(): [LoRaMesher] Data packet from DE6C, destination D110, via D110
16:55:49.359 > [ 87145][V][LoraMesher.cpp:878] processDataPacket(): [LoRaMesher] Packet not for me, deleting it
16:55:49.367 > [ 87153][I][PacketQueueService.h:80] deleteQueuePacketAndPacket(): [LoRaMesher] Deleting packet
16:55:49.376 > [ 87162][I][PacketQueueService.h:83] deleteQueuePacketAndPacket(): [LoRaMesher] Deleting packet queue
16:55:49.386 > [ 87171][V][LoraMesher.cpp:641] processPackets(): [LoRaMesher] Stack space unused after entering the task: 2180
16:55:49.395 > [ 87181][V][LoraMesher.cpp:642] processPackets(): [LoRaMesher] Free heap: 337068
16:56:08.736 > Send packet 5
16:56:08.738 > Sending packet to D110
16:56:08.740 > [106523][V][LoraMesher.h:250] createPacketAndSend(): [LoRaMesher] Creating a packet for send with 8 bytes
16:56:08.749 > [106535][V][PacketFactory.h:45] createPacket(): [LoRaMesher] Creating packet with 17 bytes
16:56:08.757 > [106543][I][PacketFactory.h:74] createPacket(): [LoRaMesher] Packet created with 17 bytes
16:56:08.765 > [106551][I][LoraMesher.h:659] setPackedForSend(): [LoRaMesher] Adding packet to Q_SP
16:56:08.773 > [106559][I][LoraMesher.h:661] setPackedForSend(): [LoRaMesher] Created packet to Q_SP
16:56:08.780 > [106566][I][LoraMesher.cpp:1061] addToSendOrderedAndNotify(): [LoRaMesher] Added packet to Q_SP, notifying sender task
16:56:08.790 > [106577][V][LoraMesher.cpp:511] sendPackets(): [LoRaMesher] Stack space unused after entering the task: 2148
16:56:08.800 > [106586][V][LoraMesher.cpp:512] sendPackets(): [LoRaMesher] Free heap: 336972
16:56:08.808 > [106593][V][LoraMesher.cpp:518] sendPackets(): [LoRaMesher] Size of Send Packets Queue: 1
16:56:08.816 > [106601][V][LoraMesher.cpp:525] sendPackets(): [LoRaMesher] Send n. 6
16:56:08.822 > [106608][V][LoraMesher.cpp:455] waitBeforeSend(): [LoRaMesher] RandomDelay 355 ms
16:56:09.183 > [106970][V][LoraMesher.cpp:754] printHeaderPacket(): [LoRaMesher] Packet send -- Size: 17 Src: B3F0 Dst: D110 Id: 6 Type: 2 Via: D110 Seq_Id: 0 Num: 0
16:56:09.273 > [107059][V][LoraMesher.cpp:575] sendPackets(): [LoRaMesher] TimeOnAir 63 ms, next message in 0 ms
16:56:09.282 > [107068][I][PacketQueueService.h:80] deleteQueuePacketAndPacket(): [LoRaMesher] Deleting packet
16:56:09.291 > [107077][I][PacketQueueService.h:83] deleteQueuePacketAndPacket(): [LoRaMesher] Deleting packet queue
16:56:09.713 > [107500][V][LoraMesher.cpp:378] receivingRoutine(): [LoRaMesher] Stack space unused after entering the task: 2124
16:56:09.724 > [107510][V][LoraMesher.cpp:379] receivingRoutine(): [LoRaMesher] Free heap: 337068
16:56:09.731 > [107517][I][PacketService.cpp:12] createEmptyPacket(): [LoRaMesher] Packet created with 17 bytes
16:56:09.741 > [107526][I][LoraMesher.cpp:392] receivingRoutine(): [LoRaMesher] Receiving LoRa packet: Size: 17 bytes RSSI: -11 SNR: 10
16:56:09.752 > [107537][V][LoraMesher.cpp:647] processPackets(): [LoRaMesher] Size of Received Packets Queue: 1
16:56:09.760 > [107546][V][LoraMesher.cpp:754] printHeaderPacket(): [LoRaMesher] Packet received -- Size: 17 Src: DE6C Dst: D110 Id: 6 Type: 2 Via: D110 Seq_Id: 0 Num: 0
16:56:09.774 > [107560][I][LoraMesher.cpp:854] processDataPacket(): [LoRaMesher] Data packet from DE6C, destination D110, via D110
16:56:09.783 > [107570][V][LoraMesher.cpp:878] processDataPacket(): [LoRaMesher] Packet not for me, deleting it
16:56:09.792 > [107579][I][PacketQueueService.h:80] deleteQueuePacketAndPacket(): [LoRaMesher] Deleting packet
16:56:09.801 > [107587][I][PacketQueueService.h:83] deleteQueuePacketAndPacket(): [LoRaMesher] Deleting packet queue
16:56:09.810 > [107596][V][LoraMesher.cpp:641] processPackets(): [LoRaMesher] Stack space unused after entering the task: 2180
16:56:09.820 > [107606][V][LoraMesher.cpp:642] processPackets(): [LoRaMesher] Free heap: 337068
16:56:28.828 > Send packet 6
16:56:28.830 > Sending packet to D110
16:56:28.832 > [126615][V][LoraMesher.h:250] createPacketAndSend(): [LoRaMesher] Creating a packet for send with 8 bytes
16:56:28.841 > [126627][V][PacketFactory.h:45] createPacket(): [LoRaMesher] Creating packet with 17 bytes
16:56:28.849 > [126635][I][PacketFactory.h:74] createPacket(): [LoRaMesher] Packet created with 17 bytes
16:56:28.857 > [126643][I][LoraMesher.h:659] setPackedForSend(): [LoRaMesher] Adding packet to Q_SP
16:56:28.864 > [126651][I][LoraMesher.h:661] setPackedForSend(): [LoRaMesher] Created packet to Q_SP
16:56:28.872 > [126658][I][LoraMesher.cpp:1061] addToSendOrderedAndNotify(): [LoRaMesher] Added packet to Q_SP, notifying sender task
16:56:28.883 > [126669][V][LoraMesher.cpp:511] sendPackets(): [LoRaMesher] Stack space unused after entering the task: 2148
16:56:28.892 > [126678][V][LoraMesher.cpp:512] sendPackets(): [LoRaMesher] Free heap: 336972
16:56:28.899 > [126685][V][LoraMesher.cpp:518] sendPackets(): [LoRaMesher] Size of Send Packets Queue: 1
16:56:28.907 > [126693][V][LoraMesher.cpp:525] sendPackets(): [LoRaMesher] Send n. 7
16:56:28.914 > [126700][V][LoraMesher.cpp:455] waitBeforeSend(): [LoRaMesher] RandomDelay 863 ms
16:56:29.783 > [127570][V][LoraMesher.cpp:754] printHeaderPacket(): [LoRaMesher] Packet send -- Size: 17 Src: B3F0 Dst: D110 Id: 7 Type: 2 Via: D110 Seq_Id: 0 Num: 0
16:56:29.873 > [127659][V][LoraMesher.cpp:575] sendPackets(): [LoRaMesher] TimeOnAir 63 ms, next message in 0 ms
16:56:29.882 > [127668][I][PacketQueueService.h:80] deleteQueuePacketAndPacket(): [LoRaMesher] Deleting packet
16:56:29.891 > [127677][I][PacketQueueService.h:83] deleteQueuePacketAndPacket(): [LoRaMesher] Deleting packet queue
16:56:30.161 > [127947][V][LoraMesher.cpp:598] sendHelloPacket(): [LoRaMesher] Creating Routing Packet
16:56:30.169 > [127955][V][LoraMesher.cpp:599] sendHelloPacket(): [LoRaMesher] Stack space unused after entering the task: 2324
16:56:30.179 > [127965][V][LoraMesher.cpp:600] sendHelloPacket(): [LoRaMesher] Free heap: 337068
16:56:30.186 > [127972][V][PacketFactory.h:45] createPacket(): [LoRaMesher] Creating packet with 12 bytes
16:56:30.194 > [127980][I][PacketFactory.h:74] createPacket(): [LoRaMesher] Packet created with 12 bytes
16:56:30.202 > [127988][I][LoraMesher.h:659] setPackedForSend(): [LoRaMesher] Adding packet to Q_SP
16:56:30.210 > [127996][I][LoraMesher.h:661] setPackedForSend(): [LoRaMesher] Created packet to Q_SP
16:56:30.217 > [128003][I][LoraMesher.cpp:1061] addToSendOrderedAndNotify(): [LoRaMesher] Added packet to Q_SP, notifying sender task
16:56:30.228 > [128014][V][LoraMesher.cpp:511] sendPackets(): [LoRaMesher] Stack space unused after entering the task: 2148
16:56:30.237 > [128024][V][LoraMesher.cpp:512] sendPackets(): [LoRaMesher] Free heap: 336968
16:56:30.244 > [128030][V][LoraMesher.cpp:518] sendPackets(): [LoRaMesher] Size of Send Packets Queue: 1
16:56:30.252 > [128038][V][LoraMesher.cpp:525] sendPackets(): [LoRaMesher] Send n. 8
16:56:30.259 > [128045][V][LoraMesher.cpp:455] waitBeforeSend(): [LoRaMesher] RandomDelay 473 ms
16:56:30.739 > [128526][V][LoraMesher.cpp:754] printHeaderPacket(): [LoRaMesher] Packet send -- Size: 12 Src: B3F0 Dst: FFFF Id: 8 Type: 4 Via: 0 Seq_Id: 0 Num: 0
16:56:30.814 > [128601][V][LoraMesher.cpp:575] sendPackets(): [LoRaMesher] TimeOnAir 49 ms, next message in 0 ms
16:56:30.823 > [128610][I][PacketQueueService.h:80] deleteQueuePacketAndPacket(): [LoRaMesher] Deleting packet
16:56:30.832 > [128618][I][PacketQueueService.h:83] deleteQueuePacketAndPacket(): [LoRaMesher] Deleting packet queue
16:56:31.584 > [129371][V][LoraMesher.cpp:378] receivingRoutine(): [LoRaMesher] Stack space unused after entering the task: 2076
16:56:31.595 > [129381][V][LoraMesher.cpp:379] receivingRoutine(): [LoRaMesher] Free heap: 337068
16:56:31.602 > [129388][I][PacketService.cpp:12] createEmptyPacket(): [LoRaMesher] Packet created with 12 bytes
16:56:31.611 > [129397][I][LoraMesher.cpp:392] receivingRoutine(): [LoRaMesher] Receiving LoRa packet: Size: 12 bytes RSSI: -26 SNR: 13
16:56:31.622 > [129408][V][LoraMesher.cpp:647] processPackets(): [LoRaMesher] Size of Received Packets Queue: 1
16:56:31.631 > [129417][V][LoraMesher.cpp:754] printHeaderPacket(): [LoRaMesher] Packet received -- Size: 12 Src: F02C Dst: FFFF Id: 8 Type: 4 Via: 0 Seq_Id: 0 Num: 0
16:56:31.644 > [129430][I][RoutingTableService.cpp:77] processRoute(): [LoRaMesher] Route packet from F02C with size 1
16:56:31.653 > [129440][I][RoutingTableService.cpp:156] addNodeToRoutingTable(): [LoRaMesher] New route added: F02C via F02C metric 1, role 0
16:56:31.665 > [129451][I][RoutingTableService.cpp:99] resetReceiveSNRRoutePacket(): [LoRaMesher] Reset Receive SNR from F02C: 13
16:56:31.675 > [129461][I][RoutingTableService.cpp:192] printRoutingTable(): [LoRaMesher] Current routing table:
16:56:31.684 > [129470][I][RoutingTableService.cpp:206] printRoutingTable(): [LoRaMesher] 0 - D110 via D110 metric 1 Role 1
16:56:31.693 > [129479][I][RoutingTableService.cpp:206] printRoutingTable(): [LoRaMesher] 1 - F02C via F02C metric 1 Role 0
16:56:31.703 > [129489][I][PacketQueueService.h:80] deleteQueuePacketAndPacket(): [LoRaMesher] Deleting packet
16:56:31.711 > [129497][I][PacketQueueService.h:83] deleteQueuePacketAndPacket(): [LoRaMesher] Deleting packet queue
16:56:31.720 > [129506][V][LoraMesher.cpp:641] processPackets(): [LoRaMesher] Stack space unused after entering the task: 2120
16:56:31.730 > [129516][V][LoraMesher.cpp:642] processPackets(): [LoRaMesher] Free heap: 337004
16:56:32.966 > [130752][V][LoraMesher.cpp:378] receivingRoutine(): [LoRaMesher] Stack space unused after entering the task: 2076
16:56:32.976 > [130763][V][LoraMesher.cpp:379] receivingRoutine(): [LoRaMesher] Free heap: 337004
16:56:32.984 > [130770][I][PacketService.cpp:12] createEmptyPacket(): [LoRaMesher] Packet created with 12 bytes
16:56:32.993 > [130779][I][LoraMesher.cpp:392] receivingRoutine(): [LoRaMesher] Receiving LoRa packet: Size: 12 bytes RSSI: -11 SNR: 13
16:56:33.004 > [130790][V][LoraMesher.cpp:647] processPackets(): [LoRaMesher] Size of Received Packets Queue: 1
16:56:33.013 > [130799][V][LoraMesher.cpp:754] printHeaderPacket(): [LoRaMesher] Packet received -- Size: 12 Src: DE6C Dst: FFFF Id: 8 Type: 4 Via: 0 Seq_Id: 0 Num: 0
16:56:33.026 > [130812][I][RoutingTableService.cpp:77] processRoute(): [LoRaMesher] Route packet from DE6C with size 1
16:56:33.035 > [130821][I][RoutingTableService.cpp:156] addNodeToRoutingTable(): [LoRaMesher] New route added: DE6C via DE6C metric 1, role 0
16:56:33.046 > [130833][I][RoutingTableService.cpp:99] resetReceiveSNRRoutePacket(): [LoRaMesher] Reset Receive SNR from DE6C: 13
16:56:33.057 > [130843][I][RoutingTableService.cpp:192] printRoutingTable(): [LoRaMesher] Current routing table:
16:56:33.065 > [130851][I][RoutingTableService.cpp:206] printRoutingTable(): [LoRaMesher] 0 - D110 via D110 metric 1 Role 1
16:56:33.075 > [130861][I][RoutingTableService.cpp:206] printRoutingTable(): [LoRaMesher] 1 - F02C via F02C metric 1 Role 0
16:56:33.084 > [130871][I][RoutingTableService.cpp:206] printRoutingTable(): [LoRaMesher] 2 - DE6C via DE6C metric 1 Role 0
16:56:33.094 > [130880][I][PacketQueueService.h:80] deleteQueuePacketAndPacket(): [LoRaMesher] Deleting packet
16:56:33.103 > [130889][I][PacketQueueService.h:83] deleteQueuePacketAndPacket(): [LoRaMesher] Deleting packet queue
16:56:33.112 > [130898][V][LoraMesher.cpp:641] processPackets(): [LoRaMesher] Stack space unused after entering the task: 2120
16:56:33.122 > [130908][V][LoraMesher.cpp:642] processPackets(): [LoRaMesher] Free heap: 336940
16:56:48.920 > Send packet 7
16:56:48.922 > Sending packet to D110
16:56:48.924 > [146707][V][LoraMesher.h:250] createPacketAndSend(): [LoRaMesher] Creating a packet for send with 8 bytes
16:56:48.934 > [146719][V][PacketFactory.h:45] createPacket(): [LoRaMesher] Creating packet with 17 bytes
16:56:48.942 > [146727][I][PacketFactory.h:74] createPacket(): [LoRaMesher] Packet created with 17 bytes
16:56:48.950 > [146735][I][LoraMesher.h:659] setPackedForSend(): [LoRaMesher] Adding packet to Q_SP
16:56:48.957 > [146743][I][LoraMesher.h:661] setPackedForSend(): [LoRaMesher] Created packet to Q_SP
16:56:48.965 > [146750][I][LoraMesher.cpp:1061] addToSendOrderedAndNotify(): [LoRaMesher] Added packet to Q_SP, notifying sender task
16:56:48.975 > [146761][V][LoraMesher.cpp:511] sendPackets(): [LoRaMesher] Stack space unused after entering the task: 2148
16:56:48.985 > [146770][V][LoraMesher.cpp:512] sendPackets(): [LoRaMesher] Free heap: 336844
16:56:48.992 > [146777][V][LoraMesher.cpp:518] sendPackets(): [LoRaMesher] Size of Send Packets Queue: 1
16:56:49.000 > [146785][V][LoraMesher.cpp:525] sendPackets(): [LoRaMesher] Send n. 9
16:56:49.006 > [146792][V][LoraMesher.cpp:455] waitBeforeSend(): [LoRaMesher] RandomDelay 622 ms
16:56:49.108 > [146894][V][LoraMesher.cpp:378] receivingRoutine(): [LoRaMesher] Stack space unused after entering the task: 2076
16:56:49.119 > [146904][V][LoraMesher.cpp:379] receivingRoutine(): [LoRaMesher] Free heap: 336872
16:56:49.126 > [146912][I][PacketService.cpp:12] createEmptyPacket(): [LoRaMesher] Packet created with 20 bytes
16:56:49.135 > [146921][I][LoraMesher.cpp:392] receivingRoutine(): [LoRaMesher] Receiving LoRa packet: Size: 20 bytes RSSI: -15 SNR: 12
16:56:49.146 > [146932][V][LoraMesher.cpp:647] processPackets(): [LoRaMesher] Size of Received Packets Queue: 1
16:56:49.155 > [146940][V][LoraMesher.cpp:754] printHeaderPacket(): [LoRaMesher] Packet received -- Size: 20 Src: D110 Dst: FFFF Id: 1 Type: 4 Via: 0 Seq_Id: 0 Num: 0
16:56:49.168 > [146954][I][RoutingTableService.cpp:77] processRoute(): [LoRaMesher] Route packet from D110 with size 3
16:56:49.178 > [146963][I][RoutingTableService.cpp:99] resetReceiveSNRRoutePacket(): [LoRaMesher] Reset Receive SNR from D110: 12
16:56:49.188 > [146973][I][RoutingTableService.cpp:192] printRoutingTable(): [LoRaMesher] Current routing table:
16:56:49.196 > [146982][I][RoutingTableService.cpp:206] printRoutingTable(): [LoRaMesher] 0 - D110 via D110 metric 1 Role 1
16:56:49.206 > [146992][I][RoutingTableService.cpp:206] printRoutingTable(): [LoRaMesher] 1 - F02C via F02C metric 1 Role 0
16:56:49.216 > [147001][I][RoutingTableService.cpp:206] printRoutingTable(): [LoRaMesher] 2 - DE6C via DE6C metric 1 Role 0
16:56:49.225 > [147011][I][PacketQueueService.h:80] deleteQueuePacketAndPacket(): [LoRaMesher] Deleting packet
16:56:49.234 > [147019][I][PacketQueueService.h:83] deleteQueuePacketAndPacket(): [LoRaMesher] Deleting packet queue
16:56:49.243 > [147028][V][LoraMesher.cpp:641] processPackets(): [LoRaMesher] Stack space unused after entering the task: 2120
16:56:49.253 > [147038][V][LoraMesher.cpp:642] processPackets(): [LoRaMesher] Free heap: 336872
16:56:49.640 > [147426][V][LoraMesher.cpp:462] waitBeforeSend(): [LoRaMesher] Preamble detected while waiting 1
16:56:49.649 > [147435][V][LoraMesher.cpp:455] waitBeforeSend(): [LoRaMesher] RandomDelay 1061 ms
16:56:50.408 > [148194][V][LoraMesher.cpp:378] receivingRoutine(): [LoRaMesher] Stack space unused after entering the task: 2076
16:56:50.419 > [148204][V][LoraMesher.cpp:379] receivingRoutine(): [LoRaMesher] Free heap: 336872
16:56:50.426 > [148212][I][PacketService.cpp:12] createEmptyPacket(): [LoRaMesher] Packet created with 17 bytes
16:56:50.435 > [148221][I][LoraMesher.cpp:392] receivingRoutine(): [LoRaMesher] Receiving LoRa packet: Size: 17 bytes RSSI: -25 SNR: 12
16:56:50.446 > [148232][V][LoraMesher.cpp:647] processPackets(): [LoRaMesher] Size of Received Packets Queue: 1
16:56:50.455 > [148240][V][LoraMesher.cpp:754] printHeaderPacket(): [LoRaMesher] Packet received -- Size: 17 Src: F02C Dst: D110 Id: 9 Type: 2 Via: D110 Seq_Id: 0 Num: 0
16:56:50.469 > [148254][I][LoraMesher.cpp:854] processDataPacket(): [LoRaMesher] Data packet from F02C, destination D110, via D110
16:56:50.479 > [148264][V][LoraMesher.cpp:878] processDataPacket(): [LoRaMesher] Packet not for me, deleting it
16:56:50.487 > [148273][I][PacketQueueService.h:80] deleteQueuePacketAndPacket(): [LoRaMesher] Deleting packet
16:56:50.496 > [148281][I][PacketQueueService.h:83] deleteQueuePacketAndPacket(): [LoRaMesher] Deleting packet queue
16:56:50.505 > [148290][V][LoraMesher.cpp:641] processPackets(): [LoRaMesher] Stack space unused after entering the task: 2120
16:56:50.515 > [148300][V][LoraMesher.cpp:642] processPackets(): [LoRaMesher] Free heap: 336872
16:56:50.723 > [148509][V][LoraMesher.cpp:462] waitBeforeSend(): [LoRaMesher] Preamble detected while waiting 2
16:56:50.732 > [148518][V][LoraMesher.cpp:455] waitBeforeSend(): [LoRaMesher] RandomDelay 328 ms
16:56:51.067 > [148854][V][LoraMesher.cpp:754] printHeaderPacket(): [LoRaMesher] Packet send -- Size: 17 Src: B3F0 Dst: D110 Id: 9 Type: 2 Via: D110 Seq_Id: 0 Num: 0
16:56:51.157 > [148943][V][LoraMesher.cpp:575] sendPackets(): [LoRaMesher] TimeOnAir 63 ms, next message in 0 ms
16:56:51.167 > [148952][I][PacketQueueService.h:80] deleteQueuePacketAndPacket(): [LoRaMesher] Deleting packet
16:56:51.175 > [148961][I][PacketQueueService.h:83] deleteQueuePacketAndPacket(): [LoRaMesher] Deleting packet queue
16:56:51.831 > [149617][V][LoraMesher.cpp:378] receivingRoutine(): [LoRaMesher] Stack space unused after entering the task: 2076
16:56:51.842 > [149627][V][LoraMesher.cpp:379] receivingRoutine(): [LoRaMesher] Free heap: 336940
16:56:51.849 > [149635][I][PacketService.cpp:12] createEmptyPacket(): [LoRaMesher] Packet created with 17 bytes
16:56:51.858 > [149643][I][LoraMesher.cpp:392] receivingRoutine(): [LoRaMesher] Receiving LoRa packet: Size: 17 bytes RSSI: -11 SNR: 13
16:56:51.869 > [149655][V][LoraMesher.cpp:647] processPackets(): [LoRaMesher] Size of Received Packets Queue: 1
16:56:51.878 > [149663][V][LoraMesher.cpp:754] printHeaderPacket(): [LoRaMesher] Packet received -- Size: 17 Src: DE6C Dst: D110 Id: 9 Type: 2 Via: D110 Seq_Id: 0 Num: 0
16:56:51.891 > [149677][I][LoraMesher.cpp:854] processDataPacket(): [LoRaMesher] Data packet from DE6C, destination D110, via D110
16:56:51.902 > [149687][V][LoraMesher.cpp:878] processDataPacket(): [LoRaMesher] Packet not for me, deleting it
16:56:51.910 > [149696][I][PacketQueueService.h:80] deleteQueuePacketAndPacket(): [LoRaMesher] Deleting packet
16:56:51.919 > [149704][I][PacketQueueService.h:83] deleteQueuePacketAndPacket(): [LoRaMesher] Deleting packet queue
16:56:51.928 > [149713][V][LoraMesher.cpp:641] processPackets(): [LoRaMesher] Stack space unused after entering the task: 2120
16:56:51.938 > [149723][V][LoraMesher.cpp:642] processPackets(): [LoRaMesher] Free heap: 336940
16:57:09.012 > Send packet 8
16:57:09.014 > Sending packet to D110
16:57:09.016 > [166799][V][LoraMesher.h:250] createPacketAndSend(): [LoRaMesher] Creating a packet for send with 8 bytes
16:57:09.025 > [166811][V][PacketFactory.h:45] createPacket(): [LoRaMesher] Creating packet with 17 bytes
16:57:09.033 > [166819][I][PacketFactory.h:74] createPacket(): [LoRaMesher] Packet created with 17 bytes
16:57:09.041 > [166827][I][LoraMesher.h:659] setPackedForSend(): [LoRaMesher] Adding packet to Q_SP
16:57:09.049 > [166835][I][LoraMesher.h:661] setPackedForSend(): [LoRaMesher] Created packet to Q_SP
16:57:09.056 > [166842][I][LoraMesher.cpp:1061] addToSendOrderedAndNotify(): [LoRaMesher] Added packet to Q_SP, notifying sender task
16:57:09.067 > [166853][V][LoraMesher.cpp:511] sendPackets(): [LoRaMesher] Stack space unused after entering the task: 2148
16:57:09.077 > [166862][V][LoraMesher.cpp:512] sendPackets(): [LoRaMesher] Free heap: 336844
16:57:09.083 > [166869][V][LoraMesher.cpp:518] sendPackets(): [LoRaMesher] Size of Send Packets Queue: 1
16:57:09.091 > [166877][V][LoraMesher.cpp:525] sendPackets(): [LoRaMesher] Send n. 10
16:57:09.098 > [166884][V][LoraMesher.cpp:455] waitBeforeSend(): [LoRaMesher] RandomDelay 921 ms
16:57:09.897 > [167683][V][LoraMesher.cpp:378] receivingRoutine(): [LoRaMesher] Stack space unused after entering the task: 2076
16:57:09.907 > [167693][V][LoraMesher.cpp:379] receivingRoutine(): [LoRaMesher] Free heap: 336872
16:57:09.915 > [167701][I][PacketService.cpp:12] createEmptyPacket(): [LoRaMesher] Packet created with 17 bytes
16:57:09.924 > [167710][I][LoraMesher.cpp:392] receivingRoutine(): [LoRaMesher] Receiving LoRa packet: Size: 17 bytes RSSI: -11 SNR: 13
16:57:09.935 > [167721][V][LoraMesher.cpp:647] processPackets(): [LoRaMesher] Size of Received Packets Queue: 1
16:57:09.944 > [167730][V][LoraMesher.cpp:754] printHeaderPacket(): [LoRaMesher] Packet received -- Size: 17 Src: DE6C Dst: D110 Id: 10 Type: 2 Via: D110 Seq_Id: 0 Num: 0
16:57:09.957 > [167743][I][LoraMesher.cpp:854] processDataPacket(): [LoRaMesher] Data packet from DE6C, destination D110, via D110
16:57:09.968 > [167754][V][LoraMesher.cpp:878] processDataPacket(): [LoRaMesher] Packet not for me, deleting it
16:57:09.976 > [167762][I][PacketQueueService.h:80] deleteQueuePacketAndPacket(): [LoRaMesher] Deleting packet
16:57:09.985 > [167771][I][PacketQueueService.h:83] deleteQueuePacketAndPacket(): [LoRaMesher] Deleting packet queue
16:57:09.994 > [167780][V][LoraMesher.cpp:641] processPackets(): [LoRaMesher] Stack space unused after entering the task: 2120
16:57:10.004 > [167790][V][LoraMesher.cpp:642] processPackets(): [LoRaMesher] Free heap: 336872
16:57:10.031 > [167817][V][LoraMesher.cpp:462] waitBeforeSend(): [LoRaMesher] Preamble detected while waiting 1
16:57:10.040 > [167826][V][LoraMesher.cpp:455] waitBeforeSend(): [LoRaMesher] RandomDelay 950 ms
16:57:10.570 > [168356][V][LoraMesher.cpp:378] receivingRoutine(): [LoRaMesher] Stack space unused after entering the task: 2076
16:57:10.581 > [168366][V][LoraMesher.cpp:379] receivingRoutine(): [LoRaMesher] Free heap: 336872
16:57:10.588 > [168374][I][PacketService.cpp:12] createEmptyPacket(): [LoRaMesher] Packet created with 17 bytes
16:57:10.597 > [168383][I][LoraMesher.cpp:392] receivingRoutine(): [LoRaMesher] Receiving LoRa packet: Size: 17 bytes RSSI: -24 SNR: 13
16:57:10.608 > [168394][V][LoraMesher.cpp:647] processPackets(): [LoRaMesher] Size of Received Packets Queue: 1
16:57:10.617 > [168403][V][LoraMesher.cpp:754] printHeaderPacket(): [LoRaMesher] Packet received -- Size: 17 Src: F02C Dst: D110 Id: 10 Type: 2 Via: D110 Seq_Id: 0 Num: 0
16:57:10.630 > [168416][I][LoraMesher.cpp:854] processDataPacket(): [LoRaMesher] Data packet from F02C, destination D110, via D110
16:57:10.641 > [168427][V][LoraMesher.cpp:878] processDataPacket(): [LoRaMesher] Packet not for me, deleting it
16:57:10.649 > [168435][I][PacketQueueService.h:80] deleteQueuePacketAndPacket(): [LoRaMesher] Deleting packet
16:57:10.658 > [168444][I][PacketQueueService.h:83] deleteQueuePacketAndPacket(): [LoRaMesher] Deleting packet queue
16:57:10.667 > [168453][V][LoraMesher.cpp:641] processPackets(): [LoRaMesher] Stack space unused after entering the task: 2120
16:57:10.677 > [168463][V][LoraMesher.cpp:642] processPackets(): [LoRaMesher] Free heap: 336872
16:57:11.003 > [168789][V][LoraMesher.cpp:462] waitBeforeSend(): [LoRaMesher] Preamble detected while waiting 2
16:57:11.012 > [168798][V][LoraMesher.cpp:455] waitBeforeSend(): [LoRaMesher] RandomDelay 897 ms
16:57:11.916 > [169703][V][LoraMesher.cpp:754] printHeaderPacket(): [LoRaMesher] Packet send -- Size: 17 Src: B3F0 Dst: D110 Id: 10 Type: 2 Via: D110 Seq_Id: 0 Num: 0
16:57:12.006 > [169792][V][LoraMesher.cpp:575] sendPackets(): [LoRaMesher] TimeOnAir 63 ms, next message in 0 ms
16:57:12.015 > [169801][I][PacketQueueService.h:80] deleteQueuePacketAndPacket(): [LoRaMesher] Deleting packet
16:57:12.024 > [169810][I][PacketQueueService.h:83] deleteQueuePacketAndPacket(): [LoRaMesher] Deleting packet queue
16:57:29.104 > Send packet 9
16:57:29.106 > Sending packet to D110
16:57:29.108 > [186891][V][LoraMesher.h:250] createPacketAndSend(): [LoRaMesher] Creating a packet for send with 8 bytes
16:57:29.118 > [186903][V][PacketFactory.h:45] createPacket(): [LoRaMesher] Creating packet with 17 bytes
16:57:29.126 > [186911][I][PacketFactory.h:74] createPacket(): [LoRaMesher] Packet created with 17 bytes
16:57:29.134 > [186919][I][LoraMesher.h:659] setPackedForSend(): [LoRaMesher] Adding packet to Q_SP
16:57:29.141 > [186927][I][LoraMesher.h:661] setPackedForSend(): [LoRaMesher] Created packet to Q_SP
16:57:29.149 > [186934][I][LoraMesher.cpp:1061] addToSendOrderedAndNotify(): [LoRaMesher] Added packet to Q_SP, notifying sender task
16:57:29.159 > [186945][V][LoraMesher.cpp:511] sendPackets(): [LoRaMesher] Stack space unused after entering the task: 2148
16:57:29.169 > [186954][V][LoraMesher.cpp:512] sendPackets(): [LoRaMesher] Free heap: 336844
16:57:29.176 > [186961][V][LoraMesher.cpp:518] sendPackets(): [LoRaMesher] Size of Send Packets Queue: 1
16:57:29.184 > [186969][V][LoraMesher.cpp:525] sendPackets(): [LoRaMesher] Send n. 11
16:57:29.190 > [186976][V][LoraMesher.cpp:455] waitBeforeSend(): [LoRaMesher] RandomDelay 824 ms
16:57:30.020 > [187807][V][LoraMesher.cpp:754] printHeaderPacket(): [LoRaMesher] Packet send -- Size: 17 Src: B3F0 Dst: D110 Id: 11 Type: 2 Via: D110 Seq_Id: 0 Num: 0
16:57:30.110 > [187897][V][LoraMesher.cpp:575] sendPackets(): [LoRaMesher] TimeOnAir 63 ms, next message in 0 ms
16:57:30.120 > [187905][I][PacketQueueService.h:80] deleteQueuePacketAndPacket(): [LoRaMesher] Deleting packet
16:57:30.128 > [187914][I][PacketQueueService.h:83] deleteQueuePacketAndPacket(): [LoRaMesher] Deleting packet queue
16:57:30.739 > [188525][V][LoraMesher.cpp:378] receivingRoutine(): [LoRaMesher] Stack space unused after entering the task: 2076
16:57:30.750 > [188536][V][LoraMesher.cpp:379] receivingRoutine(): [LoRaMesher] Free heap: 336940
16:57:30.758 > [188543][I][PacketService.cpp:12] createEmptyPacket(): [LoRaMesher] Packet created with 17 bytes
16:57:30.767 > [188552][I][LoraMesher.cpp:392] receivingRoutine(): [LoRaMesher] Receiving LoRa packet: Size: 17 bytes RSSI: -24 SNR: 12
16:57:30.778 > [188563][V][LoraMesher.cpp:647] processPackets(): [LoRaMesher] Size of Received Packets Queue: 1
16:57:30.786 > [188572][V][LoraMesher.cpp:754] printHeaderPacket(): [LoRaMesher] Packet received -- Size: 17 Src: F02C Dst: D110 Id: 11 Type: 2 Via: D110 Seq_Id: 0 Num: 0
16:57:30.800 > [188585][I][LoraMesher.cpp:854] processDataPacket(): [LoRaMesher] Data packet from F02C, destination D110, via D110
16:57:30.810 > [188596][V][LoraMesher.cpp:878] processDataPacket(): [LoRaMesher] Packet not for me, deleting it
16:57:30.819 > [188604][I][PacketQueueService.h:80] deleteQueuePacketAndPacket(): [LoRaMesher] Deleting packet
16:57:30.827 > [188613][I][PacketQueueService.h:83] deleteQueuePacketAndPacket(): [LoRaMesher] Deleting packet queue
16:57:30.836 > [188622][V][LoraMesher.cpp:641] processPackets(): [LoRaMesher] Stack space unused after entering the task: 2120
16:57:30.846 > [188632][V][LoraMesher.cpp:642] processPackets(): [LoRaMesher] Free heap: 336940
16:57:49.197 > Send packet 10
16:57:49.198 > Sending packet to D110
16:57:49.200 > [206983][V][LoraMesher.h:250] createPacketAndSend(): [LoRaMesher] Creating a packet for send with 8 bytes
16:57:49.209 > [206995][V][PacketFactory.h:45] createPacket(): [LoRaMesher] Creating packet with 17 bytes
16:57:49.217 > [207003][I][PacketFactory.h:74] createPacket(): [LoRaMesher] Packet created with 17 bytes
16:57:49.225 > [207011][I][LoraMesher.h:659] setPackedForSend(): [LoRaMesher] Adding packet to Q_SP
16:57:49.233 > [207019][I][LoraMesher.h:661] setPackedForSend(): [LoRaMesher] Created packet to Q_SP
16:57:49.241 > [207026][I][LoraMesher.cpp:1061] addToSendOrderedAndNotify(): [LoRaMesher] Added packet to Q_SP, notifying sender task
16:57:49.251 > [207037][V][LoraMesher.cpp:511] sendPackets(): [LoRaMesher] Stack space unused after entering the task: 2148
16:57:49.261 > [207047][V][LoraMesher.cpp:512] sendPackets(): [LoRaMesher] Free heap: 336844
16:57:49.268 > [207053][V][LoraMesher.cpp:518] sendPackets(): [LoRaMesher] Size of Send Packets Queue: 1
16:57:49.276 > [207061][V][LoraMesher.cpp:525] sendPackets(): [LoRaMesher] Send n. 12
16:57:49.282 > [207068][V][LoraMesher.cpp:455] waitBeforeSend(): [LoRaMesher] RandomDelay 872 ms
16:57:49.833 > [207619][V][LoraMesher.cpp:378] receivingRoutine(): [LoRaMesher] Stack space unused after entering the task: 2076
16:57:49.844 > [207630][V][LoraMesher.cpp:379] receivingRoutine(): [LoRaMesher] Free heap: 336872
16:57:49.851 > [207637][I][PacketService.cpp:12] createEmptyPacket(): [LoRaMesher] Packet created with 17 bytes
16:57:49.860 > [207646][I][LoraMesher.cpp:392] receivingRoutine(): [LoRaMesher] Receiving LoRa packet: Size: 17 bytes RSSI: -11 SNR: 13
16:57:49.871 > [207657][V][LoraMesher.cpp:647] processPackets(): [LoRaMesher] Size of Received Packets Queue: 1
16:57:49.880 > [207666][V][LoraMesher.cpp:754] printHeaderPacket(): [LoRaMesher] Packet received -- Size: 17 Src: DE6C Dst: D110 Id: 12 Type: 2 Via: D110 Seq_Id: 0 Num: 0
16:57:49.894 > [207679][I][LoraMesher.cpp:854] processDataPacket(): [LoRaMesher] Data packet from DE6C, destination D110, via D110
16:57:49.904 > [207690][V][LoraMesher.cpp:878] processDataPacket(): [LoRaMesher] Packet not for me, deleting it
16:57:49.913 > [207698][I][PacketQueueService.h:80] deleteQueuePacketAndPacket(): [LoRaMesher] Deleting packet
16:57:49.921 > [207707][I][PacketQueueService.h:83] deleteQueuePacketAndPacket(): [LoRaMesher] Deleting packet queue
16:57:49.930 > [207716][V][LoraMesher.cpp:641] processPackets(): [LoRaMesher] Stack space unused after entering the task: 2120
16:57:49.940 > [207726][V][LoraMesher.cpp:642] processPackets(): [LoRaMesher] Free heap: 336872
16:57:50.167 > [207953][V][LoraMesher.cpp:462] waitBeforeSend(): [LoRaMesher] Preamble detected while waiting 1
16:57:50.176 > [207962][V][LoraMesher.cpp:455] waitBeforeSend(): [LoRaMesher] RandomDelay 959 ms
16:57:51.142 > [208929][V][LoraMesher.cpp:754] printHeaderPacket(): [LoRaMesher] Packet send -- Size: 17 Src: B3F0 Dst: D110 Id: 12 Type: 2 Via: D110 Seq_Id: 0 Num: 0
16:57:51.232 > [209018][V][LoraMesher.cpp:575] sendPackets(): [LoRaMesher] TimeOnAir 63 ms, next message in 0 ms
16:57:51.241 > [209027][I][PacketQueueService.h:80] deleteQueuePacketAndPacket(): [LoRaMesher] Deleting packet
16:57:51.250 > [209036][I][PacketQueueService.h:83] deleteQueuePacketAndPacket(): [LoRaMesher] Deleting packet queue
16:57:51.799 > [209585][V][LoraMesher.cpp:378] receivingRoutine(): [LoRaMesher] Stack space unused after entering the task: 2076
16:57:51.810 > [209596][V][LoraMesher.cpp:379] receivingRoutine(): [LoRaMesher] Free heap: 336940
16:57:51.817 > [209603][I][PacketService.cpp:12] createEmptyPacket(): [LoRaMesher] Packet created with 17 bytes
16:57:51.826 > [209612][I][LoraMesher.cpp:392] receivingRoutine(): [LoRaMesher] Receiving LoRa packet: Size: 17 bytes RSSI: -25 SNR: 13
16:57:51.837 > [209623][V][LoraMesher.cpp:647] processPackets(): [LoRaMesher] Size of Received Packets Queue: 1
16:57:51.846 > [209632][V][LoraMesher.cpp:754] printHeaderPacket(): [LoRaMesher] Packet received -- Size: 17 Src: F02C Dst: D110 Id: 12 Type: 2 Via: D110 Seq_Id: 0 Num: 0
16:57:51.860 > [209646][I][LoraMesher.cpp:854] processDataPacket(): [LoRaMesher] Data packet from F02C, destination D110, via D110
16:57:51.870 > [209656][V][LoraMesher.cpp:878] processDataPacket(): [LoRaMesher] Packet not for me, deleting it
16:57:51.879 > [209664][I][PacketQueueService.h:80] deleteQueuePacketAndPacket(): [LoRaMesher] Deleting packet
16:57:51.887 > [209673][I][PacketQueueService.h:83] deleteQueuePacketAndPacket(): [LoRaMesher] Deleting packet queue
16:57:51.896 > [209682][V][LoraMesher.cpp:641] processPackets(): [LoRaMesher] Stack space unused after entering the task: 2120
16:57:51.906 > [209692][V][LoraMesher.cpp:642] processPackets(): [LoRaMesher] Free heap: 336940
16:58:09.290 > Send packet 11
16:58:09.292 > Sending packet to D110
16:58:09.294 > [227076][V][LoraMesher.h:250] createPacketAndSend(): [LoRaMesher] Creating a packet for send with 8 bytes
16:58:09.303 > [227088][V][PacketFactory.h:45] createPacket(): [LoRaMesher] Creating packet with 17 bytes
16:58:09.310 > [227096][I][PacketFactory.h:74] createPacket(): [LoRaMesher] Packet created with 17 bytes
16:58:09.319 > [227104][I][LoraMesher.h:659] setPackedForSend(): [LoRaMesher] Adding packet to Q_SP
16:58:09.326 > [227112][I][LoraMesher.h:661] setPackedForSend(): [LoRaMesher] Created packet to Q_SP
16:58:09.333 > [227119][I][LoraMesher.cpp:1061] addToSendOrderedAndNotify(): [LoRaMesher] Added packet to Q_SP, notifying sender task
16:58:09.344 > [227130][V][LoraMesher.cpp:511] sendPackets(): [LoRaMesher] Stack space unused after entering the task: 2148
16:58:09.354 > [227140][V][LoraMesher.cpp:512] sendPackets(): [LoRaMesher] Free heap: 336844
16:58:09.360 > [227146][V][LoraMesher.cpp:518] sendPackets(): [LoRaMesher] Size of Send Packets Queue: 1
16:58:09.368 > [227154][V][LoraMesher.cpp:525] sendPackets(): [LoRaMesher] Send n. 13
16:58:09.375 > [227161][V][LoraMesher.cpp:455] waitBeforeSend(): [LoRaMesher] RandomDelay 389 ms
16:58:09.772 > [227558][V][LoraMesher.cpp:754] printHeaderPacket(): [LoRaMesher] Packet send -- Size: 17 Src: B3F0 Dst: D110 Id: 13 Type: 2 Via: D110 Seq_Id: 0 Num: 0
16:58:09.861 > [227648][V][LoraMesher.cpp:575] sendPackets(): [LoRaMesher] TimeOnAir 63 ms, next message in 0 ms
16:58:09.870 > [227656][I][PacketQueueService.h:80] deleteQueuePacketAndPacket(): [LoRaMesher] Deleting packet
16:58:09.879 > [227665][I][PacketQueueService.h:83] deleteQueuePacketAndPacket(): [LoRaMesher] Deleting packet queue
16:58:10.749 > [228535][V][LoraMesher.cpp:378] receivingRoutine(): [LoRaMesher] Stack space unused after entering the task: 2076
16:58:10.760 > [228546][V][LoraMesher.cpp:379] receivingRoutine(): [LoRaMesher] Free heap: 336940
16:58:10.768 > [228553][I][PacketService.cpp:12] createEmptyPacket(): [LoRaMesher] Packet created with 17 bytes
16:58:10.776 > [228562][I][LoraMesher.cpp:392] receivingRoutine(): [LoRaMesher] Receiving LoRa packet: Size: 17 bytes RSSI: -26 SNR: 13
16:58:10.787 > [228573][V][LoraMesher.cpp:647] processPackets(): [LoRaMesher] Size of Received Packets Queue: 1
16:58:10.796 > [228582][V][LoraMesher.cpp:754] printHeaderPacket(): [LoRaMesher] Packet received -- Size: 17 Src: F02C Dst: D110 Id: 13 Type: 2 Via: D110 Seq_Id: 0 Num: 0
16:58:10.810 > [228596][I][LoraMesher.cpp:854] processDataPacket(): [LoRaMesher] Data packet from F02C, destination D110, via D110
16:58:10.820 > [228606][V][LoraMesher.cpp:878] processDataPacket(): [LoRaMesher] Packet not for me, deleting it
16:58:10.829 > [228614][I][PacketQueueService.h:80] deleteQueuePacketAndPacket(): [LoRaMesher] Deleting packet
16:58:10.837 > [228623][I][PacketQueueService.h:83] deleteQueuePacketAndPacket(): [LoRaMesher] Deleting packet queue
16:58:10.846 > [228632][V][LoraMesher.cpp:641] processPackets(): [LoRaMesher] Stack space unused after entering the task: 2120
16:58:10.856 > [228642][V][LoraMesher.cpp:642] processPackets(): [LoRaMesher] Free heap: 336940
16:58:29.382 > Send packet 12
16:58:29.384 > Sending packet to D110
16:58:29.386 > [247169][V][LoraMesher.h:250] createPacketAndSend(): [LoRaMesher] Creating a packet for send with 8 bytes
16:58:29.396 > [247181][V][PacketFactory.h:45] createPacket(): [LoRaMesher] Creating packet with 17 bytes
16:58:29.404 > [247189][I][PacketFactory.h:74] createPacket(): [LoRaMesher] Packet created with 17 bytes
16:58:29.412 > [247197][I][LoraMesher.h:659] setPackedForSend(): [LoRaMesher] Adding packet to Q_SP
16:58:29.419 > [247205][I][LoraMesher.h:661] setPackedForSend(): [LoRaMesher] Created packet to Q_SP
16:58:29.427 > [247212][I][LoraMesher.cpp:1061] addToSendOrderedAndNotify(): [LoRaMesher] Added packet to Q_SP, notifying sender task
16:58:29.437 > [247223][V][LoraMesher.cpp:511] sendPackets(): [LoRaMesher] Stack space unused after entering the task: 2148
16:58:29.447 > [247233][V][LoraMesher.cpp:512] sendPackets(): [LoRaMesher] Free heap: 336844
16:58:29.454 > [247239][V][LoraMesher.cpp:518] sendPackets(): [LoRaMesher] Size of Send Packets Queue: 1
16:58:29.462 > [247247][V][LoraMesher.cpp:525] sendPackets(): [LoRaMesher] Send n. 14
16:58:29.468 > [247254][V][LoraMesher.cpp:455] waitBeforeSend(): [LoRaMesher] RandomDelay 312 ms
16:58:29.787 > [247574][V][LoraMesher.cpp:754] printHeaderPacket(): [LoRaMesher] Packet send -- Size: 17 Src: B3F0 Dst: D110 Id: 14 Type: 2 Via: D110 Seq_Id: 0 Num: 0
16:58:29.877 > [247664][V][LoraMesher.cpp:575] sendPackets(): [LoRaMesher] TimeOnAir 63 ms, next message in 0 ms
16:58:29.887 > [247672][I][PacketQueueService.h:80] deleteQueuePacketAndPacket(): [LoRaMesher] Deleting packet
16:58:29.895 > [247681][I][PacketQueueService.h:83] deleteQueuePacketAndPacket(): [LoRaMesher] Deleting packet queue
16:58:30.227 > [248013][V][LoraMesher.cpp:598] sendHelloPacket(): [LoRaMesher] Creating Routing Packet
16:58:30.235 > [248021][V][LoraMesher.cpp:599] sendHelloPacket(): [LoRaMesher] Stack space unused after entering the task: 2324
16:58:30.245 > [248031][V][LoraMesher.cpp:600] sendHelloPacket(): [LoRaMesher] Free heap: 336940
16:58:30.253 > [248038][V][PacketFactory.h:45] createPacket(): [LoRaMesher] Creating packet with 20 bytes
16:58:30.261 > [248046][I][PacketFactory.h:74] createPacket(): [LoRaMesher] Packet created with 20 bytes
16:58:30.269 > [248054][I][LoraMesher.h:659] setPackedForSend(): [LoRaMesher] Adding packet to Q_SP
16:58:30.276 > [248062][I][LoraMesher.h:661] setPackedForSend(): [LoRaMesher] Created packet to Q_SP
16:58:30.284 > [248069][I][LoraMesher.cpp:1061] addToSendOrderedAndNotify(): [LoRaMesher] Added packet to Q_SP, notifying sender task
16:58:30.294 > [248080][V][LoraMesher.cpp:511] sendPackets(): [LoRaMesher] Stack space unused after entering the task: 2148
16:58:30.304 > [248090][V][LoraMesher.cpp:512] sendPackets(): [LoRaMesher] Free heap: 336844
16:58:30.311 > [248096][V][LoraMesher.cpp:518] sendPackets(): [LoRaMesher] Size of Send Packets Queue: 1
16:58:30.319 > [248104][V][LoraMesher.cpp:525] sendPackets(): [LoRaMesher] Send n. 15
16:58:30.325 > [248111][V][LoraMesher.cpp:455] waitBeforeSend(): [LoRaMesher] RandomDelay 260 ms
16:58:30.342 > [248128][V][LoraMesher.cpp:378] receivingRoutine(): [LoRaMesher] Stack space unused after entering the task: 2076
16:58:30.352 > [248138][V][LoraMesher.cpp:379] receivingRoutine(): [LoRaMesher] Free heap: 336872
16:58:30.360 > [248145][I][PacketService.cpp:12] createEmptyPacket(): [LoRaMesher] Packet created with 17 bytes
16:58:30.369 > [248154][I][LoraMesher.cpp:392] receivingRoutine(): [LoRaMesher] Receiving LoRa packet: Size: 17 bytes RSSI: -10 SNR: 13
16:58:30.380 > [248165][V][LoraMesher.cpp:647] processPackets(): [LoRaMesher] Size of Received Packets Queue: 1
16:58:30.388 > [248174][V][LoraMesher.cpp:754] printHeaderPacket(): [LoRaMesher] Packet received -- Size: 17 Src: DE6C Dst: D110 Id: 14 Type: 2 Via: D110 Seq_Id: 0 Num: 0
16:58:30.402 > [248188][I][LoraMesher.cpp:854] processDataPacket(): [LoRaMesher] Data packet from DE6C, destination D110, via D110
16:58:30.412 > [248198][V][LoraMesher.cpp:878] processDataPacket(): [LoRaMesher] Packet not for me, deleting it
16:58:30.421 > [248207][I][PacketQueueService.h:80] deleteQueuePacketAndPacket(): [LoRaMesher] Deleting packet
16:58:30.429 > [248215][I][PacketQueueService.h:83] deleteQueuePacketAndPacket(): [LoRaMesher] Deleting packet queue
16:58:30.439 > [248224][V][LoraMesher.cpp:641] processPackets(): [LoRaMesher] Stack space unused after entering the task: 2120
16:58:30.448 > [248234][V][LoraMesher.cpp:642] processPackets(): [LoRaMesher] Free heap: 336872
16:58:30.598 > [248384][V][LoraMesher.cpp:462] waitBeforeSend(): [LoRaMesher] Preamble detected while waiting 1
16:58:30.617 > [248393][V][LoraMesher.cpp:455] waitBeforeSend(): [LoRaMesher] RandomDelay 623 ms
16:58:31.237 > [249024][V][LoraMesher.cpp:754] printHeaderPacket(): [LoRaMesher] Packet send -- Size: 20 Src: B3F0 Dst: FFFF Id: 15 Type: 4 Via: 0 Seq_Id: 0 Num: 0
16:58:31.334 > [249120][V][LoraMesher.cpp:575] sendPackets(): [LoRaMesher] TimeOnAir 70 ms, next message in 0 ms
16:58:31.343 > [249129][I][PacketQueueService.h:80] deleteQueuePacketAndPacket(): [LoRaMesher] Deleting packet
16:58:31.352 > [249138][I][PacketQueueService.h:83] deleteQueuePacketAndPacket(): [LoRaMesher] Deleting packet queue
16:58:32.013 > [249799][V][LoraMesher.cpp:378] receivingRoutine(): [LoRaMesher] Stack space unused after entering the task: 2076
16:58:32.024 > [249810][V][LoraMesher.cpp:379] receivingRoutine(): [LoRaMesher] Free heap: 336940
16:58:32.031 > [249817][I][PacketService.cpp:12] createEmptyPacket(): [LoRaMesher] Packet created with 20 bytes
16:58:32.040 > [249826][I][LoraMesher.cpp:392] receivingRoutine(): [LoRaMesher] Receiving LoRa packet: Size: 20 bytes RSSI: -10 SNR: 14
16:58:32.051 > [249837][V][LoraMesher.cpp:647] processPackets(): [LoRaMesher] Size of Received Packets Queue: 1
16:58:32.060 > [249846][V][LoraMesher.cpp:754] printHeaderPacket(): [LoRaMesher] Packet received -- Size: 20 Src: DE6C Dst: FFFF Id: 15 Type: 4 Via: 0 Seq_Id: 0 Num: 0
16:58:32.074 > [249859][I][RoutingTableService.cpp:77] processRoute(): [LoRaMesher] Route packet from DE6C with size 3
16:58:32.083 > [249868][I][RoutingTableService.cpp:99] resetReceiveSNRRoutePacket(): [LoRaMesher] Reset Receive SNR from DE6C: 14
16:58:32.093 > [249879][I][RoutingTableService.cpp:192] printRoutingTable(): [LoRaMesher] Current routing table:
16:58:32.102 > [249887][I][RoutingTableService.cpp:206] printRoutingTable(): [LoRaMesher] 0 - D110 via D110 metric 1 Role 1
16:58:32.111 > [249897][I][RoutingTableService.cpp:206] printRoutingTable(): [LoRaMesher] 1 - F02C via F02C metric 1 Role 0
16:58:32.121 > [249907][I][RoutingTableService.cpp:206] printRoutingTable(): [LoRaMesher] 2 - DE6C via DE6C metric 1 Role 0
16:58:32.131 > [249916][I][PacketQueueService.h:80] deleteQueuePacketAndPacket(): [LoRaMesher] Deleting packet
16:58:32.139 > [249925][I][PacketQueueService.h:83] deleteQueuePacketAndPacket(): [LoRaMesher] Deleting packet queue
16:58:32.148 > [249934][V][LoraMesher.cpp:641] processPackets(): [LoRaMesher] Stack space unused after entering the task: 2120
16:58:32.158 > [249944][V][LoraMesher.cpp:642] processPackets(): [LoRaMesher] Free heap: 336940
16:58:33.113 > [250899][V][LoraMesher.cpp:378] receivingRoutine(): [LoRaMesher] Stack space unused after entering the task: 2076
16:58:33.124 > [250910][V][LoraMesher.cpp:379] receivingRoutine(): [LoRaMesher] Free heap: 336940
16:58:33.131 > [250917][I][PacketService.cpp:12] createEmptyPacket(): [LoRaMesher] Packet created with 20 bytes
16:58:33.140 > [250926][I][LoraMesher.cpp:392] receivingRoutine(): [LoRaMesher] Receiving LoRa packet: Size: 20 bytes RSSI: -27 SNR: 13
16:58:33.152 > [250937][V][LoraMesher.cpp:647] processPackets(): [LoRaMesher] Size of Received Packets Queue: 1
16:58:33.160 > [250946][V][LoraMesher.cpp:754] printHeaderPacket(): [LoRaMesher] Packet received -- Size: 20 Src: F02C Dst: FFFF Id: 15 Type: 4 Via: 0 Seq_Id: 0 Num: 0
16:58:33.174 > [250959][I][RoutingTableService.cpp:77] processRoute(): [LoRaMesher] Route packet from F02C with size 3
16:58:33.183 > [250968][I][RoutingTableService.cpp:99] resetReceiveSNRRoutePacket(): [LoRaMesher] Reset Receive SNR from F02C: 13
16:58:33.193 > [250979][I][RoutingTableService.cpp:192] printRoutingTable(): [LoRaMesher] Current routing table:
16:58:33.202 > [250987][I][RoutingTableService.cpp:206] printRoutingTable(): [LoRaMesher] 0 - D110 via D110 metric 1 Role 1
16:58:33.211 > [250997][I][RoutingTableService.cpp:206] printRoutingTable(): [LoRaMesher] 1 - F02C via F02C metric 1 Role 0
16:58:33.221 > [251007][I][RoutingTableService.cpp:206] printRoutingTable(): [LoRaMesher] 2 - DE6C via DE6C metric 1 Role 0
16:58:33.231 > [251016][I][PacketQueueService.h:80] deleteQueuePacketAndPacket(): [LoRaMesher] Deleting packet
16:58:33.239 > [251025][I][PacketQueueService.h:83] deleteQueuePacketAndPacket(): [LoRaMesher] Deleting packet queue
16:58:33.248 > [251034][V][LoraMesher.cpp:641] processPackets(): [LoRaMesher] Stack space unused after entering the task: 2120
16:58:33.258 > [251044][V][LoraMesher.cpp:642] processPackets(): [LoRaMesher] Free heap: 336940
16:58:43.943 > [261729][V][LoraMesher.cpp:378] receivingRoutine(): [LoRaMesher] Stack space unused after entering the task: 2076
16:58:43.953 > [261739][V][LoraMesher.cpp:379] receivingRoutine(): [LoRaMesher] Free heap: 336940
16:58:43.960 > [261746][I][PacketService.cpp:12] createEmptyPacket(): [LoRaMesher] Packet created with 17 bytes
16:58:43.970 > [261755][I][LoraMesher.cpp:392] receivingRoutine(): [LoRaMesher] Receiving LoRa packet: Size: 17 bytes RSSI: -77 SNR: 4
16:58:43.980 > [261766][V][LoraMesher.cpp:647] processPackets(): [LoRaMesher] Size of Received Packets Queue: 1
16:58:43.989 > [261775][V][LoraMesher.cpp:754] printHeaderPacket(): [LoRaMesher] Packet received -- Size: 17 Src: C998 Dst: FFFF Id: 0 Type: 2 Via: 5B5D Seq_Id: 0 Num: 0
16:58:44.003 > [261789][I][LoraMesher.cpp:854] processDataPacket(): [LoRaMesher] Data packet from C998, destination FFFF, via 5B5D
16:58:44.013 > [261799][V][LoraMesher.cpp:865] processDataPacket(): [LoRaMesher] Data packet from C998 BROADCAST
16:58:44.022 > [261807][V][LoraMesher.cpp:893] processDataPacketForMe(): [LoRaMesher] Data Packet received
16:58:44.030 > [261816][I][PacketQueueService.h:80] deleteQueuePacketAndPacket(): [LoRaMesher] Deleting packet
16:58:44.038 > [261824][I][PacketQueueService.h:83] deleteQueuePacketAndPacket(): [LoRaMesher] Deleting packet queue
16:58:44.047 > [261833][V][LoraMesher.cpp:641] processPackets(): [LoRaMesher] Stack space unused after entering the task: 2120
16:58:44.057 > [261843][V][LoraMesher.cpp:642] processPackets(): [LoRaMesher] Free heap: 336880
16:58:44.229 > ReceivedUserData_TaskHandle notify received
16:58:44.233 > Queue receiveUserData size: 1
16:58:44.236 > Packet arrived from C998 with size 8
16:58:44.239 > DATA:0 c998
16:58:45.861 > [263647][V][LoraMesher.cpp:378] receivingRoutine(): [LoRaMesher] Stack space unused after entering the task: 2076
16:58:45.872 > [263657][V][LoraMesher.cpp:379] receivingRoutine(): [LoRaMesher] Free heap: 336940
16:58:45.879 > [263665][I][PacketService.cpp:12] createEmptyPacket(): [LoRaMesher] Packet created with 8 bytes
16:58:45.888 > [263674][I][LoraMesher.cpp:392] receivingRoutine(): [LoRaMesher] Receiving LoRa packet: Size: 8 bytes RSSI: -76 SNR: 3
16:58:45.899 > [263685][V][LoraMesher.cpp:647] processPackets(): [LoRaMesher] Size of Received Packets Queue: 1
16:58:45.907 > [263693][V][LoraMesher.cpp:754] printHeaderPacket(): [LoRaMesher] Packet received -- Size: 8 Src: C998 Dst: FFFF Id: 1 Type: 4 Via: 0 Seq_Id: 0 Num: 0
16:58:45.922 > [263707][I][RoutingTableService.cpp:77] processRoute(): [LoRaMesher] Route packet from C998 with size 0
16:58:45.931 > [263716][I][RoutingTableService.cpp:156] addNodeToRoutingTable(): [LoRaMesher] New route added: C998 via C998 metric 1, role 0
16:58:45.941 > [263727][I][RoutingTableService.cpp:99] resetReceiveSNRRoutePacket(): [LoRaMesher] Reset Receive SNR from C998: 3
16:58:45.951 > [263737][I][RoutingTableService.cpp:192] printRoutingTable(): [LoRaMesher] Current routing table:
16:58:45.960 > [263746][I][RoutingTableService.cpp:206] printRoutingTable(): [LoRaMesher] 0 - D110 via D110 metric 1 Role 1
16:58:45.970 > [263755][I][RoutingTableService.cpp:206] printRoutingTable(): [LoRaMesher] 1 - F02C via F02C metric 1 Role 0
16:58:45.979 > [263765][I][RoutingTableService.cpp:206] printRoutingTable(): [LoRaMesher] 2 - DE6C via DE6C metric 1 Role 0
16:58:45.989 > [263775][I][RoutingTableService.cpp:206] printRoutingTable(): [LoRaMesher] 3 - C998 via C998 metric 1 Role 0
16:58:45.998 > [263784][I][PacketQueueService.h:80] deleteQueuePacketAndPacket(): [LoRaMesher] Deleting packet
16:58:46.007 > [263793][I][PacketQueueService.h:83] deleteQueuePacketAndPacket(): [LoRaMesher] Deleting packet queue
16:58:46.016 > [263802][V][LoraMesher.cpp:641] processPackets(): [LoRaMesher] Stack space unused after entering the task: 2072
16:58:46.026 > [263812][V][LoraMesher.cpp:642] processPackets(): [LoRaMesher] Free heap: 336876
16:58:48.948 > [266734][V][LoraMesher.cpp:378] receivingRoutine(): [LoRaMesher] Stack space unused after entering the task: 2076
16:58:48.958 > [266744][V][LoraMesher.cpp:379] receivingRoutine(): [LoRaMesher] Free heap: 336876
16:58:48.965 > [266751][I][PacketService.cpp:12] createEmptyPacket(): [LoRaMesher] Packet created with 24 bytes
16:58:48.974 > [266760][I][LoraMesher.cpp:392] receivingRoutine(): [LoRaMesher] Receiving LoRa packet: Size: 24 bytes RSSI: -14 SNR: 13
16:58:48.986 > [266771][V][LoraMesher.cpp:647] processPackets(): [LoRaMesher] Size of Received Packets Queue: 1
16:58:48.994 > [266780][V][LoraMesher.cpp:754] printHeaderPacket(): [LoRaMesher] Packet received -- Size: 24 Src: D110 Dst: FFFF Id: 2 Type: 4 Via: 0 Seq_Id: 0 Num: 0
16:58:49.008 > [266794][I][RoutingTableService.cpp:77] processRoute(): [LoRaMesher] Route packet from D110 with size 4
16:58:49.017 > [266803][I][RoutingTableService.cpp:99] resetReceiveSNRRoutePacket(): [LoRaMesher] Reset Receive SNR from D110: 13
16:58:49.027 > [266813][I][RoutingTableService.cpp:192] printRoutingTable(): [LoRaMesher] Current routing table:
16:58:49.036 > [266822][I][RoutingTableService.cpp:206] printRoutingTable(): [LoRaMesher] 0 - D110 via D110 metric 1 Role 1
16:58:49.045 > [266831][I][RoutingTableService.cpp:206] printRoutingTable(): [LoRaMesher] 1 - F02C via F02C metric 1 Role 0
16:58:49.055 > [266841][I][RoutingTableService.cpp:206] printRoutingTable(): [LoRaMesher] 2 - DE6C via DE6C metric 1 Role 0
16:58:49.065 > [266851][I][RoutingTableService.cpp:206] printRoutingTable(): [LoRaMesher] 3 - C998 via C998 metric 1 Role 0
16:58:49.074 > [266860][I][PacketQueueService.h:80] deleteQueuePacketAndPacket(): [LoRaMesher] Deleting packet
16:58:49.083 > [266869][I][PacketQueueService.h:83] deleteQueuePacketAndPacket(): [LoRaMesher] Deleting packet queue
16:58:49.092 > [266878][V][LoraMesher.cpp:641] processPackets(): [LoRaMesher] Stack space unused after entering the task: 2072
16:58:49.102 > [266888][V][LoraMesher.cpp:642] processPackets(): [LoRaMesher] Free heap: 336876
16:58:49.475 > Send packet 13
16:58:49.477 > Sending packet to D110
16:58:49.479 > [267262][V][LoraMesher.h:250] createPacketAndSend(): [LoRaMesher] Creating a packet for send with 8 bytes
16:58:49.488 > [267274][V][PacketFactory.h:45] createPacket(): [LoRaMesher] Creating packet with 17 bytes
16:58:49.496 > [267282][I][PacketFactory.h:74] createPacket(): [LoRaMesher] Packet created with 17 bytes
16:58:49.505 > [267290][I][LoraMesher.h:659] setPackedForSend(): [LoRaMesher] Adding packet to Q_SP
16:58:49.512 > [267298][I][LoraMesher.h:661] setPackedForSend(): [LoRaMesher] Created packet to Q_SP
16:58:49.519 > [267305][I][LoraMesher.cpp:1061] addToSendOrderedAndNotify(): [LoRaMesher] Added packet to Q_SP, notifying sender task
16:58:49.530 > [267316][V][LoraMesher.cpp:511] sendPackets(): [LoRaMesher] Stack space unused after entering the task: 2116
16:58:49.540 > [267326][V][LoraMesher.cpp:512] sendPackets(): [LoRaMesher] Free heap: 336780
16:58:49.546 > [267332][V][LoraMesher.cpp:518] sendPackets(): [LoRaMesher] Size of Send Packets Queue: 1
16:58:49.554 > [267340][V][LoraMesher.cpp:525] sendPackets(): [LoRaMesher] Send n. 16
16:58:49.561 > [267347][V][LoraMesher.cpp:455] waitBeforeSend(): [LoRaMesher] RandomDelay 305 ms
16:58:49.874 > [267660][V][LoraMesher.cpp:754] printHeaderPacket(): [LoRaMesher] Packet send -- Size: 17 Src: B3F0 Dst: D110 Id: 16 Type: 2 Via: D110 Seq_Id: 0 Num: 0
16:58:49.963 > [267750][V][LoraMesher.cpp:575] sendPackets(): [LoRaMesher] TimeOnAir 63 ms, next message in 0 ms
16:58:49.972 > [267758][I][PacketQueueService.h:80] deleteQueuePacketAndPacket(): [LoRaMesher] Deleting packet
16:58:49.981 > [267767][I][PacketQueueService.h:83] deleteQueuePacketAndPacket(): [LoRaMesher] Deleting packet queue
16:58:50.944 > [268730][V][LoraMesher.cpp:378] receivingRoutine(): [LoRaMesher] Stack space unused after entering the task: 2076
16:58:50.954 > [268740][V][LoraMesher.cpp:379] receivingRoutine(): [LoRaMesher] Free heap: 336876
16:58:50.962 > [268748][I][PacketService.cpp:12] createEmptyPacket(): [LoRaMesher] Packet created with 17 bytes
16:58:50.970 > [268756][I][LoraMesher.cpp:392] receivingRoutine(): [LoRaMesher] Receiving LoRa packet: Size: 17 bytes RSSI: -11 SNR: 13
16:58:50.982 > [268768][V][LoraMesher.cpp:647] processPackets(): [LoRaMesher] Size of Received Packets Queue: 1
16:58:50.990 > [268776][V][LoraMesher.cpp:754] printHeaderPacket(): [LoRaMesher] Packet received -- Size: 17 Src: DE6C Dst: D110 Id: 16 Type: 2 Via: D110 Seq_Id: 0 Num: 0
16:58:51.004 > [268790][I][LoraMesher.cpp:854] processDataPacket(): [LoRaMesher] Data packet from DE6C, destination D110, via D110
16:58:51.014 > [268800][V][LoraMesher.cpp:878] processDataPacket(): [LoRaMesher] Packet not for me, deleting it
16:58:51.023 > [268809][I][PacketQueueService.h:80] deleteQueuePacketAndPacket(): [LoRaMesher] Deleting packet
16:58:51.031 > [268817][I][PacketQueueService.h:83] deleteQueuePacketAndPacket(): [LoRaMesher] Deleting packet queue
16:58:51.040 > [268826][V][LoraMesher.cpp:641] processPackets(): [LoRaMesher] Stack space unused after entering the task: 2072
16:58:51.051 > [268836][V][LoraMesher.cpp:642] processPackets(): [LoRaMesher] Free heap: 336876
16:59:09.568 > Send packet 14
16:59:09.570 > Sending packet to D110
16:59:09.572 > [287355][V][LoraMesher.h:250] createPacketAndSend(): [LoRaMesher] Creating a packet for send with 8 bytes
16:59:09.582 > [287367][V][PacketFactory.h:45] createPacket(): [LoRaMesher] Creating packet with 17 bytes
16:59:09.590 > [287375][I][PacketFactory.h:74] createPacket(): [LoRaMesher] Packet created with 17 bytes
16:59:09.598 > [287383][I][LoraMesher.h:659] setPackedForSend(): [LoRaMesher] Adding packet to Q_SP
16:59:09.605 > [287391][I][LoraMesher.h:661] setPackedForSend(): [LoRaMesher] Created packet to Q_SP
16:59:09.613 > [287398][I][LoraMesher.cpp:1061] addToSendOrderedAndNotify(): [LoRaMesher] Added packet to Q_SP, notifying sender task
16:59:09.623 > [287409][V][LoraMesher.cpp:511] sendPackets(): [LoRaMesher] Stack space unused after entering the task: 2116
16:59:09.633 > [287419][V][LoraMesher.cpp:512] sendPackets(): [LoRaMesher] Free heap: 336780
16:59:09.640 > [287425][V][LoraMesher.cpp:518] sendPackets(): [LoRaMesher] Size of Send Packets Queue: 1
16:59:09.648 > [287433][V][LoraMesher.cpp:525] sendPackets(): [LoRaMesher] Send n. 17
16:59:09.654 > [287440][V][LoraMesher.cpp:455] waitBeforeSend(): [LoRaMesher] RandomDelay 1151 ms
16:59:10.508 > [288294][V][LoraMesher.cpp:378] receivingRoutine(): [LoRaMesher] Stack space unused after entering the task: 2076
16:59:10.518 > [288304][V][LoraMesher.cpp:379] receivingRoutine(): [LoRaMesher] Free heap: 336808
16:59:10.526 > [288311][I][PacketService.cpp:12] createEmptyPacket(): [LoRaMesher] Packet created with 17 bytes
16:59:10.535 > [288320][I][LoraMesher.cpp:392] receivingRoutine(): [LoRaMesher] Receiving LoRa packet: Size: 17 bytes RSSI: -24 SNR: 13
16:59:10.546 > [288331][V][LoraMesher.cpp:647] processPackets(): [LoRaMesher] Size of Received Packets Queue: 1
16:59:10.555 > [288340][V][LoraMesher.cpp:754] printHeaderPacket(): [LoRaMesher] Packet received -- Size: 17 Src: F02C Dst: D110 Id: 17 Type: 2 Via: D110 Seq_Id: 0 Num: 0
16:59:10.568 > [288354][I][LoraMesher.cpp:854] processDataPacket(): [LoRaMesher] Data packet from F02C, destination D110, via D110
16:59:10.579 > [288364][V][LoraMesher.cpp:878] processDataPacket(): [LoRaMesher] Packet not for me, deleting it
16:59:10.587 > [288373][I][PacketQueueService.h:80] deleteQueuePacketAndPacket(): [LoRaMesher] Deleting packet
16:59:10.596 > [288381][I][PacketQueueService.h:83] deleteQueuePacketAndPacket(): [LoRaMesher] Deleting packet queue
16:59:10.605 > [288390][V][LoraMesher.cpp:641] processPackets(): [LoRaMesher] Stack space unused after entering the task: 2072
16:59:10.615 > [288400][V][LoraMesher.cpp:642] processPackets(): [LoRaMesher] Free heap: 336808
16:59:10.818 > [288604][V][LoraMesher.cpp:462] waitBeforeSend(): [LoRaMesher] Preamble detected while waiting 1
16:59:10.827 > [288613][V][LoraMesher.cpp:455] waitBeforeSend(): [LoRaMesher] RandomDelay 672 ms
16:59:11.506 > [289293][V][LoraMesher.cpp:754] printHeaderPacket(): [LoRaMesher] Packet send -- Size: 17 Src: B3F0 Dst: D110 Id: 17 Type: 2 Via: D110 Seq_Id: 0 Num: 0
16:59:11.596 > [289382][V][LoraMesher.cpp:575] sendPackets(): [LoRaMesher] TimeOnAir 63 ms, next message in 0 ms
16:59:11.606 > [289391][I][PacketQueueService.h:80] deleteQueuePacketAndPacket(): [LoRaMesher] Deleting packet
16:59:11.614 > [289400][I][PacketQueueService.h:83] deleteQueuePacketAndPacket(): [LoRaMesher] Deleting packet queue
16:59:24.824 > [302610][V][LoraMesher.cpp:378] receivingRoutine(): [LoRaMesher] Stack space unused after entering the task: 2076
16:59:24.835 > [302621][V][LoraMesher.cpp:379] receivingRoutine(): [LoRaMesher] Free heap: 336876
16:59:24.842 > [302628][I][PacketService.cpp:12] createEmptyPacket(): [LoRaMesher] Packet created with 17 bytes
16:59:24.851 > [302637][I][LoraMesher.cpp:392] receivingRoutine(): [LoRaMesher] Receiving LoRa packet: Size: 17 bytes RSSI: -79 SNR: 3
16:59:24.862 > [302648][V][LoraMesher.cpp:647] processPackets(): [LoRaMesher] Size of Received Packets Queue: 1
16:59:24.871 > [302657][V][LoraMesher.cpp:754] printHeaderPacket(): [LoRaMesher] Packet received -- Size: 17 Src: C998 Dst: D110 Id: 3 Type: 2 Via: D110 Seq_Id: 0 Num: 0
16:59:24.885 > [302670][I][LoraMesher.cpp:854] processDataPacket(): [LoRaMesher] Data packet from C998, destination D110, via D110
16:59:24.895 > [302681][V][LoraMesher.cpp:878] processDataPacket(): [LoRaMesher] Packet not for me, deleting it
16:59:24.903 > [302689][I][PacketQueueService.h:80] deleteQueuePacketAndPacket(): [LoRaMesher] Deleting packet
16:59:24.912 > [302698][I][PacketQueueService.h:83] deleteQueuePacketAndPacket(): [LoRaMesher] Deleting packet queue
16:59:24.921 > [302707][V][LoraMesher.cpp:641] processPackets(): [LoRaMesher] Stack space unused after entering the task: 2072
16:59:24.931 > [302717][V][LoraMesher.cpp:642] processPackets(): [LoRaMesher] Free heap: 336876
16:59:29.661 > Send packet 15
16:59:29.663 > Sending packet to D110
16:59:29.665 > [307448][V][LoraMesher.h:250] createPacketAndSend(): [LoRaMesher] Creating a packet for send with 8 bytes
16:59:29.674 > [307460][V][PacketFactory.h:45] createPacket(): [LoRaMesher] Creating packet with 17 bytes
16:59:29.682 > [307468][I][PacketFactory.h:74] createPacket(): [LoRaMesher] Packet created with 17 bytes
16:59:29.690 > [307476][I][LoraMesher.h:659] setPackedForSend(): [LoRaMesher] Adding packet to Q_SP
16:59:29.698 > [307484][I][LoraMesher.h:661] setPackedForSend(): [LoRaMesher] Created packet to Q_SP
16:59:29.705 > [307491][I][LoraMesher.cpp:1061] addToSendOrderedAndNotify(): [LoRaMesher] Added packet to Q_SP, notifying sender task
16:59:29.716 > [307502][V][LoraMesher.cpp:511] sendPackets(): [LoRaMesher] Stack space unused after entering the task: 2116
16:59:29.726 > [307512][V][LoraMesher.cpp:512] sendPackets(): [LoRaMesher] Free heap: 336780
16:59:29.733 > [307518][V][LoraMesher.cpp:518] sendPackets(): [LoRaMesher] Size of Send Packets Queue: 1
16:59:29.741 > [307526][V][LoraMesher.cpp:525] sendPackets(): [LoRaMesher] Send n. 18
16:59:29.747 > [307533][V][LoraMesher.cpp:455] waitBeforeSend(): [LoRaMesher] RandomDelay 460 ms
16:59:30.156 > [307942][V][LoraMesher.cpp:378] receivingRoutine(): [LoRaMesher] Stack space unused after entering the task: 2076
16:59:30.167 > [307952][V][LoraMesher.cpp:379] receivingRoutine(): [LoRaMesher] Free heap: 336808
16:59:30.174 > [307960][I][PacketService.cpp:12] createEmptyPacket(): [LoRaMesher] Packet created with 17 bytes
16:59:30.183 > [307969][I][LoraMesher.cpp:392] receivingRoutine(): [LoRaMesher] Receiving LoRa packet: Size: 17 bytes RSSI: -17 SNR: 13
16:59:30.194 > [307980][V][LoraMesher.cpp:647] processPackets(): [LoRaMesher] Size of Received Packets Queue: 1
16:59:30.203 > [307989][V][LoraMesher.cpp:754] printHeaderPacket(): [LoRaMesher] Packet received -- Size: 17 Src: DE6C Dst: D110 Id: 18 Type: 2 Via: D110 Seq_Id: 0 Num: 0
16:59:30.217 > [308002][I][LoraMesher.cpp:854] processDataPacket(): [LoRaMesher] Data packet from DE6C, destination D110, via D110
16:59:30.227 > [308006][V][LoraMesher.cpp:462] waitBeforeSend(): [LoRaMesher] Preamble detected while waiting 1
16:59:30.235 > [308021][[V3]0[8L0o2r1a]M[eVs]h[eLro.rcapMpe:s8h7e8r]. cpprpo:c4e5s5s]D awtaaiPtaBcekfeotr(e)S:e n[dL(o)R:a M[eLsohRearM]e sPhaecrket notmDer y 9 d leting it
16:59:30.249 > [308035][I][PacketQueueService.h:80] deleteQueuePacketAndPacket(): [LoRaMesher] Deleting packet
16:59:30.258 > [308044][I][PacketQueueService.h:83] deleteQueuePacketAndPacket(): [LoRaMesher] Deleting packet queue
16:59:30.267 > [308053][V][LoraMesher.cpp:641] processPackets(): [LoRaMesher] Stack space unused after entering the task: 2072
16:59:30.277 > [308062][V][LoraMesher.cpp:642] processPackets(): [LoRaMesher] Free heap: 336808
16:59:30.810 > [308596][V][LoraMesher.cpp:378] receivingRoutine(): [LoRaMesher] Stack space unused after entering the task: 2076
16:59:30.820 > [308606][V][LoraMesher.cpp:379] receivingRoutine(): [LoRaMesher] Free heap: 336808
16:59:30.827 > [308613][I][PacketService.cpp:12] createEmptyPacket(): [LoRaMesher] Packet created with 17 bytes
16:59:30.836 > [308622][I][LoraMesher.cpp:392] receivingRoutine(): [LoRaMesher] Receiving LoRa packet: Size: 17 bytes RSSI: -26 SNR: 13
16:59:30.847 > [308633][V][LoraMesher.cpp:647] processPackets(): [LoRaMesher] Size of Received Packets Queue: 1
16:59:30.856 > [308642][V][LoraMesher.cpp:754] printHeaderPacket(): [LoRaMesher] Packet received -- Size: 17 Src: F02C Dst: D110 Id: 18 Type: 2 Via: D110 Seq_Id: 0 Num: 0
16:59:30.870 > [308656][I][LoraMesher.cpp:854] processDataPacket(): [LoRaMesher] Data packet from F02C, destination D110, via D110
16:59:30.880 > [308666][V][LoraMesher.cpp:878] processDataPacket(): [LoRaMesher] Packet not for me, deleting it
16:59:30.889 > [308675][I][PacketQueueService.h:80] deleteQueuePacketAndPacket(): [LoRaMesher] Deleting packet
16:59:30.897 > [308683][I][PacketQueueService.h:83] deleteQueuePacketAndPacket(): [LoRaMesher] Deleting packet queue
16:59:30.906 > [308692][V][LoraMesher.cpp:641] processPackets(): [LoRaMesher] Stack space unused after entering the task: 2072
16:59:30.916 > [308702][V][LoraMesher.cpp:642] processPackets(): [LoRaMesher] Free heap: 336808
16:59:31.204 > [308990][V][LoraMesher.cpp:462] waitBeforeSend(): [LoRaMesher] Preamble detected while waiting 2
16:59:31.213 > [308999][V][LoraMesher.cpp:455] waitBeforeSend(): [LoRaMesher] RandomDelay 1095 ms
16:59:32.315 > [310102][V][LoraMesher.cpp:754] printHeaderPacket(): [LoRaMesher] Packet send -- Size: 17 Src: B3F0 Dst: D110 Id: 18 Type: 2 Via: D110 Seq_Id: 0 Num: 0
16:59:32.405 > [310191][V][LoraMesher.cpp:575] sendPackets(): [LoRaMesher] TimeOnAir 63 ms, next message in 0 ms
16:59:32.414 > [310200][I][PacketQueueService.h:80] deleteQueuePacketAndPacket(): [LoRaMesher] Deleting packet
16:59:32.423 > [310209][I][PacketQueueService.h:83] deleteQueuePacketAndPacket(): [LoRaMesher] Deleting packet queue
16:59:44.866 > [322653][V][LoraMesher.cpp:378] receivingRoutine(): [LoRaMesher] Stack space unused after entering the task: 2076
16:59:44.877 > [322663][V][LoraMesher.cpp:379] receivingRoutine(): [LoRaMesher] Free heap: 336876
16:59:44.884 > [322670][I][PacketService.cpp:12] createEmptyPacket(): [LoRaMesher] Packet created with 17 bytes
16:59:44.893 > [322679][I][LoraMesher.cpp:392] receivingRoutine(): [LoRaMesher] Receiving LoRa packet: Size: 17 bytes RSSI: -79 SNR: 3
16:59:44.904 > [322690][V][LoraMesher.cpp:647] processPackets(): [LoRaMesher] Size of Received Packets Queue: 1
16:59:44.913 > [322699][V][LoraMesher.cpp:754] printHeaderPacket(): [LoRaMesher] Packet received -- Size: 17 Src: C998 Dst: D110 Id: 4 Type: 2 Via: D110 Seq_Id: 0 Num: 0
16:59:44.927 > [322712][I][LoraMesher.cpp:854] processDataPacket(): [LoRaMesher] Data packet from C998, destination D110, via D110
16:59:44.936 > [322723][V][LoraMesher.cpp:878] processDataPacket(): [LoRaMesher] Packet not for me, deleting it
16:59:44.945 > [322731][I][PacketQueueService.h:80] deleteQueuePacketAndPacket(): [LoRaMesher] Deleting packet
16:59:44.954 > [322740][I][PacketQueueService.h:83] deleteQueuePacketAndPacket(): [LoRaMesher] Deleting packet queue
16:59:44.963 > [322749][V][LoraMesher.cpp:641] processPackets(): [LoRaMesher] Stack space unused after entering the task: 2072
16:59:44.973 > [322759][V][LoraMesher.cpp:642] processPackets(): [LoRaMesher] Free heap: 336876
16:59:49.754 > Send packet 16
16:59:49.756 > Sending packet to D110
16:59:49.757 > [327541][V][LoraMesher.h:250] createPacketAndSend(): [LoRaMesher] Creating a packet for send with 8 bytes
16:59:49.767 > [327553][V][PacketFactory.h:45] createPacket(): [LoRaMesher] Creating packet with 17 bytes
16:59:49.775 > [327561][I][PacketFactory.h:74] createPacket(): [LoRaMesher] Packet created with 17 bytes
16:59:49.783 > [327569][I][LoraMesher.h:659] setPackedForSend(): [LoRaMesher] Adding packet to Q_SP
16:59:49.790 > [327577][I][LoraMesher.h:661] setPackedForSend(): [LoRaMesher] Created packet to Q_SP
16:59:49.798 > [327584][I][LoraMesher.cpp:1061] addToSendOrderedAndNotify(): [LoRaMesher] Added packet to Q_SP, notifying sender task
16:59:49.809 > [327595][V][LoraMesher.cpp:511] sendPackets(): [LoRaMesher] Stack space unused after entering the task: 2116
16:59:49.818 > [327605][V][LoraMesher.cpp:512] sendPackets(): [LoRaMesher] Free heap: 336780
16:59:49.825 > [327611][V][LoraMesher.cpp:518] sendPackets(): [LoRaMesher] Size of Send Packets Queue: 1
16:59:49.833 > [327619][V][LoraMesher.cpp:525] sendPackets(): [LoRaMesher] Send n. 19
16:59:49.840 > [327626][V][LoraMesher.cpp:455] waitBeforeSend(): [LoRaMesher] RandomDelay 1155 ms
16:59:50.446 > [328232][V][LoraMesher.cpp:378] receivingRoutine(): [LoRaMesher] Stack space unused after entering the task: 2076
16:59:50.457 > [328242][V][LoraMesher.cpp:379] receivingRoutine(): [LoRaMesher] Free heap: 336808
16:59:50.464 > [328250][I][PacketService.cpp:12] createEmptyPacket(): [LoRaMesher] Packet created with 17 bytes
16:59:50.472 > [328258][I][LoraMesher.cpp:392] receivingRoutine(): [LoRaMesher] Receiving LoRa packet: Size: 17 bytes RSSI: -25 SNR: 13
16:59:50.483 > [328269][V][LoraMesher.cpp:647] processPackets(): [LoRaMesher] Size of Received Packets Queue: 1
16:59:50.492 > [328278][V][LoraMesher.cpp:754] printHeaderPacket(): [LoRaMesher] Packet received -- Size: 17 Src: F02C Dst: D110 Id: 19 Type: 2 Via: D110 Seq_Id: 0 Num: 0
16:59:50.507 > [328292][I][LoraMesher.cpp:854] processDataPacket(): [LoRaMesher] Data packet from F02C, destination D110, via D110
16:59:50.516 > [328302][V][LoraMesher.cpp:878] processDataPacket(): [LoRaMesher] Packet not for me, deleting it
16:59:50.525 > [328311][I][PacketQueueService.h:80] deleteQueuePacketAndPacket(): [LoRaMesher] Deleting packet
16:59:50.533 > [328319][I][PacketQueueService.h:83] deleteQueuePacketAndPacket(): [LoRaMesher] Deleting packet queue
16:59:50.542 > [328328][V][LoraMesher.cpp:641] processPackets(): [LoRaMesher] Stack space unused after entering the task: 2072
16:59:50.553 > [328338][V][LoraMesher.cpp:642] processPackets(): [LoRaMesher] Free heap: 336808
16:59:51.008 > [328794][V][LoraMesher.cpp:462] waitBeforeSend(): [LoRaMesher] Preamble detected while waiting 1
16:59:51.017 > [328803][V][LoraMesher.cpp:455] waitBeforeSend(): [LoRaMesher] RandomDelay 978 ms
16:59:51.505 > [329291][V][LoraMesher.cpp:378] receivingRoutine(): [LoRaMesher] Stack space unused after entering the task: 2076
16:59:51.515 > [329301][V][LoraMesher.cpp:379] receivingRoutine(): [LoRaMesher] Free heap: 336808
16:59:51.522 > [329308][I][PacketService.cpp:12] createEmptyPacket(): [LoRaMesher] Packet created with 17 bytes
16:59:51.532 > [329317][I][LoraMesher.cpp:392] receivingRoutine(): [LoRaMesher] Receiving LoRa packet: Size: 17 bytes RSSI: -17 SNR: 12
16:59:51.542 > [329328][V][LoraMesher.cpp:647] processPackets(): [LoRaMesher] Size of Received Packets Queue: 1
16:59:51.551 > [329337][V][LoraMesher.cpp:754] printHeaderPacket(): [LoRaMesher] Packet received -- Size: 17 Src: DE6C Dst: D110 Id: 19 Type: 2 Via: D110 Seq_Id: 0 Num: 0
16:59:51.565 > [329351][I][LoraMesher.cpp:854] processDataPacket(): [LoRaMesher] Data packet from DE6C, destination D110, via D110
16:59:51.575 > [329361][V][LoraMesher.cpp:878] processDataPacket(): [LoRaMesher] Packet not for me, deleting it
16:59:51.583 > [329370][I][PacketQueueService.h:80] deleteQueuePacketAndPacket(): [LoRaMesher] Deleting packet
16:59:51.592 > [329378][I][PacketQueueService.h:83] deleteQueuePacketAndPacket(): [LoRaMesher] Deleting packet queue
16:59:51.601 > [329387][V][LoraMesher.cpp:641] processPackets(): [LoRaMesher] Stack space unused after entering the task: 2072
16:59:51.611 > [329397][V][LoraMesher.cpp:642] processPackets(): [LoRaMesher] Free heap: 336808
16:59:52.008 > [329794][V][LoraMesher.cpp:462] waitBeforeSend(): [LoRaMesher] Preamble detected while waiting 2
16:59:52.017 > [329803][V][LoraMesher.cpp:455] waitBeforeSend(): [LoRaMesher] RandomDelay 313 ms
16:59:52.337 > [330124][V][LoraMesher.cpp:754] printHeaderPacket(): [LoRaMesher] Packet send -- Size: 17 Src: B3F0 Dst: D110 Id: 19 Type: 2 Via: D110 Seq_Id: 0 Num: 0
16:59:52.427 > [330213][V][LoraMesher.cpp:575] sendPackets(): [LoRaMesher] TimeOnAir 63 ms, next message in 0 ms
16:59:52.436 > [330222][I][PacketQueueService.h:80] deleteQueuePacketAndPacket(): [LoRaMesher] Deleting packet
16:59:52.444 > [330231][I][PacketQueueService.h:83] deleteQueuePacketAndPacket(): [LoRaMesher] Deleting packet queue
17:00:05.595 > [343382][V][LoraMesher.cpp:378] receivingRoutine(): [LoRaMesher] Stack space unused after entering the task: 2076
17:00:05.606 > [343392][V][LoraMesher.cpp:379] receivingRoutine(): [LoRaMesher] Free heap: 336876
17:00:05.614 > [343399][I][PacketService.cpp:12] createEmptyPacket(): [LoRaMesher] Packet created with 17 bytes
17:00:05.623 > [343408][I][LoraMesher.cpp:392] receivingRoutine(): [LoRaMesher] Receiving LoRa packet: Size: 17 bytes RSSI: -79 SNR: 2
17:00:05.634 > [343419][V][LoraMesher.cpp:647] processPackets(): [LoRaMesher] Size of Received Packets Queue: 1
17:00:05.642 > [343428][V][LoraMesher.cpp:754] printHeaderPacket(): [LoRaMesher] Packet received -- Size: 17 Src: C998 Dst: D110 Id: 5 Type: 2 Via: D110 Seq_Id: 0 Num: 0
17:00:05.656 > [343442][I][LoraMesher.cpp:854] processDataPacket(): [LoRaMesher] Data packet from C998, destination D110, via D110
17:00:05.666 > [343452][V][LoraMesher.cpp:878] processDataPacket(): [LoRaMesher] Packet not for me, deleting it
17:00:05.675 > [343460][I][PacketQueueService.h:80] deleteQueuePacketAndPacket(): [LoRaMesher] Deleting packet
17:00:05.683 > [343469][I][PacketQueueService.h:83] deleteQueuePacketAndPacket(): [LoRaMesher] Deleting packet queue
17:00:05.692 > [343478][V][LoraMesher.cpp:641] processPackets(): [LoRaMesher] Stack space unused after entering the task: 2072
17:00:05.702 > [343488][V][LoraMesher.cpp:642] processPackets(): [LoRaMesher] Free heap: 336876
17:00:09.848 > Send packet 17
17:00:09.849 > Sending packet to D110
17:00:09.851 > [347634][V][LoraMesher.h:250] createPacketAndSend(): [LoRaMesher] Creating a packet for send with 8 bytes
17:00:09.860 > [347646][V][PacketFactory.h:45] createPacket(): [LoRaMesher] Creating packet with 17 bytes
17:00:09.869 > [347654][I][PacketFactory.h:74] createPacket(): [LoRaMesher] Packet created with 17 bytes
17:00:09.876 > [347662][I][LoraMesher.h:659] setPackedForSend(): [LoRaMesher] Adding packet to Q_SP
17:00:09.884 > [347670][I][LoraMesher.h:661] setPackedForSend(): [LoRaMesher] Created packet to Q_SP
17:00:09.892 > [347677][I][LoraMesher.cpp:1061] addToSendOrderedAndNotify(): [LoRaMesher] Added packet to Q_SP, notifying sender task
17:00:09.902 > [347688][V][LoraMesher.cpp:511] sendPackets(): [LoRaMesher] Stack space unused after entering the task: 2116
17:00:09.912 > [347698][V][LoraMesher.cpp:512] sendPackets(): [LoRaMesher] Free heap: 336780
17:00:09.919 > [347704][V][LoraMesher.cpp:518] sendPackets(): [LoRaMesher] Size of Send Packets Queue: 1
17:00:09.927 > [347712][V][LoraMesher.cpp:525] sendPackets(): [LoRaMesher] Send n. 20
17:00:09.933 > [347719][V][LoraMesher.cpp:455] waitBeforeSend(): [LoRaMesher] RandomDelay 399 ms
17:00:10.339 > [348126][V][LoraMesher.cpp:754] printHeaderPacket(): [LoRaMesher] Packet send -- Size: 17 Src: B3F0 Dst: D110 Id: 20 Type: 2 Via: D110 Seq_Id: 0 Num: 0
17:00:10.429 > [348216][V][LoraMesher.cpp:575] sendPackets(): [LoRaMesher] TimeOnAir 63 ms, next message in 0 ms
17:00:10.439 > [348224][I][PacketQueueService.h:80] deleteQueuePacketAndPacket(): [LoRaMesher] Deleting packet
17:00:10.447 > [348233][I][PacketQueueService.h:83] deleteQueuePacketAndPacket(): [LoRaMesher] Deleting packet queue
17:00:11.473 > [349259][V][LoraMesher.cpp:378] receivingRoutine(): [LoRaMesher] Stack space unused after entering the task: 2076
17:00:11.484 > [349269][V][LoraMesher.cpp:379] receivingRoutine(): [LoRaMesher] Free heap: 336876
17:00:11.491 > [349277][I][PacketService.cpp:12] createEmptyPacket(): [LoRaMesher] Packet created with 17 bytes
17:00:11.500 > [349286][I][LoraMesher.cpp:392] receivingRoutine(): [LoRaMesher] Receiving LoRa packet: Size: 17 bytes RSSI: -18 SNR: 13
17:00:11.511 > [349297][V][LoraMesher.cpp:647] processPackets(): [LoRaMesher] Size of Received Packets Queue: 1
17:00:11.520 > [349306][V][LoraMesher.cpp:754] printHeaderPacket(): [LoRaMesher] Packet received -- Size: 17 Src: DE6C Dst: D110 Id: 20 Type: 2 Via: D110 Seq_Id: 0 Num: 0
17:00:11.534 > [349319][I][LoraMesher.cpp:854] processDataPacket(): [LoRaMesher] Data packet from DE6C, destination D110, via D110
17:00:11.544 > [349330][V][LoraMesher.cpp:878] processDataPacket(): [LoRaMesher] Packet not for me, deleting it
17:00:11.552 > [349338][I][PacketQueueService.h:80] deleteQueuePacketAndPacket(): [LoRaMesher] Deleting packet
17:00:11.561 > [349347][I][PacketQueueService.h:83] deleteQueuePacketAndPacket(): [LoRaMesher] Deleting packet queue
17:00:11.570 > [349356][V][LoraMesher.cpp:641] processPackets(): [LoRaMesher] Stack space unused after entering the task: 2072
17:00:11.580 > [349366][V][LoraMesher.cpp:642] processPackets(): [LoRaMesher] Free heap: 336876
17:00:12.934 > [350721][V][LoraMesher.cpp:378] receivingRoutine(): [LoRaMesher] Stack space unused after entering the task: 2076
17:00:12.945 > [350731][V][LoraMesher.cpp:379] receivingRoutine(): [LoRaMesher] Free heap: 336876
17:00:12.953 > [350738][I][PacketService.cpp:12] createEmptyPacket(): [LoRaMesher] Packet created with 17 bytes
17:00:12.961 > [350747][I][LoraMesher.cpp:392] receivingRoutine(): [LoRaMesher] Receiving LoRa packet: Size: 17 bytes RSSI: -24 SNR: 12
17:00:12.973 > [350758][V][LoraMesher.cpp:647] processPackets(): [LoRaMesher] Size of Received Packets Queue: 1
17:00:12.981 > [350767][V][LoraMesher.cpp:754] printHeaderPacket(): [LoRaMesher] Packet received -- Size: 17 Src: F02C Dst: D110 Id: 20 Type: 2 Via: D110 Seq_Id: 0 Num: 0
17:00:12.995 > [350781][I][LoraMesher.cpp:854] processDataPacket(): [LoRaMesher] Data packet from F02C, destination D110, via D110
17:00:13.005 > [350791][V][LoraMesher.cpp:878] processDataPacket(): [LoRaMesher] Packet not for me, deleting it
17:00:13.014 > [350800][I][PacketQueueService.h:80] deleteQueuePacketAndPacket(): [LoRaMesher] Deleting packet
17:00:13.022 > [350808][I][PacketQueueService.h:83] deleteQueuePacketAndPacket(): [LoRaMesher] Deleting packet queue
17:00:13.031 > [350817][V][LoraMesher.cpp:641] processPackets(): [LoRaMesher] Stack space unused after entering the task: 2072
17:00:13.041 > [350827][V][LoraMesher.cpp:642] processPackets(): [LoRaMesher] Free heap: 336876
17:00:25.700 > [363487][V][LoraMesher.cpp:378] receivingRoutine(): [LoRaMesher] Stack space unused after entering the task: 2028
17:00:25.711 > [363497][V][LoraMesher.cpp:379] receivingRoutine(): [LoRaMesher] Free heap: 336876
17:00:25.718 > [363504][I][PacketService.cpp:12] createEmptyPacket(): [LoRaMesher] Packet created with 17 bytes
17:00:25.727 > [363513][I][LoraMesher.cpp:392] receivingRoutine(): [LoRaMesher] Receiving LoRa packet: Size: 17 bytes RSSI: -78 SNR: 3
17:00:25.738 > [363524][V][LoraMesher.cpp:647] processPackets(): [LoRaMesher] Size of Received Packets Queue: 1
17:00:25.747 > [363533][V][LoraMesher.cpp:754] printHeaderPacket(): [LoRaMesher] Packet received -- Size: 17 Src: C998 Dst: D110 Id: 6 Type: 2 Via: D110 Seq_Id: 0 Num: 0
17:00:25.761 > [363547][I][LoraMesher.cpp:854] processDataPacket(): [LoRaMesher] Data packet from C998, destination D110, via D110
17:00:25.771 > [363557][V][LoraMesher.cpp:878] processDataPacket(): [LoRaMesher] Packet not for me, deleting it
17:00:25.779 > [363565][I][PacketQueueService.h:80] deleteQueuePacketAndPacket(): [LoRaMesher] Deleting packet
17:00:25.788 > [363574][I][PacketQueueService.h:83] deleteQueuePacketAndPacket(): [LoRaMesher] Deleting packet queue
17:00:25.797 > [363583][V][LoraMesher.cpp:641] processPackets(): [LoRaMesher] Stack space unused after entering the task: 2072
17:00:25.807 > [363593][V][LoraMesher.cpp:642] processPackets(): [LoRaMesher] Free heap: 336876
17:00:29.940 > Send packet 18
17:00:29.942 > Sending packet to D110
17:00:29.944 > [367727][V][LoraMesher.h:250] createPacketAndSend(): [LoRaMesher] Creating a packet for send with 8 bytes
17:00:29.953 > [367739][V][PacketFactory.h:45] createPacket(): [LoRaMesher] Creating packet with 17 bytes
17:00:29.961 > [367747][I][PacketFactory.h:74] createPacket(): [LoRaMesher] Packet created with 17 bytes
17:00:29.969 > [367755][I][LoraMesher.h:659] setPackedForSend(): [LoRaMesher] Adding packet to Q_SP
17:00:29.977 > [367763][I][LoraMesher.h:661] setPackedForSend(): [LoRaMesher] Created packet to Q_SP
17:00:29.984 > [367770][I][LoraMesher.cpp:1061] addToSendOrderedAndNotify(): [LoRaMesher] Added packet to Q_SP, notifying sender task
17:00:29.995 > [367781][V][LoraMesher.cpp:511] sendPackets(): [LoRaMesher] Stack space unused after entering the task: 2116
17:00:30.004 > [367791][V][LoraMesher.cpp:512] sendPackets(): [LoRaMesher] Free heap: 336780
17:00:30.011 > [367797][V][LoraMesher.cpp:518] sendPackets(): [LoRaMesher] Size of Send Packets Queue: 1
17:00:30.019 > [367805][V][LoraMesher.cpp:525] sendPackets(): [LoRaMesher] Send n. 21
17:00:30.026 > [367812][V][LoraMesher.cpp:455] waitBeforeSend(): [LoRaMesher] RandomDelay 1001 ms
17:00:30.292 > [368079][V][LoraMesher.cpp:598] sendHelloPacket(): [LoRaMesher] Creating Routing Packet
17:00:30.301 > [368087][V][LoraMesher.cpp:599] sendHelloPacket(): [LoRaMesher] Stack space unused after entering the task: 2324
17:00:30.311 > [368097][V][LoraMesher.cpp:600] sendHelloPacket(): [LoRaMesher] Free heap: 336808
17:00:30.318 > [368104][V][PacketFactory.h:45] createPacket(): [LoRaMesher] Creating packet with 24 bytes
17:00:30.326 > [368112][I][PacketFactory.h:74] createPacket(): [LoRaMesher] Packet created with 24 bytes
17:00:30.334 > [368120][I][LoraMesher.h:659] setPackedForSend(): [LoRaMesher] Adding packet to Q_SP
17:00:30.342 > [368128][I][LoraMesher.h:661] setPackedForSend(): [LoRaMesher] Created packet to Q_SP
17:00:30.349 > [368135][I][LoraMesher.cpp:1061] addToSendOrderedAndNotify(): [LoRaMesher] Added packet to Q_SP, notifying sender task
17:00:30.638 > [368424][V][LoraMesher.cpp:378] receivingRoutine(): [LoRaMesher] Stack space unused after entering the task: 2028
17:00:30.648 > [368434][V][LoraMesher.cpp:379] receivingRoutine(): [LoRaMesher] Free heap: 336708
17:00:30.656 > [368442][I][PacketService.cpp:12] createEmptyPacket(): [LoRaMesher] Packet created with 17 bytes
17:00:30.664 > [368450][I][LoraMesher.cpp:392] receivingRoutine(): [LoRaMesher] Receiving LoRa packet: Size: 17 bytes RSSI: -24 SNR: 13
17:00:30.676 > [368462][V][LoraMesher.cpp:647] processPackets(): [LoRaMesher] Size of Received Packets Queue: 1
17:00:30.684 > [368470][V][LoraMesher.cpp:754] printHeaderPacket(): [LoRaMesher] Packet received -- Size: 17 Src: F02C Dst: D110 Id: 21 Type: 2 Via: D110 Seq_Id: 0 Num: 0
17:00:30.698 > [368484][I][LoraMesher.cpp:854] processDataPacket(): [LoRaMesher] Data packet from F02C, destination D110, via D110
17:00:30.708 > [368494][V][LoraMesher.cpp:878] processDataPacket(): [LoRaMesher] Packet not for me, deleting it
17:00:30.717 > [368503][I][PacketQueueService.h:80] deleteQueuePacketAndPacket(): [LoRaMesher] Deleting packet
17:00:30.725 > [368511][I][PacketQueueService.h:83] deleteQueuePacketAndPacket(): [LoRaMesher] Deleting packet queue
17:00:30.734 > [368520][V][LoraMesher.cpp:641] processPackets(): [LoRaMesher] Stack space unused after entering the task: 2072
17:00:30.744 > [368530][V][LoraMesher.cpp:642] processPackets(): [LoRaMesher] Free heap: 336708
17:00:31.040 > [368826][V][LoraMesher.cpp:462] waitBeforeSend(): [LoRaMesher] Preamble detected while waiting 1
17:00:31.049 > [368835][V][LoraMesher.cpp:455] waitBeforeSend(): [LoRaMesher] RandomDelay 987 ms
17:00:31.382 > [369168][V][LoraMesher.cpp:378] receivingRoutine(): [LoRaMesher] Stack space unused after entering the task: 2028
17:00:31.392 > [369178][V][LoraMesher.cpp:379] receivingRoutine(): [LoRaMesher] Free heap: 336708
17:00:31.399 > [369186][I][PacketService.cpp:12] createEmptyPacket(): [LoRaMesher] Packet created with 24 bytes
17:00:31.408 > [369194][I][LoraMesher.cpp:392] receivingRoutine(): [LoRaMesher] Receiving LoRa packet: Size: 24 bytes RSSI: -24 SNR: 13
17:00:31.420 > [369206][V][LoraMesher.cpp:647] processPackets(): [LoRaMesher] Size of Received Packets Queue: 1
17:00:31.428 > [369214][V][LoraMesher.cpp:754] printHeaderPacket(): [LoRaMesher] Packet received -- Size: 24 Src: F02C Dst: FFFF Id: 22 Type: 4 Via: 0 Seq_Id: 0 Num: 0
17:00:31.442 > [369228][I][RoutingTableService.cpp:77] processRoute(): [LoRaMesher] Route packet from F02C with size 4
17:00:31.451 > [369237][I][RoutingTableService.cpp:99] resetReceiveSNRRoutePacket(): [LoRaMesher] Reset Receive SNR from F02C: 13
17:00:31.461 > [369247][I][RoutingTableService.cpp:192] printRoutingTable(): [LoRaMesher] Current routing table:
17:00:31.470 > [369256][I][RoutingTableService.cpp:206] printRoutingTable(): [LoRaMesher] 0 - D110 via D110 metric 1 Role 1
17:00:31.480 > [369265][I][RoutingTableService.cpp:206] printRoutingTable(): [LoRaMesher] 1 - F02C via F02C metric 1 Role 0
17:00:31.489 > [369275][I][RoutingTableService.cpp:206] printRoutingTable(): [LoRaMesher] 2 - DE6C via DE6C metric 1 Role 0
17:00:31.499 > [369285][I][RoutingTableService.cpp:206] printRoutingTable(): [LoRaMesher] 3 - C998 via C998 metric 1 Role 0
17:00:31.508 > [369294][I][PacketQueueService.h:80] deleteQueuePacketAndPacket(): [LoRaMesher] Deleting packet
17:00:31.517 > [369303][I][PacketQueueService.h:83] deleteQueuePacketAndPacket(): [LoRaMesher] Deleting packet queue
17:00:31.526 > [369312][V][LoraMesher.cpp:641] processPackets(): [LoRaMesher] Stack space unused after entering the task: 2072
17:00:31.536 > [369322][V][LoraMesher.cpp:642] processPackets(): [LoRaMesher] Free heap: 336708
17:00:32.049 > [369835][V][LoraMesher.cpp:462] waitBeforeSend(): [LoRaMesher] Preamble detected while waiting 2
17:00:32.058 > [369844][V][LoraMesher.cpp:455] waitBeforeSend(): [LoRaMesher] RandomDelay 669 ms
17:00:32.734 > [370521][V][LoraMesher.cpp:754] printHeaderPacket(): [LoRaMesher] Packet send -- Size: 17 Src: B3F0 Dst: D110 Id: 21 Type: 2 Via: D110 Seq_Id: 0 Num: 0
17:00:32.824 > [370610][V][LoraMesher.cpp:575] sendPackets(): [LoRaMesher] TimeOnAir 63 ms, next message in 0 ms
17:00:32.833 > [370619][I][PacketQueueService.h:80] deleteQueuePacketAndPacket(): [LoRaMesher] Deleting packet
17:00:32.841 > [370628][I][PacketQueueService.h:83] deleteQueuePacketAndPacket(): [LoRaMesher] Deleting packet queue
17:00:32.851 > [370637][V][LoraMesher.cpp:518] sendPackets(): [LoRaMesher] Size of Send Packets Queue: 1
17:00:32.858 > [370645][V][LoraMesher.cpp:525] sendPackets(): [LoRaMesher] Send n. 22
17:00:32.865 > [370651][V][LoraMesher.cpp:455] waitBeforeSend(): [LoRaMesher] RandomDelay 903 ms
17:00:33.652 > [371438][V][LoraMesher.cpp:378] receivingRoutine(): [LoRaMesher] Stack space unused after entering the task: 2028
17:00:33.662 > [371448][V][LoraMesher.cpp:379] receivingRoutine(): [LoRaMesher] Free heap: 336804
17:00:33.670 > [371456][I][PacketService.cpp:12] createEmptyPacket(): [LoRaMesher] Packet created with 24 bytes
17:00:33.678 > [371465][I][LoraMesher.cpp:392] receivingRoutine(): [LoRaMesher] Receiving LoRa packet: Size: 24 bytes RSSI: -18 SNR: 12
17:00:33.690 > [371476][V][LoraMesher.cpp:647] processPackets(): [LoRaMesher] Size of Received Packets Queue: 1
17:00:33.698 > [371484][V][LoraMesher.cpp:754] printHeaderPacket(): [LoRaMesher] Packet received -- Size: 24 Src: DE6C Dst: FFFF Id: 22 Type: 4 Via: 0 Seq_Id: 0 Num: 0
17:00:33.712 > [371498][I][RoutingTableService.cpp:77] processRoute(): [LoRaMesher] Route packet from DE6C with size 4
17:00:33.721 > [371507][I][RoutingTableService.cpp:99] resetReceiveSNRRoutePacket(): [LoRaMesher] Reset Receive SNR from DE6C: 12
17:00:33.731 > [371517][I][RoutingTableService.cpp:192] printRoutingTable(): [LoRaMesher] Current routing table:
17:00:33.740 > [371526][I][RoutingTableService.cpp:206] printRoutingTable(): [LoRaMesher] 0 - D110 via D110 metric 1 Role 1
17:00:33.749 > [371536][I][RoutingTableService.cpp:206] printRoutingTable(): [LoRaMesher] 1 - F02C via F02C metric 1 Role 0
17:00:33.760 > [371545][I][RoutingTableService.cpp:206] printRoutingTable(): [LoRaMesher] 2 - DE6C via DE6C metric 1 Role 0
17:00:33.770 > [371555][I][RoutingTableService.cpp:206] printRoutingTable(): [LoRaMesher] 3 - C998 via C998 metric 1 Role 0
17:00:33.778 > [371565][I][PacketQueueService.h:80] deleteQueuePacketAndPacket(): [LoRaMesher] Deleting packet
17:00:33.787 > [371567][V][LoraMesher.cpp:462] waitBeforeSend(): [LoRaMesher] Preamble detected while waiting 1
17:00:33.795 > [371582][I][P[a3c7k1e5t8Q2u]e[uVe]S[eLrovriacMee.shh:e8r3.]c pdpe:l4e5t5e]Q uweauietPBaecfkoerteASnednPda(c)k:e t[(L)o:R a[MLeosRheM]shan] DDeety g 7 ck
17:00:33.809 >  queue
17:00:33.810 > [371596][V][LoraMesher.cpp:641] processPackets(): [LoRaMesher] Stack space unused after entering the task: 2072
17:00:33.820 > [371606][V][LoraMesher.cpp:642] processPackets(): [LoRaMesher] Free heap: 336804
17:00:34.066 > [371853][V][LoraMesher.cpp:754] printHeaderPacket(): [LoRaMesher] Packet send -- Size: 24 Src: B3F0 Dst: FFFF Id: 22 Type: 4 Via: 0 Seq_Id: 0 Num: 0
17:00:34.170 > [371956][V][LoraMesher.cpp:575] sendPackets(): [LoRaMesher] TimeOnAir 78 ms, next message in 0 ms
17:00:34.179 > [371965][I][PacketQueueService.h:80] deleteQueuePacketAndPacket(): [LoRaMesher] Deleting packet
17:00:34.188 > [371974][I][PacketQueueService.h:83] deleteQueuePacketAndPacket(): [LoRaMesher] Deleting packet queue
17:00:45.064 > [382851][V][LoraMesher.cpp:378] receivingRoutine(): [LoRaMesher] Stack space unused after entering the task: 2028
17:00:45.075 > [382861][V][LoraMesher.cpp:379] receivingRoutine(): [LoRaMesher] Free heap: 336876
17:00:45.082 > [382869][I][PacketService.cpp:12] createEmptyPacket(): [LoRaMesher] Packet created with 17 bytes
17:00:45.091 > [382877][I][LoraMesher.cpp:392] receivingRoutine(): [LoRaMesher] Receiving LoRa packet: Size: 17 bytes RSSI: -80 SNR: 0
17:00:45.102 > [382888][V][LoraMesher.cpp:647] processPackets(): [LoRaMesher] Size of Received Packets Queue: 1
17:00:45.112 > [382897][V][LoraMesher.cpp:754] printHeaderPacket(): [LoRaMesher] Packet received -- Size: 17 Src: C998 Dst: D110 Id: 7 Type: 2 Via: D110 Seq_Id: 0 Num: 0
17:00:45.124 > [382911][I][LoraMesher.cpp:854] processDataPacket(): [LoRaMesher] Data packet from C998, destination D110, via D110
17:00:45.135 > [382921][V][LoraMesher.cpp:878] processDataPacket(): [LoRaMesher] Packet not for me, deleting it
17:00:45.143 > [382930][I][PacketQueueService.h:80] deleteQueuePacketAndPacket(): [LoRaMesher] Deleting packet
17:00:45.152 > [382938][I][PacketQueueService.h:83] deleteQueuePacketAndPacket(): [LoRaMesher] Deleting packet queue
17:00:45.161 > [382947][V][LoraMesher.cpp:641] processPackets(): [LoRaMesher] Stack space unused after entering the task: 2072
17:00:45.171 > [382957][V][LoraMesher.cpp:642] processPackets(): [LoRaMesher] Free heap: 336876
17:00:46.386 > [384172][V][LoraMesher.cpp:378] receivingRoutine(): [LoRaMesher] Stack space unused after entering the task: 2028
17:00:46.396 > [384182][V][LoraMesher.cpp:379] receivingRoutine(): [LoRaMesher] Free heap: 336876
17:00:46.403 > [384190][I][PacketService.cpp:12] createEmptyPacket(): [LoRaMesher] Packet created with 24 bytes
17:00:46.412 > [384198][I][LoraMesher.cpp:392] receivingRoutine(): [LoRaMesher] Receiving LoRa packet: Size: 24 bytes RSSI: -78 SNR: 3
17:00:46.423 > [384210][V][LoraMesher.cpp:647] processPackets(): [LoRaMesher] Size of Received Packets Queue: 1
17:00:46.432 > [384218][V][LoraMesher.cpp:754] printHeaderPacket(): [LoRaMesher] Packet received -- Size: 24 Src: C998 Dst: FFFF Id: 8 Type: 4 Via: 0 Seq_Id: 0 Num: 0
17:00:46.445 > [384232][I][RoutingTableService.cpp:77] processRoute(): [LoRaMesher] Route packet from C998 with size 4
17:00:46.454 > [384241][I][RoutingTableService.cpp:99] resetReceiveSNRRoutePacket(): [LoRaMesher] Reset Receive SNR from C998: 3
17:00:46.465 > [384251][I][RoutingTableService.cpp:192] printRoutingTable(): [LoRaMesher] Current routing table:
17:00:46.474 > [384260][I][RoutingTableService.cpp:206] printRoutingTable(): [LoRaMesher] 0 - D110 via D110 metric 1 Role 1
17:00:46.483 > [384269][I][RoutingTableService.cpp:206] printRoutingTable(): [LoRaMesher] 1 - F02C via F02C metric 1 Role 0
17:00:46.493 > [384279][I][RoutingTableService.cpp:206] printRoutingTable(): [LoRaMesher] 2 - DE6C via DE6C metric 1 Role 0
17:00:46.502 > [384289][I][RoutingTableService.cpp:206] printRoutingTable(): [LoRaMesher] 3 - C998 via C998 metric 1 Role 0
17:00:46.512 > [384298][I][PacketQueueService.h:80] deleteQueuePacketAndPacket(): [LoRaMesher] Deleting packet
17:00:46.520 > [384307][I][PacketQueueService.h:83] deleteQueuePacketAndPacket(): [LoRaMesher] Deleting packet queue
17:00:46.529 > [384316][V][LoraMesher.cpp:641] processPackets(): [LoRaMesher] Stack space unused after entering the task: 2056
17:00:46.539 > [384326][V][LoraMesher.cpp:642] processPackets(): [LoRaMesher] Free heap: 336876
17:00:48.614 > [386400][V][LoraMesher.cpp:378] receivingRoutine(): [LoRaMesher] Stack space unused after entering the task: 2028
17:00:48.624 > [386410][V][LoraMesher.cpp:379] receivingRoutine(): [LoRaMesher] Free heap: 336876
17:00:48.631 > [386418][I][PacketService.cpp:12] createEmptyPacket(): [LoRaMesher] Packet created with 24 bytes
17:00:48.640 > [386427][I][LoraMesher.cpp:392] receivingRoutine(): [LoRaMesher] Receiving LoRa packet: Size: 24 bytes RSSI: 0 SNR: 14
17:00:48.651 > [386438][V][LoraMesher.cpp:647] processPackets(): [LoRaMesher] Size of Received Packets Queue: 1
17:00:48.660 > [386446][V][LoraMesher.cpp:754] printHeaderPacket(): [LoRaMesher] Packet received -- Size: 24 Src: D110 Dst: FFFF Id: 3 Type: 4 Via: 0 Seq_Id: 0 Num: 0
17:00:48.673 > [386460][I][RoutingTableService.cpp:77] processRoute(): [LoRaMesher] Route packet from D110 with size 4
17:00:48.683 > [386469][I][RoutingTableService.cpp:99] resetReceiveSNRRoutePacket(): [LoRaMesher] Reset Receive SNR from D110: 14
17:00:48.693 > [386479][I][RoutingTableService.cpp:192] printRoutingTable(): [LoRaMesher] Current routing table:
17:00:48.701 > [386488][I][RoutingTableService.cpp:206] printRoutingTable(): [LoRaMesher] 0 - D110 via D110 metric 1 Role 1
17:00:48.711 > [386498][I][RoutingTableService.cpp:206] printRoutingTable(): [LoRaMesher] 1 - F02C via F02C metric 1 Role 0
17:00:48.722 > [386507][I][RoutingTableService.cpp:206] printRoutingTable(): [LoRaMesher] 2 - DE6C via DE6C metric 1 Role 0
17:00:48.730 > [386517][I][RoutingTableService.cpp:206] printRoutingTable(): [LoRaMesher] 3 - C998 via C998 metric 1 Role 0
17:00:48.740 > [386526][I][PacketQueueService.h:80] deleteQueuePacketAndPacket(): [LoRaMesher] Deleting packet
17:00:48.748 > [386535][I][PacketQueueService.h:83] deleteQueuePacketAndPacket(): [LoRaMesher] Deleting packet queue
17:00:48.758 > [386544][V][LoraMesher.cpp:641] processPackets(): [LoRaMesher] Stack space unused after entering the task: 2040
17:00:48.767 > [386554][V][LoraMesher.cpp:642] processPackets(): [LoRaMesher] Free heap: 336876
17:00:50.033 > Send packet 19
17:00:50.034 > Sending packet to D110
17:00:50.036 > [387820][V][LoraMesher.h:250] createPacketAndSend(): [LoRaMesher] Creating a packet for send with 8 bytes
17:00:50.046 > [387832][V][PacketFactory.h:45] createPacket(): [LoRaMesher] Creating packet with 17 bytes
17:00:50.054 > [387840][I][PacketFactory.h:74] createPacket(): [LoRaMesher] Packet created with 17 bytes
17:00:50.062 > [387848][I][LoraMesher.h:659] setPackedForSend(): [LoRaMesher] Adding packet to Q_SP
17:00:50.069 > [387856][I][LoraMesher.h:661] setPackedForSend(): [LoRaMesher] Created packet to Q_SP
17:00:50.077 > [387863][I][LoraMesher.cpp:1061] addToSendOrderedAndNotify(): [LoRaMesher] Added packet to Q_SP, notifying sender task
17:00:50.087 > [387874][V][LoraMesher.cpp:511] sendPackets(): [LoRaMesher] Stack space unused after entering the task: 1972
17:00:50.097 > [387884][V][LoraMesher.cpp:512] sendPackets(): [LoRaMesher] Free heap: 336780
17:00:50.104 > [387890][V][LoraMesher.cpp:518] sendPackets(): [LoRaMesher] Size of Send Packets Queue: 1
17:00:50.112 > [387898][V][LoraMesher.cpp:525] sendPackets(): [LoRaMesher] Send n. 23
17:00:50.118 > [387905][V][LoraMesher.cpp:455] waitBeforeSend(): [LoRaMesher] RandomDelay 365 ms
17:00:50.491 > [388278][V][LoraMesher.cpp:754] printHeaderPacket(): [LoRaMesher] Packet send -- Size: 17 Src: B3F0 Dst: D110 Id: 23 Type: 2 Via: D110 Seq_Id: 0 Num: 0
17:00:50.581 > [388368][V][LoraMesher.cpp:575] sendPackets(): [LoRaMesher] TimeOnAir 63 ms, next message in 0 ms
17:00:50.590 > [388376][I][PacketQueueService.h:80] deleteQueuePacketAndPacket(): [LoRaMesher] Deleting packet
17:00:50.598 > [388385][I][PacketQueueService.h:83] deleteQueuePacketAndPacket(): [LoRaMesher] Deleting packet queue
17:00:51.496 > [389283][V][LoraMesher.cpp:378] receivingRoutine(): [LoRaMesher] Stack space unused after entering the task: 2028
17:00:51.507 > [389293][V][LoraMesher.cpp:379] receivingRoutine(): [LoRaMesher] Free heap: 336876
17:00:51.514 > [389301][I][PacketService.cpp:12] createEmptyPacket(): [LoRaMesher] Packet created with 17 bytes
17:00:51.523 > [389309][I][LoraMesher.cpp:392] receivingRoutine(): [LoRaMesher] Receiving LoRa packet: Size: 17 bytes RSSI: -24 SNR: 12
17:00:51.534 > [389320][V][LoraMesher.cpp:647] processPackets(): [LoRaMesher] Size of Received Packets Queue: 1
17:00:51.543 > [389329][V][LoraMesher.cpp:754] printHeaderPacket(): [LoRaMesher] Packet received -- Size: 17 Src: F02C Dst: D110 Id: 23 Type: 2 Via: D110 Seq_Id: 0 Num: 0
17:00:51.556 > [389343][I][LoraMesher.cpp:854] processDataPacket(): [LoRaMesher] Data packet from F02C, destination D110, via D110
17:00:51.567 > [389353][V][LoraMesher.cpp:878] processDataPacket(): [LoRaMesher] Packet not for me, deleting it
17:00:51.576 > [389362][I][PacketQueueService.h:80] deleteQueuePacketAndPacket(): [LoRaMesher] Deleting packet
17:00:51.585 > [389370][I][PacketQueueService.h:83] deleteQueuePacketAndPacket(): [LoRaMesher] Deleting packet queue
17:00:51.594 > [389379][V][LoraMesher.cpp:641] processPackets(): [LoRaMesher] Stack space unused after entering the task: 2040
17:00:51.604 > [389389][V][LoraMesher.cpp:642] processPackets(): [LoRaMesher] Free heap: 336876
17:00:52.669 > [390455][V][LoraMesher.cpp:378] receivingRoutine(): [LoRaMesher] Stack space unused after entering the task: 2028
17:00:52.679 > [390466][V][LoraMesher.cpp:379] receivingRoutine(): [LoRaMesher] Free heap: 336876
17:00:52.687 > [390473][I][PacketService.cpp:12] createEmptyPacket(): [LoRaMesher] Packet created with 17 bytes
17:00:52.695 > [390482][I][LoraMesher.cpp:392] receivingRoutine(): [LoRaMesher] Receiving LoRa packet: Size: 17 bytes RSSI: -18 SNR: 12
17:00:52.707 > [390493][V][LoraMesher.cpp:647] processPackets(): [LoRaMesher] Size of Received Packets Queue: 1
17:00:52.715 > [390502][V][LoraMesher.cpp:754] printHeaderPacket(): [LoRaMesher] Packet received -- Size: 17 Src: DE6C Dst: D110 Id: 23 Type: 2 Via: D110 Seq_Id: 0 Num: 0
17:00:52.729 > [390516][I][LoraMesher.cpp:854] processDataPacket(): [LoRaMesher] Data packet from DE6C, destination D110, via D110
17:00:52.740 > [390526][V][LoraMesher.cpp:878] processDataPacket(): [LoRaMesher] Packet not for me, deleting it
17:00:52.748 > [390534][I][PacketQueueService.h:80] deleteQueuePacketAndPacket(): [LoRaMesher] Deleting packet
17:00:52.756 > [390543][I][PacketQueueService.h:83] deleteQueuePacketAndPacket(): [LoRaMesher] Deleting packet queue
17:00:52.765 > [390552][V][LoraMesher.cpp:641] processPackets(): [LoRaMesher] Stack space unused after entering the task: 2040
17:00:52.775 > [390562][V][LoraMesher.cpp:642] processPackets(): [LoRaMesher] Free heap: 336876
17:01:05.619 > [403406][V][LoraMesher.cpp:378] receivingRoutine(): [LoRaMesher] Stack space unused after entering the task: 2028
17:01:05.630 > [403416][V][LoraMesher.cpp:379] receivingRoutine(): [LoRaMesher] Free heap: 336876
17:01:05.638 > [403424][I][PacketService.cpp:12] createEmptyPacket(): [LoRaMesher] Packet created with 17 bytes
17:01:05.647 > [403433][I][LoraMesher.cpp:392] receivingRoutine(): [LoRaMesher] Receiving LoRa packet: Size: 17 bytes RSSI: -77 SNR: 3
17:01:05.658 > [403444][V][LoraMesher.cpp:647] processPackets(): [LoRaMesher] Size of Received Packets Queue: 1
17:01:05.666 > [403452][V][LoraMesher.cpp:754] printHeaderPacket(): [LoRaMesher] Packet received -- Size: 17 Src: C998 Dst: D110 Id: 9 Type: 2 Via: D110 Seq_Id: 0 Num: 0
17:01:05.680 > [403466][I][LoraMesher.cpp:854] processDataPacket(): [LoRaMesher] Data packet from C998, destination D110, via D110
17:01:05.690 > [403476][V][LoraMesher.cpp:878] processDataPacket(): [LoRaMesher] Packet not for me, deleting it
17:01:05.699 > [403485][I][PacketQueueService.h:80] deleteQueuePacketAndPacket(): [LoRaMesher] Deleting packet
17:01:05.707 > [403493][I][PacketQueueService.h:83] deleteQueuePacketAndPacket(): [LoRaMesher] Deleting packet queue
17:01:05.717 > [403502][V][LoraMesher.cpp:641] processPackets(): [LoRaMesher] Stack space unused after entering the task: 2040
17:01:05.726 > [403512][V][LoraMesher.cpp:642] processPackets(): [LoRaMesher] Free heap: 336876
17:01:10.126 > Send packet 20
17:01:10.128 > Sending packet to D110
17:01:10.130 > [407913][V][LoraMesher.h:250] createPacketAndSend(): [LoRaMesher] Creating a packet for send with 8 bytes
17:01:10.139 > [407925][V][PacketFactory.h:45] createPacket(): [LoRaMesher] Creating packet with 17 bytes
17:01:10.147 > [407933][I][PacketFactory.h:74] createPacket(): [LoRaMesher] Packet created with 17 bytes
17:01:10.155 > [407941][I][LoraMesher.h:659] setPackedForSend(): [LoRaMesher] Adding packet to Q_SP
17:01:10.163 > [407949][I][LoraMesher.h:661] setPackedForSend(): [LoRaMesher] Created packet to Q_SP
17:01:10.170 > [407956][I][LoraMesher.cpp:1061] addToSendOrderedAndNotify(): [LoRaMesher] Added packet to Q_SP, notifying sender task
17:01:10.181 > [407967][V][LoraMesher.cpp:511] sendPackets(): [LoRaMesher] Stack space unused after entering the task: 1972
17:01:10.191 > [407977][V][LoraMesher.cpp:512] sendPackets(): [LoRaMesher] Free heap: 336780
17:01:10.198 > [407983][V][LoraMesher.cpp:518] sendPackets(): [LoRaMesher] Size of Send Packets Queue: 1
17:01:10.205 > [407991][V][LoraMesher.cpp:525] sendPackets(): [LoRaMesher] Send n. 24
17:01:10.212 > [407998][V][LoraMesher.cpp:455] waitBeforeSend(): [LoRaMesher] RandomDelay 990 ms
17:01:11.024 > [408811][V][LoraMesher.cpp:378] receivingRoutine(): [LoRaMesher] Stack space unused after entering the task: 2028
17:01:11.035 > [408821][V][LoraMesher.cpp:379] receivingRoutine(): [LoRaMesher] Free heap: 336808
17:01:11.043 > [408829][I][PacketService.cpp:12] createEmptyPacket(): [LoRaMesher] Packet created with 17 bytes
17:01:11.052 > [408838][I][LoraMesher.cpp:392] receivingRoutine(): [LoRaMesher] Receiving LoRa packet: Size: 17 bytes RSSI: -17 SNR: 13
17:01:11.063 > [408849][V][LoraMesher.cpp:647] processPackets(): [LoRaMesher] Size of Received Packets Queue: 1
17:01:11.072 > [408857][V][LoraMesher.cpp:754] printHeaderPacket(): [LoRaMesher] Packet received -- Size: 17 Src: DE6C Dst: D110 Id: 24 Type: 2 Via: D110 Seq_Id: 0 Num: 0
17:01:11.085 > [408871][I][LoraMesher.cpp:854] processDataPacket(): [LoRaMesher] Data packet from DE6C, destination D110, via D110
17:01:11.096 > [408881][V][LoraMesher.cpp:878] processDataPacket(): [LoRaMesher] Packet not for me, deleting it
17:01:11.104 > [408890][I][PacketQueueService.h:80] deleteQueuePacketAndPacket(): [LoRaMesher] Deleting packet
17:01:11.113 > [408899][I][PacketQueueService.h:83] deleteQueuePacketAndPacket(): [LoRaMesher] Deleting packet queue
17:01:11.122 > [408908][V][LoraMesher.cpp:641] processPackets(): [LoRaMesher] Stack space unused after entering the task: 2040
17:01:11.132 > [408918][V][LoraMesher.cpp:642] processPackets(): [LoRaMesher] Free heap: 336808
17:01:11.215 > [409001][V][LoraMesher.cpp:462] waitBeforeSend(): [LoRaMesher] Preamble detected while waiting 1
17:01:11.224 > [409010][V][LoraMesher.cpp:455] waitBeforeSend(): [LoRaMesher] RandomDelay 422 ms
17:01:11.653 > [409440][V][LoraMesher.cpp:754] printHeaderPacket(): [LoRaMesher] Packet send -- Size: 17 Src: B3F0 Dst: D110 Id: 24 Type: 2 Via: D110 Seq_Id: 0 Num: 0
17:01:11.743 > [409529][V][LoraMesher.cpp:575] sendPackets(): [LoRaMesher] TimeOnAir 63 ms, next message in 0 ms
17:01:11.752 > [409538][I][PacketQueueService.h:80] deleteQueuePacketAndPacket(): [LoRaMesher] Deleting packet
17:01:11.761 > [409547][I][PacketQueueService.h:83] deleteQueuePacketAndPacket(): [LoRaMesher] Deleting packet queue
17:01:13.249 > [411035][V][LoraMesher.cpp:378] receivingRoutine(): [LoRaMesher] Stack space unused after entering the task: 2028
17:01:13.259 > [411045][V][LoraMesher.cpp:379] receivingRoutine(): [LoRaMesher] Free heap: 336876
17:01:13.267 > [411053][I][PacketService.cpp:12] createEmptyPacket(): [LoRaMesher] Packet created with 17 bytes
17:01:13.275 > [411061][I][LoraMesher.cpp:392] receivingRoutine(): [LoRaMesher] Receiving LoRa packet: Size: 17 bytes RSSI: -23 SNR: 13
17:01:13.287 > [411073][V][LoraMesher.cpp:647] processPackets(): [LoRaMesher] Size of Received Packets Queue: 1
17:01:13.295 > [411081][V][LoraMesher.cpp:754] printHeaderPacket(): [LoRaMesher] Packet received -- Size: 17 Src: F02C Dst: D110 Id: 24 Type: 2 Via: D110 Seq_Id: 0 Num: 0
17:01:13.309 > [411095][I][LoraMesher.cpp:854] processDataPacket(): [LoRaMesher] Data packet from F02C, destination D110, via D110
17:01:13.319 > [411105][V][LoraMesher.cpp:878] processDataPacket(): [LoRaMesher] Packet not for me, deleting it
17:01:13.328 > [411114][I][PacketQueueService.h:80] deleteQueuePacketAndPacket(): [LoRaMesher] Deleting packet
17:01:13.336 > [411122][I][PacketQueueService.h:83] deleteQueuePacketAndPacket(): [LoRaMesher] Deleting packet queue
17:01:13.345 > [411131][V][LoraMesher.cpp:641] processPackets(): [LoRaMesher] Stack space unused after entering the task: 2040
17:01:13.355 > [411141][V][LoraMesher.cpp:642] processPackets(): [LoRaMesher] Free heap: 336876
17:01:25.249 > [423035][V][LoraMesher.cpp:378] receivingRoutine(): [LoRaMesher] Stack space unused after entering the task: 2028
17:01:25.259 > [423045][V][LoraMesher.cpp:379] receivingRoutine(): [LoRaMesher] Free heap: 336876
17:01:25.267 > [423053][I][PacketService.cpp:12] createEmptyPacket(): [LoRaMesher] Packet created with 17 bytes
17:01:25.276 > [423062][I][LoraMesher.cpp:392] receivingRoutine(): [LoRaMesher] Receiving LoRa packet: Size: 17 bytes RSSI: -78 SNR: 2
17:01:25.287 > [423073][V][LoraMesher.cpp:647] processPackets(): [LoRaMesher] Size of Received Packets Queue: 1
17:01:25.295 > [423081][V][LoraMesher.cpp:754] printHeaderPacket(): [LoRaMesher] Packet received -- Size: 17 Src: C998 Dst: D110 Id: 10 Type: 2 Via: D110 Seq_Id: 0 Num: 0
17:01:25.309 > [423095][I][LoraMesher.cpp:854] processDataPacket(): [LoRaMesher] Data packet from C998, destination D110, via D110
17:01:25.319 > [423106][V][LoraMesher.cpp:878] processDataPacket(): [LoRaMesher] Packet not for me, deleting it
17:01:25.328 > [423114][I][PacketQueueService.h:80] deleteQueuePacketAndPacket(): [LoRaMesher] Deleting packet
17:01:25.336 > [423123][I][PacketQueueService.h:83] deleteQueuePacketAndPacket(): [LoRaMesher] Deleting packet queue
17:01:25.345 > [423132][V][LoraMesher.cpp:641] processPackets(): [LoRaMesher] Stack space unused after entering the task: 2040
17:01:25.355 > [423142][V][LoraMesher.cpp:642] processPackets(): [LoRaMesher] Free heap: 336876
17:01:30.219 > Send packet 21
17:01:30.220 > Sending packet to D110
17:01:30.222 > [428006][V][LoraMesher.h:250] createPacketAndSend(): [LoRaMesher] Creating a packet for send with 8 bytes
17:01:30.232 > [428018][V][PacketFactory.h:45] createPacket(): [LoRaMesher] Creating packet with 17 bytes
17:01:30.240 > [428026][I][PacketFactory.h:74] createPacket(): [LoRaMesher] Packet created with 17 bytes
17:01:30.248 > [428034][I][LoraMesher.h:659] setPackedForSend(): [LoRaMesher] Adding packet to Q_SP
17:01:30.255 > [428042][I][LoraMesher.h:661] setPackedForSend(): [LoRaMesher] Created packet to Q_SP
17:01:30.263 > [428049][I][LoraMesher.cpp:1061] addToSendOrderedAndNotify(): [LoRaMesher] Added packet to Q_SP, notifying sender task
17:01:30.274 > [428060][V][LoraMesher.cpp:511] sendPackets(): [LoRaMesher] Stack space unused after entering the task: 1972
17:01:30.283 > [428070][V][LoraMesher.cpp:512] sendPackets(): [LoRaMesher] Free heap: 336780
17:01:30.290 > [428076][V][LoraMesher.cpp:518] sendPackets(): [LoRaMesher] Size of Send Packets Queue: 1
17:01:30.298 > [428084][V][LoraMesher.cpp:525] sendPackets(): [LoRaMesher] Send n. 25
17:01:30.304 > [428091][V][LoraMesher.cpp:455] waitBeforeSend(): [LoRaMesher] RandomDelay 445 ms
17:01:30.757 > [428544][V][LoraMesher.cpp:754] printHeaderPacket(): [LoRaMesher] Packet send -- Size: 17 Src: B3F0 Dst: D110 Id: 25 Type: 2 Via: D110 Seq_Id: 0 Num: 0
17:01:30.847 > [428634][V][LoraMesher.cpp:575] sendPackets(): [LoRaMesher] TimeOnAir 63 ms, next message in 0 ms
17:01:30.856 > [428642][I][PacketQueueService.h:80] deleteQueuePacketAndPacket(): [LoRaMesher] Deleting packet
17:01:30.864 > [428651][I][PacketQueueService.h:83] deleteQueuePacketAndPacket(): [LoRaMesher] Deleting packet queue
17:01:32.114 > [429901][V][LoraMesher.cpp:378] receivingRoutine(): [LoRaMesher] Stack space unused after entering the task: 2028
17:01:32.125 > [429911][V][LoraMesher.cpp:379] receivingRoutine(): [LoRaMesher] Free heap: 336876
17:01:32.132 > [429918][I][PacketService.cpp:12] createEmptyPacket(): [LoRaMesher] Packet created with 17 bytes
17:01:32.141 > [429927][I][LoraMesher.cpp:392] receivingRoutine(): [LoRaMesher] Receiving LoRa packet: Size: 17 bytes RSSI: -18 SNR: 12
17:01:32.152 > [429938][V][LoraMesher.cpp:647] processPackets(): [LoRaMesher] Size of Received Packets Queue: 1
17:01:32.162 > [429947][V][LoraMesher.cpp:754] printHeaderPacket(): [LoRaMesher] Packet received -- Size: 17 Src: DE6C Dst: D110 Id: 25 Type: 2 Via: D110 Seq_Id: 0 Num: 0
17:01:32.174 > [429961][I][LoraMesher.cpp:854] processDataPacket(): [LoRaMesher] Data packet from DE6C, destination D110, via D110
17:01:32.185 > [429971][V][LoraMesher.cpp:878] processDataPacket(): [LoRaMesher] Packet not for me, deleting it
17:01:32.193 > [429980][I][PacketQueueService.h:80] deleteQueuePacketAndPacket(): [LoRaMesher] Deleting packet
17:01:32.202 > [429988][I][PacketQueueService.h:83] deleteQueuePacketAndPacket(): [LoRaMesher] Deleting packet queue
17:01:32.211 > [429997][V][LoraMesher.cpp:641] processPackets(): [LoRaMesher] Stack space unused after entering the task: 2040
17:01:32.221 > [430007][V][LoraMesher.cpp:642] processPackets(): [LoRaMesher] Free heap: 336876
17:01:33.077 > [430864][V][LoraMesher.cpp:378] receivingRoutine(): [LoRaMesher] Stack space unused after entering the task: 2028
17:01:33.088 > [430874][V][LoraMesher.cpp:379] receivingRoutine(): [LoRaMesher] Free heap: 336876
17:01:33.095 > [430882][I][PacketService.cpp:12] createEmptyPacket(): [LoRaMesher] Packet created with 17 bytes
17:01:33.104 > [430890][I][LoraMesher.cpp:392] receivingRoutine(): [LoRaMesher] Receiving LoRa packet: Size: 17 bytes RSSI: -24 SNR: 12
17:01:33.115 > [430902][V][LoraMesher.cpp:647] processPackets(): [LoRaMesher] Size of Received Packets Queue: 1
17:01:33.124 > [430910][V][LoraMesher.cpp:754] printHeaderPacket(): [LoRaMesher] Packet received -- Size: 17 Src: F02C Dst: D110 Id: 25 Type: 2 Via: D110 Seq_Id: 0 Num: 0
17:01:33.138 > [430924][I][LoraMesher.cpp:854] processDataPacket(): [LoRaMesher] Data packet from F02C, destination D110, via D110
17:01:33.148 > [430934][V][LoraMesher.cpp:878] processDataPacket(): [LoRaMesher] Packet not for me, deleting it
17:01:33.156 > [430943][I][PacketQueueService.h:80] deleteQueuePacketAndPacket(): [LoRaMesher] Deleting packet
17:01:33.165 > [430951][I][PacketQueueService.h:83] deleteQueuePacketAndPacket(): [LoRaMesher] Deleting packet queue
17:01:33.174 > [430960][V][LoraMesher.cpp:641] processPackets(): [LoRaMesher] Stack space unused after entering the task: 2040
17:01:33.184 > [430970][V][LoraMesher.cpp:642] processPackets(): [LoRaMesher] Free heap: 336876
17:01:45.601 > [443387][V][LoraMesher.cpp:378] receivingRoutine(): [LoRaMesher] Stack space unused after entering the task: 2028
17:01:45.611 > [443398][V][LoraMesher.cpp:379] receivingRoutine(): [LoRaMesher] Free heap: 336876
17:01:45.618 > [443405][I][PacketService.cpp:12] createEmptyPacket(): [LoRaMesher] Packet created with 17 bytes
17:01:45.627 > [443414][I][LoraMesher.cpp:392] receivingRoutine(): [LoRaMesher] Receiving LoRa packet: Size: 17 bytes RSSI: -79 SNR: 0
17:01:45.638 > [443425][V][LoraMesher.cpp:647] processPackets(): [LoRaMesher] Size of Received Packets Queue: 1
17:01:45.647 > [443434][V][LoraMesher.cpp:754] printHeaderPacket(): [LoRaMesher] Packet received -- Size: 17 Src: C998 Dst: D110 Id: 11 Type: 2 Via: D110 Seq_Id: 0 Num: 0
17:01:45.661 > [443447][I][LoraMesher.cpp:854] processDataPacket(): [LoRaMesher] Data packet from C998, destination D110, via D110
17:01:45.671 > [443458][V][LoraMesher.cpp:878] processDataPacket(): [LoRaMesher] Packet not for me, deleting it
17:01:45.680 > [443466][I][PacketQueueService.h:80] deleteQueuePacketAndPacket(): [LoRaMesher] Deleting packet
17:01:45.688 > [443475][I][PacketQueueService.h:83] deleteQueuePacketAndPacket(): [LoRaMesher] Deleting packet queue
17:01:45.697 > [443484][V][LoraMesher.cpp:641] processPackets(): [LoRaMesher] Stack space unused after entering the task: 2040
17:01:45.707 > [443494][V][LoraMesher.cpp:642] processPackets(): [LoRaMesher] Free heap: 336876
17:01:50.312 > Send packet 22
17:01:50.313 > Sending packet to D110
17:01:50.315 > [448099][V][LoraMesher.h:250] createPacketAndSend(): [LoRaMesher] Creating a packet for send with 8 bytes
17:01:50.324 > [448111][V][PacketFactory.h:45] createPacket(): [LoRaMesher] Creating packet with 17 bytes
17:01:50.332 > [448119][I][PacketFactory.h:74] createPacket(): [LoRaMesher] Packet created with 17 bytes
17:01:50.340 > [448127][I][LoraMesher.h:659] setPackedForSend(): [LoRaMesher] Adding packet to Q_SP
17:01:50.348 > [448135][I][LoraMesher.h:661] setPackedForSend(): [LoRaMesher] Created packet to Q_SP
17:01:50.356 > [448142][I][LoraMesher.cpp:1061] addToSendOrderedAndNotify(): [LoRaMesher] Added packet to Q_SP, notifying sender task
17:01:50.366 > [448153][V][LoraMesher.cpp:511] sendPackets(): [LoRaMesher] Stack space unused after entering the task: 1972
17:01:50.376 > [448163][V][LoraMesher.cpp:512] sendPackets(): [LoRaMesher] Free heap: 336780
17:01:50.383 > [448169][V][LoraMesher.cpp:518] sendPackets(): [LoRaMesher] Size of Send Packets Queue: 1
17:01:50.391 > [448177][V][LoraMesher.cpp:525] sendPackets(): [LoRaMesher] Send n. 26
17:01:50.397 > [448184][V][LoraMesher.cpp:455] waitBeforeSend(): [LoRaMesher] RandomDelay 984 ms
17:01:50.984 > [448771][V][LoraMesher.cpp:378] receivingRoutine(): [LoRaMesher] Stack space unused after entering the task: 2028
17:01:50.995 > [448781][V][LoraMesher.cpp:379] receivingRoutine(): [LoRaMesher] Free heap: 336808
17:01:51.002 > [448789][I][PacketService.cpp:12] createEmptyPacket(): [LoRaMesher] Packet created with 17 bytes
17:01:51.011 > [448798][I][LoraMesher.cpp:392] receivingRoutine(): [LoRaMesher] Receiving LoRa packet: Size: 17 bytes RSSI: -18 SNR: 12
17:01:51.022 > [448809][V][LoraMesher.cpp:647] processPackets(): [LoRaMesher] Size of Received Packets Queue: 1
17:01:51.031 > [448818][V][LoraMesher.cpp:754] printHeaderPacket(): [LoRaMesher] Packet received -- Size: 17 Src: DE6C Dst: D110 Id: 26 Type: 2 Via: D110 Seq_Id: 0 Num: 0
17:01:51.045 > [448831][I][LoraMesher.cpp:854] processDataPacket(): [LoRaMesher] Data packet from DE6C, destination D110, via D110
17:01:51.055 > [448842][V][LoraMesher.cpp:878] processDataPacket(): [LoRaMesher] Packet not for me, deleting it
17:01:51.063 > [448850][I][PacketQueueService.h:80] deleteQueuePacketAndPacket(): [LoRaMesher] Deleting packet
17:01:51.072 > [448859][I][PacketQueueService.h:83] deleteQueuePacketAndPacket(): [LoRaMesher] Deleting packet queue
17:01:51.081 > [448868][V][LoraMesher.cpp:641] processPackets(): [LoRaMesher] Stack space unused after entering the task: 2040
17:01:51.091 > [448878][V][LoraMesher.cpp:642] processPackets(): [LoRaMesher] Free heap: 336808
17:01:51.394 > [449181][V][LoraMesher.cpp:462] waitBeforeSend(): [LoRaMesher] Preamble detected while waiting 1
17:01:51.403 > [449190][V][LoraMesher.cpp:455] waitBeforeSend(): [LoRaMesher] RandomDelay 891 ms
17:01:52.302 > [450089][V][LoraMesher.cpp:754] printHeaderPacket(): [LoRaMesher] Packet send -- Size: 17 Src: B3F0 Dst: D110 Id: 26 Type: 2 Via: D110 Seq_Id: 0 Num: 0
17:01:52.391 > [450178][V][LoraMesher.cpp:575] sendPackets(): [LoRaMesher] TimeOnAir 63 ms, next message in 0 ms
17:01:52.400 > [450187][I][PacketQueueService.h:80] deleteQueuePacketAndPacket(): [LoRaMesher] Deleting packet
17:01:52.409 > [450196][I][PacketQueueService.h:83] deleteQueuePacketAndPacket(): [LoRaMesher] Deleting packet queue
17:02:05.757 > [463544][V][LoraMesher.cpp:378] receivingRoutine(): [LoRaMesher] Stack space unused after entering the task: 2028
17:02:05.768 > [463554][V][LoraMesher.cpp:379] receivingRoutine(): [LoRaMesher] Free heap: 336876
17:02:05.774 > [463561][I][PacketService.cpp:12] createEmptyPacket(): [LoRaMesher] Packet created with 17 bytes
17:02:05.783 > [463570][I][LoraMesher.cpp:392] receivingRoutine(): [LoRaMesher] Receiving LoRa packet: Size: 17 bytes RSSI: -80 SNR: -1
17:02:05.795 > [463581][V][LoraMesher.cpp:647] processPackets(): [LoRaMesher] Size of Received Packets Queue: 1
17:02:05.803 > [463590][V][LoraMesher.cpp:754] printHeaderPacket(): [LoRaMesher] Packet received -- Size: 17 Src: C998 Dst: D110 Id: 12 Type: 2 Via: D110 Seq_Id: 0 Num: 0
17:02:05.817 > [463604][I][LoraMesher.cpp:854] processDataPacket(): [LoRaMesher] Data packet from C998, destination D110, via D110
17:02:05.827 > [463614][V][LoraMesher.cpp:878] processDataPacket(): [LoRaMesher] Packet not for me, deleting it
17:02:05.835 > [463622][I][PacketQueueService.h:80] deleteQueuePacketAndPacket(): [LoRaMesher] Deleting packet
17:02:05.844 > [463631][I][PacketQueueService.h:83] deleteQueuePacketAndPacket(): [LoRaMesher] Deleting packet queue
17:02:05.853 > [463640][V][LoraMesher.cpp:641] processPackets(): [LoRaMesher] Stack space unused after entering the task: 2040
17:02:05.863 > [463650][V][LoraMesher.cpp:642] processPackets(): [LoRaMesher] Free heap: 336876
17:02:10.404 > Send packet 23
17:02:10.406 > Sending packet to D110
17:02:10.409 > [468192][V][LoraMesher.h:250] createPacketAndSend(): [LoRaMesher] Creating a packet for send with 8 bytes
17:02:10.418 > [468204][V][PacketFactory.h:45] createPacket(): [LoRaMesher] Creating packet with 17 bytes
17:02:10.426 > [468212][I][PacketFactory.h:74] createPacket(): [LoRaMesher] Packet created with 17 bytes
17:02:10.433 > [468220][I][LoraMesher.h:659] setPackedForSend(): [LoRaMesher] Adding packet to Q_SP
17:02:10.441 > [468228][I][LoraMesher.h:661] setPackedForSend(): [LoRaMesher] Created packet to Q_SP
17:02:10.448 > [468235][I][LoraMesher.cpp:1061] addToSendOrderedAndNotify(): [LoRaMesher] Added packet to Q_SP, notifying sender task
17:02:10.459 > [468246][V][LoraMesher.cpp:511] sendPackets(): [LoRaMesher] Stack space unused after entering the task: 1972
17:02:10.468 > [468256][V][LoraMesher.cpp:512] sendPackets(): [LoRaMesher] Free heap: 336780
17:02:10.475 > [468262][V][LoraMesher.cpp:518] sendPackets(): [LoRaMesher] Size of Send Packets Queue: 1
17:02:10.483 > [468270][V][LoraMesher.cpp:525] sendPackets(): [LoRaMesher] Send n. 27
17:02:10.490 > [468277][V][LoraMesher.cpp:455] waitBeforeSend(): [LoRaMesher] RandomDelay 531 ms
17:02:10.941 > [468728][V][LoraMesher.cpp:378] receivingRoutine(): [LoRaMesher] Stack space unused after entering the task: 2028
17:02:10.951 > [468738][V][LoraMesher.cpp:379] receivingRoutine(): [LoRaMesher] Free heap: 336808
17:02:10.958 > [468746][I][PacketService.cpp:12] createEmptyPacket(): [LoRaMesher] Packet created with 17 bytes
17:02:10.967 > [468754][I][LoraMesher.cpp:392] receivingRoutine(): [LoRaMesher] Receiving LoRa packet: Size: 17 bytes RSSI: -18 SNR: 12
17:02:10.978 > [468765][V][LoraMesher.cpp:647] processPackets(): [LoRaMesher] Size of Received Packets Queue: 1
17:02:10.987 > [468774][V][LoraMesher.cpp:754] printHeaderPacket(): [LoRaMesher] Packet received -- Size: 17 Src: DE6C Dst: D110 Id: 27 Type: 2 Via: D110 Seq_Id: 0 Num: 0
17:02:11.001 > [468788][I][LoraMesher.cpp:854] processDataPacket(): [LoRaMesher] Data packet from DE6C, destination D110, via D110
17:02:11.012 > [468798][V][LoraMesher.cpp:878] processDataPacket(): [LoRaMesher] Packet not for me, deleting it
17:02:11.020 > [468807][I][PacketQueueService.h:80] deleteQueuePacketAndPacket(): [LoRaMesher] Deleting packet
17:02:11.029 > [468815][I][PacketQueueService.h:83] deleteQueuePacketAndPacket(): [LoRaMesher] Deleting packet queue
17:02:11.037 > [468821][V][LoraMesher.cpp:462] waitBeforeSend(): [LoRaMesher] Preamble detected while waiting 1
17:02:11.046 > [468833][V][LoraMesher.cpp:455] waitBeforeSend(): [LoRaMesher] RandomDelay 961 ms
17:02:11.053 > [468833][V][LoraMesher.cpp:641] processPackets(): [LoRaMesher] Stack space unused after entering the task: 2040
17:02:11.064 > [468850][V][LoraMesher.cpp:642] processPackets(): [LoRaMesher] Free heap: 336808
17:02:12.023 > [469811][V][LoraMesher.cpp:754] printHeaderPacket(): [LoRaMesher] Packet send -- Size: 17 Src: B3F0 Dst: D110 Id: 27 Type: 2 Via: D110 Seq_Id: 0 Num: 0
17:02:12.113 > [469900][V][LoraMesher.cpp:575] sendPackets(): [LoRaMesher] TimeOnAir 63 ms, next message in 0 ms
17:02:12.123 > [469909][I][PacketQueueService.h:80] deleteQueuePacketAndPacket(): [LoRaMesher] Deleting packet
17:02:12.131 > [469918][I][PacketQueueService.h:83] deleteQueuePacketAndPacket(): [LoRaMesher] Deleting packet queue
17:02:13.614 > [471401][V][LoraMesher.cpp:378] receivingRoutine(): [LoRaMesher] Stack space unused after entering the task: 2028
17:02:13.625 > [471411][V][LoraMesher.cpp:379] receivingRoutine(): [LoRaMesher] Free heap: 336876
17:02:13.632 > [471419][I][PacketService.cpp:12] createEmptyPacket(): [LoRaMesher] Packet created with 17 bytes
17:02:13.640 > [471427][I][LoraMesher.cpp:392] receivingRoutine(): [LoRaMesher] Receiving LoRa packet: Size: 17 bytes RSSI: -24 SNR: 13
17:02:13.652 > [471439][V][LoraMesher.cpp:647] processPackets(): [LoRaMesher] Size of Received Packets Queue: 1
17:02:13.660 > [471447][V][LoraMesher.cpp:754] printHeaderPacket(): [LoRaMesher] Packet received -- Size: 17 Src: F02C Dst: D110 Id: 27 Type: 2 Via: D110 Seq_Id: 0 Num: 0
17:02:13.675 > [471461][I][LoraMesher.cpp:854] processDataPacket(): [LoRaMesher] Data packet from F02C, destination D110, via D110
17:02:13.685 > [471471][V][LoraMesher.cpp:878] processDataPacket(): [LoRaMesher] Packet not for me, deleting it
17:02:13.694 > [471480][I][PacketQueueService.h:80] deleteQueuePacketAndPacket(): [LoRaMesher] Deleting packet
17:02:13.702 > [471488][I][PacketQueueService.h:83] deleteQueuePacketAndPacket(): [LoRaMesher] Deleting packet queue
17:02:13.711 > [471497][V][LoraMesher.cpp:641] processPackets(): [LoRaMesher] Stack space unused after entering the task: 2040
17:02:13.721 > [471507][V][LoraMesher.cpp:642] processPackets(): [LoRaMesher] Free heap: 336876
17:02:26.239 > [484026][V][LoraMesher.cpp:378] receivingRoutine(): [LoRaMesher] Stack space unused after entering the task: 2028
17:02:26.249 > [484036][V][LoraMesher.cpp:379] receivingRoutine(): [LoRaMesher] Free heap: 336876
17:02:26.257 > [484043][I][PacketService.cpp:12] createEmptyPacket(): [LoRaMesher] Packet created with 17 bytes
17:02:26.266 > [484052][I][LoraMesher.cpp:392] receivingRoutine(): [LoRaMesher] Receiving LoRa packet: Size: 17 bytes RSSI: -80 SNR: 0
17:02:26.277 > [484063][V][LoraMesher.cpp:647] processPackets(): [LoRaMesher] Size of Received Packets Queue: 1
17:02:26.285 > [484072][V][LoraMesher.cpp:754] printHeaderPacket(): [LoRaMesher] Packet received -- Size: 17 Src: C998 Dst: D110 Id: 13 Type: 2 Via: D110 Seq_Id: 0 Num: 0
17:02:26.299 > [484086][I][LoraMesher.cpp:854] processDataPacket(): [LoRaMesher] Data packet from C998, destination D110, via D110
17:02:26.309 > [484096][V][LoraMesher.cpp:878] processDataPacket(): [LoRaMesher] Packet not for me, deleting it
17:02:26.318 > [484105][I][PacketQueueService.h:80] deleteQueuePacketAndPacket(): [LoRaMesher] Deleting packet
17:02:26.326 > [484113][I][PacketQueueService.h:83] deleteQueuePacketAndPacket(): [LoRaMesher] Deleting packet queue
17:02:26.336 > [484122][V][LoraMesher.cpp:641] processPackets(): [LoRaMesher] Stack space unused after entering the task: 2040
17:02:26.345 > [484132][V][LoraMesher.cpp:642] processPackets(): [LoRaMesher] Free heap: 336876
17:02:30.358 > [488145][V][LoraMesher.cpp:598] sendHelloPacket(): [LoRaMesher] Creating Routing Packet
17:02:30.366 > [488153][V][LoraMesher.cpp:599] sendHelloPacket(): [LoRaMesher] Stack space unused after entering the task: 2324
17:02:30.376 > [488163][V][LoraMesher.cpp:600] sendHelloPacket(): [LoRaMesher] Free heap: 336876
17:02:30.384 > [488170][V][PacketFactory.h:45] createPacket(): [LoRaMesher] Creating packet with 24 bytes
17:02:30.392 > [488178][I][PacketFactory.h:74] createPacket(): [LoRaMesher] Packet created with 24 bytes
17:02:30.400 > [488186][I][LoraMesher.h:659] setPackedForSend(): [LoRaMesher] Adding packet to Q_SP
17:02:30.407 > [488194][I][LoraMesher.h:661] setPackedForSend(): [LoRaMesher] Created packet to Q_SP
17:02:30.415 > [488201][I][LoraMesher.cpp:1061] addToSendOrderedAndNotify(): [LoRaMesher] Added packet to Q_SP, notifying sender task
17:02:30.425 > [488212][V][LoraMesher.cpp:511] sendPackets(): [LoRaMesher] Stack space unused after entering the task: 1972
17:02:30.435 > [488222][V][LoraMesher.cpp:512] sendPackets(): [LoRaMesher] Free heap: 336776
17:02:30.442 > [488228][V][LoraMesher.cpp:518] sendPackets(): [LoRaMesher] Size of Send Packets Queue: 1
17:02:30.450 > [488236][V][LoraMesher.cpp:525] sendPackets(): [LoRaMesher] Send n. 28
17:02:30.456 > [488243][V][LoraMesher.cpp:455] waitBeforeSend(): [LoRaMesher] RandomDelay 790 ms
17:02:30.497 > Send packet 24
17:02:30.499 > Sending packet to D110
17:02:30.501 > [488285][V][LoraMesher.h:250] createPacketAndSend(): [LoRaMesher] Creating a packet for send with 8 bytes
17:02:30.511 > [488297][V][PacketFactory.h:45] createPacket(): [LoRaMesher] Creating packet with 17 bytes
17:02:30.519 > [488305][I][PacketFactory.h:74] createPacket(): [LoRaMesher] Packet created with 17 bytes
17:02:30.527 > [488313][I][LoraMesher.h:659] setPackedForSend(): [LoRaMesher] Adding packet to Q_SP
17:02:30.534 > [488321][I][LoraMesher.h:661] setPackedForSend(): [LoRaMesher] Created packet to Q_SP
17:02:30.542 > [488328][I][LoraMesher.cpp:1061] addToSendOrderedAndNotify(): [LoRaMesher] Added packet to Q_SP, notifying sender task
17:02:31.253 > [489041][V][LoraMesher.cpp:754] printHeaderPacket(): [LoRaMesher] Packet send -- Size: 24 Src: B3F0 Dst: FFFF Id: 28 Type: 4 Via: 0 Seq_Id: 0 Num: 0
17:02:31.357 > [489145][V][LoraMesher.cpp:575] sendPackets(): [LoRaMesher] TimeOnAir 78 ms, next message in 0 ms
17:02:31.367 > [489153][I][PacketQueueService.h:80] deleteQueuePacketAndPacket(): [LoRaMesher] Deleting packet
17:02:31.375 > [489162][I][PacketQueueService.h:83] deleteQueuePacketAndPacket(): [LoRaMesher] Deleting packet queue
17:02:31.384 > [489171][V][LoraMesher.cpp:518] sendPackets(): [LoRaMesher] Size of Send Packets Queue: 1
17:02:31.392 > [489179][V][LoraMesher.cpp:525] sendPackets(): [LoRaMesher] Send n. 29
17:02:31.399 > [489185][V][LoraMesher.cpp:455] waitBeforeSend(): [LoRaMesher] RandomDelay 588 ms
17:02:31.993 > [489781][V][LoraMesher.cpp:754] printHeaderPacket(): [LoRaMesher] Packet send -- Size: 17 Src: B3F0 Dst: D110 Id: 29 Type: 2 Via: D110 Seq_Id: 0 Num: 0
17:02:32.083 > [489870][V][LoraMesher.cpp:575] sendPackets(): [LoRaMesher] TimeOnAir 63 ms, next message in 0 ms
17:02:32.093 > [489879][I][PacketQueueService.h:80] deleteQueuePacketAndPacket(): [LoRaMesher] Deleting packet
17:02:32.101 > [489888][I][PacketQueueService.h:83] deleteQueuePacketAndPacket(): [LoRaMesher] Deleting packet queue
17:02:33.342 > [491129][V][LoraMesher.cpp:378] receivingRoutine(): [LoRaMesher] Stack space unused after entering the task: 2028
17:02:33.353 > [491139][V][LoraMesher.cpp:379] receivingRoutine(): [LoRaMesher] Free heap: 336876
17:02:33.360 > [491147][I][PacketService.cpp:12] createEmptyPacket(): [LoRaMesher] Packet created with 17 bytes
17:02:33.369 > [491156][I][LoraMesher.cpp:392] receivingRoutine(): [LoRaMesher] Receiving LoRa packet: Size: 17 bytes RSSI: -24 SNR: 12
17:02:33.380 > [491167][V][LoraMesher.cpp:647] processPackets(): [LoRaMesher] Size of Received Packets Queue: 1
17:02:33.389 > [491175][V][LoraMesher.cpp:754] printHeaderPacket(): [LoRaMesher] Packet received -- Size: 17 Src: F02C Dst: D110 Id: 29 Type: 2 Via: D110 Seq_Id: 0 Num: 0
17:02:33.403 > [491189][I][LoraMesher.cpp:854] processDataPacket(): [LoRaMesher] Data packet from F02C, destination D110, via D110
17:02:33.413 > [491199][V][LoraMesher.cpp:878] processDataPacket(): [LoRaMesher] Packet not for me, deleting it
17:02:33.421 > [491208][I][PacketQueueService.h:80] deleteQueuePacketAndPacket(): [LoRaMesher] Deleting packet
17:02:33.430 > [491216][I][PacketQueueService.h:83] deleteQueuePacketAndPacket(): [LoRaMesher] Deleting packet queue
17:02:33.439 > [491225][V][LoraMesher.cpp:641] processPackets(): [LoRaMesher] Stack space unused after entering the task: 2040
17:02:33.449 > [491235][V][LoraMesher.cpp:642] processPackets(): [LoRaMesher] Free heap: 336876
17:02:34.359 > [492146][V][LoraMesher.cpp:378] receivingRoutine(): [LoRaMesher] Stack space unused after entering the task: 2028
17:02:34.370 > [492157][V][LoraMesher.cpp:379] receivingRoutine(): [LoRaMesher] Free heap: 336876
17:02:34.377 > [492164][I][PacketService.cpp:12] createEmptyPacket(): [LoRaMesher] Packet created with 17 bytes
17:02:34.386 > [492173][I][LoraMesher.cpp:392] receivingRoutine(): [LoRaMesher] Receiving LoRa packet: Size: 17 bytes RSSI: -19 SNR: 12
17:02:34.397 > [492184][V][LoraMesher.cpp:647] processPackets(): [LoRaMesher] Size of Received Packets Queue: 1
17:02:34.406 > [492193][V][LoraMesher.cpp:754] printHeaderPacket(): [LoRaMesher] Packet received -- Size: 17 Src: DE6C Dst: D110 Id: 29 Type: 2 Via: D110 Seq_Id: 0 Num: 0
17:02:34.420 > [492206][I][LoraMesher.cpp:854] processDataPacket(): [LoRaMesher] Data packet from DE6C, destination D110, via D110
17:02:34.430 > [492217][V][LoraMesher.cpp:878] processDataPacket(): [LoRaMesher] Packet not for me, deleting it
17:02:34.439 > [492225][I][PacketQueueService.h:80] deleteQueuePacketAndPacket(): [LoRaMesher] Deleting packet
17:02:34.447 > [492234][I][PacketQueueService.h:83] deleteQueuePacketAndPacket(): [LoRaMesher] Deleting packet queue
17:02:34.456 > [492243][V][LoraMesher.cpp:641] processPackets(): [LoRaMesher] Stack space unused after entering the task: 2040
17:02:34.466 > [492253][V][LoraMesher.cpp:642] processPackets(): [LoRaMesher] Free heap: 336876
17:02:46.367 > [504154][V][LoraMesher.cpp:378] receivingRoutine(): [LoRaMesher] Stack space unused after entering the task: 2028
17:02:46.377 > [504164][V][LoraMesher.cpp:379] receivingRoutine(): [LoRaMesher] Free heap: 336876
17:02:46.385 > [504172][I][PacketService.cpp:12] createEmptyPacket(): [LoRaMesher] Packet created with 17 bytes
17:02:46.393 > [504180][I][LoraMesher.cpp:392] receivingRoutine(): [LoRaMesher] Receiving LoRa packet: Size: 17 bytes RSSI: -78 SNR: 1
17:02:46.405 > [504191][V][LoraMesher.cpp:647] processPackets(): [LoRaMesher] Size of Received Packets Queue: 1
17:02:46.413 > [504200][V][LoraMesher.cpp:754] printHeaderPacket(): [LoRaMesher] Packet received -- Size: 17 Src: C998 Dst: D110 Id: 14 Type: 2 Via: D110 Seq_Id: 0 Num: 0
17:02:46.427 > [504214][I][LoraMesher.cpp:854] processDataPacket(): [LoRaMesher] Data packet from C998, destination D110, via D110
17:02:46.437 > [504224][V][LoraMesher.cpp:878] processDataPacket(): [LoRaMesher] Packet not for me, deleting it
17:02:46.446 > [504233][I][PacketQueueService.h:80] deleteQueuePacketAndPacket(): [LoRaMesher] Deleting packet
17:02:46.454 > [504241][I][PacketQueueService.h:83] deleteQueuePacketAndPacket(): [LoRaMesher] Deleting packet queue
17:02:46.463 > [504250][V][LoraMesher.cpp:641] processPackets(): [LoRaMesher] Stack space unused after entering the task: 2040
17:02:46.473 > [504260][V][LoraMesher.cpp:642] processPackets(): [LoRaMesher] Free heap: 336876
17:02:47.180 > [504967][V][LoraMesher.cpp:378] receivingRoutine(): [LoRaMesher] Stack space unused after entering the task: 2028
17:02:47.190 > [504977][V][LoraMesher.cpp:379] receivingRoutine(): [LoRaMesher] Free heap: 336876
17:02:47.198 > [504985][I][PacketService.cpp:12] createEmptyPacket(): [LoRaMesher] Packet created with 24 bytes
17:02:47.206 > [504993][I][LoraMesher.cpp:392] receivingRoutine(): [LoRaMesher] Receiving LoRa packet: Size: 24 bytes RSSI: -79 SNR: 0
17:02:47.218 > [505004][V][LoraMesher.cpp:647] processPackets(): [LoRaMesher] Size of Received Packets Queue: 1
17:02:47.226 > [505013][V][LoraMesher.cpp:754] printHeaderPacket(): [LoRaMesher] Packet received -- Size: 24 Src: C998 Dst: FFFF Id: 15 Type: 4 Via: 0 Seq_Id: 0 Num: 0
17:02:47.240 > [505027][I][RoutingTableService.cpp:77] processRoute(): [LoRaMesher] Route packet from C998 with size 4
17:02:47.249 > [505036][I][RoutingTableService.cpp:99] resetReceiveSNRRoutePacket(): [LoRaMesher] Reset Receive SNR from C998: 0
17:02:47.259 > [505046][I][RoutingTableService.cpp:192] printRoutingTable(): [LoRaMesher] Current routing table:
17:02:47.268 > [505055][I][RoutingTableService.cpp:206] printRoutingTable(): [LoRaMesher] 0 - D110 via D110 metric 1 Role 1
17:02:47.277 > [505064][I][RoutingTableService.cpp:206] printRoutingTable(): [LoRaMesher] 1 - F02C via F02C metric 1 Role 0
17:02:47.287 > [505074][I][RoutingTableService.cpp:206] printRoutingTable(): [LoRaMesher] 2 - DE6C via DE6C metric 1 Role 0
17:02:47.297 > [505083][I][RoutingTableService.cpp:206] printRoutingTable(): [LoRaMesher] 3 - C998 via C998 metric 1 Role 0
17:02:47.306 > [505093][I][PacketQueueService.h:80] deleteQueuePacketAndPacket(): [LoRaMesher] Deleting packet
17:02:47.315 > [505102][I][PacketQueueService.h:83] deleteQueuePacketAndPacket(): [LoRaMesher] Deleting packet queue
17:02:47.324 > [505111][V][LoraMesher.cpp:641] processPackets(): [LoRaMesher] Stack space unused after entering the task: 2040
17:02:47.334 > [505121][V][LoraMesher.cpp:642] processPackets(): [LoRaMesher] Free heap: 336876
17:02:49.533 > [507320][V][LoraMesher.cpp:378] receivingRoutine(): [LoRaMesher] Stack space unused after entering the task: 2028
17:02:49.543 > [507330][V][LoraMesher.cpp:379] receivingRoutine(): [LoRaMesher] Free heap: 336876
17:02:49.551 > [507337][I][PacketService.cpp:12] createEmptyPacket(): [LoRaMesher] Packet created with 24 bytes
17:02:49.559 > [507346][I][LoraMesher.cpp:392] receivingRoutine(): [LoRaMesher] Receiving LoRa packet: Size: 24 bytes RSSI: 0 SNR: 13
17:02:49.570 > [507357][V][LoraMesher.cpp:647] processPackets(): [LoRaMesher] Size of Received Packets Queue: 1
17:02:49.579 > [507366][V][LoraMesher.cpp:754] printHeaderPacket(): [LoRaMesher] Packet received -- Size: 24 Src: D110 Dst: FFFF Id: 4 Type: 4 Via: 0 Seq_Id: 0 Num: 0
17:02:49.592 > [507379][I][RoutingTableService.cpp:77] processRoute(): [LoRaMesher] Route packet from D110 with size 4
17:02:49.602 > [507389][I][RoutingTableService.cpp:99] resetReceiveSNRRoutePacket(): [LoRaMesher] Reset Receive SNR from D110: 13
17:02:49.612 > [507399][I][RoutingTableService.cpp:192] printRoutingTable(): [LoRaMesher] Current routing table:
17:02:49.620 > [507407][I][RoutingTableService.cpp:206] printRoutingTable(): [LoRaMesher] 0 - D110 via D110 metric 1 Role 1
17:02:49.630 > [507417][I][RoutingTableService.cpp:206] printRoutingTable(): [LoRaMesher] 1 - F02C via F02C metric 1 Role 0
17:02:49.640 > [507427][I][RoutingTableService.cpp:206] printRoutingTable(): [LoRaMesher] 2 - DE6C via DE6C metric 1 Role 0
17:02:49.649 > [507436][I][RoutingTableService.cpp:206] printRoutingTable(): [LoRaMesher] 3 - C998 via C998 metric 1 Role 0
17:02:49.659 > [507446][I][PacketQueueService.h:80] deleteQueuePacketAndPacket(): [LoRaMesher] Deleting packet
17:02:49.667 > [507454][I][PacketQueueService.h:83] deleteQueuePacketAndPacket(): [LoRaMesher] Deleting packet queue
17:02:49.677 > [507463][V][LoraMesher.cpp:641] processPackets(): [LoRaMesher] Stack space unused after entering the task: 2040
17:02:49.686 > [507473][V][LoraMesher.cpp:642] processPackets(): [LoRaMesher] Free heap: 336876
17:02:50.551 > Send packet 25
17:02:50.553 > Sending packet to D110
17:02:50.555 > [508339][V][LoraMesher.h:250] createPacketAndSend(): [LoRaMesher] Creating a packet for send with 8 bytes
17:02:50.564 > [508351][V][PacketFactory.h:45] createPacket(): [LoRaMesher] Creating packet with 17 bytes
17:02:50.572 > [508359][I][PacketFactory.h:74] createPacket(): [LoRaMesher] Packet created with 17 bytes
17:02:50.580 > [508367][I][LoraMesher.h:659] setPackedForSend(): [LoRaMesher] Adding packet to Q_SP
17:02:50.588 > [508375][I][LoraMesher.h:661] setPackedForSend(): [LoRaMesher] Created packet to Q_SP
17:02:50.595 > [508382][I][LoraMesher.cpp:1061] addToSendOrderedAndNotify(): [LoRaMesher] Added packet to Q_SP, notifying sender task
17:02:50.606 > [508393][V][LoraMesher.cpp:511] sendPackets(): [LoRaMesher] Stack space unused after entering the task: 1972
17:02:50.616 > [508403][V][LoraMesher.cpp:512] sendPackets(): [LoRaMesher] Free heap: 336780
17:02:50.622 > [508409][V][LoraMesher.cpp:518] sendPackets(): [LoRaMesher] Size of Send Packets Queue: 1
17:02:50.630 > [508417][V][LoraMesher.cpp:525] sendPackets(): [LoRaMesher] Send n. 30
17:02:50.637 > [508424][V][LoraMesher.cpp:455] waitBeforeSend(): [LoRaMesher] RandomDelay 297 ms
17:02:50.941 > [508729][V][LoraMesher.cpp:754] printHeaderPacket(): [LoRaMesher] Packet send -- Size: 17 Src: B3F0 Dst: D110 Id: 30 Type: 2 Via: D110 Seq_Id: 0 Num: 0
17:02:51.031 > [508819][V][LoraMesher.cpp:575] sendPackets(): [LoRaMesher] TimeOnAir 63 ms, next message in 0 ms
17:02:51.040 > [508827][I][PacketQueueService.h:80] deleteQueuePacketAndPacket(): [LoRaMesher] Deleting packet
17:02:51.049 > [508836][I][PacketQueueService.h:83] deleteQueuePacketAndPacket(): [LoRaMesher] Deleting packet queue
17:02:52.274 > [510061][V][LoraMesher.cpp:378] receivingRoutine(): [LoRaMesher] Stack space unused after entering the task: 2028
17:02:52.284 > [510071][V][LoraMesher.cpp:379] receivingRoutine(): [LoRaMesher] Free heap: 336876
17:02:52.292 > [510079][I][PacketService.cpp:12] createEmptyPacket(): [LoRaMesher] Packet created with 17 bytes
17:02:52.301 > [510088][I][LoraMesher.cpp:392] receivingRoutine(): [LoRaMesher] Receiving LoRa packet: Size: 17 bytes RSSI: -24 SNR: 12
17:02:52.312 > [510099][V][LoraMesher.cpp:647] processPackets(): [LoRaMesher] Size of Received Packets Queue: 1
17:02:52.320 > [510107][V][LoraMesher.cpp:754] printHeaderPacket(): [LoRaMesher] Packet received -- Size: 17 Src: F02C Dst: D110 Id: 30 Type: 2 Via: D110 Seq_Id: 0 Num: 0
17:02:52.334 > [510121][I][LoraMesher.cpp:854] processDataPacket(): [LoRaMesher] Data packet from F02C, destination D110, via D110
17:02:52.344 > [510131][V][LoraMesher.cpp:878] processDataPacket(): [LoRaMesher] Packet not for me, deleting it
17:02:52.353 > [510140][I][PacketQueueService.h:80] deleteQueuePacketAndPacket(): [LoRaMesher] Deleting packet
17:02:52.361 > [510149][I][PacketQueueService.h:83] deleteQueuePacketAndPacket(): [LoRaMesher] Deleting packet queue
17:02:52.371 > [510158][V][LoraMesher.cpp:641] processPackets(): [LoRaMesher] Stack space unused after entering the task: 2040
17:02:52.380 > [510167][V][LoraMesher.cpp:642] processPackets(): [LoRaMesher] Free heap: 336876
17:02:53.615 > [511402][V][LoraMesher.cpp:378] receivingRoutine(): [LoRaMesher] Stack space unused after entering the task: 2028
17:02:53.625 > [511412][V][LoraMesher.cpp:379] receivingRoutine(): [LoRaMesher] Free heap: 336876
17:02:53.633 > [511420][I][PacketService.cpp:12] createEmptyPacket(): [LoRaMesher] Packet created with 17 bytes
17:02:53.641 > [511428][I][LoraMesher.cpp:392] receivingRoutine(): [LoRaMesher] Receiving LoRa packet: Size: 17 bytes RSSI: -18 SNR: 13
17:02:53.653 > [511440][V][LoraMesher.cpp:647] processPackets(): [LoRaMesher] Size of Received Packets Queue: 1
17:02:53.661 > [511448][V][LoraMesher.cpp:754] printHeaderPacket(): [LoRaMesher] Packet received -- Size: 17 Src: DE6C Dst: D110 Id: 30 Type: 2 Via: D110 Seq_Id: 0 Num: 0
17:02:53.675 > [511462][I][LoraMesher.cpp:854] processDataPacket(): [LoRaMesher] Data packet from DE6C, destination D110, via D110
17:02:53.685 > [511472][V][LoraMesher.cpp:878] processDataPacket(): [LoRaMesher] Packet not for me, deleting it
17:02:53.694 > [511481][I][PacketQueueService.h:80] deleteQueuePacketAndPacket(): [LoRaMesher] Deleting packet
17:02:53.702 > [511489][I][PacketQueueService.h:83] deleteQueuePacketAndPacket(): [LoRaMesher] Deleting packet queue
17:02:53.711 > [511498][V][LoraMesher.cpp:641] processPackets(): [LoRaMesher] Stack space unused after entering the task: 2040
17:02:53.721 > [511508][V][LoraMesher.cpp:642] processPackets(): [LoRaMesher] Free heap: 336876
17:03:05.641 > [523428][V][LoraMesher.cpp:378] receivingRoutine(): [LoRaMesher] Stack space unused after entering the task: 2028
17:03:05.651 > [523438][V][LoraMesher.cpp:379] receivingRoutine(): [LoRaMesher] Free heap: 336876
17:03:05.658 > [523446][I][PacketService.cpp:12] createEmptyPacket(): [LoRaMesher] Packet created with 17 bytes
17:03:05.667 > [523454][I][LoraMesher.cpp:392] receivingRoutine(): [LoRaMesher] Receiving LoRa packet: Size: 17 bytes RSSI: -75 SNR: 3
17:03:05.678 > [523466][V][LoraMesher.cpp:647] processPackets(): [LoRaMesher] Size of Received Packets Queue: 1
17:03:05.687 > [523474][V][LoraMesher.cpp:754] printHeaderPacket(): [LoRaMesher] Packet received -- Size: 17 Src: C998 Dst: D110 Id: 16 Type: 2 Via: D110 Seq_Id: 0 Num: 0
17:03:05.701 > [523488][I][LoraMesher.cpp:854] processDataPacket(): [LoRaMesher] Data packet from C998, destination D110, via D110
17:03:05.711 > [523498][V][LoraMesher.cpp:878] processDataPacket(): [LoRaMesher] Packet not for me, deleting it
17:03:05.719 > [523507][I][PacketQueueService.h:80] deleteQueuePacketAndPacket(): [LoRaMesher] Deleting packet
17:03:05.728 > [523515][I][PacketQueueService.h:83] deleteQueuePacketAndPacket(): [LoRaMesher] Deleting packet queue
17:03:05.737 > [523524][V][LoraMesher.cpp:641] processPackets(): [LoRaMesher] Stack space unused after entering the task: 2040
17:03:05.747 > [523534][V][LoraMesher.cpp:642] processPackets(): [LoRaMesher] Free heap: 336876
17:03:10.644 > Send packet 26
17:03:10.645 > Sending packet to D110
17:03:10.647 > [528432][V][LoraMesher.h:250] createPacketAndSend(): [LoRaMesher] Creating a packet for send with 8 bytes
17:03:10.657 > [528444][V][PacketFactory.h:45] createPacket(): [LoRaMesher] Creating packet with 17 bytes
17:03:10.665 > [528452][I][PacketFactory.h:74] createPacket(): [LoRaMesher] Packet created with 17 bytes
17:03:10.673 > [528460][I][LoraMesher.h:659] setPackedForSend(): [LoRaMesher] Adding packet to Q_SP
17:03:10.680 > [528468][I][LoraMesher.h:661] setPackedForSend(): [LoRaMesher] Created packet to Q_SP
17:03:10.688 > [528475][I][LoraMesher.cpp:1061] addToSendOrderedAndNotify(): [LoRaMesher] Added packet to Q_SP, notifying sender task
17:03:10.698 > [528486][V][LoraMesher.cpp:511] sendPackets(): [LoRaMesher] Stack space unused after entering the task: 1972
17:03:10.708 > [528496][V][LoraMesher.cpp:512] sendPackets(): [LoRaMesher] Free heap: 336780
17:03:10.715 > [528502][V][LoraMesher.cpp:518] sendPackets(): [LoRaMesher] Size of Send Packets Queue: 1
17:03:10.723 > [528510][V][LoraMesher.cpp:525] sendPackets(): [LoRaMesher] Send n. 31
17:03:10.729 > [528517][V][LoraMesher.cpp:455] waitBeforeSend(): [LoRaMesher] RandomDelay 875 ms
17:03:11.283 > [529070][V][LoraMesher.cpp:378] receivingRoutine(): [LoRaMesher] Stack space unused after entering the task: 2028
17:03:11.293 > [529080][V][LoraMesher.cpp:379] receivingRoutine(): [LoRaMesher] Free heap: 336808
17:03:11.301 > [529088][I][PacketService.cpp:12] createEmptyPacket(): [LoRaMesher] Packet created with 17 bytes
17:03:11.309 > [529097][I][LoraMesher.cpp:392] receivingRoutine(): [LoRaMesher] Receiving LoRa packet: Size: 17 bytes RSSI: -24 SNR: 13
17:03:11.321 > [529108][V][LoraMesher.cpp:647] processPackets(): [LoRaMesher] Size of Received Packets Queue: 1
17:03:11.329 > [529117][V][LoraMesher.cpp:754] printHeaderPacket(): [LoRaMesher] Packet received -- Size: 17 Src: F02C Dst: D110 Id: 31 Type: 2 Via: D110 Seq_Id: 0 Num: 0
17:03:11.343 > [529130][I][LoraMesher.cpp:854] processDataPacket(): [LoRaMesher] Data packet from F02C, destination D110, via D110
17:03:11.353 > [529141][V][LoraMesher.cpp:878] processDataPacket(): [LoRaMesher] Packet not for me, deleting it
17:03:11.362 > [529149][I][PacketQueueService.h:80] deleteQueuePacketAndPacket(): [LoRaMesher] Deleting packet
17:03:11.370 > [529158][I][PacketQueueService.h:83] deleteQueuePacketAndPacket(): [LoRaMesher] Deleting packet queue
17:03:11.379 > [529167][V][LoraMesher.cpp:641] processPackets(): [LoRaMesher] Stack space unused after entering the task: 2040
17:03:11.389 > [529177][V][LoraMesher.cpp:642] processPackets(): [LoRaMesher] Free heap: 336808
17:03:11.618 > [529405][V][LoraMesher.cpp:462] waitBeforeSend(): [LoRaMesher] Preamble detected while waiting 1
17:03:11.627 > [529414][V][LoraMesher.cpp:455] waitBeforeSend(): [LoRaMesher] RandomDelay 1012 ms
17:03:11.817 > [529604][V][LoraMesher.cpp:378] receivingRoutine(): [LoRaMesher] Stack space unused after entering the task: 2028
17:03:11.827 > [529615][V][LoraMesher.cpp:379] receivingRoutine(): [LoRaMesher] Free heap: 336808
17:03:11.835 > [529622][I][PacketService.cpp:12] createEmptyPacket(): [LoRaMesher] Packet created with 17 bytes
17:03:11.843 > [529631][I][LoraMesher.cpp:392] receivingRoutine(): [LoRaMesher] Receiving LoRa packet: Size: 17 bytes RSSI: -19 SNR: 12
17:03:11.855 > [529642][V][LoraMesher.cpp:647] processPackets(): [LoRaMesher] Size of Received Packets Queue: 1
17:03:11.863 > [529651][V][LoraMesher.cpp:754] printHeaderPacket(): [LoRaMesher] Packet received -- Size: 17 Src: DE6C Dst: D110 Id: 31 Type: 2 Via: D110 Seq_Id: 0 Num: 0
17:03:11.877 > [529665][I][LoraMesher.cpp:854] processDataPacket(): [LoRaMesher] Data packet from DE6C, destination D110, via D110
17:03:11.887 > [529675][V][LoraMesher.cpp:878] processDataPacket(): [LoRaMesher] Packet not for me, deleting it
17:03:11.896 > [529683][I][PacketQueueService.h:80] deleteQueuePacketAndPacket(): [LoRaMesher] Deleting packet
17:03:11.904 > [529692][I][PacketQueueService.h:83] deleteQueuePacketAndPacket(): [LoRaMesher] Deleting packet queue
17:03:11.913 > [529701][V][LoraMesher.cpp:641] processPackets(): [LoRaMesher] Stack space unused after entering the task: 2040
17:03:11.923 > [529711][V][LoraMesher.cpp:642] processPackets(): [LoRaMesher] Free heap: 336808
17:03:12.652 > [530439][V][LoraMesher.cpp:462] waitBeforeSend(): [LoRaMesher] Preamble detected while waiting 2
17:03:12.660 > [530448][V][LoraMesher.cpp:455] waitBeforeSend(): [LoRaMesher] RandomDelay 993 ms
17:03:13.661 > [531449][V][LoraMesher.cpp:754] printHeaderPacket(): [LoRaMesher] Packet send -- Size: 17 Src: B3F0 Dst: D110 Id: 31 Type: 2 Via: D110 Seq_Id: 0 Num: 0
17:03:13.751 > [531538][V][LoraMesher.cpp:575] sendPackets(): [LoRaMesher] TimeOnAir 63 ms, next message in 0 ms
17:03:13.760 > [531547][I][PacketQueueService.h:80] deleteQueuePacketAndPacket(): [LoRaMesher] Deleting packet
17:03:13.768 > [531556][I][PacketQueueService.h:83] deleteQueuePacketAndPacket(): [LoRaMesher] Deleting packet queue
17:03:26.491 > [544279][V][LoraMesher.cpp:378] receivingRoutine(): [LoRaMesher] Stack space unused after entering the task: 2028
17:03:26.502 > [544289][V][LoraMesher.cpp:379] receivingRoutine(): [LoRaMesher] Free heap: 336876
17:03:26.509 > [544297][I][PacketService.cpp:12] createEmptyPacket(): [LoRaMesher] Packet created with 17 bytes
17:03:26.518 > [544306][I][LoraMesher.cpp:392] receivingRoutine(): [LoRaMesher] Receiving LoRa packet: Size: 17 bytes RSSI: -76 SNR: 2
17:03:26.529 > [544317][V][LoraMesher.cpp:647] processPackets(): [LoRaMesher] Size of Received Packets Queue: 1
17:03:26.538 > [544325][V][LoraMesher.cpp:754] printHeaderPacket(): [LoRaMesher] Packet received -- Size: 17 Src: C998 Dst: D110 Id: 17 Type: 2 Via: D110 Seq_Id: 0 Num: 0
17:03:26.551 > [544339][I][LoraMesher.cpp:854] processDataPacket(): [LoRaMesher] Data packet from C998, destination D110, via D110
17:03:26.562 > [544349][V][LoraMesher.cpp:878] processDataPacket(): [LoRaMesher] Packet not for me, deleting it
17:03:26.570 > [544358][I][PacketQueueService.h:80] deleteQueuePacketAndPacket(): [LoRaMesher] Deleting packet
17:03:26.579 > [544366][I][PacketQueueService.h:83] deleteQueuePacketAndPacket(): [LoRaMesher] Deleting packet queue
17:03:26.588 > [544375][V][LoraMesher.cpp:641] processPackets(): [LoRaMesher] Stack space unused after entering the task: 2040
17:03:26.598 > [544385][V][LoraMesher.cpp:642] processPackets(): [LoRaMesher] Free heap: 336876
17:03:30.737 > Send packet 27
17:03:30.738 > Sending packet to D110
17:03:30.740 > [548525][V][LoraMesher.h:250] createPacketAndSend(): [LoRaMesher] Creating a packet for send with 8 bytes
17:03:30.749 > [548537][V][PacketFactory.h:45] createPacket(): [LoRaMesher] Creating packet with 17 bytes
17:03:30.757 > [548545][I][PacketFactory.h:74] createPacket(): [LoRaMesher] Packet created with 17 bytes
17:03:30.765 > [548553][I][LoraMesher.h:659] setPackedForSend(): [LoRaMesher] Adding packet to Q_SP
17:03:30.773 > [548561][I][LoraMesher.h:661] setPackedForSend(): [LoRaMesher] Created packet to Q_SP
17:03:30.780 > [548568][I][LoraMesher.cpp:1061] addToSendOrderedAndNotify(): [LoRaMesher] Added packet to Q_SP, notifying sender task
17:03:30.791 > [548579][V][LoraMesher.cpp:511] sendPackets(): [LoRaMesher] Stack space unused after entering the task: 1972
17:03:30.801 > [548589][V][LoraMesher.cpp:512] sendPackets(): [LoRaMesher] Free heap: 336780
17:03:30.808 > [548595][V][LoraMesher.cpp:518] sendPackets(): [LoRaMesher] Size of Send Packets Queue: 1
17:03:30.816 > [548603][V][LoraMesher.cpp:525] sendPackets(): [LoRaMesher] Send n. 32
17:03:30.822 > [548610][V][LoraMesher.cpp:455] waitBeforeSend(): [LoRaMesher] RandomDelay 653 ms
17:03:31.483 > [549271][V][LoraMesher.cpp:754] printHeaderPacket(): [LoRaMesher] Packet send -- Size: 17 Src: B3F0 Dst: D110 Id: 32 Type: 2 Via: D110 Seq_Id: 0 Num: 0
17:03:31.573 > [549361][V][LoraMesher.cpp:575] sendPackets(): [LoRaMesher] TimeOnAir 63 ms, next message in 0 ms
17:03:31.581 > [549369][I][PacketQueueService.h:80] deleteQueuePacketAndPacket(): [LoRaMesher] Deleting packet
17:03:31.591 > [549378][I][PacketQueueService.h:83] deleteQueuePacketAndPacket(): [LoRaMesher] Deleting packet queue
17:03:32.267 > [550055][V][LoraMesher.cpp:378] receivingRoutine(): [LoRaMesher] Stack space unused after entering the task: 2028
17:03:32.278 > [550065][V][LoraMesher.cpp:379] receivingRoutine(): [LoRaMesher] Free heap: 336876
17:03:32.285 > [550073][I][PacketService.cpp:12] createEmptyPacket(): [LoRaMesher] Packet created with 17 bytes
17:03:32.294 > [550082][I][LoraMesher.cpp:392] receivingRoutine(): [LoRaMesher] Receiving LoRa packet: Size: 17 bytes RSSI: -25 SNR: 13
17:03:32.305 > [550093][V][LoraMesher.cpp:647] processPackets(): [LoRaMesher] Size of Received Packets Queue: 1
17:03:32.314 > [550101][V][LoraMesher.cpp:754] printHeaderPacket(): [LoRaMesher] Packet received -- Size: 17 Src: F02C Dst: D110 Id: 32 Type: 2 Via: D110 Seq_Id: 0 Num: 0
17:03:32.327 > [550115][I][LoraMesher.cpp:854] processDataPacket(): [LoRaMesher] Data packet from F02C, destination D110, via D110
17:03:32.338 > [550126][V][LoraMesher.cpp:878] processDataPacket(): [LoRaMesher] Packet not for me, deleting it
17:03:32.346 > [550134][I][PacketQueueService.h:80] deleteQueuePacketAndPacket(): [LoRaMesher] Deleting packet
17:03:32.355 > [550143][I][PacketQueueService.h:83] deleteQueuePacketAndPacket(): [LoRaMesher] Deleting packet queue
17:03:32.364 > [550152][V][LoraMesher.cpp:641] processPackets(): [LoRaMesher] Stack space unused after entering the task: 2040
17:03:32.374 > [550162][V][LoraMesher.cpp:642] processPackets(): [LoRaMesher] Free heap: 336876
17:03:33.501 > [551289][V][LoraMesher.cpp:378] receivingRoutine(): [LoRaMesher] Stack space unused after entering the task: 2028
17:03:33.511 > [551299][V][LoraMesher.cpp:379] receivingRoutine(): [LoRaMesher] Free heap: 336876
17:03:33.520 > [551307][I][PacketService.cpp:12] createEmptyPacket(): [LoRaMesher] Packet created with 17 bytes
17:03:33.528 > [551316][I][LoraMesher.cpp:392] receivingRoutine(): [LoRaMesher] Receiving LoRa packet: Size: 17 bytes RSSI: -18 SNR: 12
17:03:33.539 > [551327][V][LoraMesher.cpp:647] processPackets(): [LoRaMesher] Size of Received Packets Queue: 1
17:03:33.548 > [551335][V][LoraMesher.cpp:754] printHeaderPacket(): [LoRaMesher] Packet received -- Size: 17 Src: DE6C Dst: D110 Id: 32 Type: 2 Via: D110 Seq_Id: 0 Num: 0
17:03:33.561 > [551349][I][LoraMesher.cpp:854] processDataPacket(): [LoRaMesher] Data packet from DE6C, destination D110, via D110
17:03:33.571 > [551359][V][LoraMesher.cpp:878] processDataPacket(): [LoRaMesher] Packet not for me, deleting it
17:03:33.580 > [551368][I][PacketQueueService.h:80] deleteQueuePacketAndPacket(): [LoRaMesher] Deleting packet
17:03:33.589 > [551376][I][PacketQueueService.h:83] deleteQueuePacketAndPacket(): [LoRaMesher] Deleting packet queue
17:03:33.598 > [551385][V][LoraMesher.cpp:641] processPackets(): [LoRaMesher] Stack space unused after entering the task: 2040
17:03:33.607 > [551395][V][LoraMesher.cpp:642] processPackets(): [LoRaMesher] Free heap: 336876
17:03:46.149 > [563937][V][LoraMesher.cpp:378] receivingRoutine(): [LoRaMesher] Stack space unused after entering the task: 2028
17:03:46.160 > [563947][V][LoraMesher.cpp:379] receivingRoutine(): [LoRaMesher] Free heap: 336876
17:03:46.168 > [563955][I][PacketService.cpp:12] createEmptyPacket(): [LoRaMesher] Packet created with 17 bytes
17:03:46.176 > [563964][I][LoraMesher.cpp:392] receivingRoutine(): [LoRaMesher] Receiving LoRa packet: Size: 17 bytes RSSI: -74 SNR: 4
17:03:46.187 > [563975][V][LoraMesher.cpp:647] processPackets(): [LoRaMesher] Size of Received Packets Queue: 1
17:03:46.196 > [563984][V][LoraMesher.cpp:754] printHeaderPacket(): [LoRaMesher] Packet received -- Size: 17 Src: C998 Dst: D110 Id: 18 Type: 2 Via: D110 Seq_Id: 0 Num: 0
17:03:46.209 > [563997][I][LoraMesher.cpp:854] processDataPacket(): [LoRaMesher] Data packet from C998, destination D110, via D110
17:03:46.219 > [564008][V][LoraMesher.cpp:878] processDataPacket(): [LoRaMesher] Packet not for me, deleting it
17:03:46.229 > [564016][I][PacketQueueService.h:80] deleteQueuePacketAndPacket(): [LoRaMesher] Deleting packet
17:03:46.236 > [564025][I][PacketQueueService.h:83] deleteQueuePacketAndPacket(): [LoRaMesher] Deleting packet queue
17:03:46.246 > [564034][V][LoraMesher.cpp:641] processPackets(): [LoRaMesher] Stack space unused after entering the task: 2040
17:03:46.256 > [564044][V][LoraMesher.cpp:642] processPackets(): [LoRaMesher] Free heap: 336876
17:03:50.829 > Send packet 28
17:03:50.832 > Sending packet to D110
17:03:50.834 > [568618][V][LoraMesher.h:250] createPacketAndSend(): [LoRaMesher] Creating a packet for send with 8 bytes
17:03:50.843 > [568630][V][PacketFactory.h:45] createPacket(): [LoRaMesher] Creating packet with 17 bytes
17:03:50.851 > [568638][I][PacketFactory.h:74] createPacket(): [LoRaMesher] Packet created with 17 bytes
17:03:50.859 > [568646][I][LoraMesher.h:659] setPackedForSend(): [LoRaMesher] Adding packet to Q_SP
17:03:50.866 > [568654][I][LoraMesher.h:661] setPackedForSend(): [LoRaMesher] Created packet to Q_SP
17:03:50.874 > [568661][I][LoraMesher.cpp:1061] addToSendOrderedAndNotify(): [LoRaMesher] Added packet to Q_SP, notifying sender task
17:03:50.884 > [568672][V][LoraMesher.cpp:511] sendPackets(): [LoRaMesher] Stack space unused after entering the task: 1972
17:03:50.894 > [568682][V][LoraMesher.cpp:512] sendPackets(): [LoRaMesher] Free heap: 336780
17:03:50.901 > [568688][V][LoraMesher.cpp:518] sendPackets(): [LoRaMesher] Size of Send Packets Queue: 1
17:03:50.909 > [568696][V][LoraMesher.cpp:525] sendPackets(): [LoRaMesher] Send n. 33
17:03:50.916 > [568703][V][LoraMesher.cpp:455] waitBeforeSend(): [LoRaMesher] RandomDelay 1121 ms
17:03:51.354 > [569142][V][LoraMesher.cpp:378] receivingRoutine(): [LoRaMesher] Stack space unused after entering the task: 2028
17:03:51.365 > [569153][V][LoraMesher.cpp:379] receivingRoutine(): [LoRaMesher] Free heap: 336808
17:03:51.373 > [569160][I][PacketService.cpp:12] createEmptyPacket(): [LoRaMesher] Packet created with 17 bytes
17:03:51.382 > [569169][I][LoraMesher.cpp:392] receivingRoutine(): [LoRaMesher] Receiving LoRa packet: Size: 17 bytes RSSI: -25 SNR: 14
17:03:51.393 > [569180][V][LoraMesher.cpp:647] processPackets(): [LoRaMesher] Size of Received Packets Queue: 1
17:03:51.401 > [569189][V][LoraMesher.cpp:754] printHeaderPacket(): [LoRaMesher] Packet received -- Size: 17 Src: F02C Dst: D110 Id: 33 Type: 2 Via: D110 Seq_Id: 0 Num: 0
17:03:51.415 > [569202][I][LoraMesher.cpp:854] processDataPacket(): [LoRaMesher] Data packet from F02C, destination D110, via D110
17:03:51.425 > [569213][V][LoraMesher.cpp:878] processDataPacket(): [LoRaMesher] Packet not for me, deleting it
17:03:51.434 > [569221][I][PacketQueueService.h:80] deleteQueuePacketAndPacket(): [LoRaMesher] Deleting packet
17:03:51.442 > [569230][I][PacketQueueService.h:83] deleteQueuePacketAndPacket(): [LoRaMesher] Deleting packet queue
17:03:51.451 > [569239][V][LoraMesher.cpp:641] processPackets(): [LoRaMesher] Stack space unused after entering the task: 2040
17:03:51.461 > [569249][V][LoraMesher.cpp:642] processPackets(): [LoRaMesher] Free heap: 336808
17:03:52.049 > [569837][V][LoraMesher.cpp:462] waitBeforeSend(): [LoRaMesher] Preamble detected while waiting 1
17:03:52.058 > [569846][V][LoraMesher.cpp:455] waitBeforeSend(): [LoRaMesher] RandomDelay 1014 ms
17:03:53.080 > [570868][V][LoraMesher.cpp:754] printHeaderPacket(): [LoRaMesher] Packet send -- Size: 17 Src: B3F0 Dst: D110 Id: 33 Type: 2 Via: D110 Seq_Id: 0 Num: 0
17:03:53.169 > [570957][V][LoraMesher.cpp:575] sendPackets(): [LoRaMesher] TimeOnAir 63 ms, next message in 0 ms
17:03:53.179 > [570966][I][PacketQueueService.h:80] deleteQueuePacketAndPacket(): [LoRaMesher] Deleting packet
17:03:53.187 > [570975][I][PacketQueueService.h:83] deleteQueuePacketAndPacket(): [LoRaMesher] Deleting packet queue
17:03:53.246 > [571035][V][LoraMesher.cpp:378] receivingRoutine(): [LoRaMesher] Stack space unused after entering the task: 2028
17:03:53.258 > [571045][V][LoraMesher.cpp:379] receivingRoutine(): [LoRaMesher] Free heap: 336876
17:03:53.265 > [571052][I][PacketService.cpp:12] createEmptyPacket(): [LoRaMesher] Packet created with 17 bytes
17:03:53.274 > [571061][I][LoraMesher.cpp:392] receivingRoutine(): [LoRaMesher] Receiving LoRa packet: Size: 17 bytes RSSI: -17 SNR: 12
17:03:53.284 > [571072][V][LoraMesher.cpp:647] processPackets(): [LoRaMesher] Size of Received Packets Queue: 1
17:03:53.294 > [571081][V][LoraMesher.cpp:754] printHeaderPacket(): [LoRaMesher] Packet received -- Size: 17 Src: DE6C Dst: D110 Id: 33 Type: 2 Via: D110 Seq_Id: 0 Num: 0
17:03:53.307 > [571095][I][LoraMesher.cpp:854] processDataPacket(): [LoRaMesher] Data packet from DE6C, destination D110, via D110
17:03:53.317 > [571105][V][LoraMesher.cpp:878] processDataPacket(): [LoRaMesher] Packet not for me, deleting it
17:03:53.326 > [571114][I][PacketQueueService.h:80] deleteQueuePacketAndPacket(): [LoRaMesher] Deleting packet
17:03:53.335 > [571122][I][PacketQueueService.h:83] deleteQueuePacketAndPacket(): [LoRaMesher] Deleting packet queue
17:03:53.344 > [571131][V][LoraMesher.cpp:641] processPackets(): [LoRaMesher] Stack space unused after entering the task: 2040
17:03:53.354 > [571141][V][LoraMesher.cpp:642] processPackets(): [LoRaMesher] Free heap: 336876
17:04:05.841 > [583628][V][LoraMesher.cpp:378] receivingRoutine(): [LoRaMesher] Stack space unused after entering the task: 2028
17:04:05.851 > [583639][V][LoraMesher.cpp:379] receivingRoutine(): [LoRaMesher] Free heap: 336876
17:04:05.859 > [583646][I][PacketService.cpp:12] createEmptyPacket(): [LoRaMesher] Packet created with 17 bytes
17:04:05.867 > [583655][I][LoraMesher.cpp:392] receivingRoutine(): [LoRaMesher] Receiving LoRa packet: Size: 17 bytes RSSI: -74 SNR: 4
17:04:05.878 > [583666][V][LoraMesher.cpp:647] processPackets(): [LoRaMesher] Size of Received Packets Queue: 1
17:04:05.887 > [583675][V][LoraMesher.cpp:754] printHeaderPacket(): [LoRaMesher] Packet received -- Size: 17 Src: C998 Dst: D110 Id: 19 Type: 2 Via: D110 Seq_Id: 0 Num: 0
17:04:05.901 > [583688][I][LoraMesher.cpp:854] processDataPacket(): [LoRaMesher] Data packet from C998, destination D110, via D110
17:04:05.911 > [583699][V][LoraMesher.cpp:878] processDataPacket(): [LoRaMesher] Packet not for me, deleting it
17:04:05.920 > [583707][I][PacketQueueService.h:80] deleteQueuePacketAndPacket(): [LoRaMesher] Deleting packet
17:04:05.928 > [583716][I][PacketQueueService.h:83] deleteQueuePacketAndPacket(): [LoRaMesher] Deleting packet queue
17:04:05.937 > [583725][V][LoraMesher.cpp:641] processPackets(): [LoRaMesher] Stack space unused after entering the task: 2040
17:04:05.947 > [583735][V][LoraMesher.cpp:642] processPackets(): [LoRaMesher] Free heap: 336876
17:04:10.922 > Send packet 29
17:04:10.924 > Sending packet to D110
17:04:10.926 > [588711][V][LoraMesher.h:250] createPacketAndSend(): [LoRaMesher] Creating a packet for send with 8 bytes
17:04:10.935 > [588723][V][PacketFactory.h:45] createPacket(): [LoRaMesher] Creating packet with 17 bytes
17:04:10.944 > [588731][I][PacketFactory.h:74] createPacket(): [LoRaMesher] Packet created with 17 bytes
17:04:10.951 > [588739][I][LoraMesher.h:659] setPackedForSend(): [LoRaMesher] Adding packet to Q_SP
17:04:10.959 > [588747][I][LoraMesher.h:661] setPackedForSend(): [LoRaMesher] Created packet to Q_SP
17:04:10.967 > [588754][I][LoraMesher.cpp:1061] addToSendOrderedAndNotify(): [LoRaMesher] Added packet to Q_SP, notifying sender task
17:04:10.977 > [588765][V][LoraMesher.cpp:511] sendPackets(): [LoRaMesher] Stack space unused after entering the task: 1972
17:04:10.987 > [588775][V][LoraMesher.cpp:512] sendPackets(): [LoRaMesher] Free heap: 336780
17:04:10.994 > [588781][V][LoraMesher.cpp:518] sendPackets(): [LoRaMesher] Size of Send Packets Queue: 1
17:04:11.002 > [588789][V][LoraMesher.cpp:525] sendPackets(): [LoRaMesher] Send n. 34
17:04:11.008 > [588796][V][LoraMesher.cpp:455] waitBeforeSend(): [LoRaMesher] RandomDelay 941 ms
17:04:11.752 > [589539][V][LoraMesher.cpp:378] receivingRoutine(): [LoRaMesher] Stack space unused after entering the task: 2028
17:04:11.762 > [589550][V][LoraMesher.cpp:379] receivingRoutine(): [LoRaMesher] Free heap: 336808
17:04:11.769 > [589557][I][PacketService.cpp:12] createEmptyPacket(): [LoRaMesher] Packet created with 17 bytes
17:04:11.778 > [589566][I][LoraMesher.cpp:392] receivingRoutine(): [LoRaMesher] Receiving LoRa packet: Size: 17 bytes RSSI: -25 SNR: 13
17:04:11.789 > [589577][V][LoraMesher.cpp:647] processPackets(): [LoRaMesher] Size of Received Packets Queue: 1
17:04:11.798 > [589586][V][LoraMesher.cpp:754] printHeaderPacket(): [LoRaMesher] Packet received -- Size: 17 Src: F02C Dst: D110 Id: 34 Type: 2 Via: D110 Seq_Id: 0 Num: 0
17:04:11.812 > [589600][I][LoraMesher.cpp:854] processDataPacket(): [LoRaMesher] Data packet from F02C, destination D110, via D110
17:04:11.822 > [589610][V][LoraMesher.cpp:878] processDataPacket(): [LoRaMesher] Packet not for me, deleting it
17:04:11.831 > [589618][I][PacketQueueService.h:80] deleteQueuePacketAndPacket(): [LoRaMesher] Deleting packet
17:04:11.839 > [589627][I][PacketQueueService.h:83] deleteQueuePacketAndPacket(): [LoRaMesher] Deleting packet queue
17:04:11.848 > [589636][V][LoraMesher.cpp:641] processPackets(): [LoRaMesher] Stack space unused after entering the task: 2040
17:04:11.858 > [589646][V][LoraMesher.cpp:642] processPackets(): [LoRaMesher] Free heap: 336808
17:04:11.962 > [589750][V][LoraMesher.cpp:462] waitBeforeSend(): [LoRaMesher] Preamble detected while waiting 1
17:04:11.971 > [589759][V][LoraMesher.cpp:455] waitBeforeSend(): [LoRaMesher] RandomDelay 708 ms
17:04:12.687 > [590475][V][LoraMesher.cpp:754] printHeaderPacket(): [LoRaMesher] Packet send -- Size: 17 Src: B3F0 Dst: D110 Id: 34 Type: 2 Via: D110 Seq_Id: 0 Num: 0
17:04:12.776 > [590564][V][LoraMesher.cpp:575] sendPackets(): [LoRaMesher] TimeOnAir 63 ms, next message in 0 ms
17:04:12.785 > [590573][I][PacketQueueService.h:80] deleteQueuePacketAndPacket(): [LoRaMesher] Deleting packet
17:04:12.794 > [590582][I][PacketQueueService.h:83] deleteQueuePacketAndPacket(): [LoRaMesher] Deleting packet queue
17:04:13.923 > [591711][V][LoraMesher.cpp:378] receivingRoutine(): [LoRaMesher] Stack space unused after entering the task: 2028
17:04:13.934 > [591721][V][LoraMesher.cpp:379] receivingRoutine(): [LoRaMesher] Free heap: 336876
17:04:13.941 > [591729][I][PacketService.cpp:12] createEmptyPacket(): [LoRaMesher] Packet created with 17 bytes
17:04:13.950 > [591738][I][LoraMesher.cpp:392] receivingRoutine(): [LoRaMesher] Receiving LoRa packet: Size: 17 bytes RSSI: -18 SNR: 12
17:04:13.961 > [591749][V][LoraMesher.cpp:647] processPackets(): [LoRaMesher] Size of Received Packets Queue: 1
17:04:13.970 > [591757][V][LoraMesher.cpp:754] printHeaderPacket(): [LoRaMesher] Packet received -- Size: 17 Src: DE6C Dst: D110 Id: 34 Type: 2 Via: D110 Seq_Id: 0 Num: 0
17:04:13.984 > [591771][I][LoraMesher.cpp:854] processDataPacket(): [LoRaMesher] Data packet from DE6C, destination D110, via D110
17:04:13.994 > [591782][V][LoraMesher.cpp:878] processDataPacket(): [LoRaMesher] Packet not for me, deleting it
17:04:14.002 > [591790][I][PacketQueueService.h:80] deleteQueuePacketAndPacket(): [LoRaMesher] Deleting packet
17:04:14.011 > [591799][I][PacketQueueService.h:83] deleteQueuePacketAndPacket(): [LoRaMesher] Deleting packet queue
17:04:14.020 > [591808][V][LoraMesher.cpp:641] processPackets(): [LoRaMesher] Stack space unused after entering the task: 2040
17:04:14.030 > [591818][V][LoraMesher.cpp:642] processPackets(): [LoRaMesher] Free heap: 336876
17:04:26.187 > [603976][V][LoraMesher.cpp:378] receivingRoutine(): [LoRaMesher] Stack space unused after entering the task: 2028
17:04:26.198 > [603986][V][LoraMesher.cpp:379] receivingRoutine(): [LoRaMesher] Free heap: 336876
17:04:26.205 > [603993][I][PacketService.cpp:12] createEmptyPacket(): [LoRaMesher] Packet created with 17 bytes
17:04:26.214 > [604002][I][LoraMesher.cpp:392] receivingRoutine(): [LoRaMesher] Receiving LoRa packet: Size: 17 bytes RSSI: -74 SNR: 4
17:04:26.225 > [604013][V][LoraMesher.cpp:647] processPackets(): [LoRaMesher] Size of Received Packets Queue: 1
17:04:26.234 > [604022][V][LoraMesher.cpp:754] printHeaderPacket(): [LoRaMesher] Packet received -- Size: 17 Src: C998 Dst: D110 Id: 20 Type: 2 Via: D110 Seq_Id: 0 Num: 0
17:04:26.248 > [604036][I][LoraMesher.cpp:854] processDataPacket(): [LoRaMesher] Data packet from C998, destination D110, via D110
17:04:26.258 > [604046][V][LoraMesher.cpp:878] processDataPacket(): [LoRaMesher] Packet not for me, deleting it
17:04:26.266 > [604054][I][PacketQueueService.h:80] deleteQueuePacketAndPacket(): [LoRaMesher] Deleting packet
17:04:26.275 > [604063][I][PacketQueueService.h:83] deleteQueuePacketAndPacket(): [LoRaMesher] Deleting packet queue
17:04:26.284 > [604072][V][LoraMesher.cpp:641] processPackets(): [LoRaMesher] Stack space unused after entering the task: 2040
17:04:26.294 > [604082][V][LoraMesher.cpp:642] processPackets(): [LoRaMesher] Free heap: 336876
17:04:28.162 > [605951][V][LoraMesher.cpp:694] routingTableManager(): [LoRaMesher] Stack space unused after entering the task: 2296
17:04:28.173 > [605961][V][LoraMesher.cpp:695] routingTableManager(): [LoRaMesher] Free heap: 336876
17:04:28.181 > [605969][I][RoutingTableService.cpp:216] manageTimeoutRoutingTable(): [LoRaMesher] Checking routes timeout
17:04:28.190 > [605978][I][RoutingTableService.cpp:192] printRoutingTable(): [LoRaMesher] Current routing table:
17:04:28.199 > [605987][I][RoutingTableService.cpp:206] printRoutingTable(): [LoRaMesher] 0 - D110 via D110 metric 1 Role 1
17:04:28.209 > [605997][I][RoutingTableService.cpp:206] printRoutingTable(): [LoRaMesher] 1 - F02C via F02C metric 1 Role 0
17:04:28.218 > [606006][I][RoutingTableService.cpp:206] printRoutingTable(): [LoRaMesher] 2 - DE6C via DE6C metric 1 Role 0
17:04:28.228 > [606016][I][RoutingTableService.cpp:206] printRoutingTable(): [LoRaMesher] 3 - C998 via C998 metric 1 Role 0
17:04:30.422 > [608211][V][LoraMesher.cpp:598] sendHelloPacket(): [LoRaMesher] Creating Routing Packet
17:04:30.431 > [608219][V][LoraMesher.cpp:599] sendHelloPacket(): [LoRaMesher] Stack space unused after entering the task: 2324
17:04:30.441 > [608229][V][LoraMesher.cpp:600] sendHelloPacket(): [LoRaMesher] Free heap: 336876
17:04:30.448 > [608236][V][PacketFactory.h:45] createPacket(): [LoRaMesher] Creating packet with 24 bytes
17:04:30.456 > [608244][I][PacketFactory.h:74] createPacket(): [LoRaMesher] Packet created with 24 bytes
17:04:30.464 > [608252][I][LoraMesher.h:659] setPackedForSend(): [LoRaMesher] Adding packet to Q_SP
17:04:30.472 > [608260][I][LoraMesher.h:661] setPackedForSend(): [LoRaMesher] Created packet to Q_SP
17:04:30.479 > [608267][I][LoraMesher.cpp:1061] addToSendOrderedAndNotify(): [LoRaMesher] Added packet to Q_SP, notifying sender task
17:04:30.490 > [608278][V][LoraMesher.cpp:511] sendPackets(): [LoRaMesher] Stack space unused after entering the task: 1972
17:04:30.499 > [608288][V][LoraMesher.cpp:512] sendPackets(): [LoRaMesher] Free heap: 336776
17:04:30.506 > [608294][V][LoraMesher.cpp:518] sendPackets(): [LoRaMesher] Size of Send Packets Queue: 1
17:04:30.514 > [608302][V][LoraMesher.cpp:525] sendPackets(): [LoRaMesher] Send n. 35
17:04:30.521 > [608309][V][LoraMesher.cpp:455] waitBeforeSend(): [LoRaMesher] RandomDelay 1091 ms
17:04:31.015 > Send packet 30
17:04:31.017 > Sending packet to D110
17:04:31.019 > [608804][V][LoraMesher.h:250] createPacketAndSend(): [LoRaMesher] Creating a packet for send with 8 bytes
17:04:31.028 > [608816][V][PacketFactory.h:45] createPacket(): [LoRaMesher] Creating packet with 17 bytes
17:04:31.036 > [608824][I][PacketFactory.h:74] createPacket(): [LoRaMesher] Packet created with 17 bytes
17:04:31.044 > [608832][I][LoraMesher.h:659] setPackedForSend(): [LoRaMesher] Adding packet to Q_SP
17:04:31.052 > [608840][I][LoraMesher.h:661] setPackedForSend(): [LoRaMesher] Created packet to Q_SP
17:04:31.059 > [608847][I][LoraMesher.cpp:1061] addToSendOrderedAndNotify(): [LoRaMesher] Added packet to Q_SP, notifying sender task
17:04:31.619 > [609408][V][LoraMesher.cpp:754] printHeaderPacket(): [LoRaMesher] Packet send -- Size: 24 Src: B3F0 Dst: FFFF Id: 35 Type: 4 Via: 0 Seq_Id: 0 Num: 0
17:04:31.723 > [609512][V][LoraMesher.cpp:575] sendPackets(): [LoRaMesher] TimeOnAir 78 ms, next message in 0 ms
17:04:31.732 > [609520][I][PacketQueueService.h:80] deleteQueuePacketAndPacket(): [LoRaMesher] Deleting packet
17:04:31.741 > [609529][I][PacketQueueService.h:83] deleteQueuePacketAndPacket(): [LoRaMesher] Deleting packet queue
17:04:31.750 > [609538][V][LoraMesher.cpp:518] sendPackets(): [LoRaMesher] Size of Send Packets Queue: 1
17:04:31.758 > [609546][V][LoraMesher.cpp:525] sendPackets(): [LoRaMesher] Send n. 36
17:04:31.764 > [609552][V][LoraMesher.cpp:455] waitBeforeSend(): [LoRaMesher] RandomDelay 281 ms
17:04:32.052 > [609841][V][LoraMesher.cpp:754] printHeaderPacket(): [LoRaMesher] Packet send -- Size: 17 Src: B3F0 Dst: D110 Id: 36 Type: 2 Via: D110 Seq_Id: 0 Num: 0
17:04:32.142 > [609930][V][LoraMesher.cpp:575] sendPackets(): [LoRaMesher] TimeOnAir 63 ms, next message in 0 ms
17:04:32.151 > [609939][I][PacketQueueService.h:80] deleteQueuePacketAndPacket(): [LoRaMesher] Deleting packet
17:04:32.160 > [609948][I][PacketQueueService.h:83] deleteQueuePacketAndPacket(): [LoRaMesher] Deleting packet queue
17:04:32.828 > [610616][V][LoraMesher.cpp:378] receivingRoutine(): [LoRaMesher] Stack space unused after entering the task: 2028
17:04:32.839 > [610627][V][LoraMesher.cpp:379] receivingRoutine(): [LoRaMesher] Free heap: 336876
17:04:32.846 > [610634][I][PacketService.cpp:12] createEmptyPacket(): [LoRaMesher] Packet created with 24 bytes
17:04:32.855 > [610643][I][LoraMesher.cpp:392] receivingRoutine(): [LoRaMesher] Receiving LoRa packet: Size: 24 bytes RSSI: -25 SNR: 13
17:04:32.866 > [610654][V][LoraMesher.cpp:647] processPackets(): [LoRaMesher] Size of Received Packets Queue: 1
17:04:32.875 > [610663][V][LoraMesher.cpp:754] printHeaderPacket(): [LoRaMesher] Packet received -- Size: 24 Src: F02C Dst: FFFF Id: 35 Type: 4 Via: 0 Seq_Id: 0 Num: 0
17:04:32.888 > [610676][I][RoutingTableService.cpp:77] processRoute(): [LoRaMesher] Route packet from F02C with size 4
17:04:32.897 > [610686][I][RoutingTableService.cpp:99] resetReceiveSNRRoutePacket(): [LoRaMesher] Reset Receive SNR from F02C: 13
17:04:32.908 > [610696][I][RoutingTableService.cpp:192] printRoutingTable(): [LoRaMesher] Current routing table:
17:04:32.916 > [610704][I][RoutingTableService.cpp:206] printRoutingTable(): [LoRaMesher] 0 - D110 via D110 metric 1 Role 1
17:04:32.926 > [610714][I][RoutingTableService.cpp:206] printRoutingTable(): [LoRaMesher] 1 - F02C via F02C metric 1 Role 0
17:04:32.936 > [610724][I][RoutingTableService.cpp:206] printRoutingTable(): [LoRaMesher] 2 - DE6C via DE6C metric 1 Role 0
17:04:32.945 > [610733][I][RoutingTableService.cpp:206] printRoutingTable(): [LoRaMesher] 3 - C998 via C998 metric 1 Role 0
17:04:32.966 > [610743][I][PacketQueueService.h:80] deleteQueuePacketAndPacket(): [LoRaMesher] Deleting packet
17:04:32.966 > [610751][I][PacketQueueService.h:83] deleteQueuePacketAndPacket(): [LoRaMesher] Deleting packet queue
17:04:32.972 > [610760][V][LoraMesher.cpp:641] processPackets(): [LoRaMesher] Stack space unused after entering the task: 2040
17:04:32.982 > [610770][V][LoraMesher.cpp:642] processPackets(): [LoRaMesher] Free heap: 336876
17:04:33.541 > [611329][V][LoraMesher.cpp:378] receivingRoutine(): [LoRaMesher] Stack space unused after entering the task: 2028
17:04:33.551 > [611340][V][LoraMesher.cpp:379] receivingRoutine(): [LoRaMesher] Free heap: 336876
17:04:33.559 > [611347][I][PacketService.cpp:12] createEmptyPacket(): [LoRaMesher] Packet created with 17 bytes
17:04:33.568 > [611356][I][LoraMesher.cpp:392] receivingRoutine(): [LoRaMesher] Receiving LoRa packet: Size: 17 bytes RSSI: -25 SNR: 12
17:04:33.579 > [611367][V][LoraMesher.cpp:647] processPackets(): [LoRaMesher] Size of Received Packets Queue: 1
17:04:33.588 > [611376][V][LoraMesher.cpp:754] printHeaderPacket(): [LoRaMesher] Packet received -- Size: 17 Src: F02C Dst: D110 Id: 36 Type: 2 Via: D110 Seq_Id: 0 Num: 0
17:04:33.601 > [611389][I][LoraMesher.cpp:854] processDataPacket(): [LoRaMesher] Data packet from F02C, destination D110, via D110
17:04:33.612 > [611400][V][LoraMesher.cpp:878] processDataPacket(): [LoRaMesher] Packet not for me, deleting it
17:04:33.620 > [611408][I][PacketQueueService.h:80] deleteQueuePacketAndPacket(): [LoRaMesher] Deleting packet
17:04:33.629 > [611417][I][PacketQueueService.h:83] deleteQueuePacketAndPacket(): [LoRaMesher] Deleting packet queue
17:04:33.638 > [611426][V][LoraMesher.cpp:641] processPackets(): [LoRaMesher] Stack space unused after entering the task: 2040
17:04:33.648 > [611436][V][LoraMesher.cpp:642] processPackets(): [LoRaMesher] Free heap: 336876
17:04:35.144 > [612933][V][LoraMesher.cpp:378] receivingRoutine(): [LoRaMesher] Stack space unused after entering the task: 2028
17:04:35.155 > [612943][V][LoraMesher.cpp:379] receivingRoutine(): [LoRaMesher] Free heap: 336876
17:04:35.162 > [612951][I][PacketService.cpp:12] createEmptyPacket(): [LoRaMesher] Packet created with 17 bytes
17:04:35.171 > [612959][I][LoraMesher.cpp:392] receivingRoutine(): [LoRaMesher] Receiving LoRa packet: Size: 17 bytes RSSI: -19 SNR: 12
17:04:35.182 > [612970][V][LoraMesher.cpp:647] processPackets(): [LoRaMesher] Size of Received Packets Queue: 1
17:04:35.191 > [612979][V][LoraMesher.cpp:754] printHeaderPacket(): [LoRaMesher] Packet received -- Size: 17 Src: DE6C Dst: D110 Id: 36 Type: 2 Via: D110 Seq_Id: 0 Num: 0
17:04:35.205 > [612993][I][LoraMesher.cpp:854] processDataPacket(): [LoRaMesher] Data packet from DE6C, destination D110, via D110
17:04:35.215 > [613003][V][LoraMesher.cpp:878] processDataPacket(): [LoRaMesher] Packet not for me, deleting it
17:04:35.224 > [613012][I][PacketQueueService.h:80] deleteQueuePacketAndPacket(): [LoRaMesher] Deleting packet
17:04:35.232 > [613020][I][PacketQueueService.h:83] deleteQueuePacketAndPacket(): [LoRaMesher] Deleting packet queue
17:04:35.241 > [613029][V][LoraMesher.cpp:641] processPackets(): [LoRaMesher] Stack space unused after entering the task: 2040
17:04:35.251 > [613039][V][LoraMesher.cpp:642] processPackets(): [LoRaMesher] Free heap: 336876
17:04:46.240 > [624029][V][LoraMesher.cpp:378] receivingRoutine(): [LoRaMesher] Stack space unused after entering the task: 2028
17:04:46.251 > [624039][V][LoraMesher.cpp:379] receivingRoutine(): [LoRaMesher] Free heap: 336876
17:04:46.258 > [624046][I][PacketService.cpp:12] createEmptyPacket(): [LoRaMesher] Packet created with 17 bytes
17:04:46.267 > [624055][I][LoraMesher.cpp:392] receivingRoutine(): [LoRaMesher] Receiving LoRa packet: Size: 17 bytes RSSI: -79 SNR: -2
17:04:46.278 > [624066][V][LoraMesher.cpp:647] processPackets(): [LoRaMesher] Size of Received Packets Queue: 1
17:04:46.287 > [624075][V][LoraMesher.cpp:754] printHeaderPacket(): [LoRaMesher] Packet received -- Size: 17 Src: C998 Dst: D110 Id: 21 Type: 2 Via: D110 Seq_Id: 0 Num: 0
17:04:46.300 > [624089][I][LoraMesher.cpp:854] processDataPacket(): [LoRaMesher] Data packet from C998, destination D110, via D110
17:04:46.311 > [624099][V][LoraMesher.cpp:878] processDataPacket(): [LoRaMesher] Packet not for me, deleting it
17:04:46.319 > [624108][I][PacketQueueService.h:80] deleteQueuePacketAndPacket(): [LoRaMesher] Deleting packet
17:04:46.328 > [624116][I][PacketQueueService.h:83] deleteQueuePacketAndPacket(): [LoRaMesher] Deleting packet queue
17:04:46.337 > [624125][V][LoraMesher.cpp:641] processPackets(): [LoRaMesher] Stack space unused after entering the task: 2040
17:04:46.347 > [624135][V][LoraMesher.cpp:642] processPackets(): [LoRaMesher] Free heap: 336876
17:04:47.254 > [625043][V][LoraMesher.cpp:378] receivingRoutine(): [LoRaMesher] Stack space unused after entering the task: 2028
17:04:47.265 > [625053][V][LoraMesher.cpp:379] receivingRoutine(): [LoRaMesher] Free heap: 336876
17:04:47.272 > [625060][I][PacketService.cpp:12] createEmptyPacket(): [LoRaMesher] Packet created with 24 bytes
17:04:47.281 > [625069][I][LoraMesher.cpp:392] receivingRoutine(): [LoRaMesher] Receiving LoRa packet: Size: 24 bytes RSSI: -79 SNR: -1
17:04:47.292 > [625080][V][LoraMesher.cpp:647] processPackets(): [LoRaMesher] Size of Received Packets Queue: 1
17:04:47.301 > [625089][V][LoraMesher.cpp:754] printHeaderPacket(): [LoRaMesher] Packet received -- Size: 24 Src: C998 Dst: FFFF Id: 22 Type: 4 Via: 0 Seq_Id: 0 Num: 0
17:04:47.314 > [625103][I][RoutingTableService.cpp:77] processRoute(): [LoRaMesher] Route packet from C998 with size 4
17:04:47.323 > [625112][I][RoutingTableService.cpp:99] resetReceiveSNRRoutePacket(): [LoRaMesher] Reset Receive SNR from C998: -1
17:04:47.334 > [625122][I][RoutingTableService.cpp:192] printRoutingTable(): [LoRaMesher] Current routing table:
17:04:47.342 > [625131][I][RoutingTableService.cpp:206] printRoutingTable(): [LoRaMesher] 0 - D110 via D110 metric 1 Role 1
17:04:47.352 > [625140][I][RoutingTableService.cpp:206] printRoutingTable(): [LoRaMesher] 1 - F02C via F02C metric 1 Role 0
17:04:47.362 > [625150][I][RoutingTableService.cpp:206] printRoutingTable(): [LoRaMesher] 2 - DE6C via DE6C metric 1 Role 0
17:04:47.371 > [625160][I][RoutingTableService.cpp:206] printRoutingTable(): [LoRaMesher] 3 - C998 via C998 metric 1 Role 0
17:04:47.381 > [625169][I][PacketQueueService.h:80] deleteQueuePacketAndPacket(): [LoRaMesher] Deleting packet
17:04:47.389 > [625178][I][PacketQueueService.h:83] deleteQueuePacketAndPacket(): [LoRaMesher] Deleting packet queue
17:04:47.398 > [625187][V][LoraMesher.cpp:641] processPackets(): [LoRaMesher] Stack space unused after entering the task: 2040
17:04:47.408 > [625197][V][LoraMesher.cpp:642] processPackets(): [LoRaMesher] Free heap: 336876
17:04:49.603 > [627391][V][LoraMesher.cpp:378] receivingRoutine(): [LoRaMesher] Stack space unused after entering the task: 2028
17:04:49.613 > [627401][V][LoraMesher.cpp:379] receivingRoutine(): [LoRaMesher] Free heap: 336876
17:04:49.621 > [627409][I][PacketService.cpp:12] createEmptyPacket(): [LoRaMesher] Packet created with 24 bytes
17:04:49.629 > [627418][I][LoraMesher.cpp:392] receivingRoutine(): [LoRaMesher] Receiving LoRa packet: Size: 24 bytes RSSI: 0 SNR: 14
17:04:49.640 > [627429][V][LoraMesher.cpp:647] processPackets(): [LoRaMesher] Size of Received Packets Queue: 1
17:04:49.649 > [627437][V][LoraMesher.cpp:754] printHeaderPacket(): [LoRaMesher] Packet received -- Size: 24 Src: D110 Dst: FFFF Id: 6 Type: 4 Via: 0 Seq_Id: 0 Num: 0
17:04:49.662 > [627451][I][RoutingTableService.cpp:77] processRoute(): [LoRaMesher] Route packet from D110 with size 4
17:04:49.672 > [627460][I][RoutingTableService.cpp:99] resetReceiveSNRRoutePacket(): [LoRaMesher] Reset Receive SNR from D110: 14
17:04:49.682 > [627470][I][RoutingTableService.cpp:192] printRoutingTable(): [LoRaMesher] Current routing table:
17:04:49.691 > [627479][I][RoutingTableService.cpp:206] printRoutingTable(): [LoRaMesher] 0 - D110 via D110 metric 1 Role 1
17:04:49.700 > [627489][I][RoutingTableService.cpp:206] printRoutingTable(): [LoRaMesher] 1 - F02C via F02C metric 1 Role 0
17:04:49.710 > [627498][I][RoutingTableService.cpp:206] printRoutingTable(): [LoRaMesher] 2 - DE6C via DE6C metric 1 Role 0
17:04:49.719 > [627508][I][RoutingTableService.cpp:206] printRoutingTable(): [LoRaMesher] 3 - C998 via C998 metric 1 Role 0
17:04:49.729 > [627518][I][PacketQueueService.h:80] deleteQueuePacketAndPacket(): [LoRaMesher] Deleting packet
17:04:49.738 > [627526][I][PacketQueueService.h:83] deleteQueuePacketAndPacket(): [LoRaMesher] Deleting packet queue
17:04:49.747 > [627535][V][LoraMesher.cpp:641] processPackets(): [LoRaMesher] Stack space unused after entering the task: 2040
17:04:49.757 > [627545][V][LoraMesher.cpp:642] processPackets(): [LoRaMesher] Free heap: 336876
17:04:51.069 > Send packet 31
17:04:51.070 > Sending packet to D110
17:04:51.072 > [628858][V][LoraMesher.h:250] createPacketAndSend(): [LoRaMesher] Creating a packet for send with 8 bytes
17:04:51.082 > [628870][V][PacketFactory.h:45] createPacket(): [LoRaMesher] Creating packet with 17 bytes
17:04:51.090 > [628878][I][PacketFactory.h:74] createPacket(): [LoRaMesher] Packet created with 17 bytes
17:04:51.098 > [628886][I][LoraMesher.h:659] setPackedForSend(): [LoRaMesher] Adding packet to Q_SP
17:04:51.105 > [628894][I][LoraMesher.h:661] setPackedForSend(): [LoRaMesher] Created packet to Q_SP
17:04:51.113 > [628901][I][LoraMesher.cpp:1061] addToSendOrderedAndNotify(): [LoRaMesher] Added packet to Q_SP, notifying sender task
17:04:51.123 > [628912][V][LoraMesher.cpp:511] sendPackets(): [LoRaMesher] Stack space unused after entering the task: 1972
17:04:51.133 > [628922][V][LoraMesher.cpp:512] sendPackets(): [LoRaMesher] Free heap: 336780
17:04:51.140 > [628928][V][LoraMesher.cpp:518] sendPackets(): [LoRaMesher] Size of Send Packets Queue: 1
17:04:51.148 > [628936][V][LoraMesher.cpp:525] sendPackets(): [LoRaMesher] Send n. 37
17:04:51.154 > [628943][V][LoraMesher.cpp:455] waitBeforeSend(): [LoRaMesher] RandomDelay 589 ms
17:04:51.751 > [629540][V][LoraMesher.cpp:754] printHeaderPacket(): [LoRaMesher] Packet send -- Size: 17 Src: B3F0 Dst: D110 Id: 37 Type: 2 Via: D110 Seq_Id: 0 Num: 0
17:04:51.841 > [629630][V][LoraMesher.cpp:575] sendPackets(): [LoRaMesher] TimeOnAir 63 ms, next message in 0 ms
17:04:51.850 > [629638][I][PacketQueueService.h:80] deleteQueuePacketAndPacket(): [LoRaMesher] Deleting packet
17:04:51.858 > [629647][I][PacketQueueService.h:83] deleteQueuePacketAndPacket(): [LoRaMesher] Deleting packet queue
17:04:52.742 > [630530][V][LoraMesher.cpp:378] receivingRoutine(): [LoRaMesher] Stack space unused after entering the task: 2028
17:04:52.752 > [630541][V][LoraMesher.cpp:379] receivingRoutine(): [LoRaMesher] Free heap: 336876
17:04:52.760 > [630548][I][PacketService.cpp:12] createEmptyPacket(): [LoRaMesher] Packet created with 17 bytes
17:04:52.768 > [630557][I][LoraMesher.cpp:392] receivingRoutine(): [LoRaMesher] Receiving LoRa packet: Size: 17 bytes RSSI: -23 SNR: 13
17:04:52.780 > [630568][V][LoraMesher.cpp:647] processPackets(): [LoRaMesher] Size of Received Packets Queue: 1
17:04:52.788 > [630577][V][LoraMesher.cpp:754] printHeaderPacket(): [LoRaMesher] Packet received -- Size: 17 Src: F02C Dst: D110 Id: 37 Type: 2 Via: D110 Seq_Id: 0 Num: 0
17:04:52.802 > [630591][I][LoraMesher.cpp:854] processDataPacket(): [LoRaMesher] Data packet from F02C, destination D110, via D110
17:04:52.812 > [630601][V][LoraMesher.cpp:878] processDataPacket(): [LoRaMesher] Packet not for me, deleting it
17:04:52.821 > [630609][I][PacketQueueService.h:80] deleteQueuePacketAndPacket(): [LoRaMesher] Deleting packet
17:04:52.829 > [630618][I][PacketQueueService.h:83] deleteQueuePacketAndPacket(): [LoRaMesher] Deleting packet queue
17:04:52.838 > [630627][V][LoraMesher.cpp:641] processPackets(): [LoRaMesher] Stack space unused after entering the task: 2040
17:04:52.848 > [630637][V][LoraMesher.cpp:642] processPackets(): [LoRaMesher] Free heap: 336876
17:05:06.466 > [644255][V][LoraMesher.cpp:378] receivingRoutine(): [LoRaMesher] Stack space unused after entering the task: 2028
17:05:06.476 > [644265][V][LoraMesher.cpp:379] receivingRoutine(): [LoRaMesher] Free heap: 336876
17:05:06.484 > [644273][I][PacketService.cpp:12] createEmptyPacket(): [LoRaMesher] Packet created with 17 bytes
17:05:06.493 > [644281][I][LoraMesher.cpp:392] receivingRoutine(): [LoRaMesher] Receiving LoRa packet: Size: 17 bytes RSSI: -73 SNR: 6
17:05:06.504 > [644292][V][LoraMesher.cpp:647] processPackets(): [LoRaMesher] Size of Received Packets Queue: 1
17:05:06.512 > [644301][V][LoraMesher.cpp:754] printHeaderPacket(): [LoRaMesher] Packet received -- Size: 17 Src: C998 Dst: D110 Id: 23 Type: 2 Via: D110 Seq_Id: 0 Num: 0
17:05:06.526 > [644315][I][LoraMesher.cpp:854] processDataPacket(): [LoRaMesher] Data packet from C998, destination D110, via D110
17:05:06.536 > [644325][V][LoraMesher.cpp:878] processDataPacket(): [LoRaMesher] Packet not for me, deleting it
17:05:06.545 > [644334][I][PacketQueueService.h:80] deleteQueuePacketAndPacket(): [LoRaMesher] Deleting packet
17:05:06.553 > [644342][I][PacketQueueService.h:83] deleteQueuePacketAndPacket(): [LoRaMesher] Deleting packet queue
17:05:06.562 > [644351][V][LoraMesher.cpp:641] processPackets(): [LoRaMesher] Stack space unused after entering the task: 2040
17:05:06.572 > [644361][V][LoraMesher.cpp:642] processPackets(): [LoRaMesher] Free heap: 336876
17:05:11.162 > Send packet 32
17:05:11.163 > Sending packet to D110
17:05:11.167 > [648951][V][LoraMesher.h:250] createPacketAndSend(): [LoRaMesher] Creating a packet for send with 8 bytes
17:05:11.175 > [648963][V][PacketFactory.h:45] createPacket(): [LoRaMesher] Creating packet with 17 bytes
17:05:11.182 > [648971][I][PacketFactory.h:74] createPacket(): [LoRaMesher] Packet created with 17 bytes
17:05:11.191 > [648979][I][LoraMesher.h:659] setPackedForSend(): [LoRaMesher] Adding packet to Q_SP
17:05:11.199 > [648987][I][LoraMesher.h:661] setPackedForSend(): [LoRaMesher] Created packet to Q_SP
17:05:11.212 > [648994][I][LoraMesher.cpp:1061] addToSendOrderedAndNotify(): [LoRaMesher] Added packet to Q_SP, notifying sender task
17:05:11.216 > [649005][V][LoraMesher.cpp:511] sendPackets(): [LoRaMesher] Stack space unused after entering the task: 1972
17:05:11.227 > [649015][V][LoraMesher.cpp:512] sendPackets(): [LoRaMesher] Free heap: 336780
17:05:11.234 > [649021][V][LoraMesher.cpp:518] sendPackets(): [LoRaMesher] Size of Send Packets Queue: 1
17:05:11.241 > [649029][V][LoraMesher.cpp:525] sendPackets(): [LoRaMesher] Send n. 38
17:05:11.247 > [649036][V][LoraMesher.cpp:455] waitBeforeSend(): [LoRaMesher] RandomDelay 628 ms
17:05:11.630 > [649419][V][LoraMesher.cpp:378] receivingRoutine(): [LoRaMesher] Stack space unused after entering the task: 2028
17:05:11.640 > [649429][V][LoraMesher.cpp:379] receivingRoutine(): [LoRaMesher] Free heap: 336808
17:05:11.649 > [649437][I][PacketService.cpp:12] createEmptyPacket(): [LoRaMesher] Packet created with 17 bytes
17:05:11.657 > [649445][I][LoraMesher.cpp:392] receivingRoutine(): [LoRaMesher] Receiving LoRa packet: Size: 17 bytes RSSI: -18 SNR: 13
17:05:11.669 > [649457][V][LoraMesher.cpp:647] processPackets(): [LoRaMesher] Size of Received Packets Queue: 1
17:05:11.676 > [649465][V][LoraMesher.cpp:754] printHeaderPacket(): [LoRaMesher] Packet received -- Size: 17 Src: DE6C Dst: D110 Id: 38 Type: 2 Via: D110 Seq_Id: 0 Num: 0
17:05:11.690 > [649479][I][LoraMesher.cpp:854] processDataPacket(): [LoRaMesher] Data packet from DE6C, destination D110, via D110
17:05:11.700 > [649489][V][LoraMesher.cpp:878] processDataPacket(): [LoRaMesher] Packet not for me, deleting it
17:05:11.709 > [649498][I][PacketQueueService.h:80] deleteQueuePacketAndPacket(): [LoRaMesher] Deleting packet
17:05:11.718 > [649506][I][PacketQueueService.h:83] deleteQueuePacketAndPacket(): [LoRaMesher] Deleting packet queue
17:05:11.728 > [649515][V][LoraMesher.cpp:641] processPackets(): [LoRaMesher] Stack space unused after entering the task: 2040
17:05:11.736 > [649525][V][LoraMesher.cpp:642] processPackets(): [LoRaMesher] Free heap: 336808
17:05:11.889 > [649677][V][LoraMesher.cpp:462] waitBeforeSend(): [LoRaMesher] Preamble detected while waiting 1
17:05:11.897 > [649686][V][LoraMesher.cpp:455] waitBeforeSend(): [LoRaMesher] RandomDelay 353 ms
17:05:12.257 > [650047][V][LoraMesher.cpp:754] printHeaderPacket(): [LoRaMesher] Packet send -- Size: 17 Src: B3F0 Dst: D110 Id: 38 Type: 2 Via: D110 Seq_Id: 0 Num: 0
17:05:12.347 > [650136][V][LoraMesher.cpp:575] sendPackets(): [LoRaMesher] TimeOnAir 63 ms, next message in 0 ms
17:05:12.356 > [650145][I][PacketQueueService.h:80] deleteQueuePacketAndPacket(): [LoRaMesher] Deleting packet
17:05:12.365 > [650154][I][PacketQueueService.h:83] deleteQueuePacketAndPacket(): [LoRaMesher] Deleting packet queue
17:05:14.147 > [651936][V][LoraMesher.cpp:378] receivingRoutine(): [LoRaMesher] Stack space unused after entering the task: 2028
17:05:14.158 > [651947][V][LoraMesher.cpp:379] receivingRoutine(): [LoRaMesher] Free heap: 336876
17:05:14.165 > [651954][I][PacketService.cpp:12] createEmptyPacket(): [LoRaMesher] Packet created with 17 bytes
17:05:14.175 > [651963][I][LoraMesher.cpp:392] receivingRoutine(): [LoRaMesher] Receiving LoRa packet: Size: 17 bytes RSSI: -25 SNR: 14
17:05:14.185 > [651974][V][LoraMesher.cpp:647] processPackets(): [LoRaMesher] Size of Received Packets Queue: 1
17:05:14.194 > [651983][V][LoraMesher.cpp:754] printHeaderPacket(): [LoRaMesher] Packet received -- Size: 17 Src: F02C Dst: D110 Id: 38 Type: 2 Via: D110 Seq_Id: 0 Num: 0
17:05:14.208 > [651997][I][LoraMesher.cpp:854] processDataPacket(): [LoRaMesher] Data packet from F02C, destination D110, via D110
17:05:14.218 > [652007][V][LoraMesher.cpp:878] processDataPacket(): [LoRaMesher] Packet not for me, deleting it
17:05:14.226 > [652015][I][PacketQueueService.h:80] deleteQueuePacketAndPacket(): [LoRaMesher] Deleting packet
17:05:14.235 > [652024][I][PacketQueueService.h:83] deleteQueuePacketAndPacket(): [LoRaMesher] Deleting packet queue
17:05:14.244 > [652033][V][LoraMesher.cpp:641] processPackets(): [LoRaMesher] Stack space unused after entering the task: 2040
17:05:14.254 > [652043][V][LoraMesher.cpp:642] processPackets(): [LoRaMesher] Free heap: 336876
17:05:26.592 > [664381][V][LoraMesher.cpp:378] receivingRoutine(): [LoRaMesher] Stack space unused after entering the task: 2028
17:05:26.603 > [664391][V][LoraMesher.cpp:379] receivingRoutine(): [LoRaMesher] Free heap: 336876
17:05:26.610 > [664399][I][PacketService.cpp:12] createEmptyPacket(): [LoRaMesher] Packet created with 17 bytes
17:05:26.618 > [664408][I][LoraMesher.cpp:392] receivingRoutine(): [LoRaMesher] Receiving LoRa packet: Size: 17 bytes RSSI: -72 SNR: 5
17:05:26.629 > [664419][V][LoraMesher.cpp:647] processPackets(): [LoRaMesher] Size of Received Packets Queue: 1
17:05:26.638 > [664427][V][LoraMesher.cpp:754] printHeaderPacket(): [LoRaMesher] Packet received -- Size: 17 Src: C998 Dst: D110 Id: 24 Type: 2 Via: D110 Seq_Id: 0 Num: 0
17:05:26.652 > [664441][I][LoraMesher.cpp:854] processDataPacket(): [LoRaMesher] Data packet from C998, destination D110, via D110
17:05:26.662 > [664451][V][LoraMesher.cpp:878] processDataPacket(): [LoRaMesher] Packet not for me, deleting it
17:05:26.671 > [664460][I][PacketQueueService.h:80] deleteQueuePacketAndPacket(): [LoRaMesher] Deleting packet
17:05:26.679 > [664468][I][PacketQueueService.h:83] deleteQueuePacketAndPacket(): [LoRaMesher] Deleting packet queue
17:05:26.688 > [664477][V][LoraMesher.cpp:641] processPackets(): [LoRaMesher] Stack space unused after entering the task: 2040
17:05:26.699 > [664487][V][LoraMesher.cpp:642] processPackets(): [LoRaMesher] Free heap: 336876
17:05:31.254 > Send packet 33
17:05:31.255 > Sending packet to D110
17:05:31.257 > [669044][V][LoraMesher.h:250] createPacketAndSend(): [LoRaMesher] Creating a packet for send with 8 bytes
17:05:31.267 > [669056][V][PacketFactory.h:45] createPacket(): [LoRaMesher] Creating packet with 17 bytes
17:05:31.275 > [669064][I][PacketFactory.h:74] createPacket(): [LoRaMesher] Packet created with 17 bytes
17:05:31.283 > [669072][I][LoraMesher.h:659] setPackedForSend(): [LoRaMesher] Adding packet to Q_SP
17:05:31.290 > [669080][I][LoraMesher.h:661] setPackedForSend(): [LoRaMesher] Created packet to Q_SP
17:05:31.298 > [669087][I][LoraMesher.cpp:1061] addToSendOrderedAndNotify(): [LoRaMesher] Added packet to Q_SP, notifying sender task
17:05:31.309 > [669098][V][LoraMesher.cpp:511] sendPackets(): [LoRaMesher] Stack space unused after entering the task: 1972
17:05:31.319 > [669108][V][LoraMesher.cpp:512] sendPackets(): [LoRaMesher] Free heap: 336780
17:05:31.325 > [669114][V][LoraMesher.cpp:518] sendPackets(): [LoRaMesher] Size of Send Packets Queue: 1
17:05:31.333 > [669122][V][LoraMesher.cpp:525] sendPackets(): [LoRaMesher] Send n. 39
17:05:31.339 > [669129][V][LoraMesher.cpp:455] waitBeforeSend(): [LoRaMesher] RandomDelay 1007 ms
17:05:31.832 > [669622][V][LoraMesher.cpp:378] receivingRoutine(): [LoRaMesher] Stack space unused after entering the task: 2028
17:05:31.842 > [669632][V][LoraMesher.cpp:379] receivingRoutine(): [LoRaMesher] Free heap: 336808
17:05:31.850 > [669639][I][PacketService.cpp:12] createEmptyPacket(): [LoRaMesher] Packet created with 17 bytes
17:05:31.860 > [669648][I][LoraMesher.cpp:392] receivingRoutine(): [LoRaMesher] Receiving LoRa packet: Size: 17 bytes RSSI: -18 SNR: 13
17:05:31.870 > [669659][V][LoraMesher.cpp:647] processPackets(): [LoRaMesher] Size of Received Packets Queue: 1
17:05:31.879 > [669668][V][LoraMesher.cpp:754] printHeaderPacket(): [LoRaMesher] Packet received -- Size: 17 Src: DE6C Dst: D110 Id: 39 Type: 2 Via: D110 Seq_Id: 0 Num: 0
17:05:31.892 > [669682][I][LoraMesher.cpp:854] processDataPacket(): [LoRaMesher] Data packet from DE6C, destination D110, via D110
17:05:31.903 > [669692][V][LoraMesher.cpp:878] processDataPacket(): [LoRaMesher] Packet not for me, deleting it
17:05:31.911 > [669701][I][PacketQueueService.h:80] deleteQueuePacketAndPacket(): [LoRaMesher] Deleting packet
17:05:31.920 > [669709][I][PacketQueueService.h:83] deleteQueuePacketAndPacket(): [LoRaMesher] Deleting packet queue
17:05:31.929 > [669718][V][LoraMesher.cpp:641] processPackets(): [LoRaMesher] Stack space unused after entering the task: 2040
17:05:31.939 > [669728][V][LoraMesher.cpp:642] processPackets(): [LoRaMesher] Free heap: 336808
17:05:32.360 > [670149][V][LoraMesher.cpp:462] waitBeforeSend(): [LoRaMesher] Preamble detected while waiting 1
17:05:32.369 > [670158][V][LoraMesher.cpp:455] waitBeforeSend(): [LoRaMesher] RandomDelay 351 ms
17:05:32.727 > [670517][V][LoraMesher.cpp:754] printHeaderPacket(): [LoRaMesher] Packet send -- Size: 17 Src: B3F0 Dst: D110 Id: 39 Type: 2 Via: D110 Seq_Id: 0 Num: 0
17:05:32.817 > [670606][V][LoraMesher.cpp:575] sendPackets(): [LoRaMesher] TimeOnAir 63 ms, next message in 0 ms
17:05:32.826 > [670615][I][PacketQueueService.h:80] deleteQueuePacketAndPacket(): [LoRaMesher] Deleting packet
17:05:32.834 > [670624][I][PacketQueueService.h:83] deleteQueuePacketAndPacket(): [LoRaMesher] Deleting packet queue
17:05:46.973 > [684762][V][LoraMesher.cpp:378] receivingRoutine(): [LoRaMesher] Stack space unused after entering the task: 2028
17:05:46.984 > [684772][V][LoraMesher.cpp:379] receivingRoutine(): [LoRaMesher] Free heap: 336876
17:05:46.991 > [684780][I][PacketService.cpp:12] createEmptyPacket(): [LoRaMesher] Packet created with 17 bytes
17:05:47.000 > [684789][I][LoraMesher.cpp:392] receivingRoutine(): [LoRaMesher] Receiving LoRa packet: Size: 17 bytes RSSI: -72 SNR: 5
17:05:47.010 > [684800][V][LoraMesher.cpp:647] processPackets(): [LoRaMesher] Size of Received Packets Queue: 1
17:05:47.019 > [684808][V][LoraMesher.cpp:754] printHeaderPacket(): [LoRaMesher] Packet received -- Size: 17 Src: C998 Dst: D110 Id: 25 Type: 2 Via: D110 Seq_Id: 0 Num: 0
17:05:47.033 > [684822][I][LoraMesher.cpp:854] processDataPacket(): [LoRaMesher] Data packet from C998, destination D110, via D110
17:05:47.044 > [684832][V][LoraMesher.cpp:878] processDataPacket(): [LoRaMesher] Packet not for me, deleting it
17:05:47.052 > [684841][I][PacketQueueService.h:80] deleteQueuePacketAndPacket(): [LoRaMesher] Deleting packet
17:05:47.061 > [684849][I][PacketQueueService.h:83] deleteQueuePacketAndPacket(): [LoRaMesher] Deleting packet queue
17:05:47.070 > [684858][V][LoraMesher.cpp:641] processPackets(): [LoRaMesher] Stack space unused after entering the task: 2040
17:05:47.080 > [684868][V][LoraMesher.cpp:642] processPackets(): [LoRaMesher] Free heap: 336876
17:05:51.347 > Send packet 34
17:05:51.349 > Sending packet to D110
17:05:51.350 > [689137][V][LoraMesher.h:250] createPacketAndSend(): [LoRaMesher] Creating a packet for send with 8 bytes
17:05:51.359 > [689149][V][PacketFactory.h:45] createPacket(): [LoRaMesher] Creating packet with 17 bytes
17:05:51.368 > [689157][I][PacketFactory.h:74] createPacket(): [LoRaMesher] Packet created with 17 bytes
17:05:51.376 > [689165][I][LoraMesher.h:659] setPackedForSend(): [LoRaMesher] Adding packet to Q_SP
17:05:51.384 > [689173][I][LoraMesher.h:661] setPackedForSend(): [LoRaMesher] Created packet to Q_SP
17:05:51.391 > [689180][I][LoraMesher.cpp:1061] addToSendOrderedAndNotify(): [LoRaMesher] Added packet to Q_SP, notifying sender task
17:05:51.402 > [689191][V][LoraMesher.cpp:511] sendPackets(): [LoRaMesher] Stack space unused after entering the task: 1972
17:05:51.412 > [689201][V][LoraMesher.cpp:512] sendPackets(): [LoRaMesher] Free heap: 336780
17:05:51.419 > [689207][V][LoraMesher.cpp:518] sendPackets(): [LoRaMesher] Size of Send Packets Queue: 1
17:05:51.426 > [689215][V][LoraMesher.cpp:525] sendPackets(): [LoRaMesher] Send n. 40
17:05:51.432 > [689222][V][LoraMesher.cpp:455] waitBeforeSend(): [LoRaMesher] RandomDelay 474 ms
17:05:51.824 > [689613][V][LoraMesher.cpp:378] receivingRoutine(): [LoRaMesher] Stack space unused after entering the task: 2028
17:05:51.834 > [689623][V][LoraMesher.cpp:379] receivingRoutine(): [LoRaMesher] Free heap: 336808
17:05:51.842 > [689631][I][PacketService.cpp:12] createEmptyPacket(): [LoRaMesher] Packet created with 17 bytes
17:05:51.851 > [689640][I][LoraMesher.cpp:392] receivingRoutine(): [LoRaMesher] Receiving LoRa packet: Size: 17 bytes RSSI: -18 SNR: 12
17:05:51.861 > [689651][V][LoraMesher.cpp:647] processPackets(): [LoRaMesher] Size of Received Packets Queue: 1
17:05:51.870 > [689659][V][LoraMesher.cpp:754] printHeaderPacket(): [LoRaMesher] Packet received -- Size: 17 Src: DE6C Dst: D110 Id: 40 Type: 2 Via: D110 Seq_Id: 0 Num: 0
17:05:51.884 > [689673][I][LoraMesher.cpp:854] processDataPacket(): [LoRaMesher] Data packet from DE6C, destination D110, via D110
17:05:51.895 > [689684][V][LoraMesher.cpp:878] processDataPacket(): [LoRaMesher] Packet not for me, deleting it
17:05:51.903 > [689692][I][PacketQueueService.h:80] deleteQueuePacketAndPacket(): [LoRaMesher] Deleting packet
17:05:51.912 > [689701][I][PacketQueueService.h:83] deleteQueuePacketAndPacket(): [LoRaMesher] Deleting packet queue
17:05:51.921 > [689709][V][LoraMesher.cpp:462] waitBeforeSend(): [LoRaMesher] Preamble detected while waiting 1
17:05:51.929 > [689718][V][LoraMesher.cpp:455] waitBeforeSend(): [LoRaMesher] RandomDelay 697 ms
17:05:51.936 > [689718][V][LoraMesher.cpp:641] processPackets(): [LoRaMesher] Stack space unused after entering the task: 2040
17:05:51.946 > [689735][V][LoraMesher.cpp:642] processPackets(): [LoRaMesher] Free heap: 336808
17:05:52.643 > [690432][V][LoraMesher.cpp:754] printHeaderPacket(): [LoRaMesher] Packet send -- Size: 17 Src: B3F0 Dst: D110 Id: 40 Type: 2 Via: D110 Seq_Id: 0 Num: 0
17:05:52.733 > [690522][V][LoraMesher.cpp:575] sendPackets(): [LoRaMesher] TimeOnAir 63 ms, next message in 0 ms
17:05:52.742 > [690531][I][PacketQueueService.h:80] deleteQueuePacketAndPacket(): [LoRaMesher] Deleting packet
17:05:52.751 > [690540][I][PacketQueueService.h:83] deleteQueuePacketAndPacket(): [LoRaMesher] Deleting packet queue
17:05:54.389 > [692179][V][LoraMesher.cpp:378] receivingRoutine(): [LoRaMesher] Stack space unused after entering the task: 2028
17:05:54.400 > [692189][V][LoraMesher.cpp:379] receivingRoutine(): [LoRaMesher] Free heap: 336876
17:05:54.407 > [692196][I][PacketService.cpp:12] createEmptyPacket(): [LoRaMesher] Packet created with 17 bytes
17:05:54.416 > [692205][I][LoraMesher.cpp:392] receivingRoutine(): [LoRaMesher] Receiving LoRa packet: Size: 17 bytes RSSI: -25 SNR: 14
17:05:54.427 > [692216][V][LoraMesher.cpp:647] processPackets(): [LoRaMesher] Size of Received Packets Queue: 1
17:05:54.436 > [692225][V][LoraMesher.cpp:754] printHeaderPacket(): [LoRaMesher] Packet received -- Size: 17 Src: F02C Dst: D110 Id: 40 Type: 2 Via: D110 Seq_Id: 0 Num: 0
17:05:54.450 > [692239][I][LoraMesher.cpp:854] processDataPacket(): [LoRaMesher] Data packet from F02C, destination D110, via D110
17:05:54.459 > [692249][V][LoraMesher.cpp:878] processDataPacket(): [LoRaMesher] Packet not for me, deleting it
17:05:54.469 > [692257][I][PacketQueueService.h:80] deleteQueuePacketAndPacket(): [LoRaMesher] Deleting packet
17:05:54.477 > [692266][I][PacketQueueService.h:83] deleteQueuePacketAndPacket(): [LoRaMesher] Deleting packet queue
17:05:54.486 > [692275][V][LoraMesher.cpp:641] processPackets(): [LoRaMesher] Stack space unused after entering the task: 2040
17:05:54.496 > [692285][V][LoraMesher.cpp:642] processPackets(): [LoRaMesher] Free heap: 336876
17:06:06.999 > [704788][V][LoraMesher.cpp:378] receivingRoutine(): [LoRaMesher] Stack space unused after entering the task: 2028
17:06:07.009 > [704799][V][LoraMesher.cpp:379] receivingRoutine(): [LoRaMesher] Free heap: 336876
17:06:07.017 > [704806][I][PacketService.cpp:12] createEmptyPacket(): [LoRaMesher] Packet created with 17 bytes
17:06:07.026 > [704815][I][LoraMesher.cpp:392] receivingRoutine(): [LoRaMesher] Receiving LoRa packet: Size: 17 bytes RSSI: -72 SNR: 6
17:06:07.037 > [704826][V][LoraMesher.cpp:647] processPackets(): [LoRaMesher] Size of Received Packets Queue: 1
17:06:07.046 > [704835][V][LoraMesher.cpp:754] printHeaderPacket(): [LoRaMesher] Packet received -- Size: 17 Src: C998 Dst: D110 Id: 26 Type: 2 Via: D110 Seq_Id: 0 Num: 0
17:06:07.059 > [704848][I][LoraMesher.cpp:854] processDataPacket(): [LoRaMesher] Data packet from C998, destination D110, via D110
17:06:07.070 > [704859][V][LoraMesher.cpp:878] processDataPacket(): [LoRaMesher] Packet not for me, deleting it
17:06:07.078 > [704867][I][PacketQueueService.h:80] deleteQueuePacketAndPacket(): [LoRaMesher] Deleting packet
17:06:07.087 > [704876][I][PacketQueueService.h:83] deleteQueuePacketAndPacket(): [LoRaMesher] Deleting packet queue
17:06:07.096 > [704885][V][LoraMesher.cpp:641] processPackets(): [LoRaMesher] Stack space unused after entering the task: 2040
17:06:07.106 > [704895][V][LoraMesher.cpp:642] processPackets(): [LoRaMesher] Free heap: 336876
17:06:11.439 > Send packet 35
17:06:11.442 > Sending packet to D110
17:06:11.444 > [709230][V][LoraMesher.h:250] createPacketAndSend(): [LoRaMesher] Creating a packet for send with 8 bytes
17:06:11.453 > [709242][V][PacketFactory.h:45] createPacket(): [LoRaMesher] Creating packet with 17 bytes
17:06:11.461 > [709250][I][PacketFactory.h:74] createPacket(): [LoRaMesher] Packet created with 17 bytes
17:06:11.469 > [709258][I][LoraMesher.h:659] setPackedForSend(): [LoRaMesher] Adding packet to Q_SP
17:06:11.476 > [709266][I][LoraMesher.h:661] setPackedForSend(): [LoRaMesher] Created packet to Q_SP
17:06:11.484 > [709273][I][LoraMesher.cpp:1061] addToSendOrderedAndNotify(): [LoRaMesher] Added packet to Q_SP, notifying sender task
17:06:11.495 > [709284][V][LoraMesher.cpp:511] sendPackets(): [LoRaMesher] Stack space unused after entering the task: 1972
17:06:11.504 > [709294][V][LoraMesher.cpp:512] sendPackets(): [LoRaMesher] Free heap: 336780
17:06:11.511 > [709300][V][LoraMesher.cpp:518] sendPackets(): [LoRaMesher] Size of Send Packets Queue: 1
17:06:11.519 > [709308][V][LoraMesher.cpp:525] sendPackets(): [LoRaMesher] Send n. 41
17:06:11.526 > [709315][V][LoraMesher.cpp:455] waitBeforeSend(): [LoRaMesher] RandomDelay 1115 ms
17:06:12.599 > [710389][V][LoraMesher.cpp:378] receivingRoutine(): [LoRaMesher] Stack space unused after entering the task: 2028
17:06:12.610 > [710399][V][LoraMesher.cpp:379] receivingRoutine(): [LoRaMesher] Free heap: 336808
17:06:12.617 > [710406][I][PacketService.cpp:12] createEmptyPacket(): [LoRaMesher] Packet created with 17 bytes
17:06:12.626 > [710415][I][LoraMesher.cpp:392] receivingRoutine(): [LoRaMesher] Receiving LoRa packet: Size: 17 bytes RSSI: -26 SNR: 13
17:06:12.637 > [710426][V][LoraMesher.cpp:647] processPackets(): [LoRaMesher] Size of Received Packets Queue: 1
17:06:12.646 > [710435][V][LoraMesher.cpp:754] printHeaderPacket(): [LoRaMesher] Packet received -- Size: 17 Src: F02C Dst: D110 Id: 41 Type: 2 Via: D110 Seq_Id: 0 Num: 0
17:06:12.660 > [710443][V][LoraMesher.cpp:462] waitBeforeSend(): [LoRaMesher] Preamble detected while waiting 1
17:06:12.668 > [710457][V][LoraMesher.cpp:455][ 7w1a0i4t5B7e]f[oIr]e[SLoraMesher.ecnpdp(:)8:5 4[]L opRraoMceesshseDra]t aRPaancdkoemtD(e)l:a y[ L81aMms
17:06:12.680 > r] Data packet from F02C, destination D110, via D110
17:06:12.685 > [710474][V][LoraMesher.cpp:878] processDataPacket(): [LoRaMesher] Packet not for me, deleting it
17:06:12.693 > [710483][I][PacketQueueService.h:80] deleteQueuePacketAndPacket(): [LoRaMesher] Deleting packet
17:06:12.702 > [710491][I][PacketQueueService.h:83] deleteQueuePacketAndPacket(): [LoRaMesher] Deleting packet queue
17:06:12.711 > [710500][V][LoraMesher.cpp:641] processPackets(): [LoRaMesher] Stack space unused after entering the task: 2040
17:06:12.721 > [710510][V][LoraMesher.cpp:642] processPackets(): [LoRaMesher] Free heap: 336808
17:06:13.503 > [711293][V][LoraMesher.cpp:754] printHeaderPacket(): [LoRaMesher] Packet send -- Size: 17 Src: B3F0 Dst: D110 Id: 41 Type: 2 Via: D110 Seq_Id: 0 Num: 0
17:06:13.592 > [711382][V][LoraMesher.cpp:575] sendPackets(): [LoRaMesher] TimeOnAir 63 ms, next message in 0 ms
17:06:13.602 > [711391][I][PacketQueueService.h:80] deleteQueuePacketAndPacket(): [LoRaMesher] Deleting packet
17:06:13.610 > [711400][I][PacketQueueService.h:83] deleteQueuePacketAndPacket(): [LoRaMesher] Deleting packet queue
17:06:26.608 > [724399][V][LoraMesher.cpp:378] receivingRoutine(): [LoRaMesher] Stack space unused after entering the task: 2028
17:06:26.619 > [724409][V][LoraMesher.cpp:379] receivingRoutine(): [LoRaMesher] Free heap: 336876
17:06:26.627 > [724416][I][PacketService.cpp:12] createEmptyPacket(): [LoRaMesher] Packet created with 17 bytes
17:06:26.635 > [724425][I][LoraMesher.cpp:392] receivingRoutine(): [LoRaMesher] Receiving LoRa packet: Size: 17 bytes RSSI: -73 SNR: 6
17:06:26.647 > [724436][V][LoraMesher.cpp:647] processPackets(): [LoRaMesher] Size of Received Packets Queue: 1
17:06:26.655 > [724445][V][LoraMesher.cpp:754] printHeaderPacket(): [LoRaMesher] Packet received -- Size: 17 Src: C998 Dst: D110 Id: 27 Type: 2 Via: D110 Seq_Id: 0 Num: 0
17:06:26.669 > [724458][I][LoraMesher.cpp:854] processDataPacket(): [LoRaMesher] Data packet from C998, destination D110, via D110
17:06:26.679 > [724469][V][LoraMesher.cpp:878] processDataPacket(): [LoRaMesher] Packet not for me, deleting it
17:06:26.688 > [724477][I][PacketQueueService.h:80] deleteQueuePacketAndPacket(): [LoRaMesher] Deleting packet
17:06:26.696 > [724486][I][PacketQueueService.h:83] deleteQueuePacketAndPacket(): [LoRaMesher] Deleting packet queue
17:06:26.705 > [724495][V][LoraMesher.cpp:641] processPackets(): [LoRaMesher] Stack space unused after entering the task: 2040
17:06:26.715 > [724505][V][LoraMesher.cpp:642] processPackets(): [LoRaMesher] Free heap: 336876
17:06:30.487 > [728277][V][LoraMesher.cpp:598] sendHelloPacket(): [LoRaMesher] Creating Routing Packet
17:06:30.495 > [728285][V][LoraMesher.cpp:599] sendHelloPacket(): [LoRaMesher] Stack space unused after entering the task: 2324
17:06:30.505 > [728295][V][LoraMesher.cpp:600] sendHelloPacket(): [LoRaMesher] Free heap: 336876
17:06:30.513 > [728302][V][PacketFactory.h:45] createPacket(): [LoRaMesher] Creating packet with 24 bytes
17:06:30.521 > [728310][I][PacketFactory.h:74] createPacket(): [LoRaMesher] Packet created with 24 bytes
17:06:30.529 > [728318][I][LoraMesher.h:659] setPackedForSend(): [LoRaMesher] Adding packet to Q_SP
17:06:30.536 > [728326][I][LoraMesher.h:661] setPackedForSend(): [LoRaMesher] Created packet to Q_SP
17:06:30.544 > [728333][I][LoraMesher.cpp:1061] addToSendOrderedAndNotify(): [LoRaMesher] Added packet to Q_SP, notifying sender task
17:06:30.554 > [728344][V][LoraMesher.cpp:511] sendPackets(): [LoRaMesher] Stack space unused after entering the task: 1972
17:06:30.564 > [728354][V][LoraMesher.cpp:512] sendPackets(): [LoRaMesher] Free heap: 336776
17:06:30.571 > [728360][V][LoraMesher.cpp:518] sendPackets(): [LoRaMesher] Size of Send Packets Queue: 1
17:06:30.579 > [728368][V][LoraMesher.cpp:525] sendPackets(): [LoRaMesher] Send n. 42
17:06:30.585 > [728375][V][LoraMesher.cpp:455] waitBeforeSend(): [LoRaMesher] RandomDelay 289 ms
17:06:30.881 > [728672][V][LoraMesher.cpp:754] printHeaderPacket(): [LoRaMesher] Packet send -- Size: 24 Src: B3F0 Dst: FFFF Id: 42 Type: 4 Via: 0 Seq_Id: 0 Num: 0
17:06:30.985 > [728776][V][LoraMesher.cpp:575] sendPackets(): [LoRaMesher] TimeOnAir 78 ms, next message in 0 ms
17:06:30.995 > [728784][I][PacketQueueService.h:80] deleteQueuePacketAndPacket(): [LoRaMesher] Deleting packet
17:06:31.003 > [728793][I][PacketQueueService.h:83] deleteQueuePacketAndPacket(): [LoRaMesher] Deleting packet queue
17:06:31.532 > Send packet 36
17:06:31.534 > Sending packet to D110
17:06:31.536 > [729323][V][LoraMesher.h:250] createPacketAndSend(): [LoRaMesher] Creating a packet for send with 8 bytes
17:06:31.546 > [729335][V][PacketFactory.h:45] createPacket(): [LoRaMesher] Creating packet with 17 bytes
17:06:31.554 > [729343][I][PacketFactory.h:74] createPacket(): [LoRaMesher] Packet created with 17 bytes
17:06:31.562 > [729351][I][LoraMesher.h:659] setPackedForSend(): [LoRaMesher] Adding packet to Q_SP
17:06:31.569 > [729359][I][LoraMesher.h:661] setPackedForSend(): [LoRaMesher] Created packet to Q_SP
17:06:31.577 > [729366][I][LoraMesher.cpp:1061] addToSendOrderedAndNotify(): [LoRaMesher] Added packet to Q_SP, notifying sender task
17:06:31.587 > [729377][V][LoraMesher.cpp:511] sendPackets(): [LoRaMesher] Stack space unused after entering the task: 1972
17:06:31.597 > [729387][V][LoraMesher.cpp:512] sendPackets(): [LoRaMesher] Free heap: 336780
17:06:31.604 > [729393][V][LoraMesher.cpp:518] sendPackets(): [LoRaMesher] Size of Send Packets Queue: 1
17:06:31.612 > [729401][V][LoraMesher.cpp:525] sendPackets(): [LoRaMesher] Send n. 43
17:06:31.618 > [729408][V][LoraMesher.cpp:455] waitBeforeSend(): [LoRaMesher] RandomDelay 259 ms
17:06:31.884 > [729675][V][LoraMesher.cpp:754] printHeaderPacket(): [LoRaMesher] Packet send -- Size: 17 Src: B3F0 Dst: D110 Id: 43 Type: 2 Via: D110 Seq_Id: 0 Num: 0
17:06:31.974 > [729765][V][LoraMesher.cpp:575] sendPackets(): [LoRaMesher] TimeOnAir 63 ms, next message in 0 ms
17:06:31.984 > [729773][I][PacketQueueService.h:80] deleteQueuePacketAndPacket(): [LoRaMesher] Deleting packet
17:06:31.992 > [729782][I][PacketQueueService.h:83] deleteQueuePacketAndPacket(): [LoRaMesher] Deleting packet queue
17:06:33.084 > [730874][V][LoraMesher.cpp:378] receivingRoutine(): [LoRaMesher] Stack space unused after entering the task: 2028
17:06:33.094 > [730884][V][LoraMesher.cpp:379] receivingRoutine(): [LoRaMesher] Free heap: 336876
17:06:33.102 > [730891][I][PacketService.cpp:12] createEmptyPacket(): [LoRaMesher] Packet created with 24 bytes
17:06:33.111 > [730900][I][LoraMesher.cpp:392] receivingRoutine(): [LoRaMesher] Receiving LoRa packet: Size: 24 bytes RSSI: -25 SNR: 13
17:06:33.122 > [730911][V][LoraMesher.cpp:647] processPackets(): [LoRaMesher] Size of Received Packets Queue: 1
17:06:33.131 > [730920][V][LoraMesher.cpp:754] printHeaderPacket(): [LoRaMesher] Packet received -- Size: 24 Src: F02C Dst: FFFF Id: 42 Type: 4 Via: 0 Seq_Id: 0 Num: 0
17:06:33.144 > [730934][I][RoutingTableService.cpp:77] processRoute(): [LoRaMesher] Route packet from F02C with size 4
17:06:33.153 > [730943][I][RoutingTableService.cpp:99] resetReceiveSNRRoutePacket(): [LoRaMesher] Reset Receive SNR from F02C: 13
17:06:33.163 > [730953][I][RoutingTableService.cpp:192] printRoutingTable(): [LoRaMesher] Current routing table:
17:06:33.172 > [730962][I][RoutingTableService.cpp:206] printRoutingTable(): [LoRaMesher] 0 - D110 via D110 metric 1 Role 1
17:06:33.183 > [730971][I][RoutingTableService.cpp:206] printRoutingTable(): [LoRaMesher] 1 - F02C via F02C metric 1 Role 0
17:06:33.191 > [730981][I][RoutingTableService.cpp:206] printRoutingTable(): [LoRaMesher] 2 - DE6C via DE6C metric 1 Role 0
17:06:33.201 > [730991][I][RoutingTableService.cpp:206] printRoutingTable(): [LoRaMesher] 3 - C998 via C998 metric 1 Role 0
17:06:33.211 > [731000][I][PacketQueueService.h:80] deleteQueuePacketAndPacket(): [LoRaMesher] Deleting packet
17:06:33.219 > [731009][I][PacketQueueService.h:83] deleteQueuePacketAndPacket(): [LoRaMesher] Deleting packet queue
17:06:33.228 > [731018][V][LoraMesher.cpp:641] processPackets(): [LoRaMesher] Stack space unused after entering the task: 2040
17:06:33.238 > [731028][V][LoraMesher.cpp:642] processPackets(): [LoRaMesher] Free heap: 336876
17:06:34.145 > [731936][V][LoraMesher.cpp:378] receivingRoutine(): [LoRaMesher] Stack space unused after entering the task: 2028
17:06:34.156 > [731946][V][LoraMesher.cpp:379] receivingRoutine(): [LoRaMesher] Free heap: 336876
17:06:34.164 > [731953][I][PacketService.cpp:12] createEmptyPacket(): [LoRaMesher] Packet created with 17 bytes
17:06:34.173 > [731962][I][LoraMesher.cpp:392] receivingRoutine(): [LoRaMesher] Receiving LoRa packet: Size: 17 bytes RSSI: -25 SNR: 13
17:06:34.184 > [731973][V][LoraMesher.cpp:647] processPackets(): [LoRaMesher] Size of Received Packets Queue: 1
17:06:34.192 > [731982][V][LoraMesher.cpp:754] printHeaderPacket(): [LoRaMesher] Packet received -- Size: 17 Src: F02C Dst: D110 Id: 43 Type: 2 Via: D110 Seq_Id: 0 Num: 0
17:06:34.206 > [731996][I][LoraMesher.cpp:854] processDataPacket(): [LoRaMesher] Data packet from F02C, destination D110, via D110
17:06:34.216 > [732006][V][LoraMesher.cpp:878] processDataPacket(): [LoRaMesher] Packet not for me, deleting it
17:06:34.225 > [732015][I][PacketQueueService.h:80] deleteQueuePacketAndPacket(): [LoRaMesher] Deleting packet
17:06:34.233 > [732023][I][PacketQueueService.h:83] deleteQueuePacketAndPacket(): [LoRaMesher] Deleting packet queue
17:06:34.243 > [732032][V][LoraMesher.cpp:641] processPackets(): [LoRaMesher] Stack space unused after entering the task: 2040
17:06:34.252 > [732042][V][LoraMesher.cpp:642] processPackets(): [LoRaMesher] Free heap: 336876
17:06:34.758 > [732548][V][LoraMesher.cpp:378] receivingRoutine(): [LoRaMesher] Stack space unused after entering the task: 2028
17:06:34.768 > [732558][V][LoraMesher.cpp:379] receivingRoutine(): [LoRaMesher] Free heap: 336876
17:06:34.776 > [732566][I][PacketService.cpp:12] createEmptyPacket(): [LoRaMesher] Packet created with 24 bytes
17:06:34.785 > [732574][I][LoraMesher.cpp:392] receivingRoutine(): [LoRaMesher] Receiving LoRa packet: Size: 24 bytes RSSI: -18 SNR: 12
17:06:34.796 > [732586][V][LoraMesher.cpp:647] processPackets(): [LoRaMesher] Size of Received Packets Queue: 1
17:06:34.805 > [732594][V][LoraMesher.cpp:754] printHeaderPacket(): [LoRaMesher] Packet received -- Size: 24 Src: DE6C Dst: FFFF Id: 42 Type: 4 Via: 0 Seq_Id: 0 Num: 0
17:06:34.818 > [732608][I][RoutingTableService.cpp:77] processRoute(): [LoRaMesher] Route packet from DE6C with size 4
17:06:34.827 > [732617][I][RoutingTableService.cpp:99] resetReceiveSNRRoutePacket(): [LoRaMesher] Reset Receive SNR from DE6C: 12
17:06:34.837 > [732627][I][RoutingTableService.cpp:192] printRoutingTable(): [LoRaMesher] Current routing table:
17:06:34.846 > [732636][I][RoutingTableService.cpp:206] printRoutingTable(): [LoRaMesher] 0 - D110 via D110 metric 1 Role 1
17:06:34.857 > [732645][I][RoutingTableService.cpp:206] printRoutingTable(): [LoRaMesher] 1 - F02C via F02C metric 1 Role 0
17:06:34.865 > [732655][I][RoutingTableService.cpp:206] printRoutingTable(): [LoRaMesher] 2 - DE6C via DE6C metric 1 Role 0
17:06:34.875 > [732665][I][RoutingTableService.cpp:206] printRoutingTable(): [LoRaMesher] 3 - C998 via C998 metric 1 Role 0
17:06:34.885 > [732674][I][PacketQueueService.h:80] deleteQueuePacketAndPacket(): [LoRaMesher] Deleting packet
17:06:34.893 > [732683][I][PacketQueueService.h:83] deleteQueuePacketAndPacket(): [LoRaMesher] Deleting packet queue
17:06:34.902 > [732692][V][LoraMesher.cpp:641] processPackets(): [LoRaMesher] Stack space unused after entering the task: 2040
17:06:34.912 > [732702][V][LoraMesher.cpp:642] processPackets(): [LoRaMesher] Free heap: 336876
17:06:35.148 > [732938][V][LoraMesher.cpp:378] receivingRoutine(): [LoRaMesher] Stack space unused after entering the task: 2028
17:06:35.159 > [732948][V][LoraMesher.cpp:379] receivingRoutine(): [LoRaMesher] Free heap: 336876
17:06:35.166 > [732956][I][PacketService.cpp:12] createEmptyPacket(): [LoRaMesher] Packet created with 17 bytes
17:06:35.175 > [732965][I][LoraMesher.cpp:392] receivingRoutine(): [LoRaMesher] Receiving LoRa packet: Size: 17 bytes RSSI: -17 SNR: 13
17:06:35.186 > [732976][V][LoraMesher.cpp:647] processPackets(): [LoRaMesher] Size of Received Packets Queue: 1
17:06:35.195 > [732985][V][LoraMesher.cpp:754] printHeaderPacket(): [LoRaMesher] Packet received -- Size: 17 Src: DE6C Dst: D110 Id: 43 Type: 2 Via: D110 Seq_Id: 0 Num: 0
17:06:35.209 > [732998][I][LoraMesher.cpp:854] processDataPacket(): [LoRaMesher] Data packet from DE6C, destination D110, via D110
17:06:35.219 > [733009][V][LoraMesher.cpp:878] processDataPacket(): [LoRaMesher] Packet not for me, deleting it
17:06:35.228 > [733017][I][PacketQueueService.h:80] deleteQueuePacketAndPacket(): [LoRaMesher] Deleting packet
17:06:35.236 > [733026][I][PacketQueueService.h:83] deleteQueuePacketAndPacket(): [LoRaMesher] Deleting packet queue
17:06:35.245 > [733035][V][LoraMesher.cpp:641] processPackets(): [LoRaMesher] Stack space unused after entering the task: 2040
17:06:35.255 > [733045][V][LoraMesher.cpp:642] processPackets(): [LoRaMesher] Free heap: 336876
17:06:46.887 > [744678][V][LoraMesher.cpp:378] receivingRoutine(): [LoRaMesher] Stack space unused after entering the task: 2028
17:06:46.898 > [744688][V][LoraMesher.cpp:379] receivingRoutine(): [LoRaMesher] Free heap: 336876
17:06:46.906 > [744695][I][PacketService.cpp:12] createEmptyPacket(): [LoRaMesher] Packet created with 24 bytes
17:06:46.914 > [744704][I][LoraMesher.cpp:392] receivingRoutine(): [LoRaMesher] Receiving LoRa packet: Size: 24 bytes RSSI: -72 SNR: 7
17:06:46.926 > [744715][V][LoraMesher.cpp:647] processPackets(): [LoRaMesher] Size of Received Packets Queue: 1
17:06:46.934 > [744724][V][LoraMesher.cpp:754] printHeaderPacket(): [LoRaMesher] Packet received -- Size: 24 Src: C998 Dst: FFFF Id: 28 Type: 4 Via: 0 Seq_Id: 0 Num: 0
17:06:46.948 > [744738][I][RoutingTableService.cpp:77] processRoute(): [LoRaMesher] Route packet from C998 with size 4
17:06:46.957 > [744747][I][RoutingTableService.cpp:99] resetReceiveSNRRoutePacket(): [LoRaMesher] Reset Receive SNR from C998: 7
17:06:46.967 > [744757][I][RoutingTableService.cpp:192] printRoutingTable(): [LoRaMesher] Current routing table:
17:06:46.976 > [744766][I][RoutingTableService.cpp:206] printRoutingTable(): [LoRaMesher] 0 - D110 via D110 metric 1 Role 1
17:06:46.985 > [744775][I][RoutingTableService.cpp:206] printRoutingTable(): [LoRaMesher] 1 - F02C via F02C metric 1 Role 0
17:06:46.995 > [744785][I][RoutingTableService.cpp:206] printRoutingTable(): [LoRaMesher] 2 - DE6C via DE6C metric 1 Role 0
17:06:47.005 > [744794][I][RoutingTableService.cpp:206] printRoutingTable(): [LoRaMesher] 3 - C998 via C998 metric 1 Role 0
17:06:47.014 > [744804][I][PacketQueueService.h:80] deleteQueuePacketAndPacket(): [LoRaMesher] Deleting packet
17:06:47.023 > [744813][I][PacketQueueService.h:83] deleteQueuePacketAndPacket(): [LoRaMesher] Deleting packet queue
17:06:47.032 > [744822][V][LoraMesher.cpp:641] processPackets(): [LoRaMesher] Stack space unused after entering the task: 2040
17:06:47.042 > [744831][V][LoraMesher.cpp:642] processPackets(): [LoRaMesher] Free heap: 336876
17:06:47.961 > [745752][V][LoraMesher.cpp:378] receivingRoutine(): [LoRaMesher] Stack space unused after entering the task: 2028
17:06:47.972 > [745762][V][LoraMesher.cpp:379] receivingRoutine(): [LoRaMesher] Free heap: 336876
17:06:47.979 > [745769][I][PacketService.cpp:12] createEmptyPacket(): [LoRaMesher] Packet created with 17 bytes
17:06:47.988 > [745778][I][LoraMesher.cpp:392] receivingRoutine(): [LoRaMesher] Receiving LoRa packet: Size: 17 bytes RSSI: -72 SNR: 5
17:06:47.999 > [745789][V][LoraMesher.cpp:647] processPackets(): [LoRaMesher] Size of Received Packets Queue: 1
17:06:48.008 > [745798][V][LoraMesher.cpp:754] printHeaderPacket(): [LoRaMesher] Packet received -- Size: 17 Src: C998 Dst: D110 Id: 29 Type: 2 Via: D110 Seq_Id: 0 Num: 0
17:06:48.022 > [745812][I][LoraMesher.cpp:854] processDataPacket(): [LoRaMesher] Data packet from C998, destination D110, via D110
17:06:48.032 > [745822][V][LoraMesher.cpp:878] processDataPacket(): [LoRaMesher] Packet not for me, deleting it
17:06:48.040 > [745830][I][PacketQueueService.h:80] deleteQueuePacketAndPacket(): [LoRaMesher] Deleting packet
17:06:48.049 > [745839][I][PacketQueueService.h:83] deleteQueuePacketAndPacket(): [LoRaMesher] Deleting packet queue
17:06:48.058 > [745848][V][LoraMesher.cpp:641] processPackets(): [LoRaMesher] Stack space unused after entering the task: 2040
17:06:48.068 > [745858][V][LoraMesher.cpp:642] processPackets(): [LoRaMesher] Free heap: 336876
17:06:49.575 > [747366][V][LoraMesher.cpp:378] receivingRoutine(): [LoRaMesher] Stack space unused after entering the task: 2028
17:06:49.586 > [747376][V][LoraMesher.cpp:379] receivingRoutine(): [LoRaMesher] Free heap: 336876
17:06:49.594 > [747384][I][PacketService.cpp:12] createEmptyPacket(): [LoRaMesher] Packet created with 24 bytes
17:06:49.602 > [747392][I][LoraMesher.cpp:392] receivingRoutine(): [LoRaMesher] Receiving LoRa packet: Size: 24 bytes RSSI: 0 SNR: 14
17:06:49.613 > [747403][V][LoraMesher.cpp:647] processPackets(): [LoRaMesher] Size of Received Packets Queue: 1
17:06:49.622 > [747412][V][LoraMesher.cpp:754] printHeaderPacket(): [LoRaMesher] Packet received -- Size: 24 Src: D110 Dst: FFFF Id: 7 Type: 4 Via: 0 Seq_Id: 0 Num: 0
17:06:49.635 > [747425][I][RoutingTableService.cpp:77] processRoute(): [LoRaMesher] Route packet from D110 with size 4
17:06:49.645 > [747435][I][RoutingTableService.cpp:99] resetReceiveSNRRoutePacket(): [LoRaMesher] Reset Receive SNR from D110: 14
17:06:49.655 > [747445][I][RoutingTableService.cpp:192] printRoutingTable(): [LoRaMesher] Current routing table:
17:06:49.664 > [747453][I][RoutingTableService.cpp:206] printRoutingTable(): [LoRaMesher] 0 - D110 via D110 metric 1 Role 1
17:06:49.673 > [747463][I][RoutingTableService.cpp:206] printRoutingTable(): [LoRaMesher] 1 - F02C via F02C metric 1 Role 0
17:06:49.683 > [747473][I][RoutingTableService.cpp:206] printRoutingTable(): [LoRaMesher] 2 - DE6C via DE6C metric 1 Role 0
17:06:49.692 > [747482][I][RoutingTableService.cpp:206] printRoutingTable(): [LoRaMesher] 3 - C998 via C998 metric 1 Role 0
17:06:49.702 > [747492][I][PacketQueueService.h:80] deleteQueuePacketAndPacket(): [LoRaMesher] Deleting packet
17:06:49.711 > [747500][I][PacketQueueService.h:83] deleteQueuePacketAndPacket(): [LoRaMesher] Deleting packet queue
17:06:49.720 > [747509][V][LoraMesher.cpp:641] processPackets(): [LoRaMesher] Stack space unused after entering the task: 2040
17:06:49.730 > [747519][V][LoraMesher.cpp:642] processPackets(): [LoRaMesher] Free heap: 336876
17:06:51.625 > Send packet 37
17:06:51.627 > Sending packet to D110
17:06:51.629 > [749416][V][LoraMesher.h:250] createPacketAndSend(): [LoRaMesher] Creating a packet for send with 8 bytes
17:06:51.638 > [749428][V][PacketFactory.h:45] createPacket(): [LoRaMesher] Creating packet with 17 bytes
17:06:51.646 > [749436][I][PacketFactory.h:74] createPacket(): [LoRaMesher] Packet created with 17 bytes
17:06:51.654 > [749444][I][LoraMesher.h:659] setPackedForSend(): [LoRaMesher] Adding packet to Q_SP
17:06:51.662 > [749452][I][LoraMesher.h:661] setPackedForSend(): [LoRaMesher] Created packet to Q_SP
17:06:51.669 > [749459][I][LoraMesher.cpp:1061] addToSendOrderedAndNotify(): [LoRaMesher] Added packet to Q_SP, notifying sender task
17:06:51.680 > [749470][V][LoraMesher.cpp:511] sendPackets(): [LoRaMesher] Stack space unused after entering the task: 1972
17:06:51.690 > [749480][V][LoraMesher.cpp:512] sendPackets(): [LoRaMesher] Free heap: 336780
17:06:51.696 > [749486][V][LoraMesher.cpp:518] sendPackets(): [LoRaMesher] Size of Send Packets Queue: 1
17:06:51.704 > [749494][V][LoraMesher.cpp:525] sendPackets(): [LoRaMesher] Send n. 44
17:06:51.711 > [749501][V][LoraMesher.cpp:455] waitBeforeSend(): [LoRaMesher] RandomDelay 716 ms
17:06:52.434 > [750225][V][LoraMesher.cpp:754] printHeaderPacket(): [LoRaMesher] Packet send -- Size: 17 Src: B3F0 Dst: D110 Id: 44 Type: 2 Via: D110 Seq_Id: 0 Num: 0
17:06:52.524 > [750315][V][LoraMesher.cpp:575] sendPackets(): [LoRaMesher] TimeOnAir 63 ms, next message in 0 ms
17:06:52.533 > [750323][I][PacketQueueService.h:80] deleteQueuePacketAndPacket(): [LoRaMesher] Deleting packet
17:06:52.542 > [750332][I][PacketQueueService.h:83] deleteQueuePacketAndPacket(): [LoRaMesher] Deleting packet queue
17:06:53.167 > [750958][V][LoraMesher.cpp:378] receivingRoutine(): [LoRaMesher] Stack space unused after entering the task: 2028
17:06:53.178 > [750968][V][LoraMesher.cpp:379] receivingRoutine(): [LoRaMesher] Free heap: 336876
17:06:53.185 > [750975][I][PacketService.cpp:12] createEmptyPacket(): [LoRaMesher] Packet created with 17 bytes
17:06:53.194 > [750984][I][LoraMesher.cpp:392] receivingRoutine(): [LoRaMesher] Receiving LoRa packet: Size: 17 bytes RSSI: -27 SNR: 13
17:06:53.205 > [750995][V][LoraMesher.cpp:647] processPackets(): [LoRaMesher] Size of Received Packets Queue: 1
17:06:53.214 > [751004][V][LoraMesher.cpp:754] printHeaderPacket(): [LoRaMesher] Packet received -- Size: 17 Src: F02C Dst: D110 Id: 44 Type: 2 Via: D110 Seq_Id: 0 Num: 0
17:06:53.228 > [751018][I][LoraMesher.cpp:854] processDataPacket(): [LoRaMesher] Data packet from F02C, destination D110, via D110
17:06:53.238 > [751028][V][LoraMesher.cpp:878] processDataPacket(): [LoRaMesher] Packet not for me, deleting it
17:06:53.247 > [751037][I][PacketQueueService.h:80] deleteQueuePacketAndPacket(): [LoRaMesher] Deleting packet
17:06:53.255 > [751045][I][PacketQueueService.h:83] deleteQueuePacketAndPacket(): [LoRaMesher] Deleting packet queue
17:06:53.264 > [751054][V][LoraMesher.cpp:641] processPackets(): [LoRaMesher] Stack space unused after entering the task: 2040
17:06:53.274 > [751064][V][LoraMesher.cpp:642] processPackets(): [LoRaMesher] Free heap: 336876
17:07:07.023 > [764814][V][LoraMesher.cpp:378] receivingRoutine(): [LoRaMesher] Stack space unused after entering the task: 2028
17:07:07.034 > [764824][V][LoraMesher.cpp:379] receivingRoutine(): [LoRaMesher] Free heap: 336876
17:07:07.041 > [764831][I][PacketService.cpp:12] createEmptyPacket(): [LoRaMesher] Packet created with 17 bytes
17:07:07.050 > [764840][I][LoraMesher.cpp:392] receivingRoutine(): [LoRaMesher] Receiving LoRa packet: Size: 17 bytes RSSI: -73 SNR: 6
17:07:07.061 > [764851][V][LoraMesher.cpp:647] processPackets(): [LoRaMesher] Size of Received Packets Queue: 1
17:07:07.070 > [764860][V][LoraMesher.cpp:754] printHeaderPacket(): [LoRaMesher] Packet received -- Size: 17 Src: C998 Dst: D110 Id: 30 Type: 2 Via: D110 Seq_Id: 0 Num: 0
17:07:07.083 > [764874][I][LoraMesher.cpp:854] processDataPacket(): [LoRaMesher] Data packet from C998, destination D110, via D110
17:07:07.094 > [764884][V][LoraMesher.cpp:878] processDataPacket(): [LoRaMesher] Packet not for me, deleting it
17:07:07.102 > [764893][I][PacketQueueService.h:80] deleteQueuePacketAndPacket(): [LoRaMesher] Deleting packet
17:07:07.111 > [764901][I][PacketQueueService.h:83] deleteQueuePacketAndPacket(): [LoRaMesher] Deleting packet queue
17:07:07.120 > [764910][V][LoraMesher.cpp:641] processPackets(): [LoRaMesher] Stack space unused after entering the task: 2040
17:07:07.130 > [764920][V][LoraMesher.cpp:642] processPackets(): [LoRaMesher] Free heap: 336876
17:07:11.718 > Send packet 38
17:07:11.719 > Sending packet to D110
17:07:11.721 > [769509][V][LoraMesher.h:250] createPacketAndSend(): [LoRaMesher] Creating a packet for send with 8 bytes
17:07:11.731 > [769521][V][PacketFactory.h:45] createPacket(): [LoRaMesher] Creating packet with 17 bytes
17:07:11.739 > [769529][I][PacketFactory.h:74] createPacket(): [LoRaMesher] Packet created with 17 bytes
17:07:11.747 > [769537][I][LoraMesher.h:659] setPackedForSend(): [LoRaMesher] Adding packet to Q_SP
17:07:11.754 > [769545][I][LoraMesher.h:661] setPackedForSend(): [LoRaMesher] Created packet to Q_SP
17:07:11.762 > [769552][I][LoraMesher.cpp:1061] addToSendOrderedAndNotify(): [LoRaMesher] Added packet to Q_SP, notifying sender task
17:07:11.772 > [769563][V][LoraMesher.cpp:511] sendPackets(): [LoRaMesher] Stack space unused after entering the task: 1972
17:07:11.782 > [769573][V][LoraMesher.cpp:512] sendPackets(): [LoRaMesher] Free heap: 336780
17:07:11.789 > [769579][V][LoraMesher.cpp:518] sendPackets(): [LoRaMesher] Size of Send Packets Queue: 1
17:07:11.797 > [769587][V][LoraMesher.cpp:525] sendPackets(): [LoRaMesher] Send n. 45
17:07:11.803 > [769594][V][LoraMesher.cpp:455] waitBeforeSend(): [LoRaMesher] RandomDelay 388 ms
17:07:12.172 > [769963][V][LoraMesher.cpp:378] receivingRoutine(): [LoRaMesher] Stack space unused after entering the task: 2028
17:07:12.183 > [769973][V][LoraMesher.cpp:379] receivingRoutine(): [LoRaMesher] Free heap: 336808
17:07:12.190 > [769981][I][PacketService.cpp:12] createEmptyPacket(): [LoRaMesher] Packet created with 17 bytes
17:07:12.199 > [769989][I][LoraMesher.cpp:392] receivingRoutine(): [LoRaMesher] Receiving LoRa packet: Size: 17 bytes RSSI: -26 SNR: 14
17:07:12.210 > [770000][V][LoraMesher.cpp:647] processPackets(): [LoRaMesher] Size of Received Packets Queue: 1
17:07:12.219 > [770009][V][LoraMesher.cpp:754] printHeaderPacket(): [LoRaMesher] Packet received -- Size: 17 Src: F02C Dst: D110 Id: 45 Type: 2 Via: D110 Seq_Id: 0 Num: 0
17:07:12.232 > [770012][V][LoraMesher.cpp:462] waitBeforeSend(): [LoRaMesher] Preamble detected while waiting 1
17:07:12.241 > [770031][V[]7[7L0o0r3a1M]e[sIh]e[rL.ocrpapM:e4s5h5e]r .wcapipt:B8e5f4o]r epSreoncde(s)s:D a[tLaoPRaacMkeesth(e)r:]  [RLaonRdaoMmeDshay] D10a sacket from F02C, destination D110, via D110
17:07:12.257 > [770048][V][LoraMesher.cpp:878] processDataPacket(): [LoRaMesher] Packet not for me, deleting it
17:07:12.266 > [770056][I][PacketQueueService.h:80] deleteQueuePacketAndPacket(): [LoRaMesher] Deleting packet
17:07:12.274 > [770065][I][PacketQueueService.h:83] deleteQueuePacketAndPacket(): [LoRaMesher] Deleting packet queue
17:07:12.284 > [770074][V][LoraMesher.cpp:641] processPackets(): [LoRaMesher] Stack space unused after entering the task: 2040
17:07:12.293 > [770084][V][LoraMesher.cpp:642] processPackets(): [LoRaMesher] Free heap: 336808
17:07:13.467 > [771257][V][LoraMesher.cpp:754] printHeaderPacket(): [LoRaMesher] Packet send -- Size: 17 Src: B3F0 Dst: D110 Id: 45 Type: 2 Via: D110 Seq_Id: 0 Num: 0
17:07:13.557 > [771347][V][LoraMesher.cpp:575] sendPackets(): [LoRaMesher] TimeOnAir 63 ms, next message in 0 ms
17:07:13.566 > [771356][I][PacketQueueService.h:80] deleteQueuePacketAndPacket(): [LoRaMesher] Deleting packet
17:07:13.574 > [771365][I][PacketQueueService.h:83] deleteQueuePacketAndPacket(): [LoRaMesher] Deleting packet queue
17:07:14.579 > [772369][V][LoraMesher.cpp:378] receivingRoutine(): [LoRaMesher] Stack space unused after entering the task: 2028
17:07:14.589 > [772380][V][LoraMesher.cpp:379] receivingRoutine(): [LoRaMesher] Free heap: 336876
17:07:14.597 > [772387][I][PacketService.cpp:12] createEmptyPacket(): [LoRaMesher] Packet created with 17 bytes
17:07:14.605 > [772396][I][LoraMesher.cpp:392] receivingRoutine(): [LoRaMesher] Receiving LoRa packet: Size: 17 bytes RSSI: -18 SNR: 12
17:07:14.617 > [772407][V][LoraMesher.cpp:647] processPackets(): [LoRaMesher] Size of Received Packets Queue: 1
17:07:14.625 > [772416][V][LoraMesher.cpp:754] printHeaderPacket(): [LoRaMesher] Packet received -- Size: 17 Src: DE6C Dst: D110 Id: 45 Type: 2 Via: D110 Seq_Id: 0 Num: 0
17:07:14.639 > [772430][I][LoraMesher.cpp:854] processDataPacket(): [LoRaMesher] Data packet from DE6C, destination D110, via D110
17:07:14.649 > [772440][V][LoraMesher.cpp:878] processDataPacket(): [LoRaMesher] Packet not for me, deleting it
17:07:14.658 > [772448][I][PacketQueueService.h:80] deleteQueuePacketAndPacket(): [LoRaMesher] Deleting packet
17:07:14.666 > [772457][I][PacketQueueService.h:83] deleteQueuePacketAndPacket(): [LoRaMesher] Deleting packet queue
17:07:14.675 > [772466][V][LoraMesher.cpp:641] processPackets(): [LoRaMesher] Stack space unused after entering the task: 2040
17:07:14.685 > [772476][V][LoraMesher.cpp:642] processPackets(): [LoRaMesher] Free heap: 336876
17:07:27.010 > [784801][V][LoraMesher.cpp:378] receivingRoutine(): [LoRaMesher] Stack space unused after entering the task: 2028
17:07:27.020 > [784811][V][LoraMesher.cpp:379] receivingRoutine(): [LoRaMesher] Free heap: 336876
17:07:27.028 > [784819][I][PacketService.cpp:12] createEmptyPacket(): [LoRaMesher] Packet created with 17 bytes
17:07:27.037 > [784827][I][LoraMesher.cpp:392] receivingRoutine(): [LoRaMesher] Receiving LoRa packet: Size: 17 bytes RSSI: -75 SNR: 3
17:07:27.048 > [784838][V][LoraMesher.cpp:647] processPackets(): [LoRaMesher] Size of Received Packets Queue: 1
17:07:27.057 > [784847][V][LoraMesher.cpp:754] printHeaderPacket(): [LoRaMesher] Packet received -- Size: 17 Src: C998 Dst: D110 Id: 31 Type: 2 Via: D110 Seq_Id: 0 Num: 0
17:07:27.070 > [784861][I][LoraMesher.cpp:854] processDataPacket(): [LoRaMesher] Data packet from C998, destination D110, via D110
17:07:27.080 > [784871][V][LoraMesher.cpp:878] processDataPacket(): [LoRaMesher] Packet not for me, deleting it
17:07:27.089 > [784880][I][PacketQueueService.h:80] deleteQueuePacketAndPacket(): [LoRaMesher] Deleting packet
17:07:27.097 > [784888][I][PacketQueueService.h:83] deleteQueuePacketAndPacket(): [LoRaMesher] Deleting packet queue
17:07:27.107 > [784897][V][LoraMesher.cpp:641] processPackets(): [LoRaMesher] Stack space unused after entering the task: 2040
17:07:27.116 > [784907][V][LoraMesher.cpp:642] processPackets(): [LoRaMesher] Free heap: 336876
17:07:31.810 > Send packet 39
17:07:31.812 > Sending packet to D110
17:07:31.814 > [789602][V][LoraMesher.h:250] createPacketAndSend(): [LoRaMesher] Creating a packet for send with 8 bytes
17:07:31.823 > [789614][V][PacketFactory.h:45] createPacket(): [LoRaMesher] Creating packet with 17 bytes
17:07:31.831 > [789622][I][PacketFactory.h:74] createPacket(): [LoRaMesher] Packet created with 17 bytes
17:07:31.839 > [789630][I][LoraMesher.h:659] setPackedForSend(): [LoRaMesher] Adding packet to Q_SP
17:07:31.847 > [789638][I][LoraMesher.h:661] setPackedForSend(): [LoRaMesher] Created packet to Q_SP
17:07:31.854 > [789645][I][LoraMesher.cpp:1061] addToSendOrderedAndNotify(): [LoRaMesher] Added packet to Q_SP, notifying sender task
17:07:31.865 > [789656][V][LoraMesher.cpp:511] sendPackets(): [LoRaMesher] Stack space unused after entering the task: 1972
17:07:31.875 > [789666][V][LoraMesher.cpp:512] sendPackets(): [LoRaMesher] Free heap: 336780
17:07:31.882 > [789672][V][LoraMesher.cpp:518] sendPackets(): [LoRaMesher] Size of Send Packets Queue: 1
17:07:31.890 > [789680][V][LoraMesher.cpp:525] sendPackets(): [LoRaMesher] Send n. 46
17:07:31.896 > [789687][V][LoraMesher.cpp:455] waitBeforeSend(): [LoRaMesher] RandomDelay 832 ms
17:07:32.305 > [790096][V][LoraMesher.cpp:378] receivingRoutine(): [LoRaMesher] Stack space unused after entering the task: 2028
17:07:32.315 > [790106][V][LoraMesher.cpp:379] receivingRoutine(): [LoRaMesher] Free heap: 336808
17:07:32.323 > [790114][I][PacketService.cpp:12] createEmptyPacket(): [LoRaMesher] Packet created with 17 bytes
17:07:32.332 > [790122][I][LoraMesher.cpp:392] receivingRoutine(): [LoRaMesher] Receiving LoRa packet: Size: 17 bytes RSSI: -26 SNR: 13
17:07:32.343 > [790134][V][LoraMesher.cpp:647] processPackets(): [LoRaMesher] Size of Received Packets Queue: 1
17:07:32.351 > [790142][V][LoraMesher.cpp:754] printHeaderPacket(): [LoRaMesher] Packet received -- Size: 17 Src: F02C Dst: D110 Id: 46 Type: 2 Via: D110 Seq_Id: 0 Num: 0
17:07:32.365 > [790156][I][LoraMesher.cpp:854] processDataPacket(): [LoRaMesher] Data packet from F02C, destination D110, via D110
17:07:32.375 > [790166][V][LoraMesher.cpp:878] processDataPacket(): [LoRaMesher] Packet not for me, deleting it
17:07:32.384 > [790175][I][PacketQueueService.h:80] deleteQueuePacketAndPacket(): [LoRaMesher] Deleting packet
17:07:32.393 > [790183][I][PacketQueueService.h:83] deleteQueuePacketAndPacket(): [LoRaMesher] Deleting packet queue
17:07:32.402 > [790192][V][LoraMesher.cpp:641] processPackets(): [LoRaMesher] Stack space unused after entering the task: 2040
17:07:32.412 > [790202][V][LoraMesher.cpp:642] processPackets(): [LoRaMesher] Free heap: 336808
17:07:32.741 > [790532][V][LoraMesher.cpp:462] waitBeforeSend(): [LoRaMesher] Preamble detected while waiting 1
17:07:32.750 > [790541][V][LoraMesher.cpp:455] waitBeforeSend(): [LoRaMesher] RandomDelay 671 ms
17:07:33.273 > [791064][V][LoraMesher.cpp:378] receivingRoutine(): [LoRaMesher] Stack space unused after entering the task: 2028
17:07:33.283 > [791074][V][LoraMesher.cpp:379] receivingRoutine(): [LoRaMesher] Free heap: 336808
17:07:33.291 > [791082][I][PacketService.cpp:12] createEmptyPacket(): [LoRaMesher] Packet created with 17 bytes
17:07:33.300 > [791090][I][LoraMesher.cpp:392] receivingRoutine(): [LoRaMesher] Receiving LoRa packet: Size: 17 bytes RSSI: -19 SNR: 13
17:07:33.311 > [791102][V][LoraMesher.cpp:647] processPackets(): [LoRaMesher] Size of Received Packets Queue: 1
17:07:33.319 > [791110][V][LoraMesher.cpp:754] printHeaderPacket(): [LoRaMesher] Packet received -- Size: 17 Src: DE6C Dst: D110 Id: 46 Type: 2 Via: D110 Seq_Id: 0 Num: 0
17:07:33.333 > [791124][I][LoraMesher.cpp:854] processDataPacket(): [LoRaMesher] Data packet from DE6C, destination D110, via D110
17:07:33.343 > [791134][V][LoraMesher.cpp:878] processDataPacket(): [LoRaMesher] Packet not for me, deleting it
17:07:33.352 > [791143][I][PacketQueueService.h:80] deleteQueuePacketAndPacket(): [LoRaMesher] Deleting packet
17:07:33.360 > [791151][I][PacketQueueService.h:83] deleteQueuePacketAndPacket(): [LoRaMesher] Deleting packet queue
17:07:33.370 > [791160][V][LoraMesher.cpp:641] processPackets(): [LoRaMesher] Stack space unused after entering the task: 2040
17:07:33.379 > [791170][V][LoraMesher.cpp:642] processPackets(): [LoRaMesher] Free heap: 336808
17:07:33.434 > [791225][V][LoraMesher.cpp:462] waitBeforeSend(): [LoRaMesher] Preamble detected while waiting 2
17:07:33.443 > [791234][V][LoraMesher.cpp:455] waitBeforeSend(): [LoRaMesher] RandomDelay 762 ms
17:07:34.212 > [792004][V][LoraMesher.cpp:754] printHeaderPacket(): [LoRaMesher] Packet send -- Size: 17 Src: B3F0 Dst: D110 Id: 46 Type: 2 Via: D110 Seq_Id: 0 Num: 0
17:07:34.302 > [792093][V][LoraMesher.cpp:575] sendPackets(): [LoRaMesher] TimeOnAir 63 ms, next message in 0 ms
17:07:34.311 > [792102][I][PacketQueueService.h:80] deleteQueuePacketAndPacket(): [LoRaMesher] Deleting packet
17:07:34.320 > [792111][I][PacketQueueService.h:83] deleteQueuePacketAndPacket(): [LoRaMesher] Deleting packet queue
17:07:47.337 > [805128][V][LoraMesher.cpp:378] receivingRoutine(): [LoRaMesher] Stack space unused after entering the task: 2028
17:07:47.347 > [805138][V][LoraMesher.cpp:379] receivingRoutine(): [LoRaMesher] Free heap: 336876
17:07:47.355 > [805146][I][PacketService.cpp:12] createEmptyPacket(): [LoRaMesher] Packet created with 17 bytes
17:07:47.363 > [805155][I][LoraMesher.cpp:392] receivingRoutine(): [LoRaMesher] Receiving LoRa packet: Size: 17 bytes RSSI: -77 SNR: 3
17:07:47.375 > [805166][V][LoraMesher.cpp:647] processPackets(): [LoRaMesher] Size of Received Packets Queue: 1
17:07:47.383 > [805174][V][LoraMesher.cpp:754] printHeaderPacket(): [LoRaMesher] Packet received -- Size: 17 Src: C998 Dst: D110 Id: 32 Type: 2 Via: D110 Seq_Id: 0 Num: 0
17:07:47.397 > [805188][I][LoraMesher.cpp:854] processDataPacket(): [LoRaMesher] Data packet from C998, destination D110, via D110
17:07:47.407 > [805198][V][LoraMesher.cpp:878] processDataPacket(): [LoRaMesher] Packet not for me, deleting it
17:07:47.416 > [805207][I][PacketQueueService.h:80] deleteQueuePacketAndPacket(): [LoRaMesher] Deleting packet
17:07:47.424 > [805215][I][PacketQueueService.h:83] deleteQueuePacketAndPacket(): [LoRaMesher] Deleting packet queue
17:07:47.433 > [805224][V][LoraMesher.cpp:641] processPackets(): [LoRaMesher] Stack space unused after entering the task: 2040
17:07:47.443 > [805234][V][LoraMesher.cpp:642] processPackets(): [LoRaMesher] Free heap: 336876
17:07:51.903 > Send packet 40
17:07:51.905 > Sending packet to D110
17:07:51.907 > [809695][V][LoraMesher.h:250] createPacketAndSend(): [LoRaMesher] Creating a packet for send with 8 bytes
17:07:51.916 > [809707][V][PacketFactory.h:45] createPacket(): [LoRaMesher] Creating packet with 17 bytes
17:07:51.924 > [809715][I][PacketFactory.h:74] createPacket(): [LoRaMesher] Packet created with 17 bytes
17:07:51.932 > [809723][I][LoraMesher.h:659] setPackedForSend(): [LoRaMesher] Adding packet to Q_SP
17:07:51.939 > [809731][I][LoraMesher.h:661] setPackedForSend(): [LoRaMesher] Created packet to Q_SP
17:07:51.947 > [809738][I][LoraMesher.cpp:1061] addToSendOrderedAndNotify(): [LoRaMesher] Added packet to Q_SP, notifying sender task
17:07:51.958 > [809749][V][LoraMesher.cpp:511] sendPackets(): [LoRaMesher] Stack space unused after entering the task: 1972
17:07:51.967 > [809759][V][LoraMesher.cpp:512] sendPackets(): [LoRaMesher] Free heap: 336780
17:07:51.974 > [809765][V][LoraMesher.cpp:518] sendPackets(): [LoRaMesher] Size of Send Packets Queue: 1
17:07:51.982 > [809773][V][LoraMesher.cpp:525] sendPackets(): [LoRaMesher] Send n. 47
17:07:51.989 > [809780][V][LoraMesher.cpp:455] waitBeforeSend(): [LoRaMesher] RandomDelay 707 ms
17:07:52.703 > [810495][V][LoraMesher.cpp:754] printHeaderPacket(): [LoRaMesher] Packet send -- Size: 17 Src: B3F0 Dst: D110 Id: 47 Type: 2 Via: D110 Seq_Id: 0 Num: 0
17:07:52.793 > [810585][V][LoraMesher.cpp:575] sendPackets(): [LoRaMesher] TimeOnAir 63 ms, next message in 0 ms
17:07:52.802 > [810593][I][PacketQueueService.h:80] deleteQueuePacketAndPacket(): [LoRaMesher] Deleting packet
17:07:52.811 > [810602][I][PacketQueueService.h:83] deleteQueuePacketAndPacket(): [LoRaMesher] Deleting packet queue
17:07:54.193 > [811985][V][LoraMesher.cpp:378] receivingRoutine(): [LoRaMesher] Stack space unused after entering the task: 2028
17:07:54.204 > [811995][V][LoraMesher.cpp:379] receivingRoutine(): [LoRaMesher] Free heap: 336876
17:07:54.211 > [812002][I][PacketService.cpp:12] createEmptyPacket(): [LoRaMesher] Packet created with 17 bytes
17:07:54.220 > [812011][I][LoraMesher.cpp:392] receivingRoutine(): [LoRaMesher] Receiving LoRa packet: Size: 17 bytes RSSI: -27 SNR: 12
17:07:54.231 > [812022][V][LoraMesher.cpp:647] processPackets(): [LoRaMesher] Size of Received Packets Queue: 1
17:07:54.240 > [812031][V][LoraMesher.cpp:754] printHeaderPacket(): [LoRaMesher] Packet received -- Size: 17 Src: F02C Dst: D110 Id: 47 Type: 2 Via: D110 Seq_Id: 0 Num: 0
17:07:54.254 > [812045][I][LoraMesher.cpp:854] processDataPacket(): [LoRaMesher] Data packet from F02C, destination D110, via D110
17:07:54.264 > [812055][V][LoraMesher.cpp:878] processDataPacket(): [LoRaMesher] Packet not for me, deleting it
17:07:54.272 > [812064][I][PacketQueueService.h:80] deleteQueuePacketAndPacket(): [LoRaMesher] Deleting packet
17:07:54.281 > [812072][I][PacketQueueService.h:83] deleteQueuePacketAndPacket(): [LoRaMesher] Deleting packet queue
17:07:54.290 > [812081][V][LoraMesher.cpp:641] processPackets(): [LoRaMesher] Stack space unused after entering the task: 2040
17:07:54.300 > [812091][V][LoraMesher.cpp:642] processPackets(): [LoRaMesher] Free heap: 336876
17:08:07.022 > [824813][V][LoraMesher.cpp:378] receivingRoutine(): [LoRaMesher] Stack space unused after entering the task: 2028
17:08:07.033 > [824823][V][LoraMesher.cpp:379] receivingRoutine(): [LoRaMesher] Free heap: 336876
17:08:07.039 > [824831][I][PacketService.cpp:12] createEmptyPacket(): [LoRaMesher] Packet created with 17 bytes
17:08:07.048 > [824840][I][LoraMesher.cpp:392] receivingRoutine(): [LoRaMesher] Receiving LoRa packet: Size: 17 bytes RSSI: -75 SNR: 3
17:08:07.059 > [824851][V][LoraMesher.cpp:647] processPackets(): [LoRaMesher] Size of Received Packets Queue: 1
17:08:07.068 > [824859][V][LoraMesher.cpp:754] printHeaderPacket(): [LoRaMesher] Packet received -- Size: 17 Src: C998 Dst: D110 Id: 33 Type: 2 Via: D110 Seq_Id: 0 Num: 0
17:08:07.082 > [824873][I][LoraMesher.cpp:854] processDataPacket(): [LoRaMesher] Data packet from C998, destination D110, via D110
17:08:07.092 > [824883][V][LoraMesher.cpp:878] processDataPacket(): [LoRaMesher] Packet not for me, deleting it
17:08:07.100 > [824892][I][PacketQueueService.h:80] deleteQueuePacketAndPacket(): [LoRaMesher] Deleting packet
17:08:07.109 > [824901][I][PacketQueueService.h:83] deleteQueuePacketAndPacket(): [LoRaMesher] Deleting packet queue
17:08:07.118 > [824910][V][LoraMesher.cpp:641] processPackets(): [LoRaMesher] Stack space unused after entering the task: 2040
17:08:07.128 > [824919][V][LoraMesher.cpp:642] processPackets(): [LoRaMesher] Free heap: 336876
17:08:11.996 > Send packet 41
17:08:11.997 > Sending packet to D110
17:08:11.999 > [829788][V][LoraMesher.h:250] createPacketAndSend(): [LoRaMesher] Creating a packet for send with 8 bytes
17:08:12.008 > [829800][V][PacketFactory.h:45] createPacket(): [LoRaMesher] Creating packet with 17 bytes
17:08:12.017 > [829808][I][PacketFactory.h:74] createPacket(): [LoRaMesher] Packet created with 17 bytes
17:08:12.024 > [829816][I][LoraMesher.h:659] setPackedForSend(): [LoRaMesher] Adding packet to Q_SP
17:08:12.032 > [829824][I][LoraMesher.h:661] setPackedForSend(): [LoRaMesher] Created packet to Q_SP
17:08:12.040 > [829831][I][LoraMesher.cpp:1061] addToSendOrderedAndNotify(): [LoRaMesher] Added packet to Q_SP, notifying sender task
17:08:12.050 > [829842][V][LoraMesher.cpp:511] sendPackets(): [LoRaMesher] Stack space unused after entering the task: 1972
17:08:12.060 > [829852][V][LoraMesher.cpp:512] sendPackets(): [LoRaMesher] Free heap: 336780
17:08:12.067 > [829858][V][LoraMesher.cpp:518] sendPackets(): [LoRaMesher] Size of Send Packets Queue: 1
17:08:12.075 > [829866][V][LoraMesher.cpp:525] sendPackets(): [LoRaMesher] Send n. 48
17:08:12.081 > [829873][V][LoraMesher.cpp:455] waitBeforeSend(): [LoRaMesher] RandomDelay 563 ms
17:08:12.652 > [830444][V][LoraMesher.cpp:754] printHeaderPacket(): [LoRaMesher] Packet send -- Size: 17 Src: B3F0 Dst: D110 Id: 48 Type: 2 Via: D110 Seq_Id: 0 Num: 0
17:08:12.742 > [830534][V][LoraMesher.cpp:575] sendPackets(): [LoRaMesher] TimeOnAir 63 ms, next message in 0 ms
17:08:12.751 > [830542][I][PacketQueueService.h:80] deleteQueuePacketAndPacket(): [LoRaMesher] Deleting packet
17:08:12.759 > [830551][I][PacketQueueService.h:83] deleteQueuePacketAndPacket(): [LoRaMesher] Deleting packet queue
17:08:14.055 > [831847][V][LoraMesher.cpp:378] receivingRoutine(): [LoRaMesher] Stack space unused after entering the task: 2028
17:08:14.066 > [831857][V][LoraMesher.cpp:379] receivingRoutine(): [LoRaMesher] Free heap: 336876
17:08:14.073 > [831865][I][PacketService.cpp:12] createEmptyPacket(): [LoRaMesher] Packet created with 17 bytes
17:08:14.083 > [831874][I][LoraMesher.cpp:392] receivingRoutine(): [LoRaMesher] Receiving LoRa packet: Size: 17 bytes RSSI: -20 SNR: 13
17:08:14.093 > [831885][V][LoraMesher.cpp:647] processPackets(): [LoRaMesher] Size of Received Packets Queue: 1
17:08:14.102 > [831893][V][LoraMesher.cpp:754] printHeaderPacket(): [LoRaMesher] Packet received -- Size: 17 Src: DE6C Dst: D110 Id: 48 Type: 2 Via: D110 Seq_Id: 0 Num: 0
17:08:14.116 > [831907][I][LoraMesher.cpp:854] processDataPacket(): [LoRaMesher] Data packet from DE6C, destination D110, via D110
17:08:14.126 > [831917][V][LoraMesher.cpp:878] processDataPacket(): [LoRaMesher] Packet not for me, deleting it
17:08:14.134 > [831926][I][PacketQueueService.h:80] deleteQueuePacketAndPacket(): [LoRaMesher] Deleting packet
17:08:14.143 > [831935][I][PacketQueueService.h:83] deleteQueuePacketAndPacket(): [LoRaMesher] Deleting packet queue
17:08:14.152 > [831944][V][LoraMesher.cpp:641] processPackets(): [LoRaMesher] Stack space unused after entering the task: 2040
17:08:14.162 > [831954][V][LoraMesher.cpp:642] processPackets(): [LoRaMesher] Free heap: 336876
17:08:15.539 > [833331][V][LoraMesher.cpp:378] receivingRoutine(): [LoRaMesher] Stack space unused after entering the task: 2028
17:08:15.549 > [833341][V][LoraMesher.cpp:379] receivingRoutine(): [LoRaMesher] Free heap: 336876
17:08:15.557 > [833349][I][PacketService.cpp:12] createEmptyPacket(): [LoRaMesher] Packet created with 17 bytes
17:08:15.566 > [833357][I][LoraMesher.cpp:392] receivingRoutine(): [LoRaMesher] Receiving LoRa packet: Size: 17 bytes RSSI: -27 SNR: 13
17:08:15.577 > [833368][V][LoraMesher.cpp:647] processPackets(): [LoRaMesher] Size of Received Packets Queue: 1
17:08:15.585 > [833377][V][LoraMesher.cpp:754] printHeaderPacket(): [LoRaMesher] Packet received -- Size: 17 Src: F02C Dst: D110 Id: 48 Type: 2 Via: D110 Seq_Id: 0 Num: 0
17:08:15.599 > [833391][I][LoraMesher.cpp:854] processDataPacket(): [LoRaMesher] Data packet from F02C, destination D110, via D110
17:08:15.609 > [833401][V][LoraMesher.cpp:878] processDataPacket(): [LoRaMesher] Packet not for me, deleting it
17:08:15.618 > [833410][I][PacketQueueService.h:80] deleteQueuePacketAndPacket(): [LoRaMesher] Deleting packet
17:08:15.626 > [833418][I][PacketQueueService.h:83] deleteQueuePacketAndPacket(): [LoRaMesher] Deleting packet queue
17:08:15.636 > [833427][V][LoraMesher.cpp:641] processPackets(): [LoRaMesher] Stack space unused after entering the task: 2040
17:08:15.645 > [833437][V][LoraMesher.cpp:642] processPackets(): [LoRaMesher] Free heap: 336876
17:08:27.389 > [845180][V][LoraMesher.cpp:378] receivingRoutine(): [LoRaMesher] Stack space unused after entering the task: 2028
17:08:27.399 > [845191][V][LoraMesher.cpp:379] receivingRoutine(): [LoRaMesher] Free heap: 336876
17:08:27.406 > [845198][I][PacketService.cpp:12] createEmptyPacket(): [LoRaMesher] Packet created with 17 bytes
17:08:27.415 > [845207][I][LoraMesher.cpp:392] receivingRoutine(): [LoRaMesher] Receiving LoRa packet: Size: 17 bytes RSSI: -76 SNR: 5
17:08:27.427 > [845218][V][LoraMesher.cpp:647] processPackets(): [LoRaMesher] Size of Received Packets Queue: 1
17:08:27.435 > [845227][V][LoraMesher.cpp:754] printHeaderPacket(): [LoRaMesher] Packet received -- Size: 17 Src: C998 Dst: D110 Id: 34 Type: 2 Via: D110 Seq_Id: 0 Num: 0
17:08:27.448 > [845240][I][LoraMesher.cpp:854] processDataPacket(): [LoRaMesher] Data packet from C998, destination D110, via D110
17:08:27.459 > [845251][V][LoraMesher.cpp:878] processDataPacket(): [LoRaMesher] Packet not for me, deleting it
17:08:27.467 > [845259][I][PacketQueueService.h:80] deleteQueuePacketAndPacket(): [LoRaMesher] Deleting packet
17:08:27.477 > [845268][I][PacketQueueService.h:83] deleteQueuePacketAndPacket(): [LoRaMesher] Deleting packet queue
17:08:27.486 > [845277][V][LoraMesher.cpp:641] processPackets(): [LoRaMesher] Stack space unused after entering the task: 2040
17:08:27.496 > [845287][V][LoraMesher.cpp:642] processPackets(): [LoRaMesher] Free heap: 336876
17:08:30.551 > [848343][V][LoraMesher.cpp:598] sendHelloPacket(): [LoRaMesher] Creating Routing Packet
17:08:30.559 > [848351][V][LoraMesher.cpp:599] sendHelloPacket(): [LoRaMesher] Stack space unused after entering the task: 2324
17:08:30.569 > [848361][V][LoraMesher.cpp:600] sendHelloPacket(): [LoRaMesher] Free heap: 336876
17:08:30.576 > [848368][V][PacketFactory.h:45] createPacket(): [LoRaMesher] Creating packet with 24 bytes
17:08:30.584 > [848376][I][PacketFactory.h:74] createPacket(): [LoRaMesher] Packet created with 24 bytes
17:08:30.592 > [848384][I][LoraMesher.h:659] setPackedForSend(): [LoRaMesher] Adding packet to Q_SP
17:08:30.601 > [848392][I][LoraMesher.h:661] setPackedForSend(): [LoRaMesher] Created packet to Q_SP
17:08:30.607 > [848399][I][LoraMesher.cpp:1061] addToSendOrderedAndNotify(): [LoRaMesher] Added packet to Q_SP, notifying sender task
17:08:30.618 > [848410][V][LoraMesher.cpp:511] sendPackets(): [LoRaMesher] Stack space unused after entering the task: 1972
17:08:30.628 > [848420][V][LoraMesher.cpp:512] sendPackets(): [LoRaMesher] Free heap: 336776
17:08:30.634 > [848426][V][LoraMesher.cpp:518] sendPackets(): [LoRaMesher] Size of Send Packets Queue: 1
17:08:30.643 > [848434][V][LoraMesher.cpp:525] sendPackets(): [LoRaMesher] Send n. 49
17:08:30.649 > [848441][V][LoraMesher.cpp:455] waitBeforeSend(): [LoRaMesher] RandomDelay 440 ms
17:08:31.071 > [848863][V][LoraMesher.cpp:378] receivingRoutine(): [LoRaMesher] Stack space unused after entering the task: 2028
17:08:31.081 > [848873][V][LoraMesher.cpp:379] receivingRoutine(): [LoRaMesher] Free heap: 336804
17:08:31.089 > [848880][I][PacketService.cpp:12] createEmptyPacket(): [LoRaMesher] Packet created with 24 bytes
17:08:31.097 > [848889][I][LoraMesher.cpp:392] receivingRoutine(): [LoRaMesher] Receiving LoRa packet: Size: 24 bytes RSSI: -19 SNR: 13
17:08:31.108 > [848900][V][LoraMesher.cpp:647] processPackets(): [LoRaMesher] Size of Received Packets Queue: 1
17:08:31.117 > [848909][V][LoraMesher.cpp:754] printHeaderPacket(): [LoRaMesher] Packet received -- Size: 24 Src: DE6C Dst: FFFF Id: 49 Type: 4 Via: 0 Seq_Id: 0 Num: 0
17:08:31.131 > [848912][V][LoraMesher.cpp:462] waitBeforeSend(): [LoRaMesher] Preamble detected while waiting 1
17:08:31.139 > [848931][V][Lor[a8M4e8s9h3e1r].[cIp]p[:R4o5u5t]i nwgaTiatbBleefSoerrevSiecned.(c)p:p :[7L7o]R apMreoscheesrs]R oRuatned(o)m:D e[lLay 5es mer
17:08:31.151 >  Route packet from DE6C with size 4
17:08:31.156 > [848947][I][RoutingTableService.cpp:99] resetReceiveSNRRoutePacket(): [LoRaMesher] Reset Receive SNR from DE6C: 13
17:08:31.165 > [848957][I][RoutingTableService.cpp:192] printRoutingTable(): [LoRaMesher] Current routing table:
17:08:31.174 > [848966][I][RoutingTableService.cpp:206] printRoutingTable(): [LoRaMesher] 0 - D110 via D110 metric 1 Role 1
17:08:31.183 > [848975][I][RoutingTableService.cpp:206] printRoutingTable(): [LoRaMesher] 1 - F02C via F02C metric 1 Role 0
17:08:31.193 > [848985][I][RoutingTableService.cpp:206] printRoutingTable(): [LoRaMesher] 2 - DE6C via DE6C metric 1 Role 0
17:08:31.202 > [848994][I][RoutingTableService.cpp:206] printRoutingTable(): [LoRaMesher] 3 - C998 via C998 metric 1 Role 0
17:08:31.212 > [849004][I][PacketQueueService.h:80] deleteQueuePacketAndPacket(): [LoRaMesher] Deleting packet
17:08:31.221 > [849013][I][PacketQueueService.h:83] deleteQueuePacketAndPacket(): [LoRaMesher] Deleting packet queue
17:08:31.230 > [849022][V][LoraMesher.cpp:641] processPackets(): [LoRaMesher] Stack space unused after entering the task: 2040
17:08:31.240 > [849032][V][LoraMesher.cpp:642] processPackets(): [LoRaMesher] Free heap: 336804
17:08:31.722 > [849515][V][LoraMesher.cpp:754] printHeaderPacket(): [LoRaMesher] Packet send -- Size: 24 Src: B3F0 Dst: FFFF Id: 49 Type: 4 Via: 0 Seq_Id: 0 Num: 0
17:08:31.826 > [849619][V][LoraMesher.cpp:575] sendPackets(): [LoRaMesher] TimeOnAir 78 ms, next message in 0 ms
17:08:31.835 > [849627][I][PacketQueueService.h:80] deleteQueuePacketAndPacket(): [LoRaMesher] Deleting packet
17:08:31.845 > [849636][I][PacketQueueService.h:83] deleteQueuePacketAndPacket(): [LoRaMesher] Deleting packet queue
17:08:32.088 > Send packet 42
17:08:32.090 > Sending packet to D110
17:08:32.092 > [849881][V][LoraMesher.h:250] createPacketAndSend(): [LoRaMesher] Creating a packet for send with 8 bytes
17:08:32.102 > [849893][V][PacketFactory.h:45] createPacket(): [LoRaMesher] Creating packet with 17 bytes
17:08:32.109 > [849901][I][PacketFactory.h:74] createPacket(): [LoRaMesher] Packet created with 17 bytes
17:08:32.117 > [849909][I][LoraMesher.h:659] setPackedForSend(): [LoRaMesher] Adding packet to Q_SP
17:08:32.125 > [849917][I][LoraMesher.h:661] setPackedForSend(): [LoRaMesher] Created packet to Q_SP
17:08:32.132 > [849924][I][LoraMesher.cpp:1061] addToSendOrderedAndNotify(): [LoRaMesher] Added packet to Q_SP, notifying sender task
17:08:32.144 > [849935][V][LoraMesher.cpp:511] sendPackets(): [LoRaMesher] Stack space unused after entering the task: 1972
17:08:32.152 > [849945][V][LoraMesher.cpp:512] sendPackets(): [LoRaMesher] Free heap: 336780
17:08:32.159 > [849951][V][LoraMesher.cpp:518] sendPackets(): [LoRaMesher] Size of Send Packets Queue: 1
17:08:32.167 > [849959][V][LoraMesher.cpp:525] sendPackets(): [LoRaMesher] Send n. 50
17:08:32.174 > [849966][V][LoraMesher.cpp:455] waitBeforeSend(): [LoRaMesher] RandomDelay 391 ms
17:08:32.572 > [850365][V][LoraMesher.cpp:754] printHeaderPacket(): [LoRaMesher] Packet send -- Size: 17 Src: B3F0 Dst: D110 Id: 50 Type: 2 Via: D110 Seq_Id: 0 Num: 0
17:08:32.662 > [850455][V][LoraMesher.cpp:575] sendPackets(): [LoRaMesher] TimeOnAir 63 ms, next message in 0 ms
17:08:32.672 > [850463][I][PacketQueueService.h:80] deleteQueuePacketAndPacket(): [LoRaMesher] Deleting packet
17:08:32.681 > [850472][I][PacketQueueService.h:83] deleteQueuePacketAndPacket(): [LoRaMesher] Deleting packet queue
17:08:33.690 > [851482][V][LoraMesher.cpp:378] receivingRoutine(): [LoRaMesher] Stack space unused after entering the task: 2028
17:08:33.701 > [851492][V][LoraMesher.cpp:379] receivingRoutine(): [LoRaMesher] Free heap: 336876
17:08:33.708 > [851500][I][PacketService.cpp:12] createEmptyPacket(): [LoRaMesher] Packet created with 24 bytes
17:08:33.716 > [851509][I][LoraMesher.cpp:392] receivingRoutine(): [LoRaMesher] Receiving LoRa packet: Size: 24 bytes RSSI: -28 SNR: 13
17:08:33.728 > [851520][V][LoraMesher.cpp:647] processPackets(): [LoRaMesher] Size of Received Packets Queue: 1
17:08:33.736 > [851528][V][LoraMesher.cpp:754] printHeaderPacket(): [LoRaMesher] Packet received -- Size: 24 Src: F02C Dst: FFFF Id: 49 Type: 4 Via: 0 Seq_Id: 0 Num: 0
17:08:33.751 > [851542][I][RoutingTableService.cpp:77] processRoute(): [LoRaMesher] Route packet from F02C with size 4
17:08:33.760 > [851551][I][RoutingTableService.cpp:99] resetReceiveSNRRoutePacket(): [LoRaMesher] Reset Receive SNR from F02C: 13
17:08:33.770 > [851561][I][RoutingTableService.cpp:192] printRoutingTable(): [LoRaMesher] Current routing table:
17:08:33.778 > [851570][I][RoutingTableService.cpp:206] printRoutingTable(): [LoRaMesher] 0 - D110 via D110 metric 1 Role 1
17:08:33.788 > [851580][I][RoutingTableService.cpp:206] printRoutingTable(): [LoRaMesher] 1 - F02C via F02C metric 1 Role 0
17:08:33.797 > [851589][I][RoutingTableService.cpp:206] printRoutingTable(): [LoRaMesher] 2 - DE6C via DE6C metric 1 Role 0
17:08:33.808 > [851599][I][RoutingTableService.cpp:206] printRoutingTable(): [LoRaMesher] 3 - C998 via C998 metric 1 Role 0
17:08:33.816 > [851609][I][PacketQueueService.h:80] deleteQueuePacketAndPacket(): [LoRaMesher] Deleting packet
17:08:33.825 > [851617][I][PacketQueueService.h:83] deleteQueuePacketAndPacket(): [LoRaMesher] Deleting packet queue
17:08:33.835 > [851626][V][LoraMesher.cpp:641] processPackets(): [LoRaMesher] Stack space unused after entering the task: 2040
17:08:33.844 > [851636][V][LoraMesher.cpp:642] processPackets(): [LoRaMesher] Free heap: 336876
17:08:34.742 > [852534][V][LoraMesher.cpp:378] receivingRoutine(): [LoRaMesher] Stack space unused after entering the task: 2028
17:08:34.753 > [852544][V][LoraMesher.cpp:379] receivingRoutine(): [LoRaMesher] Free heap: 336876
17:08:34.760 > [852552][I][PacketService.cpp:12] createEmptyPacket(): [LoRaMesher] Packet created with 17 bytes
17:08:34.769 > [852560][I][LoraMesher.cpp:392] receivingRoutine(): [LoRaMesher] Receiving LoRa packet: Size: 17 bytes RSSI: -28 SNR: 13
17:08:34.780 > [852572][V][LoraMesher.cpp:647] processPackets(): [LoRaMesher] Size of Received Packets Queue: 1
17:08:34.788 > [852580][V][LoraMesher.cpp:754] printHeaderPacket(): [LoRaMesher] Packet received -- Size: 17 Src: F02C Dst: D110 Id: 50 Type: 2 Via: D110 Seq_Id: 0 Num: 0
17:08:34.803 > [852594][I][LoraMesher.cpp:854] processDataPacket(): [LoRaMesher] Data packet from F02C, destination D110, via D110
17:08:34.812 > [852604][V][LoraMesher.cpp:878] processDataPacket(): [LoRaMesher] Packet not for me, deleting it
17:08:34.822 > [852613][I][PacketQueueService.h:80] deleteQueuePacketAndPacket(): [LoRaMesher] Deleting packet
17:08:34.829 > [852621][I][PacketQueueService.h:83] deleteQueuePacketAndPacket(): [LoRaMesher] Deleting packet queue
17:08:34.838 > [852630][V][LoraMesher.cpp:641] processPackets(): [LoRaMesher] Stack space unused after entering the task: 2040
17:08:34.848 > [852640][V][LoraMesher.cpp:642] processPackets(): [LoRaMesher] Free heap: 336876
17:08:36.501 > [854293][V][LoraMesher.cpp:378] receivingRoutine(): [LoRaMesher] Stack space unused after entering the task: 2028
17:08:36.512 > [854303][V][LoraMesher.cpp:379] receivingRoutine(): [LoRaMesher] Free heap: 336876
17:08:36.518 > [854310][I][PacketService.cpp:12] createEmptyPacket(): [LoRaMesher] Packet created with 17 bytes
17:08:36.528 > [854319][I][LoraMesher.cpp:392] receivingRoutine(): [LoRaMesher] Receiving LoRa packet: Size: 17 bytes RSSI: -19 SNR: 13
17:08:36.539 > [854330][V][LoraMesher.cpp:647] processPackets(): [LoRaMesher] Size of Received Packets Queue: 1
17:08:36.547 > [854339][V][LoraMesher.cpp:754] printHeaderPacket(): [LoRaMesher] Packet received -- Size: 17 Src: DE6C Dst: D110 Id: 50 Type: 2 Via: D110 Seq_Id: 0 Num: 0
17:08:36.561 > [854353][I][LoraMesher.cpp:854] processDataPacket(): [LoRaMesher] Data packet from DE6C, destination D110, via D110
17:08:36.571 > [854363][V][LoraMesher.cpp:878] processDataPacket(): [LoRaMesher] Packet not for me, deleting it
17:08:36.579 > [854372][I][PacketQueueService.h:80] deleteQueuePacketAndPacket(): [LoRaMesher] Deleting packet
17:08:36.588 > [854380][I][PacketQueueService.h:83] deleteQueuePacketAndPacket(): [LoRaMesher] Deleting packet queue
17:08:36.597 > [854389][V][LoraMesher.cpp:641] processPackets(): [LoRaMesher] Stack space unused after entering the task: 2040
17:08:36.607 > [854399][V][LoraMesher.cpp:642] processPackets(): [LoRaMesher] Free heap: 336876
17:08:46.926 > [864719][V][LoraMesher.cpp:378] receivingRoutine(): [LoRaMesher] Stack space unused after entering the task: 2028
17:08:46.937 > [864729][V][LoraMesher.cpp:379] receivingRoutine(): [LoRaMesher] Free heap: 336876
17:08:46.945 > [864736][I][PacketService.cpp:12] createEmptyPacket(): [LoRaMesher] Packet created with 24 bytes
17:08:46.953 > [864745][I][LoraMesher.cpp:392] receivingRoutine(): [LoRaMesher] Receiving LoRa packet: Size: 24 bytes RSSI: -75 SNR: 5
17:08:46.964 > [864756][V][LoraMesher.cpp:647] processPackets(): [LoRaMesher] Size of Received Packets Queue: 1
17:08:46.973 > [864765][V][LoraMesher.cpp:754] printHeaderPacket(): [LoRaMesher] Packet received -- Size: 24 Src: C998 Dst: FFFF Id: 35 Type: 4 Via: 0 Seq_Id: 0 Num: 0
17:08:46.987 > [864778][I][RoutingTableService.cpp:77] processRoute(): [LoRaMesher] Route packet from C998 with size 4
17:08:46.995 > [864788][I][RoutingTableService.cpp:99] resetReceiveSNRRoutePacket(): [LoRaMesher] Reset Receive SNR from C998: 5
17:08:47.006 > [864798][I][RoutingTableService.cpp:192] printRoutingTable(): [LoRaMesher] Current routing table:
17:08:47.014 > [864806][I][RoutingTableService.cpp:206] printRoutingTable(): [LoRaMesher] 0 - D110 via D110 metric 1 Role 1
17:08:47.025 > [864816][I][RoutingTableService.cpp:206] printRoutingTable(): [LoRaMesher] 1 - F02C via F02C metric 1 Role 0
17:08:47.033 > [864826][I][RoutingTableService.cpp:206] printRoutingTable(): [LoRaMesher] 2 - DE6C via DE6C metric 1 Role 0
17:08:47.044 > [864835][I][RoutingTableService.cpp:206] printRoutingTable(): [LoRaMesher] 3 - C998 via C998 metric 1 Role 0
17:08:47.053 > [864845][I][PacketQueueService.h:80] deleteQueuePacketAndPacket(): [LoRaMesher] Deleting packet
17:08:47.062 > [864853][I][PacketQueueService.h:83] deleteQueuePacketAndPacket(): [LoRaMesher] Deleting packet queue
17:08:47.070 > [864862][V][LoraMesher.cpp:641] processPackets(): [LoRaMesher] Stack space unused after entering the task: 2040
17:08:47.080 > [864872][V][LoraMesher.cpp:642] processPackets(): [LoRaMesher] Free heap: 336876
17:08:47.465 > [865258][V][LoraMesher.cpp:378] receivingRoutine(): [LoRaMesher] Stack space unused after entering the task: 2028
17:08:47.476 > [865268][V][LoraMesher.cpp:379] receivingRoutine(): [LoRaMesher] Free heap: 336876
17:08:47.484 > [865275][I][PacketService.cpp:12] createEmptyPacket(): [LoRaMesher] Packet created with 17 bytes
17:08:47.494 > [865284][I][LoraMesher.cpp:392] receivingRoutine(): [LoRaMesher] Receiving LoRa packet: Size: 17 bytes RSSI: -75 SNR: 5
17:08:47.503 > [865295][V][LoraMesher.cpp:647] processPackets(): [LoRaMesher] Size of Received Packets Queue: 1
17:08:47.512 > [865304][V][LoraMesher.cpp:754] printHeaderPacket(): [LoRaMesher] Packet received -- Size: 17 Src: C998 Dst: D110 Id: 36 Type: 2 Via: D110 Seq_Id: 0 Num: 0
17:08:47.525 > [865317][I][LoraMesher.cpp:854] processDataPacket(): [LoRaMesher] Data packet from C998, destination D110, via D110
17:08:47.535 > [865328][V][LoraMesher.cpp:878] processDataPacket(): [LoRaMesher] Packet not for me, deleting it
17:08:47.544 > [865336][I][PacketQueueService.h:80] deleteQueuePacketAndPacket(): [LoRaMesher] Deleting packet
17:08:47.553 > [865345][I][PacketQueueService.h:83] deleteQueuePacketAndPacket(): [LoRaMesher] Deleting packet queue
17:08:47.563 > [865354][V][LoraMesher.cpp:641] processPackets(): [LoRaMesher] Stack space unused after entering the task: 2040
17:08:47.572 > [865364][V][LoraMesher.cpp:642] processPackets(): [LoRaMesher] Free heap: 336876
17:08:49.169 > [866961][V][LoraMesher.cpp:378] receivingRoutine(): [LoRaMesher] Stack space unused after entering the task: 2028
17:08:49.180 > [866972][V][LoraMesher.cpp:379] receivingRoutine(): [LoRaMesher] Free heap: 336876
17:08:49.188 > [866979][I][PacketService.cpp:12] createEmptyPacket(): [LoRaMesher] Packet created with 24 bytes
17:08:49.196 > [866988][I][LoraMesher.cpp:392] receivingRoutine(): [LoRaMesher] Receiving LoRa packet: Size: 24 bytes RSSI: 0 SNR: 14
17:08:49.207 > [866999][V][LoraMesher.cpp:647] processPackets(): [LoRaMesher] Size of Received Packets Queue: 1
17:08:49.216 > [867008][V][LoraMesher.cpp:754] printHeaderPacket(): [LoRaMesher] Packet received -- Size: 24 Src: D110 Dst: FFFF Id: 8 Type: 4 Via: 0 Seq_Id: 0 Num: 0
17:08:49.229 > [867021][I][RoutingTableService.cpp:77] processRoute(): [LoRaMesher] Route packet from D110 with size 4
17:08:49.239 > [867030][I][RoutingTableService.cpp:99] resetReceiveSNRRoutePacket(): [LoRaMesher] Reset Receive SNR from D110: 14
17:08:49.248 > [867040][I][RoutingTableService.cpp:192] printRoutingTable(): [LoRaMesher] Current routing table:
17:08:49.257 > [867049][I][RoutingTableService.cpp:206] printRoutingTable(): [LoRaMesher] 0 - D110 via D110 metric 1 Role 1
17:08:49.266 > [867059][I][RoutingTableService.cpp:206] printRoutingTable(): [LoRaMesher] 1 - F02C via F02C metric 1 Role 0
17:08:49.277 > [867068][I][RoutingTableService.cpp:206] printRoutingTable(): [LoRaMesher] 2 - DE6C via DE6C metric 1 Role 0
17:08:49.286 > [867078][I][RoutingTableService.cpp:206] printRoutingTable(): [LoRaMesher] 3 - C998 via C998 metric 1 Role 0
17:08:49.295 > [867088][I][PacketQueueService.h:80] deleteQueuePacketAndPacket(): [LoRaMesher] Deleting packet
17:08:49.304 > [867096][I][PacketQueueService.h:83] deleteQueuePacketAndPacket(): [LoRaMesher] Deleting packet queue
17:08:49.313 > [867105][V][LoraMesher.cpp:641] processPackets(): [LoRaMesher] Stack space unused after entering the task: 2040
17:08:49.323 > [867115][V][LoraMesher.cpp:642] processPackets(): [LoRaMesher] Free heap: 336876
17:08:52.181 > Send packet 43
17:08:52.183 > Sending packet to D110
17:08:52.184 > [869974][V][LoraMesher.h:250] createPacketAndSend(): [LoRaMesher] Creating a packet for send with 8 bytes
17:08:52.195 > [869986][V][PacketFactory.h:45] createPacket(): [LoRaMesher] Creating packet with 17 bytes
17:08:52.203 > [869994][I][PacketFactory.h:74] createPacket(): [LoRaMesher] Packet created with 17 bytes
17:08:52.211 > [870002][I][LoraMesher.h:659] setPackedForSend(): [LoRaMesher] Adding packet to Q_SP
17:08:52.217 > [870010][I][LoraMesher.h:661] setPackedForSend(): [LoRaMesher] Created packet to Q_SP
17:08:52.225 > [870017][I][LoraMesher.cpp:1061] addToSendOrderedAndNotify(): [LoRaMesher] Added packet to Q_SP, notifying sender task
17:08:52.236 > [870028][V][LoraMesher.cpp:511] sendPackets(): [LoRaMesher] Stack space unused after entering the task: 1972
17:08:52.245 > [870038][V][LoraMesher.cpp:512] sendPackets(): [LoRaMesher] Free heap: 336780
17:08:52.253 > [870044][V][LoraMesher.cpp:518] sendPackets(): [LoRaMesher] Size of Send Packets Queue: 1
17:08:52.260 > [870052][V][LoraMesher.cpp:525] sendPackets(): [LoRaMesher] Send n. 51
17:08:52.267 > [870059][V][LoraMesher.cpp:455] waitBeforeSend(): [LoRaMesher] RandomDelay 953 ms
17:08:52.617 > [870409][V][LoraMesher.cpp:378] receivingRoutine(): [LoRaMesher] Stack space unused after entering the task: 2028
17:08:52.628 > [870419][V][LoraMesher.cpp:379] receivingRoutine(): [LoRaMesher] Free heap: 336808
17:08:52.635 > [870427][I][PacketService.cpp:12] createEmptyPacket(): [LoRaMesher] Packet created with 17 bytes
17:08:52.643 > [870436][I][LoraMesher.cpp:392] receivingRoutine(): [LoRaMesher] Receiving LoRa packet: Size: 17 bytes RSSI: -27 SNR: 12
17:08:52.655 > [870447][V][LoraMesher.cpp:647] processPackets(): [LoRaMesher] Size of Received Packets Queue: 1
17:08:52.664 > [870455][V][LoraMesher.cpp:754] printHeaderPacket(): [LoRaMesher] Packet received -- Size: 17 Src: F02C Dst: D110 Id: 51 Type: 2 Via: D110 Seq_Id: 0 Num: 0
17:08:52.678 > [870469][I][LoraMesher.cpp:854] processDataPacket(): [LoRaMesher] Data packet from F02C, destination D110, via D110
17:08:52.688 > [870480][V][LoraMesher.cpp:878] processDataPacket(): [LoRaMesher] Packet not for me, deleting it
17:08:52.696 > [870488][I][PacketQueueService.h:80] deleteQueuePacketAndPacket(): [LoRaMesher] Deleting packet
17:08:52.704 > [870497][I][PacketQueueService.h:83] deleteQueuePacketAndPacket(): [LoRaMesher] Deleting packet queue
17:08:52.713 > [870506][V][LoraMesher.cpp:641] processPackets(): [LoRaMesher] Stack space unused after entering the task: 2040
17:08:52.724 > [870516][V][LoraMesher.cpp:642] processPackets(): [LoRaMesher] Free heap: 336808
17:08:53.233 > [871025][V][LoraMesher.cpp:462] waitBeforeSend(): [LoRaMesher] Preamble detected while waiting 1
17:08:53.242 > [871034][V][LoraMesher.cpp:455] waitBeforeSend(): [LoRaMesher] RandomDelay 1110 ms
17:08:53.838 > [871630][V][LoraMesher.cpp:378] receivingRoutine(): [LoRaMesher] Stack space unused after entering the task: 2028
17:08:53.848 > [871640][V][LoraMesher.cpp:379] receivingRoutine(): [LoRaMesher] Free heap: 336808
17:08:53.855 > [871648][I][PacketService.cpp:12] createEmptyPacket(): [LoRaMesher] Packet created with 17 bytes
17:08:53.864 > [871657][I][LoraMesher.cpp:392] receivingRoutine(): [LoRaMesher] Receiving LoRa packet: Size: 17 bytes RSSI: -20 SNR: 13
17:08:53.875 > [871668][V][LoraMesher.cpp:647] processPackets(): [LoRaMesher] Size of Received Packets Queue: 1
17:08:53.885 > [871677][V][LoraMesher.cpp:754] printHeaderPacket(): [LoRaMesher] Packet received -- Size: 17 Src: DE6C Dst: D110 Id: 51 Type: 2 Via: D110 Seq_Id: 0 Num: 0
17:08:53.899 > [871690][I][LoraMesher.cpp:854] processDataPacket(): [LoRaMesher] Data packet from DE6C, destination D110, via D110
17:08:53.909 > [871701][V][LoraMesher.cpp:878] processDataPacket(): [LoRaMesher] Packet not for me, deleting it
17:08:53.918 > [871709][I][PacketQueueService.h:80] deleteQueuePacketAndPacket(): [LoRaMesher] Deleting packet
17:08:53.926 > [871718][I][PacketQueueService.h:83] deleteQueuePacketAndPacket(): [LoRaMesher] Deleting packet queue
17:08:53.935 > [871727][V][LoraMesher.cpp:641] processPackets(): [LoRaMesher] Stack space unused after entering the task: 2040
17:08:53.945 > [871737][V][LoraMesher.cpp:642] processPackets(): [LoRaMesher] Free heap: 336808
17:08:54.365 > [872157][V][LoraMesher.cpp:462] waitBeforeSend(): [LoRaMesher] Preamble detected while waiting 2
17:08:54.374 > [872166][V][LoraMesher.cpp:455] waitBeforeSend(): [LoRaMesher] RandomDelay 1096 ms
17:08:55.477 > [873270][V][LoraMesher.cpp:754] printHeaderPacket(): [LoRaMesher] Packet send -- Size: 17 Src: B3F0 Dst: D110 Id: 51 Type: 2 Via: D110 Seq_Id: 0 Num: 0
17:08:55.567 > [873359][V][LoraMesher.cpp:575] sendPackets(): [LoRaMesher] TimeOnAir 63 ms, next message in 0 ms
17:08:55.576 > [873368][I][PacketQueueService.h:80] deleteQueuePacketAndPacket(): [LoRaMesher] Deleting packet
17:08:55.585 > [873377][I][PacketQueueService.h:83] deleteQueuePacketAndPacket(): [LoRaMesher] Deleting packet queue
17:09:07.775 > [885568][V][LoraMesher.cpp:378] receivingRoutine(): [LoRaMesher] Stack space unused after entering the task: 2028
17:09:07.786 > [885578][V][LoraMesher.cpp:379] receivingRoutine(): [LoRaMesher] Free heap: 336876
17:09:07.794 > [885585][I][PacketService.cpp:12] createEmptyPacket(): [LoRaMesher] Packet created with 17 bytes
17:09:07.802 > [885594][I][LoraMesher.cpp:392] receivingRoutine(): [LoRaMesher] Receiving LoRa packet: Size: 17 bytes RSSI: -77 SNR: 4
17:09:07.814 > [885605][V][LoraMesher.cpp:647] processPackets(): [LoRaMesher] Size of Received Packets Queue: 1
17:09:07.822 > [885614][V][LoraMesher.cpp:754] printHeaderPacket(): [LoRaMesher] Packet received -- Size: 17 Src: C998 Dst: D110 Id: 37 Type: 2 Via: D110 Seq_Id: 0 Num: 0
17:09:07.836 > [885628][I][LoraMesher.cpp:854] processDataPacket(): [LoRaMesher] Data packet from C998, destination D110, via D110
17:09:07.846 > [885638][V][LoraMesher.cpp:878] processDataPacket(): [LoRaMesher] Packet not for me, deleting it
17:09:07.855 > [885647][I][PacketQueueService.h:80] deleteQueuePacketAndPacket(): [LoRaMesher] Deleting packet
17:09:07.863 > [885655][I][PacketQueueService.h:83] deleteQueuePacketAndPacket(): [LoRaMesher] Deleting packet queue
17:09:07.872 > [885664][V][LoraMesher.cpp:641] processPackets(): [LoRaMesher] Stack space unused after entering the task: 2040
17:09:07.882 > [885674][V][LoraMesher.cpp:642] processPackets(): [LoRaMesher] Free heap: 336876
17:09:12.274 > Send packet 44
17:09:12.276 > Sending packet to D110
17:09:12.278 > [890067][V][LoraMesher.h:250] createPacketAndSend(): [LoRaMesher] Creating a packet for send with 8 bytes
17:09:12.287 > [890079][V][PacketFactory.h:45] createPacket(): [LoRaMesher] Creating packet with 17 bytes
17:09:12.295 > [890087][I][PacketFactory.h:74] createPacket(): [LoRaMesher] Packet created with 17 bytes
17:09:12.303 > [890095][I][LoraMesher.h:659] setPackedForSend(): [LoRaMesher] Adding packet to Q_SP
17:09:12.311 > [890103][I][LoraMesher.h:661] setPackedForSend(): [LoRaMesher] Created packet to Q_SP
17:09:12.318 > [890110][I][LoraMesher.cpp:1061] addToSendOrderedAndNotify(): [LoRaMesher] Added packet to Q_SP, notifying sender task
17:09:12.329 > [890121][V][LoraMesher.cpp:511] sendPackets(): [LoRaMesher] Stack space unused after entering the task: 1972
17:09:12.338 > [890131][V][LoraMesher.cpp:512] sendPackets(): [LoRaMesher] Free heap: 336780
17:09:12.346 > [890137][V][LoraMesher.cpp:518] sendPackets(): [LoRaMesher] Size of Send Packets Queue: 1
17:09:12.354 > [890145][V][LoraMesher.cpp:525] sendPackets(): [LoRaMesher] Send n. 52
17:09:12.360 > [890152][V][LoraMesher.cpp:455] waitBeforeSend(): [LoRaMesher] RandomDelay 703 ms
17:09:12.931 > [890723][V][LoraMesher.cpp:378] receivingRoutine(): [LoRaMesher] Stack space unused after entering the task: 2028
17:09:12.941 > [890733][V][LoraMesher.cpp:379] receivingRoutine(): [LoRaMesher] Free heap: 336808
17:09:12.949 > [890741][I][PacketService.cpp:12] createEmptyPacket(): [LoRaMesher] Packet created with 17 bytes
17:09:12.958 > [890750][I][LoraMesher.cpp:392] receivingRoutine(): [LoRaMesher] Receiving LoRa packet: Size: 17 bytes RSSI: -28 SNR: 14
17:09:12.969 > [890761][V][LoraMesher.cpp:647] processPackets(): [LoRaMesher] Size of Received Packets Queue: 1
17:09:12.978 > [890769][V][LoraMesher.cpp:754] printHeaderPacket(): [LoRaMesher] Packet received -- Size: 17 Src: F02C Dst: D110 Id: 52 Type: 2 Via: D110 Seq_Id: 0 Num: 0
17:09:12.991 > [890783][I][LoraMesher.cpp:854] processDataPacket(): [LoRaMesher] Data packet from F02C, destination D110, via D110
17:09:13.002 > [890794][V][LoraMesher.cpp:878] processDataPacket(): [LoRaMesher] Packet not for me, deleting it
17:09:13.010 > [890802][I][PacketQueueService.h:80] deleteQueuePacketAndPacket(): [LoRaMesher] Deleting packet
17:09:13.019 > [890811][I][PacketQueueService.h:83] deleteQueuePacketAndPacket(): [LoRaMesher] Deleting packet queue
17:09:13.028 > [890820][V][LoraMesher.cpp:641] processPackets(): [LoRaMesher] Stack space unused after entering the task: 2040
17:09:13.038 > [890830][V][LoraMesher.cpp:642] processPackets(): [LoRaMesher] Free heap: 336808
17:09:13.076 > [890868][V][LoraMesher.cpp:462] waitBeforeSend(): [LoRaMesher] Preamble detected while waiting 1
17:09:13.085 > [890877][V][LoraMesher.cpp:455] waitBeforeSend(): [LoRaMesher] RandomDelay 750 ms
17:09:13.486 > [891279][V][LoraMesher.cpp:378] receivingRoutine(): [LoRaMesher] Stack space unused after entering the task: 2028
17:09:13.497 > [891289][V][LoraMesher.cpp:379] receivingRoutine(): [LoRaMesher] Free heap: 336808
17:09:13.505 > [891297][I][PacketService.cpp:12] createEmptyPacket(): [LoRaMesher] Packet created with 17 bytes
17:09:13.513 > [891305][I][LoraMesher.cpp:392] receivingRoutine(): [LoRaMesher] Receiving LoRa packet: Size: 17 bytes RSSI: -18 SNR: 13
17:09:13.525 > [891316][V][LoraMesher.cpp:647] processPackets(): [LoRaMesher] Size of Received Packets Queue: 1
17:09:13.533 > [891325][V][LoraMesher.cpp:754] printHeaderPacket(): [LoRaMesher] Packet received -- Size: 17 Src: DE6C Dst: D110 Id: 52 Type: 2 Via: D110 Seq_Id: 0 Num: 0
17:09:13.547 > [891339][I][LoraMesher.cpp:854] processDataPacket(): [LoRaMesher] Data packet from DE6C, destination D110, via D110
17:09:13.557 > [891349][V][LoraMesher.cpp:878] processDataPacket(): [LoRaMesher] Packet not for me, deleting it
17:09:13.566 > [891358][I][PacketQueueService.h:80] deleteQueuePacketAndPacket(): [LoRaMesher] Deleting packet
17:09:13.574 > [891366][I][PacketQueueService.h:83] deleteQueuePacketAndPacket(): [LoRaMesher] Deleting packet queue
17:09:13.583 > [891375][V][LoraMesher.cpp:641] processPackets(): [LoRaMesher] Stack space unused after entering the task: 2040
17:09:13.593 > [891385][V][LoraMesher.cpp:642] processPackets(): [LoRaMesher] Free heap: 336808
17:09:13.848 > [891640][V][LoraMesher.cpp:462] waitBeforeSend(): [LoRaMesher] Preamble detected while waiting 2
17:09:13.857 > [891649][V][LoraMesher.cpp:455] waitBeforeSend(): [LoRaMesher] RandomDelay 779 ms
17:09:14.643 > [892436][V][LoraMesher.cpp:754] printHeaderPacket(): [LoRaMesher] Packet send -- Size: 17 Src: B3F0 Dst: D110 Id: 52 Type: 2 Via: D110 Seq_Id: 0 Num: 0
17:09:14.733 > [892525][V][LoraMesher.cpp:575] sendPackets(): [LoRaMesher] TimeOnAir 63 ms, next message in 0 ms
17:09:14.742 > [892534][I][PacketQueueService.h:80] deleteQueuePacketAndPacket(): [LoRaMesher] Deleting packet
17:09:14.751 > [892543][I][PacketQueueService.h:83] deleteQueuePacketAndPacket(): [LoRaMesher] Deleting packet queue
17:09:27.810 > [905603][V][LoraMesher.cpp:378] receivingRoutine(): [LoRaMesher] Stack space unused after entering the task: 2028
17:09:27.821 > [905613][V][LoraMesher.cpp:379] receivingRoutine(): [LoRaMesher] Free heap: 336876
17:09:27.828 > [905621][I][PacketService.cpp:12] createEmptyPacket(): [LoRaMesher] Packet created with 17 bytes
17:09:27.837 > [905629][I][LoraMesher.cpp:392] receivingRoutine(): [LoRaMesher] Receiving LoRa packet: Size: 17 bytes RSSI: -75 SNR: 3
17:09:27.848 > [905640][V][LoraMesher.cpp:647] processPackets(): [LoRaMesher] Size of Received Packets Queue: 1
17:09:27.857 > [905649][V][LoraMesher.cpp:754] printHeaderPacket(): [LoRaMesher] Packet received -- Size: 17 Src: C998 Dst: D110 Id: 38 Type: 2 Via: D110 Seq_Id: 0 Num: 0
17:09:27.871 > [905663][I][LoraMesher.cpp:854] processDataPacket(): [LoRaMesher] Data packet from C998, destination D110, via D110
17:09:27.881 > [905673][V][LoraMesher.cpp:878] processDataPacket(): [LoRaMesher] Packet not for me, deleting it
17:09:27.889 > [905682][I][PacketQueueService.h:80] deleteQueuePacketAndPacket(): [LoRaMesher] Deleting packet
17:09:27.898 > [905690][I][PacketQueueService.h:83] deleteQueuePacketAndPacket(): [LoRaMesher] Deleting packet queue
17:09:27.907 > [905699][V][LoraMesher.cpp:641] processPackets(): [LoRaMesher] Stack space unused after entering the task: 2040
17:09:27.917 > [905709][V][LoraMesher.cpp:642] processPackets(): [LoRaMesher] Free heap: 336876
17:09:32.366 > Send packet 45
17:09:32.368 > Sending packet to D110
17:09:32.370 > [910160][V][LoraMesher.h:250] createPacketAndSend(): [LoRaMesher] Creating a packet for send with 8 bytes
17:09:32.380 > [910172][V][PacketFactory.h:45] createPacket(): [LoRaMesher] Creating packet with 17 bytes
17:09:32.388 > [910180][I][PacketFactory.h:74] createPacket(): [LoRaMesher] Packet created with 17 bytes
17:09:32.397 > [910188][I][LoraMesher.h:659] setPackedForSend(): [LoRaMesher] Adding packet to Q_SP
17:09:32.403 > [910196][I][LoraMesher.h:661] setPackedForSend(): [LoRaMesher] Created packet to Q_SP
17:09:32.411 > [910203][I][LoraMesher.cpp:1061] addToSendOrderedAndNotify(): [LoRaMesher] Added packet to Q_SP, notifying sender task
17:09:32.422 > [910214][V][LoraMesher.cpp:511] sendPackets(): [LoRaMesher] Stack space unused after entering the task: 1972
17:09:32.431 > [910224][V][LoraMesher.cpp:512] sendPackets(): [LoRaMesher] Free heap: 336780
17:09:32.438 > [910230][V][LoraMesher.cpp:518] sendPackets(): [LoRaMesher] Size of Send Packets Queue: 1
17:09:32.446 > [910238][V][LoraMesher.cpp:525] sendPackets(): [LoRaMesher] Send n. 53
17:09:32.452 > [910245][V][LoraMesher.cpp:455] waitBeforeSend(): [LoRaMesher] RandomDelay 560 ms
17:09:33.007 > [910800][V][LoraMesher.cpp:378] receivingRoutine(): [LoRaMesher] Stack space unused after entering the task: 2028
17:09:33.018 > [910810][V][LoraMesher.cpp:379] receivingRoutine(): [LoRaMesher] Free heap: 336808
17:09:33.026 > [910818][I][PacketService.cpp:12] createEmptyPacket(): [LoRaMesher] Packet created with 17 bytes
17:09:33.034 > [910827][I][LoraMesher.cpp:392] receivingRoutine(): [LoRaMesher] Receiving LoRa packet: Size: 17 bytes RSSI: -30 SNR: 12
17:09:33.046 > [910838][V][LoraMesher.cpp:647] processPackets(): [LoRaMesher] Size of Received Packets Queue: 1
17:09:33.054 > [910847][V][LoraMesher.cpp:754] printHeaderPacket(): [LoRaMesher] Packet received -- Size: 17 Src: F02C Dst: D110 Id: 53 Type: 2 Via: D110 Seq_Id: 0 Num: 0
17:09:33.068 > [910850][V][LoraMesher.cpp:462] waitBeforeSend(): [LoRaMesher] Preamble detected while waiting 1
17:09:33.077 > [910869][V][LoraMesher[.9c1p0p8:6495]5[]I ]w[aLiotrBaeMfeosrheeSre.ncdp(p)::8 5[4L]o RparMoecsehsesrD]a tRaaPnadcokmeDte(l)a:y  [4Lo mMes
17:09:33.089 > er] Data packet from F02C, destination D110, via D110
17:09:33.093 > [910886][V][LoraMesher.cpp:878] processDataPacket(): [LoRaMesher] Packet not for me, deleting it
17:09:33.102 > [910894][I][PacketQueueService.h:80] deleteQueuePacketAndPacket(): [LoRaMesher] Deleting packet
17:09:33.110 > [910903][I][PacketQueueService.h:83] deleteQueuePacketAndPacket(): [LoRaMesher] Deleting packet queue
17:09:33.120 > [910912][V][LoraMesher.cpp:641] processPackets(): [LoRaMesher] Stack space unused after entering the task: 2040
17:09:33.129 > [910922][V][LoraMesher.cpp:642] processPackets(): [LoRaMesher] Free heap: 336808
17:09:33.520 > [911313][V][LoraMesher.cpp:754] printHeaderPacket(): [LoRaMesher] Packet send -- Size: 17 Src: B3F0 Dst: D110 Id: 53 Type: 2 Via: D110 Seq_Id: 0 Num: 0
17:09:33.610 > [911403][V][LoraMesher.cpp:575] sendPackets(): [LoRaMesher] TimeOnAir 63 ms, next message in 0 ms
17:09:33.620 > [911412][I][PacketQueueService.h:80] deleteQueuePacketAndPacket(): [LoRaMesher] Deleting packet
17:09:33.628 > [911421][I][PacketQueueService.h:83] deleteQueuePacketAndPacket(): [LoRaMesher] Deleting packet queue
17:09:34.458 > [912251][V][LoraMesher.cpp:378] receivingRoutine(): [LoRaMesher] Stack space unused after entering the task: 2028
17:09:34.469 > [912262][V][LoraMesher.cpp:379] receivingRoutine(): [LoRaMesher] Free heap: 336876
17:09:34.477 > [912269][I][PacketService.cpp:12] createEmptyPacket(): [LoRaMesher] Packet created with 17 bytes
17:09:34.486 > [912278][I][LoraMesher.cpp:392] receivingRoutine(): [LoRaMesher] Receiving LoRa packet: Size: 17 bytes RSSI: -19 SNR: 13
17:09:34.497 > [912289][V][LoraMesher.cpp:647] processPackets(): [LoRaMesher] Size of Received Packets Queue: 1
17:09:34.505 > [912298][V][LoraMesher.cpp:754] printHeaderPacket(): [LoRaMesher] Packet received -- Size: 17 Src: DE6C Dst: D110 Id: 53 Type: 2 Via: D110 Seq_Id: 0 Num: 0
17:09:34.519 > [912312][I][LoraMesher.cpp:854] processDataPacket(): [LoRaMesher] Data packet from DE6C, destination D110, via D110
17:09:34.529 > [912322][V][LoraMesher.cpp:878] processDataPacket(): [LoRaMesher] Packet not for me, deleting it
17:09:34.538 > [912330][I][PacketQueueService.h:80] deleteQueuePacketAndPacket(): [LoRaMesher] Deleting packet
17:09:34.546 > [912339][I][PacketQueueService.h:83] deleteQueuePacketAndPacket(): [LoRaMesher] Deleting packet queue
17:09:34.556 > [912348][V][LoraMesher.cpp:641] processPackets(): [LoRaMesher] Stack space unused after entering the task: 2040
17:09:34.565 > [912358][V][LoraMesher.cpp:642] processPackets(): [LoRaMesher] Free heap: 336876
17:09:48.140 > [925933][V][LoraMesher.cpp:378] receivingRoutine(): [LoRaMesher] Stack space unused after entering the task: 2028
17:09:48.151 > [925943][V][LoraMesher.cpp:379] receivingRoutine(): [LoRaMesher] Free heap: 336876
17:09:48.158 > [925951][I][PacketService.cpp:12] createEmptyPacket(): [LoRaMesher] Packet created with 17 bytes
17:09:48.167 > [925960][I][LoraMesher.cpp:392] receivingRoutine(): [LoRaMesher] Receiving LoRa packet: Size: 17 bytes RSSI: -76 SNR: 5
17:09:48.179 > [925971][V][LoraMesher.cpp:647] processPackets(): [LoRaMesher] Size of Received Packets Queue: 1
17:09:48.187 > [925979][V][LoraMesher.cpp:754] printHeaderPacket(): [LoRaMesher] Packet received -- Size: 17 Src: C998 Dst: D110 Id: 39 Type: 2 Via: D110 Seq_Id: 0 Num: 0
17:09:48.200 > [925993][I][LoraMesher.cpp:854] processDataPacket(): [LoRaMesher] Data packet from C998, destination D110, via D110
17:09:48.211 > [926003][V][LoraMesher.cpp:878] processDataPacket(): [LoRaMesher] Packet not for me, deleting it
17:09:48.219 > [926012][I][PacketQueueService.h:80] deleteQueuePacketAndPacket(): [LoRaMesher] Deleting packet
17:09:48.228 > [926020][I][PacketQueueService.h:83] deleteQueuePacketAndPacket(): [LoRaMesher] Deleting packet queue
17:09:48.237 > [926029][V][LoraMesher.cpp:641] processPackets(): [LoRaMesher] Stack space unused after entering the task: 2040
17:09:48.247 > [926039][V][LoraMesher.cpp:642] processPackets(): [LoRaMesher] Free heap: 336876
17:09:52.459 > Send packet 46
17:09:52.461 > Sending packet to D110
17:09:52.463 > [930253][V][LoraMesher.h:250] createPacketAndSend(): [LoRaMesher] Creating a packet for send with 8 bytes
17:09:52.472 > [930265][V][PacketFactory.h:45] createPacket(): [LoRaMesher] Creating packet with 17 bytes
17:09:52.480 > [930273][I][PacketFactory.h:74] createPacket(): [LoRaMesher] Packet created with 17 bytes
17:09:52.488 > [930281][I][LoraMesher.h:659] setPackedForSend(): [LoRaMesher] Adding packet to Q_SP
17:09:52.496 > [930289][I][LoraMesher.h:661] setPackedForSend(): [LoRaMesher] Created packet to Q_SP
17:09:52.504 > [930296][I][LoraMesher.cpp:1061] addToSendOrderedAndNotify(): [LoRaMesher] Added packet to Q_SP, notifying sender task
17:09:52.514 > [930307][V][LoraMesher.cpp:511] sendPackets(): [LoRaMesher] Stack space unused after entering the task: 1972
17:09:52.524 > [930317][V][LoraMesher.cpp:512] sendPackets(): [LoRaMesher] Free heap: 336780
17:09:52.531 > [930323][V][LoraMesher.cpp:518] sendPackets(): [LoRaMesher] Size of Send Packets Queue: 1
17:09:52.539 > [930331][V][LoraMesher.cpp:525] sendPackets(): [LoRaMesher] Send n. 54
17:09:52.545 > [930338][V][LoraMesher.cpp:455] waitBeforeSend(): [LoRaMesher] RandomDelay 976 ms
17:09:52.910 > [930703][V][LoraMesher.cpp:378] receivingRoutine(): [LoRaMesher] Stack space unused after entering the task: 2028
17:09:52.921 > [930713][V][LoraMesher.cpp:379] receivingRoutine(): [LoRaMesher] Free heap: 336808
17:09:52.928 > [930721][I][PacketService.cpp:12] createEmptyPacket(): [LoRaMesher] Packet created with 17 bytes
17:09:52.937 > [930730][I][LoraMesher.cpp:392] receivingRoutine(): [LoRaMesher] Receiving LoRa packet: Size: 17 bytes RSSI: -29 SNR: 13
17:09:52.948 > [930741][V][LoraMesher.cpp:647] processPackets(): [LoRaMesher] Size of Received Packets Queue: 1
17:09:52.957 > [930750][V][LoraMesher.cpp:754] printHeaderPacket(): [LoRaMesher] Packet received -- Size: 17 Src: F02C Dst: D110 Id: 54 Type: 2 Via: D110 Seq_Id: 0 Num: 0
17:09:52.971 > [930763][I][LoraMesher.cpp:854] processDataPacket(): [LoRaMesher] Data packet from F02C, destination D110, via D110
17:09:52.981 > [930774][V][LoraMesher.cpp:878] processDataPacket(): [LoRaMesher] Packet not for me, deleting it
17:09:52.989 > [930782][I][PacketQueueService.h:80] deleteQueuePacketAndPacket(): [LoRaMesher] Deleting packet
17:09:52.998 > [930791][I][PacketQueueService.h:83] deleteQueuePacketAndPacket(): [LoRaMesher] Deleting packet queue
17:09:53.007 > [930800][V][LoraMesher.cpp:641] processPackets(): [LoRaMesher] Stack space unused after entering the task: 2040
17:09:53.017 > [930810][V][LoraMesher.cpp:642] processPackets(): [LoRaMesher] Free heap: 336808
17:09:53.534 > [931327][V][LoraMesher.cpp:462] waitBeforeSend(): [LoRaMesher] Preamble detected while waiting 1
17:09:53.543 > [931336][V][LoraMesher.cpp:455] waitBeforeSend(): [LoRaMesher] RandomDelay 1044 ms
17:09:54.145 > [931938][V][LoraMesher.cpp:378] receivingRoutine(): [LoRaMesher] Stack space unused after entering the task: 2028
17:09:54.155 > [931948][V][LoraMesher.cpp:379] receivingRoutine(): [LoRaMesher] Free heap: 336808
17:09:54.163 > [931956][I][PacketService.cpp:12] createEmptyPacket(): [LoRaMesher] Packet created with 17 bytes
17:09:54.172 > [931964][I][LoraMesher.cpp:392] receivingRoutine(): [LoRaMesher] Receiving LoRa packet: Size: 17 bytes RSSI: -19 SNR: 12
17:09:54.183 > [931976][V][LoraMesher.cpp:647] processPackets(): [LoRaMesher] Size of Received Packets Queue: 1
17:09:54.192 > [931984][V][LoraMesher.cpp:754] printHeaderPacket(): [LoRaMesher] Packet received -- Size: 17 Src: DE6C Dst: D110 Id: 54 Type: 2 Via: D110 Seq_Id: 0 Num: 0
17:09:54.205 > [931998][I][LoraMesher.cpp:854] processDataPacket(): [LoRaMesher] Data packet from DE6C, destination D110, via D110
17:09:54.216 > [932008][V][LoraMesher.cpp:878] processDataPacket(): [LoRaMesher] Packet not for me, deleting it
17:09:54.224 > [932017][I][PacketQueueService.h:80] deleteQueuePacketAndPacket(): [LoRaMesher] Deleting packet
17:09:54.233 > [932025][I][PacketQueueService.h:83] deleteQueuePacketAndPacket(): [LoRaMesher] Deleting packet queue
17:09:54.242 > [932034][V][LoraMesher.cpp:641] processPackets(): [LoRaMesher] Stack space unused after entering the task: 2040
17:09:54.252 > [932044][V][LoraMesher.cpp:642] processPackets(): [LoRaMesher] Free heap: 336808
17:09:54.600 > [932393][V][LoraMesher.cpp:462] waitBeforeSend(): [LoRaMesher] Preamble detected while waiting 2
17:09:54.609 > [932402][V][LoraMesher.cpp:455] waitBeforeSend(): [LoRaMesher] RandomDelay 972 ms
17:09:55.588 > [933382][V][LoraMesher.cpp:754] printHeaderPacket(): [LoRaMesher] Packet send -- Size: 17 Src: B3F0 Dst: D110 Id: 54 Type: 2 Via: D110 Seq_Id: 0 Num: 0
17:09:55.678 > [933471][V][LoraMesher.cpp:575] sendPackets(): [LoRaMesher] TimeOnAir 63 ms, next message in 0 ms
17:09:55.687 > [933480][I][PacketQueueService.h:80] deleteQueuePacketAndPacket(): [LoRaMesher] Deleting packet
17:09:55.696 > [933489][I][PacketQueueService.h:83] deleteQueuePacketAndPacket(): [LoRaMesher] Deleting packet queue
17:10:07.591 > [945384][V][LoraMesher.cpp:378] receivingRoutine(): [LoRaMesher] Stack space unused after entering the task: 2028
17:10:07.601 > [945394][V][LoraMesher.cpp:379] receivingRoutine(): [LoRaMesher] Free heap: 336876
17:10:07.609 > [945402][I][PacketService.cpp:12] createEmptyPacket(): [LoRaMesher] Packet created with 17 bytes
17:10:07.618 > [945411][I][LoraMesher.cpp:392] receivingRoutine(): [LoRaMesher] Receiving LoRa packet: Size: 17 bytes RSSI: -79 SNR: 2
17:10:07.629 > [945422][V][LoraMesher.cpp:647] processPackets(): [LoRaMesher] Size of Received Packets Queue: 1
17:10:07.637 > [945430][V][LoraMesher.cpp:754] printHeaderPacket(): [LoRaMesher] Packet received -- Size: 17 Src: C998 Dst: D110 Id: 40 Type: 2 Via: D110 Seq_Id: 0 Num: 0
17:10:07.651 > [945444][I][LoraMesher.cpp:854] processDataPacket(): [LoRaMesher] Data packet from C998, destination D110, via D110
17:10:07.661 > [945454][V][LoraMesher.cpp:878] processDataPacket(): [LoRaMesher] Packet not for me, deleting it
17:10:07.670 > [945463][I][PacketQueueService.h:80] deleteQueuePacketAndPacket(): [LoRaMesher] Deleting packet
17:10:07.678 > [945471][I][PacketQueueService.h:83] deleteQueuePacketAndPacket(): [LoRaMesher] Deleting packet queue
17:10:07.688 > [945480][V][LoraMesher.cpp:641] processPackets(): [LoRaMesher] Stack space unused after entering the task: 2040
17:10:07.697 > [945490][V][LoraMesher.cpp:642] processPackets(): [LoRaMesher] Free heap: 336876
17:10:12.552 > Send packet 47
17:10:12.554 > Sending packet to D110
17:10:12.556 > [950346][V][LoraMesher.h:250] createPacketAndSend(): [LoRaMesher] Creating a packet for send with 8 bytes
17:10:12.565 > [950358][V][PacketFactory.h:45] createPacket(): [LoRaMesher] Creating packet with 17 bytes
17:10:12.573 > [950366][I][PacketFactory.h:74] createPacket(): [LoRaMesher] Packet created with 17 bytes
17:10:12.581 > [950374][I][LoraMesher.h:659] setPackedForSend(): [LoRaMesher] Adding packet to Q_SP
17:10:12.589 > [950382][I][LoraMesher.h:661] setPackedForSend(): [LoRaMesher] Created packet to Q_SP
17:10:12.596 > [950389][I][LoraMesher.cpp:1061] addToSendOrderedAndNotify(): [LoRaMesher] Added packet to Q_SP, notifying sender task
17:10:12.607 > [950400][V][LoraMesher.cpp:511] sendPackets(): [LoRaMesher] Stack space unused after entering the task: 1972
17:10:12.616 > [950410][V][LoraMesher.cpp:512] sendPackets(): [LoRaMesher] Free heap: 336780
17:10:12.623 > [950416][V][LoraMesher.cpp:518] sendPackets(): [LoRaMesher] Size of Send Packets Queue: 1
17:10:12.631 > [950424][V][LoraMesher.cpp:525] sendPackets(): [LoRaMesher] Send n. 55
17:10:12.638 > [950431][V][LoraMesher.cpp:455] waitBeforeSend(): [LoRaMesher] RandomDelay 485 ms
17:10:13.122 > [950915][V][LoraMesher.cpp:378] receivingRoutine(): [LoRaMesher] Stack space unused after entering the task: 2028
17:10:13.132 > [950925][V][LoraMesher.cpp:379] receivingRoutine(): [LoRaMesher] Free heap: 336808
17:10:13.140 > [950933][I][PacketService.cpp:12] createEmptyPacket(): [LoRaMesher] Packet created with 17 bytes
17:10:13.149 > [950942][I][LoraMesher.cpp:392] receivingRoutine(): [LoRaMesher] Receiving LoRa packet: Size: 17 bytes RSSI: -30 SNR: 12
17:10:13.160 > [950953][V][LoraMesher.cpp:647] processPackets(): [LoRaMesher] Size of Received Packets Queue: 1
17:10:13.169 > [950962][V][LoraMesher.cpp:754] printHeaderPacket(): [LoRaMesher] Packet received -- Size: 17 Src: F02C Dst: D110 Id: 55 Type: 2 Via: D110 Seq_Id: 0 Num: 0
17:10:13.182 > [950965][V][LoraMesher.cpp:462] waitBeforeSend(): [LoRaMesher] Preamble detected while waiting 1
17:10:13.191 > [950984][V][LoraMesher.cpp[:9455059]8 4w]a[iIt]B[eLfoorraeMSeesnhde(r).:c p[pL:o8R5a4M]e sphreorc]e sRsaDnadtoamPDaeclkaeyt (1)2:0[ oR
17:10:13.203 > esher] Data packet from F02C, destination D110, via D110
17:10:13.208 > [951001][V][LoraMesher.cpp:878] processDataPacket(): [LoRaMesher] Packet not for me, deleting it
17:10:13.216 > [951009][I][PacketQueueService.h:80] deleteQueuePacketAndPacket(): [LoRaMesher] Deleting packet
17:10:13.225 > [951018][I][PacketQueueService.h:83] deleteQueuePacketAndPacket(): [LoRaMesher] Deleting packet queue
17:10:13.234 > [951027][V][LoraMesher.cpp:641] processPackets(): [LoRaMesher] Stack space unused after entering the task: 2040
17:10:13.244 > [951037][V][LoraMesher.cpp:642] processPackets(): [LoRaMesher] Free heap: 336808
17:10:13.615 > [951409][V][LoraMesher.cpp:378] receivingRoutine(): [LoRaMesher] Stack space unused after entering the task: 2028
17:10:13.626 > [951419][V][LoraMesher.cpp:379] receivingRoutine(): [LoRaMesher] Free heap: 336808
17:10:13.633 > [951426][I][PacketService.cpp:12] createEmptyPacket(): [LoRaMesher] Packet created with 17 bytes
17:10:13.642 > [951435][I][LoraMesher.cpp:392] receivingRoutine(): [LoRaMesher] Receiving LoRa packet: Size: 17 bytes RSSI: -17 SNR: 13
17:10:13.653 > [951446][V][LoraMesher.cpp:647] processPackets(): [LoRaMesher] Size of Received Packets Queue: 1
17:10:13.662 > [951455][V][LoraMesher.cpp:754] printHeaderPacket(): [LoRaMesher] Packet received -- Size: 17 Src: DE6C Dst: D110 Id: 55 Type: 2 Via: D110 Seq_Id: 0 Num: 0
17:10:13.676 > [951469][I][LoraMesher.cpp:854] processDataPacket(): [LoRaMesher] Data packet from DE6C, destination D110, via D110
17:10:13.686 > [951479][V][LoraMesher.cpp:878] processDataPacket(): [LoRaMesher] Packet not for me, deleting it
17:10:13.694 > [951487][I][PacketQueueService.h:80] deleteQueuePacketAndPacket(): [LoRaMesher] Deleting packet
17:10:13.703 > [951496][I][PacketQueueService.h:83] deleteQueuePacketAndPacket(): [LoRaMesher] Deleting packet queue
17:10:13.712 > [951505][V][LoraMesher.cpp:641] processPackets(): [LoRaMesher] Stack space unused after entering the task: 2040
17:10:13.722 > [951515][V][LoraMesher.cpp:642] processPackets(): [LoRaMesher] Free heap: 336808
17:10:14.412 > [952206][V][LoraMesher.cpp:462] waitBeforeSend(): [LoRaMesher] Preamble detected while waiting 2
17:10:14.422 > [952215][V][LoraMesher.cpp:455] waitBeforeSend(): [LoRaMesher] RandomDelay 326 ms
17:10:14.755 > [952549][V][LoraMesher.cpp:754] printHeaderPacket(): [LoRaMesher] Packet send -- Size: 17 Src: B3F0 Dst: D110 Id: 55 Type: 2 Via: D110 Seq_Id: 0 Num: 0
17:10:14.845 > [952638][V][LoraMesher.cpp:575] sendPackets(): [LoRaMesher] TimeOnAir 63 ms, next message in 0 ms
17:10:14.854 > [952647][I][PacketQueueService.h:80] deleteQueuePacketAndPacket(): [LoRaMesher] Deleting packet
17:10:14.862 > [952656][I][PacketQueueService.h:83] deleteQueuePacketAndPacket(): [LoRaMesher] Deleting packet queue
17:10:28.155 > [965949][V][LoraMesher.cpp:378] receivingRoutine(): [LoRaMesher] Stack space unused after entering the task: 2028
17:10:28.166 > [965960][V][LoraMesher.cpp:379] receivingRoutine(): [LoRaMesher] Free heap: 336876
17:10:28.174 > [965967][I][PacketService.cpp:12] createEmptyPacket(): [LoRaMesher] Packet created with 17 bytes
17:10:28.182 > [965976][I][LoraMesher.cpp:392] receivingRoutine(): [LoRaMesher] Receiving LoRa packet: Size: 17 bytes RSSI: -76 SNR: 4
17:10:28.194 > [965987][V][LoraMesher.cpp:647] processPackets(): [LoRaMesher] Size of Received Packets Queue: 1
17:10:28.202 > [965996][V][LoraMesher.cpp:754] printHeaderPacket(): [LoRaMesher] Packet received -- Size: 17 Src: C998 Dst: D110 Id: 41 Type: 2 Via: D110 Seq_Id: 0 Num: 0
17:10:28.216 > [966009][I][LoraMesher.cpp:854] processDataPacket(): [LoRaMesher] Data packet from C998, destination D110, via D110
17:10:28.226 > [966020][V][LoraMesher.cpp:878] processDataPacket(): [LoRaMesher] Packet not for me, deleting it
17:10:28.235 > [966028][I][PacketQueueService.h:80] deleteQueuePacketAndPacket(): [LoRaMesher] Deleting packet
17:10:28.243 > [966037][I][PacketQueueService.h:83] deleteQueuePacketAndPacket(): [LoRaMesher] Deleting packet queue
17:10:28.252 > [966046][V][LoraMesher.cpp:641] processPackets(): [LoRaMesher] Stack space unused after entering the task: 2040
17:10:28.262 > [966056][V][LoraMesher.cpp:642] processPackets(): [LoRaMesher] Free heap: 336876
17:10:30.615 > [968409][V][LoraMesher.cpp:598] sendHelloPacket(): [LoRaMesher] Creating Routing Packet
17:10:30.623 > [968417][V][LoraMesher.cpp:599] sendHelloPacket(): [LoRaMesher] Stack space unused after entering the task: 2324
17:10:30.633 > [968427][V][LoraMesher.cpp:600] sendHelloPacket(): [LoRaMesher] Free heap: 336876
17:10:30.641 > [968434][V][PacketFactory.h:45] createPacket(): [LoRaMesher] Creating packet with 24 bytes
17:10:30.649 > [968442][I][PacketFactory.h:74] createPacket(): [LoRaMesher] Packet created with 24 bytes
17:10:30.657 > [968450][I][LoraMesher.h:659] setPackedForSend(): [LoRaMesher] Adding packet to Q_SP
17:10:30.664 > [968458][I][LoraMesher.h:661] setPackedForSend(): [LoRaMesher] Created packet to Q_SP
17:10:30.672 > [968465][I][LoraMesher.cpp:1061] addToSendOrderedAndNotify(): [LoRaMesher] Added packet to Q_SP, notifying sender task
17:10:30.682 > [968476][V][LoraMesher.cpp:511] sendPackets(): [LoRaMesher] Stack space unused after entering the task: 1972
17:10:30.692 > [968486][V][LoraMesher.cpp:512] sendPackets(): [LoRaMesher] Free heap: 336776
17:10:30.699 > [968492][V][LoraMesher.cpp:518] sendPackets(): [LoRaMesher] Size of Send Packets Queue: 1
17:10:30.707 > [968500][V][LoraMesher.cpp:525] sendPackets(): [LoRaMesher] Send n. 56
17:10:30.713 > [968507][V][LoraMesher.cpp:455] waitBeforeSend(): [LoRaMesher] RandomDelay 532 ms
17:10:31.100 > [968894][V][LoraMesher.cpp:378] receivingRoutine(): [LoRaMesher] Stack space unused after entering the task: 2028
17:10:31.111 > [968905][V][LoraMesher.cpp:379] receivingRoutine(): [LoRaMesher] Free heap: 336804
17:10:31.119 > [968912][I][PacketService.cpp:12] createEmptyPacket(): [LoRaMesher] Packet created with 24 bytes
17:10:31.127 > [968921][I][LoraMesher.cpp:392] receivingRoutine(): [LoRaMesher] Receiving LoRa packet: Size: 24 bytes RSSI: -30 SNR: 12
17:10:31.139 > [968932][V][LoraMesher.cpp:647] processPackets(): [LoRaMesher] Size of Received Packets Queue: 1
17:10:31.147 > [968941][V][LoraMesher.cpp:754] printHeaderPacket(): [LoRaMesher] Packet received -- Size: 24 Src: F02C Dst: FFFF Id: 56 Type: 4 Via: 0 Seq_Id: 0 Num: 0
17:10:31.161 > [968954][I][RoutingTableService.cpp:77] processRoute(): [LoRaMesher] Route packet from F02C with size 4
17:10:31.170 > [968964][I][RoutingTableService.cpp:99] resetReceiveSNRRoutePacket(): [LoRaMesher] Reset Receive SNR from F02C: 12
17:10:31.180 > [968974][I][RoutingTableService.cpp:192] printRoutingTable(): [LoRaMesher] Current routing table:
17:10:31.189 > [968982][I][RoutingTableService.cpp:206] printRoutingTable(): [LoRaMesher] 0 - D110 via D110 metric 1 Role 1
17:10:31.199 > [968992][I][RoutingTableService.cpp:206] printRoutingTable(): [LoRaMesher] 1 - F02C via F02C metric 1 Role 0
17:10:31.208 > [969002][I][RoutingTableService.cpp:206] printRoutingTable(): [LoRaMesher] 2 - DE6C via DE6C metric 1 Role 0
17:10:31.218 > [969011][I][RoutingTableService.cpp:206] printRoutingTable(): [LoRaMesher] 3 - C998 via C998 metric 1 Role 0
17:10:31.227 > [969021][I][PacketQueueService.h:80] deleteQueuePacketAndPacket(): [LoRaMesher] Deleting packet
17:10:31.236 > [969029][I][PacketQueueService.h:83] deleteQueuePacketAndPacket(): [LoRaMesher] Deleting packet queue
17:10:31.245 > [969038][V][LoraMesher.cpp:641] processPackets(): [LoRaMesher] Stack space unused after entering the task: 2040
17:10:31.255 > [969048][V][LoraMesher.cpp:642] processPackets(): [LoRaMesher] Free heap: 336764
17:10:31.262 > [969052][V][LoraMesher.cpp:462] waitBeforeSend(): [LoRaMesher] Preamble detected while waiting 1
17:10:31.271 > [969064][V][LoraMesher.cpp:455] waitBeforeSend(): [LoRaMesher] RandomDelay 964 ms
17:10:32.241 > [970036][V][LoraMesher.cpp:754] printHeaderPacket(): [LoRaMesher] Packet send -- Size: 24 Src: B3F0 Dst: FFFF Id: 56 Type: 4 Via: 0 Seq_Id: 0 Num: 0
17:10:32.345 > [970139][V][LoraMesher.cpp:575] sendPackets(): [LoRaMesher] TimeOnAir 78 ms, next message in 0 ms
17:10:32.355 > [970148][I][PacketQueueService.h:80] deleteQueuePacketAndPacket(): [LoRaMesher] Deleting packet
17:10:32.363 > [970157][I][PacketQueueService.h:83] deleteQueuePacketAndPacket(): [LoRaMesher] Deleting packet queue
17:10:32.644 > Send packet 48
17:10:32.646 > Sending packet to D110
17:10:32.648 > [970439][V][LoraMesher.h:250] createPacketAndSend(): [LoRaMesher] Creating a packet for send with 8 bytes
17:10:32.658 > [970451][V][PacketFactory.h:45] createPacket(): [LoRaMesher] Creating packet with 17 bytes
17:10:32.666 > [970459][I][PacketFactory.h:74] createPacket(): [LoRaMesher] Packet created with 17 bytes
17:10:32.674 > [970467][I][LoraMesher.h:659] setPackedForSend(): [LoRaMesher] Adding packet to Q_SP
17:10:32.681 > [970475][I][LoraMesher.h:661] setPackedForSend(): [LoRaMesher] Created packet to Q_SP
17:10:32.689 > [970482][I][LoraMesher.cpp:1061] addToSendOrderedAndNotify(): [LoRaMesher] Added packet to Q_SP, notifying sender task
17:10:32.699 > [970493][V][LoraMesher.cpp:511] sendPackets(): [LoRaMesher] Stack space unused after entering the task: 1972
17:10:32.709 > [970503][V][LoraMesher.cpp:512] sendPackets(): [LoRaMesher] Free heap: 336780
17:10:32.716 > [970509][V][LoraMesher.cpp:518] sendPackets(): [LoRaMesher] Size of Send Packets Queue: 1
17:10:32.724 > [970517][V][LoraMesher.cpp:525] sendPackets(): [LoRaMesher] Send n. 57
17:10:32.730 > [970524][V][LoraMesher.cpp:455] waitBeforeSend(): [LoRaMesher] RandomDelay 1165 ms
17:10:33.167 > [970961][V][LoraMesher.cpp:378] receivingRoutine(): [LoRaMesher] Stack space unused after entering the task: 2028
17:10:33.178 > [970971][V][LoraMesher.cpp:379] receivingRoutine(): [LoRaMesher] Free heap: 336808
17:10:33.185 > [970979][I][PacketService.cpp:12] createEmptyPacket(): [LoRaMesher] Packet created with 17 bytes
17:10:33.194 > [970988][I][LoraMesher.cpp:392] receivingRoutine(): [LoRaMesher] Receiving LoRa packet: Size: 17 bytes RSSI: -29 SNR: 13
17:10:33.206 > [970999][V][LoraMesher.cpp:647] processPackets(): [LoRaMesher] Size of Received Packets Queue: 1
17:10:33.214 > [971008][V][LoraMesher.cpp:754] printHeaderPacket(): [LoRaMesher] Packet received -- Size: 17 Src: F02C Dst: D110 Id: 57 Type: 2 Via: D110 Seq_Id: 0 Num: 0
17:10:33.228 > [971021][I][LoraMesher.cpp:854] processDataPacket(): [LoRaMesher] Data packet from F02C, destination D110, via D110
17:10:33.238 > [971032][V][LoraMesher.cpp:878] processDataPacket(): [LoRaMesher] Packet not for me, deleting it
17:10:33.247 > [971040][I][PacketQueueService.h:80] deleteQueuePacketAndPacket(): [LoRaMesher] Deleting packet
17:10:33.255 > [971049][I][PacketQueueService.h:83] deleteQueuePacketAndPacket(): [LoRaMesher] Deleting packet queue
17:10:33.264 > [971058][V][LoraMesher.cpp:641] processPackets(): [LoRaMesher] Stack space unused after entering the task: 2040
17:10:33.274 > [971068][V][LoraMesher.cpp:642] processPackets(): [LoRaMesher] Free heap: 336808
17:10:33.908 > [971702][V][LoraMesher.cpp:462] waitBeforeSend(): [LoRaMesher] Preamble detected while waiting 1
17:10:33.917 > [971711][V][LoraMesher.cpp:455] waitBeforeSend(): [LoRaMesher] RandomDelay 1239 ms
17:10:34.984 > [972778][V][LoraMesher.cpp:378] receivingRoutine(): [LoRaMesher] Stack space unused after entering the task: 2028
17:10:34.995 > [972788][V][LoraMesher.cpp:379] receivingRoutine(): [LoRaMesher] Free heap: 336808
17:10:35.002 > [972796][I][PacketService.cpp:12] createEmptyPacket(): [LoRaMesher] Packet created with 17 bytes
17:10:35.012 > [972805][I][LoraMesher.cpp:392] receivingRoutine(): [LoRaMesher] Receiving LoRa packet: Size: 17 bytes RSSI: -19 SNR: 12
17:10:35.022 > [972816][V][LoraMesher.cpp:647] processPackets(): [LoRaMesher] Size of Received Packets Queue: 1
17:10:35.031 > [972824][V][LoraMesher.cpp:754] printHeaderPacket(): [LoRaMesher] Packet received -- Size: 17 Src: DE6C Dst: D110 Id: 57 Type: 2 Via: D110 Seq_Id: 0 Num: 0
17:10:35.045 > [972838][I][LoraMesher.cpp:854] processDataPacket(): [LoRaMesher] Data packet from DE6C, destination D110, via D110
17:10:35.055 > [972848][V][LoraMesher.cpp:878] processDataPacket(): [LoRaMesher] Packet not for me, deleting it
17:10:35.063 > [972857][I][PacketQueueService.h:80] deleteQueuePacketAndPacket(): [LoRaMesher] Deleting packet
17:10:35.072 > [972866][I][PacketQueueService.h:83] deleteQueuePacketAndPacket(): [LoRaMesher] Deleting packet queue
17:10:35.081 > [972875][V][LoraMesher.cpp:641] processPackets(): [LoRaMesher] Stack space unused after entering the task: 2040
17:10:35.091 > [972884][V][LoraMesher.cpp:642] processPackets(): [LoRaMesher] Free heap: 336808
17:10:35.169 > [972963][V][LoraMesher.cpp:462] waitBeforeSend(): [LoRaMesher] Preamble detected while waiting 2
17:10:35.178 > [972972][V][LoraMesher.cpp:455] waitBeforeSend(): [LoRaMesher] RandomDelay 936 ms
17:10:36.121 > [973916][V][LoraMesher.cpp:754] printHeaderPacket(): [LoRaMesher] Packet send -- Size: 17 Src: B3F0 Dst: D110 Id: 57 Type: 2 Via: D110 Seq_Id: 0 Num: 0
17:10:36.211 > [974005][V][LoraMesher.cpp:575] sendPackets(): [LoRaMesher] TimeOnAir 63 ms, next message in 0 ms
17:10:36.221 > [974014][I][PacketQueueService.h:80] deleteQueuePacketAndPacket(): [LoRaMesher] Deleting packet
17:10:36.229 > [974023][I][PacketQueueService.h:83] deleteQueuePacketAndPacket(): [LoRaMesher] Deleting packet queue
17:10:46.767 > [984562][V][LoraMesher.cpp:378] receivingRoutine(): [LoRaMesher] Stack space unused after entering the task: 2028
17:10:46.779 > [984572][V][LoraMesher.cpp:379] receivingRoutine(): [LoRaMesher] Free heap: 336876
17:10:46.785 > [984579][I][PacketService.cpp:12] createEmptyPacket(): [LoRaMesher] Packet created with 24 bytes
17:10:46.795 > [984588][I][LoraMesher.cpp:392] receivingRoutine(): [LoRaMesher] Receiving LoRa packet: Size: 24 bytes RSSI: -77 SNR: 2
17:10:46.810 > [984599][V][LoraMesher.cpp:647] processPackets(): [LoRaMesher] Size of Received Packets Queue: 1
17:10:46.814 > [984608][V][LoraMesher.cpp:754] printHeaderPacket(): [LoRaMesher] Packet received -- Size: 24 Src: C998 Dst: FFFF Id: 42 Type: 4 Via: 0 Seq_Id: 0 Num: 0
17:10:46.828 > [984621][I][RoutingTableService.cpp:77] processRoute(): [LoRaMesher] Route packet from C998 with size 4
17:10:46.837 > [984631][I][RoutingTableService.cpp:99] resetReceiveSNRRoutePacket(): [LoRaMesher] Reset Receive SNR from C998: 2
17:10:46.847 > [984641][I][RoutingTableService.cpp:192] printRoutingTable(): [LoRaMesher] Current routing table:
17:10:46.856 > [984649][I][RoutingTableService.cpp:206] printRoutingTable(): [LoRaMesher] 0 - D110 via D110 metric 1 Role 1
17:10:46.865 > [984659][I][RoutingTableService.cpp:206] printRoutingTable(): [LoRaMesher] 1 - F02C via F02C metric 1 Role 0
17:10:46.875 > [984669][I][RoutingTableService.cpp:206] printRoutingTable(): [LoRaMesher] 2 - DE6C via DE6C metric 1 Role 0
17:10:46.885 > [984678][I][RoutingTableService.cpp:206] printRoutingTable(): [LoRaMesher] 3 - C998 via C998 metric 1 Role 0
17:10:46.894 > [984688][I][PacketQueueService.h:80] deleteQueuePacketAndPacket(): [LoRaMesher] Deleting packet
17:10:46.903 > [984696][I][PacketQueueService.h:83] deleteQueuePacketAndPacket(): [LoRaMesher] Deleting packet queue
17:10:46.912 > [984705][V][LoraMesher.cpp:641] processPackets(): [LoRaMesher] Stack space unused after entering the task: 2040
17:10:46.922 > [984715][V][LoraMesher.cpp:642] processPackets(): [LoRaMesher] Free heap: 336876
17:10:48.421 > [986216][V][LoraMesher.cpp:378] receivingRoutine(): [LoRaMesher] Stack space unused after entering the task: 2028
17:10:48.432 > [986226][V][LoraMesher.cpp:379] receivingRoutine(): [LoRaMesher] Free heap: 336876
17:10:48.439 > [986233][I][PacketService.cpp:12] createEmptyPacket(): [LoRaMesher] Packet created with 17 bytes
17:10:48.448 > [986242][I][LoraMesher.cpp:392] receivingRoutine(): [LoRaMesher] Receiving LoRa packet: Size: 17 bytes RSSI: -78 SNR: 1
17:10:48.460 > [986253][V][LoraMesher.cpp:647] processPackets(): [LoRaMesher] Size of Received Packets Queue: 1
17:10:48.469 > [986262][V][LoraMesher.cpp:754] printHeaderPacket(): [LoRaMesher] Packet received -- Size: 17 Src: C998 Dst: D110 Id: 43 Type: 2 Via: D110 Seq_Id: 0 Num: 0
17:10:48.482 > [986276][I][LoraMesher.cpp:854] processDataPacket(): [LoRaMesher] Data packet from C998, destination D110, via D110
17:10:48.492 > [986286][V][LoraMesher.cpp:878] processDataPacket(): [LoRaMesher] Packet not for me, deleting it
17:10:48.500 > [986294][I][PacketQueueService.h:80] deleteQueuePacketAndPacket(): [LoRaMesher] Deleting packet
17:10:48.509 > [986303][I][PacketQueueService.h:83] deleteQueuePacketAndPacket(): [LoRaMesher] Deleting packet queue
17:10:48.518 > [986312][V][LoraMesher.cpp:641] processPackets(): [LoRaMesher] Stack space unused after entering the task: 2040
17:10:48.528 > [986322][V][LoraMesher.cpp:642] processPackets(): [LoRaMesher] Free heap: 336876
17:10:48.915 > [986710][V][LoraMesher.cpp:378] receivingRoutine(): [LoRaMesher] Stack space unused after entering the task: 2028
17:10:48.926 > [986720][V][LoraMesher.cpp:379] receivingRoutine(): [LoRaMesher] Free heap: 336876
17:10:48.933 > [986727][I][PacketService.cpp:12] createEmptyPacket(): [LoRaMesher] Packet created with 24 bytes
17:10:48.942 > [986736][I][LoraMesher.cpp:392] receivingRoutine(): [LoRaMesher] Receiving LoRa packet: Size: 24 bytes RSSI: 0 SNR: 14
17:10:48.953 > [986747][V][LoraMesher.cpp:647] processPackets(): [LoRaMesher] Size of Received Packets Queue: 1
17:10:48.962 > [986756][V][LoraMesher.cpp:754] printHeaderPacket(): [LoRaMesher] Packet received -- Size: 24 Src: D110 Dst: FFFF Id: 9 Type: 4 Via: 0 Seq_Id: 0 Num: 0
17:10:48.975 > [986769][I][RoutingTableService.cpp:77] processRoute(): [LoRaMesher] Route packet from D110 with size 4
17:10:48.985 > [986778][I][RoutingTableService.cpp:99] resetReceiveSNRRoutePacket(): [LoRaMesher] Reset Receive SNR from D110: 14
17:10:48.995 > [986789][I][RoutingTableService.cpp:192] printRoutingTable(): [LoRaMesher] Current routing table:
17:10:49.003 > [986797][I][RoutingTableService.cpp:206] printRoutingTable(): [LoRaMesher] 0 - D110 via D110 metric 1 Role 1
17:10:49.013 > [986807][I][RoutingTableService.cpp:206] printRoutingTable(): [LoRaMesher] 1 - F02C via F02C metric 1 Role 0
17:10:49.023 > [986817][I][RoutingTableService.cpp:206] printRoutingTable(): [LoRaMesher] 2 - DE6C via DE6C metric 1 Role 0
17:10:49.032 > [986826][I][RoutingTableService.cpp:206] printRoutingTable(): [LoRaMesher] 3 - C998 via C998 metric 1 Role 0
17:10:49.042 > [986836][I][PacketQueueService.h:80] deleteQueuePacketAndPacket(): [LoRaMesher] Deleting packet
17:10:49.050 > [986844][I][PacketQueueService.h:83] deleteQueuePacketAndPacket(): [LoRaMesher] Deleting packet queue
17:10:49.059 > [986853][V][LoraMesher.cpp:641] processPackets(): [LoRaMesher] Stack space unused after entering the task: 2040
17:10:49.069 > [986863][V][LoraMesher.cpp:642] processPackets(): [LoRaMesher] Free heap: 336876
17:10:52.737 > Send packet 49
17:10:52.739 > Sending packet to D110
17:10:52.741 > [990532][V][LoraMesher.h:250] createPacketAndSend(): [LoRaMesher] Creating a packet for send with 8 bytes
17:10:52.750 > [990544][V][PacketFactory.h:45] createPacket(): [LoRaMesher] Creating packet with 17 bytes
17:10:52.758 > [990552][I][PacketFactory.h:74] createPacket(): [LoRaMesher] Packet created with 17 bytes
17:10:52.766 > [990560][I][LoraMesher.h:659] setPackedForSend(): [LoRaMesher] Adding packet to Q_SP
17:10:52.774 > [990568][I][LoraMesher.h:661] setPackedForSend(): [LoRaMesher] Created packet to Q_SP
17:10:52.781 > [990575][I][LoraMesher.cpp:1061] addToSendOrderedAndNotify(): [LoRaMesher] Added packet to Q_SP, notifying sender task
17:10:52.792 > [990586][V][LoraMesher.cpp:511] sendPackets(): [LoRaMesher] Stack space unused after entering the task: 1972
17:10:52.802 > [990596][V][LoraMesher.cpp:512] sendPackets(): [LoRaMesher] Free heap: 336780
17:10:52.808 > [990602][V][LoraMesher.cpp:518] sendPackets(): [LoRaMesher] Size of Send Packets Queue: 1
17:10:52.816 > [990610][V][LoraMesher.cpp:525] sendPackets(): [LoRaMesher] Send n. 58
17:10:52.823 > [990617][V][LoraMesher.cpp:455] waitBeforeSend(): [LoRaMesher] RandomDelay 1063 ms
17:10:53.210 > [991005][V][LoraMesher.cpp:378] receivingRoutine(): [LoRaMesher] Stack space unused after entering the task: 2028
17:10:53.221 > [991015][V][LoraMesher.cpp:379] receivingRoutine(): [LoRaMesher] Free heap: 336808
17:10:53.229 > [991023][I][PacketService.cpp:12] createEmptyPacket(): [LoRaMesher] Packet created with 17 bytes
17:10:53.237 > [991031][I][LoraMesher.cpp:392] receivingRoutine(): [LoRaMesher] Receiving LoRa packet: Size: 17 bytes RSSI: -19 SNR: 12
17:10:53.249 > [991042][V][LoraMesher.cpp:647] processPackets(): [LoRaMesher] Size of Received Packets Queue: 1
17:10:53.257 > [991051][V][LoraMesher.cpp:754] printHeaderPacket(): [LoRaMesher] Packet received -- Size: 17 Src: DE6C Dst: D110 Id: 58 Type: 2 Via: D110 Seq_Id: 0 Num: 0
17:10:53.271 > [991065][I][LoraMesher.cpp:854] processDataPacket(): [LoRaMesher] Data packet from DE6C, destination D110, via D110
17:10:53.281 > [991075][V][LoraMesher.cpp:878] processDataPacket(): [LoRaMesher] Packet not for me, deleting it
17:10:53.290 > [991084][I][PacketQueueService.h:80] deleteQueuePacketAndPacket(): [LoRaMesher] Deleting packet
17:10:53.298 > [991092][I][PacketQueueService.h:83] deleteQueuePacketAndPacket(): [LoRaMesher] Deleting packet queue
17:10:53.308 > [991101][V][LoraMesher.cpp:641] processPackets(): [LoRaMesher] Stack space unused after entering the task: 2040
17:10:53.317 > [991111][V][LoraMesher.cpp:642] processPackets(): [LoRaMesher] Free heap: 336808
17:10:53.899 > [991693][V][LoraMesher.cpp:462] waitBeforeSend(): [LoRaMesher] Preamble detected while waiting 1
17:10:53.908 > [991702][V][LoraMesher.cpp:455] waitBeforeSend(): [LoRaMesher] RandomDelay 988 ms
17:10:54.760 > [992554][V][LoraMesher.cpp:378] receivingRoutine(): [LoRaMesher] Stack space unused after entering the task: 2028
17:10:54.770 > [992564][V][LoraMesher.cpp:379] receivingRoutine(): [LoRaMesher] Free heap: 336808
17:10:54.778 > [992572][I][PacketService.cpp:12] createEmptyPacket(): [LoRaMesher] Packet created with 17 bytes
17:10:54.787 > [992581][I][LoraMesher.cpp:392] receivingRoutine(): [LoRaMesher] Receiving LoRa packet: Size: 17 bytes RSSI: -23 SNR: 13
17:10:54.798 > [992592][V][LoraMesher.cpp:647] processPackets(): [LoRaMesher] Size of Received Packets Queue: 1
17:10:54.807 > [992601][V][LoraMesher.cpp:754] printHeaderPacket(): [LoRaMesher] Packet received -- Size: 17 Src: F02C Dst: D110 Id: 58 Type: 2 Via: D110 Seq_Id: 0 Num: 0
17:10:54.820 > [992614][I][LoraMesher.cpp:854] processDataPacket(): [LoRaMesher] Data packet from F02C, destination D110, via D110
17:10:54.831 > [992625][V][LoraMesher.cpp:878] processDataPacket(): [LoRaMesher] Packet not for me, deleting it
17:10:54.839 > [992633][I][PacketQueueService.h:80] deleteQueuePacketAndPacket(): [LoRaMesher] Deleting packet
17:10:54.848 > [992642][I][PacketQueueService.h:83] deleteQueuePacketAndPacket(): [LoRaMesher] Deleting packet queue
17:10:54.857 > [992651][V][LoraMesher.cpp:641] processPackets(): [LoRaMesher] Stack space unused after entering the task: 2040
17:10:54.867 > [992661][V][LoraMesher.cpp:642] processPackets(): [LoRaMesher] Free heap: 336808
17:10:54.909 > [992703][V][LoraMesher.cpp:462] waitBeforeSend(): [LoRaMesher] Preamble detected while waiting 2
17:10:54.918 > [992712][V][LoraMesher.cpp:455] waitBeforeSend(): [LoRaMesher] RandomDelay 1105 ms
17:10:56.030 > [993825][V][LoraMesher.cpp:754] printHeaderPacket(): [LoRaMesher] Packet send -- Size: 17 Src: B3F0 Dst: D110 Id: 58 Type: 2 Via: D110 Seq_Id: 0 Num: 0
17:10:56.120 > [993914][V][LoraMesher.cpp:575] sendPackets(): [LoRaMesher] TimeOnAir 63 ms, next message in 0 ms
17:10:56.129 > [993923][I][PacketQueueService.h:80] deleteQueuePacketAndPacket(): [LoRaMesher] Deleting packet
17:10:56.138 > [993932][I][PacketQueueService.h:83] deleteQueuePacketAndPacket(): [LoRaMesher] Deleting packet queue
17:11:07.893 > [1005688][V][LoraMesher.cpp:378] receivingRoutine(): [LoRaMesher] Stack space unused after entering the task: 2028
17:11:07.904 > [1005698][V][LoraMesher.cpp:379] receivingRoutine(): [LoRaMesher] Free heap: 336876
17:11:07.911 > [1005706][I][PacketService.cpp:12] createEmptyPacket(): [LoRaMesher] Packet created with 17 bytes
17:11:07.920 > [1005714][I][LoraMesher.cpp:392] receivingRoutine(): [LoRaMesher] Receiving LoRa packet: Size: 17 bytes RSSI: -79 SNR: 2
17:11:07.931 > [1005726][V][LoraMesher.cpp:647] processPackets(): [LoRaMesher] Size of Received Packets Queue: 1
17:11:07.940 > [1005734][V][LoraMesher.cpp:754] printHeaderPacket(): [LoRaMesher] Packet received -- Size: 17 Src: C998 Dst: D110 Id: 44 Type: 2 Via: D110 Seq_Id: 0 Num: 0
17:11:07.954 > [1005748][I][LoraMesher.cpp:854] processDataPacket(): [LoRaMesher] Data packet from C998, destination D110, via D110
17:11:07.964 > [1005759][V][LoraMesher.cpp:878] processDataPacket(): [LoRaMesher] Packet not for me, deleting it
17:11:07.973 > [1005767][I][PacketQueueService.h:80] deleteQueuePacketAndPacket(): [LoRaMesher] Deleting packet
17:11:07.981 > [1005776][I][PacketQueueService.h:83] deleteQueuePacketAndPacket(): [LoRaMesher] Deleting packet queue
17:11:07.991 > [1005785][V][LoraMesher.cpp:641] processPackets(): [LoRaMesher] Stack space unused after entering the task: 2040
17:11:08.002 > [1005795][V][LoraMesher.cpp:642] processPackets(): [LoRaMesher] Free heap: 336876
17:11:12.830 > Send packet 50
17:11:12.831 > Sending packet to D110
17:11:12.833 > [1010625][V][LoraMesher.h:250] createPacketAndSend(): [LoRaMesher] Creating a packet for send with 8 bytes
17:11:12.843 > [1010637][V][PacketFactory.h:45] createPacket(): [LoRaMesher] Creating packet with 17 bytes
17:11:12.851 > [1010645][I][PacketFactory.h:74] createPacket(): [LoRaMesher] Packet created with 17 bytes
17:11:12.859 > [1010653][I][LoraMesher.h:659] setPackedForSend(): [LoRaMesher] Adding packet to Q_SP
17:11:12.867 > [1010661][I][LoraMesher.h:661] setPackedForSend(): [LoRaMesher] Created packet to Q_SP
17:11:12.874 > [1010669][I][LoraMesher.cpp:1061] addToSendOrderedAndNotify(): [LoRaMesher] Added packet to Q_SP, notifying sender task
17:11:12.885 > [1010679][V][LoraMesher.cpp:511] sendPackets(): [LoRaMesher] Stack space unused after entering the task: 1972
17:11:12.895 > [1010689][V][LoraMesher.cpp:512] sendPackets(): [LoRaMesher] Free heap: 336780
17:11:12.902 > [1010696][V][LoraMesher.cpp:518] sendPackets(): [LoRaMesher] Size of Send Packets Queue: 1
17:11:12.910 > [1010704][V][LoraMesher.cpp:525] sendPackets(): [LoRaMesher] Send n. 59
17:11:12.916 > [1010711][V][LoraMesher.cpp:455] waitBeforeSend(): [LoRaMesher] RandomDelay 709 ms
17:11:13.485 > [1011280][V][LoraMesher.cpp:378] receivingRoutine(): [LoRaMesher] Stack space unused after entering the task: 2028
17:11:13.495 > [1011290][V][LoraMesher.cpp:379] receivingRoutine(): [LoRaMesher] Free heap: 336808
17:11:13.503 > [1011297][I][PacketService.cpp:12] createEmptyPacket(): [LoRaMesher] Packet created with 17 bytes
17:11:13.513 > [1011306][I][LoraMesher.cpp:392] receivingRoutine(): [LoRaMesher] Receiving LoRa packet: Size: 17 bytes RSSI: -25 SNR: 13
17:11:13.523 > [1011318][V][LoraMesher.cpp:647] processPackets(): [LoRaMesher] Size of Received Packets Queue: 1
17:11:13.532 > [1011326][V][LoraMesher.cpp:754] printHeaderPacket(): [LoRaMesher] Packet received -- Size: 17 Src: F02C Dst: D110 Id: 59 Type: 2 Via: D110 Seq_Id: 0 Num: 0
17:11:13.546 > [1011340][I][LoraMesher.cpp:854] processDataPacket(): [LoRaMesher] Data packet from F02C, destination D110, via D110
17:11:13.556 > [1011351][V][LoraMesher.cpp:878] processDataPacket(): [LoRaMesher] Packet not for me, deleting it
17:11:13.565 > [1011359][I][PacketQueueService.h:80] deleteQueuePacketAndPacket(): [LoRaMesher] Deleting packet
17:11:13.573 > [1011368][I][PacketQueueService.h:83] deleteQueuePacketAndPacket(): [LoRaMesher] Deleting packet queue
17:11:13.583 > [1011377][V][LoraMesher.cpp:641] processPackets(): [LoRaMesher] Stack space unused after entering the task: 2040
17:11:13.593 > [1011387][V][LoraMesher.cpp:642] processPackets(): [LoRaMesher] Free heap: 336808
17:11:13.638 > [1011433][V][LoraMesher.cpp:462] waitBeforeSend(): [LoRaMesher] Preamble detected while waiting 1
17:11:13.648 > [1011442][V][LoraMesher.cpp:455] waitBeforeSend(): [LoRaMesher] RandomDelay 934 ms
17:11:14.394 > [1012189][V][LoraMesher.cpp:378] receivingRoutine(): [LoRaMesher] Stack space unused after entering the task: 2028
17:11:14.405 > [1012200][V][LoraMesher.cpp:379] receivingRoutine(): [LoRaMesher] Free heap: 336808
17:11:14.413 > [1012207][I][PacketService.cpp:12] createEmptyPacket(): [LoRaMesher] Packet created with 17 bytes
17:11:14.422 > [1012216][I][LoraMesher.cpp:392] receivingRoutine(): [LoRaMesher] Receiving LoRa packet: Size: 17 bytes RSSI: -20 SNR: 13
17:11:14.433 > [1012227][V][LoraMesher.cpp:647] processPackets(): [LoRaMesher] Size of Received Packets Queue: 1
17:11:14.442 > [1012236][V][LoraMesher.cpp:754] printHeaderPacket(): [LoRaMesher] Packet received -- Size: 17 Src: DE6C Dst: D110 Id: 59 Type: 2 Via: D110 Seq_Id: 0 Num: 0
17:11:14.456 > [1012250][I][LoraMesher.cpp:854] processDataPacket(): [LoRaMesher] Data packet from DE6C, destination D110, via D110
17:11:14.466 > [1012260][V][LoraMesher.cpp:878] processDataPacket(): [LoRaMesher] Packet not for me, deleting it
17:11:14.475 > [1012269][I][PacketQueueService.h:80] deleteQueuePacketAndPacket(): [LoRaMesher] Deleting packet
17:11:14.483 > [1012278][I][PacketQueueService.h:83] deleteQueuePacketAndPacket(): [LoRaMesher] Deleting packet queue
17:11:14.492 > [1012287][V][LoraMesher.cpp:641] processPackets(): [LoRaMesher] Stack space unused after entering the task: 2040
17:11:14.502 > [1012297][V][LoraMesher.cpp:642] processPackets(): [LoRaMesher] Free heap: 336808
17:11:14.594 > [1012389][V][LoraMesher.cpp:462] waitBeforeSend(): [LoRaMesher] Preamble detected while waiting 2
17:11:14.604 > [1012398][V][LoraMesher.cpp:455] waitBeforeSend(): [LoRaMesher] RandomDelay 363 ms
17:11:14.974 > [1012769][V][LoraMesher.cpp:754] printHeaderPacket(): [LoRaMesher] Packet send -- Size: 17 Src: B3F0 Dst: D110 Id: 59 Type: 2 Via: D110 Seq_Id: 0 Num: 0
17:11:15.064 > [1012859][V][LoraMesher.cpp:575] sendPackets(): [LoRaMesher] TimeOnAir 63 ms, next message in 0 ms
17:11:15.073 > [1012867][I][PacketQueueService.h:80] deleteQueuePacketAndPacket(): [LoRaMesher] Deleting packet
17:11:15.081 > [1012876][I][PacketQueueService.h:83] deleteQueuePacketAndPacket(): [LoRaMesher] Deleting packet queue
17:11:27.986 > [1025781][V][LoraMesher.cpp:378] receivingRoutine(): [LoRaMesher] Stack space unused after entering the task: 2028
17:11:27.996 > [1025791][V][LoraMesher.cpp:379] receivingRoutine(): [LoRaMesher] Free heap: 336876
17:11:28.004 > [1025799][I][PacketService.cpp:12] createEmptyPacket(): [LoRaMesher] Packet created with 17 bytes
17:11:28.013 > [1025808][I][LoraMesher.cpp:392] receivingRoutine(): [LoRaMesher] Receiving LoRa packet: Size: 17 bytes RSSI: -79 SNR: 1
17:11:28.024 > [1025819][V][LoraMesher.cpp:647] processPackets(): [LoRaMesher] Size of Received Packets Queue: 1
17:11:28.033 > [1025827][V][LoraMesher.cpp:754] printHeaderPacket(): [LoRaMesher] Packet received -- Size: 17 Src: C998 Dst: D110 Id: 45 Type: 2 Via: D110 Seq_Id: 0 Num: 0
17:11:28.047 > [1025841][I][LoraMesher.cpp:854] processDataPacket(): [LoRaMesher] Data packet from C998, destination D110, via D110
17:11:28.057 > [1025852][V][LoraMesher.cpp:878] processDataPacket(): [LoRaMesher] Packet not for me, deleting it
17:11:28.066 > [1025860][I][PacketQueueService.h:80] deleteQueuePacketAndPacket(): [LoRaMesher] Deleting packet
17:11:28.074 > [1025869][I][PacketQueueService.h:83] deleteQueuePacketAndPacket(): [LoRaMesher] Deleting packet queue
17:11:28.083 > [1025878][V][LoraMesher.cpp:641] processPackets(): [LoRaMesher] Stack space unused after entering the task: 2040
17:11:28.093 > [1025888][V][LoraMesher.cpp:642] processPackets(): [LoRaMesher] Free heap: 336876
17:11:32.923 > Send packet 51
17:11:32.925 > Sending packet to D110
17:11:32.927 > [1030719][V][LoraMesher.h:250] createPacketAndSend(): [LoRaMesher] Creating a packet for send with 8 bytes
17:11:32.936 > [1030731][V][PacketFactory.h:45] createPacket(): [LoRaMesher] Creating packet with 17 bytes
17:11:32.945 > [1030739][I][PacketFactory.h:74] createPacket(): [LoRaMesher] Packet created with 17 bytes
17:11:32.953 > [1030747][I][LoraMesher.h:659] setPackedForSend(): [LoRaMesher] Adding packet to Q_SP
17:11:32.960 > [1030755][I][LoraMesher.h:661] setPackedForSend(): [LoRaMesher] Created packet to Q_SP
17:11:32.968 > [1030763][I][LoraMesher.cpp:1061] addToSendOrderedAndNotify(): [LoRaMesher] Added packet to Q_SP, notifying sender task
17:11:32.979 > [1030773][V][LoraMesher.cpp:511] sendPackets(): [LoRaMesher] Stack space unused after entering the task: 1972
17:11:32.988 > [1030783][V][LoraMesher.cpp:512] sendPackets(): [LoRaMesher] Free heap: 336780
17:11:32.995 > [1030790][V][LoraMesher.cpp:518] sendPackets(): [LoRaMesher] Size of Send Packets Queue: 1
17:11:33.003 > [1030798][V][LoraMesher.cpp:525] sendPackets(): [LoRaMesher] Send n. 60
17:11:33.010 > [1030805][V][LoraMesher.cpp:455] waitBeforeSend(): [LoRaMesher] RandomDelay 901 ms
17:11:33.618 > [1031414][V][LoraMesher.cpp:378] receivingRoutine(): [LoRaMesher] Stack space unused after entering the task: 2028
17:11:33.629 > [1031424][V][LoraMesher.cpp:379] receivingRoutine(): [LoRaMesher] Free heap: 336808
17:11:33.637 > [1031431][I][PacketService.cpp:12] createEmptyPacket(): [LoRaMesher] Packet created with 17 bytes
17:11:33.646 > [1031440][I][LoraMesher.cpp:392] receivingRoutine(): [LoRaMesher] Receiving LoRa packet: Size: 17 bytes RSSI: -26 SNR: 13
17:11:33.657 > [1031452][V][LoraMesher.cpp:647] processPackets(): [LoRaMesher] Size of Received Packets Queue: 1
17:11:33.666 > [1031460][V][LoraMesher.cpp:754] printHeaderPacket(): [LoRaMesher] Packet received -- Size: 17 Src: F02C Dst: D110 Id: 60 Type: 2 Via: D110 Seq_Id: 0 Num: 0
17:11:33.679 > [1031474][I][LoraMesher.cpp:854] processDataPacket(): [LoRaMesher] Data packet from F02C, destination D110, via D110
17:11:33.690 > [1031485][V][LoraMesher.cpp:878] processDataPacket(): [LoRaMesher] Packet not for me, deleting it
17:11:33.698 > [1031493][I][PacketQueueService.h:80] deleteQueuePacketAndPacket(): [LoRaMesher] Deleting packet
17:11:33.707 > [1031502][I][PacketQueueService.h:83] deleteQueuePacketAndPacket(): [LoRaMesher] Deleting packet queue
17:11:33.716 > [1031511][V][LoraMesher.cpp:641] processPackets(): [LoRaMesher] Stack space unused after entering the task: 2040
17:11:33.726 > [1031521][V][LoraMesher.cpp:642] processPackets(): [LoRaMesher] Free heap: 336808
17:11:33.924 > [1031719][V][LoraMesher.cpp:462] waitBeforeSend(): [LoRaMesher] Preamble detected while waiting 1
17:11:33.933 > [1031728][V][LoraMesher.cpp:455] waitBeforeSend(): [LoRaMesher] RandomDelay 1216 ms
17:11:34.356 > [1032151][V][LoraMesher.cpp:378] receivingRoutine(): [LoRaMesher] Stack space unused after entering the task: 2028
17:11:34.366 > [1032161][V][LoraMesher.cpp:379] receivingRoutine(): [LoRaMesher] Free heap: 336808
17:11:34.374 > [1032169][I][PacketService.cpp:12] createEmptyPacket(): [LoRaMesher] Packet created with 17 bytes
17:11:34.383 > [1032178][I][LoraMesher.cpp:392] receivingRoutine(): [LoRaMesher] Receiving LoRa packet: Size: 17 bytes RSSI: -20 SNR: 13
17:11:34.394 > [1032189][V][LoraMesher.cpp:647] processPackets(): [LoRaMesher] Size of Received Packets Queue: 1
17:11:34.403 > [1032198][V][LoraMesher.cpp:754] printHeaderPacket(): [LoRaMesher] Packet received -- Size: 17 Src: DE6C Dst: D110 Id: 60 Type: 2 Via: D110 Seq_Id: 0 Num: 0
17:11:34.417 > [1032212][I][LoraMesher.cpp:854] processDataPacket(): [LoRaMesher] Data packet from DE6C, destination D110, via D110
17:11:34.427 > [1032222][V][LoraMesher.cpp:878] processDataPacket(): [LoRaMesher] Packet not for me, deleting it
17:11:34.436 > [1032231][I][PacketQueueService.h:80] deleteQueuePacketAndPacket(): [LoRaMesher] Deleting packet
17:11:34.444 > [1032239][I][PacketQueueService.h:83] deleteQueuePacketAndPacket(): [LoRaMesher] Deleting packet queue
17:11:34.454 > [1032248][V][LoraMesher.cpp:641] processPackets(): [LoRaMesher] Stack space unused after entering the task: 2040
17:11:34.463 > [1032258][V][LoraMesher.cpp:642] processPackets(): [LoRaMesher] Free heap: 336808
17:11:35.162 > [1032957][V][LoraMesher.cpp:462] waitBeforeSend(): [LoRaMesher] Preamble detected while waiting 2
17:11:35.172 > [1032966][V][LoraMesher.cpp:455] waitBeforeSend(): [LoRaMesher] RandomDelay 1115 ms
17:11:36.293 > [1034089][V][LoraMesher.cpp:754] printHeaderPacket(): [LoRaMesher] Packet send -- Size: 17 Src: B3F0 Dst: D110 Id: 60 Type: 2 Via: D110 Seq_Id: 0 Num: 0
17:11:36.383 > [1034179][V][LoraMesher.cpp:575] sendPackets(): [LoRaMesher] TimeOnAir 63 ms, next message in 0 ms
17:11:36.392 > [1034187][I][PacketQueueService.h:80] deleteQueuePacketAndPacket(): [LoRaMesher] Deleting packet
17:11:36.401 > [1034196][I][PacketQueueService.h:83] deleteQueuePacketAndPacket(): [LoRaMesher] Deleting packet queue
17:11:48.410 > [1046205][V][LoraMesher.cpp:378] receivingRoutine(): [LoRaMesher] Stack space unused after entering the task: 2028
17:11:48.420 > [1046215][V][LoraMesher.cpp:379] receivingRoutine(): [LoRaMesher] Free heap: 336876
17:11:48.428 > [1046223][I][PacketService.cpp:12] createEmptyPacket(): [LoRaMesher] Packet created with 17 bytes
17:11:48.437 > [1046232][I][LoraMesher.cpp:392] receivingRoutine(): [LoRaMesher] Receiving LoRa packet: Size: 17 bytes RSSI: -77 SNR: 3
17:11:48.448 > [1046243][V][LoraMesher.cpp:647] processPackets(): [LoRaMesher] Size of Received Packets Queue: 1
17:11:48.457 > [1046252][V][LoraMesher.cpp:754] printHeaderPacket(): [LoRaMesher] Packet received -- Size: 17 Src: C998 Dst: D110 Id: 46 Type: 2 Via: D110 Seq_Id: 0 Num: 0
17:11:48.470 > [1046266][I][LoraMesher.cpp:854] processDataPacket(): [LoRaMesher] Data packet from C998, destination D110, via D110
17:11:48.481 > [1046276][V][LoraMesher.cpp:878] processDataPacket(): [LoRaMesher] Packet not for me, deleting it
17:11:48.489 > [1046285][I][PacketQueueService.h:80] deleteQueuePacketAndPacket(): [LoRaMesher] Deleting packet
17:11:48.498 > [1046293][I][PacketQueueService.h:83] deleteQueuePacketAndPacket(): [LoRaMesher] Deleting packet queue
17:11:48.507 > [1046302][V][LoraMesher.cpp:641] processPackets(): [LoRaMesher] Stack space unused after entering the task: 2040
17:11:48.517 > [1046312][V][LoraMesher.cpp:642] processPackets(): [LoRaMesher] Free heap: 336876
17:11:53.017 > Send packet 52
17:11:53.019 > Sending packet to D110
17:11:53.021 > [1050813][V][LoraMesher.h:250] createPacketAndSend(): [LoRaMesher] Creating a packet for send with 8 bytes
17:11:53.030 > [1050825][V][PacketFactory.h:45] createPacket(): [LoRaMesher] Creating packet with 17 bytes
17:11:53.038 > [1050833][I][PacketFactory.h:74] createPacket(): [LoRaMesher] Packet created with 17 bytes
17:11:53.046 > [1050841][I][LoraMesher.h:659] setPackedForSend(): [LoRaMesher] Adding packet to Q_SP
17:11:53.054 > [1050849][I][LoraMesher.h:661] setPackedForSend(): [LoRaMesher] Created packet to Q_SP
17:11:53.062 > [1050857][I][LoraMesher.cpp:1061] addToSendOrderedAndNotify(): [LoRaMesher] Added packet to Q_SP, notifying sender task
17:11:53.072 > [1050867][V][LoraMesher.cpp:511] sendPackets(): [LoRaMesher] Stack space unused after entering the task: 1972
17:11:53.082 > [1050877][V][LoraMesher.cpp:512] sendPackets(): [LoRaMesher] Free heap: 336780
17:11:53.089 > [1050884][V][LoraMesher.cpp:518] sendPackets(): [LoRaMesher] Size of Send Packets Queue: 1
17:11:53.097 > [1050892][V][LoraMesher.cpp:525] sendPackets(): [LoRaMesher] Send n. 61
17:11:53.103 > [1050899][V][LoraMesher.cpp:455] waitBeforeSend(): [LoRaMesher] RandomDelay 1081 ms
17:11:53.529 > [1051325][V][LoraMesher.cpp:378] receivingRoutine(): [LoRaMesher] Stack space unused after entering the task: 2028
17:11:53.540 > [1051335][V][LoraMesher.cpp:379] receivingRoutine(): [LoRaMesher] Free heap: 336808
17:11:53.547 > [1051342][I][PacketService.cpp:12] createEmptyPacket(): [LoRaMesher] Packet created with 17 bytes
17:11:53.556 > [1051351][I][LoraMesher.cpp:392] receivingRoutine(): [LoRaMesher] Receiving LoRa packet: Size: 17 bytes RSSI: -26 SNR: 13
17:11:53.568 > [1051363][V][LoraMesher.cpp:647] processPackets(): [LoRaMesher] Size of Received Packets Queue: 1
17:11:53.576 > [1051371][V][LoraMesher.cpp:754] printHeaderPacket(): [LoRaMesher] Packet received -- Size: 17 Src: F02C Dst: D110 Id: 61 Type: 2 Via: D110 Seq_Id: 0 Num: 0
17:11:53.590 > [1051385][I][LoraMesher.cpp:854] processDataPacket(): [LoRaMesher] Data packet from F02C, destination D110, via D110
17:11:53.600 > [1051396][V][LoraMesher.cpp:878] processDataPacket(): [LoRaMesher] Packet not for me, deleting it
17:11:53.609 > [1051404][I][PacketQueueService.h:80] deleteQueuePacketAndPacket(): [LoRaMesher] Deleting packet
17:11:53.618 > [1051413][I][PacketQueueService.h:83] deleteQueuePacketAndPacket(): [LoRaMesher] Deleting packet queue
17:11:53.627 > [1051422][V][LoraMesher.cpp:641] processPackets(): [LoRaMesher] Stack space unused after entering the task: 2040
17:11:53.637 > [1051432][V][LoraMesher.cpp:642] processPackets(): [LoRaMesher] Free heap: 336808
17:11:54.153 > [1051949][V][LoraMesher.cpp:378] receivingRoutine(): [LoRaMesher] Stack space unused after entering the task: 2028
17:11:54.165 > [1051959][V][LoraMesher.cpp:379] receivingRoutine(): [LoRaMesher] Free heap: 336808
17:11:54.171 > [1051966][I][PacketService.cpp:12] createEmptyPacket(): [LoRaMesher] Packet created with 17 bytes
17:11:54.180 > [1051975][I][LoraMesher.cpp:392] receivingRoutine(): [LoRaMesher] Receiving LoRa packet: Size: 17 bytes RSSI: -19 SNR: 13
17:11:54.191 > [1051986][V][LoraMesher.cpp:647] processPackets(): [LoRaMesher] Size of Received Packets Queue: 1
17:11:54.200 > [1051995][V][LoraMesher.cpp:754] printHeaderPacket(): [LoRaMesher] Packet received -- Size: 17 Src: DE6C Dst: D110 Id: 61 Type: 2 Via: D110 Seq_Id: 0 Num: 0
17:11:54.214 > [1051998][V][LoraMesher.cpp:462] waitBeforeSend(): [LoRaMesher] Preamble detected while waiting 1
17:11:54.223 > [1052018][V[]1[0L5o2r0a1M8e]s[hIe]r[.Lcoprpa:M4e5s5h]e rw.aciptpB:e8f5o4r]e Spernodc(e)s:s D[aLtoaRPaaMceksehte(r)]:  R[aLnodRoamMDehey]12at mpacket from DE6C, destination D110, via D110
17:11:54.239 > [1052034][V][LoraMesher.cpp:878] processDataPacket(): [LoRaMesher] Packet not for me, deleting it
17:11:54.248 > [1052043][I][PacketQueueService.h:80] deleteQueuePacketAndPacket(): [LoRaMesher] Deleting packet
17:11:54.256 > [1052051][I][PacketQueueService.h:83] deleteQueuePacketAndPacket(): [LoRaMesher] Deleting packet queue
17:11:54.265 > [1052060][V][LoraMesher.cpp:641] processPackets(): [LoRaMesher] Stack space unused after entering the task: 2040
17:11:54.275 > [1052071][V][LoraMesher.cpp:642] processPackets(): [LoRaMesher] Free heap: 336808
17:11:55.473 > [1053268][V][LoraMesher.cpp:754] printHeaderPacket(): [LoRaMesher] Packet send -- Size: 17 Src: B3F0 Dst: D110 Id: 61 Type: 2 Via: D110 Seq_Id: 0 Num: 0
17:11:55.563 > [1053359][V][LoraMesher.cpp:575] sendPackets(): [LoRaMesher] TimeOnAir 63 ms, next message in 0 ms
17:11:55.572 > [1053367][I][PacketQueueService.h:80] deleteQueuePacketAndPacket(): [LoRaMesher] Deleting packet
17:11:55.581 > [1053376][I][PacketQueueService.h:83] deleteQueuePacketAndPacket(): [LoRaMesher] Deleting packet queue
17:12:08.669 > [1066465][V][LoraMesher.cpp:378] receivingRoutine(): [LoRaMesher] Stack space unused after entering the task: 2028
17:12:08.680 > [1066475][V][LoraMesher.cpp:379] receivingRoutine(): [LoRaMesher] Free heap: 336876
17:12:08.688 > [1066483][I][PacketService.cpp:12] createEmptyPacket(): [LoRaMesher] Packet created with 17 bytes
17:12:08.696 > [1066492][I][LoraMesher.cpp:392] receivingRoutine(): [LoRaMesher] Receiving LoRa packet: Size: 17 bytes RSSI: -78 SNR: 2
17:12:08.708 > [1066503][V][LoraMesher.cpp:647] processPackets(): [LoRaMesher] Size of Received Packets Queue: 1
17:12:08.716 > [1066512][V][LoraMesher.cpp:754] printHeaderPacket(): [LoRaMesher] Packet received -- Size: 17 Src: C998 Dst: D110 Id: 47 Type: 2 Via: D110 Seq_Id: 0 Num: 0
17:12:08.730 > [1066526][I][LoraMesher.cpp:854] processDataPacket(): [LoRaMesher] Data packet from C998, destination D110, via D110
17:12:08.740 > [1066536][V][LoraMesher.cpp:878] processDataPacket(): [LoRaMesher] Packet not for me, deleting it
17:12:08.749 > [1066545][I][PacketQueueService.h:80] deleteQueuePacketAndPacket(): [LoRaMesher] Deleting packet
17:12:08.758 > [1066553][I][PacketQueueService.h:83] deleteQueuePacketAndPacket(): [LoRaMesher] Deleting packet queue
17:12:08.767 > [1066562][V][LoraMesher.cpp:641] processPackets(): [LoRaMesher] Stack space unused after entering the task: 2040
17:12:08.777 > [1066572][V][LoraMesher.cpp:642] processPackets(): [LoRaMesher] Free heap: 336876
17:12:13.110 > Send packet 53
17:12:13.112 > Sending packet to D110
17:12:13.114 > [1070907][V][LoraMesher.h:250] createPacketAndSend(): [LoRaMesher] Creating a packet for send with 8 bytes
17:12:13.124 > [1070919][V][PacketFactory.h:45] createPacket(): [LoRaMesher] Creating packet with 17 bytes
17:12:13.132 > [1070927][I][PacketFactory.h:74] createPacket(): [LoRaMesher] Packet created with 17 bytes
17:12:13.140 > [1070935][I][LoraMesher.h:659] setPackedForSend(): [LoRaMesher] Adding packet to Q_SP
17:12:13.147 > [1070943][I][LoraMesher.h:661] setPackedForSend(): [LoRaMesher] Created packet to Q_SP
17:12:13.155 > [1070951][I][LoraMesher.cpp:1061] addToSendOrderedAndNotify(): [LoRaMesher] Added packet to Q_SP, notifying sender task
17:12:13.166 > [1070961][V][LoraMesher.cpp:511] sendPackets(): [LoRaMesher] Stack space unused after entering the task: 1972
17:12:13.176 > [1070971][V][LoraMesher.cpp:512] sendPackets(): [LoRaMesher] Free heap: 336780
17:12:13.183 > [1070978][V][LoraMesher.cpp:518] sendPackets(): [LoRaMesher] Size of Send Packets Queue: 1
17:12:13.191 > [1070986][V][LoraMesher.cpp:525] sendPackets(): [LoRaMesher] Send n. 62
17:12:13.197 > [1070993][V][LoraMesher.cpp:455] waitBeforeSend(): [LoRaMesher] RandomDelay 861 ms
17:12:13.455 > [1071251][V][LoraMesher.cpp:378] receivingRoutine(): [LoRaMesher] Stack space unused after entering the task: 2028
17:12:13.465 > [1071261][V][LoraMesher.cpp:379] receivingRoutine(): [LoRaMesher] Free heap: 336808
17:12:13.473 > [1071269][I][PacketService.cpp:12] createEmptyPacket(): [LoRaMesher] Packet created with 17 bytes
17:12:13.482 > [1071277][I][LoraMesher.cpp:392] receivingRoutine(): [LoRaMesher] Receiving LoRa packet: Size: 17 bytes RSSI: -27 SNR: 13
17:12:13.493 > [1071289][V][LoraMesher.cpp:647] processPackets(): [LoRaMesher] Size of Received Packets Queue: 1
17:12:13.502 > [1071297][V][LoraMesher.cpp:754] printHeaderPacket(): [LoRaMesher] Packet received -- Size: 17 Src: F02C Dst: D110 Id: 62 Type: 2 Via: D110 Seq_Id: 0 Num: 0
17:12:13.516 > [1071311][I][LoraMesher.cpp:854] processDataPacket(): [LoRaMesher] Data packet from F02C, destination D110, via D110
17:12:13.526 > [1071322][V][LoraMesher.cpp:878] processDataPacket(): [LoRaMesher] Packet not for me, deleting it
17:12:13.535 > [1071330][I][PacketQueueService.h:80] deleteQueuePacketAndPacket(): [LoRaMesher] Deleting packet
17:12:13.543 > [1071339][I][PacketQueueService.h:83] deleteQueuePacketAndPacket(): [LoRaMesher] Deleting packet queue
17:12:13.553 > [1071348][V][LoraMesher.cpp:641] processPackets(): [LoRaMesher] Stack space unused after entering the task: 2040
17:12:13.563 > [1071358][V][LoraMesher.cpp:642] processPackets(): [LoRaMesher] Free heap: 336808
17:12:14.071 > [1071867][V][LoraMesher.cpp:462] waitBeforeSend(): [LoRaMesher] Preamble detected while waiting 1
17:12:14.080 > [1071876][V][LoraMesher.cpp:455] waitBeforeSend(): [LoRaMesher] RandomDelay 439 ms
17:12:14.526 > [1072323][V][LoraMesher.cpp:754] printHeaderPacket(): [LoRaMesher] Packet send -- Size: 17 Src: B3F0 Dst: D110 Id: 62 Type: 2 Via: D110 Seq_Id: 0 Num: 0
17:12:14.616 > [1072413][V][LoraMesher.cpp:575] sendPackets(): [LoRaMesher] TimeOnAir 63 ms, next message in 0 ms
17:12:14.626 > [1072421][I][PacketQueueService.h:80] deleteQueuePacketAndPacket(): [LoRaMesher] Deleting packet
17:12:14.634 > [1072430][I][PacketQueueService.h:83] deleteQueuePacketAndPacket(): [LoRaMesher] Deleting packet queue
17:12:16.041 > [1073837][V][LoraMesher.cpp:378] receivingRoutine(): [LoRaMesher] Stack space unused after entering the task: 2028
17:12:16.052 > [1073847][V][LoraMesher.cpp:379] receivingRoutine(): [LoRaMesher] Free heap: 336876
17:12:16.059 > [1073855][I][PacketService.cpp:12] createEmptyPacket(): [LoRaMesher] Packet created with 17 bytes
17:12:16.068 > [1073864][I][LoraMesher.cpp:392] receivingRoutine(): [LoRaMesher] Receiving LoRa packet: Size: 17 bytes RSSI: -20 SNR: 13
17:12:16.080 > [1073875][V][LoraMesher.cpp:647] processPackets(): [LoRaMesher] Size of Received Packets Queue: 1
17:12:16.088 > [1073884][V][LoraMesher.cpp:754] printHeaderPacket(): [LoRaMesher] Packet received -- Size: 17 Src: DE6C Dst: D110 Id: 62 Type: 2 Via: D110 Seq_Id: 0 Num: 0
17:12:16.102 > [1073898][I][LoraMesher.cpp:854] processDataPacket(): [LoRaMesher] Data packet from DE6C, destination D110, via D110
17:12:16.112 > [1073908][V][LoraMesher.cpp:878] processDataPacket(): [LoRaMesher] Packet not for me, deleting it
17:12:16.121 > [1073917][I][PacketQueueService.h:80] deleteQueuePacketAndPacket(): [LoRaMesher] Deleting packet
17:12:16.130 > [1073925][I][PacketQueueService.h:83] deleteQueuePacketAndPacket(): [LoRaMesher] Deleting packet queue
17:12:16.139 > [1073934][V][LoraMesher.cpp:641] processPackets(): [LoRaMesher] Stack space unused after entering the task: 2040
17:12:16.149 > [1073944][V][LoraMesher.cpp:642] processPackets(): [LoRaMesher] Free heap: 336876
17:12:28.710 > [1086506][V][LoraMesher.cpp:378] receivingRoutine(): [LoRaMesher] Stack space unused after entering the task: 2028
17:12:28.721 > [1086517][V][LoraMesher.cpp:379] receivingRoutine(): [LoRaMesher] Free heap: 336876
17:12:28.728 > [1086524][I][PacketService.cpp:12] createEmptyPacket(): [LoRaMesher] Packet created with 17 bytes
17:12:28.737 > [1086533][I][LoraMesher.cpp:392] receivingRoutine(): [LoRaMesher] Receiving LoRa packet: Size: 17 bytes RSSI: -74 SNR: 6
17:12:28.748 > [1086544][V][LoraMesher.cpp:647] processPackets(): [LoRaMesher] Size of Received Packets Queue: 1
17:12:28.757 > [1086553][V][LoraMesher.cpp:754] printHeaderPacket(): [LoRaMesher] Packet received -- Size: 17 Src: C998 Dst: D110 Id: 48 Type: 2 Via: D110 Seq_Id: 0 Num: 0
17:12:28.771 > [1086567][I][LoraMesher.cpp:854] processDataPacket(): [LoRaMesher] Data packet from C998, destination D110, via D110
17:12:28.781 > [1086577][V][LoraMesher.cpp:878] processDataPacket(): [LoRaMesher] Packet not for me, deleting it
17:12:28.790 > [1086586][I][PacketQueueService.h:80] deleteQueuePacketAndPacket(): [LoRaMesher] Deleting packet
17:12:28.798 > [1086594][I][PacketQueueService.h:83] deleteQueuePacketAndPacket(): [LoRaMesher] Deleting packet queue
17:12:28.808 > [1086603][V][LoraMesher.cpp:641] processPackets(): [LoRaMesher] Stack space unused after entering the task: 2040
17:12:28.818 > [1086613][V][LoraMesher.cpp:642] processPackets(): [LoRaMesher] Free heap: 336876
17:12:30.679 > [1088475][V][LoraMesher.cpp:598] sendHelloPacket(): [LoRaMesher] Creating Routing Packet
17:12:30.687 > [1088483][V][LoraMesher.cpp:599] sendHelloPacket(): [LoRaMesher] Stack space unused after entering the task: 2324
17:12:30.697 > [1088493][V][LoraMesher.cpp:600] sendHelloPacket(): [LoRaMesher] Free heap: 336876
17:12:30.704 > [1088500][V][PacketFactory.h:45] createPacket(): [LoRaMesher] Creating packet with 24 bytes
17:12:30.713 > [1088509][I][PacketFactory.h:74] createPacket(): [LoRaMesher] Packet created with 24 bytes
17:12:30.721 > [1088517][I][LoraMesher.h:659] setPackedForSend(): [LoRaMesher] Adding packet to Q_SP
17:12:30.728 > [1088524][I][LoraMesher.h:661] setPackedForSend(): [LoRaMesher] Created packet to Q_SP
17:12:30.736 > [1088532][I][LoraMesher.cpp:1061] addToSendOrderedAndNotify(): [LoRaMesher] Added packet to Q_SP, notifying sender task
17:12:30.747 > [1088543][V][LoraMesher.cpp:511] sendPackets(): [LoRaMesher] Stack space unused after entering the task: 1972
17:12:30.756 > [1088552][V][LoraMesher.cpp:512] sendPackets(): [LoRaMesher] Free heap: 336776
17:12:30.763 > [1088559][V][LoraMesher.cpp:518] sendPackets(): [LoRaMesher] Size of Send Packets Queue: 1
17:12:30.771 > [1088567][V][LoraMesher.cpp:525] sendPackets(): [LoRaMesher] Send n. 63
17:12:30.778 > [1088574][V][LoraMesher.cpp:455] waitBeforeSend(): [LoRaMesher] RandomDelay 654 ms
17:12:31.439 > [1089236][V][LoraMesher.cpp:754] printHeaderPacket(): [LoRaMesher] Packet send -- Size: 24 Src: B3F0 Dst: FFFF Id: 63 Type: 4 Via: 0 Seq_Id: 0 Num: 0
17:12:31.543 > [1089340][V][LoraMesher.cpp:575] sendPackets(): [LoRaMesher] TimeOnAir 78 ms, next message in 0 ms
17:12:31.553 > [1089348][I][PacketQueueService.h:80] deleteQueuePacketAndPacket(): [LoRaMesher] Deleting packet
17:12:31.561 > [1089357][I][PacketQueueService.h:83] deleteQueuePacketAndPacket(): [LoRaMesher] Deleting packet queue
17:12:32.669 > [1090466][V][LoraMesher.cpp:378] receivingRoutine(): [LoRaMesher] Stack space unused after entering the task: 2028
17:12:32.680 > [1090476][V][LoraMesher.cpp:379] receivingRoutine(): [LoRaMesher] Free heap: 336876
17:12:32.688 > [1090484][I][PacketService.cpp:12] createEmptyPacket(): [LoRaMesher] Packet created with 24 bytes
17:12:32.697 > [1090492][I][LoraMesher.cpp:392] receivingRoutine(): [LoRaMesher] Receiving LoRa packet: Size: 24 bytes RSSI: -20 SNR: 13
17:12:32.708 > [1090504][V][LoraMesher.cpp:647] processPackets(): [LoRaMesher] Size of Received Packets Queue: 1
17:12:32.717 > [1090513][V][LoraMesher.cpp:754] printHeaderPacket(): [LoRaMesher] Packet received -- Size: 24 Src: DE6C Dst: FFFF Id: 63 Type: 4 Via: 0 Seq_Id: 0 Num: 0
17:12:32.730 > [1090526][I][RoutingTableService.cpp:77] processRoute(): [LoRaMesher] Route packet from DE6C with size 4
17:12:32.739 > [1090535][I][RoutingTableService.cpp:99] resetReceiveSNRRoutePacket(): [LoRaMesher] Reset Receive SNR from DE6C: 13
17:12:32.750 > [1090546][I][RoutingTableService.cpp:192] printRoutingTable(): [LoRaMesher] Current routing table:
17:12:32.759 > [1090554][I][RoutingTableService.cpp:206] printRoutingTable(): [LoRaMesher] 0 - D110 via D110 metric 1 Role 1
17:12:32.768 > [1090564][I][RoutingTableService.cpp:206] printRoutingTable(): [LoRaMesher] 1 - F02C via F02C metric 1 Role 0
17:12:32.778 > [1090574][I][RoutingTableService.cpp:206] printRoutingTable(): [LoRaMesher] 2 - DE6C via DE6C metric 1 Role 0
17:12:32.788 > [1090584][I][RoutingTableService.cpp:206] printRoutingTable(): [LoRaMesher] 3 - C998 via C998 metric 1 Role 0
17:12:32.797 > [1090593][I][PacketQueueService.h:80] deleteQueuePacketAndPacket(): [LoRaMesher] Deleting packet
17:12:32.806 > [1090602][I][PacketQueueService.h:83] deleteQueuePacketAndPacket(): [LoRaMesher] Deleting packet queue
17:12:32.815 > [1090611][V][LoraMesher.cpp:641] processPackets(): [LoRaMesher] Stack space unused after entering the task: 2040
17:12:32.825 > [1090621][V][LoraMesher.cpp:642] processPackets(): [LoRaMesher] Free heap: 336876
17:12:33.204 > Send packet 54
17:12:33.206 > Sending packet to D110
17:12:33.208 > [1091001][V][LoraMesher.h:250] createPacketAndSend(): [LoRaMesher] Creating a packet for send with 8 bytes
17:12:33.217 > [1091013][V][PacketFactory.h:45] createPacket(): [LoRaMesher] Creating packet with 17 bytes
17:12:33.225 > [1091021][I][PacketFactory.h:74] createPacket(): [LoRaMesher] Packet created with 17 bytes
17:12:33.233 > [1091029][I][LoraMesher.h:659] setPackedForSend(): [LoRaMesher] Adding packet to Q_SP
17:12:33.241 > [1091037][I][LoraMesher.h:661] setPackedForSend(): [LoRaMesher] Created packet to Q_SP
17:12:33.249 > [1091045][I][LoraMesher.cpp:1061] addToSendOrderedAndNotify(): [LoRaMesher] Added packet to Q_SP, notifying sender task
17:12:33.259 > [1091055][V][LoraMesher.cpp:511] sendPackets(): [LoRaMesher] Stack space unused after entering the task: 1972
17:12:33.269 > [1091065][V][LoraMesher.cpp:512] sendPackets(): [LoRaMesher] Free heap: 336780
17:12:33.276 > [1091072][V][LoraMesher.cpp:518] sendPackets(): [LoRaMesher] Size of Send Packets Queue: 1
17:12:33.284 > [1091080][V][LoraMesher.cpp:525] sendPackets(): [LoRaMesher] Send n. 64
17:12:33.291 > [1091087][V][LoraMesher.cpp:455] waitBeforeSend(): [LoRaMesher] RandomDelay 642 ms
17:12:33.940 > [1091737][V][LoraMesher.cpp:754] printHeaderPacket(): [LoRaMesher] Packet send -- Size: 17 Src: B3F0 Dst: D110 Id: 64 Type: 2 Via: D110 Seq_Id: 0 Num: 0
17:12:34.030 > [1091827][V][LoraMesher.cpp:575] sendPackets(): [LoRaMesher] TimeOnAir 63 ms, next message in 0 ms
17:12:34.039 > [1091835][I][PacketQueueService.h:80] deleteQueuePacketAndPacket(): [LoRaMesher] Deleting packet
17:12:34.048 > [1091844][I][PacketQueueService.h:83] deleteQueuePacketAndPacket(): [LoRaMesher] Deleting packet queue
