16:54:45.857 > [  5859][I][WiFiService.cpp:18] init(): [LoRaMesher] Local LoRa address (from WiFi MAC)E: ( 5747D) gp1io: 1gpio0_isr
16:54:45.868 > dler_remove(482): GPIO isr service is not installed, call gpio_install_isr_service() first
16:54:45.876 > [  5873][V][LoraMesher.cpp:592] sendHelloPacket(): [LoRaMesher] Max routing nodes per packet: 23
16:54:45.884 > [  5887][V][[ L o5r8a8M7e]s[hVe]r[.Lcoprpa:M6e4s1h]e rp.rcopcpe:s6s9P4a]c kreotust(i)n:g T[aLbolReaMMaensahgeerr]( )S:t a[cLko RsaMash r]used[a 58r ][teacngspheetV]k:or40es
16:54:45.899 >  unused afteer.cpp:717]r entering t queueManaghe task: 244er(): [LoRa0
16:54:45.906 > Mesher] Stack space unused after entering the task: 2440
16:54:45.911 > [  5[9 1 35]9[1V3]][[LVo]r[aLMoersahMeers.hceprp.:c6p4p2:]6 9p5r]o creosustPiancgkTeatbsl(e)M:a n[aLgoeRra(M)e:s h[eLro]R aFMreese hr]p: 336168
16:54:45.923 >  Free heap: 336168
16:54:45.925 > [  5927][I][[R o u5t9i2n7g]T[aVb]l[LoraMesher.cepSpe:r7v1i8c]e .qcupepu:e2M1a6n]a gmearn(a)g:e T[iLmoeRoauMteRsohuetri]n gFTraebeleh):p[L33a1e8her] Checking routes timeout
16:54:45.940 > [  5943][V][Lora[M e s5h9e4r3.]c[pIp]:[7R2o4u]t iqnugeTuaebMlaenSaegrevri(c)e:. c[pLpo:R1a9M2e]s hperri]n tNRoo uptaicnkgeTtasb lte ):n[LoraMeseirv d
16:54:45.953 > rent routing table:
16:54:45.955 > Lora initialized
16:54:47.883 > [  7886][V][LoraMesher.cpp:598] sendHelloPacket(): [LoRaMesher] Creating Routing Packet
16:54:47.891 > [  7893][V][LoraMesher.cpp:599] sendHelloPacket(): [LoRaMesher] Stack space unused after entering the task: 2424
16:54:47.901 > [  7903][V][LoraMesher.cpp:600] sendHelloPacket(): [LoRaMesher] Free heap: 336168
16:54:47.908 > [  7911][V][PacketFactory.h:45] createPacket(): [LoRaMesher] Creating packet with 8 bytes
16:54:47.916 > [  7919][I][PacketFactory.h:74] createPacket(): [LoRaMesher] Packet created with 8 bytes
16:54:47.924 > [  7927][I][LoraMesher.h:659] setPackedForSend(): [LoRaMesher] Adding packet to Q_SP
16:54:47.932 > [  7934][I][LoraMesher.h:661] setPackedForSend(): [LoRaMesher] Created packet to Q_SP
16:54:47.939 > [  7942][I][LoraMesher.cpp:1061] addToSendOrderedAndNotify(): [LoRaMesher] Added packet to Q_SP, notifying sender task
16:54:47.950 > [  7952][V][LoraMesher.cpp:511] sendPackets(): [LoRaMesher] Stack space unused after entering the task: 2324
16:54:47.960 > [  7962][V][LoraMesher.cpp:512] sendPackets(): [LoRaMesher] Free heap: 336084
16:54:47.978 > [  7969][V][LoraMesher.cpp:518] sendPackets(): [LoRaMesher] Size of Send Packets Queue: 1
16:54:47.978 > [  7977][V][LoraMesher.cpp:525] sendPackets(): [LoRaMesher] Send n. 0
16:54:47.981 > [  7983][V][LoraMesher.cpp:754] printHeaderPacket(): [LoRaMesher] Packet send -- Size: 8 Src: D110 Dst: FFFF Id: 0 Type: 4 Via: 0 Seq_Id: 0 Num: 0
16:54:48.049 > [  8051][V][LoraMesher.cpp:575] sendPackets(): [LoRaMesher] TimeOnAir 42 ms, next message in 0 ms
16:54:48.058 > [  8060][I][PacketQueueService.h:80] deleteQueuePacketAndPacket(): [LoRaMesher] Deleting packet
16:54:48.066 > [  8068][I][PacketQueueService.h:83] deleteQueuePacketAndPacket(): [LoRaMesher] Deleting packet queue
16:54:48.909 > [  8911][V][LoraMesher.cpp:378] receivingRoutine(): [LoRaMesher] Stack space unused after entering the task: 2404
16:54:48.919 > [  8921][V][LoraMesher.cpp:379] receivingRoutine(): [LoRaMesher] Free heap: 336168
16:54:48.927 > [  8929][I][PacketService.cpp:12] createEmptyPacket(): [LoRaMesher] Packet created with 17 bytes
16:54:48.936 > [  8938][I][LoraMesher.cpp:392] receivingRoutine(): [LoRaMesher] Receiving LoRa packet: Size: 17 bytes RSSI: -10 SNR: 13
16:54:48.947 > [  8949][V][LoraMesher.cpp:647] processPackets(): [LoRaMesher] Size of Received Packets Queue: 1
16:54:48.955 > [  8958][V][LoraMesher.cpp:754] printHeaderPacket(): [LoRaMesher] Packet received -- Size: 17 Src: B3F0 Dst: D110 Id: 2 Type: 2 Via: D110 Seq_Id: 0 Num: 0
16:54:48.969 > [  8971][I][LoraMesher.cpp:854] processDataPacket(): [LoRaMesher] Data packet from B3F0, destination D110, via D110
16:54:48.979 > [  8982][V][LoraMesher.cpp:857] processDataPacket(): [LoRaMesher] Data packet from B3F0 for me
16:54:48.988 > [  8990][V][LoraMesher.cpp:893] processDataPacketForMe(): [LoRaMesher] Data Packet received
16:54:48.996 > [  8998][I][PacketQueueService.h:80] deleteQueuePacketAndPacket(): [LoRaMesher] Deleting packet
16:54:49.004 > [  9007][I][PacketQueueService.h:83] deleteQueuePacketAndPacket(): [LoRaMesher] Deleting packet queue
16:54:49.013 > [  9016][V][LoraMesher.cpp:641] processPackets(): [LoRaMesher] Stack space unused after entering the task: 2248
16:54:49.023 > [  9026][V][LoraMesher.cpp:642] processPackets(): [LoRaMesher] Free heap: 336108
16:54:49.128 > [  9131][V][LoraMesher.cpp:378] receivingRoutine(): [LoRaMesher] Stack space unused after entering the task: 2064
16:54:49.139 > [  9141][V][LoraMesher.cpp:379] receivingRoutine(): [LoRaMesher] Free heap: 336108
16:54:49.146 > [  9148][I][PacketService.cpp:12] createEmptyPacket(): [LoRaMesher] Packet created with 17 bytes
16:54:49.155 > [  9157][I][LoraMesher.cpp:392] receivingRoutine(): [LoRaMesher] Receiving LoRa packet: Size: 17 bytes RSSI: -30 SNR: 13
16:54:49.166 > [  9168][V][LoraMesher.cpp:647] processPackets(): [LoRaMesher] Size of Received Packets Queue: 1
16:54:49.175 > [  9177][V][LoraMesher.cpp:754] printHeaderPacket(): [LoRaMesher] Packet received -- Size: 17 Src: F02C Dst: D110 Id: 2 Type: 2 Via: D110 Seq_Id: 0 Num: 0
16:54:49.189 > [  9191][I][LoraMesher.cpp:854] processDataPacket(): [LoRaMesher] Data packet from F02C, destination D110, via D110
16:54:49.199 > ReceivedUserData_TaskHandle notify received
16:54:49.203 > Queue receiveUserData size: 1
16:54:49.205 > Packet arrived from B3F0 with size 8
16:54:49.208 > DATA:1 b3f0
16:54:49.209 > [  9212][V][LoraMesher.cpp:857] processDataPacket(): [LoRaMesher] Data packet from F02C for me
16:54:49.218 > [  9220][V][LoraMesher.cpp:893] processDataPacketForMe(): [LoRaMesher] Data Packet received
16:54:49.226 > [  9228][I][PacketQueueService.h:80] deleteQueuePacketAndPacket(): [LoRaMesher] Deleting packet
16:54:49.235 > [  9237][I][PacketQueueService.h:83] deleteQueuePacketAndPacket(): [LoRaMesher] Deleting packet queue
16:54:49.244 > [  9246][V][LoraMesher.cpp:641] processPackets(): [LoRaMesher] Stack space unused after entering the task: 2248
16:54:49.254 > [  9256][V][LoraMesher.cpp:642] processPackets(): [LoRaMesher] Free heap: 336108
16:54:49.358 > [  9361][V][LoraMesher.cpp:378] receivingRoutine(): [LoRaMesher] Stack space unused after entering the task: 2064
16:54:49.370 > [  9371][V][LoraMesher.cpp:379] receivingRoutine(): [LoRaMesher] Free heap: 336108
16:54:49.376 > [  9379][I][PacketService.cpp:12] createEmptyPacket(): [LoRaMesher] Packet created with 17 bytes
16:54:49.385 > [  9387][I][LoraMesher.cpp:392] receivingRoutine(): [LoRaMesher] Receiving LoRa packet: Size: 17 bytes RSSI: -22 SNR: 12
16:54:49.396 > [  9399][V][LoraMesher.cpp:647] processPackets(): [LoRaMesher] Size of Received Packets Queue: 1
16:54:49.405 > [  9407][V][LoraMesher.cpp:754] printHeaderPacket(): [LoRaMesher] Packet received -- Size: 17 Src: DE6C Dst: D110 Id: 2 Type: 2 Via: D110 Seq_Id: 0 Num: 0
16:54:49.419 > [  9421][I][LoraMesher.cpp:854] processDataPacket(): [LoRaMesher] Data packet from DE6C, destination D110, via D110
16:54:49.429 > ReceivedUserData_TaskHandle notify received
16:54:49.433 > Queue receiveUserData size: 1
16:54:49.435 > Packet arrived from F02C with size 8
16:54:49.438 > DATA:1 f02c
16:54:49.440 > [  9442][V][LoraMesher.cpp:857] processDataPacket(): [LoRaMesher] Data packet from DE6C for me
16:54:49.448 > [  9450][V][LoraMesher.cpp:893] processDataPacketForMe(): [LoRaMesher] Data Packet received
16:54:49.456 > [  9458][I][PacketQueueService.h:80] deleteQueuePacketAndPacket(): [LoRaMesher] Deleting packet
16:54:49.465 > [  9467][I][PacketQueueService.h:83] deleteQueuePacketAndPacket(): [LoRaMesher] Deleting packet queue
16:54:49.474 > [  9476][V][LoraMesher.cpp:641] processPackets(): [LoRaMesher] Stack space unused after entering the task: 2248
16:54:49.484 > [  9486][V][LoraMesher.cpp:642] processPackets(): [LoRaMesher] Free heap: 336108
16:54:49.655 > ReceivedUserData_TaskHandle notify received
16:54:49.659 > Queue receiveUserData size: 1
16:54:49.662 > Packet arrived from DE6C with size 8
16:54:49.665 > DATA:1 de6c
16:55:09.168 > [ 29170][V][LoraMesher.cpp:378] receivingRoutine(): [LoRaMesher] Stack space unused after entering the task: 2064
16:55:09.178 > [ 29180][V][LoraMesher.cpp:379] receivingRoutine(): [LoRaMesher] Free heap: 336168
16:55:09.186 > [ 29188][I][PacketService.cpp:12] createEmptyPacket(): [LoRaMesher] Packet created with 17 bytes
16:55:09.195 > [ 29196][I][LoraMesher.cpp:392] receivingRoutine(): [LoRaMesher] Receiving LoRa packet: Size: 17 bytes RSSI: -23 SNR: 13
16:55:09.206 > [ 29208][V][LoraMesher.cpp:647] processPackets(): [LoRaMesher] Size of Received Packets Queue: 1
16:55:09.215 > [ 29216][V][LoraMesher.cpp:754] printHeaderPacket(): [LoRaMesher] Packet received -- Size: 17 Src: DE6C Dst: D110 Id: 3 Type: 2 Via: D110 Seq_Id: 0 Num: 0
16:55:09.228 > [ 29230][I][LoraMesher.cpp:854] processDataPacket(): [LoRaMesher] Data packet from DE6C, destination D110, via D110
16:55:09.239 > [ 29240][V][LoraMesher.cpp:857] processDataPacket(): [LoRaMesher] Data packet from DE6C for me
16:55:09.247 > [ 29249][V][LoraMesher.cpp:893] processDataPacketForMe(): [LoRaMesher] Data Packet received
16:55:09.255 > [ 29257][I][PacketQueueService.h:80] deleteQueuePacketAndPacket(): [LoRaMesher] Deleting packet
16:55:09.264 > [ 29265][I][PacketQueueService.h:83] deleteQueuePacketAndPacket(): [LoRaMesher] Deleting packet queue
16:55:09.273 > [ 29274][V][LoraMesher.cpp:641] processPackets(): [LoRaMesher] Stack space unused after entering the task: 2248
16:55:09.283 > [ 29284][V][LoraMesher.cpp:642] processPackets(): [LoRaMesher] Free heap: 336108
16:55:09.339 > [ 29342][V][LoraMesher.cpp:378] receivingRoutine(): [LoRaMesher] Stack space unused after entering the task: 2064
16:55:09.350 > [ 29352][V][LoraMesher.cpp:379] receivingRoutine(): [LoRaMesher] Free heap: 336108
16:55:09.358 > [ 29359][I][PacketService.cpp:12] createEmptyPacket(): [LoRaMesher] Packet created with 17 bytes
16:55:09.367 > [ 29368][I][LoraMesher.cpp:392] receivingRoutine(): [LoRaMesher] Receiving LoRa packet: Size: 17 bytes RSSI: -27 SNR: 12
16:55:09.378 > [ 29379][V][LoraMesher.cpp:647] processPackets(): [LoRaMesher] Size of Received Packets Queue: 1
16:55:09.386 > [ 29388][V][LoraMesher.cpp:754] printHeaderPacket(): [LoRaMesher] Packet received -- Size: 17 Src: F02C Dst: D110 Id: 3 Type: 2 Via: D110 Seq_Id: 0 Num: 0
16:55:09.400 > [ 29402][I][LoraMesher.cpp:854] processDataPacket(): [LoRaMesher] Data packet from F02C, destination D110, via D110
16:55:09.410 > [ 29412][V][LoraMesher.cpp:857] processDataPacket(): [LoRaMesher] Data packet from F02C for me
16:55:09.419 > [ 29420][V][LoraMesher.cpp:893] processDataPacketForMe(): [LoRaMesher] Data Packet received
16:55:09.427 > [ 29429][I][PacketQueueService.h:80] deleteQueuePacketAndPacket(): [LoRaMesher] Deleting packet
16:55:09.435 > [ 29437][I][PacketQueueService.h:83] deleteQueuePacketAndPacket(): [LoRaMesher] Deleting packet queue
16:55:09.444 > [ 29446][V][LoraMesher.cpp:641] processPackets(): [LoRaMesher] Stack space unused after entering the task: 2104
16:55:09.454 > [ 29456][V][LoraMesher.cpp:642] processPackets(): [LoRaMesher] Free heap: 336048
16:55:09.461 > ReceivedUserData_TaskHandle notify received
16:55:09.465 > Queue receiveUserData size: 2
16:55:09.468 > Packet arrived from DE6C with size 8
16:55:09.471 > DATA:2 de6c
16:55:09.472 > ReceivedUserData_TaskHandle notify received
16:55:09.476 > Queue receiveUserData size: 1
16:55:09.479 > Packet arrived from F02C with size 8
16:55:09.482 > DATA:2 f02c
16:55:09.500 > [ 29502][V][LoraMesher.cpp:378] receivingRoutine(): [LoRaMesher] Stack space unused after entering the task: 2064
16:55:09.510 > [ 29512][V][LoraMesher.cpp:379] receivingRoutine(): [LoRaMesher] Free heap: 336168
16:55:09.518 > [ 29520][I][PacketService.cpp:12] createEmptyPacket(): [LoRaMesher] Packet created with 17 bytes
16:55:09.527 > [ 29528][I][LoraMesher.cpp:392] receivingRoutine(): [LoRaMesher] Receiving LoRa packet: Size: 17 bytes RSSI: -10 SNR: 13
16:55:09.538 > [ 29540][V][LoraMesher.cpp:647] processPackets(): [LoRaMesher] Size of Received Packets Queue: 1
16:55:09.547 > [ 29548][V][LoraMesher.cpp:754] printHeaderPacket(): [LoRaMesher] Packet received -- Size: 17 Src: B3F0 Dst: D110 Id: 3 Type: 2 Via: D110 Seq_Id: 0 Num: 0
16:55:09.560 > [ 29562][I][LoraMesher.cpp:854] processDataPacket(): [LoRaMesher] Data packet from B3F0, destination D110, via D110
16:55:09.571 > [ 29572][V][LoraMesher.cpp:857] processDataPacket(): [LoRaMesher] Data packet from B3F0 for me
16:55:09.579 > [ 29581][V][LoraMesher.cpp:893] processDataPacketForMe(): [LoRaMesher] Data Packet received
16:55:09.587 > [ 29589][I][PacketQueueService.h:80] deleteQueuePacketAndPacket(): [LoRaMesher] Deleting packet
16:55:09.596 > [ 29597][I][PacketQueueService.h:83] deleteQueuePacketAndPacket(): [LoRaMesher] Deleting packet queue
16:55:09.605 > [ 29606][V][LoraMesher.cpp:641] processPackets(): [LoRaMesher] Stack space unused after entering the task: 2104
16:55:09.615 > [ 29616][V][LoraMesher.cpp:642] processPackets(): [LoRaMesher] Free heap: 336108
16:55:09.786 > ReceivedUserData_TaskHandle notify received
16:55:09.791 > Queue receiveUserData size: 1
16:55:09.793 > Packet arrived from B3F0 with size 8
16:55:09.797 > DATA:2 b3f0
16:55:29.083 > [ 49085][V][LoraMesher.cpp:378] receivingRoutine(): [LoRaMesher] Stack space unused after entering the task: 2064
16:55:29.094 > [ 49096][V][LoraMesher.cpp:379] receivingRoutine(): [LoRaMesher] Free heap: 336168
16:55:29.101 > [ 49103][I][PacketService.cpp:12] createEmptyPacket(): [LoRaMesher] Packet created with 17 bytes
16:55:29.110 > [ 49112][I][LoraMesher.cpp:392] receivingRoutine(): [LoRaMesher] Receiving LoRa packet: Size: 17 bytes RSSI: -23 SNR: 13
16:55:29.122 > [ 49123][V][LoraMesher.cpp:647] processPackets(): [LoRaMesher] Size of Received Packets Queue: 1
16:55:29.130 > [ 49132][V][LoraMesher.cpp:754] printHeaderPacket(): [LoRaMesher] Packet received -- Size: 17 Src: DE6C Dst: D110 Id: 4 Type: 2 Via: D110 Seq_Id: 0 Num: 0
16:55:29.144 > [ 49146][I][LoraMesher.cpp:854] processDataPacket(): [LoRaMesher] Data packet from DE6C, destination D110, via D110
16:55:29.154 > [ 49156][V][LoraMesher.cpp:857] processDataPacket(): [LoRaMesher] Data packet from DE6C for me
16:55:29.162 > [ 49164][V][LoraMesher.cpp:893] processDataPacketForMe(): [LoRaMesher] Data Packet received
16:55:29.170 > [ 49172][I][PacketQueueService.h:80] deleteQueuePacketAndPacket(): [LoRaMesher] Deleting packet
16:55:29.179 > [ 49181][I][PacketQueueService.h:83] deleteQueuePacketAndPacket(): [LoRaMesher] Deleting packet queue
16:55:29.188 > [ 49190][V][LoraMesher.cpp:641] processPackets(): [LoRaMesher] Stack space unused after entering the task: 2104
16:55:29.198 > [ 49200][V][LoraMesher.cpp:642] processPackets(): [LoRaMesher] Free heap: 336108
16:55:29.369 > ReceivedUserData_TaskHandle notify received
16:55:29.373 > Queue receiveUserData size: 1
16:55:29.376 > Packet arrived from DE6C with size 8
16:55:29.379 > DATA:3 de6c
16:55:29.505 > [ 49507][V][LoraMesher.cpp:378] receivingRoutine(): [LoRaMesher] Stack space unused after entering the task: 2064
16:55:29.515 > [ 49517][V][LoraMesher.cpp:379] receivingRoutine(): [LoRaMesher] Free heap: 336168
16:55:29.523 > [ 49524][I][PacketService.cpp:12] createEmptyPacket(): [LoRaMesher] Packet created with 17 bytes
16:55:29.531 > [ 49533][I][LoraMesher.cpp:392] receivingRoutine(): [LoRaMesher] Receiving LoRa packet: Size: 17 bytes RSSI: -26 SNR: 14
16:55:29.542 > [ 49544][V][LoraMesher.cpp:647] processPackets(): [LoRaMesher] Size of Received Packets Queue: 1
16:55:29.551 > [ 49553][V][LoraMesher.cpp:754] printHeaderPacket(): [LoRaMesher] Packet received -- Size: 17 Src: F02C Dst: D110 Id: 4 Type: 2 Via: D110 Seq_Id: 0 Num: 0
16:55:29.565 > [ 49567][I][LoraMesher.cpp:854] processDataPacket(): [LoRaMesher] Data packet from F02C, destination D110, via D110
16:55:29.575 > [ 49577][V][LoraMesher.cpp:857] processDataPacket(): [LoRaMesher] Data packet from F02C for me
16:55:29.583 > [ 49585][V][LoraMesher.cpp:893] processDataPacketForMe(): [LoRaMesher] Data Packet received
16:55:29.592 > [ 49594][I][PacketQueueService.h:80] deleteQueuePacketAndPacket(): [LoRaMesher] Deleting packet
16:55:29.600 > [ 49602][I][PacketQueueService.h:83] deleteQueuePacketAndPacket(): [LoRaMesher] Deleting packet queue
16:55:29.609 > [ 49611][V][LoraMesher.cpp:641] processPackets(): [LoRaMesher] Stack space unused after entering the task: 2104
16:55:29.620 > [ 49621][V][LoraMesher.cpp:642] processPackets(): [LoRaMesher] Free heap: 336108
16:55:29.665 > [ 49667][V][LoraMesher.cpp:378] receivingRoutine(): [LoRaMesher] Stack space unused after entering the task: 2064
16:55:29.675 > [ 49677][V][LoraMesher.cpp:379] receivingRoutine(): [LoRaMesher] Free heap: 336108
16:55:29.683 > [ 49685][I][PacketService.cpp:12] createEmptyPacket(): [LoRaMesher] Packet created with 17 bytes
16:55:29.692 > [ 49694][I][LoraMesher.cpp:392] receivingRoutine(): [LoRaMesher] Receiving LoRa packet: Size: 17 bytes RSSI: -11 SNR: 13
16:55:29.703 > [ 49705][V][LoraMesher.cpp:647] processPackets(): [LoRaMesher] Size of Received Packets Queue: 1
16:55:29.712 > [ 49713][V][LoraMesher.cpp:754] printHeaderPacket(): [LoRaMesher] Packet received -- Size: 17 Src: B3F0 Dst: D110 Id: 4 Type: 2 Via: D110 Seq_Id: 0 Num: 0
16:55:29.725 > [ 49727][I][LoraMesher.cpp:854] processDataPacket(): [LoRaMesher] Data packet from B3F0, destination D110, via D110
16:55:29.735 > [ 49737][V][LoraMesher.cpp:857] processDataPacket(): [LoRaMesher] Data packet from B3F0 for me
16:55:29.744 > [ 49746][V][LoraMesher.cpp:893] processDataPacketForMe(): [LoRaMesher] Data Packet received
16:55:29.752 > [ 49754][I][PacketQueueService.h:80] deleteQueuePacketAndPacket(): [LoRaMesher] Deleting packet
16:55:29.760 > [ 49762][I][PacketQueueService.h:83] deleteQueuePacketAndPacket(): [LoRaMesher] Deleting packet queue
16:55:29.770 > [ 49771][V][LoraMesher.cpp:641] processPackets(): [LoRaMesher] Stack space unused after entering the task: 2024
16:55:29.779 > [ 49781][V][LoraMesher.cpp:642] processPackets(): [LoRaMesher] Free heap: 336048
16:55:29.792 > ReceivedUserData_TaskHandle notify received
16:55:29.795 > Queue receiveUserData size: 2
16:55:29.798 > Packet arrived from F02C with size 8
16:55:29.801 > DATA:3 f02c
16:55:29.802 > ReceivedUserData_TaskHandle notify received
16:55:29.806 > Queue receiveUserData size: 1
16:55:29.809 > Packet arrived from B3F0 with size 8
16:55:29.812 > DATA:3 b3f0
16:55:49.094 > [ 69096][V][LoraMesher.cpp:378] receivingRoutine(): [LoRaMesher] Stack space unused after entering the task: 2064
16:55:49.105 > [ 69106][V][LoraMesher.cpp:379] receivingRoutine(): [LoRaMesher] Free heap: 336168
16:55:49.112 > [ 69114][I][PacketService.cpp:12] createEmptyPacket(): [LoRaMesher] Packet created with 17 bytes
16:55:49.121 > [ 69123][I][LoraMesher.cpp:392] receivingRoutine(): [LoRaMesher] Receiving LoRa packet: Size: 17 bytes RSSI: -11 SNR: 13
16:55:49.132 > [ 69134][V][LoraMesher.cpp:647] processPackets(): [LoRaMesher] Size of Received Packets Queue: 1
16:55:49.141 > [ 69142][V][LoraMesher.cpp:754] printHeaderPacket(): [LoRaMesher] Packet received -- Size: 17 Src: B3F0 Dst: D110 Id: 5 Type: 2 Via: D110 Seq_Id: 0 Num: 0
16:55:49.155 > [ 69156][I][LoraMesher.cpp:854] processDataPacket(): [LoRaMesher] Data packet from B3F0, destination D110, via D110
16:55:49.165 > [ 69166][V][LoraMesher.cpp:857] processDataPacket(): [LoRaMesher] Data packet from B3F0 for me
16:55:49.173 > [ 69175][V][LoraMesher.cpp:893] processDataPacketForMe(): [LoRaMesher] Data Packet received
16:55:49.182 > [ 69183][I][PacketQueueService.h:80] deleteQueuePacketAndPacket(): [LoRaMesher] Deleting packet
16:55:49.190 > [ 69191][I][PacketQueueService.h:83] deleteQueuePacketAndPacket(): [LoRaMesher] Deleting packet queue
16:55:49.199 > [ 69200][V][LoraMesher.cpp:641] processPackets(): [LoRaMesher] Stack space unused after entering the task: 2024
16:55:49.209 > [ 69210][V][LoraMesher.cpp:642] processPackets(): [LoRaMesher] Free heap: 336108
16:55:49.288 > [ 69290][V][LoraMesher.cpp:378] receivingRoutine(): [LoRaMesher] Stack space unused after entering the task: 2064
16:55:49.299 > [ 69300][V][LoraMesher.cpp:379] receivingRoutine(): [LoRaMesher] Free heap: 336108
16:55:49.306 > [ 69307][I][PacketService.cpp:12] createEmptyPacket(): [LoRaMesher] Packet created with 17 bytes
16:55:49.315 > [ 69316][I][LoraMesher.cpp:392] receivingRoutine(): [LoRaMesher] Receiving LoRa packet: Size: 17 bytes RSSI: -23 SNR: 4
16:55:49.326 > [ 69327][V][LoraMesher.cpp:647] processPackets(): [LoRaMesher] Size of Received Packets Queue: 1
16:55:49.335 > [ 69336][V][LoraMesher.cpp:754] printHeaderPacket(): [LoRaMesher] Packet received -- Size: 17 Src: DE6C Dst: D110 Id: 5 Type: 2 Via: D110 Seq_Id: 0 Num: 0
16:55:49.348 > [ 69350][I][LoraMesher.cpp:854] processDataPacket(): [LoRaMesher] Data packet from DE6C, destination D110, via D110
16:55:49.359 > [ 69360][V][LoraMesher.cpp:857] processDataPacket(): [LoRaMesher] Data packet from DE6C for me
16:55:49.367 > [ 69368][V][LoraMesher.cpp:893] processDataPacketForMe(): [LoRaMesher] Data Packet received
16:55:49.375 > [ 69376][I][PacketQueueService.h:80] deleteQueuePacketAndPacket(): [LoRaMesher] Deleting packet
16:55:49.384 > ReceivedUserData_TaskHandle notify received
16:55:49.387 > Queue receiveUserData size: 2
16:55:49.390 > Packet arrived from B3F0 with size 8
16:55:49.393 > DATA:4 b3f0
16:55:49.394 > ReceivedUserData_TaskHandle notify received
16:55:49.398 > Queue receiveUserData size: 1
16:55:49.401 > Packet arrived from DE6C with size 8
16:55:49.404 > DATA:4 de6c
16:55:49.405 > [ 69406][I][PacketQueueService.h:83] deleteQueuePacketAndPacket(): [LoRaMesher] Deleting packet queue
16:55:49.414 > [ 69415][V][LoraMesher.cpp:641] processPackets(): [LoRaMesher] Stack space unused after entering the task: 2024
16:55:49.424 > [ 69425][V][LoraMesher.cpp:642] processPackets(): [LoRaMesher] Free heap: 336168
16:56:09.268 > [ 89269][V][LoraMesher.cpp:378] receivingRoutine(): [LoRaMesher] Stack space unused after entering the task: 2064
16:56:09.279 > [ 89279][V][LoraMesher.cpp:379] receivingRoutine(): [LoRaMesher] Free heap: 336168
16:56:09.286 > [ 89287][I][PacketService.cpp:12] createEmptyPacket(): [LoRaMesher] Packet created with 17 bytes
16:56:09.294 > [ 89295][I][LoraMesher.cpp:392] receivingRoutine(): [LoRaMesher] Receiving LoRa packet: Size: 17 bytes RSSI: -11 SNR: 12
16:56:09.305 > [ 89307][V][LoraMesher.cpp:647] processPackets(): [LoRaMesher] Size of Received Packets Queue: 1
16:56:09.314 > [ 89315][V][LoraMesher.cpp:754] printHeaderPacket(): [LoRaMesher] Packet received -- Size: 17 Src: B3F0 Dst: D110 Id: 6 Type: 2 Via: D110 Seq_Id: 0 Num: 0
16:56:09.327 > [ 89329][I][LoraMesher.cpp:854] processDataPacket(): [LoRaMesher] Data packet from B3F0, destination D110, via D110
16:56:09.339 > [ 89339][V][LoraMesher.cpp:857] processDataPacket(): [LoRaMesher] Data packet from B3F0 for me
16:56:09.347 > [ 89348][V][LoraMesher.cpp:893] processDataPacketForMe(): [LoRaMesher] Data Packet received
16:56:09.355 > [ 89356][I][PacketQueueService.h:80] deleteQueuePacketAndPacket(): [LoRaMesher] Deleting packet
16:56:09.363 > [ 89364][I][PacketQueueService.h:83] deleteQueuePacketAndPacket(): [LoRaMesher] Deleting packet queue
16:56:09.372 > [ 89373][V][LoraMesher.cpp:641] processPackets(): [LoRaMesher] Stack space unused after entering the task: 2024
16:56:09.382 > [ 89383][V][LoraMesher.cpp:642] processPackets(): [LoRaMesher] Free heap: 336108
16:56:09.554 > ReceivedUserData_TaskHandle notify received
16:56:09.559 > Queue receiveUserData size: 1
16:56:09.561 > Packet arrived from B3F0 with size 8
16:56:09.564 > DATA:5 b3f0
16:56:09.713 > [ 89715][V][LoraMesher.cpp:378] receivingRoutine(): [LoRaMesher] Stack space unused after entering the task: 2064
16:56:09.724 > [ 89725][V][LoraMesher.cpp:379] receivingRoutine(): [LoRaMesher] Free heap: 336168
16:56:09.731 > [ 89732][I][PacketService.cpp:12] createEmptyPacket(): [LoRaMesher] Packet created with 17 bytes
16:56:09.741 > [ 89741][I][LoraMesher.cpp:392] receivingRoutine(): [LoRaMesher] Receiving LoRa packet: Size: 17 bytes RSSI: -23 SNR: 3
16:56:09.752 > [ 89752][V][LoraMesher.cpp:647] processPackets(): [LoRaMesher] Size of Received Packets Queue: 1
16:56:09.760 > [ 89761][V][LoraMesher.cpp:754] printHeaderPacket(): [LoRaMesher] Packet received -- Size: 17 Src: DE6C Dst: D110 Id: 6 Type: 2 Via: D110 Seq_Id: 0 Num: 0
16:56:09.774 > [ 89775][I][LoraMesher.cpp:854] processDataPacket(): [LoRaMesher] Data packet from DE6C, destination D110, via D110
16:56:09.784 > [ 89785][V][LoraMesher.cpp:857] processDataPacket(): [LoRaMesher] Data packet from DE6C for me
16:56:09.793 > [ 89793][V][LoraMesher.cpp:893] processDataPacketForMe(): [LoRaMesher] Data Packet received
16:56:09.801 > [ 89802][I][PacketQueueService.h:80] deleteQueuePacketAndPacket(): [LoRaMesher] Deleting packet
16:56:09.809 > [ 89810][I][PacketQueueService.h:83] deleteQueuePacketAndPacket(): [LoRaMesher] Deleting packet queue
16:56:09.818 > [ 89819][V][LoraMesher.cpp:641] processPackets(): [LoRaMesher] Stack space unused after entering the task: 2024
16:56:09.828 > [ 89829][V][LoraMesher.cpp:642] processPackets(): [LoRaMesher] Free heap: 336108
16:56:10.000 > ReceivedUserData_TaskHandle notify received
16:56:10.005 > Queue receiveUserData size: 1
16:56:10.007 > Packet arrived from DE6C with size 8
16:56:10.010 > DATA:5 de6c
16:56:29.868 > [109869][V][LoraMesher.cpp:378] receivingRoutine(): [LoRaMesher] Stack space unused after entering the task: 2064
16:56:29.878 > [109879][V][LoraMesher.cpp:379] receivingRoutine(): [LoRaMesher] Free heap: 336168
16:56:29.886 > [109887][I][PacketService.cpp:12] createEmptyPacket(): [LoRaMesher] Packet created with 17 bytes
16:56:29.894 > [109895][I][LoraMesher.cpp:392] receivingRoutine(): [LoRaMesher] Receiving LoRa packet: Size: 17 bytes RSSI: -11 SNR: 13
16:56:29.906 > [109907][V][LoraMesher.cpp:647] processPackets(): [LoRaMesher] Size of Received Packets Queue: 1
16:56:29.914 > [109915][V][LoraMesher.cpp:754] printHeaderPacket(): [LoRaMesher] Packet received -- Size: 17 Src: B3F0 Dst: D110 Id: 7 Type: 2 Via: D110 Seq_Id: 0 Num: 0
16:56:29.928 > [109929][I][LoraMesher.cpp:854] processDataPacket(): [LoRaMesher] Data packet from B3F0, destination D110, via D110
16:56:29.938 > [109939][V][LoraMesher.cpp:857] processDataPacket(): [LoRaMesher] Data packet from B3F0 for me
16:56:29.947 > [109948][V][LoraMesher.cpp:893] processDataPacketForMe(): [LoRaMesher] Data Packet received
16:56:29.955 > [109956][I][PacketQueueService.h:80] deleteQueuePacketAndPacket(): [LoRaMesher] Deleting packet
16:56:29.963 > [109964][I][PacketQueueService.h:83] deleteQueuePacketAndPacket(): [LoRaMesher] Deleting packet queue
16:56:29.972 > [109973][V][LoraMesher.cpp:641] processPackets(): [LoRaMesher] Stack space unused after entering the task: 2024
16:56:29.982 > [109983][V][LoraMesher.cpp:642] processPackets(): [LoRaMesher] Free heap: 336108
16:56:30.154 > ReceivedUserData_TaskHandle notify received
16:56:30.158 > Queue receiveUserData size: 1
16:56:30.161 > Packet arrived from B3F0 with size 8
16:56:30.164 > DATA:6 b3f0
16:56:30.809 > [110810][V][LoraMesher.cpp:378] receivingRoutine(): [LoRaMesher] Stack space unused after entering the task: 2064
16:56:30.819 > [110820][V][LoraMesher.cpp:379] receivingRoutine(): [LoRaMesher] Free heap: 336168
16:56:30.827 > [110828][I][PacketService.cpp:12] createEmptyPacket(): [LoRaMesher] Packet created with 12 bytes
16:56:30.836 > [110837][I][LoraMesher.cpp:392] receivingRoutine(): [LoRaMesher] Receiving LoRa packet: Size: 12 bytes RSSI: -11 SNR: 13
16:56:30.847 > [110848][V][LoraMesher.cpp:647] processPackets(): [LoRaMesher] Size of Received Packets Queue: 1
16:56:30.856 > [110857][V][LoraMesher.cpp:754] printHeaderPacket(): [LoRaMesher] Packet received -- Size: 12 Src: B3F0 Dst: FFFF Id: 8 Type: 4 Via: 0 Seq_Id: 0 Num: 0
16:56:30.869 > [110870][I][RoutingTableService.cpp:77] processRoute(): [LoRaMesher] Route packet from B3F0 with size 1
16:56:30.878 > [110879][I][RoutingTableService.cpp:156] addNodeToRoutingTable(): [LoRaMesher] New route added: B3F0 via B3F0 metric 1, role 0
16:56:30.890 > [110891][I][RoutingTableService.cpp:99] resetReceiveSNRRoutePacket(): [LoRaMesher] Reset Receive SNR from B3F0: 13
16:56:30.900 > [110901][I][RoutingTableService.cpp:192] printRoutingTable(): [LoRaMesher] Current routing table:
16:56:30.908 > [110909][I][RoutingTableService.cpp:206] printRoutingTable(): [LoRaMesher] 0 - B3F0 via B3F0 metric 1 Role 0
16:56:30.918 > [110919][I][PacketQueueService.h:80] deleteQueuePacketAndPacket(): [LoRaMesher] Deleting packet
16:56:30.926 > [110927][I][PacketQueueService.h:83] deleteQueuePacketAndPacket(): [LoRaMesher] Deleting packet queue
16:56:30.936 > [110936][V][LoraMesher.cpp:641] processPackets(): [LoRaMesher] Stack space unused after entering the task: 2024
16:56:30.945 > [110946][V][LoraMesher.cpp:642] processPackets(): [LoRaMesher] Free heap: 336104
16:56:31.584 > [111586][V][LoraMesher.cpp:378] receivingRoutine(): [LoRaMesher] Stack space unused after entering the task: 2064
16:56:31.595 > [111596][V][LoraMesher.cpp:379] receivingRoutine(): [LoRaMesher] Free heap: 336104
16:56:31.602 > [111603][I][PacketService.cpp:12] createEmptyPacket(): [LoRaMesher] Packet created with 12 bytes
16:56:31.611 > [111612][I][LoraMesher.cpp:392] receivingRoutine(): [LoRaMesher] Receiving LoRa packet: Size: 12 bytes RSSI: -26 SNR: 13
16:56:31.622 > [111623][V][LoraMesher.cpp:647] processPackets(): [LoRaMesher] Size of Received Packets Queue: 1
16:56:31.631 > [111632][V][LoraMesher.cpp:754] printHeaderPacket(): [LoRaMesher] Packet received -- Size: 12 Src: F02C Dst: FFFF Id: 8 Type: 4 Via: 0 Seq_Id: 0 Num: 0
16:56:31.644 > [111645][I][RoutingTableService.cpp:77] processRoute(): [LoRaMesher] Route packet from F02C with size 1
16:56:31.654 > [111655][I][RoutingTableService.cpp:156] addNodeToRoutingTable(): [LoRaMesher] New route added: F02C via F02C metric 1, role 0
16:56:31.665 > [111666][I][RoutingTableService.cpp:99] resetReceiveSNRRoutePacket(): [LoRaMesher] Reset Receive SNR from F02C: 13
16:56:31.675 > [111676][I][RoutingTableService.cpp:192] printRoutingTable(): [LoRaMesher] Current routing table:
16:56:31.684 > [111685][I][RoutingTableService.cpp:206] printRoutingTable(): [LoRaMesher] 0 - B3F0 via B3F0 metric 1 Role 0
16:56:31.693 > [111694][I][RoutingTableService.cpp:206] printRoutingTable(): [LoRaMesher] 1 - F02C via F02C metric 1 Role 0
16:56:31.703 > [111704][I][PacketQueueService.h:80] deleteQueuePacketAndPacket(): [LoRaMesher] Deleting packet
16:56:31.711 > [111712][I][PacketQueueService.h:83] deleteQueuePacketAndPacket(): [LoRaMesher] Deleting packet queue
16:56:31.720 > [111721][V][LoraMesher.cpp:641] processPackets(): [LoRaMesher] Stack space unused after entering the task: 2024
16:56:31.730 > [111731][V][LoraMesher.cpp:642] processPackets(): [LoRaMesher] Free heap: 336040
16:56:32.966 > [112967][V][LoraMesher.cpp:378] receivingRoutine(): [LoRaMesher] Stack space unused after entering the task: 2064
16:56:32.976 > [112977][V][LoraMesher.cpp:379] receivingRoutine(): [LoRaMesher] Free heap: 336040
16:56:32.984 > [112985][I][PacketService.cpp:12] createEmptyPacket(): [LoRaMesher] Packet created with 12 bytes
16:56:32.993 > [112994][I][LoraMesher.cpp:392] receivingRoutine(): [LoRaMesher] Receiving LoRa packet: Size: 12 bytes RSSI: -23 SNR: 14
16:56:33.004 > [113005][V][LoraMesher.cpp:647] processPackets(): [LoRaMesher] Size of Received Packets Queue: 1
16:56:33.013 > [113014][V][LoraMesher.cpp:754] printHeaderPacket(): [LoRaMesher] Packet received -- Size: 12 Src: DE6C Dst: FFFF Id: 8 Type: 4 Via: 0 Seq_Id: 0 Num: 0
16:56:33.026 > [113027][I][RoutingTableService.cpp:77] processRoute(): [LoRaMesher] Route packet from DE6C with size 1
16:56:33.035 > [113036][I][RoutingTableService.cpp:156] addNodeToRoutingTable(): [LoRaMesher] New route added: DE6C via DE6C metric 1, role 0
16:56:33.046 > [113048][I][RoutingTableService.cpp:99] resetReceiveSNRRoutePacket(): [LoRaMesher] Reset Receive SNR from DE6C: 14
16:56:33.057 > [113058][I][RoutingTableService.cpp:192] printRoutingTable(): [LoRaMesher] Current routing table:
16:56:33.065 > [113066][I][RoutingTableService.cpp:206] printRoutingTable(): [LoRaMesher] 0 - B3F0 via B3F0 metric 1 Role 0
16:56:33.075 > [113076][I][RoutingTableService.cpp:206] printRoutingTable(): [LoRaMesher] 1 - F02C via F02C metric 1 Role 0
16:56:33.085 > [113086][I][RoutingTableService.cpp:206] printRoutingTable(): [LoRaMesher] 2 - DE6C via DE6C metric 1 Role 0
16:56:33.094 > [113095][I][PacketQueueService.h:80] deleteQueuePacketAndPacket(): [LoRaMesher] Deleting packet
16:56:33.103 > [113104][I][PacketQueueService.h:83] deleteQueuePacketAndPacket(): [LoRaMesher] Deleting packet queue
16:56:33.112 > [113113][V][LoraMesher.cpp:641] processPackets(): [LoRaMesher] Stack space unused after entering the task: 2024
16:56:33.122 > [113123][V][LoraMesher.cpp:642] processPackets(): [LoRaMesher] Free heap: 335976
16:56:47.951 > [127953][V][LoraMesher.cpp:598] sendHelloPacket(): [LoRaMesher] Creating Routing Packet
16:56:47.960 > [127960][V][LoraMesher.cpp:599] sendHelloPacket(): [LoRaMesher] Stack space unused after entering the task: 2328
16:56:47.970 > [127970][V][LoraMesher.cpp:600] sendHelloPacket(): [LoRaMesher] Free heap: 335976
16:56:47.977 > [127978][V][PacketFactory.h:45] createPacket(): [LoRaMesher] Creating packet with 20 bytes
16:56:47.985 > [127986][I][PacketFactory.h:74] createPacket(): [LoRaMesher] Packet created with 20 bytes
16:56:47.993 > [127994][I][LoraMesher.h:659] setPackedForSend(): [LoRaMesher] Adding packet to Q_SP
16:56:48.001 > [128001][I][LoraMesher.h:661] setPackedForSend(): [LoRaMesher] Created packet to Q_SP
16:56:48.008 > [128009][I][LoraMesher.cpp:1061] addToSendOrderedAndNotify(): [LoRaMesher] Added packet to Q_SP, notifying sender task
16:56:48.019 > [128019][V][LoraMesher.cpp:511] sendPackets(): [LoRaMesher] Stack space unused after entering the task: 2260
16:56:48.029 > [128029][V][LoraMesher.cpp:512] sendPackets(): [LoRaMesher] Free heap: 335880
16:56:48.036 > [128036][V][LoraMesher.cpp:518] sendPackets(): [LoRaMesher] Size of Send Packets Queue: 1
16:56:48.044 > [128044][V][LoraMesher.cpp:525] sendPackets(): [LoRaMesher] Send n. 1
16:56:48.050 > [128050][V][LoraMesher.cpp:455] waitBeforeSend(): [LoRaMesher] RandomDelay 961 ms
16:56:49.017 > [129018][V][LoraMesher.cpp:754] printHeaderPacket(): [LoRaMesher] Packet send -- Size: 20 Src: D110 Dst: FFFF Id: 1 Type: 4 Via: 0 Seq_Id: 0 Num: 0
16:56:49.113 > [129114][V][LoraMesher.cpp:575] sendPackets(): [LoRaMesher] TimeOnAir 70 ms, next message in 0 ms
16:56:49.123 > [129123][I][PacketQueueService.h:80] deleteQueuePacketAndPacket(): [LoRaMesher] Deleting packet
16:56:49.131 > [129132][I][PacketQueueService.h:83] deleteQueuePacketAndPacket(): [LoRaMesher] Deleting packet queue
16:56:50.408 > [130409][V][LoraMesher.cpp:378] receivingRoutine(): [LoRaMesher] Stack space unused after entering the task: 2064
16:56:50.419 > [130419][V][LoraMesher.cpp:379] receivingRoutine(): [LoRaMesher] Free heap: 335976
16:56:50.426 > [130427][I][PacketService.cpp:12] createEmptyPacket(): [LoRaMesher] Packet created with 17 bytes
16:56:50.435 > [130436][I][LoraMesher.cpp:392] receivingRoutine(): [LoRaMesher] Receiving LoRa packet: Size: 17 bytes RSSI: -25 SNR: 13
16:56:50.446 > [130447][V][LoraMesher.cpp:647] processPackets(): [LoRaMesher] Size of Received Packets Queue: 1
16:56:50.455 > [130455][V][LoraMesher.cpp:754] printHeaderPacket(): [LoRaMesher] Packet received -- Size: 17 Src: F02C Dst: D110 Id: 9 Type: 2 Via: D110 Seq_Id: 0 Num: 0
16:56:50.469 > [130469][I][LoraMesher.cpp:854] processDataPacket(): [LoRaMesher] Data packet from F02C, destination D110, via D110
16:56:50.479 > [130479][V][LoraMesher.cpp:857] processDataPacket(): [LoRaMesher] Data packet from F02C for me
16:56:50.487 > [130488][V][LoraMesher.cpp:893] processDataPacketForMe(): [LoRaMesher] Data Packet received
16:56:50.496 > [130496][I][PacketQueueService.h:80] deleteQueuePacketAndPacket(): [LoRaMesher] Deleting packet
16:56:50.504 > [130504][I][PacketQueueService.h:83] deleteQueuePacketAndPacket(): [LoRaMesher] Deleting packet queue
16:56:50.513 > [130513][V][LoraMesher.cpp:641] processPackets(): [LoRaMesher] Stack space unused after entering the task: 2024
16:56:50.523 > [130523][V][LoraMesher.cpp:642] processPackets(): [LoRaMesher] Free heap: 335916
16:56:50.694 > ReceivedUserData_TaskHandle notify received
16:56:50.699 > Queue receiveUserData size: 1
16:56:50.702 > Packet arrived from F02C with size 8
16:56:50.705 > DATA:7 f02c
16:56:51.152 > [131153][V][LoraMesher.cpp:378] receivingRoutine(): [LoRaMesher] Stack space unused after entering the task: 2064
16:56:51.162 > [131163][V][LoraMesher.cpp:379] receivingRoutine(): [LoRaMesher] Free heap: 335976
16:56:51.170 > [131170][I][PacketService.cpp:12] createEmptyPacket(): [LoRaMesher] Packet created with 17 bytes
16:56:51.179 > [131179][I][LoraMesher.cpp:392] receivingRoutine(): [LoRaMesher] Receiving LoRa packet: Size: 17 bytes RSSI: -11 SNR: 13
16:56:51.190 > [131190][V][LoraMesher.cpp:647] processPackets(): [LoRaMesher] Size of Received Packets Queue: 1
16:56:51.199 > [131199][V][LoraMesher.cpp:754] printHeaderPacket(): [LoRaMesher] Packet received -- Size: 17 Src: B3F0 Dst: D110 Id: 9 Type: 2 Via: D110 Seq_Id: 0 Num: 0
16:56:51.212 > [131213][I][LoraMesher.cpp:854] processDataPacket(): [LoRaMesher] Data packet from B3F0, destination D110, via D110
16:56:51.223 > [131223][V][LoraMesher.cpp:857] processDataPacket(): [LoRaMesher] Data packet from B3F0 for me
16:56:51.231 > [131231][V][LoraMesher.cpp:893] processDataPacketForMe(): [LoRaMesher] Data Packet received
16:56:51.239 > [131239][I][PacketQueueService.h:80] deleteQueuePacketAndPacket(): [LoRaMesher] Deleting packet
16:56:51.248 > [131248][I][PacketQueueService.h:83] deleteQueuePacketAndPacket(): [LoRaMesher] Deleting packet queue
16:56:51.257 > [131257][V][LoraMesher.cpp:641] processPackets(): [LoRaMesher] Stack space unused after entering the task: 2024
16:56:51.267 > [131267][V][LoraMesher.cpp:642] processPackets(): [LoRaMesher] Free heap: 335916
16:56:51.437 > ReceivedUserData_TaskHandle notify received
16:56:51.442 > Queue receiveUserData size: 1
16:56:51.445 > Packet arrived from B3F0 with size 8
16:56:51.448 > DATA:7 b3f0
16:56:51.831 > [131832][V][LoraMesher.cpp:378] receivingRoutine(): [LoRaMesher] Stack space unused after entering the task: 2064
16:56:51.842 > [131842][V][LoraMesher.cpp:379] receivingRoutine(): [LoRaMesher] Free heap: 335976
16:56:51.849 > [131849][I][PacketService.cpp:12] createEmptyPacket(): [LoRaMesher] Packet created with 17 bytes
16:56:51.858 > [131858][I][LoraMesher.cpp:392] receivingRoutine(): [LoRaMesher] Receiving LoRa packet: Size: 17 bytes RSSI: -23 SNR: 13
16:56:51.869 > [131869][V][LoraMesher.cpp:647] processPackets(): [LoRaMesher] Size of Received Packets Queue: 1
16:56:51.878 > [131878][V][LoraMesher.cpp:754] printHeaderPacket(): [LoRaMesher] Packet received -- Size: 17 Src: DE6C Dst: D110 Id: 9 Type: 2 Via: D110 Seq_Id: 0 Num: 0
16:56:51.891 > [131892][I][LoraMesher.cpp:854] processDataPacket(): [LoRaMesher] Data packet from DE6C, destination D110, via D110
16:56:51.902 > [131902][V][LoraMesher.cpp:857] processDataPacket(): [LoRaMesher] Data packet from DE6C for me
16:56:51.910 > [131910][V][LoraMesher.cpp:893] processDataPacketForMe(): [LoRaMesher] Data Packet received
16:56:51.918 > [131919][I][PacketQueueService.h:80] deleteQueuePacketAndPacket(): [LoRaMesher] Deleting packet
16:56:51.927 > [131927][I][PacketQueueService.h:83] deleteQueuePacketAndPacket(): [LoRaMesher] Deleting packet queue
16:56:51.936 > [131936][V][LoraMesher.cpp:641] processPackets(): [LoRaMesher] Stack space unused after entering the task: 2024
16:56:51.946 > [131946][V][LoraMesher.cpp:642] processPackets(): [LoRaMesher] Free heap: 335916
16:56:52.117 > ReceivedUserData_TaskHandle notify received
16:56:52.122 > Queue receiveUserData size: 1
16:56:52.125 > Packet arrived from DE6C with size 8
16:56:52.129 > DATA:7 de6c
16:57:09.897 > [149898][V][LoraMesher.cpp:378] receivingRoutine(): [LoRaMesher] Stack space unused after entering the task: 2064
16:57:09.907 > [149908][V][LoraMesher.cpp:379] receivingRoutine(): [LoRaMesher] Free heap: 335976
16:57:09.915 > [149916][I][PacketService.cpp:12] createEmptyPacket(): [LoRaMesher] Packet created with 17 bytes
16:57:09.924 > [149924][I][LoraMesher.cpp:392] receivingRoutine(): [LoRaMesher] Receiving LoRa packet: Size: 17 bytes RSSI: -23 SNR: 13
16:57:09.935 > [149936][V][LoraMesher.cpp:647] processPackets(): [LoRaMesher] Size of Received Packets Queue: 1
16:57:09.944 > [149944][V][LoraMesher.cpp:754] printHeaderPacket(): [LoRaMesher] Packet received -- Size: 17 Src: DE6C Dst: D110 Id: 10 Type: 2 Via: D110 Seq_Id: 0 Num: 0
16:57:09.957 > [149958][I][LoraMesher.cpp:854] processDataPacket(): [LoRaMesher] Data packet from DE6C, destination D110, via D110
16:57:09.968 > [149968][V][LoraMesher.cpp:857] processDataPacket(): [LoRaMesher] Data packet from DE6C for me
16:57:09.976 > [149977][V][LoraMesher.cpp:893] processDataPacketForMe(): [LoRaMesher] Data Packet received
16:57:09.984 > [149985][I][PacketQueueService.h:80] deleteQueuePacketAndPacket(): [LoRaMesher] Deleting packet
16:57:09.993 > [149993][I][PacketQueueService.h:83] deleteQueuePacketAndPacket(): [LoRaMesher] Deleting packet queue
16:57:10.002 > [150002][V][LoraMesher.cpp:641] processPackets(): [LoRaMesher] Stack space unused after entering the task: 2024
16:57:10.012 > [150012][V][LoraMesher.cpp:642] processPackets(): [LoRaMesher] Free heap: 335916
16:57:10.183 > ReceivedUserData_TaskHandle notify received
16:57:10.188 > Queue receiveUserData size: 1
16:57:10.190 > Packet arrived from DE6C with size 8
16:57:10.194 > DATA:8 de6c
16:57:10.570 > [150571][V][LoraMesher.cpp:378] receivingRoutine(): [LoRaMesher] Stack space unused after entering the task: 2064
16:57:10.581 > [150581][V][LoraMesher.cpp:379] receivingRoutine(): [LoRaMesher] Free heap: 335976
16:57:10.588 > [150589][I][PacketService.cpp:12] createEmptyPacket(): [LoRaMesher] Packet created with 17 bytes
16:57:10.597 > [150598][I][LoraMesher.cpp:392] receivingRoutine(): [LoRaMesher] Receiving LoRa packet: Size: 17 bytes RSSI: -26 SNR: 13
16:57:10.608 > [150609][V][LoraMesher.cpp:647] processPackets(): [LoRaMesher] Size of Received Packets Queue: 1
16:57:10.618 > [150617][V][LoraMesher.cpp:754] printHeaderPacket(): [LoRaMesher] Packet received -- Size: 17 Src: F02C Dst: D110 Id: 10 Type: 2 Via: D110 Seq_Id: 0 Num: 0
16:57:10.631 > [150631][I][LoraMesher.cpp:854] processDataPacket(): [LoRaMesher] Data packet from F02C, destination D110, via D110
16:57:10.641 > [150641][V][LoraMesher.cpp:857] processDataPacket(): [LoRaMesher] Data packet from F02C for me
16:57:10.649 > [150650][V][LoraMesher.cpp:893] processDataPacketForMe(): [LoRaMesher] Data Packet received
16:57:10.657 > [150658][I][PacketQueueService.h:80] deleteQueuePacketAndPacket(): [LoRaMesher] Deleting packet
16:57:10.666 > [150666][I][PacketQueueService.h:83] deleteQueuePacketAndPacket(): [LoRaMesher] Deleting packet queue
16:57:10.675 > [150675][V][LoraMesher.cpp:641] processPackets(): [LoRaMesher] Stack space unused after entering the task: 2024
16:57:10.685 > [150685][V][LoraMesher.cpp:642] processPackets(): [LoRaMesher] Free heap: 335916
16:57:10.856 > ReceivedUserData_TaskHandle notify received
16:57:10.861 > Queue receiveUserData size: 1
16:57:10.863 > Packet arrived from F02C with size 8
16:57:10.867 > DATA:8 f02c
16:57:12.001 > [152002][V][LoraMesher.cpp:378] receivingRoutine(): [LoRaMesher] Stack space unused after entering the task: 2064
16:57:12.011 > [152012][V][LoraMesher.cpp:379] receivingRoutine(): [LoRaMesher] Free heap: 335976
16:57:12.019 > [152019][I][PacketService.cpp:12] createEmptyPacket(): [LoRaMesher] Packet created with 17 bytes
16:57:12.027 > [152028][I][LoraMesher.cpp:392] receivingRoutine(): [LoRaMesher] Receiving LoRa packet: Size: 17 bytes RSSI: -10 SNR: 13
16:57:12.039 > [152039][V][LoraMesher.cpp:647] processPackets(): [LoRaMesher] Size of Received Packets Queue: 1
16:57:12.047 > [152048][V][LoraMesher.cpp:754] printHeaderPacket(): [LoRaMesher] Packet received -- Size: 17 Src: B3F0 Dst: D110 Id: 10 Type: 2 Via: D110 Seq_Id: 0 Num: 0
16:57:12.062 > [152062][I][LoraMesher.cpp:854] processDataPacket(): [LoRaMesher] Data packet from B3F0, destination D110, via D110
16:57:12.071 > [152072][V][LoraMesher.cpp:857] processDataPacket(): [LoRaMesher] Data packet from B3F0 for me
16:57:12.080 > [152080][V][LoraMesher.cpp:893] processDataPacketForMe(): [LoRaMesher] Data Packet received
16:57:12.088 > [152089][I][PacketQueueService.h:80] deleteQueuePacketAndPacket(): [LoRaMesher] Deleting packet
16:57:12.096 > [152097][I][PacketQueueService.h:83] deleteQueuePacketAndPacket(): [LoRaMesher] Deleting packet queue
16:57:12.105 > [152106][V][LoraMesher.cpp:641] processPackets(): [LoRaMesher] Stack space unused after entering the task: 2024
16:57:12.115 > [152116][V][LoraMesher.cpp:642] processPackets(): [LoRaMesher] Free heap: 335916
16:57:12.287 > ReceivedUserData_TaskHandle notify received
16:57:12.292 > Queue receiveUserData size: 1
16:57:12.294 > Packet arrived from B3F0 with size 8
16:57:12.297 > DATA:8 b3f0
16:57:30.105 > [170106][V][LoraMesher.cpp:378] receivingRoutine(): [LoRaMesher] Stack space unused after entering the task: 2064
16:57:30.116 > [170116][V][LoraMesher.cpp:379] receivingRoutine(): [LoRaMesher] Free heap: 335976
16:57:30.123 > [170123][I][PacketService.cpp:12] createEmptyPacket(): [LoRaMesher] Packet created with 17 bytes
16:57:30.132 > [170132][I][LoraMesher.cpp:392] receivingRoutine(): [LoRaMesher] Receiving LoRa packet: Size: 17 bytes RSSI: -11 SNR: 8
16:57:30.143 > [170143][V][LoraMesher.cpp:647] processPackets(): [LoRaMesher] Size of Received Packets Queue: 1
16:57:30.152 > [170152][V][LoraMesher.cpp:754] printHeaderPacket(): [LoRaMesher] Packet received -- Size: 17 Src: B3F0 Dst: D110 Id: 11 Type: 2 Via: D110 Seq_Id: 0 Num: 0
16:57:30.166 > [170166][I][LoraMesher.cpp:854] processDataPacket(): [LoRaMesher] Data packet from B3F0, destination D110, via D110
16:57:30.176 > [170176][V][LoraMesher.cpp:857] processDataPacket(): [LoRaMesher] Data packet from B3F0 for me
16:57:30.184 > [170184][V][LoraMesher.cpp:893] processDataPacketForMe(): [LoRaMesher] Data Packet received
16:57:30.193 > [170193][I][PacketQueueService.h:80] deleteQueuePacketAndPacket(): [LoRaMesher] Deleting packet
16:57:30.201 > [170201][I][PacketQueueService.h:83] deleteQueuePacketAndPacket(): [LoRaMesher] Deleting packet queue
16:57:30.210 > [170210][V][LoraMesher.cpp:641] processPackets(): [LoRaMesher] Stack space unused after entering the task: 2024
16:57:30.220 > [170220][V][LoraMesher.cpp:642] processPackets(): [LoRaMesher] Free heap: 335916
16:57:30.392 > ReceivedUserData_TaskHandle notify received
16:57:30.396 > Queue receiveUserData size: 1
16:57:30.399 > Packet arrived from B3F0 with size 8
16:57:30.402 > DATA:9 b3f0
16:57:30.739 > [170740][V][LoraMesher.cpp:378] receivingRoutine(): [LoRaMesher] Stack space unused after entering the task: 2064
16:57:30.750 > [170750][V][LoraMesher.cpp:379] receivingRoutine(): [LoRaMesher] Free heap: 335976
16:57:30.758 > [170758][I][PacketService.cpp:12] createEmptyPacket(): [LoRaMesher] Packet created with 17 bytes
16:57:30.767 > [170767][I][LoraMesher.cpp:392] receivingRoutine(): [LoRaMesher] Receiving LoRa packet: Size: 17 bytes RSSI: -26 SNR: 13
16:57:30.778 > [170778][V][LoraMesher.cpp:647] processPackets(): [LoRaMesher] Size of Received Packets Queue: 1
16:57:30.786 > [170786][V][LoraMesher.cpp:754] printHeaderPacket(): [LoRaMesher] Packet received -- Size: 17 Src: F02C Dst: D110 Id: 11 Type: 2 Via: D110 Seq_Id: 0 Num: 0
16:57:30.800 > [170800][I][LoraMesher.cpp:854] processDataPacket(): [LoRaMesher] Data packet from F02C, destination D110, via D110
16:57:30.810 > [170810][V][LoraMesher.cpp:857] processDataPacket(): [LoRaMesher] Data packet from F02C for me
16:57:30.819 > [170819][V][LoraMesher.cpp:893] processDataPacketForMe(): [LoRaMesher] Data Packet received
16:57:30.827 > [170827][I][PacketQueueService.h:80] deleteQueuePacketAndPacket(): [LoRaMesher] Deleting packet
16:57:30.835 > [170835][I][PacketQueueService.h:83] deleteQueuePacketAndPacket(): [LoRaMesher] Deleting packet queue
16:57:30.844 > [170844][V][LoraMesher.cpp:641] processPackets(): [LoRaMesher] Stack space unused after entering the task: 2024
16:57:30.854 > [170854][V][LoraMesher.cpp:642] processPackets(): [LoRaMesher] Free heap: 335916
16:57:31.026 > ReceivedUserData_TaskHandle notify received
16:57:31.030 > Queue receiveUserData size: 1
16:57:31.033 > Packet arrived from F02C with size 8
16:57:31.036 > DATA:9 f02c
16:57:49.833 > [189834][V][LoraMesher.cpp:378] receivingRoutine(): [LoRaMesher] Stack space unused after entering the task: 2064
16:57:49.844 > [189844][V][LoraMesher.cpp:379] receivingRoutine(): [LoRaMesher] Free heap: 335976
16:57:49.851 > [189852][I][PacketService.cpp:12] createEmptyPacket(): [LoRaMesher] Packet created with 17 bytes
16:57:49.860 > [189860][I][LoraMesher.cpp:392] receivingRoutine(): [LoRaMesher] Receiving LoRa packet: Size: 17 bytes RSSI: -22 SNR: 13
16:57:49.871 > [189872][V][LoraMesher.cpp:647] processPackets(): [LoRaMesher] Size of Received Packets Queue: 1
16:57:49.880 > [189880][V][LoraMesher.cpp:754] printHeaderPacket(): [LoRaMesher] Packet received -- Size: 17 Src: DE6C Dst: D110 Id: 12 Type: 2 Via: D110 Seq_Id: 0 Num: 0
16:57:49.894 > [189894][I][LoraMesher.cpp:854] processDataPacket(): [LoRaMesher] Data packet from DE6C, destination D110, via D110
16:57:49.904 > [189904][V][LoraMesher.cpp:857] processDataPacket(): [LoRaMesher] Data packet from DE6C for me
16:57:49.912 > [189913][V][LoraMesher.cpp:893] processDataPacketForMe(): [LoRaMesher] Data Packet received
16:57:49.921 > [189921][I][PacketQueueService.h:80] deleteQueuePacketAndPacket(): [LoRaMesher] Deleting packet
16:57:49.929 > [189929][I][PacketQueueService.h:83] deleteQueuePacketAndPacket(): [LoRaMesher] Deleting packet queue
16:57:49.938 > [189938][V][LoraMesher.cpp:641] processPackets(): [LoRaMesher] Stack space unused after entering the task: 2024
16:57:49.948 > [189948][V][LoraMesher.cpp:642] processPackets(): [LoRaMesher] Free heap: 335916
16:57:50.120 > ReceivedUserData_TaskHandle notify received
16:57:50.124 > Queue receiveUserData size: 1
16:57:50.127 > Packet arrived from DE6C with size 8
16:57:50.130 > DATA:10 de6c
16:57:51.227 > [191227][V][LoraMesher.cpp:378] receivingRoutine(): [LoRaMesher] Stack space unused after entering the task: 2064
16:57:51.237 > [191238][V][LoraMesher.cpp:379] receivingRoutine(): [LoRaMesher] Free heap: 335976
16:57:51.245 > [191245][I][PacketService.cpp:12] createEmptyPacket(): [LoRaMesher] Packet created with 17 bytes
16:57:51.254 > [191254][I][LoraMesher.cpp:392] receivingRoutine(): [LoRaMesher] Receiving LoRa packet: Size: 17 bytes RSSI: -11 SNR: 14
16:57:51.265 > [191265][V][LoraMesher.cpp:647] processPackets(): [LoRaMesher] Size of Received Packets Queue: 1
16:57:51.274 > [191274][V][LoraMesher.cpp:754] printHeaderPacket(): [LoRaMesher] Packet received -- Size: 17 Src: B3F0 Dst: D110 Id: 12 Type: 2 Via: D110 Seq_Id: 0 Num: 0
16:57:51.287 > [191288][I][LoraMesher.cpp:854] processDataPacket(): [LoRaMesher] Data packet from B3F0, destination D110, via D110
16:57:51.297 > [191298][V][LoraMesher.cpp:857] processDataPacket(): [LoRaMesher] Data packet from B3F0 for me
16:57:51.306 > [191306][V][LoraMesher.cpp:893] processDataPacketForMe(): [LoRaMesher] Data Packet received
16:57:51.314 > [191314][I][PacketQueueService.h:80] deleteQueuePacketAndPacket(): [LoRaMesher] Deleting packet
16:57:51.323 > [191323][I][PacketQueueService.h:83] deleteQueuePacketAndPacket(): [LoRaMesher] Deleting packet queue
16:57:51.333 > [191332][V][LoraMesher.cpp:641] processPackets(): [LoRaMesher] Stack space unused after entering the task: 2024
16:57:51.342 > [191342][V][LoraMesher.cpp:642] processPackets(): [LoRaMesher] Free heap: 335916
16:57:51.513 > ReceivedUserData_TaskHandle notify received
16:57:51.517 > Queue receiveUserData size: 1
16:57:51.520 > Packet arrived from B3F0 with size 8
16:57:51.523 > DATA:10 b3f0
16:57:51.799 > [191800][V][LoraMesher.cpp:378] receivingRoutine(): [LoRaMesher] Stack space unused after entering the task: 2064
16:57:51.810 > [191810][V][LoraMesher.cpp:379] receivingRoutine(): [LoRaMesher] Free heap: 335976
16:57:51.817 > [191818][I][PacketService.cpp:12] createEmptyPacket(): [LoRaMesher] Packet created with 17 bytes
16:57:51.826 > [191826][I][LoraMesher.cpp:392] receivingRoutine(): [LoRaMesher] Receiving LoRa packet: Size: 17 bytes RSSI: -26 SNR: 14
16:57:51.837 > [191838][V][LoraMesher.cpp:647] processPackets(): [LoRaMesher] Size of Received Packets Queue: 1
16:57:51.846 > [191846][V][LoraMesher.cpp:754] printHeaderPacket(): [LoRaMesher] Packet received -- Size: 17 Src: F02C Dst: D110 Id: 12 Type: 2 Via: D110 Seq_Id: 0 Num: 0
16:57:51.860 > [191860][I][LoraMesher.cpp:854] processDataPacket(): [LoRaMesher] Data packet from F02C, destination D110, via D110
16:57:51.870 > [191870][V][LoraMesher.cpp:857] processDataPacket(): [LoRaMesher] Data packet from F02C for me
16:57:51.878 > [191879][V][LoraMesher.cpp:893] processDataPacketForMe(): [LoRaMesher] Data Packet received
16:57:51.887 > [191887][I][PacketQueueService.h:80] deleteQueuePacketAndPacket(): [LoRaMesher] Deleting packet
16:57:51.895 > [191895][I][PacketQueueService.h:83] deleteQueuePacketAndPacket(): [LoRaMesher] Deleting packet queue
16:57:51.904 > [191904][V][LoraMesher.cpp:641] processPackets(): [LoRaMesher] Stack space unused after entering the task: 2024
16:57:51.914 > [191914][V][LoraMesher.cpp:642] processPackets(): [LoRaMesher] Free heap: 335916
16:57:52.086 > ReceivedUserData_TaskHandle notify received
16:57:52.090 > Queue receiveUserData size: 1
16:57:52.093 > Packet arrived from F02C with size 8
16:57:52.096 > DATA:10 f02c
16:58:09.856 > [209857][V][LoraMesher.cpp:378] receivingRoutine(): [LoRaMesher] Stack space unused after entering the task: 2064
16:58:09.867 > [209867][V][LoraMesher.cpp:379] receivingRoutine(): [LoRaMesher] Free heap: 335976
16:58:09.874 > [209874][I][PacketService.cpp:12] createEmptyPacket(): [LoRaMesher] Packet created with 17 bytes
16:58:09.883 > [209883][I][LoraMesher.cpp:392] receivingRoutine(): [LoRaMesher] Receiving LoRa packet: Size: 17 bytes RSSI: -10 SNR: 8
16:58:09.894 > [209894][V][LoraMesher.cpp:647] processPackets(): [LoRaMesher] Size of Received Packets Queue: 1
16:58:09.902 > [209903][V][LoraMesher.cpp:754] printHeaderPacket(): [LoRaMesher] Packet received -- Size: 17 Src: B3F0 Dst: D110 Id: 13 Type: 2 Via: D110 Seq_Id: 0 Num: 0
16:58:09.916 > [209917][I][LoraMesher.cpp:854] processDataPacket(): [LoRaMesher] Data packet from B3F0, destination D110, via D110
16:58:09.927 > [209927][V][LoraMesher.cpp:857] processDataPacket(): [LoRaMesher] Data packet from B3F0 for me
16:58:09.935 > [209935][V][LoraMesher.cpp:893] processDataPacketForMe(): [LoRaMesher] Data Packet received
16:58:09.944 > [209943][I][PacketQueueService.h:80] deleteQueuePacketAndPacket(): [LoRaMesher] Deleting packet
16:58:09.951 > [209952][I][PacketQueueService.h:83] deleteQueuePacketAndPacket(): [LoRaMesher] Deleting packet queue
16:58:09.961 > [209961][V][LoraMesher.cpp:641] processPackets(): [LoRaMesher] Stack space unused after entering the task: 2024
16:58:09.970 > [209971][V][LoraMesher.cpp:642] processPackets(): [LoRaMesher] Free heap: 335916
16:58:10.142 > ReceivedUserData_TaskHandle notify received
16:58:10.147 > Queue receiveUserData size: 1
16:58:10.148 > Packet arrived from B3F0 with size 8
16:58:10.152 > DATA:11 b3f0
16:58:10.749 > [210750][V][LoraMesher.cpp:378] receivingRoutine(): [LoRaMesher] Stack space unused after entering the task: 2064
16:58:10.760 > [210760][V][LoraMesher.cpp:379] receivingRoutine(): [LoRaMesher] Free heap: 335976
16:58:10.768 > [210768][I][PacketService.cpp:12] createEmptyPacket(): [LoRaMesher] Packet created with 17 bytes
16:58:10.777 > [210776][I][LoraMesher.cpp:392] receivingRoutine(): [LoRaMesher] Receiving LoRa packet: Size: 17 bytes RSSI: -24 SNR: 13
16:58:10.787 > [210788][V][LoraMesher.cpp:647] processPackets(): [LoRaMesher] Size of Received Packets Queue: 1
16:58:10.796 > [210796][V][LoraMesher.cpp:754] printHeaderPacket(): [LoRaMesher] Packet received -- Size: 17 Src: F02C Dst: D110 Id: 13 Type: 2 Via: D110 Seq_Id: 0 Num: 0
16:58:10.810 > [210810][I][LoraMesher.cpp:854] processDataPacket(): [LoRaMesher] Data packet from F02C, destination D110, via D110
16:58:10.820 > [210820][V][LoraMesher.cpp:857] processDataPacket(): [LoRaMesher] Data packet from F02C for me
16:58:10.829 > [210829][V][LoraMesher.cpp:893] processDataPacketForMe(): [LoRaMesher] Data Packet received
16:58:10.837 > [210837][I][PacketQueueService.h:80] deleteQueuePacketAndPacket(): [LoRaMesher] Deleting packet
16:58:10.846 > [210845][I][PacketQueueService.h:83] deleteQueuePacketAndPacket(): [LoRaMesher] Deleting packet queue
16:58:10.855 > [210854][V][LoraMesher.cpp:641] processPackets(): [LoRaMesher] Stack space unused after entering the task: 2024
16:58:10.865 > [210864][V][LoraMesher.cpp:642] processPackets(): [LoRaMesher] Free heap: 335916
16:58:11.036 > ReceivedUserData_TaskHandle notify received
16:58:11.040 > Queue receiveUserData size: 1
16:58:11.043 > Packet arrived from F02C with size 8
16:58:11.046 > DATA:11 f02c
16:58:29.872 > [229872][V][LoraMesher.cpp:378] receivingRoutine(): [LoRaMesher] Stack space unused after entering the task: 2064
16:58:29.883 > [229883][V][LoraMesher.cpp:379] receivingRoutine(): [LoRaMesher] Free heap: 335976
16:58:29.890 > [229890][I][PacketService.cpp:12] createEmptyPacket(): [LoRaMesher] Packet created with 17 bytes
16:58:29.899 > [229899][I][LoraMesher.cpp:392] receivingRoutine(): [LoRaMesher] Receiving LoRa packet: Size: 17 bytes RSSI: -10 SNR: 13
16:58:29.910 > [229910][V][LoraMesher.cpp:647] processPackets(): [LoRaMesher] Size of Received Packets Queue: 1
16:58:29.919 > [229919][V][LoraMesher.cpp:754] printHeaderPacket(): [LoRaMesher] Packet received -- Size: 17 Src: B3F0 Dst: D110 Id: 14 Type: 2 Via: D110 Seq_Id: 0 Num: 0
16:58:29.933 > [229933][I][LoraMesher.cpp:854] processDataPacket(): [LoRaMesher] Data packet from B3F0, destination D110, via D110
16:58:29.943 > [229943][V][LoraMesher.cpp:857] processDataPacket(): [LoRaMesher] Data packet from B3F0 for me
16:58:29.951 > [229951][V][LoraMesher.cpp:893] processDataPacketForMe(): [LoRaMesher] Data Packet received
16:58:29.959 > [229959][I][PacketQueueService.h:80] deleteQueuePacketAndPacket(): [LoRaMesher] Deleting packet
16:58:29.968 > [229968][I][PacketQueueService.h:83] deleteQueuePacketAndPacket(): [LoRaMesher] Deleting packet queue
16:58:29.977 > [229977][V][LoraMesher.cpp:641] processPackets(): [LoRaMesher] Stack space unused after entering the task: 2024
16:58:29.987 > [229987][V][LoraMesher.cpp:642] processPackets(): [LoRaMesher] Free heap: 335916
16:58:30.158 > ReceivedUserData_TaskHandle notify received
16:58:30.162 > Queue receiveUserData size: 1
16:58:30.165 > Packet arrived from B3F0 with size 8
16:58:30.168 > DATA:12 b3f0
16:58:30.342 > [230342][V][LoraMesher.cpp:378] receivingRoutine(): [LoRaMesher] Stack space unused after entering the task: 2064
16:58:30.352 > [230352][V][LoraMesher.cpp:379] receivingRoutine(): [LoRaMesher] Free heap: 335976
16:58:30.360 > [230360][I][PacketService.cpp:12] createEmptyPacket(): [LoRaMesher] Packet created with 17 bytes
16:58:30.369 > [230369][I][LoraMesher.cpp:392] receivingRoutine(): [LoRaMesher] Receiving LoRa packet: Size: 17 bytes RSSI: -21 SNR: 13
16:58:30.380 > [230380][V][LoraMesher.cpp:647] processPackets(): [LoRaMesher] Size of Received Packets Queue: 1
16:58:30.388 > [230388][V][LoraMesher.cpp:754] printHeaderPacket(): [LoRaMesher] Packet received -- Size: 17 Src: DE6C Dst: D110 Id: 14 Type: 2 Via: D110 Seq_Id: 0 Num: 0
16:58:30.402 > [230402][I][LoraMesher.cpp:854] processDataPacket(): [LoRaMesher] Data packet from DE6C, destination D110, via D110
16:58:30.412 > [230412][V][LoraMesher.cpp:857] processDataPacket(): [LoRaMesher] Data packet from DE6C for me
16:58:30.421 > [230421][V][LoraMesher.cpp:893] processDataPacketForMe(): [LoRaMesher] Data Packet received
16:58:30.429 > [230429][I][PacketQueueService.h:80] deleteQueuePacketAndPacket(): [LoRaMesher] Deleting packet
16:58:30.437 > [230437][I][PacketQueueService.h:83] deleteQueuePacketAndPacket(): [LoRaMesher] Deleting packet queue
16:58:30.447 > [230446][V][LoraMesher.cpp:641] processPackets(): [LoRaMesher] Stack space unused after entering the task: 2024
16:58:30.456 > [230456][V][LoraMesher.cpp:642] processPackets(): [LoRaMesher] Free heap: 335916
16:58:30.628 > ReceivedUserData_TaskHandle notify received
16:58:30.632 > Queue receiveUserData size: 1
16:58:30.635 > Packet arrived from DE6C with size 8
16:58:30.638 > DATA:12 de6c
16:58:31.329 > [231329][V][LoraMesher.cpp:378] receivingRoutine(): [LoRaMesher] Stack space unused after entering the task: 2064
16:58:31.339 > [231339][V][LoraMesher.cpp:379] receivingRoutine(): [LoRaMesher] Free heap: 335976
16:58:31.347 > [231347][I][PacketService.cpp:12] createEmptyPacket(): [LoRaMesher] Packet created with 20 bytes
16:58:31.356 > [231356][I][LoraMesher.cpp:392] receivingRoutine(): [LoRaMesher] Receiving LoRa packet: Size: 20 bytes RSSI: -10 SNR: 12
16:58:31.367 > [231367][V][LoraMesher.cpp:647] processPackets(): [LoRaMesher] Size of Received Packets Queue: 1
16:58:31.376 > [231376][V][LoraMesher.cpp:754] printHeaderPacket(): [LoRaMesher] Packet received -- Size: 20 Src: B3F0 Dst: FFFF Id: 15 Type: 4 Via: 0 Seq_Id: 0 Num: 0
16:58:31.389 > [231389][I][RoutingTableService.cpp:77] processRoute(): [LoRaMesher] Route packet from B3F0 with size 3
16:58:31.398 > [231398][I][RoutingTableService.cpp:99] resetReceiveSNRRoutePacket(): [LoRaMesher] Reset Receive SNR from B3F0: 12
16:58:31.408 > [231409][I][RoutingTableService.cpp:192] printRoutingTable(): [LoRaMesher] Current routing table:
16:58:31.417 > [231417][I][RoutingTableService.cpp:206] printRoutingTable(): [LoRaMesher] 0 - B3F0 via B3F0 metric 1 Role 0
16:58:31.427 > [231427][I][RoutingTableService.cpp:206] printRoutingTable(): [LoRaMesher] 1 - F02C via F02C metric 1 Role 0
16:58:31.436 > [231436][I][RoutingTableService.cpp:206] printRoutingTable(): [LoRaMesher] 2 - DE6C via DE6C metric 1 Role 0
16:58:31.446 > [231446][I][PacketQueueService.h:80] deleteQueuePacketAndPacket(): [LoRaMesher] Deleting packet
16:58:31.455 > [231455][I][PacketQueueService.h:83] deleteQueuePacketAndPacket(): [LoRaMesher] Deleting packet queue
16:58:31.464 > [231464][V][LoraMesher.cpp:641] processPackets(): [LoRaMesher] Stack space unused after entering the task: 2024
16:58:31.474 > [231474][V][LoraMesher.cpp:642] processPackets(): [LoRaMesher] Free heap: 335976
16:58:32.013 > [232014][V][LoraMesher.cpp:378] receivingRoutine(): [LoRaMesher] Stack space unused after entering the task: 2064
16:58:32.024 > [232024][V][LoraMesher.cpp:379] receivingRoutine(): [LoRaMesher] Free heap: 335976
16:58:32.031 > [232031][I][PacketService.cpp:12] createEmptyPacket(): [LoRaMesher] Packet created with 20 bytes
16:58:32.040 > [232040][I][LoraMesher.cpp:392] receivingRoutine(): [LoRaMesher] Receiving LoRa packet: Size: 20 bytes RSSI: -21 SNR: 13
16:58:32.051 > [232051][V][LoraMesher.cpp:647] processPackets(): [LoRaMesher] Size of Received Packets Queue: 1
16:58:32.060 > [232060][V][LoraMesher.cpp:754] printHeaderPacket(): [LoRaMesher] Packet received -- Size: 20 Src: DE6C Dst: FFFF Id: 15 Type: 4 Via: 0 Seq_Id: 0 Num: 0
16:58:32.074 > [232074][I][RoutingTableService.cpp:77] processRoute(): [LoRaMesher] Route packet from DE6C with size 3
16:58:32.083 > [232083][I][RoutingTableService.cpp:99] resetReceiveSNRRoutePacket(): [LoRaMesher] Reset Receive SNR from DE6C: 13
16:58:32.093 > [232093][I][RoutingTableService.cpp:192] printRoutingTable(): [LoRaMesher] Current routing table:
16:58:32.102 > [232102][I][RoutingTableService.cpp:206] printRoutingTable(): [LoRaMesher] 0 - B3F0 via B3F0 metric 1 Role 0
16:58:32.111 > [232111][I][RoutingTableService.cpp:206] printRoutingTable(): [LoRaMesher] 1 - F02C via F02C metric 1 Role 0
16:58:32.121 > [232121][I][RoutingTableService.cpp:206] printRoutingTable(): [LoRaMesher] 2 - DE6C via DE6C metric 1 Role 0
16:58:32.131 > [232131][I][PacketQueueService.h:80] deleteQueuePacketAndPacket(): [LoRaMesher] Deleting packet
16:58:32.139 > [232139][I][PacketQueueService.h:83] deleteQueuePacketAndPacket(): [LoRaMesher] Deleting packet queue
16:58:32.148 > [232148][V][LoraMesher.cpp:641] processPackets(): [LoRaMesher] Stack space unused after entering the task: 2024
16:58:32.158 > [232158][V][LoraMesher.cpp:642] processPackets(): [LoRaMesher] Free heap: 335976
16:58:33.113 > [233114][V][LoraMesher.cpp:378] receivingRoutine(): [LoRaMesher] Stack space unused after entering the task: 2064
16:58:33.124 > [233124][V][LoraMesher.cpp:379] receivingRoutine(): [LoRaMesher] Free heap: 335976
16:58:33.131 > [233132][I][PacketService.cpp:12] createEmptyPacket(): [LoRaMesher] Packet created with 20 bytes
16:58:33.140 > [233140][I][LoraMesher.cpp:392] receivingRoutine(): [LoRaMesher] Receiving LoRa packet: Size: 20 bytes RSSI: -24 SNR: 13
16:58:33.152 > [233151][V][LoraMesher.cpp:647] processPackets(): [LoRaMesher] Size of Received Packets Queue: 1
16:58:33.160 > [233160][V][LoraMesher.cpp:754] printHeaderPacket(): [LoRaMesher] Packet received -- Size: 20 Src: F02C Dst: FFFF Id: 15 Type: 4 Via: 0 Seq_Id: 0 Num: 0
16:58:33.174 > [233174][I][RoutingTableService.cpp:77] processRoute(): [LoRaMesher] Route packet from F02C with size 3
16:58:33.183 > [233183][I][RoutingTableService.cpp:99] resetReceiveSNRRoutePacket(): [LoRaMesher] Reset Receive SNR from F02C: 13
16:58:33.193 > [233193][I][RoutingTableService.cpp:192] printRoutingTable(): [LoRaMesher] Current routing table:
16:58:33.202 > [233202][I][RoutingTableService.cpp:206] printRoutingTable(): [LoRaMesher] 0 - B3F0 via B3F0 metric 1 Role 0
16:58:33.211 > [233211][I][RoutingTableService.cpp:206] printRoutingTable(): [LoRaMesher] 1 - F02C via F02C metric 1 Role 0
16:58:33.221 > [233221][I][RoutingTableService.cpp:206] printRoutingTable(): [LoRaMesher] 2 - DE6C via DE6C metric 1 Role 0
16:58:33.231 > [233231][I][PacketQueueService.h:80] deleteQueuePacketAndPacket(): [LoRaMesher] Deleting packet
16:58:33.239 > [233239][I][PacketQueueService.h:83] deleteQueuePacketAndPacket(): [LoRaMesher] Deleting packet queue
16:58:33.248 > [233248][V][LoraMesher.cpp:641] processPackets(): [LoRaMesher] Stack space unused after entering the task: 2024
16:58:33.258 > [233258][V][LoraMesher.cpp:642] processPackets(): [LoRaMesher] Free heap: 335976
16:58:43.943 > [243943][V][LoraMesher.cpp:378] receivingRoutine(): [LoRaMesher] Stack space unused after entering the task: 2064
16:58:43.953 > [243953][V][LoraMesher.cpp:379] receivingRoutine(): [LoRaMesher] Free heap: 335976
16:58:43.960 > [243961][I][PacketService.cpp:12] createEmptyPacket(): [LoRaMesher] Packet created with 17 bytes
16:58:43.969 > [243969][I][LoraMesher.cpp:392] receivingRoutine(): [LoRaMesher] Receiving LoRa packet: Size: 17 bytes RSSI: -76 SNR: 4
16:58:43.980 > [243981][V][LoraMesher.cpp:647] processPackets(): [LoRaMesher] Size of Received Packets Queue: 1
16:58:43.989 > [243989][V][LoraMesher.cpp:754] printHeaderPacket(): [LoRaMesher] Packet received -- Size: 17 Src: C998 Dst: FFFF Id: 0 Type: 2 Via: 5B5D Seq_Id: 0 Num: 0
16:58:44.003 > [244003][I][LoraMesher.cpp:854] processDataPacket(): [LoRaMesher] Data packet from C998, destination FFFF, via 5B5D
16:58:44.013 > [244013][V][LoraMesher.cpp:865] processDataPacket(): [LoRaMesher] Data packet from C998 BROADCAST
16:58:44.022 > [244022][V][LoraMesher.cpp:893] processDataPacketForMe(): [LoRaMesher] Data Packet received
16:58:44.030 > [244030][I][PacketQueueService.h:80] deleteQueuePacketAndPacket(): [LoRaMesher] Deleting packet
16:58:44.038 > [244038][I][PacketQueueService.h:83] deleteQueuePacketAndPacket(): [LoRaMesher] Deleting packet queue
16:58:44.047 > [244047][V][LoraMesher.cpp:641] processPackets(): [LoRaMesher] Stack space unused after entering the task: 2024
16:58:44.057 > [244057][V][LoraMesher.cpp:642] processPackets(): [LoRaMesher] Free heap: 335916
16:58:44.229 > ReceivedUserData_TaskHandle notify received
16:58:44.233 > Queue receiveUserData size: 1
16:58:44.237 > Packet arrived from C998 with size 8
16:58:44.239 > DATA:0 c998
16:58:45.861 > [245862][V][LoraMesher.cpp:378] receivingRoutine(): [LoRaMesher] Stack space unused after entering the task: 2064
16:58:45.872 > [245872][V][LoraMesher.cpp:379] receivingRoutine(): [LoRaMesher] Free heap: 335976
16:58:45.879 > [245879][I][PacketService.cpp:12] createEmptyPacket(): [LoRaMesher] Packet created with 8 bytes
16:58:45.888 > [245888][I][LoraMesher.cpp:392] receivingRoutine(): [LoRaMesher] Receiving LoRa packet: Size: 8 bytes RSSI: -76 SNR: 2
16:58:45.899 > [245899][V][LoraMesher.cpp:647] processPackets(): [LoRaMesher] Size of Received Packets Queue: 1
16:58:45.907 > [245908][V][LoraMesher.cpp:754] printHeaderPacket(): [LoRaMesher] Packet received -- Size: 8 Src: C998 Dst: FFFF Id: 1 Type: 4 Via: 0 Seq_Id: 0 Num: 0
16:58:45.922 > [245921][I][RoutingTableService.cpp:77] processRoute(): [LoRaMesher] Route packet from C998 with size 0
16:58:45.930 > [245930][I][RoutingTableService.cpp:156] addNodeToRoutingTable(): [LoRaMesher] New route added: C998 via C998 metric 1, role 0
16:58:45.941 > [245941][I][RoutingTableService.cpp:99] resetReceiveSNRRoutePacket(): [LoRaMesher] Reset Receive SNR from C998: 2
16:58:45.951 > [245951][I][RoutingTableService.cpp:192] printRoutingTable(): [LoRaMesher] Current routing table:
16:58:45.960 > [245960][I][RoutingTableService.cpp:206] printRoutingTable(): [LoRaMesher] 0 - B3F0 via B3F0 metric 1 Role 0
16:58:45.970 > [245970][I][RoutingTableService.cpp:206] printRoutingTable(): [LoRaMesher] 1 - F02C via F02C metric 1 Role 0
16:58:45.979 > [245979][I][RoutingTableService.cpp:206] printRoutingTable(): [LoRaMesher] 2 - DE6C via DE6C metric 1 Role 0
16:58:45.989 > [245989][I][RoutingTableService.cpp:206] printRoutingTable(): [LoRaMesher] 3 - C998 via C998 metric 1 Role 0
16:58:45.998 > [245999][I][PacketQueueService.h:80] deleteQueuePacketAndPacket(): [LoRaMesher] Deleting packet
16:58:46.007 > [246007][I][PacketQueueService.h:83] deleteQueuePacketAndPacket(): [LoRaMesher] Deleting packet queue
16:58:46.016 > [246016][V][LoraMesher.cpp:641] processPackets(): [LoRaMesher] Stack space unused after entering the task: 2024
16:58:46.026 > [246026][V][LoraMesher.cpp:642] processPackets(): [LoRaMesher] Free heap: 335912
16:58:48.019 > [248020][V][LoraMesher.cpp:598] sendHelloPacket(): [LoRaMesher] Creating Routing Packet
16:58:48.027 > [248027][V][LoraMesher.cpp:599] sendHelloPacket(): [LoRaMesher] Stack space unused after entering the task: 2328
16:58:48.037 > [248037][V][LoraMesher.cpp:600] sendHelloPacket(): [LoRaMesher] Free heap: 335912
16:58:48.044 > [248045][V][PacketFactory.h:45] createPacket(): [LoRaMesher] Creating packet with 24 bytes
16:58:48.052 > [248053][I][PacketFactory.h:74] createPacket(): [LoRaMesher] Packet created with 24 bytes
16:58:48.060 > [248061][I][LoraMesher.h:659] setPackedForSend(): [LoRaMesher] Adding packet to Q_SP
16:58:48.068 > [248068][I][LoraMesher.h:661] setPackedForSend(): [LoRaMesher] Created packet to Q_SP
16:58:48.076 > [248076][I][LoraMesher.cpp:1061] addToSendOrderedAndNotify(): [LoRaMesher] Added packet to Q_SP, notifying sender task
16:58:48.086 > [248086][V][LoraMesher.cpp:511] sendPackets(): [LoRaMesher] Stack space unused after entering the task: 2244
16:58:48.096 > [248096][V][LoraMesher.cpp:512] sendPackets(): [LoRaMesher] Free heap: 335804
16:58:48.103 > [248103][V][LoraMesher.cpp:518] sendPackets(): [LoRaMesher] Size of Send Packets Queue: 1
16:58:48.111 > [248111][V][LoraMesher.cpp:525] sendPackets(): [LoRaMesher] Send n. 2
16:58:48.117 > [248117][V][LoraMesher.cpp:455] waitBeforeSend(): [LoRaMesher] RandomDelay 726 ms
16:58:48.849 > [248850][V][LoraMesher.cpp:754] printHeaderPacket(): [LoRaMesher] Packet send -- Size: 24 Src: D110 Dst: FFFF Id: 2 Type: 4 Via: 0 Seq_Id: 0 Num: 0
16:58:48.953 > [248954][V][LoraMesher.cpp:575] sendPackets(): [LoRaMesher] TimeOnAir 78 ms, next message in 0 ms
16:58:48.962 > [248962][I][PacketQueueService.h:80] deleteQueuePacketAndPacket(): [LoRaMesher] Deleting packet
16:58:48.971 > [248971][I][PacketQueueService.h:83] deleteQueuePacketAndPacket(): [LoRaMesher] Deleting packet queue
16:58:49.936 > [249936][V][LoraMesher.cpp:378] receivingRoutine(): [LoRaMesher] Stack space unused after entering the task: 2064
16:58:49.946 > [249946][V][LoraMesher.cpp:379] receivingRoutine(): [LoRaMesher] Free heap: 335912
16:58:49.953 > [249954][I][PacketService.cpp:12] createEmptyPacket(): [LoRaMesher] Packet created with 17 bytes
16:58:49.963 > [249962][I][LoraMesher.cpp:392] receivingRoutine(): [LoRaMesher] Receiving LoRa packet: Size: 17 bytes RSSI: -11 SNR: 4
16:58:49.973 > [249974][W][LoraMesher.cpp:403] receivingRoutine(): [LoRaMesher] Reading packet data gave error: -7
16:58:50.944 > [250944][V][LoraMesher.cpp:378] receivingRoutine(): [LoRaMesher] Stack space unused after entering the task: 2064
16:58:50.954 > [250954][V][LoraMesher.cpp:379] receivingRoutine(): [LoRaMesher] Free heap: 335912
16:58:50.962 > [250962][I][PacketService.cpp:12] createEmptyPacket(): [LoRaMesher] Packet created with 17 bytes
16:58:50.970 > [250971][I][LoraMesher.cpp:392] receivingRoutine(): [LoRaMesher] Receiving LoRa packet: Size: 17 bytes RSSI: -21 SNR: 12
16:58:50.982 > [250982][V][LoraMesher.cpp:647] processPackets(): [LoRaMesher] Size of Received Packets Queue: 1
16:58:50.990 > [250991][V][LoraMesher.cpp:754] printHeaderPacket(): [LoRaMesher] Packet received -- Size: 17 Src: DE6C Dst: D110 Id: 16 Type: 2 Via: D110 Seq_Id: 0 Num: 0
16:58:51.004 > [251004][I][LoraMesher.cpp:854] processDataPacket(): [LoRaMesher] Data packet from DE6C, destination D110, via D110
16:58:51.014 > [251015][V][LoraMesher.cpp:857] processDataPacket(): [LoRaMesher] Data packet from DE6C for me
16:58:51.023 > [251023][V][LoraMesher.cpp:893] processDataPacketForMe(): [LoRaMesher] Data Packet received
16:58:51.031 > [251031][I][PacketQueueService.h:80] deleteQueuePacketAndPacket(): [LoRaMesher] Deleting packet
16:58:51.039 > [251040][I][PacketQueueService.h:83] deleteQueuePacketAndPacket(): [LoRaMesher] Deleting packet queue
16:58:51.048 > [251049][V][LoraMesher.cpp:641] processPackets(): [LoRaMesher] Stack space unused after entering the task: 2024
16:58:51.058 > [251059][V][LoraMesher.cpp:642] processPackets(): [LoRaMesher] Free heap: 335852
16:58:51.230 > ReceivedUserData_TaskHandle notify received
16:58:51.234 > Queue receiveUserData size: 1
16:58:51.237 > Packet arrived from DE6C with size 8
16:58:51.240 > DATA:13 de6c
16:59:04.596 > [264597][V][LoraMesher.cpp:378] receivingRoutine(): [LoRaMesher] Stack space unused after entering the task: 2064
16:59:04.607 > [264607][V][LoraMesher.cpp:379] receivingRoutine(): [LoRaMesher] Free heap: 335912
16:59:04.615 > [264614][I][PacketService.cpp:12] createEmptyPacket(): [LoRaMesher] Packet created with 17 bytes
16:59:04.623 > [264623][I][LoraMesher.cpp:392] receivingRoutine(): [LoRaMesher] Receiving LoRa packet: Size: 17 bytes RSSI: -73 SNR: 3
16:59:04.635 > [264634][V][LoraMesher.cpp:647] processPackets(): [LoRaMesher] Size of Received Packets Queue: 1
16:59:04.643 > [264643][V][LoraMesher.cpp:754] printHeaderPacket(): [LoRaMesher] Packet received -- Size: 17 Src: C998 Dst: D110 Id: 2 Type: 2 Via: D110 Seq_Id: 0 Num: 0
16:59:04.657 > [264656][I][LoraMesher.cpp:854] processDataPacket(): [LoRaMesher] Data packet from C998, destination D110, via D110
16:59:04.667 > [264667][V][LoraMesher.cpp:857] processDataPacket(): [LoRaMesher] Data packet from C998 for me
16:59:04.676 > [264675][V][LoraMesher.cpp:893] processDataPacketForMe(): [LoRaMesher] Data Packet received
16:59:04.684 > [264683][I][PacketQueueService.h:80] deleteQueuePacketAndPacket(): [LoRaMesher] Deleting packet
16:59:04.692 > [264692][I][PacketQueueService.h:83] deleteQueuePacketAndPacket(): [LoRaMesher] Deleting packet queue
16:59:04.701 > [264701][V][LoraMesher.cpp:641] processPackets(): [LoRaMesher] Stack space unused after entering the task: 2024
16:59:04.711 > [264711][V][LoraMesher.cpp:642] processPackets(): [LoRaMesher] Free heap: 335852
16:59:04.882 > ReceivedUserData_TaskHandle notify received
16:59:04.887 > Queue receiveUserData size: 1
16:59:04.889 > Packet arrived from C998 with size 8
16:59:04.893 > DATA:1 c998
16:59:10.508 > [270508][V][LoraMesher.cpp:378] receivingRoutine(): [LoRaMesher] Stack space unused after entering the task: 2064
16:59:10.518 > [270518][V][LoraMesher.cpp:379] receivingRoutine(): [LoRaMesher] Free heap: 335912
16:59:10.526 > [270526][I][PacketService.cpp:12] createEmptyPacket(): [LoRaMesher] Packet created with 17 bytes
16:59:10.535 > [270534][I][LoraMesher.cpp:392] receivingRoutine(): [LoRaMesher] Receiving LoRa packet: Size: 17 bytes RSSI: -26 SNR: 13
16:59:10.546 > [270546][V][LoraMesher.cpp:647] processPackets(): [LoRaMesher] Size of Received Packets Queue: 1
16:59:10.555 > [270554][V][LoraMesher.cpp:754] printHeaderPacket(): [LoRaMesher] Packet received -- Size: 17 Src: F02C Dst: D110 Id: 17 Type: 2 Via: D110 Seq_Id: 0 Num: 0
16:59:10.568 > [270568][I][LoraMesher.cpp:854] processDataPacket(): [LoRaMesher] Data packet from F02C, destination D110, via D110
16:59:10.579 > [270578][V][LoraMesher.cpp:857] processDataPacket(): [LoRaMesher] Data packet from F02C for me
16:59:10.587 > [270587][V][LoraMesher.cpp:893] processDataPacketForMe(): [LoRaMesher] Data Packet received
16:59:10.595 > [270595][I][PacketQueueService.h:80] deleteQueuePacketAndPacket(): [LoRaMesher] Deleting packet
16:59:10.604 > [270603][I][PacketQueueService.h:83] deleteQueuePacketAndPacket(): [LoRaMesher] Deleting packet queue
16:59:10.613 > [270612][V][LoraMesher.cpp:641] processPackets(): [LoRaMesher] Stack space unused after entering the task: 2024
16:59:10.623 > [270622][V][LoraMesher.cpp:642] processPackets(): [LoRaMesher] Free heap: 335852
16:59:10.794 > ReceivedUserData_TaskHandle notify received
16:59:10.799 > Queue receiveUserData size: 1
16:59:10.801 > Packet arrived from F02C with size 8
16:59:10.805 > DATA:14 f02c
16:59:11.556 > [271557][V][LoraMesher.cpp:378] receivingRoutine(): [LoRaMesher] Stack space unused after entering the task: 2064
16:59:11.567 > [271567][V][LoraMesher.cpp:379] receivingRoutine(): [LoRaMesher] Free heap: 335912
16:59:11.575 > [271574][I][PacketService.cpp:12] createEmptyPacket(): [LoRaMesher] Packet created with 17 bytes
16:59:11.584 > [271583][I][LoraMesher.cpp:392] receivingRoutine(): [LoRaMesher] Receiving LoRa packet: Size: 17 bytes RSSI: 0 SNR: 1
16:59:11.594 > [271594][W][LoraMesher.cpp:403] receivingRoutine(): [LoRaMesher] Reading packet data gave error: -7
16:59:24.824 > [284825][V][LoraMesher.cpp:378] receivingRoutine(): [LoRaMesher] Stack space unused after entering the task: 2064
16:59:24.835 > [284835][V][LoraMesher.cpp:379] receivingRoutine(): [LoRaMesher] Free heap: 335912
16:59:24.842 > [284842][I][PacketService.cpp:12] createEmptyPacket(): [LoRaMesher] Packet created with 17 bytes
16:59:24.851 > [284851][I][LoraMesher.cpp:392] receivingRoutine(): [LoRaMesher] Receiving LoRa packet: Size: 17 bytes RSSI: -76 SNR: 2
16:59:24.862 > [284862][V][LoraMesher.cpp:647] processPackets(): [LoRaMesher] Size of Received Packets Queue: 1
16:59:24.871 > [284871][V][LoraMesher.cpp:754] printHeaderPacket(): [LoRaMesher] Packet received -- Size: 17 Src: C998 Dst: D110 Id: 3 Type: 2 Via: D110 Seq_Id: 0 Num: 0
16:59:24.885 > [284884][I][LoraMesher.cpp:854] processDataPacket(): [LoRaMesher] Data packet from C998, destination D110, via D110
16:59:24.895 > [284895][V][LoraMesher.cpp:857] processDataPacket(): [LoRaMesher] Data packet from C998 for me
16:59:24.903 > [284903][V][LoraMesher.cpp:893] processDataPacketForMe(): [LoRaMesher] Data Packet received
16:59:24.911 > [284911][I][PacketQueueService.h:80] deleteQueuePacketAndPacket(): [LoRaMesher] Deleting packet
16:59:24.920 > [284920][I][PacketQueueService.h:83] deleteQueuePacketAndPacket(): [LoRaMesher] Deleting packet queue
16:59:24.929 > [284929][V][LoraMesher.cpp:641] processPackets(): [LoRaMesher] Stack space unused after entering the task: 2024
16:59:24.939 > [284939][V][LoraMesher.cpp:642] processPackets(): [LoRaMesher] Free heap: 335852
16:59:25.110 > ReceivedUserData_TaskHandle notify received
16:59:25.114 > Queue receiveUserData size: 1
16:59:25.117 > Packet arrived from C998 with size 8
16:59:25.120 > DATA:2 c998
16:59:30.156 > [290156][V][LoraMesher.cpp:378] receivingRoutine(): [LoRaMesher] Stack space unused after entering the task: 2064
16:59:30.167 > [290167][V][LoraMesher.cpp:379] receivingRoutine(): [LoRaMesher] Free heap: 335912
16:59:30.174 > [290174][I][PacketService.cpp:12] createEmptyPacket(): [LoRaMesher] Packet created with 17 bytes
16:59:30.183 > [290183][I][LoraMesher.cpp:392] receivingRoutine(): [LoRaMesher] Receiving LoRa packet: Size: 17 bytes RSSI: -31 SNR: 12
16:59:30.194 > [290194][V][LoraMesher.cpp:647] processPackets(): [LoRaMesher] Size of Received Packets Queue: 1
16:59:30.203 > [290203][V][LoraMesher.cpp:754] printHeaderPacket(): [LoRaMesher] Packet received -- Size: 17 Src: DE6C Dst: D110 Id: 18 Type: 2 Via: D110 Seq_Id: 0 Num: 0
16:59:30.217 > [290217][I][LoraMesher.cpp:854] processDataPacket(): [LoRaMesher] Data packet from DE6C, destination D110, via D110
16:59:30.227 > [290227][V][LoraMesher.cpp:857] processDataPacket(): [LoRaMesher] Data packet from DE6C for me
16:59:30.235 > [290235][V][LoraMesher.cpp:893] processDataPacketForMe(): [LoRaMesher] Data Packet received
16:59:30.243 > [290243][I][PacketQueueService.h:80] deleteQueuePacketAndPacket(): [LoRaMesher] Deleting packet
16:59:30.252 > [290252][I][PacketQueueService.h:83] deleteQueuePacketAndPacket(): [LoRaMesher] Deleting packet queue
16:59:30.261 > [290261][V][LoraMesher.cpp:641] processPackets(): [LoRaMesher] Stack space unused after entering the task: 2024
16:59:30.271 > [290271][V][LoraMesher.cpp:642] processPackets(): [LoRaMesher] Free heap: 335852
16:59:30.442 > ReceivedUserData_TaskHandle notify received
16:59:30.446 > Queue receiveUserData size: 1
16:59:30.449 > Packet arrived from DE6C with size 8
16:59:30.452 > DATA:15 de6c
16:59:30.810 > [290810][V][LoraMesher.cpp:378] receivingRoutine(): [LoRaMesher] Stack space unused after entering the task: 2064
16:59:30.820 > [290820][V][LoraMesher.cpp:379] receivingRoutine(): [LoRaMesher] Free heap: 335912
16:59:30.828 > [290828][I][PacketService.cpp:12] createEmptyPacket(): [LoRaMesher] Packet created with 17 bytes
16:59:30.836 > [290836][I][LoraMesher.cpp:392] receivingRoutine(): [LoRaMesher] Receiving LoRa packet: Size: 17 bytes RSSI: -26 SNR: 13
16:59:30.848 > [290847][V][LoraMesher.cpp:647] processPackets(): [LoRaMesher] Size of Received Packets Queue: 1
16:59:30.856 > [290856][V][LoraMesher.cpp:754] printHeaderPacket(): [LoRaMesher] Packet received -- Size: 17 Src: F02C Dst: D110 Id: 18 Type: 2 Via: D110 Seq_Id: 0 Num: 0
16:59:30.870 > [290870][I][LoraMesher.cpp:854] processDataPacket(): [LoRaMesher] Data packet from F02C, destination D110, via D110
16:59:30.880 > [290880][V][LoraMesher.cpp:857] processDataPacket(): [LoRaMesher] Data packet from F02C for me
16:59:30.889 > [290889][V][LoraMesher.cpp:893] processDataPacketForMe(): [LoRaMesher] Data Packet received
16:59:30.897 > [290897][I][PacketQueueService.h:80] deleteQueuePacketAndPacket(): [LoRaMesher] Deleting packet
16:59:30.905 > [290905][I][PacketQueueService.h:83] deleteQueuePacketAndPacket(): [LoRaMesher] Deleting packet queue
16:59:30.914 > [290914][V][LoraMesher.cpp:641] processPackets(): [LoRaMesher] Stack space unused after entering the task: 2024
16:59:30.924 > [290924][V][LoraMesher.cpp:642] processPackets(): [LoRaMesher] Free heap: 335852
16:59:31.096 > ReceivedUserData_TaskHandle notify received
16:59:31.100 > Queue receiveUserData size: 1
16:59:31.103 > Packet arrived from F02C with size 8
16:59:31.106 > DATA:15 f02c
16:59:32.400 > [292400][V][LoraMesher.cpp:378] receivingRoutine(): [LoRaMesher] Stack space unused after entering the task: 2064
16:59:32.410 > [292410][V][LoraMesher.cpp:379] receivingRoutine(): [LoRaMesher] Free heap: 335912
16:59:32.418 > [292418][I][PacketService.cpp:12] createEmptyPacket(): [LoRaMesher] Packet created with 17 bytes
16:59:32.427 > [292427][I][LoraMesher.cpp:392] receivingRoutine(): [LoRaMesher] Receiving LoRa packet: Size: 17 bytes RSSI: 0 SNR: 14
16:59:32.438 > [292438][V][LoraMesher.cpp:647] processPackets(): [LoRaMesher] Size of Received Packets Queue: 1
16:59:32.446 > [292446][V][LoraMesher.cpp:754] printHeaderPacket(): [LoRaMesher] Packet received -- Size: 17 Src: B3F0 Dst: D110 Id: 18 Type: 2 Via: D110 Seq_Id: 0 Num: 0
16:59:32.460 > [292460][I][LoraMesher.cpp:854] processDataPacket(): [LoRaMesher] Data packet from B3F0, destination D110, via D110
16:59:32.470 > [292470][V][LoraMesher.cpp:857] processDataPacket(): [LoRaMesher] Data packet from B3F0 for me
16:59:32.479 > [292479][V][LoraMesher.cpp:893] processDataPacketForMe(): [LoRaMesher] Data Packet received
16:59:32.487 > [292487][I][PacketQueueService.h:80] deleteQueuePacketAndPacket(): [LoRaMesher] Deleting packet
16:59:32.495 > [292495][I][PacketQueueService.h:83] deleteQueuePacketAndPacket(): [LoRaMesher] Deleting packet queue
16:59:32.504 > [292504][V][LoraMesher.cpp:641] processPackets(): [LoRaMesher] Stack space unused after entering the task: 2024
16:59:32.514 > [292514][V][LoraMesher.cpp:642] processPackets(): [LoRaMesher] Free heap: 335852
16:59:32.686 > ReceivedUserData_TaskHandle notify received
16:59:32.690 > Queue receiveUserData size: 1
16:59:32.693 > Packet arrived from B3F0 with size 8
16:59:32.696 > DATA:15 b3f0
16:59:44.866 > [304867][V][LoraMesher.cpp:378] receivingRoutine(): [LoRaMesher] Stack space unused after entering the task: 2064
16:59:44.877 > [304877][V][LoraMesher.cpp:379] receivingRoutine(): [LoRaMesher] Free heap: 335912
16:59:44.884 > [304884][I][PacketService.cpp:12] createEmptyPacket(): [LoRaMesher] Packet created with 17 bytes
16:59:44.894 > [304893][I][LoraMesher.cpp:392] receivingRoutine(): [LoRaMesher] Receiving LoRa packet: Size: 17 bytes RSSI: -75 SNR: 3
16:59:44.904 > [304904][V][LoraMesher.cpp:647] processPackets(): [LoRaMesher] Size of Received Packets Queue: 1
16:59:44.913 > [304913][V][LoraMesher.cpp:754] printHeaderPacket(): [LoRaMesher] Packet received -- Size: 17 Src: C998 Dst: D110 Id: 4 Type: 2 Via: D110 Seq_Id: 0 Num: 0
16:59:44.927 > [304927][I][LoraMesher.cpp:854] processDataPacket(): [LoRaMesher] Data packet from C998, destination D110, via D110
16:59:44.937 > [304937][V][LoraMesher.cpp:857] processDataPacket(): [LoRaMesher] Data packet from C998 for me
16:59:44.945 > [304945][V][LoraMesher.cpp:893] processDataPacketForMe(): [LoRaMesher] Data Packet received
16:59:44.953 > [304953][I][PacketQueueService.h:80] deleteQueuePacketAndPacket(): [LoRaMesher] Deleting packet
16:59:44.962 > [304962][I][PacketQueueService.h:83] deleteQueuePacketAndPacket(): [LoRaMesher] Deleting packet queue
16:59:44.971 > [304971][V][LoraMesher.cpp:641] processPackets(): [LoRaMesher] Stack space unused after entering the task: 2024
16:59:44.981 > [304981][V][LoraMesher.cpp:642] processPackets(): [LoRaMesher] Free heap: 335852
16:59:45.152 > ReceivedUserData_TaskHandle notify received
16:59:45.156 > Queue receiveUserData size: 1
16:59:45.159 > Packet arrived from C998 with size 8
16:59:45.162 > DATA:3 c998
16:59:50.446 > [310446][V][LoraMesher.cpp:378] receivingRoutine(): [LoRaMesher] Stack space unused after entering the task: 2064
16:59:50.457 > [310456][V][LoraMesher.cpp:379] receivingRoutine(): [LoRaMesher] Free heap: 335912
16:59:50.463 > [310464][I][PacketService.cpp:12] createEmptyPacket(): [LoRaMesher] Packet created with 17 bytes
16:59:50.472 > [310472][I][LoraMesher.cpp:392] receivingRoutine(): [LoRaMesher] Receiving LoRa packet: Size: 17 bytes RSSI: -26 SNR: 13
16:59:50.484 > [310484][V][LoraMesher.cpp:647] processPackets(): [LoRaMesher] Size of Received Packets Queue: 1
16:59:50.492 > [310492][V][LoraMesher.cpp:754] printHeaderPacket(): [LoRaMesher] Packet received -- Size: 17 Src: F02C Dst: D110 Id: 19 Type: 2 Via: D110 Seq_Id: 0 Num: 0
16:59:50.507 > [310506][I][LoraMesher.cpp:854] processDataPacket(): [LoRaMesher] Data packet from F02C, destination D110, via D110
16:59:50.517 > [310516][V][LoraMesher.cpp:857] processDataPacket(): [LoRaMesher] Data packet from F02C for me
16:59:50.524 > [310525][V][LoraMesher.cpp:893] processDataPacketForMe(): [LoRaMesher] Data Packet received
16:59:50.532 > [310533][I][PacketQueueService.h:80] deleteQueuePacketAndPacket(): [LoRaMesher] Deleting packet
16:59:50.542 > [310541][I][PacketQueueService.h:83] deleteQueuePacketAndPacket(): [LoRaMesher] Deleting packet queue
16:59:50.551 > [310550][V][LoraMesher.cpp:641] processPackets(): [LoRaMesher] Stack space unused after entering the task: 2024
16:59:50.560 > [310560][V][LoraMesher.cpp:642] processPackets(): [LoRaMesher] Free heap: 335852
16:59:50.732 > ReceivedUserData_TaskHandle notify received
16:59:50.736 > Queue receiveUserData size: 1
16:59:50.740 > Packet arrived from F02C with size 8
16:59:50.742 > DATA:16 f02c
16:59:51.505 > [311505][V][LoraMesher.cpp:378] receivingRoutine(): [LoRaMesher] Stack space unused after entering the task: 2064
16:59:51.515 > [311515][V][LoraMesher.cpp:379] receivingRoutine(): [LoRaMesher] Free heap: 335912
16:59:51.522 > [311522][I][PacketService.cpp:12] createEmptyPacket(): [LoRaMesher] Packet created with 17 bytes
16:59:51.532 > [311531][I][LoraMesher.cpp:392] receivingRoutine(): [LoRaMesher] Receiving LoRa packet: Size: 17 bytes RSSI: -31 SNR: 13
16:59:51.542 > [311542][V][LoraMesher.cpp:647] processPackets(): [LoRaMesher] Size of Received Packets Queue: 1
16:59:51.552 > [311551][V][LoraMesher.cpp:754] printHeaderPacket(): [LoRaMesher] Packet received -- Size: 17 Src: DE6C Dst: D110 Id: 19 Type: 2 Via: D110 Seq_Id: 0 Num: 0
16:59:51.565 > [311565][I][LoraMesher.cpp:854] processDataPacket(): [LoRaMesher] Data packet from DE6C, destination D110, via D110
16:59:51.575 > [311575][V][LoraMesher.cpp:857] processDataPacket(): [LoRaMesher] Data packet from DE6C for me
16:59:51.583 > [311584][V][LoraMesher.cpp:893] processDataPacketForMe(): [LoRaMesher] Data Packet received
16:59:51.591 > [311592][I][PacketQueueService.h:80] deleteQueuePacketAndPacket(): [LoRaMesher] Deleting packet
16:59:51.601 > [311600][I][PacketQueueService.h:83] deleteQueuePacketAndPacket(): [LoRaMesher] Deleting packet queue
16:59:51.610 > [311609][V][LoraMesher.cpp:641] processPackets(): [LoRaMesher] Stack space unused after entering the task: 2024
16:59:51.620 > [311619][V][LoraMesher.cpp:642] processPackets(): [LoRaMesher] Free heap: 335852
16:59:51.791 > ReceivedUserData_TaskHandle notify received
16:59:51.795 > Queue receiveUserData size: 1
16:59:51.798 > Packet arrived from DE6C with size 8
16:59:51.801 > DATA:16 de6c
16:59:52.422 > [312422][V][LoraMesher.cpp:378] receivingRoutine(): [LoRaMesher] Stack space unused after entering the task: 2064
16:59:52.432 > [312432][V][LoraMesher.cpp:379] receivingRoutine(): [LoRaMesher] Free heap: 335912
16:59:52.440 > [312440][I][PacketService.cpp:12] createEmptyPacket(): [LoRaMesher] Packet created with 17 bytes
16:59:52.449 > [312448][I][LoraMesher.cpp:392] receivingRoutine(): [LoRaMesher] Receiving LoRa packet: Size: 17 bytes RSSI: 0 SNR: 12
16:59:52.459 > [312459][V][LoraMesher.cpp:647] processPackets(): [LoRaMesher] Size of Received Packets Queue: 1
16:59:52.469 > [312468][V][LoraMesher.cpp:754] printHeaderPacket(): [LoRaMesher] Packet received -- Size: 17 Src: B3F0 Dst: D110 Id: 19 Type: 2 Via: D110 Seq_Id: 0 Num: 0
16:59:52.482 > [312482][I][LoraMesher.cpp:854] processDataPacket(): [LoRaMesher] Data packet from B3F0, destination D110, via D110
16:59:52.492 > [312492][V][LoraMesher.cpp:857] processDataPacket(): [LoRaMesher] Data packet from B3F0 for me
16:59:52.501 > [312501][V][LoraMesher.cpp:893] processDataPacketForMe(): [LoRaMesher] Data Packet received
16:59:52.508 > [312509][I][PacketQueueService.h:80] deleteQueuePacketAndPacket(): [LoRaMesher] Deleting packet
16:59:52.517 > [312517][I][PacketQueueService.h:83] deleteQueuePacketAndPacket(): [LoRaMesher] Deleting packet queue
16:59:52.526 > [312526][V][LoraMesher.cpp:641] processPackets(): [LoRaMesher] Stack space unused after entering the task: 2024
16:59:52.536 > [312536][V][LoraMesher.cpp:642] processPackets(): [LoRaMesher] Free heap: 335852
16:59:52.708 > ReceivedUserData_TaskHandle notify received
16:59:52.712 > Queue receiveUserData size: 1
16:59:52.715 > Packet arrived from B3F0 with size 8
16:59:52.718 > DATA:16 b3f0
17:00:05.595 > [325596][V][LoraMesher.cpp:378] receivingRoutine(): [LoRaMesher] Stack space unused after entering the task: 2064
17:00:05.606 > [325606][V][LoraMesher.cpp:379] receivingRoutine(): [LoRaMesher] Free heap: 335912
17:00:05.614 > [325613][I][PacketService.cpp:12] createEmptyPacket(): [LoRaMesher] Packet created with 17 bytes
17:00:05.623 > [325622][I][LoraMesher.cpp:392] receivingRoutine(): [LoRaMesher] Receiving LoRa packet: Size: 17 bytes RSSI: -74 SNR: 3
17:00:05.634 > [325633][V][LoraMesher.cpp:647] processPackets(): [LoRaMesher] Size of Received Packets Queue: 1
17:00:05.642 > [325642][V][LoraMesher.cpp:754] printHeaderPacket(): [LoRaMesher] Packet received -- Size: 17 Src: C998 Dst: D110 Id: 5 Type: 2 Via: D110 Seq_Id: 0 Num: 0
17:00:05.656 > [325656][I][LoraMesher.cpp:854] processDataPacket(): [LoRaMesher] Data packet from C998, destination D110, via D110
17:00:05.666 > [325666][V][LoraMesher.cpp:857] processDataPacket(): [LoRaMesher] Data packet from C998 for me
17:00:05.675 > [325674][V][LoraMesher.cpp:893] processDataPacketForMe(): [LoRaMesher] Data Packet received
17:00:05.683 > [325682][I][PacketQueueService.h:80] deleteQueuePacketAndPacket(): [LoRaMesher] Deleting packet
17:00:05.691 > [325691][I][PacketQueueService.h:83] deleteQueuePacketAndPacket(): [LoRaMesher] Deleting packet queue
17:00:05.700 > [325700][V][LoraMesher.cpp:641] processPackets(): [LoRaMesher] Stack space unused after entering the task: 2024
17:00:05.710 > [325710][V][LoraMesher.cpp:642] processPackets(): [LoRaMesher] Free heap: 335852
17:00:05.881 > ReceivedUserData_TaskHandle notify received
17:00:05.886 > Queue receiveUserData size: 1
17:00:05.888 > Packet arrived from C998 with size 8
17:00:05.892 > DATA:4 c998
17:00:10.424 > [330424][V][LoraMesher.cpp:378] receivingRoutine(): [LoRaMesher] Stack space unused after entering the task: 2064
17:00:10.435 > [330434][V][LoraMesher.cpp:379] receivingRoutine(): [LoRaMesher] Free heap: 335912
17:00:10.442 > [330442][I][PacketService.cpp:12] createEmptyPacket(): [LoRaMesher] Packet created with 17 bytes
17:00:10.451 > [330450][I][LoraMesher.cpp:392] receivingRoutine(): [LoRaMesher] Receiving LoRa packet: Size: 17 bytes RSSI: 0 SNR: 14
17:00:10.462 > [330461][V][LoraMesher.cpp:647] processPackets(): [LoRaMesher] Size of Received Packets Queue: 1
17:00:10.471 > [330470][V][LoraMesher.cpp:754] printHeaderPacket(): [LoRaMesher] Packet received -- Size: 17 Src: B3F0 Dst: D110 Id: 20 Type: 2 Via: D110 Seq_Id: 0 Num: 0
17:00:10.484 > [330484][I][LoraMesher.cpp:854] processDataPacket(): [LoRaMesher] Data packet from B3F0, destination D110, via D110
17:00:10.495 > [330494][V][LoraMesher.cpp:857] processDataPacket(): [LoRaMesher] Data packet from B3F0 for me
17:00:10.503 > [330503][V][LoraMesher.cpp:893] processDataPacketForMe(): [LoRaMesher] Data Packet received
17:00:10.511 > [330511][I][PacketQueueService.h:80] deleteQueuePacketAndPacket(): [LoRaMesher] Deleting packet
17:00:10.520 > [330519][I][PacketQueueService.h:83] deleteQueuePacketAndPacket(): [LoRaMesher] Deleting packet queue
17:00:10.529 > [330528][V][LoraMesher.cpp:641] processPackets(): [LoRaMesher] Stack space unused after entering the task: 2024
17:00:10.539 > [330538][V][LoraMesher.cpp:642] processPackets(): [LoRaMesher] Free heap: 335852
17:00:10.710 > ReceivedUserData_TaskHandle notify received
17:00:10.715 > Queue receiveUserData size: 1
17:00:10.717 > Packet arrived from B3F0 with size 8
17:00:10.721 > DATA:17 b3f0
17:00:11.473 > [331473][V][LoraMesher.cpp:378] receivingRoutine(): [LoRaMesher] Stack space unused after entering the task: 2064
17:00:11.484 > [331483][V][LoraMesher.cpp:379] receivingRoutine(): [LoRaMesher] Free heap: 335912
17:00:11.491 > [331491][I][PacketService.cpp:12] createEmptyPacket(): [LoRaMesher] Packet created with 17 bytes
17:00:11.500 > [331500][I][LoraMesher.cpp:392] receivingRoutine(): [LoRaMesher] Receiving LoRa packet: Size: 17 bytes RSSI: -24 SNR: 13
17:00:11.511 > [331511][V][LoraMesher.cpp:647] processPackets(): [LoRaMesher] Size of Received Packets Queue: 1
17:00:11.520 > [331520][V][LoraMesher.cpp:754] printHeaderPacket(): [LoRaMesher] Packet received -- Size: 17 Src: DE6C Dst: D110 Id: 20 Type: 2 Via: D110 Seq_Id: 0 Num: 0
17:00:11.534 > [331533][I][LoraMesher.cpp:854] processDataPacket(): [LoRaMesher] Data packet from DE6C, destination D110, via D110
17:00:11.544 > [331544][V][LoraMesher.cpp:857] processDataPacket(): [LoRaMesher] Data packet from DE6C for me
17:00:11.552 > [331552][V][LoraMesher.cpp:893] processDataPacketForMe(): [LoRaMesher] Data Packet received
17:00:11.560 > [331560][I][PacketQueueService.h:80] deleteQueuePacketAndPacket(): [LoRaMesher] Deleting packet
17:00:11.569 > [331569][I][PacketQueueService.h:83] deleteQueuePacketAndPacket(): [LoRaMesher] Deleting packet queue
17:00:11.578 > [331578][V][LoraMesher.cpp:641] processPackets(): [LoRaMesher] Stack space unused after entering the task: 2024
17:00:11.588 > [331588][V][LoraMesher.cpp:642] processPackets(): [LoRaMesher] Free heap: 335852
17:00:11.759 > ReceivedUserData_TaskHandle notify received
17:00:11.764 > Queue receiveUserData size: 1
17:00:11.766 > Packet arrived from DE6C with size 8
17:00:11.770 > DATA:17 de6c
17:00:12.934 > [332935][V][LoraMesher.cpp:378] receivingRoutine(): [LoRaMesher] Stack space unused after entering the task: 2064
17:00:12.945 > [332945][V][LoraMesher.cpp:379] receivingRoutine(): [LoRaMesher] Free heap: 335912
17:00:12.953 > [332952][I][PacketService.cpp:12] createEmptyPacket(): [LoRaMesher] Packet created with 17 bytes
17:00:12.962 > [332961][I][LoraMesher.cpp:392] receivingRoutine(): [LoRaMesher] Receiving LoRa packet: Size: 17 bytes RSSI: -27 SNR: 12
17:00:12.973 > [332972][V][LoraMesher.cpp:647] processPackets(): [LoRaMesher] Size of Received Packets Queue: 1
17:00:12.981 > [332981][V][LoraMesher.cpp:754] printHeaderPacket(): [LoRaMesher] Packet received -- Size: 17 Src: F02C Dst: D110 Id: 20 Type: 2 Via: D110 Seq_Id: 0 Num: 0
17:00:12.995 > [332995][I][LoraMesher.cpp:854] processDataPacket(): [LoRaMesher] Data packet from F02C, destination D110, via D110
17:00:13.005 > [333005][V][LoraMesher.cpp:857] processDataPacket(): [LoRaMesher] Data packet from F02C for me
17:00:13.014 > [333013][V][LoraMesher.cpp:893] processDataPacketForMe(): [LoRaMesher] Data Packet received
17:00:13.022 > [333022][I][PacketQueueService.h:80] deleteQueuePacketAndPacket(): [LoRaMesher] Deleting packet
17:00:13.030 > [333030][I][PacketQueueService.h:83] deleteQueuePacketAndPacket(): [LoRaMesher] Deleting packet queue
17:00:13.040 > [333039][V][LoraMesher.cpp:641] processPackets(): [LoRaMesher] Stack space unused after entering the task: 2024
17:00:13.049 > [333049][V][LoraMesher.cpp:642] processPackets(): [LoRaMesher] Free heap: 335852
17:00:13.221 > ReceivedUserData_TaskHandle notify received
17:00:13.226 > Queue receiveUserData size: 1
17:00:13.228 > Packet arrived from F02C with size 8
17:00:13.232 > DATA:17 f02c
17:00:25.700 > [345701][V][LoraMesher.cpp:378] receivingRoutine(): [LoRaMesher] Stack space unused after entering the task: 2064
17:00:25.711 > [345711][V][LoraMesher.cpp:379] receivingRoutine(): [LoRaMesher] Free heap: 335912
17:00:25.719 > [345718][I][PacketService.cpp:12] createEmptyPacket(): [LoRaMesher] Packet created with 17 bytes
17:00:25.727 > [345727][I][LoraMesher.cpp:392] receivingRoutine(): [LoRaMesher] Receiving LoRa packet: Size: 17 bytes RSSI: -74 SNR: 3
17:00:25.738 > [345738][V][LoraMesher.cpp:647] processPackets(): [LoRaMesher] Size of Received Packets Queue: 1
17:00:25.747 > [345747][V][LoraMesher.cpp:754] printHeaderPacket(): [LoRaMesher] Packet received -- Size: 17 Src: C998 Dst: D110 Id: 6 Type: 2 Via: D110 Seq_Id: 0 Num: 0
17:00:25.761 > [345761][I][LoraMesher.cpp:854] processDataPacket(): [LoRaMesher] Data packet from C998, destination D110, via D110
17:00:25.771 > [345771][V][LoraMesher.cpp:857] processDataPacket(): [LoRaMesher] Data packet from C998 for me
17:00:25.779 > [345779][V][LoraMesher.cpp:893] processDataPacketForMe(): [LoRaMesher] Data Packet received
17:00:25.787 > [345787][I][PacketQueueService.h:80] deleteQueuePacketAndPacket(): [LoRaMesher] Deleting packet
17:00:25.796 > [345796][I][PacketQueueService.h:83] deleteQueuePacketAndPacket(): [LoRaMesher] Deleting packet queue
17:00:25.805 > [345805][V][LoraMesher.cpp:641] processPackets(): [LoRaMesher] Stack space unused after entering the task: 2024
17:00:25.815 > [345815][V][LoraMesher.cpp:642] processPackets(): [LoRaMesher] Free heap: 335852
17:00:25.986 > ReceivedUserData_TaskHandle notify received
17:00:25.991 > Queue receiveUserData size: 1
17:00:25.993 > Packet arrived from C998 with size 8
17:00:25.996 > DATA:5 c998
17:00:30.638 > [350638][V][LoraMesher.cpp:378] receivingRoutine(): [LoRaMesher] Stack space unused after entering the task: 2064
17:00:30.648 > [350648][V][LoraMesher.cpp:379] receivingRoutine(): [LoRaMesher] Free heap: 335912
17:00:30.656 > [350656][I][PacketService.cpp:12] createEmptyPacket(): [LoRaMesher] Packet created with 17 bytes
17:00:30.664 > [350664][I][LoraMesher.cpp:392] receivingRoutine(): [LoRaMesher] Receiving LoRa packet: Size: 17 bytes RSSI: -27 SNR: 13
17:00:30.676 > [350675][V][LoraMesher.cpp:647] processPackets(): [LoRaMesher] Size of Received Packets Queue: 1
17:00:30.684 > [350684][V][LoraMesher.cpp:754] printHeaderPacket(): [LoRaMesher] Packet received -- Size: 17 Src: F02C Dst: D110 Id: 21 Type: 2 Via: D110 Seq_Id: 0 Num: 0
17:00:30.698 > [350698][I][LoraMesher.cpp:854] processDataPacket(): [LoRaMesher] Data packet from F02C, destination D110, via D110
17:00:30.708 > [350708][V][LoraMesher.cpp:857] processDataPacket(): [LoRaMesher] Data packet from F02C for me
17:00:30.717 > [350717][V][LoraMesher.cpp:893] processDataPacketForMe(): [LoRaMesher] Data Packet received
17:00:30.725 > [350725][I][PacketQueueService.h:80] deleteQueuePacketAndPacket(): [LoRaMesher] Deleting packet
17:00:30.733 > [350733][I][PacketQueueService.h:83] deleteQueuePacketAndPacket(): [LoRaMesher] Deleting packet queue
17:00:30.742 > [350742][V][LoraMesher.cpp:641] processPackets(): [LoRaMesher] Stack space unused after entering the task: 2024
17:00:30.752 > [350752][V][LoraMesher.cpp:642] processPackets(): [LoRaMesher] Free heap: 335852
17:00:30.924 > ReceivedUserData_TaskHandle notify received
17:00:30.929 > Queue receiveUserData size: 1
17:00:30.931 > Packet arrived from F02C with size 8
17:00:30.934 > DATA:18 f02c
17:00:31.382 > [351382][V][LoraMesher.cpp:378] receivingRoutine(): [LoRaMesher] Stack space unused after entering the task: 2064
17:00:31.393 > [351392][V][LoraMesher.cpp:379] receivingRoutine(): [LoRaMesher] Free heap: 335912
17:00:31.400 > [351400][I][PacketService.cpp:12] createEmptyPacket(): [LoRaMesher] Packet created with 24 bytes
17:00:31.408 > [351408][I][LoraMesher.cpp:392] receivingRoutine(): [LoRaMesher] Receiving LoRa packet: Size: 24 bytes RSSI: -27 SNR: 12
17:00:31.420 > [351420][V][LoraMesher.cpp:647] processPackets(): [LoRaMesher] Size of Received Packets Queue: 1
17:00:31.428 > [351428][V][LoraMesher.cpp:754] printHeaderPacket(): [LoRaMesher] Packet received -- Size: 24 Src: F02C Dst: FFFF Id: 22 Type: 4 Via: 0 Seq_Id: 0 Num: 0
17:00:31.442 > [351442][I][RoutingTableService.cpp:77] processRoute(): [LoRaMesher] Route packet from F02C with size 4
17:00:31.451 > [351451][I][RoutingTableService.cpp:99] resetReceiveSNRRoutePacket(): [LoRaMesher] Reset Receive SNR from F02C: 12
17:00:31.461 > [351461][I][RoutingTableService.cpp:192] printRoutingTable(): [LoRaMesher] Current routing table:
17:00:31.470 > [351470][I][RoutingTableService.cpp:206] printRoutingTable(): [LoRaMesher] 0 - B3F0 via B3F0 metric 1 Role 0
17:00:31.479 > [351479][I][RoutingTableService.cpp:206] printRoutingTable(): [LoRaMesher] 1 - F02C via F02C metric 1 Role 0
17:00:31.489 > [351489][I][RoutingTableService.cpp:206] printRoutingTable(): [LoRaMesher] 2 - DE6C via DE6C metric 1 Role 0
17:00:31.499 > [351499][I][RoutingTableService.cpp:206] printRoutingTable(): [LoRaMesher] 3 - C998 via C998 metric 1 Role 0
17:00:31.508 > [351508][I][PacketQueueService.h:80] deleteQueuePacketAndPacket(): [LoRaMesher] Deleting packet
17:00:31.517 > [351517][I][PacketQueueService.h:83] deleteQueuePacketAndPacket(): [LoRaMesher] Deleting packet queue
17:00:31.526 > [351526][V][LoraMesher.cpp:641] processPackets(): [LoRaMesher] Stack space unused after entering the task: 2024
17:00:31.536 > [351536][V][LoraMesher.cpp:642] processPackets(): [LoRaMesher] Free heap: 335912
17:00:32.819 > [352819][V][LoraMesher.cpp:378] receivingRoutine(): [LoRaMesher] Stack space unused after entering the task: 2064
17:00:32.829 > [352829][V][LoraMesher.cpp:379] receivingRoutine(): [LoRaMesher] Free heap: 335912
17:00:32.837 > [352836][I][PacketService.cpp:12] createEmptyPacket(): [LoRaMesher] Packet created with 17 bytes
17:00:32.845 > [352845][I][LoraMesher.cpp:392] receivingRoutine(): [LoRaMesher] Receiving LoRa packet: Size: 17 bytes RSSI: 0 SNR: 13
17:00:32.856 > [352856][V][LoraMesher.cpp:647] processPackets(): [LoRaMesher] Size of Received Packets Queue: 1
17:00:32.865 > [352865][V][LoraMesher.cpp:754] printHeaderPacket(): [LoRaMesher] Packet received -- Size: 17 Src: B3F0 Dst: D110 Id: 21 Type: 2 Via: D110 Seq_Id: 0 Num: 0
17:00:32.879 > [352879][I][LoraMesher.cpp:854] processDataPacket(): [LoRaMesher] Data packet from B3F0, destination D110, via D110
17:00:32.889 > [352889][V][LoraMesher.cpp:857] processDataPacket(): [LoRaMesher] Data packet from B3F0 for me
17:00:32.897 > [352897][V][LoraMesher.cpp:893] processDataPacketForMe(): [LoRaMesher] Data Packet received
17:00:32.906 > [352906][I][PacketQueueService.h:80] deleteQueuePacketAndPacket(): [LoRaMesher] Deleting packet
17:00:32.914 > [352914][I][PacketQueueService.h:83] deleteQueuePacketAndPacket(): [LoRaMesher] Deleting packet queue
17:00:32.923 > [352923][V][LoraMesher.cpp:641] processPackets(): [LoRaMesher] Stack space unused after entering the task: 2024
17:00:32.933 > [352933][V][LoraMesher.cpp:642] processPackets(): [LoRaMesher] Free heap: 335852
17:00:33.105 > ReceivedUserData_TaskHandle notify received
17:00:33.109 > Queue receiveUserData size: 1
17:00:33.112 > Packet arrived from B3F0 with size 8
17:00:33.115 > DATA:18 b3f0
17:00:33.652 > [353652][V][LoraMesher.cpp:378] receivingRoutine(): [LoRaMesher] Stack space unused after entering the task: 2064
17:00:33.662 > [353662][V][LoraMesher.cpp:379] receivingRoutine(): [LoRaMesher] Free heap: 335912
17:00:33.670 > [353670][I][PacketService.cpp:12] createEmptyPacket(): [LoRaMesher] Packet created with 24 bytes
17:00:33.678 > [353678][I][LoraMesher.cpp:392] receivingRoutine(): [LoRaMesher] Receiving LoRa packet: Size: 24 bytes RSSI: -24 SNR: 12
17:00:33.690 > [353690][V][LoraMesher.cpp:647] processPackets(): [LoRaMesher] Size of Received Packets Queue: 1
17:00:33.698 > [353698][V][LoraMesher.cpp:754] printHeaderPacket(): [LoRaMesher] Packet received -- Size: 24 Src: DE6C Dst: FFFF Id: 22 Type: 4 Via: 0 Seq_Id: 0 Num: 0
17:00:33.712 > [353712][I][RoutingTableService.cpp:77] processRoute(): [LoRaMesher] Route packet from DE6C with size 4
17:00:33.721 > [353721][I][RoutingTableService.cpp:99] resetReceiveSNRRoutePacket(): [LoRaMesher] Reset Receive SNR from DE6C: 12
17:00:33.731 > [353731][I][RoutingTableService.cpp:192] printRoutingTable(): [LoRaMesher] Current routing table:
17:00:33.740 > [353740][I][RoutingTableService.cpp:206] printRoutingTable(): [LoRaMesher] 0 - B3F0 via B3F0 metric 1 Role 0
17:00:33.750 > [353750][I][RoutingTableService.cpp:206] printRoutingTable(): [LoRaMesher] 1 - F02C via F02C metric 1 Role 0
17:00:33.759 > [353759][I][RoutingTableService.cpp:206] printRoutingTable(): [LoRaMesher] 2 - DE6C via DE6C metric 1 Role 0
17:00:33.769 > [353769][I][RoutingTableService.cpp:206] printRoutingTable(): [LoRaMesher] 3 - C998 via C998 metric 1 Role 0
17:00:33.778 > [353778][I][PacketQueueService.h:80] deleteQueuePacketAndPacket(): [LoRaMesher] Deleting packet
17:00:33.787 > [353787][I][PacketQueueService.h:83] deleteQueuePacketAndPacket(): [LoRaMesher] Deleting packet queue
17:00:33.796 > [353796][V][LoraMesher.cpp:641] processPackets(): [LoRaMesher] Stack space unused after entering the task: 2024
17:00:33.806 > [353806][V][LoraMesher.cpp:642] processPackets(): [LoRaMesher] Free heap: 335912
17:00:34.165 > [354165][V][LoraMesher.cpp:378] receivingRoutine(): [LoRaMesher] Stack space unused after entering the task: 2064
17:00:34.175 > [354175][V][LoraMesher.cpp:379] receivingRoutine(): [LoRaMesher] Free heap: 335912
17:00:34.183 > [354183][I][PacketService.cpp:12] createEmptyPacket(): [LoRaMesher] Packet created with 24 bytes
17:00:34.191 > [354191][I][LoraMesher.cpp:392] receivingRoutine(): [LoRaMesher] Receiving LoRa packet: Size: 24 bytes RSSI: 0 SNR: 13
17:00:34.202 > [354202][V][LoraMesher.cpp:647] processPackets(): [LoRaMesher] Size of Received Packets Queue: 1
17:00:34.211 > [354211][V][LoraMesher.cpp:754] printHeaderPacket(): [LoRaMesher] Packet received -- Size: 24 Src: B3F0 Dst: FFFF Id: 22 Type: 4 Via: 0 Seq_Id: 0 Num: 0
17:00:34.225 > [354225][I][RoutingTableService.cpp:77] processRoute(): [LoRaMesher] Route packet from B3F0 with size 4
17:00:34.234 > [354234][I][RoutingTableService.cpp:99] resetReceiveSNRRoutePacket(): [LoRaMesher] Reset Receive SNR from B3F0: 13
17:00:34.244 > [354244][I][RoutingTableService.cpp:192] printRoutingTable(): [LoRaMesher] Current routing table:
17:00:34.253 > [354253][I][RoutingTableService.cpp:206] printRoutingTable(): [LoRaMesher] 0 - B3F0 via B3F0 metric 1 Role 0
17:00:34.262 > [354262][I][RoutingTableService.cpp:206] printRoutingTable(): [LoRaMesher] 1 - F02C via F02C metric 1 Role 0
17:00:34.272 > [354272][I][RoutingTableService.cpp:206] printRoutingTable(): [LoRaMesher] 2 - DE6C via DE6C metric 1 Role 0
17:00:34.282 > [354282][I][RoutingTableService.cpp:206] printRoutingTable(): [LoRaMesher] 3 - C998 via C998 metric 1 Role 0
17:00:34.292 > [354291][I][PacketQueueService.h:80] deleteQueuePacketAndPacket(): [LoRaMesher] Deleting packet
17:00:34.300 > [354300][I][PacketQueueService.h:83] deleteQueuePacketAndPacket(): [LoRaMesher] Deleting packet queue
17:00:34.309 > [354309][V][LoraMesher.cpp:641] processPackets(): [LoRaMesher] Stack space unused after entering the task: 2024
17:00:34.319 > [354319][V][LoraMesher.cpp:642] processPackets(): [LoRaMesher] Free heap: 335912
17:00:45.064 > [365065][V][LoraMesher.cpp:378] receivingRoutine(): [LoRaMesher] Stack space unused after entering the task: 2064
17:00:45.075 > [365075][V][LoraMesher.cpp:379] receivingRoutine(): [LoRaMesher] Free heap: 335912
17:00:45.082 > [365082][I][PacketService.cpp:12] createEmptyPacket(): [LoRaMesher] Packet created with 17 bytes
17:00:45.091 > [365091][I][LoraMesher.cpp:392] receivingRoutine(): [LoRaMesher] Receiving LoRa packet: Size: 17 bytes RSSI: -74 SNR: 3
17:00:45.102 > [365102][V][LoraMesher.cpp:647] processPackets(): [LoRaMesher] Size of Received Packets Queue: 1
17:00:45.111 > [365111][V][LoraMesher.cpp:754] printHeaderPacket(): [LoRaMesher] Packet received -- Size: 17 Src: C998 Dst: D110 Id: 7 Type: 2 Via: D110 Seq_Id: 0 Num: 0
17:00:45.124 > [365125][I][LoraMesher.cpp:854] processDataPacket(): [LoRaMesher] Data packet from C998, destination D110, via D110
17:00:45.135 > [365135][V][LoraMesher.cpp:857] processDataPacket(): [LoRaMesher] Data packet from C998 for me
17:00:45.143 > [365143][V][LoraMesher.cpp:893] processDataPacketForMe(): [LoRaMesher] Data Packet received
17:00:45.151 > [365151][I][PacketQueueService.h:80] deleteQueuePacketAndPacket(): [LoRaMesher] Deleting packet
17:00:45.160 > [365160][I][PacketQueueService.h:83] deleteQueuePacketAndPacket(): [LoRaMesher] Deleting packet queue
17:00:45.169 > [365169][V][LoraMesher.cpp:641] processPackets(): [LoRaMesher] Stack space unused after entering the task: 2024
17:00:45.179 > [365179][V][LoraMesher.cpp:642] processPackets(): [LoRaMesher] Free heap: 335852
17:00:45.350 > ReceivedUserData_TaskHandle notify received
17:00:45.355 > Queue receiveUserData size: 1
17:00:45.357 > Packet arrived from C998 with size 8
17:00:45.360 > DATA:6 c998
17:00:46.386 > [366386][V][LoraMesher.cpp:378] receivingRoutine(): [LoRaMesher] Stack space unused after entering the task: 2064
17:00:46.396 > [366396][V][LoraMesher.cpp:379] receivingRoutine(): [LoRaMesher] Free heap: 335912
17:00:46.403 > [366404][I][PacketService.cpp:12] createEmptyPacket(): [LoRaMesher] Packet created with 24 bytes
17:00:46.412 > [366412][I][LoraMesher.cpp:392] receivingRoutine(): [LoRaMesher] Receiving LoRa packet: Size: 24 bytes RSSI: -74 SNR: 3
17:00:46.423 > [366423][V][LoraMesher.cpp:647] processPackets(): [LoRaMesher] Size of Received Packets Queue: 1
17:00:46.433 > [366432][V][LoraMesher.cpp:754] printHeaderPacket(): [LoRaMesher] Packet received -- Size: 24 Src: C998 Dst: FFFF Id: 8 Type: 4 Via: 0 Seq_Id: 0 Num: 0
17:00:46.445 > [366446][I][RoutingTableService.cpp:77] processRoute(): [LoRaMesher] Route packet from C998 with size 4
17:00:46.455 > [366455][I][RoutingTableService.cpp:99] resetReceiveSNRRoutePacket(): [LoRaMesher] Reset Receive SNR from C998: 3
17:00:46.465 > [366465][I][RoutingTableService.cpp:192] printRoutingTable(): [LoRaMesher] Current routing table:
17:00:46.473 > [366474][I][RoutingTableService.cpp:206] printRoutingTable(): [LoRaMesher] 0 - B3F0 via B3F0 metric 1 Role 0
17:00:46.483 > [366483][I][RoutingTableService.cpp:206] printRoutingTable(): [LoRaMesher] 1 - F02C via F02C metric 1 Role 0
17:00:46.493 > [366493][I][RoutingTableService.cpp:206] printRoutingTable(): [LoRaMesher] 2 - DE6C via DE6C metric 1 Role 0
17:00:46.502 > [366502][I][RoutingTableService.cpp:206] printRoutingTable(): [LoRaMesher] 3 - C998 via C998 metric 1 Role 0
17:00:46.512 > [366512][I][PacketQueueService.h:80] deleteQueuePacketAndPacket(): [LoRaMesher] Deleting packet
17:00:46.520 > [366521][I][PacketQueueService.h:83] deleteQueuePacketAndPacket(): [LoRaMesher] Deleting packet queue
17:00:46.529 > [366530][V][LoraMesher.cpp:641] processPackets(): [LoRaMesher] Stack space unused after entering the task: 2024
17:00:46.539 > [366540][V][LoraMesher.cpp:642] processPackets(): [LoRaMesher] Free heap: 335912
17:00:48.086 > [368087][V][LoraMesher.cpp:598] sendHelloPacket(): [LoRaMesher] Creating Routing Packet
17:00:48.094 > [368094][V][LoraMesher.cpp:599] sendHelloPacket(): [LoRaMesher] Stack space unused after entering the task: 2328
17:00:48.104 > [368104][V][LoraMesher.cpp:600] sendHelloPacket(): [LoRaMesher] Free heap: 335912
17:00:48.111 > [368112][V][PacketFactory.h:45] createPacket(): [LoRaMesher] Creating packet with 24 bytes
17:00:48.119 > [368120][I][PacketFactory.h:74] createPacket(): [LoRaMesher] Packet created with 24 bytes
17:00:48.127 > [368128][I][LoraMesher.h:659] setPackedForSend(): [LoRaMesher] Adding packet to Q_SP
17:00:48.135 > [368135][I][LoraMesher.h:661] setPackedForSend(): [LoRaMesher] Created packet to Q_SP
17:00:48.143 > [368143][I][LoraMesher.cpp:1061] addToSendOrderedAndNotify(): [LoRaMesher] Added packet to Q_SP, notifying sender task
17:00:48.153 > [368153][V][LoraMesher.cpp:511] sendPackets(): [LoRaMesher] Stack space unused after entering the task: 2244
17:00:48.163 > [368163][V][LoraMesher.cpp:512] sendPackets(): [LoRaMesher] Free heap: 335804
17:00:48.170 > [368170][V][LoraMesher.cpp:518] sendPackets(): [LoRaMesher] Size of Send Packets Queue: 1
17:00:48.178 > [368178][V][LoraMesher.cpp:525] sendPackets(): [LoRaMesher] Send n. 3
17:00:48.184 > [368184][V][LoraMesher.cpp:455] waitBeforeSend(): [LoRaMesher] RandomDelay 325 ms
17:00:48.515 > [368516][V][LoraMesher.cpp:754] printHeaderPacket(): [LoRaMesher] Packet send -- Size: 24 Src: D110 Dst: FFFF Id: 3 Type: 4 Via: 0 Seq_Id: 0 Num: 0
17:00:48.619 > [368620][V][LoraMesher.cpp:575] sendPackets(): [LoRaMesher] TimeOnAir 78 ms, next message in 0 ms
17:00:48.628 > [368628][I][PacketQueueService.h:80] deleteQueuePacketAndPacket(): [LoRaMesher] Deleting packet
17:00:48.637 > [368637][I][PacketQueueService.h:83] deleteQueuePacketAndPacket(): [LoRaMesher] Deleting packet queue
17:00:50.575 > [370576][V][LoraMesher.cpp:378] receivingRoutine(): [LoRaMesher] Stack space unused after entering the task: 2064
17:00:50.587 > [370586][V][LoraMesher.cpp:379] receivingRoutine(): [LoRaMesher] Free heap: 335912
17:00:50.593 > [370593][I][PacketService.cpp:12] createEmptyPacket(): [LoRaMesher] Packet created with 17 bytes
17:00:50.602 > [370602][I][LoraMesher.cpp:392] receivingRoutine(): [LoRaMesher] Receiving LoRa packet: Size: 17 bytes RSSI: 0 SNR: 13
17:00:50.613 > [370613][V][LoraMesher.cpp:647] processPackets(): [LoRaMesher] Size of Received Packets Queue: 1
17:00:50.622 > [370622][V][LoraMesher.cpp:754] printHeaderPacket(): [LoRaMesher] Packet received -- Size: 17 Src: B3F0 Dst: D110 Id: 23 Type: 2 Via: D110 Seq_Id: 0 Num: 0
17:00:50.635 > [370636][I][LoraMesher.cpp:854] processDataPacket(): [LoRaMesher] Data packet from B3F0, destination D110, via D110
17:00:50.646 > [370646][V][LoraMesher.cpp:857] processDataPacket(): [LoRaMesher] Data packet from B3F0 for me
17:00:50.655 > [370654][V][LoraMesher.cpp:893] processDataPacketForMe(): [LoRaMesher] Data Packet received
17:00:50.662 > [370663][I][PacketQueueService.h:80] deleteQueuePacketAndPacket(): [LoRaMesher] Deleting packet
17:00:50.672 > [370671][I][PacketQueueService.h:83] deleteQueuePacketAndPacket(): [LoRaMesher] Deleting packet queue
17:00:50.681 > [370680][V][LoraMesher.cpp:641] processPackets(): [LoRaMesher] Stack space unused after entering the task: 2024
17:00:50.690 > [370690][V][LoraMesher.cpp:642] processPackets(): [LoRaMesher] Free heap: 335852
17:00:50.862 > ReceivedUserData_TaskHandle notify received
17:00:50.866 > Queue receiveUserData size: 1
17:00:50.869 > Packet arrived from B3F0 with size 8
17:00:50.872 > DATA:19 b3f0
17:00:51.496 > [371497][V][LoraMesher.cpp:378] receivingRoutine(): [LoRaMesher] Stack space unused after entering the task: 2064
17:00:51.506 > [371507][V][LoraMesher.cpp:379] receivingRoutine(): [LoRaMesher] Free heap: 335912
17:00:51.514 > [371514][I][PacketService.cpp:12] createEmptyPacket(): [LoRaMesher] Packet created with 17 bytes
17:00:51.523 > [371523][I][LoraMesher.cpp:392] receivingRoutine(): [LoRaMesher] Receiving LoRa packet: Size: 17 bytes RSSI: -27 SNR: 12
17:00:51.534 > [371534][V][LoraMesher.cpp:647] processPackets(): [LoRaMesher] Size of Received Packets Queue: 1
17:00:51.543 > [371543][V][LoraMesher.cpp:754] printHeaderPacket(): [LoRaMesher] Packet received -- Size: 17 Src: F02C Dst: D110 Id: 23 Type: 2 Via: D110 Seq_Id: 0 Num: 0
17:00:51.556 > [371557][I][LoraMesher.cpp:854] processDataPacket(): [LoRaMesher] Data packet from F02C, destination D110, via D110
17:00:51.567 > [371567][V][LoraMesher.cpp:857] processDataPacket(): [LoRaMesher] Data packet from F02C for me
17:00:51.575 > [371575][V][LoraMesher.cpp:893] processDataPacketForMe(): [LoRaMesher] Data Packet received
17:00:51.584 > [371584][I][PacketQueueService.h:80] deleteQueuePacketAndPacket(): [LoRaMesher] Deleting packet
17:00:51.593 > [371592][I][PacketQueueService.h:83] deleteQueuePacketAndPacket(): [LoRaMesher] Deleting packet queue
17:00:51.602 > [371601][V][LoraMesher.cpp:641] processPackets(): [LoRaMesher] Stack space unused after entering the task: 2024
17:00:51.611 > [371611][V][LoraMesher.cpp:642] processPackets(): [LoRaMesher] Free heap: 335852
17:00:51.783 > ReceivedUserData_TaskHandle notify received
17:00:51.787 > Queue receiveUserData size: 1
17:00:51.790 > Packet arrived from F02C with size 8
17:00:51.793 > DATA:19 f02c
17:00:52.669 > [372669][V][LoraMesher.cpp:378] receivingRoutine(): [LoRaMesher] Stack space unused after entering the task: 2064
17:00:52.679 > [372679][V][LoraMesher.cpp:379] receivingRoutine(): [LoRaMesher] Free heap: 335912
17:00:52.687 > [372687][I][PacketService.cpp:12] createEmptyPacket(): [LoRaMesher] Packet created with 17 bytes
17:00:52.695 > [372696][I][LoraMesher.cpp:392] receivingRoutine(): [LoRaMesher] Receiving LoRa packet: Size: 17 bytes RSSI: -25 SNR: 13
17:00:52.707 > [372707][V][LoraMesher.cpp:647] processPackets(): [LoRaMesher] Size of Received Packets Queue: 1
17:00:52.715 > [372716][V][LoraMesher.cpp:754] printHeaderPacket(): [LoRaMesher] Packet received -- Size: 17 Src: DE6C Dst: D110 Id: 23 Type: 2 Via: D110 Seq_Id: 0 Num: 0
17:00:52.729 > [372729][I][LoraMesher.cpp:854] processDataPacket(): [LoRaMesher] Data packet from DE6C, destination D110, via D110
17:00:52.739 > [372740][V][LoraMesher.cpp:857] processDataPacket(): [LoRaMesher] Data packet from DE6C for me
17:00:52.748 > [372748][V][LoraMesher.cpp:893] processDataPacketForMe(): [LoRaMesher] Data Packet received
17:00:52.757 > [372756][I][PacketQueueService.h:80] deleteQueuePacketAndPacket(): [LoRaMesher] Deleting packet
17:00:52.765 > [372765][I][PacketQueueService.h:83] deleteQueuePacketAndPacket(): [LoRaMesher] Deleting packet queue
17:00:52.773 > [372774][V][LoraMesher.cpp:641] processPackets(): [LoRaMesher] Stack space unused after entering the task: 2024
17:00:52.784 > [372784][V][LoraMesher.cpp:642] processPackets(): [LoRaMesher] Free heap: 335852
17:00:52.955 > ReceivedUserData_TaskHandle notify received
17:00:52.959 > Queue receiveUserData size: 1
17:00:52.962 > Packet arrived from DE6C with size 8
17:00:52.965 > DATA:19 de6c
17:01:05.620 > [385620][V][LoraMesher.cpp:378] receivingRoutine(): [LoRaMesher] Stack space unused after entering the task: 2032
17:01:05.630 > [385630][V][LoraMesher.cpp:379] receivingRoutine(): [LoRaMesher] Free heap: 335912
17:01:05.638 > [385637][I][PacketService.cpp:12] createEmptyPacket(): [LoRaMesher] Packet created with 17 bytes
17:01:05.647 > [385646][I][LoraMesher.cpp:392] receivingRoutine(): [LoRaMesher] Receiving LoRa packet: Size: 17 bytes RSSI: -73 SNR: 3
17:01:05.658 > [385657][V][LoraMesher.cpp:647] processPackets(): [LoRaMesher] Size of Received Packets Queue: 1
17:01:05.667 > [385666][V][LoraMesher.cpp:754] printHeaderPacket(): [LoRaMesher] Packet received -- Size: 17 Src: C998 Dst: D110 Id: 9 Type: 2 Via: D110 Seq_Id: 0 Num: 0
17:01:05.680 > [385680][I][LoraMesher.cpp:854] processDataPacket(): [LoRaMesher] Data packet from C998, destination D110, via D110
17:01:05.690 > [385690][V][LoraMesher.cpp:857] processDataPacket(): [LoRaMesher] Data packet from C998 for me
17:01:05.699 > [385698][V][LoraMesher.cpp:893] processDataPacketForMe(): [LoRaMesher] Data Packet received
17:01:05.707 > [385707][I][PacketQueueService.h:80] deleteQueuePacketAndPacket(): [LoRaMesher] Deleting packet
17:01:05.715 > [385715][I][PacketQueueService.h:83] deleteQueuePacketAndPacket(): [LoRaMesher] Deleting packet queue
17:01:05.725 > [385724][V][LoraMesher.cpp:641] processPackets(): [LoRaMesher] Stack space unused after entering the task: 2024
17:01:05.734 > [385734][V][LoraMesher.cpp:642] processPackets(): [LoRaMesher] Free heap: 335852
17:01:05.906 > ReceivedUserData_TaskHandle notify received
17:01:05.911 > Queue receiveUserData size: 1
17:01:05.913 > Packet arrived from C998 with size 8
17:01:05.917 > DATA:7 c998
17:01:11.025 > [391025][V][LoraMesher.cpp:378] receivingRoutine(): [LoRaMesher] Stack space unused after entering the task: 2032
17:01:11.035 > [391035][V][LoraMesher.cpp:379] receivingRoutine(): [LoRaMesher] Free heap: 335912
17:01:11.043 > [391042][I][PacketService.cpp:12] createEmptyPacket(): [LoRaMesher] Packet created with 17 bytes
17:01:11.052 > [391051][I][LoraMesher.cpp:392] receivingRoutine(): [LoRaMesher] Receiving LoRa packet: Size: 17 bytes RSSI: -25 SNR: 13
17:01:11.063 > [391062][V][LoraMesher.cpp:647] processPackets(): [LoRaMesher] Size of Received Packets Queue: 1
17:01:11.072 > [391071][V][LoraMesher.cpp:754] printHeaderPacket(): [LoRaMesher] Packet received -- Size: 17 Src: DE6C Dst: D110 Id: 24 Type: 2 Via: D110 Seq_Id: 0 Num: 0
17:01:11.085 > [391085][I][LoraMesher.cpp:854] processDataPacket(): [LoRaMesher] Data packet from DE6C, destination D110, via D110
17:01:11.096 > [391095][V][LoraMesher.cpp:857] processDataPacket(): [LoRaMesher] Data packet from DE6C for me
17:01:11.104 > [391104][V][LoraMesher.cpp:893] processDataPacketForMe(): [LoRaMesher] Data Packet received
17:01:11.112 > [391112][I][PacketQueueService.h:80] deleteQueuePacketAndPacket(): [LoRaMesher] Deleting packet
17:01:11.121 > [391120][I][PacketQueueService.h:83] deleteQueuePacketAndPacket(): [LoRaMesher] Deleting packet queue
17:01:11.130 > [391129][V][LoraMesher.cpp:641] processPackets(): [LoRaMesher] Stack space unused after entering the task: 2024
17:01:11.140 > [391139][V][LoraMesher.cpp:642] processPackets(): [LoRaMesher] Free heap: 335852
17:01:11.311 > ReceivedUserData_TaskHandle notify received
17:01:11.316 > Queue receiveUserData size: 1
17:01:11.318 > Packet arrived from DE6C with size 8
17:01:11.322 > DATA:20 de6c
17:01:11.738 > [391738][V][LoraMesher.cpp:378] receivingRoutine(): [LoRaMesher] Stack space unused after entering the task: 2032
17:01:11.748 > [391748][V][LoraMesher.cpp:379] receivingRoutine(): [LoRaMesher] Free heap: 335912
17:01:11.756 > [391755][I][PacketService.cpp:12] createEmptyPacket(): [LoRaMesher] Packet created with 17 bytes
17:01:11.764 > [391764][I][LoraMesher.cpp:392] receivingRoutine(): [LoRaMesher] Receiving LoRa packet: Size: 17 bytes RSSI: 0 SNR: 14
17:01:11.776 > [391775][V][LoraMesher.cpp:647] processPackets(): [LoRaMesher] Size of Received Packets Queue: 1
17:01:11.784 > [391784][V][LoraMesher.cpp:754] printHeaderPacket(): [LoRaMesher] Packet received -- Size: 17 Src: B3F0 Dst: D110 Id: 24 Type: 2 Via: D110 Seq_Id: 0 Num: 0
17:01:11.798 > [391798][I][LoraMesher.cpp:854] processDataPacket(): [LoRaMesher] Data packet from B3F0, destination D110, via D110
17:01:11.808 > [391808][V][LoraMesher.cpp:857] processDataPacket(): [LoRaMesher] Data packet from B3F0 for me
17:01:11.817 > [391816][V][LoraMesher.cpp:893] processDataPacketForMe(): [LoRaMesher] Data Packet received
17:01:11.825 > [391824][I][PacketQueueService.h:80] deleteQueuePacketAndPacket(): [LoRaMesher] Deleting packet
17:01:11.833 > [391833][I][PacketQueueService.h:83] deleteQueuePacketAndPacket(): [LoRaMesher] Deleting packet queue
17:01:11.842 > [391842][V][LoraMesher.cpp:641] processPackets(): [LoRaMesher] Stack space unused after entering the task: 2024
17:01:11.852 > [391852][V][LoraMesher.cpp:642] processPackets(): [LoRaMesher] Free heap: 335852
17:01:12.023 > ReceivedUserData_TaskHandle notify received
17:01:12.028 > Queue receiveUserData size: 1
17:01:12.030 > Packet arrived from B3F0 with size 8
17:01:12.034 > DATA:20 b3f0
17:01:13.249 > [393249][V][LoraMesher.cpp:378] receivingRoutine(): [LoRaMesher] Stack space unused after entering the task: 2032
17:01:13.259 > [393259][V][LoraMesher.cpp:379] receivingRoutine(): [LoRaMesher] Free heap: 335912
17:01:13.267 > [393266][I][PacketService.cpp:12] createEmptyPacket(): [LoRaMesher] Packet created with 17 bytes
17:01:13.275 > [393275][I][LoraMesher.cpp:392] receivingRoutine(): [LoRaMesher] Receiving LoRa packet: Size: 17 bytes RSSI: -27 SNR: 13
17:01:13.287 > [393286][V][LoraMesher.cpp:647] processPackets(): [LoRaMesher] Size of Received Packets Queue: 1
17:01:13.295 > [393295][V][LoraMesher.cpp:754] printHeaderPacket(): [LoRaMesher] Packet received -- Size: 17 Src: F02C Dst: D110 Id: 24 Type: 2 Via: D110 Seq_Id: 0 Num: 0
17:01:13.309 > [393309][I][LoraMesher.cpp:854] processDataPacket(): [LoRaMesher] Data packet from F02C, destination D110, via D110
17:01:13.319 > [393319][V][LoraMesher.cpp:857] processDataPacket(): [LoRaMesher] Data packet from F02C for me
17:01:13.328 > [393327][V][LoraMesher.cpp:893] processDataPacketForMe(): [LoRaMesher] Data Packet received
17:01:13.336 > [393336][I][PacketQueueService.h:80] deleteQueuePacketAndPacket(): [LoRaMesher] Deleting packet
17:01:13.344 > [393344][I][PacketQueueService.h:83] deleteQueuePacketAndPacket(): [LoRaMesher] Deleting packet queue
17:01:13.353 > [393353][V][LoraMesher.cpp:641] processPackets(): [LoRaMesher] Stack space unused after entering the task: 2024
17:01:13.363 > [393363][V][LoraMesher.cpp:642] processPackets(): [LoRaMesher] Free heap: 335852
17:01:13.534 > ReceivedUserData_TaskHandle notify received
17:01:13.539 > Queue receiveUserData size: 1
17:01:13.541 > Packet arrived from F02C with size 8
17:01:13.545 > DATA:20 f02c
17:01:25.249 > [405249][V][LoraMesher.cpp:378] receivingRoutine(): [LoRaMesher] Stack space unused after entering the task: 2032
17:01:25.259 > [405259][V][LoraMesher.cpp:379] receivingRoutine(): [LoRaMesher] Free heap: 335912
17:01:25.267 > [405267][I][PacketService.cpp:12] createEmptyPacket(): [LoRaMesher] Packet created with 17 bytes
17:01:25.276 > [405275][I][LoraMesher.cpp:392] receivingRoutine(): [LoRaMesher] Receiving LoRa packet: Size: 17 bytes RSSI: -75 SNR: 1
17:01:25.287 > [405287][V][LoraMesher.cpp:647] processPackets(): [LoRaMesher] Size of Received Packets Queue: 1
17:01:25.295 > [405295][V][LoraMesher.cpp:754] printHeaderPacket(): [LoRaMesher] Packet received -- Size: 17 Src: C998 Dst: D110 Id: 10 Type: 2 Via: D110 Seq_Id: 0 Num: 0
17:01:25.309 > [405309][I][LoraMesher.cpp:854] processDataPacket(): [LoRaMesher] Data packet from C998, destination D110, via D110
17:01:25.319 > [405319][V][LoraMesher.cpp:857] processDataPacket(): [LoRaMesher] Data packet from C998 for me
17:01:25.328 > [405328][V][LoraMesher.cpp:893] processDataPacketForMe(): [LoRaMesher] Data Packet received
17:01:25.336 > [405336][I][PacketQueueService.h:80] deleteQueuePacketAndPacket(): [LoRaMesher] Deleting packet
17:01:25.344 > [405344][I][PacketQueueService.h:83] deleteQueuePacketAndPacket(): [LoRaMesher] Deleting packet queue
17:01:25.353 > [405353][V][LoraMesher.cpp:641] processPackets(): [LoRaMesher] Stack space unused after entering the task: 2024
17:01:25.363 > [405363][V][LoraMesher.cpp:642] processPackets(): [LoRaMesher] Free heap: 335852
17:01:25.535 > ReceivedUserData_TaskHandle notify received
17:01:25.540 > Queue receiveUserData size: 1
17:01:25.542 > Packet arrived from C998 with size 8
17:01:25.545 > DATA:8 c998
17:01:30.841 > [410842][V][LoraMesher.cpp:378] receivingRoutine(): [LoRaMesher] Stack space unused after entering the task: 2032
17:01:30.852 > [410852][V][LoraMesher.cpp:379] receivingRoutine(): [LoRaMesher] Free heap: 335912
17:01:30.859 > [410859][I][PacketService.cpp:12] createEmptyPacket(): [LoRaMesher] Packet created with 17 bytes
17:01:30.868 > [410868][I][LoraMesher.cpp:392] receivingRoutine(): [LoRaMesher] Receiving LoRa packet: Size: 17 bytes RSSI: 0 SNR: 13
17:01:30.879 > [410879][V][LoraMesher.cpp:647] processPackets(): [LoRaMesher] Size of Received Packets Queue: 1
17:01:30.888 > [410888][V][LoraMesher.cpp:754] printHeaderPacket(): [LoRaMesher] Packet received -- Size: 17 Src: B3F0 Dst: D110 Id: 25 Type: 2 Via: D110 Seq_Id: 0 Num: 0
17:01:30.902 > [410902][I][LoraMesher.cpp:854] processDataPacket(): [LoRaMesher] Data packet from B3F0, destination D110, via D110
17:01:30.912 > [410912][V][LoraMesher.cpp:857] processDataPacket(): [LoRaMesher] Data packet from B3F0 for me
17:01:30.920 > [410920][V][LoraMesher.cpp:893] processDataPacketForMe(): [LoRaMesher] Data Packet received
17:01:30.928 > [410928][I][PacketQueueService.h:80] deleteQueuePacketAndPacket(): [LoRaMesher] Deleting packet
17:01:30.937 > [410937][I][PacketQueueService.h:83] deleteQueuePacketAndPacket(): [LoRaMesher] Deleting packet queue
17:01:30.946 > [410946][V][LoraMesher.cpp:641] processPackets(): [LoRaMesher] Stack space unused after entering the task: 2024
17:01:30.956 > [410956][V][LoraMesher.cpp:642] processPackets(): [LoRaMesher] Free heap: 335852
17:01:31.127 > ReceivedUserData_TaskHandle notify received
17:01:31.131 > Queue receiveUserData size: 1
17:01:31.134 > Packet arrived from B3F0 with size 8
17:01:31.137 > DATA:21 b3f0
17:01:32.114 > [412114][V][LoraMesher.cpp:378] receivingRoutine(): [LoRaMesher] Stack space unused after entering the task: 2032
17:01:32.125 > [412124][V][LoraMesher.cpp:379] receivingRoutine(): [LoRaMesher] Free heap: 335912
17:01:32.132 > [412132][I][PacketService.cpp:12] createEmptyPacket(): [LoRaMesher] Packet created with 17 bytes
17:01:32.141 > [412141][I][LoraMesher.cpp:392] receivingRoutine(): [LoRaMesher] Receiving LoRa packet: Size: 17 bytes RSSI: -24 SNR: 12
17:01:32.152 > [412152][V][LoraMesher.cpp:647] processPackets(): [LoRaMesher] Size of Received Packets Queue: 1
17:01:32.161 > [412161][V][LoraMesher.cpp:754] printHeaderPacket(): [LoRaMesher] Packet received -- Size: 17 Src: DE6C Dst: D110 Id: 25 Type: 2 Via: D110 Seq_Id: 0 Num: 0
17:01:32.174 > [412174][I][LoraMesher.cpp:854] processDataPacket(): [LoRaMesher] Data packet from DE6C, destination D110, via D110
17:01:32.185 > [412185][V][LoraMesher.cpp:857] processDataPacket(): [LoRaMesher] Data packet from DE6C for me
17:01:32.193 > [412193][V][LoraMesher.cpp:893] processDataPacketForMe(): [LoRaMesher] Data Packet received
17:01:32.201 > [412201][I][PacketQueueService.h:80] deleteQueuePacketAndPacket(): [LoRaMesher] Deleting packet
17:01:32.210 > [412210][I][PacketQueueService.h:83] deleteQueuePacketAndPacket(): [LoRaMesher] Deleting packet queue
17:01:32.219 > [412219][V][LoraMesher.cpp:641] processPackets(): [LoRaMesher] Stack space unused after entering the task: 2024
17:01:32.229 > [412229][V][LoraMesher.cpp:642] processPackets(): [LoRaMesher] Free heap: 335852
17:01:32.400 > ReceivedUserData_TaskHandle notify received
17:01:32.404 > Queue receiveUserData size: 1
17:01:32.407 > Packet arrived from DE6C with size 8
17:01:32.410 > DATA:21 de6c
17:01:33.077 > [413078][V][LoraMesher.cpp:378] receivingRoutine(): [LoRaMesher] Stack space unused after entering the task: 2032
17:01:33.088 > [413088][V][LoraMesher.cpp:379] receivingRoutine(): [LoRaMesher] Free heap: 335912
17:01:33.095 > [413095][I][PacketService.cpp:12] createEmptyPacket(): [LoRaMesher] Packet created with 17 bytes
17:01:33.104 > [413104][I][LoraMesher.cpp:392] receivingRoutine(): [LoRaMesher] Receiving LoRa packet: Size: 17 bytes RSSI: -26 SNR: 13
17:01:33.115 > [413115][V][LoraMesher.cpp:647] processPackets(): [LoRaMesher] Size of Received Packets Queue: 1
17:01:33.124 > [413124][V][LoraMesher.cpp:754] printHeaderPacket(): [LoRaMesher] Packet received -- Size: 17 Src: F02C Dst: D110 Id: 25 Type: 2 Via: D110 Seq_Id: 0 Num: 0
17:01:33.138 > [413138][I][LoraMesher.cpp:854] processDataPacket(): [LoRaMesher] Data packet from F02C, destination D110, via D110
17:01:33.148 > [413148][V][LoraMesher.cpp:857] processDataPacket(): [LoRaMesher] Data packet from F02C for me
17:01:33.156 > [413156][V][LoraMesher.cpp:893] processDataPacketForMe(): [LoRaMesher] Data Packet received
17:01:33.164 > [413164][I][PacketQueueService.h:80] deleteQueuePacketAndPacket(): [LoRaMesher] Deleting packet
17:01:33.173 > [413173][I][PacketQueueService.h:83] deleteQueuePacketAndPacket(): [LoRaMesher] Deleting packet queue
17:01:33.182 > [413182][V][LoraMesher.cpp:641] processPackets(): [LoRaMesher] Stack space unused after entering the task: 2024
17:01:33.192 > [413192][V][LoraMesher.cpp:642] processPackets(): [LoRaMesher] Free heap: 335852
17:01:33.363 > ReceivedUserData_TaskHandle notify received
17:01:33.367 > Queue receiveUserData size: 1
17:01:33.370 > Packet arrived from F02C with size 8
17:01:33.373 > DATA:21 f02c
17:01:45.601 > [425601][V][LoraMesher.cpp:378] receivingRoutine(): [LoRaMesher] Stack space unused after entering the task: 2032
17:01:45.611 > [425611][V][LoraMesher.cpp:379] receivingRoutine(): [LoRaMesher] Free heap: 335912
17:01:45.619 > [425619][I][PacketService.cpp:12] createEmptyPacket(): [LoRaMesher] Packet created with 17 bytes
17:01:45.627 > [425628][I][LoraMesher.cpp:392] receivingRoutine(): [LoRaMesher] Receiving LoRa packet: Size: 17 bytes RSSI: -74 SNR: 2
17:01:45.638 > [425639][V][LoraMesher.cpp:647] processPackets(): [LoRaMesher] Size of Received Packets Queue: 1
17:01:45.647 > [425647][V][LoraMesher.cpp:754] printHeaderPacket(): [LoRaMesher] Packet received -- Size: 17 Src: C998 Dst: D110 Id: 11 Type: 2 Via: D110 Seq_Id: 0 Num: 0
17:01:45.661 > [425661][I][LoraMesher.cpp:854] processDataPacket(): [LoRaMesher] Data packet from C998, destination D110, via D110
17:01:45.671 > [425671][V][LoraMesher.cpp:857] processDataPacket(): [LoRaMesher] Data packet from C998 for me
17:01:45.679 > [425680][V][LoraMesher.cpp:893] processDataPacketForMe(): [LoRaMesher] Data Packet received
17:01:45.688 > [425688][I][PacketQueueService.h:80] deleteQueuePacketAndPacket(): [LoRaMesher] Deleting packet
17:01:45.696 > [425696][I][PacketQueueService.h:83] deleteQueuePacketAndPacket(): [LoRaMesher] Deleting packet queue
17:01:45.705 > [425705][V][LoraMesher.cpp:641] processPackets(): [LoRaMesher] Stack space unused after entering the task: 2024
17:01:45.715 > [425715][V][LoraMesher.cpp:642] processPackets(): [LoRaMesher] Free heap: 335852
17:01:45.887 > ReceivedUserData_TaskHandle notify received
17:01:45.891 > Queue receiveUserData size: 1
17:01:45.894 > Packet arrived from C998 with size 8
17:01:45.897 > DATA:9 c998
17:01:50.984 > [430985][V][LoraMesher.cpp:378] receivingRoutine(): [LoRaMesher] Stack space unused after entering the task: 2032
17:01:50.995 > [430995][V][LoraMesher.cpp:379] receivingRoutine(): [LoRaMesher] Free heap: 335912
17:01:51.002 > [431002][I][PacketService.cpp:12] createEmptyPacket(): [LoRaMesher] Packet created with 17 bytes
17:01:51.011 > [431011][I][LoraMesher.cpp:392] receivingRoutine(): [LoRaMesher] Receiving LoRa packet: Size: 17 bytes RSSI: -23 SNR: 13
17:01:51.022 > [431022][V][LoraMesher.cpp:647] processPackets(): [LoRaMesher] Size of Received Packets Queue: 1
17:01:51.031 > [431031][V][LoraMesher.cpp:754] printHeaderPacket(): [LoRaMesher] Packet received -- Size: 17 Src: DE6C Dst: D110 Id: 26 Type: 2 Via: D110 Seq_Id: 0 Num: 0
17:01:51.045 > [431045][I][LoraMesher.cpp:854] processDataPacket(): [LoRaMesher] Data packet from DE6C, destination D110, via D110
17:01:51.055 > [431055][V][LoraMesher.cpp:857] processDataPacket(): [LoRaMesher] Data packet from DE6C for me
17:01:51.063 > [431064][V][LoraMesher.cpp:893] processDataPacketForMe(): [LoRaMesher] Data Packet received
17:01:51.071 > [431072][I][PacketQueueService.h:80] deleteQueuePacketAndPacket(): [LoRaMesher] Deleting packet
17:01:51.080 > [431080][I][PacketQueueService.h:83] deleteQueuePacketAndPacket(): [LoRaMesher] Deleting packet queue
17:01:51.089 > [431089][V][LoraMesher.cpp:641] processPackets(): [LoRaMesher] Stack space unused after entering the task: 2024
17:01:51.099 > [431099][V][LoraMesher.cpp:642] processPackets(): [LoRaMesher] Free heap: 335852
17:01:51.271 > ReceivedUserData_TaskHandle notify received
17:01:51.275 > Queue receiveUserData size: 1
17:01:51.278 > Packet arrived from DE6C with size 8
17:01:51.281 > DATA:22 de6c
17:01:51.424 > [431425][V][LoraMesher.cpp:378] receivingRoutine(): [LoRaMesher] Stack space unused after entering the task: 2032
17:01:51.434 > [431435][V][LoraMesher.cpp:379] receivingRoutine(): [LoRaMesher] Free heap: 335912
17:01:51.442 > [431442][I][PacketService.cpp:12] createEmptyPacket(): [LoRaMesher] Packet created with 17 bytes
17:01:51.451 > [431451][I][LoraMesher.cpp:392] receivingRoutine(): [LoRaMesher] Receiving LoRa packet: Size: 17 bytes RSSI: -28 SNR: 12
17:01:51.462 > [431462][V][LoraMesher.cpp:647] processPackets(): [LoRaMesher] Size of Received Packets Queue: 1
17:01:51.471 > [431471][V][LoraMesher.cpp:754] printHeaderPacket(): [LoRaMesher] Packet received -- Size: 17 Src: F02C Dst: D110 Id: 26 Type: 2 Via: D110 Seq_Id: 0 Num: 0
17:01:51.484 > [431485][I][LoraMesher.cpp:854] processDataPacket(): [LoRaMesher] Data packet from F02C, destination D110, via D110
17:01:51.495 > [431495][V][LoraMesher.cpp:857] processDataPacket(): [LoRaMesher] Data packet from F02C for me
17:01:51.503 > [431503][V][LoraMesher.cpp:893] processDataPacketForMe(): [LoRaMesher] Data Packet received
17:01:51.511 > [431511][I][PacketQueueService.h:80] deleteQueuePacketAndPacket(): [LoRaMesher] Deleting packet
17:01:51.520 > [431520][I][PacketQueueService.h:83] deleteQueuePacketAndPacket(): [LoRaMesher] Deleting packet queue
17:01:51.529 > [431529][V][LoraMesher.cpp:641] processPackets(): [LoRaMesher] Stack space unused after entering the task: 2024
17:01:51.539 > [431539][V][LoraMesher.cpp:642] processPackets(): [LoRaMesher] Free heap: 335852
17:01:51.710 > ReceivedUserData_TaskHandle notify received
17:01:51.714 > Queue receiveUserData size: 1
17:01:51.717 > Packet arrived from F02C with size 8
17:01:51.720 > DATA:22 f02c
17:01:52.386 > [432386][V][LoraMesher.cpp:378] receivingRoutine(): [LoRaMesher] Stack space unused after entering the task: 2032
17:01:52.396 > [432397][V][LoraMesher.cpp:379] receivingRoutine(): [LoRaMesher] Free heap: 335912
17:01:52.404 > [432404][I][PacketService.cpp:12] createEmptyPacket(): [LoRaMesher] Packet created with 17 bytes
17:01:52.413 > [432413][I][LoraMesher.cpp:392] receivingRoutine(): [LoRaMesher] Receiving LoRa packet: Size: 17 bytes RSSI: 0 SNR: 13
17:01:52.424 > [432424][V][LoraMesher.cpp:647] processPackets(): [LoRaMesher] Size of Received Packets Queue: 1
17:01:52.432 > [432433][V][LoraMesher.cpp:754] printHeaderPacket(): [LoRaMesher] Packet received -- Size: 17 Src: B3F0 Dst: D110 Id: 26 Type: 2 Via: D110 Seq_Id: 0 Num: 0
17:01:52.446 > [432446][I][LoraMesher.cpp:854] processDataPacket(): [LoRaMesher] Data packet from B3F0, destination D110, via D110
17:01:52.456 > [432457][V][LoraMesher.cpp:857] processDataPacket(): [LoRaMesher] Data packet from B3F0 for me
17:01:52.465 > [432465][V][LoraMesher.cpp:893] processDataPacketForMe(): [LoRaMesher] Data Packet received
17:01:52.473 > [432473][I][PacketQueueService.h:80] deleteQueuePacketAndPacket(): [LoRaMesher] Deleting packet
17:01:52.481 > [432482][I][PacketQueueService.h:83] deleteQueuePacketAndPacket(): [LoRaMesher] Deleting packet queue
17:01:52.490 > [432491][V][LoraMesher.cpp:641] processPackets(): [LoRaMesher] Stack space unused after entering the task: 2024
17:01:52.500 > [432501][V][LoraMesher.cpp:642] processPackets(): [LoRaMesher] Free heap: 335852
17:01:52.672 > ReceivedUserData_TaskHandle notify received
17:01:52.676 > Queue receiveUserData size: 1
17:01:52.679 > Packet arrived from B3F0 with size 8
17:01:52.682 > DATA:22 b3f0
17:02:05.757 > [445757][V][LoraMesher.cpp:378] receivingRoutine(): [LoRaMesher] Stack space unused after entering the task: 2032
17:02:05.767 > [445767][V][LoraMesher.cpp:379] receivingRoutine(): [LoRaMesher] Free heap: 335912
17:02:05.774 > [445775][I][PacketService.cpp:12] createEmptyPacket(): [LoRaMesher] Packet created with 17 bytes
17:02:05.783 > [445784][I][LoraMesher.cpp:392] receivingRoutine(): [LoRaMesher] Receiving LoRa packet: Size: 17 bytes RSSI: -75 SNR: 2
17:02:05.794 > [445795][V][LoraMesher.cpp:647] processPackets(): [LoRaMesher] Size of Received Packets Queue: 1
17:02:05.803 > [445803][V][LoraMesher.cpp:754] printHeaderPacket(): [LoRaMesher] Packet received -- Size: 17 Src: C998 Dst: D110 Id: 12 Type: 2 Via: D110 Seq_Id: 0 Num: 0
17:02:05.817 > [445817][I][LoraMesher.cpp:854] processDataPacket(): [LoRaMesher] Data packet from C998, destination D110, via D110
17:02:05.827 > [445827][V][LoraMesher.cpp:857] processDataPacket(): [LoRaMesher] Data packet from C998 for me
17:02:05.835 > [445836][V][LoraMesher.cpp:893] processDataPacketForMe(): [LoRaMesher] Data Packet received
17:02:05.843 > [445844][I][PacketQueueService.h:80] deleteQueuePacketAndPacket(): [LoRaMesher] Deleting packet
17:02:05.852 > [445852][I][PacketQueueService.h:83] deleteQueuePacketAndPacket(): [LoRaMesher] Deleting packet queue
17:02:05.861 > [445861][V][LoraMesher.cpp:641] processPackets(): [LoRaMesher] Stack space unused after entering the task: 2024
17:02:05.871 > [445871][V][LoraMesher.cpp:642] processPackets(): [LoRaMesher] Free heap: 335852
17:02:06.043 > ReceivedUserData_TaskHandle notify received
17:02:06.047 > Queue receiveUserData size: 1
17:02:06.049 > Packet arrived from C998 with size 8
17:02:06.053 > DATA:10 c998
17:02:10.941 > [450941][V][LoraMesher.cpp:378] receivingRoutine(): [LoRaMesher] Stack space unused after entering the task: 2032
17:02:10.952 > [450951][V][LoraMesher.cpp:379] receivingRoutine(): [LoRaMesher] Free heap: 335912
17:02:10.958 > [450959][I][PacketService.cpp:12] createEmptyPacket(): [LoRaMesher] Packet created with 17 bytes
17:02:10.967 > [450968][I][LoraMesher.cpp:392] receivingRoutine(): [LoRaMesher] Receiving LoRa packet: Size: 17 bytes RSSI: -23 SNR: 13
17:02:10.978 > [450979][V][LoraMesher.cpp:647] processPackets(): [LoRaMesher] Size of Received Packets Queue: 1
17:02:10.987 > [450988][V][LoraMesher.cpp:754] printHeaderPacket(): [LoRaMesher] Packet received -- Size: 17 Src: DE6C Dst: D110 Id: 27 Type: 2 Via: D110 Seq_Id: 0 Num: 0
17:02:11.002 > [451001][I][LoraMesher.cpp:854] processDataPacket(): [LoRaMesher] Data packet from DE6C, destination D110, via D110
17:02:11.011 > [451012][V][LoraMesher.cpp:857] processDataPacket(): [LoRaMesher] Data packet from DE6C for me
17:02:11.019 > [451020][V][LoraMesher.cpp:893] processDataPacketForMe(): [LoRaMesher] Data Packet received
17:02:11.028 > [451028][I][PacketQueueService.h:80] deleteQueuePacketAndPacket(): [LoRaMesher] Deleting packet
17:02:11.036 > [451037][I][PacketQueueService.h:83] deleteQueuePacketAndPacket(): [LoRaMesher] Deleting packet queue
17:02:11.045 > [451046][V][LoraMesher.cpp:641] processPackets(): [LoRaMesher] Stack space unused after entering the task: 2024
17:02:11.055 > [451056][V][LoraMesher.cpp:642] processPackets(): [LoRaMesher] Free heap: 335852
17:02:11.227 > ReceivedUserData_TaskHandle notify received
17:02:11.231 > Queue receiveUserData size: 1
17:02:11.233 > Packet arrived from DE6C with size 8
17:02:11.237 > DATA:23 de6c
17:02:12.108 > [452108][V][LoraMesher.cpp:378] receivingRoutine(): [LoRaMesher] Stack space unused after entering the task: 2032
17:02:12.119 > [452119][V][LoraMesher.cpp:379] receivingRoutine(): [LoRaMesher] Free heap: 335912
17:02:12.126 > [452126][I][PacketService.cpp:12] createEmptyPacket(): [LoRaMesher] Packet created with 17 bytes
17:02:12.134 > [452135][I][LoraMesher.cpp:392] receivingRoutine(): [LoRaMesher] Receiving LoRa packet: Size: 17 bytes RSSI: 0 SNR: 12
17:02:12.146 > [452146][V][LoraMesher.cpp:647] processPackets(): [LoRaMesher] Size of Received Packets Queue: 1
17:02:12.155 > [452155][V][LoraMesher.cpp:754] printHeaderPacket(): [LoRaMesher] Packet received -- Size: 17 Src: B3F0 Dst: D110 Id: 27 Type: 2 Via: D110 Seq_Id: 0 Num: 0
17:02:12.169 > [452168][I][LoraMesher.cpp:854] processDataPacket(): [LoRaMesher] Data packet from B3F0, destination D110, via D110
17:02:12.178 > [452179][V][LoraMesher.cpp:857] processDataPacket(): [LoRaMesher] Data packet from B3F0 for me
17:02:12.186 > [452187][V][LoraMesher.cpp:893] processDataPacketForMe(): [LoRaMesher] Data Packet received
17:02:12.194 > [452195][I][PacketQueueService.h:80] deleteQueuePacketAndPacket(): [LoRaMesher] Deleting packet
17:02:12.203 > [452204][I][PacketQueueService.h:83] deleteQueuePacketAndPacket(): [LoRaMesher] Deleting packet queue
17:02:12.212 > [452213][V][LoraMesher.cpp:641] processPackets(): [LoRaMesher] Stack space unused after entering the task: 2024
17:02:12.222 > [452223][V][LoraMesher.cpp:642] processPackets(): [LoRaMesher] Free heap: 335852
17:02:12.394 > ReceivedUserData_TaskHandle notify received
17:02:12.398 > Queue receiveUserData size: 1
17:02:12.400 > Packet arrived from B3F0 with size 8
17:02:12.404 > DATA:23 b3f0
17:02:13.614 > [453614][V][LoraMesher.cpp:378] receivingRoutine(): [LoRaMesher] Stack space unused after entering the task: 2032
17:02:13.625 > [453625][V][LoraMesher.cpp:379] receivingRoutine(): [LoRaMesher] Free heap: 335912
17:02:13.632 > [453632][I][PacketService.cpp:12] createEmptyPacket(): [LoRaMesher] Packet created with 17 bytes
17:02:13.641 > [453641][I][LoraMesher.cpp:392] receivingRoutine(): [LoRaMesher] Receiving LoRa packet: Size: 17 bytes RSSI: -28 SNR: 13
17:02:13.652 > [453652][V][LoraMesher.cpp:647] processPackets(): [LoRaMesher] Size of Received Packets Queue: 1
17:02:13.660 > [453661][V][LoraMesher.cpp:754] printHeaderPacket(): [LoRaMesher] Packet received -- Size: 17 Src: F02C Dst: D110 Id: 27 Type: 2 Via: D110 Seq_Id: 0 Num: 0
17:02:13.675 > [453675][I][LoraMesher.cpp:854] processDataPacket(): [LoRaMesher] Data packet from F02C, destination D110, via D110
17:02:13.685 > [453685][V][LoraMesher.cpp:857] processDataPacket(): [LoRaMesher] Data packet from F02C for me
17:02:13.693 > [453693][V][LoraMesher.cpp:893] processDataPacketForMe(): [LoRaMesher] Data Packet received
17:02:13.702 > [453701][I][PacketQueueService.h:80] deleteQueuePacketAndPacket(): [LoRaMesher] Deleting packet
17:02:13.710 > [453710][I][PacketQueueService.h:83] deleteQueuePacketAndPacket(): [LoRaMesher] Deleting packet queue
17:02:13.718 > [453719][V][LoraMesher.cpp:641] processPackets(): [LoRaMesher] Stack space unused after entering the task: 2024
17:02:13.729 > [453729][V][LoraMesher.cpp:642] processPackets(): [LoRaMesher] Free heap: 335852
17:02:13.900 > ReceivedUserData_TaskHandle notify received
17:02:13.904 > Queue receiveUserData size: 1
17:02:13.906 > Packet arrived from F02C with size 8
17:02:13.910 > DATA:23 f02c
17:02:26.239 > [466239][V][LoraMesher.cpp:378] receivingRoutine(): [LoRaMesher] Stack space unused after entering the task: 2032
17:02:26.249 > [466249][V][LoraMesher.cpp:379] receivingRoutine(): [LoRaMesher] Free heap: 335912
17:02:26.257 > [466257][I][PacketService.cpp:12] createEmptyPacket(): [LoRaMesher] Packet created with 17 bytes
17:02:26.266 > [466266][I][LoraMesher.cpp:392] receivingRoutine(): [LoRaMesher] Receiving LoRa packet: Size: 17 bytes RSSI: -75 SNR: 2
17:02:26.277 > [466277][V][LoraMesher.cpp:647] processPackets(): [LoRaMesher] Size of Received Packets Queue: 1
17:02:26.286 > [466285][V][LoraMesher.cpp:754] printHeaderPacket(): [LoRaMesher] Packet received -- Size: 17 Src: C998 Dst: D110 Id: 13 Type: 2 Via: D110 Seq_Id: 0 Num: 0
17:02:26.299 > [466299][I][LoraMesher.cpp:854] processDataPacket(): [LoRaMesher] Data packet from C998, destination D110, via D110
17:02:26.309 > [466309][V][LoraMesher.cpp:857] processDataPacket(): [LoRaMesher] Data packet from C998 for me
17:02:26.318 > [466318][V][LoraMesher.cpp:893] processDataPacketForMe(): [LoRaMesher] Data Packet received
17:02:26.326 > [466326][I][PacketQueueService.h:80] deleteQueuePacketAndPacket(): [LoRaMesher] Deleting packet
17:02:26.335 > [466334][I][PacketQueueService.h:83] deleteQueuePacketAndPacket(): [LoRaMesher] Deleting packet queue
17:02:26.344 > [466343][V][LoraMesher.cpp:641] processPackets(): [LoRaMesher] Stack space unused after entering the task: 2024
17:02:26.354 > [466353][V][LoraMesher.cpp:642] processPackets(): [LoRaMesher] Free heap: 335852
17:02:26.525 > ReceivedUserData_TaskHandle notify received
17:02:26.530 > Queue receiveUserData size: 1
17:02:26.532 > Packet arrived from C998 with size 8
17:02:26.535 > DATA:11 c998
17:02:31.328 > [471329][V][LoraMesher.cpp:378] receivingRoutine(): [LoRaMesher] Stack space unused after entering the task: 2032
17:02:31.339 > [471339][V][LoraMesher.cpp:379] receivingRoutine(): [LoRaMesher] Free heap: 335912
17:02:31.347 > [471347][I][PacketService.cpp:12] createEmptyPacket(): [LoRaMesher] Packet created with 24 bytes
17:02:31.355 > [471355][I][LoraMesher.cpp:392] receivingRoutine(): [LoRaMesher] Receiving LoRa packet: Size: 24 bytes RSSI: 0 SNR: 4
17:02:31.366 > [471366][W][LoraMesher.cpp:403] receivingRoutine(): [LoRaMesher] Reading packet data gave error: -7
17:02:32.078 > [472078][V][LoraMesher.cpp:378] receivingRoutine(): [LoRaMesher] Stack space unused after entering the task: 2032
17:02:32.089 > [472088][V][LoraMesher.cpp:379] receivingRoutine(): [LoRaMesher] Free heap: 335912
17:02:32.096 > [472096][I][PacketService.cpp:12] createEmptyPacket(): [LoRaMesher] Packet created with 17 bytes
17:02:32.105 > [472105][I][LoraMesher.cpp:392] receivingRoutine(): [LoRaMesher] Receiving LoRa packet: Size: 17 bytes RSSI: 0 SNR: 13
17:02:32.116 > [472116][V][LoraMesher.cpp:647] processPackets(): [LoRaMesher] Size of Received Packets Queue: 1
17:02:32.125 > [472124][V][LoraMesher.cpp:754] printHeaderPacket(): [LoRaMesher] Packet received -- Size: 17 Src: B3F0 Dst: D110 Id: 29 Type: 2 Via: D110 Seq_Id: 0 Num: 0
17:02:32.138 > [472138][I][LoraMesher.cpp:854] processDataPacket(): [LoRaMesher] Data packet from B3F0, destination D110, via D110
17:02:32.148 > [472148][V][LoraMesher.cpp:857] processDataPacket(): [LoRaMesher] Data packet from B3F0 for me
17:02:32.157 > [472157][V][LoraMesher.cpp:893] processDataPacketForMe(): [LoRaMesher] Data Packet received
17:02:32.165 > [472165][I][PacketQueueService.h:80] deleteQueuePacketAndPacket(): [LoRaMesher] Deleting packet
17:02:32.174 > [472174][I][PacketQueueService.h:83] deleteQueuePacketAndPacket(): [LoRaMesher] Deleting packet queue
17:02:32.183 > [472183][V][LoraMesher.cpp:641] processPackets(): [LoRaMesher] Stack space unused after entering the task: 2024
17:02:32.193 > [472192][V][LoraMesher.cpp:642] processPackets(): [LoRaMesher] Free heap: 335852
17:02:32.364 > ReceivedUserData_TaskHandle notify received
17:02:32.368 > Queue receiveUserData size: 1
17:02:32.371 > Packet arrived from B3F0 with size 8
17:02:32.374 > DATA:24 b3f0
17:02:33.342 > [473342][V][LoraMesher.cpp:378] receivingRoutine(): [LoRaMesher] Stack space unused after entering the task: 2032
17:02:33.353 > [473353][V][LoraMesher.cpp:379] receivingRoutine(): [LoRaMesher] Free heap: 335912
17:02:33.360 > [473360][I][PacketService.cpp:12] createEmptyPacket(): [LoRaMesher] Packet created with 17 bytes
17:02:33.369 > [473369][I][LoraMesher.cpp:392] receivingRoutine(): [LoRaMesher] Receiving LoRa packet: Size: 17 bytes RSSI: -27 SNR: 13
17:02:33.380 > [473380][V][LoraMesher.cpp:647] processPackets(): [LoRaMesher] Size of Received Packets Queue: 1
17:02:33.389 > [473389][V][LoraMesher.cpp:754] printHeaderPacket(): [LoRaMesher] Packet received -- Size: 17 Src: F02C Dst: D110 Id: 29 Type: 2 Via: D110 Seq_Id: 0 Num: 0
17:02:33.403 > [473403][I][LoraMesher.cpp:854] processDataPacket(): [LoRaMesher] Data packet from F02C, destination D110, via D110
17:02:33.413 > [473413][V][LoraMesher.cpp:857] processDataPacket(): [LoRaMesher] Data packet from F02C for me
17:02:33.421 > [473421][V][LoraMesher.cpp:893] processDataPacketForMe(): [LoRaMesher] Data Packet received
17:02:33.429 > [473429][I][PacketQueueService.h:80] deleteQueuePacketAndPacket(): [LoRaMesher] Deleting packet
17:02:33.438 > [473438][I][PacketQueueService.h:83] deleteQueuePacketAndPacket(): [LoRaMesher] Deleting packet queue
17:02:33.447 > [473447][V][LoraMesher.cpp:641] processPackets(): [LoRaMesher] Stack space unused after entering the task: 2024
17:02:33.457 > [473457][V][LoraMesher.cpp:642] processPackets(): [LoRaMesher] Free heap: 335852
17:02:33.628 > ReceivedUserData_TaskHandle notify received
17:02:33.632 > Queue receiveUserData size: 1
17:02:33.635 > Packet arrived from F02C with size 8
17:02:33.638 > DATA:24 f02c
17:02:34.359 > [474360][V][LoraMesher.cpp:378] receivingRoutine(): [LoRaMesher] Stack space unused after entering the task: 2032
17:02:34.370 > [474370][V][LoraMesher.cpp:379] receivingRoutine(): [LoRaMesher] Free heap: 335912
17:02:34.377 > [474377][I][PacketService.cpp:12] createEmptyPacket(): [LoRaMesher] Packet created with 17 bytes
17:02:34.386 > [474386][I][LoraMesher.cpp:392] receivingRoutine(): [LoRaMesher] Receiving LoRa packet: Size: 17 bytes RSSI: -23 SNR: 12
17:02:34.397 > [474397][V][LoraMesher.cpp:647] processPackets(): [LoRaMesher] Size of Received Packets Queue: 1
17:02:34.406 > [474406][V][LoraMesher.cpp:754] printHeaderPacket(): [LoRaMesher] Packet received -- Size: 17 Src: DE6C Dst: D110 Id: 29 Type: 2 Via: D110 Seq_Id: 0 Num: 0
17:02:34.420 > [474420][I][LoraMesher.cpp:854] processDataPacket(): [LoRaMesher] Data packet from DE6C, destination D110, via D110
17:02:34.430 > [474430][V][LoraMesher.cpp:857] processDataPacket(): [LoRaMesher] Data packet from DE6C for me
17:02:34.438 > [474438][V][LoraMesher.cpp:893] processDataPacketForMe(): [LoRaMesher] Data Packet received
17:02:34.447 > [474447][I][PacketQueueService.h:80] deleteQueuePacketAndPacket(): [LoRaMesher] Deleting packet
17:02:34.455 > [474455][I][PacketQueueService.h:83] deleteQueuePacketAndPacket(): [LoRaMesher] Deleting packet queue
17:02:34.464 > [474464][V][LoraMesher.cpp:641] processPackets(): [LoRaMesher] Stack space unused after entering the task: 2024
17:02:34.474 > [474474][V][LoraMesher.cpp:642] processPackets(): [LoRaMesher] Free heap: 335852
17:02:34.646 > ReceivedUserData_TaskHandle notify received
17:02:34.650 > Queue receiveUserData size: 1
17:02:34.653 > Packet arrived from DE6C with size 8
17:02:34.656 > DATA:24 de6c
17:02:46.367 > [486367][V][LoraMesher.cpp:378] receivingRoutine(): [LoRaMesher] Stack space unused after entering the task: 2032
17:02:46.377 > [486377][V][LoraMesher.cpp:379] receivingRoutine(): [LoRaMesher] Free heap: 335912
17:02:46.385 > [486385][I][PacketService.cpp:12] createEmptyPacket(): [LoRaMesher] Packet created with 17 bytes
17:02:46.394 > [486394][I][LoraMesher.cpp:392] receivingRoutine(): [LoRaMesher] Receiving LoRa packet: Size: 17 bytes RSSI: -76 SNR: 0
17:02:46.405 > [486405][V][LoraMesher.cpp:647] processPackets(): [LoRaMesher] Size of Received Packets Queue: 1
17:02:46.413 > [486413][V][LoraMesher.cpp:754] printHeaderPacket(): [LoRaMesher] Packet received -- Size: 17 Src: C998 Dst: D110 Id: 14 Type: 2 Via: D110 Seq_Id: 0 Num: 0
17:02:46.427 > [486427][I][LoraMesher.cpp:854] processDataPacket(): [LoRaMesher] Data packet from C998, destination D110, via D110
17:02:46.437 > [486437][V][LoraMesher.cpp:857] processDataPacket(): [LoRaMesher] Data packet from C998 for me
17:02:46.446 > [486446][V][LoraMesher.cpp:893] processDataPacketForMe(): [LoRaMesher] Data Packet received
17:02:46.454 > [486454][I][PacketQueueService.h:80] deleteQueuePacketAndPacket(): [LoRaMesher] Deleting packet
17:02:46.462 > [486463][I][PacketQueueService.h:83] deleteQueuePacketAndPacket(): [LoRaMesher] Deleting packet queue
17:02:46.471 > [486472][V][LoraMesher.cpp:641] processPackets(): [LoRaMesher] Stack space unused after entering the task: 2024
17:02:46.481 > [486481][V][LoraMesher.cpp:642] processPackets(): [LoRaMesher] Free heap: 335852
17:02:46.653 > ReceivedUserData_TaskHandle notify received
17:02:46.657 > Queue receiveUserData size: 1
17:02:46.660 > Packet arrived from C998 with size 8
17:02:46.663 > DATA:12 c998
17:02:47.180 > [487180][V][LoraMesher.cpp:378] receivingRoutine(): [LoRaMesher] Stack space unused after entering the task: 2032
17:02:47.190 > [487190][V][LoraMesher.cpp:379] receivingRoutine(): [LoRaMesher] Free heap: 335912
17:02:47.198 > [487198][I][PacketService.cpp:12] createEmptyPacket(): [LoRaMesher] Packet created with 24 bytes
17:02:47.206 > [487207][I][LoraMesher.cpp:392] receivingRoutine(): [LoRaMesher] Receiving LoRa packet: Size: 24 bytes RSSI: -76 SNR: 0
17:02:47.218 > [487218][V][LoraMesher.cpp:647] processPackets(): [LoRaMesher] Size of Received Packets Queue: 1
17:02:47.226 > [487226][V][LoraMesher.cpp:754] printHeaderPacket(): [LoRaMesher] Packet received -- Size: 24 Src: C998 Dst: FFFF Id: 15 Type: 4 Via: 0 Seq_Id: 0 Num: 0
17:02:47.240 > [487240][I][RoutingTableService.cpp:77] processRoute(): [LoRaMesher] Route packet from C998 with size 4
17:02:47.249 > [487249][I][RoutingTableService.cpp:99] resetReceiveSNRRoutePacket(): [LoRaMesher] Reset Receive SNR from C998: 0
17:02:47.259 > [487259][I][RoutingTableService.cpp:192] printRoutingTable(): [LoRaMesher] Current routing table:
17:02:47.268 > [487268][I][RoutingTableService.cpp:206] printRoutingTable(): [LoRaMesher] 0 - B3F0 via B3F0 metric 1 Role 0
17:02:47.277 > [487278][I][RoutingTableService.cpp:206] printRoutingTable(): [LoRaMesher] 1 - F02C via F02C metric 1 Role 0
17:02:47.287 > [487287][I][RoutingTableService.cpp:206] printRoutingTable(): [LoRaMesher] 2 - DE6C via DE6C metric 1 Role 0
17:02:47.297 > [487297][I][RoutingTableService.cpp:206] printRoutingTable(): [LoRaMesher] 3 - C998 via C998 metric 1 Role 0
17:02:47.306 > [487307][I][PacketQueueService.h:80] deleteQueuePacketAndPacket(): [LoRaMesher] Deleting packet
17:02:47.315 > [487315][I][PacketQueueService.h:83] deleteQueuePacketAndPacket(): [LoRaMesher] Deleting packet queue
17:02:47.324 > [487324][V][LoraMesher.cpp:641] processPackets(): [LoRaMesher] Stack space unused after entering the task: 2024
17:02:47.334 > [487334][V][LoraMesher.cpp:642] processPackets(): [LoRaMesher] Free heap: 335912
17:02:48.153 > [488154][V][LoraMesher.cpp:598] sendHelloPacket(): [LoRaMesher] Creating Routing Packet
17:02:48.161 > [488161][V][LoraMesher.cpp:599] sendHelloPacket(): [LoRaMesher] Stack space unused after entering the task: 2328
17:02:48.171 > [488171][V][LoraMesher.cpp:600] sendHelloPacket(): [LoRaMesher] Free heap: 335912
17:02:48.178 > [488179][V][PacketFactory.h:45] createPacket(): [LoRaMesher] Creating packet with 24 bytes
17:02:48.186 > [488187][I][PacketFactory.h:74] createPacket(): [LoRaMesher] Packet created with 24 bytes
17:02:48.194 > [488195][I][LoraMesher.h:659] setPackedForSend(): [LoRaMesher] Adding packet to Q_SP
17:02:48.202 > [488202][I][LoraMesher.h:661] setPackedForSend(): [LoRaMesher] Created packet to Q_SP
17:02:48.210 > [488210][I][LoraMesher.cpp:1061] addToSendOrderedAndNotify(): [LoRaMesher] Added packet to Q_SP, notifying sender task
17:02:48.220 > [488220][V][LoraMesher.cpp:511] sendPackets(): [LoRaMesher] Stack space unused after entering the task: 2244
17:02:48.230 > [488230][V][LoraMesher.cpp:512] sendPackets(): [LoRaMesher] Free heap: 335804
17:02:48.237 > [488237][V][LoraMesher.cpp:518] sendPackets(): [LoRaMesher] Size of Send Packets Queue: 1
17:02:48.245 > [488245][V][LoraMesher.cpp:525] sendPackets(): [LoRaMesher] Send n. 4
17:02:48.251 > [488251][V][LoraMesher.cpp:455] waitBeforeSend(): [LoRaMesher] RandomDelay 1176 ms
17:02:49.434 > [489435][V][LoraMesher.cpp:754] printHeaderPacket(): [LoRaMesher] Packet send -- Size: 24 Src: D110 Dst: FFFF Id: 4 Type: 4 Via: 0 Seq_Id: 0 Num: 0
17:02:49.538 > [489539][V][LoraMesher.cpp:575] sendPackets(): [LoRaMesher] TimeOnAir 78 ms, next message in 0 ms
17:02:49.547 > [489547][I][PacketQueueService.h:80] deleteQueuePacketAndPacket(): [LoRaMesher] Deleting packet
17:02:49.556 > [489556][I][PacketQueueService.h:83] deleteQueuePacketAndPacket(): [LoRaMesher] Deleting packet queue
17:02:51.026 > [491026][V][LoraMesher.cpp:378] receivingRoutine(): [LoRaMesher] Stack space unused after entering the task: 2032
17:02:51.036 > [491036][V][LoraMesher.cpp:379] receivingRoutine(): [LoRaMesher] Free heap: 335912
17:02:51.044 > [491044][I][PacketService.cpp:12] createEmptyPacket(): [LoRaMesher] Packet created with 17 bytes
17:02:51.053 > [491053][I][LoraMesher.cpp:392] receivingRoutine(): [LoRaMesher] Receiving LoRa packet: Size: 17 bytes RSSI: 0 SNR: 13
17:02:51.064 > [491064][V][LoraMesher.cpp:647] processPackets(): [LoRaMesher] Size of Received Packets Queue: 1
17:02:51.072 > [491072][V][LoraMesher.cpp:754] printHeaderPacket(): [LoRaMesher] Packet received -- Size: 17 Src: B3F0 Dst: D110 Id: 30 Type: 2 Via: D110 Seq_Id: 0 Num: 0
17:02:51.086 > [491086][I][LoraMesher.cpp:854] processDataPacket(): [LoRaMesher] Data packet from B3F0, destination D110, via D110
17:02:51.096 > [491096][V][LoraMesher.cpp:857] processDataPacket(): [LoRaMesher] Data packet from B3F0 for me
17:02:51.105 > [491105][V][LoraMesher.cpp:893] processDataPacketForMe(): [LoRaMesher] Data Packet received
17:02:51.113 > [491113][I][PacketQueueService.h:80] deleteQueuePacketAndPacket(): [LoRaMesher] Deleting packet
17:02:51.121 > [491122][I][PacketQueueService.h:83] deleteQueuePacketAndPacket(): [LoRaMesher] Deleting packet queue
17:02:51.130 > [491131][V][LoraMesher.cpp:641] processPackets(): [LoRaMesher] Stack space unused after entering the task: 2024
17:02:51.140 > [491141][V][LoraMesher.cpp:642] processPackets(): [LoRaMesher] Free heap: 335852
17:02:51.312 > ReceivedUserData_TaskHandle notify received
17:02:51.316 > Queue receiveUserData size: 1
17:02:51.319 > Packet arrived from B3F0 with size 8
17:02:51.322 > DATA:25 b3f0
17:02:52.274 > [492274][V][LoraMesher.cpp:378] receivingRoutine(): [LoRaMesher] Stack space unused after entering the task: 2032
17:02:52.284 > [492285][V][LoraMesher.cpp:379] receivingRoutine(): [LoRaMesher] Free heap: 335912
17:02:52.292 > [492292][I][PacketService.cpp:12] createEmptyPacket(): [LoRaMesher] Packet created with 17 bytes
17:02:52.301 > [492301][I][LoraMesher.cpp:392] receivingRoutine(): [LoRaMesher] Receiving LoRa packet: Size: 17 bytes RSSI: -27 SNR: 12
17:02:52.312 > [492312][V][LoraMesher.cpp:647] processPackets(): [LoRaMesher] Size of Received Packets Queue: 1
17:02:52.321 > [492321][V][LoraMesher.cpp:754] printHeaderPacket(): [LoRaMesher] Packet received -- Size: 17 Src: F02C Dst: D110 Id: 30 Type: 2 Via: D110 Seq_Id: 0 Num: 0
17:02:52.334 > [492335][I][LoraMesher.cpp:854] processDataPacket(): [LoRaMesher] Data packet from F02C, destination D110, via D110
17:02:52.344 > [492345][V][LoraMesher.cpp:857] processDataPacket(): [LoRaMesher] Data packet from F02C for me
17:02:52.353 > [492353][V][LoraMesher.cpp:893] processDataPacketForMe(): [LoRaMesher] Data Packet received
17:02:52.361 > [492361][I][PacketQueueService.h:80] deleteQueuePacketAndPacket(): [LoRaMesher] Deleting packet
17:02:52.370 > [492370][I][PacketQueueService.h:83] deleteQueuePacketAndPacket(): [LoRaMesher] Deleting packet queue
17:02:52.379 > [492379][V][LoraMesher.cpp:641] processPackets(): [LoRaMesher] Stack space unused after entering the task: 2024
17:02:52.388 > [492389][V][LoraMesher.cpp:642] processPackets(): [LoRaMesher] Free heap: 335852
17:02:52.560 > ReceivedUserData_TaskHandle notify received
17:02:52.564 > Queue receiveUserData size: 1
17:02:52.567 > Packet arrived from F02C with size 8
17:02:52.570 > DATA:25 f02c
17:02:53.615 > [493615][V][LoraMesher.cpp:378] receivingRoutine(): [LoRaMesher] Stack space unused after entering the task: 2032
17:02:53.625 > [493625][V][LoraMesher.cpp:379] receivingRoutine(): [LoRaMesher] Free heap: 335912
17:02:53.633 > [493633][I][PacketService.cpp:12] createEmptyPacket(): [LoRaMesher] Packet created with 17 bytes
17:02:53.641 > [493642][I][LoraMesher.cpp:392] receivingRoutine(): [LoRaMesher] Receiving LoRa packet: Size: 17 bytes RSSI: -23 SNR: 13
17:02:53.653 > [493653][V][LoraMesher.cpp:647] processPackets(): [LoRaMesher] Size of Received Packets Queue: 1
17:02:53.661 > [493662][V][LoraMesher.cpp:754] printHeaderPacket(): [LoRaMesher] Packet received -- Size: 17 Src: DE6C Dst: D110 Id: 30 Type: 2 Via: D110 Seq_Id: 0 Num: 0
17:02:53.675 > [493675][I][LoraMesher.cpp:854] processDataPacket(): [LoRaMesher] Data packet from DE6C, destination D110, via D110
17:02:53.685 > [493686][V][LoraMesher.cpp:857] processDataPacket(): [LoRaMesher] Data packet from DE6C for me
17:02:53.694 > [493694][V][LoraMesher.cpp:893] processDataPacketForMe(): [LoRaMesher] Data Packet received
17:02:53.702 > [493702][I][PacketQueueService.h:80] deleteQueuePacketAndPacket(): [LoRaMesher] Deleting packet
17:02:53.710 > [493711][I][PacketQueueService.h:83] deleteQueuePacketAndPacket(): [LoRaMesher] Deleting packet queue
17:02:53.719 > [493720][V][LoraMesher.cpp:641] processPackets(): [LoRaMesher] Stack space unused after entering the task: 2024
17:02:53.729 > [493730][V][LoraMesher.cpp:642] processPackets(): [LoRaMesher] Free heap: 335852
17:02:53.901 > ReceivedUserData_TaskHandle notify received
17:02:53.905 > Queue receiveUserData size: 1
17:02:53.908 > Packet arrived from DE6C with size 8
17:02:53.911 > DATA:25 de6c
17:03:05.641 > [505641][V][LoraMesher.cpp:378] receivingRoutine(): [LoRaMesher] Stack space unused after entering the task: 2032
17:03:05.651 > [505651][V][LoraMesher.cpp:379] receivingRoutine(): [LoRaMesher] Free heap: 335912
17:03:05.658 > [505659][I][PacketService.cpp:12] createEmptyPacket(): [LoRaMesher] Packet created with 17 bytes
17:03:05.667 > [505668][I][LoraMesher.cpp:392] receivingRoutine(): [LoRaMesher] Receiving LoRa packet: Size: 17 bytes RSSI: -72 SNR: 3
17:03:05.678 > [505679][V][LoraMesher.cpp:647] processPackets(): [LoRaMesher] Size of Received Packets Queue: 1
17:03:05.687 > [505687][V][LoraMesher.cpp:754] printHeaderPacket(): [LoRaMesher] Packet received -- Size: 17 Src: C998 Dst: D110 Id: 16 Type: 2 Via: D110 Seq_Id: 0 Num: 0
17:03:05.701 > [505701][I][LoraMesher.cpp:854] processDataPacket(): [LoRaMesher] Data packet from C998, destination D110, via D110
17:03:05.711 > [505712][V][LoraMesher.cpp:857] processDataPacket(): [LoRaMesher] Data packet from C998 for me
17:03:05.719 > [505720][V][LoraMesher.cpp:893] processDataPacketForMe(): [LoRaMesher] Data Packet received
17:03:05.728 > [505728][I][PacketQueueService.h:80] deleteQueuePacketAndPacket(): [LoRaMesher] Deleting packet
17:03:05.736 > [505737][I][PacketQueueService.h:83] deleteQueuePacketAndPacket(): [LoRaMesher] Deleting packet queue
17:03:05.745 > [505746][V][LoraMesher.cpp:641] processPackets(): [LoRaMesher] Stack space unused after entering the task: 2024
17:03:05.755 > [505756][V][LoraMesher.cpp:642] processPackets(): [LoRaMesher] Free heap: 335852
17:03:05.927 > ReceivedUserData_TaskHandle notify received
17:03:05.931 > Queue receiveUserData size: 1
17:03:05.933 > Packet arrived from C998 with size 8
17:03:05.937 > DATA:13 c998
17:03:06.957 > [506958][V][LoraMesher.h:250] createPacketAndSend(): [LoRaMesher] Creating a packet for send with 8 bytes
17:03:06.967 > [506967][V][PacketFactory.h:45] createPacket(): [LoRaMesher] Creating packet with 17 bytes
17:03:06.975 > [506976][I][PacketFactory.h:74] createPacket(): [LoRaMesher] Packet created with 17 bytes
17:03:06.983 > [506983][I][LoraMesher.h:659] setPackedForSend(): [LoRaMesher] Adding packet to Q_SP
17:03:06.990 > [506991][I][LoraMesher.h:661] setPackedForSend(): [LoRaMesher] Created packet to Q_SP
17:03:06.998 > [506999][I][LoraMesher.cpp:1061] addToSendOrderedAndNotify(): [LoRaMesher] Added packet to Q_SP, notifying sender task
17:03:07.009 > [507009][V][LoraMesher.cpp:511] sendPackets(): [LoRaMesher] Stack space unused after entering the task: 2244
17:03:07.018 > [507019][V][LoraMesher.cpp:512] sendPackets(): [LoRaMesher] Free heap: 335804
17:03:07.025 > [507026][V][LoraMesher.cpp:518] sendPackets(): [LoRaMesher] Size of Send Packets Queue: 1
17:03:07.033 > [507034][V][LoraMesher.cpp:525] sendPackets(): [LoRaMesher] Send n. 5
17:03:07.039 > [507040][E][LoraMesher.cpp:536] sendPackets(): [LoRaMesher] NextHop Not found from D110, destination 0
17:03:07.049 > [507049][I][PacketQueueService.h:80] deleteQueuePacketAndPacket(): [LoRaMesher] Deleting packet
17:03:07.057 > [507058][I][PacketQueueService.h:83] deleteQueuePacketAndPacket(): [LoRaMesher] Deleting packet queue
17:03:11.283 > [511283][V][LoraMesher.cpp:378] receivingRoutine(): [LoRaMesher] Stack space unused after entering the task: 2032
17:03:11.293 > [511294][V][LoraMesher.cpp:379] receivingRoutine(): [LoRaMesher] Free heap: 335912
17:03:11.301 > [511301][I][PacketService.cpp:12] createEmptyPacket(): [LoRaMesher] Packet created with 17 bytes
17:03:11.309 > [511310][I][LoraMesher.cpp:392] receivingRoutine(): [LoRaMesher] Receiving LoRa packet: Size: 17 bytes RSSI: -27 SNR: 13
17:03:11.321 > [511321][V][LoraMesher.cpp:647] processPackets(): [LoRaMesher] Size of Received Packets Queue: 1
17:03:11.329 > [511330][V][LoraMesher.cpp:754] printHeaderPacket(): [LoRaMesher] Packet received -- Size: 17 Src: F02C Dst: D110 Id: 31 Type: 2 Via: D110 Seq_Id: 0 Num: 0
17:03:11.343 > [511344][I][LoraMesher.cpp:854] processDataPacket(): [LoRaMesher] Data packet from F02C, destination D110, via D110
17:03:11.353 > [511354][V][LoraMesher.cpp:857] processDataPacket(): [LoRaMesher] Data packet from F02C for me
17:03:11.362 > [511362][V][LoraMesher.cpp:893] processDataPacketForMe(): [LoRaMesher] Data Packet received
17:03:11.370 > [511370][I][PacketQueueService.h:80] deleteQueuePacketAndPacket(): [LoRaMesher] Deleting packet
17:03:11.378 > [511379][I][PacketQueueService.h:83] deleteQueuePacketAndPacket(): [LoRaMesher] Deleting packet queue
17:03:11.387 > [511388][V][LoraMesher.cpp:641] processPackets(): [LoRaMesher] Stack space unused after entering the task: 2024
17:03:11.397 > [511398][V][LoraMesher.cpp:642] processPackets(): [LoRaMesher] Free heap: 335852
17:03:11.569 > ReceivedUserData_TaskHandle notify received
17:03:11.573 > Queue receiveUserData size: 1
17:03:11.575 > Packet arrived from F02C with size 8
17:03:11.579 > DATA:26 f02c
17:03:11.817 > [511818][V][LoraMesher.cpp:378] receivingRoutine(): [LoRaMesher] Stack space unused after entering the task: 2032
17:03:11.827 > [511828][V][LoraMesher.cpp:379] receivingRoutine(): [LoRaMesher] Free heap: 335912
17:03:11.835 > [511835][I][PacketService.cpp:12] createEmptyPacket(): [LoRaMesher] Packet created with 17 bytes
17:03:11.844 > [511844][I][LoraMesher.cpp:392] receivingRoutine(): [LoRaMesher] Receiving LoRa packet: Size: 17 bytes RSSI: -25 SNR: 12
17:03:11.855 > [511855][V][LoraMesher.cpp:647] processPackets(): [LoRaMesher] Size of Received Packets Queue: 1
17:03:11.863 > [511864][V][LoraMesher.cpp:754] printHeaderPacket(): [LoRaMesher] Packet received -- Size: 17 Src: DE6C Dst: D110 Id: 31 Type: 2 Via: D110 Seq_Id: 0 Num: 0
17:03:11.877 > [511878][I][LoraMesher.cpp:854] processDataPacket(): [LoRaMesher] Data packet from DE6C, destination D110, via D110
17:03:11.887 > [511888][V][LoraMesher.cpp:857] processDataPacket(): [LoRaMesher] Data packet from DE6C for me
17:03:11.896 > [511896][V][LoraMesher.cpp:893] processDataPacketForMe(): [LoRaMesher] Data Packet received
17:03:11.904 > [511905][I][PacketQueueService.h:80] deleteQueuePacketAndPacket(): [LoRaMesher] Deleting packet
17:03:11.912 > [511913][I][PacketQueueService.h:83] deleteQueuePacketAndPacket(): [LoRaMesher] Deleting packet queue
17:03:11.922 > [511922][V][LoraMesher.cpp:641] processPackets(): [LoRaMesher] Stack space unused after entering the task: 2024
17:03:11.931 > [511932][V][LoraMesher.cpp:642] processPackets(): [LoRaMesher] Free heap: 335852
17:03:12.104 > ReceivedUserData_TaskHandle notify received
17:03:12.108 > Queue receiveUserData size: 1
17:03:12.110 > Packet arrived from DE6C with size 8
17:03:12.114 > DATA:26 de6c
17:03:13.745 > [513746][V][LoraMesher.cpp:378] receivingRoutine(): [LoRaMesher] Stack space unused after entering the task: 2032
17:03:13.756 > [513756][V][LoraMesher.cpp:379] receivingRoutine(): [LoRaMesher] Free heap: 335912
17:03:13.763 > [513764][I][PacketService.cpp:12] createEmptyPacket(): [LoRaMesher] Packet created with 17 bytes
17:03:13.772 > [513773][I][LoraMesher.cpp:392] receivingRoutine(): [LoRaMesher] Receiving LoRa packet: Size: 17 bytes RSSI: 0 SNR: 13
17:03:13.783 > [513784][V][LoraMesher.cpp:647] processPackets(): [LoRaMesher] Size of Received Packets Queue: 1
17:03:13.792 > [513792][V][LoraMesher.cpp:754] printHeaderPacket(): [LoRaMesher] Packet received -- Size: 17 Src: B3F0 Dst: D110 Id: 31 Type: 2 Via: D110 Seq_Id: 0 Num: 0
17:03:13.805 > [513806][I][LoraMesher.cpp:854] processDataPacket(): [LoRaMesher] Data packet from B3F0, destination D110, via D110
17:03:13.816 > [513816][V][LoraMesher.cpp:857] processDataPacket(): [LoRaMesher] Data packet from B3F0 for me
17:03:13.824 > [513825][V][LoraMesher.cpp:893] processDataPacketForMe(): [LoRaMesher] Data Packet received
17:03:13.832 > [513833][I][PacketQueueService.h:80] deleteQueuePacketAndPacket(): [LoRaMesher] Deleting packet
17:03:13.841 > [513841][I][PacketQueueService.h:83] deleteQueuePacketAndPacket(): [LoRaMesher] Deleting packet queue
17:03:13.850 > [513850][V][LoraMesher.cpp:641] processPackets(): [LoRaMesher] Stack space unused after entering the task: 2024
17:03:13.860 > [513860][V][LoraMesher.cpp:642] processPackets(): [LoRaMesher] Free heap: 335852
17:03:14.032 > ReceivedUserData_TaskHandle notify received
17:03:14.036 > Queue receiveUserData size: 1
17:03:14.038 > Packet arrived from B3F0 with size 8
17:03:14.042 > DATA:26 b3f0
17:03:26.491 > [526492][V][LoraMesher.cpp:378] receivingRoutine(): [LoRaMesher] Stack space unused after entering the task: 2032
17:03:26.502 > [526502][V][LoraMesher.cpp:379] receivingRoutine(): [LoRaMesher] Free heap: 335912
17:03:26.509 > [526510][I][PacketService.cpp:12] createEmptyPacket(): [LoRaMesher] Packet created with 17 bytes
17:03:26.518 > [526519][I][LoraMesher.cpp:392] receivingRoutine(): [LoRaMesher] Receiving LoRa packet: Size: 17 bytes RSSI: -72 SNR: 3
17:03:26.529 > [526530][V][LoraMesher.cpp:647] processPackets(): [LoRaMesher] Size of Received Packets Queue: 1
17:03:26.538 > [526539][V][LoraMesher.cpp:754] printHeaderPacket(): [LoRaMesher] Packet received -- Size: 17 Src: C998 Dst: D110 Id: 17 Type: 2 Via: D110 Seq_Id: 0 Num: 0
17:03:26.551 > [526552][I][LoraMesher.cpp:854] processDataPacket(): [LoRaMesher] Data packet from C998, destination D110, via D110
17:03:26.562 > [526563][V][LoraMesher.cpp:857] processDataPacket(): [LoRaMesher] Data packet from C998 for me
17:03:26.570 > [526571][V][LoraMesher.cpp:893] processDataPacketForMe(): [LoRaMesher] Data Packet received
17:03:26.578 > [526579][I][PacketQueueService.h:80] deleteQueuePacketAndPacket(): [LoRaMesher] Deleting packet
17:03:26.587 > [526588][I][PacketQueueService.h:83] deleteQueuePacketAndPacket(): [LoRaMesher] Deleting packet queue
17:03:26.596 > [526597][V][LoraMesher.cpp:641] processPackets(): [LoRaMesher] Stack space unused after entering the task: 2024
17:03:26.606 > [526607][V][LoraMesher.cpp:642] processPackets(): [LoRaMesher] Free heap: 335852
17:03:26.777 > ReceivedUserData_TaskHandle notify received
17:03:26.782 > Queue receiveUserData size: 1
17:03:26.784 > Packet arrived from C998 with size 8
17:03:26.787 > DATA:14 c998
17:03:31.567 > [531568][V][LoraMesher.cpp:378] receivingRoutine(): [LoRaMesher] Stack space unused after entering the task: 2032
17:03:31.577 > [531578][V][LoraMesher.cpp:379] receivingRoutine(): [LoRaMesher] Free heap: 335912
17:03:31.585 > [531586][I][PacketService.cpp:12] createEmptyPacket(): [LoRaMesher] Packet created with 17 bytes
17:03:31.594 > [531595][I][LoraMesher.cpp:392] receivingRoutine(): [LoRaMesher] Receiving LoRa packet: Size: 17 bytes RSSI: 0 SNR: 13
17:03:31.605 > [531606][V][LoraMesher.cpp:647] processPackets(): [LoRaMesher] Size of Received Packets Queue: 1
17:03:31.613 > [531614][V][LoraMesher.cpp:754] printHeaderPacket(): [LoRaMesher] Packet received -- Size: 17 Src: B3F0 Dst: D110 Id: 32 Type: 2 Via: D110 Seq_Id: 0 Num: 0
17:03:31.627 > [531628][I][LoraMesher.cpp:854] processDataPacket(): [LoRaMesher] Data packet from B3F0, destination D110, via D110
17:03:31.637 > [531638][V][LoraMesher.cpp:857] processDataPacket(): [LoRaMesher] Data packet from B3F0 for me
17:03:31.646 > [531647][V][LoraMesher.cpp:893] processDataPacketForMe(): [LoRaMesher] Data Packet received
17:03:31.654 > [531655][I][PacketQueueService.h:80] deleteQueuePacketAndPacket(): [LoRaMesher] Deleting packet
17:03:31.662 > [531663][I][PacketQueueService.h:83] deleteQueuePacketAndPacket(): [LoRaMesher] Deleting packet queue
17:03:31.671 > [531672][V][LoraMesher.cpp:641] processPackets(): [LoRaMesher] Stack space unused after entering the task: 2024
17:03:31.681 > [531682][V][LoraMesher.cpp:642] processPackets(): [LoRaMesher] Free heap: 335852
17:03:31.853 > ReceivedUserData_TaskHandle notify received
17:03:31.857 > Queue receiveUserData size: 1
17:03:31.860 > Packet arrived from B3F0 with size 8
17:03:31.863 > DATA:27 b3f0
17:03:32.267 > [532268][V][LoraMesher.cpp:378] receivingRoutine(): [LoRaMesher] Stack space unused after entering the task: 2032
17:03:32.278 > [532278][V][LoraMesher.cpp:379] receivingRoutine(): [LoRaMesher] Free heap: 335912
17:03:32.285 > [532286][I][PacketService.cpp:12] createEmptyPacket(): [LoRaMesher] Packet created with 17 bytes
17:03:32.295 > [532295][I][LoraMesher.cpp:392] receivingRoutine(): [LoRaMesher] Receiving LoRa packet: Size: 17 bytes RSSI: -26 SNR: 13
17:03:32.305 > [532306][V][LoraMesher.cpp:647] processPackets(): [LoRaMesher] Size of Received Packets Queue: 1
17:03:32.314 > [532315][V][LoraMesher.cpp:754] printHeaderPacket(): [LoRaMesher] Packet received -- Size: 17 Src: F02C Dst: D110 Id: 32 Type: 2 Via: D110 Seq_Id: 0 Num: 0
17:03:32.327 > [532328][I][LoraMesher.cpp:854] processDataPacket(): [LoRaMesher] Data packet from F02C, destination D110, via D110
17:03:32.339 > [532339][V][LoraMesher.cpp:857] processDataPacket(): [LoRaMesher] Data packet from F02C for me
17:03:32.346 > [532347][V][LoraMesher.cpp:893] processDataPacketForMe(): [LoRaMesher] Data Packet received
17:03:32.354 > [532355][I][PacketQueueService.h:80] deleteQueuePacketAndPacket(): [LoRaMesher] Deleting packet
17:03:32.363 > [532364][I][PacketQueueService.h:83] deleteQueuePacketAndPacket(): [LoRaMesher] Deleting packet queue
17:03:32.372 > [532373][V][LoraMesher.cpp:641] processPackets(): [LoRaMesher] Stack space unused after entering the task: 2024
17:03:32.382 > [532383][V][LoraMesher.cpp:642] processPackets(): [LoRaMesher] Free heap: 335852
17:03:32.553 > ReceivedUserData_TaskHandle notify received
17:03:32.557 > Queue receiveUserData size: 1
17:03:32.560 > Packet arrived from F02C with size 8
17:03:32.563 > DATA:27 f02c
17:03:33.501 > [533502][V][LoraMesher.cpp:378] receivingRoutine(): [LoRaMesher] Stack space unused after entering the task: 2032
17:03:33.511 > [533512][V][LoraMesher.cpp:379] receivingRoutine(): [LoRaMesher] Free heap: 335912
17:03:33.519 > [533520][I][PacketService.cpp:12] createEmptyPacket(): [LoRaMesher] Packet created with 17 bytes
17:03:33.528 > [533529][I][LoraMesher.cpp:392] receivingRoutine(): [LoRaMesher] Receiving LoRa packet: Size: 17 bytes RSSI: -24 SNR: 12
17:03:33.539 > [533540][V][LoraMesher.cpp:647] processPackets(): [LoRaMesher] Size of Received Packets Queue: 1
17:03:33.548 > [533549][V][LoraMesher.cpp:754] printHeaderPacket(): [LoRaMesher] Packet received -- Size: 17 Src: DE6C Dst: D110 Id: 32 Type: 2 Via: D110 Seq_Id: 0 Num: 0
17:03:33.561 > [533562][I][LoraMesher.cpp:854] processDataPacket(): [LoRaMesher] Data packet from DE6C, destination D110, via D110
17:03:33.572 > [533573][V][LoraMesher.cpp:857] processDataPacket(): [LoRaMesher] Data packet from DE6C for me
17:03:33.580 > [533581][V][LoraMesher.cpp:893] processDataPacketForMe(): [LoRaMesher] Data Packet received
17:03:33.588 > [533589][I][PacketQueueService.h:80] deleteQueuePacketAndPacket(): [LoRaMesher] Deleting packet
17:03:33.597 > [533598][I][PacketQueueService.h:83] deleteQueuePacketAndPacket(): [LoRaMesher] Deleting packet queue
17:03:33.606 > [533607][V][LoraMesher.cpp:641] processPackets(): [LoRaMesher] Stack space unused after entering the task: 2024
17:03:33.616 > [533617][V][LoraMesher.cpp:642] processPackets(): [LoRaMesher] Free heap: 335852
17:03:33.787 > ReceivedUserData_TaskHandle notify received
17:03:33.791 > Queue receiveUserData size: 1
17:03:33.794 > Packet arrived from DE6C with size 8
17:03:33.797 > DATA:27 de6c
17:03:46.149 > [546150][V][LoraMesher.cpp:378] receivingRoutine(): [LoRaMesher] Stack space unused after entering the task: 2032
17:03:46.160 > [546161][V][LoraMesher.cpp:379] receivingRoutine(): [LoRaMesher] Free heap: 335912
17:03:46.168 > [546168][I][PacketService.cpp:12] createEmptyPacket(): [LoRaMesher] Packet created with 17 bytes
17:03:46.176 > [546177][I][LoraMesher.cpp:392] receivingRoutine(): [LoRaMesher] Receiving LoRa packet: Size: 17 bytes RSSI: -73 SNR: 4
17:03:46.187 > [546188][V][LoraMesher.cpp:647] processPackets(): [LoRaMesher] Size of Received Packets Queue: 1
17:03:46.196 > [546197][V][LoraMesher.cpp:754] printHeaderPacket(): [LoRaMesher] Packet received -- Size: 17 Src: C998 Dst: D110 Id: 18 Type: 2 Via: D110 Seq_Id: 0 Num: 0
17:03:46.210 > [546210][I][LoraMesher.cpp:854] processDataPacket(): [LoRaMesher] Data packet from C998, destination D110, via D110
17:03:46.220 > [546221][V][LoraMesher.cpp:857] processDataPacket(): [LoRaMesher] Data packet from C998 for me
17:03:46.229 > [546229][V][LoraMesher.cpp:893] processDataPacketForMe(): [LoRaMesher] Data Packet received
17:03:46.237 > [546237][I][PacketQueueService.h:80] deleteQueuePacketAndPacket(): [LoRaMesher] Deleting packet
17:03:46.245 > [546246][I][PacketQueueService.h:83] deleteQueuePacketAndPacket(): [LoRaMesher] Deleting packet queue
17:03:46.254 > [546255][V][LoraMesher.cpp:641] processPackets(): [LoRaMesher] Stack space unused after entering the task: 2024
17:03:46.263 > [546265][V][LoraMesher.cpp:642] processPackets(): [LoRaMesher] Free heap: 335852
17:03:46.435 > ReceivedUserData_TaskHandle notify received
17:03:46.440 > Queue receiveUserData size: 1
17:03:46.442 > Packet arrived from C998 with size 8
17:03:46.446 > DATA:15 c998
17:03:51.354 > [551355][V][LoraMesher.cpp:378] receivingRoutine(): [LoRaMesher] Stack space unused after entering the task: 2032
17:03:51.365 > [551366][V][LoraMesher.cpp:379] receivingRoutine(): [LoRaMesher] Free heap: 335912
17:03:51.373 > [551373][I][PacketService.cpp:12] createEmptyPacket(): [LoRaMesher] Packet created with 17 bytes
17:03:51.381 > [551382][I][LoraMesher.cpp:392] receivingRoutine(): [LoRaMesher] Receiving LoRa packet: Size: 17 bytes RSSI: -27 SNR: 13
17:03:51.393 > [551393][V][LoraMesher.cpp:647] processPackets(): [LoRaMesher] Size of Received Packets Queue: 1
17:03:51.402 > [551402][V][LoraMesher.cpp:754] printHeaderPacket(): [LoRaMesher] Packet received -- Size: 17 Src: F02C Dst: D110 Id: 33 Type: 2 Via: D110 Seq_Id: 0 Num: 0
17:03:51.415 > [551416][I][LoraMesher.cpp:854] processDataPacket(): [LoRaMesher] Data packet from F02C, destination D110, via D110
17:03:51.426 > [551426][V][LoraMesher.cpp:857] processDataPacket(): [LoRaMesher] Data packet from F02C for me
17:03:51.434 > [551434][V][LoraMesher.cpp:893] processDataPacketForMe(): [LoRaMesher] Data Packet received
17:03:51.442 > [551442][I][PacketQueueService.h:80] deleteQueuePacketAndPacket(): [LoRaMesher] Deleting packet
17:03:51.451 > [551451][I][PacketQueueService.h:83] deleteQueuePacketAndPacket(): [LoRaMesher] Deleting packet queue
17:03:51.459 > [551460][V][LoraMesher.cpp:641] processPackets(): [LoRaMesher] Stack space unused after entering the task: 2024
17:03:51.470 > [551470][V][LoraMesher.cpp:642] processPackets(): [LoRaMesher] Free heap: 335852
17:03:51.640 > ReceivedUserData_TaskHandle notify received
17:03:51.645 > Queue receiveUserData size: 1
17:03:51.648 > Packet arrived from F02C with size 8
17:03:51.651 > DATA:28 f02c
17:03:53.164 > [553165][V][LoraMesher.cpp:378] receivingRoutine(): [LoRaMesher] Stack space unused after entering the task: 2032
17:03:53.175 > [553175][V][LoraMesher.cpp:379] receivingRoutine(): [LoRaMesher] Free heap: 335912
17:03:53.182 > [553183][I][PacketService.cpp:12] createEmptyPacket(): [LoRaMesher] Packet created with 17 bytes
17:03:53.191 > [553191][I][LoraMesher.cpp:392] receivingRoutine(): [LoRaMesher] Receiving LoRa packet: Size: 17 bytes RSSI: 0 SNR: 13
17:03:53.201 > [553202][V][LoraMesher.cpp:647] processPackets(): [LoRaMesher] Size of Received Packets Queue: 1
17:03:53.211 > [553211][V][LoraMesher.cpp:754] printHeaderPacket(): [LoRaMesher] Packet received -- Size: 17 Src: B3F0 Dst: D110 Id: 33 Type: 2 Via: D110 Seq_Id: 0 Num: 0
17:03:53.224 > [553225][I][LoraMesher.cpp:854] processDataPacket(): [LoRaMesher] Data packet from B3F0, destination D110, via D110
17:03:53.235 > [553235][V][LoraMesher.cpp:857] processDataPacket(): [LoRaMesher] Data packet from B3F0 for me
17:03:53.243 > [553244][V][LoraMesher.cpp:893] processDataPacketForMe(): [LoRaMesher] Data Packet received
17:03:53.251 > [553252][I][PacketQueueService.h:80] deleteQueuePacketAndPacket(): [LoRaMesher] Deleting packet
17:03:53.260 > [553260][I][PacketQueueService.h:83] deleteQueuePacketAndPacket(): [LoRaMesher] Deleting packet queue
17:03:53.269 > [553269][V][LoraMesher.cpp:641] processPackets(): [LoRaMesher] Stack space unused after entering the task: 2024
17:03:53.279 > [553279][V][LoraMesher.cpp:642] processPackets(): [LoRaMesher] Free heap: 335852
17:03:53.450 > ReceivedUserData_TaskHandle notify received
17:03:53.455 > Queue receiveUserData size: 1
17:03:53.458 > Packet arrived from B3F0 with size 8
17:03:53.461 > DATA:28 b3f0
17:04:05.841 > [565841][V][LoraMesher.cpp:378] receivingRoutine(): [LoRaMesher] Stack space unused after entering the task: 2032
17:04:05.851 > [565852][V][LoraMesher.cpp:379] receivingRoutine(): [LoRaMesher] Free heap: 335912
17:04:05.859 > [565859][I][PacketService.cpp:12] createEmptyPacket(): [LoRaMesher] Packet created with 17 bytes
17:04:05.867 > [565868][I][LoraMesher.cpp:392] receivingRoutine(): [LoRaMesher] Receiving LoRa packet: Size: 17 bytes RSSI: -72 SNR: 4
17:04:05.879 > [565879][V][LoraMesher.cpp:647] processPackets(): [LoRaMesher] Size of Received Packets Queue: 1
17:04:05.887 > [565888][V][LoraMesher.cpp:754] printHeaderPacket(): [LoRaMesher] Packet received -- Size: 17 Src: C998 Dst: D110 Id: 19 Type: 2 Via: D110 Seq_Id: 0 Num: 0
17:04:05.901 > [565901][I][LoraMesher.cpp:854] processDataPacket(): [LoRaMesher] Data packet from C998, destination D110, via D110
17:04:05.911 > [565912][V][LoraMesher.cpp:857] processDataPacket(): [LoRaMesher] Data packet from C998 for me
17:04:05.920 > [565920][V][LoraMesher.cpp:893] processDataPacketForMe(): [LoRaMesher] Data Packet received
17:04:05.928 > [565928][I][PacketQueueService.h:80] deleteQueuePacketAndPacket(): [LoRaMesher] Deleting packet
17:04:05.936 > [565937][I][PacketQueueService.h:83] deleteQueuePacketAndPacket(): [LoRaMesher] Deleting packet queue
17:04:05.945 > [565946][V][LoraMesher.cpp:641] processPackets(): [LoRaMesher] Stack space unused after entering the task: 2024
17:04:05.955 > [565956][V][LoraMesher.cpp:642] processPackets(): [LoRaMesher] Free heap: 335852
17:04:06.126 > ReceivedUserData_TaskHandle notify received
17:04:06.131 > Queue receiveUserData size: 1
17:04:06.133 > Packet arrived from C998 with size 8
17:04:06.137 > DATA:16 c998
17:04:11.752 > [571752][V][LoraMesher.cpp:378] receivingRoutine(): [LoRaMesher] Stack space unused after entering the task: 2032
17:04:11.762 > [571762][V][LoraMesher.cpp:379] receivingRoutine(): [LoRaMesher] Free heap: 335912
17:04:11.769 > [571770][I][PacketService.cpp:12] createEmptyPacket(): [LoRaMesher] Packet created with 17 bytes
17:04:11.778 > [571779][I][LoraMesher.cpp:392] receivingRoutine(): [LoRaMesher] Receiving LoRa packet: Size: 17 bytes RSSI: -27 SNR: 12
17:04:11.789 > [571790][V][LoraMesher.cpp:647] processPackets(): [LoRaMesher] Size of Received Packets Queue: 1
17:04:11.798 > [571799][V][LoraMesher.cpp:754] printHeaderPacket(): [LoRaMesher] Packet received -- Size: 17 Src: F02C Dst: D110 Id: 34 Type: 2 Via: D110 Seq_Id: 0 Num: 0
17:04:11.812 > [571812][I][LoraMesher.cpp:854] processDataPacket(): [LoRaMesher] Data packet from F02C, destination D110, via D110
17:04:11.822 > [571823][V][LoraMesher.cpp:857] processDataPacket(): [LoRaMesher] Data packet from F02C for me
17:04:11.830 > [571831][V][LoraMesher.cpp:893] processDataPacketForMe(): [LoRaMesher] Data Packet received
17:04:11.839 > [571839][I][PacketQueueService.h:80] deleteQueuePacketAndPacket(): [LoRaMesher] Deleting packet
17:04:11.847 > [571848][I][PacketQueueService.h:83] deleteQueuePacketAndPacket(): [LoRaMesher] Deleting packet queue
17:04:11.856 > [571857][V][LoraMesher.cpp:641] processPackets(): [LoRaMesher] Stack space unused after entering the task: 2024
17:04:11.866 > [571867][V][LoraMesher.cpp:642] processPackets(): [LoRaMesher] Free heap: 335852
17:04:12.037 > ReceivedUserData_TaskHandle notify received
17:04:12.042 > Queue receiveUserData size: 1
17:04:12.044 > Packet arrived from F02C with size 8
17:04:12.048 > DATA:29 f02c
17:04:12.771 > [572772][V][LoraMesher.cpp:378] receivingRoutine(): [LoRaMesher] Stack space unused after entering the task: 2032
17:04:12.781 > [572782][V][LoraMesher.cpp:379] receivingRoutine(): [LoRaMesher] Free heap: 335912
17:04:12.789 > [572790][I][PacketService.cpp:12] createEmptyPacket(): [LoRaMesher] Packet created with 17 bytes
17:04:12.798 > [572798][I][LoraMesher.cpp:392] receivingRoutine(): [LoRaMesher] Receiving LoRa packet: Size: 17 bytes RSSI: 0 SNR: 12
17:04:12.809 > [572809][V][LoraMesher.cpp:647] processPackets(): [LoRaMesher] Size of Received Packets Queue: 1
17:04:12.817 > [572818][V][LoraMesher.cpp:754] printHeaderPacket(): [LoRaMesher] Packet received -- Size: 17 Src: B3F0 Dst: D110 Id: 34 Type: 2 Via: D110 Seq_Id: 0 Num: 0
17:04:12.831 > [572832][I][LoraMesher.cpp:854] processDataPacket(): [LoRaMesher] Data packet from B3F0, destination D110, via D110
17:04:12.841 > [572842][V][LoraMesher.cpp:857] processDataPacket(): [LoRaMesher] Data packet from B3F0 for me
17:04:12.850 > [572850][V][LoraMesher.cpp:893] processDataPacketForMe(): [LoRaMesher] Data Packet received
17:04:12.858 > [572859][I][PacketQueueService.h:80] deleteQueuePacketAndPacket(): [LoRaMesher] Deleting packet
17:04:12.866 > [572867][I][PacketQueueService.h:83] deleteQueuePacketAndPacket(): [LoRaMesher] Deleting packet queue
17:04:12.876 > [572876][V][LoraMesher.cpp:641] processPackets(): [LoRaMesher] Stack space unused after entering the task: 2024
17:04:12.885 > [572886][V][LoraMesher.cpp:642] processPackets(): [LoRaMesher] Free heap: 335852
17:04:13.057 > ReceivedUserData_TaskHandle notify received
17:04:13.062 > Queue receiveUserData size: 1
17:04:13.064 > Packet arrived from B3F0 with size 8
17:04:13.068 > DATA:29 b3f0
17:04:13.923 > [573924][V][LoraMesher.cpp:378] receivingRoutine(): [LoRaMesher] Stack space unused after entering the task: 2032
17:04:13.934 > [573934][V][LoraMesher.cpp:379] receivingRoutine(): [LoRaMesher] Free heap: 335912
17:04:13.941 > [573942][I][PacketService.cpp:12] createEmptyPacket(): [LoRaMesher] Packet created with 17 bytes
17:04:13.950 > [573951][I][LoraMesher.cpp:392] receivingRoutine(): [LoRaMesher] Receiving LoRa packet: Size: 17 bytes RSSI: -24 SNR: 12
17:04:13.961 > [573962][V][LoraMesher.cpp:647] processPackets(): [LoRaMesher] Size of Received Packets Queue: 1
17:04:13.970 > [573970][V][LoraMesher.cpp:754] printHeaderPacket(): [LoRaMesher] Packet received -- Size: 17 Src: DE6C Dst: D110 Id: 34 Type: 2 Via: D110 Seq_Id: 0 Num: 0
17:04:13.984 > [573984][I][LoraMesher.cpp:854] processDataPacket(): [LoRaMesher] Data packet from DE6C, destination D110, via D110
17:04:13.994 > [573995][V][LoraMesher.cpp:857] processDataPacket(): [LoRaMesher] Data packet from DE6C for me
17:04:14.002 > [574003][V][LoraMesher.cpp:893] processDataPacketForMe(): [LoRaMesher] Data Packet received
17:04:14.010 > [574011][I][PacketQueueService.h:80] deleteQueuePacketAndPacket(): [LoRaMesher] Deleting packet
17:04:14.019 > [574020][I][PacketQueueService.h:83] deleteQueuePacketAndPacket(): [LoRaMesher] Deleting packet queue
17:04:14.028 > [574029][V][LoraMesher.cpp:641] processPackets(): [LoRaMesher] Stack space unused after entering the task: 2024
17:04:14.038 > [574039][V][LoraMesher.cpp:642] processPackets(): [LoRaMesher] Free heap: 335852
17:04:14.209 > ReceivedUserData_TaskHandle notify received
17:04:14.214 > Queue receiveUserData size: 1
17:04:14.216 > Packet arrived from DE6C with size 8
17:04:14.220 > DATA:29 de6c
17:04:26.187 > [586188][V][LoraMesher.cpp:378] receivingRoutine(): [LoRaMesher] Stack space unused after entering the task: 2032
17:04:26.198 > [586199][V][LoraMesher.cpp:379] receivingRoutine(): [LoRaMesher] Free heap: 335912
17:04:26.205 > [586206][I][PacketService.cpp:12] createEmptyPacket(): [LoRaMesher] Packet created with 17 bytes
17:04:26.214 > [586215][I][LoraMesher.cpp:392] receivingRoutine(): [LoRaMesher] Receiving LoRa packet: Size: 17 bytes RSSI: -72 SNR: 5
17:04:26.225 > [586226][V][LoraMesher.cpp:647] processPackets(): [LoRaMesher] Size of Received Packets Queue: 1
17:04:26.234 > [586235][V][LoraMesher.cpp:754] printHeaderPacket(): [LoRaMesher] Packet received -- Size: 17 Src: C998 Dst: D110 Id: 20 Type: 2 Via: D110 Seq_Id: 0 Num: 0
17:04:26.248 > [586249][I][LoraMesher.cpp:854] processDataPacket(): [LoRaMesher] Data packet from C998, destination D110, via D110
17:04:26.258 > [586259][V][LoraMesher.cpp:857] processDataPacket(): [LoRaMesher] Data packet from C998 for me
17:04:26.266 > [586267][V][LoraMesher.cpp:893] processDataPacketForMe(): [LoRaMesher] Data Packet received
17:04:26.274 > [586275][I][PacketQueueService.h:80] deleteQueuePacketAndPacket(): [LoRaMesher] Deleting packet
17:04:26.283 > [586284][I][PacketQueueService.h:83] deleteQueuePacketAndPacket(): [LoRaMesher] Deleting packet queue
17:04:26.292 > [586293][V][LoraMesher.cpp:641] processPackets(): [LoRaMesher] Stack space unused after entering the task: 2024
17:04:26.302 > [586303][V][LoraMesher.cpp:642] processPackets(): [LoRaMesher] Free heap: 335852
17:04:26.473 > ReceivedUserData_TaskHandle notify received
17:04:26.478 > Queue receiveUserData size: 1
17:04:26.480 > Packet arrived from C998 with size 8
17:04:26.483 > DATA:17 c998
17:04:31.636 > [591638][V][LoraMesher.cpp:378] receivingRoutine(): [LoRaMesher] Stack space unused after entering the task: 2032
17:04:31.647 > [591648][V][LoraMesher.cpp:379] receivingRoutine(): [LoRaMesher] Free heap: 335912
17:04:31.655 > [591656][I][PacketService.cpp:12] createEmptyPacket(): [LoRaMesher] Packet created with 24 bytes
17:04:31.663 > [591664][I][LoraMesher.cpp:392] receivingRoutine(): [LoRaMesher] Receiving LoRa packet: Size: 24 bytes RSSI: -27 SNR: 13
17:04:31.675 > [591676][V][LoraMesher.cpp:647] processPackets(): [LoRaMesher] Size of Received Packets Queue: 1
17:04:31.683 > [591684][V][LoraMesher.cpp:754] printHeaderPacket(): [LoRaMesher] Packet received -- Size: 24 Src: DE6C Dst: FFFF Id: 35 Type: 4 Via: 0 Seq_Id: 0 Num: 0
17:04:31.697 > [591698][I][RoutingTableService.cpp:77] processRoute(): [LoRaMesher] Route packet from DE6C with size 4
17:04:31.706 > [591707][I][RoutingTableService.cpp:99] resetReceiveSNRRoutePacket(): [LoRaMesher] Reset Receive SNR from DE6C: 13
17:04:31.716 > [591717][I][RoutingTableService.cpp:192] printRoutingTable(): [LoRaMesher] Current routing table:
17:04:31.725 > [591726][I][RoutingTableService.cpp:206] printRoutingTable(): [LoRaMesher] 0 - B3F0 via B3F0 metric 1 Role 0
17:04:31.735 > [591735][I][RoutingTableService.cpp:206] printRoutingTable(): [LoRaMesher] 1 - F02C via F02C metric 1 Role 0
17:04:31.744 > [591745][I][RoutingTableService.cpp:206] printRoutingTable(): [LoRaMesher] 2 - DE6C via DE6C metric 1 Role 0
17:04:31.754 > [591755][I][RoutingTableService.cpp:206] printRoutingTable(): [LoRaMesher] 3 - C998 via C998 metric 1 Role 0
17:04:31.763 > [591764][I][PacketQueueService.h:80] deleteQueuePacketAndPacket(): [LoRaMesher] Deleting packet
17:04:31.772 > [591773][I][PacketQueueService.h:83] deleteQueuePacketAndPacket(): [LoRaMesher] Deleting packet queue
17:04:31.781 > [591782][V][LoraMesher.cpp:641] processPackets(): [LoRaMesher] Stack space unused after entering the task: 2024
17:04:31.791 > [591792][V][LoraMesher.cpp:642] processPackets(): [LoRaMesher] Free heap: 335912
17:04:32.136 > [592138][V][LoraMesher.cpp:378] receivingRoutine(): [LoRaMesher] Stack space unused after entering the task: 2032
17:04:32.147 > [592148][V][LoraMesher.cpp:379] receivingRoutine(): [LoRaMesher] Free heap: 335912
17:04:32.155 > [592155][I][PacketService.cpp:12] createEmptyPacket(): [LoRaMesher] Packet created with 17 bytes
17:04:32.163 > [592164][I][LoraMesher.cpp:392] receivingRoutine(): [LoRaMesher] Receiving LoRa packet: Size: 17 bytes RSSI: 0 SNR: 13
17:04:32.174 > [592175][V][LoraMesher.cpp:647] processPackets(): [LoRaMesher] Size of Received Packets Queue: 1
17:04:32.183 > [592184][V][LoraMesher.cpp:754] printHeaderPacket(): [LoRaMesher] Packet received -- Size: 17 Src: B3F0 Dst: D110 Id: 36 Type: 2 Via: D110 Seq_Id: 0 Num: 0
17:04:32.197 > [592198][I][LoraMesher.cpp:854] processDataPacket(): [LoRaMesher] Data packet from B3F0, destination D110, via D110
17:04:32.207 > [592208][V][LoraMesher.cpp:857] processDataPacket(): [LoRaMesher] Data packet from B3F0 for me
17:04:32.215 > [592216][V][LoraMesher.cpp:893] processDataPacketForMe(): [LoRaMesher] Data Packet received
17:04:32.224 > [592225][I][PacketQueueService.h:80] deleteQueuePacketAndPacket(): [LoRaMesher] Deleting packet
17:04:32.232 > [592233][I][PacketQueueService.h:83] deleteQueuePacketAndPacket(): [LoRaMesher] Deleting packet queue
17:04:32.241 > [592242][V][LoraMesher.cpp:641] processPackets(): [LoRaMesher] Stack space unused after entering the task: 2024
17:04:32.251 > [592252][V][LoraMesher.cpp:642] processPackets(): [LoRaMesher] Free heap: 335852
17:04:32.422 > ReceivedUserData_TaskHandle notify received
17:04:32.426 > Queue receiveUserData size: 1
17:04:32.429 > Packet arrived from B3F0 with size 8
17:04:32.432 > DATA:30 b3f0
17:04:32.828 > [592829][V][LoraMesher.cpp:378] receivingRoutine(): [LoRaMesher] Stack space unused after entering the task: 2032
17:04:32.838 > [592839][V][LoraMesher.cpp:379] receivingRoutine(): [LoRaMesher] Free heap: 335912
17:04:32.846 > [592847][I][PacketService.cpp:12] createEmptyPacket(): [LoRaMesher] Packet created with 24 bytes
17:04:32.855 > [592856][I][LoraMesher.cpp:392] receivingRoutine(): [LoRaMesher] Receiving LoRa packet: Size: 24 bytes RSSI: -27 SNR: 12
17:04:32.866 > [592867][V][LoraMesher.cpp:647] processPackets(): [LoRaMesher] Size of Received Packets Queue: 1
17:04:32.875 > [592876][V][LoraMesher.cpp:754] printHeaderPacket(): [LoRaMesher] Packet received -- Size: 24 Src: F02C Dst: FFFF Id: 35 Type: 4 Via: 0 Seq_Id: 0 Num: 0
17:04:32.888 > [592889][I][RoutingTableService.cpp:77] processRoute(): [LoRaMesher] Route packet from F02C with size 4
17:04:32.898 > [592898][I][RoutingTableService.cpp:99] resetReceiveSNRRoutePacket(): [LoRaMesher] Reset Receive SNR from F02C: 12
17:04:32.908 > [592909][I][RoutingTableService.cpp:192] printRoutingTable(): [LoRaMesher] Current routing table:
17:04:32.916 > [592917][I][RoutingTableService.cpp:206] printRoutingTable(): [LoRaMesher] 0 - B3F0 via B3F0 metric 1 Role 0
17:04:32.926 > [592927][I][RoutingTableService.cpp:206] printRoutingTable(): [LoRaMesher] 1 - F02C via F02C metric 1 Role 0
17:04:32.936 > [592937][I][RoutingTableService.cpp:206] printRoutingTable(): [LoRaMesher] 2 - DE6C via DE6C metric 1 Role 0
17:04:32.945 > [592946][I][RoutingTableService.cpp:206] printRoutingTable(): [LoRaMesher] 3 - C998 via C998 metric 1 Role 0
17:04:32.966 > [592956][I][PacketQueueService.h:80] deleteQueuePacketAndPacket(): [LoRaMesher] Deleting packet
17:04:32.966 > [592964][I][PacketQueueService.h:83] deleteQueuePacketAndPacket(): [LoRaMesher] Deleting packet queue
17:04:32.972 > [592973][V][LoraMesher.cpp:641] processPackets(): [LoRaMesher] Stack space unused after entering the task: 2024
17:04:32.982 > [592983][V][LoraMesher.cpp:642] processPackets(): [LoRaMesher] Free heap: 335912
17:04:33.541 > [593542][V][LoraMesher.cpp:378] receivingRoutine(): [LoRaMesher] Stack space unused after entering the task: 2032
17:04:33.551 > [593552][V][LoraMesher.cpp:379] receivingRoutine(): [LoRaMesher] Free heap: 335912
17:04:33.559 > [593560][I][PacketService.cpp:12] createEmptyPacket(): [LoRaMesher] Packet created with 17 bytes
17:04:33.568 > [593569][I][LoraMesher.cpp:392] receivingRoutine(): [LoRaMesher] Receiving LoRa packet: Size: 17 bytes RSSI: -27 SNR: 12
17:04:33.579 > [593580][V][LoraMesher.cpp:647] processPackets(): [LoRaMesher] Size of Received Packets Queue: 1
17:04:33.588 > [593588][V][LoraMesher.cpp:754] printHeaderPacket(): [LoRaMesher] Packet received -- Size: 17 Src: F02C Dst: D110 Id: 36 Type: 2 Via: D110 Seq_Id: 0 Num: 0
17:04:33.601 > [593602][I][LoraMesher.cpp:854] processDataPacket(): [LoRaMesher] Data packet from F02C, destination D110, via D110
17:04:33.612 > [593613][V][LoraMesher.cpp:857] processDataPacket(): [LoRaMesher] Data packet from F02C for me
17:04:33.620 > [593621][V][LoraMesher.cpp:893] processDataPacketForMe(): [LoRaMesher] Data Packet received
17:04:33.628 > [593629][I][PacketQueueService.h:80] deleteQueuePacketAndPacket(): [LoRaMesher] Deleting packet
17:04:33.637 > [593638][I][PacketQueueService.h:83] deleteQueuePacketAndPacket(): [LoRaMesher] Deleting packet queue
17:04:33.646 > [593647][V][LoraMesher.cpp:641] processPackets(): [LoRaMesher] Stack space unused after entering the task: 2024
17:04:33.656 > [593657][V][LoraMesher.cpp:642] processPackets(): [LoRaMesher] Free heap: 335852
17:04:33.827 > ReceivedUserData_TaskHandle notify received
17:04:33.831 > Queue receiveUserData size: 1
17:04:33.834 > Packet arrived from F02C with size 8
17:04:33.837 > DATA:30 f02c
17:04:35.144 > [595146][V][LoraMesher.cpp:378] receivingRoutine(): [LoRaMesher] Stack space unused after entering the task: 2032
17:04:35.155 > [595156][V][LoraMesher.cpp:379] receivingRoutine(): [LoRaMesher] Free heap: 335912
17:04:35.162 > [595163][I][PacketService.cpp:12] createEmptyPacket(): [LoRaMesher] Packet created with 17 bytes
17:04:35.171 > [595172][I][LoraMesher.cpp:392] receivingRoutine(): [LoRaMesher] Receiving LoRa packet: Size: 17 bytes RSSI: -23 SNR: 13
17:04:35.182 > [595183][V][LoraMesher.cpp:647] processPackets(): [LoRaMesher] Size of Received Packets Queue: 1
17:04:35.191 > [595192][V][LoraMesher.cpp:754] printHeaderPacket(): [LoRaMesher] Packet received -- Size: 17 Src: DE6C Dst: D110 Id: 36 Type: 2 Via: D110 Seq_Id: 0 Num: 0
17:04:35.205 > [595206][I][LoraMesher.cpp:854] processDataPacket(): [LoRaMesher] Data packet from DE6C, destination D110, via D110
17:04:35.215 > [595216][V][LoraMesher.cpp:857] processDataPacket(): [LoRaMesher] Data packet from DE6C for me
17:04:35.223 > [595224][V][LoraMesher.cpp:893] processDataPacketForMe(): [LoRaMesher] Data Packet received
17:04:35.232 > [595233][I][PacketQueueService.h:80] deleteQueuePacketAndPacket(): [LoRaMesher] Deleting packet
17:04:35.240 > [595241][I][PacketQueueService.h:83] deleteQueuePacketAndPacket(): [LoRaMesher] Deleting packet queue
17:04:35.249 > [595250][V][LoraMesher.cpp:641] processPackets(): [LoRaMesher] Stack space unused after entering the task: 2024
17:04:35.259 > [595260][V][LoraMesher.cpp:642] processPackets(): [LoRaMesher] Free heap: 335852
17:04:35.431 > ReceivedUserData_TaskHandle notify received
17:04:35.435 > Queue receiveUserData size: 1
17:04:35.438 > Packet arrived from DE6C with size 8
17:04:35.441 > DATA:30 de6c
17:04:45.956 > [605958][V][LoraMesher.cpp:694] routingTableManager(): [LoRaMesher] Stack space unused after entering the task: 2296
17:04:45.967 > [605968][V][LoraMesher.cpp:695] routingTableManager(): [LoRaMesher] Free heap: 335912
17:04:45.974 > [605976][I][RoutingTableService.cpp:216] manageTimeoutRoutingTable(): [LoRaMesher] Checking routes timeout
17:04:45.984 > [605985][I][RoutingTableService.cpp:192] printRoutingTable(): [LoRaMesher] Current routing table:
17:04:45.993 > [605994][I][RoutingTableService.cpp:206] printRoutingTable(): [LoRaMesher] 0 - B3F0 via B3F0 metric 1 Role 0
17:04:46.002 > [606003][I][RoutingTableService.cpp:206] printRoutingTable(): [LoRaMesher] 1 - F02C via F02C metric 1 Role 0
17:04:46.012 > [606013][I][RoutingTableService.cpp:206] printRoutingTable(): [LoRaMesher] 2 - DE6C via DE6C metric 1 Role 0
17:04:46.021 > [606023][I][RoutingTableService.cpp:206] printRoutingTable(): [LoRaMesher] 3 - C998 via C998 metric 1 Role 0
17:04:46.240 > [606242][V][LoraMesher.cpp:378] receivingRoutine(): [LoRaMesher] Stack space unused after entering the task: 2032
17:04:46.251 > [606252][V][LoraMesher.cpp:379] receivingRoutine(): [LoRaMesher] Free heap: 335912
17:04:46.258 > [606259][I][PacketService.cpp:12] createEmptyPacket(): [LoRaMesher] Packet created with 17 bytes
17:04:46.267 > [606268][I][LoraMesher.cpp:392] receivingRoutine(): [LoRaMesher] Receiving LoRa packet: Size: 17 bytes RSSI: -69 SNR: 7
17:04:46.278 > [606279][V][LoraMesher.cpp:647] processPackets(): [LoRaMesher] Size of Received Packets Queue: 1
17:04:46.287 > [606288][V][LoraMesher.cpp:754] printHeaderPacket(): [LoRaMesher] Packet received -- Size: 17 Src: C998 Dst: D110 Id: 21 Type: 2 Via: D110 Seq_Id: 0 Num: 0
17:04:46.300 > [606302][I][LoraMesher.cpp:854] processDataPacket(): [LoRaMesher] Data packet from C998, destination D110, via D110
17:04:46.311 > [606312][V][LoraMesher.cpp:857] processDataPacket(): [LoRaMesher] Data packet from C998 for me
17:04:46.319 > [606320][V][LoraMesher.cpp:893] processDataPacketForMe(): [LoRaMesher] Data Packet received
17:04:46.327 > [606328][I][PacketQueueService.h:80] deleteQueuePacketAndPacket(): [LoRaMesher] Deleting packet
17:04:46.336 > [606337][I][PacketQueueService.h:83] deleteQueuePacketAndPacket(): [LoRaMesher] Deleting packet queue
17:04:46.345 > [606346][V][LoraMesher.cpp:641] processPackets(): [LoRaMesher] Stack space unused after entering the task: 2024
17:04:46.355 > [606356][V][LoraMesher.cpp:642] processPackets(): [LoRaMesher] Free heap: 335852
17:04:46.526 > ReceivedUserData_TaskHandle notify received
17:04:46.530 > Queue receiveUserData size: 1
17:04:46.533 > Packet arrived from C998 with size 8
17:04:46.536 > DATA:18 c998
17:04:47.254 > [607256][V][LoraMesher.cpp:378] receivingRoutine(): [LoRaMesher] Stack space unused after entering the task: 2032
17:04:47.265 > [607266][V][LoraMesher.cpp:379] receivingRoutine(): [LoRaMesher] Free heap: 335912
17:04:47.272 > [607273][I][PacketService.cpp:12] createEmptyPacket(): [LoRaMesher] Packet created with 24 bytes
17:04:47.281 > [607282][I][LoraMesher.cpp:392] receivingRoutine(): [LoRaMesher] Receiving LoRa packet: Size: 24 bytes RSSI: -68 SNR: 8
17:04:47.292 > [607293][V][LoraMesher.cpp:647] processPackets(): [LoRaMesher] Size of Received Packets Queue: 1
17:04:47.301 > [607302][V][LoraMesher.cpp:754] printHeaderPacket(): [LoRaMesher] Packet received -- Size: 24 Src: C998 Dst: FFFF Id: 22 Type: 4 Via: 0 Seq_Id: 0 Num: 0
17:04:47.314 > [607315][I][RoutingTableService.cpp:77] processRoute(): [LoRaMesher] Route packet from C998 with size 4
17:04:47.323 > [607325][I][RoutingTableService.cpp:99] resetReceiveSNRRoutePacket(): [LoRaMesher] Reset Receive SNR from C998: 8
17:04:47.334 > [607335][I][RoutingTableService.cpp:192] printRoutingTable(): [LoRaMesher] Current routing table:
17:04:47.342 > [607343][I][RoutingTableService.cpp:206] printRoutingTable(): [LoRaMesher] 0 - B3F0 via B3F0 metric 1 Role 0
17:04:47.352 > [607353][I][RoutingTableService.cpp:206] printRoutingTable(): [LoRaMesher] 1 - F02C via F02C metric 1 Role 0
17:04:47.361 > [607363][I][RoutingTableService.cpp:206] printRoutingTable(): [LoRaMesher] 2 - DE6C via DE6C metric 1 Role 0
17:04:47.371 > [607372][I][RoutingTableService.cpp:206] printRoutingTable(): [LoRaMesher] 3 - C998 via C998 metric 1 Role 0
17:04:47.381 > [607382][I][PacketQueueService.h:80] deleteQueuePacketAndPacket(): [LoRaMesher] Deleting packet
17:04:47.389 > [607390][I][PacketQueueService.h:83] deleteQueuePacketAndPacket(): [LoRaMesher] Deleting packet queue
17:04:47.398 > [607399][V][LoraMesher.cpp:641] processPackets(): [LoRaMesher] Stack space unused after entering the task: 2024
17:04:47.408 > [607409][V][LoraMesher.cpp:642] processPackets(): [LoRaMesher] Free heap: 335912
17:04:48.219 > [608221][V][LoraMesher.cpp:598] sendHelloPacket(): [LoRaMesher] Creating Routing Packet
17:04:48.227 > [608228][V][LoraMesher.cpp:599] sendHelloPacket(): [LoRaMesher] Stack space unused after entering the task: 2328
17:04:48.237 > [608238][V][LoraMesher.cpp:600] sendHelloPacket(): [LoRaMesher] Free heap: 335912
17:04:48.244 > [608246][V][PacketFactory.h:45] createPacket(): [LoRaMesher] Creating packet with 24 bytes
17:04:48.253 > [608254][I][PacketFactory.h:74] createPacket(): [LoRaMesher] Packet created with 24 bytes
17:04:48.261 > [608262][I][LoraMesher.h:659] setPackedForSend(): [LoRaMesher] Adding packet to Q_SP
17:04:48.268 > [608269][I][LoraMesher.h:661] setPackedForSend(): [LoRaMesher] Created packet to Q_SP
17:04:48.276 > [608277][I][LoraMesher.cpp:1061] addToSendOrderedAndNotify(): [LoRaMesher] Added packet to Q_SP, notifying sender task
17:04:48.286 > [608287][V][LoraMesher.cpp:511] sendPackets(): [LoRaMesher] Stack space unused after entering the task: 2244
17:04:48.296 > [608297][V][LoraMesher.cpp:512] sendPackets(): [LoRaMesher] Free heap: 335804
17:04:48.303 > [608304][V][LoraMesher.cpp:518] sendPackets(): [LoRaMesher] Size of Send Packets Queue: 1
17:04:48.311 > [608312][V][LoraMesher.cpp:525] sendPackets(): [LoRaMesher] Send n. 5
17:04:48.317 > [608318][V][LoraMesher.cpp:455] waitBeforeSend(): [LoRaMesher] RandomDelay 1180 ms
17:04:49.504 > [609506][V][LoraMesher.cpp:754] printHeaderPacket(): [LoRaMesher] Packet send -- Size: 24 Src: D110 Dst: FFFF Id: 6 Type: 4 Via: 0 Seq_Id: 0 Num: 0
17:04:49.608 > [609610][V][LoraMesher.cpp:575] sendPackets(): [LoRaMesher] TimeOnAir 78 ms, next message in 0 ms
17:04:49.617 > [609618][I][PacketQueueService.h:80] deleteQueuePacketAndPacket(): [LoRaMesher] Deleting packet
17:04:49.626 > [609627][I][PacketQueueService.h:83] deleteQueuePacketAndPacket(): [LoRaMesher] Deleting packet queue
17:04:51.810 > [611811][V][LoraMesher.cpp:378] receivingRoutine(): [LoRaMesher] Stack space unused after entering the task: 2032
17:04:51.820 > [611821][V][LoraMesher.cpp:379] receivingRoutine(): [LoRaMesher] Free heap: 335912
17:04:51.828 > [611829][I][PacketService.cpp:12] createEmptyPacket(): [LoRaMesher] Packet created with 17 bytes
17:04:51.836 > [611838][I][LoraMesher.cpp:392] receivingRoutine(): [LoRaMesher] Receiving LoRa packet: Size: 17 bytes RSSI: 0 SNR: 4
17:04:51.847 > [611849][W][LoraMesher.cpp:403] receivingRoutine(): [LoRaMesher] Reading packet data gave error: -7
17:04:52.742 > [612743][V][LoraMesher.cpp:378] receivingRoutine(): [LoRaMesher] Stack space unused after entering the task: 2032
17:04:52.752 > [612753][V][LoraMesher.cpp:379] receivingRoutine(): [LoRaMesher] Free heap: 335912
17:04:52.760 > [612761][I][PacketService.cpp:12] createEmptyPacket(): [LoRaMesher] Packet created with 17 bytes
17:04:52.768 > [612770][I][LoraMesher.cpp:392] receivingRoutine(): [LoRaMesher] Receiving LoRa packet: Size: 17 bytes RSSI: -26 SNR: 13
17:04:52.780 > [612781][V][LoraMesher.cpp:647] processPackets(): [LoRaMesher] Size of Received Packets Queue: 1
17:04:52.788 > [612789][V][LoraMesher.cpp:754] printHeaderPacket(): [LoRaMesher] Packet received -- Size: 17 Src: F02C Dst: D110 Id: 37 Type: 2 Via: D110 Seq_Id: 0 Num: 0
17:04:52.802 > [612803][I][LoraMesher.cpp:854] processDataPacket(): [LoRaMesher] Data packet from F02C, destination D110, via D110
17:04:52.812 > [612813][V][LoraMesher.cpp:857] processDataPacket(): [LoRaMesher] Data packet from F02C for me
17:04:52.821 > [612822][V][LoraMesher.cpp:893] processDataPacketForMe(): [LoRaMesher] Data Packet received
17:04:52.829 > [612830][I][PacketQueueService.h:80] deleteQueuePacketAndPacket(): [LoRaMesher] Deleting packet
17:04:52.837 > [612839][I][PacketQueueService.h:83] deleteQueuePacketAndPacket(): [LoRaMesher] Deleting packet queue
17:04:52.846 > [612848][V][LoraMesher.cpp:641] processPackets(): [LoRaMesher] Stack space unused after entering the task: 2024
17:04:52.856 > [612858][V][LoraMesher.cpp:642] processPackets(): [LoRaMesher] Free heap: 335852
17:04:53.028 > ReceivedUserData_TaskHandle notify received
17:04:53.032 > Queue receiveUserData size: 1
17:04:53.035 > Packet arrived from F02C with size 8
17:04:53.038 > DATA:31 f02c
17:05:06.466 > [626468][V][LoraMesher.cpp:378] receivingRoutine(): [LoRaMesher] Stack space unused after entering the task: 2032
17:05:06.476 > [626478][V][LoraMesher.cpp:379] receivingRoutine(): [LoRaMesher] Free heap: 335912
17:05:06.484 > [626485][I][PacketService.cpp:12] createEmptyPacket(): [LoRaMesher] Packet created with 17 bytes
17:05:06.493 > [626494][I][LoraMesher.cpp:392] receivingRoutine(): [LoRaMesher] Receiving LoRa packet: Size: 17 bytes RSSI: -74 SNR: 4
17:05:06.504 > [626505][V][LoraMesher.cpp:647] processPackets(): [LoRaMesher] Size of Received Packets Queue: 1
17:05:06.512 > [626514][V][LoraMesher.cpp:754] printHeaderPacket(): [LoRaMesher] Packet received -- Size: 17 Src: C998 Dst: D110 Id: 23 Type: 2 Via: D110 Seq_Id: 0 Num: 0
17:05:06.526 > [626528][I][LoraMesher.cpp:854] processDataPacket(): [LoRaMesher] Data packet from C998, destination D110, via D110
17:05:06.536 > [626538][V][LoraMesher.cpp:857] processDataPacket(): [LoRaMesher] Data packet from C998 for me
17:05:06.545 > [626546][V][LoraMesher.cpp:893] processDataPacketForMe(): [LoRaMesher] Data Packet received
17:05:06.553 > [626554][I][PacketQueueService.h:80] deleteQueuePacketAndPacket(): [LoRaMesher] Deleting packet
17:05:06.561 > [626563][I][PacketQueueService.h:83] deleteQueuePacketAndPacket(): [LoRaMesher] Deleting packet queue
17:05:06.570 > [626572][V][LoraMesher.cpp:641] processPackets(): [LoRaMesher] Stack space unused after entering the task: 2024
17:05:06.580 > [626582][V][LoraMesher.cpp:642] processPackets(): [LoRaMesher] Free heap: 335852
17:05:06.752 > ReceivedUserData_TaskHandle notify received
17:05:06.756 > Queue receiveUserData size: 1
17:05:06.758 > Packet arrived from C998 with size 8
17:05:06.762 > DATA:19 c998
17:05:11.630 > [631632][V][LoraMesher.cpp:378] receivingRoutine(): [LoRaMesher] Stack space unused after entering the task: 2032
17:05:11.641 > [631642][V][LoraMesher.cpp:379] receivingRoutine(): [LoRaMesher] Free heap: 335912
17:05:11.648 > [631649][I][PacketService.cpp:12] createEmptyPacket(): [LoRaMesher] Packet created with 17 bytes
17:05:11.657 > [631658][I][LoraMesher.cpp:392] receivingRoutine(): [LoRaMesher] Receiving LoRa packet: Size: 17 bytes RSSI: -25 SNR: 13
17:05:11.669 > [631669][V][LoraMesher.cpp:647] processPackets(): [LoRaMesher] Size of Received Packets Queue: 1
17:05:11.676 > [631678][V][LoraMesher.cpp:754] printHeaderPacket(): [LoRaMesher] Packet received -- Size: 17 Src: DE6C Dst: D110 Id: 38 Type: 2 Via: D110 Seq_Id: 0 Num: 0
17:05:11.690 > [631692][I][LoraMesher.cpp:854] processDataPacket(): [LoRaMesher] Data packet from DE6C, destination D110, via D110
17:05:11.700 > [631702][V][LoraMesher.cpp:857] processDataPacket(): [LoRaMesher] Data packet from DE6C for me
17:05:11.710 > [631710][V][LoraMesher.cpp:893] processDataPacketForMe(): [LoRaMesher] Data Packet received
17:05:11.717 > [631719][I][PacketQueueService.h:80] deleteQueuePacketAndPacket(): [LoRaMesher] Deleting packet
17:05:11.725 > [631727][I][PacketQueueService.h:83] deleteQueuePacketAndPacket(): [LoRaMesher] Deleting packet queue
17:05:11.735 > [631736][V][LoraMesher.cpp:641] processPackets(): [LoRaMesher] Stack space unused after entering the task: 2024
17:05:11.744 > [631746][V][LoraMesher.cpp:642] processPackets(): [LoRaMesher] Free heap: 335852
17:05:11.917 > ReceivedUserData_TaskHandle notify received
17:05:11.922 > Queue receiveUserData size: 1
17:05:11.923 > Packet arrived from DE6C with size 8
17:05:11.927 > DATA:32 de6c
17:05:12.342 > [632344][V][LoraMesher.cpp:378] receivingRoutine(): [LoRaMesher] Stack space unused after entering the task: 2032
17:05:12.352 > [632354][V][LoraMesher.cpp:379] receivingRoutine(): [LoRaMesher] Free heap: 335912
17:05:12.360 > [632361][I][PacketService.cpp:12] createEmptyPacket(): [LoRaMesher] Packet created with 17 bytes
17:05:12.369 > [632370][I][LoraMesher.cpp:392] receivingRoutine(): [LoRaMesher] Receiving LoRa packet: Size: 17 bytes RSSI: 0 SNR: 13
17:05:12.380 > [632381][V][LoraMesher.cpp:647] processPackets(): [LoRaMesher] Size of Received Packets Queue: 1
17:05:12.388 > [632390][V][LoraMesher.cpp:754] printHeaderPacket(): [LoRaMesher] Packet received -- Size: 17 Src: B3F0 Dst: D110 Id: 38 Type: 2 Via: D110 Seq_Id: 0 Num: 0
17:05:12.403 > [632404][I][LoraMesher.cpp:854] processDataPacket(): [LoRaMesher] Data packet from B3F0, destination D110, via D110
17:05:12.412 > [632414][V][LoraMesher.cpp:857] processDataPacket(): [LoRaMesher] Data packet from B3F0 for me
17:05:12.421 > [632422][V][LoraMesher.cpp:893] processDataPacketForMe(): [LoRaMesher] Data Packet received
17:05:12.429 > [632430][I][PacketQueueService.h:80] deleteQueuePacketAndPacket(): [LoRaMesher] Deleting packet
17:05:12.437 > [632439][I][PacketQueueService.h:83] deleteQueuePacketAndPacket(): [LoRaMesher] Deleting packet queue
17:05:12.446 > [632448][V][LoraMesher.cpp:641] processPackets(): [LoRaMesher] Stack space unused after entering the task: 2024
17:05:12.456 > [632458][V][LoraMesher.cpp:642] processPackets(): [LoRaMesher] Free heap: 335852
17:05:12.628 > ReceivedUserData_TaskHandle notify received
17:05:12.632 > Queue receiveUserData size: 1
17:05:12.634 > Packet arrived from B3F0 with size 8
17:05:12.638 > DATA:32 b3f0
17:05:14.147 > [634149][V][LoraMesher.cpp:378] receivingRoutine(): [LoRaMesher] Stack space unused after entering the task: 2032
17:05:14.158 > [634159][V][LoraMesher.cpp:379] receivingRoutine(): [LoRaMesher] Free heap: 335912
17:05:14.165 > [634167][I][PacketService.cpp:12] createEmptyPacket(): [LoRaMesher] Packet created with 17 bytes
17:05:14.174 > [634176][I][LoraMesher.cpp:392] receivingRoutine(): [LoRaMesher] Receiving LoRa packet: Size: 17 bytes RSSI: -26 SNR: 13
17:05:14.185 > [634187][V][LoraMesher.cpp:647] processPackets(): [LoRaMesher] Size of Received Packets Queue: 1
17:05:14.194 > [634195][V][LoraMesher.cpp:754] printHeaderPacket(): [LoRaMesher] Packet received -- Size: 17 Src: F02C Dst: D110 Id: 38 Type: 2 Via: D110 Seq_Id: 0 Num: 0
17:05:14.208 > [634209][I][LoraMesher.cpp:854] processDataPacket(): [LoRaMesher] Data packet from F02C, destination D110, via D110
17:05:14.218 > [634219][V][LoraMesher.cpp:857] processDataPacket(): [LoRaMesher] Data packet from F02C for me
17:05:14.226 > [634228][V][LoraMesher.cpp:893] processDataPacketForMe(): [LoRaMesher] Data Packet received
17:05:14.234 > [634236][I][PacketQueueService.h:80] deleteQueuePacketAndPacket(): [LoRaMesher] Deleting packet
17:05:14.243 > [634245][I][PacketQueueService.h:83] deleteQueuePacketAndPacket(): [LoRaMesher] Deleting packet queue
17:05:14.252 > [634254][V][LoraMesher.cpp:641] processPackets(): [LoRaMesher] Stack space unused after entering the task: 2024
17:05:14.262 > [634263][V][LoraMesher.cpp:642] processPackets(): [LoRaMesher] Free heap: 335852
17:05:14.434 > ReceivedUserData_TaskHandle notify received
17:05:14.438 > Queue receiveUserData size: 1
17:05:14.440 > Packet arrived from F02C with size 8
17:05:14.445 > DATA:32 f02c
17:05:26.592 > [646594][V][LoraMesher.cpp:378] receivingRoutine(): [LoRaMesher] Stack space unused after entering the task: 2032
17:05:26.603 > [646604][V][LoraMesher.cpp:379] receivingRoutine(): [LoRaMesher] Free heap: 335912
17:05:26.610 > [646611][I][PacketService.cpp:12] createEmptyPacket(): [LoRaMesher] Packet created with 17 bytes
17:05:26.618 > [646620][I][LoraMesher.cpp:392] receivingRoutine(): [LoRaMesher] Receiving LoRa packet: Size: 17 bytes RSSI: -70 SNR: 5
17:05:26.629 > [646631][V][LoraMesher.cpp:647] processPackets(): [LoRaMesher] Size of Received Packets Queue: 1
17:05:26.638 > [646640][V][LoraMesher.cpp:754] printHeaderPacket(): [LoRaMesher] Packet received -- Size: 17 Src: C998 Dst: D110 Id: 24 Type: 2 Via: D110 Seq_Id: 0 Num: 0
17:05:26.652 > [646654][I][LoraMesher.cpp:854] processDataPacket(): [LoRaMesher] Data packet from C998, destination D110, via D110
17:05:26.662 > [646664][V][LoraMesher.cpp:857] processDataPacket(): [LoRaMesher] Data packet from C998 for me
17:05:26.670 > [646672][V][LoraMesher.cpp:893] processDataPacketForMe(): [LoRaMesher] Data Packet received
17:05:26.679 > [646680][I][PacketQueueService.h:80] deleteQueuePacketAndPacket(): [LoRaMesher] Deleting packet
17:05:26.687 > [646689][I][PacketQueueService.h:83] deleteQueuePacketAndPacket(): [LoRaMesher] Deleting packet queue
17:05:26.696 > [646698][V][LoraMesher.cpp:641] processPackets(): [LoRaMesher] Stack space unused after entering the task: 2024
17:05:26.706 > [646708][V][LoraMesher.cpp:642] processPackets(): [LoRaMesher] Free heap: 335852
17:05:26.878 > ReceivedUserData_TaskHandle notify received
17:05:26.882 > Queue receiveUserData size: 1
17:05:26.884 > Packet arrived from C998 with size 8
17:05:26.887 > DATA:20 c998
17:05:31.832 > [651834][V][LoraMesher.cpp:378] receivingRoutine(): [LoRaMesher] Stack space unused after entering the task: 2032
17:05:31.842 > [651844][V][LoraMesher.cpp:379] receivingRoutine(): [LoRaMesher] Free heap: 335912
17:05:31.850 > [651852][I][PacketService.cpp:12] createEmptyPacket(): [LoRaMesher] Packet created with 17 bytes
17:05:31.859 > [651861][I][LoraMesher.cpp:392] receivingRoutine(): [LoRaMesher] Receiving LoRa packet: Size: 17 bytes RSSI: -24 SNR: 12
17:05:31.870 > [651872][V][LoraMesher.cpp:647] processPackets(): [LoRaMesher] Size of Received Packets Queue: 1
17:05:31.879 > [651880][V][LoraMesher.cpp:754] printHeaderPacket(): [LoRaMesher] Packet received -- Size: 17 Src: DE6C Dst: D110 Id: 39 Type: 2 Via: D110 Seq_Id: 0 Num: 0
17:05:31.892 > [651894][I][LoraMesher.cpp:854] processDataPacket(): [LoRaMesher] Data packet from DE6C, destination D110, via D110
17:05:31.903 > [651905][V][LoraMesher.cpp:857] processDataPacket(): [LoRaMesher] Data packet from DE6C for me
17:05:31.911 > [651913][V][LoraMesher.cpp:893] processDataPacketForMe(): [LoRaMesher] Data Packet received
17:05:31.919 > [651921][I][PacketQueueService.h:80] deleteQueuePacketAndPacket(): [LoRaMesher] Deleting packet
17:05:31.928 > [651930][I][PacketQueueService.h:83] deleteQueuePacketAndPacket(): [LoRaMesher] Deleting packet queue
17:05:31.937 > [651939][V][LoraMesher.cpp:641] processPackets(): [LoRaMesher] Stack space unused after entering the task: 2024
17:05:31.947 > [651949][V][LoraMesher.cpp:642] processPackets(): [LoRaMesher] Free heap: 335852
17:05:32.118 > ReceivedUserData_TaskHandle notify received
17:05:32.122 > Queue receiveUserData size: 1
17:05:32.125 > Packet arrived from DE6C with size 8
17:05:32.128 > DATA:33 de6c
17:05:32.752 > [652754][V][LoraMesher.cpp:378] receivingRoutine(): [LoRaMesher] Stack space unused after entering the task: 2032
17:05:32.762 > [652764][V][LoraMesher.cpp:379] receivingRoutine(): [LoRaMesher] Free heap: 335912
17:05:32.771 > [652772][I][PacketService.cpp:12] createEmptyPacket(): [LoRaMesher] Packet created with 17 bytes
17:05:32.779 > [652781][I][LoraMesher.cpp:392] receivingRoutine(): [LoRaMesher] Receiving LoRa packet: Size: 17 bytes RSSI: -17 SNR: 10
17:05:32.790 > [652792][W][LoraMesher.cpp:403] receivingRoutine(): [LoRaMesher] Reading packet data gave error: -7
17:05:46.973 > [666975][V][LoraMesher.cpp:378] receivingRoutine(): [LoRaMesher] Stack space unused after entering the task: 2032
17:05:46.984 > [666985][V][LoraMesher.cpp:379] receivingRoutine(): [LoRaMesher] Free heap: 335912
17:05:46.991 > [666992][I][PacketService.cpp:12] createEmptyPacket(): [LoRaMesher] Packet created with 17 bytes
17:05:47.000 > [667001][I][LoraMesher.cpp:392] receivingRoutine(): [LoRaMesher] Receiving LoRa packet: Size: 17 bytes RSSI: -70 SNR: 5
17:05:47.011 > [667012][V][LoraMesher.cpp:647] processPackets(): [LoRaMesher] Size of Received Packets Queue: 1
17:05:47.020 > [667021][V][LoraMesher.cpp:754] printHeaderPacket(): [LoRaMesher] Packet received -- Size: 17 Src: C998 Dst: D110 Id: 25 Type: 2 Via: D110 Seq_Id: 0 Num: 0
17:05:47.033 > [667035][I][LoraMesher.cpp:854] processDataPacket(): [LoRaMesher] Data packet from C998, destination D110, via D110
17:05:47.044 > [667045][V][LoraMesher.cpp:857] processDataPacket(): [LoRaMesher] Data packet from C998 for me
17:05:47.051 > [667053][V][LoraMesher.cpp:893] processDataPacketForMe(): [LoRaMesher] Data Packet received
17:05:47.060 > [667062][I][PacketQueueService.h:80] deleteQueuePacketAndPacket(): [LoRaMesher] Deleting packet
17:05:47.069 > [667070][I][PacketQueueService.h:83] deleteQueuePacketAndPacket(): [LoRaMesher] Deleting packet queue
17:05:47.078 > [667079][V][LoraMesher.cpp:641] processPackets(): [LoRaMesher] Stack space unused after entering the task: 2024
17:05:47.087 > [667089][V][LoraMesher.cpp:642] processPackets(): [LoRaMesher] Free heap: 335852
17:05:47.259 > ReceivedUserData_TaskHandle notify received
17:05:47.264 > Queue receiveUserData size: 1
17:05:47.266 > Packet arrived from C998 with size 8
17:05:47.269 > DATA:21 c998
17:05:51.824 > [671826][V][LoraMesher.cpp:378] receivingRoutine(): [LoRaMesher] Stack space unused after entering the task: 2032
17:05:51.835 > [671836][V][LoraMesher.cpp:379] receivingRoutine(): [LoRaMesher] Free heap: 335912
17:05:51.842 > [671843][I][PacketService.cpp:12] createEmptyPacket(): [LoRaMesher] Packet created with 17 bytes
17:05:51.851 > [671852][I][LoraMesher.cpp:392] receivingRoutine(): [LoRaMesher] Receiving LoRa packet: Size: 17 bytes RSSI: -26 SNR: 12
17:05:51.862 > [671863][V][LoraMesher.cpp:647] processPackets(): [LoRaMesher] Size of Received Packets Queue: 1
17:05:51.871 > [671872][V][LoraMesher.cpp:754] printHeaderPacket(): [LoRaMesher] Packet received -- Size: 17 Src: DE6C Dst: D110 Id: 40 Type: 2 Via: D110 Seq_Id: 0 Num: 0
17:05:51.884 > [671886][I][LoraMesher.cpp:854] processDataPacket(): [LoRaMesher] Data packet from DE6C, destination D110, via D110
17:05:51.895 > [671896][V][LoraMesher.cpp:857] processDataPacket(): [LoRaMesher] Data packet from DE6C for me
17:05:51.903 > [671904][V][LoraMesher.cpp:893] processDataPacketForMe(): [LoRaMesher] Data Packet received
17:05:51.911 > [671913][I][PacketQueueService.h:80] deleteQueuePacketAndPacket(): [LoRaMesher] Deleting packet
17:05:51.920 > [671921][I][PacketQueueService.h:83] deleteQueuePacketAndPacket(): [LoRaMesher] Deleting packet queue
17:05:51.929 > [671930][V][LoraMesher.cpp:641] processPackets(): [LoRaMesher] Stack space unused after entering the task: 2024
17:05:51.938 > [671940][V][LoraMesher.cpp:642] processPackets(): [LoRaMesher] Free heap: 335852
17:05:52.110 > ReceivedUserData_TaskHandle notify received
17:05:52.115 > Queue receiveUserData size: 1
17:05:52.117 > Packet arrived from DE6C with size 8
17:05:52.121 > DATA:34 de6c
17:05:52.727 > [672729][V][LoraMesher.cpp:378] receivingRoutine(): [LoRaMesher] Stack space unused after entering the task: 2032
17:05:52.738 > [672740][V][LoraMesher.cpp:379] receivingRoutine(): [LoRaMesher] Free heap: 335912
17:05:52.746 > [672747][I][PacketService.cpp:12] createEmptyPacket(): [LoRaMesher] Packet created with 17 bytes
17:05:52.754 > [672756][I][LoraMesher.cpp:392] receivingRoutine(): [LoRaMesher] Receiving LoRa packet: Size: 17 bytes RSSI: 0 SNR: 13
17:05:52.766 > [672767][V][LoraMesher.cpp:647] processPackets(): [LoRaMesher] Size of Received Packets Queue: 1
17:05:52.774 > [672776][V][LoraMesher.cpp:754] printHeaderPacket(): [LoRaMesher] Packet received -- Size: 17 Src: B3F0 Dst: D110 Id: 40 Type: 2 Via: D110 Seq_Id: 0 Num: 0
17:05:52.788 > [672789][I][LoraMesher.cpp:854] processDataPacket(): [LoRaMesher] Data packet from B3F0, destination D110, via D110
17:05:52.798 > [672800][V][LoraMesher.cpp:857] processDataPacket(): [LoRaMesher] Data packet from B3F0 for me
17:05:52.807 > [672808][V][LoraMesher.cpp:893] processDataPacketForMe(): [LoRaMesher] Data Packet received
17:05:52.815 > [672816][I][PacketQueueService.h:80] deleteQueuePacketAndPacket(): [LoRaMesher] Deleting packet
17:05:52.823 > [672825][I][PacketQueueService.h:83] deleteQueuePacketAndPacket(): [LoRaMesher] Deleting packet queue
17:05:52.831 > [672834][V][LoraMesher.cpp:641] processPackets(): [LoRaMesher] Stack space unused after entering the task: 2024
17:05:52.842 > [672844][V][LoraMesher.cpp:642] processPackets(): [LoRaMesher] Free heap: 335852
17:05:53.013 > ReceivedUserData_TaskHandle notify received
17:05:53.018 > Queue receiveUserData size: 1
17:05:53.020 > Packet arrived from B3F0 with size 8
17:05:53.024 > DATA:34 b3f0
17:05:54.389 > [674391][V][LoraMesher.cpp:378] receivingRoutine(): [LoRaMesher] Stack space unused after entering the task: 2032
17:05:54.400 > [674401][V][LoraMesher.cpp:379] receivingRoutine(): [LoRaMesher] Free heap: 335912
17:05:54.407 > [674409][I][PacketService.cpp:12] createEmptyPacket(): [LoRaMesher] Packet created with 17 bytes
17:05:54.416 > [674418][I][LoraMesher.cpp:392] receivingRoutine(): [LoRaMesher] Receiving LoRa packet: Size: 17 bytes RSSI: -25 SNR: 14
17:05:54.427 > [674429][V][LoraMesher.cpp:647] processPackets(): [LoRaMesher] Size of Received Packets Queue: 1
17:05:54.436 > [674437][V][LoraMesher.cpp:754] printHeaderPacket(): [LoRaMesher] Packet received -- Size: 17 Src: F02C Dst: D110 Id: 40 Type: 2 Via: D110 Seq_Id: 0 Num: 0
17:05:54.450 > [674451][I][LoraMesher.cpp:854] processDataPacket(): [LoRaMesher] Data packet from F02C, destination D110, via D110
17:05:54.460 > [674461][V][LoraMesher.cpp:857] processDataPacket(): [LoRaMesher] Data packet from F02C for me
17:05:54.468 > [674470][V][LoraMesher.cpp:893] processDataPacketForMe(): [LoRaMesher] Data Packet received
17:05:54.476 > [674478][I][PacketQueueService.h:80] deleteQueuePacketAndPacket(): [LoRaMesher] Deleting packet
17:05:54.485 > [674486][I][PacketQueueService.h:83] deleteQueuePacketAndPacket(): [LoRaMesher] Deleting packet queue
17:05:54.494 > [674495][V][LoraMesher.cpp:641] processPackets(): [LoRaMesher] Stack space unused after entering the task: 2024
17:05:54.503 > [674505][V][LoraMesher.cpp:642] processPackets(): [LoRaMesher] Free heap: 335852
17:05:54.675 > ReceivedUserData_TaskHandle notify received
17:05:54.680 > Queue receiveUserData size: 1
17:05:54.683 > Packet arrived from F02C with size 8
17:05:54.686 > DATA:34 f02c
17:06:06.999 > [687001][V][LoraMesher.cpp:378] receivingRoutine(): [LoRaMesher] Stack space unused after entering the task: 2032
17:06:07.009 > [687011][V][LoraMesher.cpp:379] receivingRoutine(): [LoRaMesher] Free heap: 335912
17:06:07.017 > [687018][I][PacketService.cpp:12] createEmptyPacket(): [LoRaMesher] Packet created with 17 bytes
17:06:07.025 > [687027][I][LoraMesher.cpp:392] receivingRoutine(): [LoRaMesher] Receiving LoRa packet: Size: 17 bytes RSSI: -70 SNR: 6
17:06:07.037 > [687038][V][LoraMesher.cpp:647] processPackets(): [LoRaMesher] Size of Received Packets Queue: 1
17:06:07.046 > [687047][V][LoraMesher.cpp:754] printHeaderPacket(): [LoRaMesher] Packet received -- Size: 17 Src: C998 Dst: D110 Id: 26 Type: 2 Via: D110 Seq_Id: 0 Num: 0
17:06:07.059 > [687061][I][LoraMesher.cpp:854] processDataPacket(): [LoRaMesher] Data packet from C998, destination D110, via D110
17:06:07.070 > [687071][V][LoraMesher.cpp:857] processDataPacket(): [LoRaMesher] Data packet from C998 for me
17:06:07.078 > [687079][V][LoraMesher.cpp:893] processDataPacketForMe(): [LoRaMesher] Data Packet received
17:06:07.086 > [687088][I][PacketQueueService.h:80] deleteQueuePacketAndPacket(): [LoRaMesher] Deleting packet
17:06:07.095 > [687096][I][PacketQueueService.h:83] deleteQueuePacketAndPacket(): [LoRaMesher] Deleting packet queue
17:06:07.104 > [687105][V][LoraMesher.cpp:641] processPackets(): [LoRaMesher] Stack space unused after entering the task: 2024
17:06:07.114 > [687115][V][LoraMesher.cpp:642] processPackets(): [LoRaMesher] Free heap: 335852
17:06:07.285 > ReceivedUserData_TaskHandle notify received
17:06:07.290 > Queue receiveUserData size: 1
17:06:07.292 > Packet arrived from C998 with size 8
17:06:07.296 > DATA:22 c998
17:06:12.599 > [692601][V][LoraMesher.cpp:378] receivingRoutine(): [LoRaMesher] Stack space unused after entering the task: 2032
17:06:12.610 > [692611][V][LoraMesher.cpp:379] receivingRoutine(): [LoRaMesher] Free heap: 335912
17:06:12.617 > [692619][I][PacketService.cpp:12] createEmptyPacket(): [LoRaMesher] Packet created with 17 bytes
17:06:12.626 > [692628][I][LoraMesher.cpp:392] receivingRoutine(): [LoRaMesher] Receiving LoRa packet: Size: 17 bytes RSSI: -26 SNR: 13
17:06:12.637 > [692639][V][LoraMesher.cpp:647] processPackets(): [LoRaMesher] Size of Received Packets Queue: 1
17:06:12.646 > [692647][V][LoraMesher.cpp:754] printHeaderPacket(): [LoRaMesher] Packet received -- Size: 17 Src: F02C Dst: D110 Id: 41 Type: 2 Via: D110 Seq_Id: 0 Num: 0
17:06:12.660 > [692661][I][LoraMesher.cpp:854] processDataPacket(): [LoRaMesher] Data packet from F02C, destination D110, via D110
17:06:12.670 > [692671][V][LoraMesher.cpp:857] processDataPacket(): [LoRaMesher] Data packet from F02C for me
17:06:12.678 > [692680][V][LoraMesher.cpp:893] processDataPacketForMe(): [LoRaMesher] Data Packet received
17:06:12.686 > [692688][I][PacketQueueService.h:80] deleteQueuePacketAndPacket(): [LoRaMesher] Deleting packet
17:06:12.695 > [692697][I][PacketQueueService.h:83] deleteQueuePacketAndPacket(): [LoRaMesher] Deleting packet queue
17:06:12.704 > [692706][V][LoraMesher.cpp:641] processPackets(): [LoRaMesher] Stack space unused after entering the task: 2024
17:06:12.714 > [692715][V][LoraMesher.cpp:642] processPackets(): [LoRaMesher] Free heap: 335852
17:06:12.885 > ReceivedUserData_TaskHandle notify received
17:06:12.890 > Queue receiveUserData size: 1
17:06:12.892 > Packet arrived from F02C with size 8
17:06:12.896 > DATA:35 f02c
17:06:13.587 > [693589][V][LoraMesher.cpp:378] receivingRoutine(): [LoRaMesher] Stack space unused after entering the task: 2032
17:06:13.598 > [693599][V][LoraMesher.cpp:379] receivingRoutine(): [LoRaMesher] Free heap: 335912
17:06:13.605 > [693607][I][PacketService.cpp:12] createEmptyPacket(): [LoRaMesher] Packet created with 17 bytes
17:06:13.614 > [693616][I][LoraMesher.cpp:392] receivingRoutine(): [LoRaMesher] Receiving LoRa packet: Size: 17 bytes RSSI: 0 SNR: 14
17:06:13.625 > [693627][V][LoraMesher.cpp:647] processPackets(): [LoRaMesher] Size of Received Packets Queue: 1
17:06:13.634 > [693635][V][LoraMesher.cpp:754] printHeaderPacket(): [LoRaMesher] Packet received -- Size: 17 Src: B3F0 Dst: D110 Id: 41 Type: 2 Via: D110 Seq_Id: 0 Num: 0
17:06:13.648 > [693649][I][LoraMesher.cpp:854] processDataPacket(): [LoRaMesher] Data packet from B3F0, destination D110, via D110
17:06:13.658 > [693660][V][LoraMesher.cpp:857] processDataPacket(): [LoRaMesher] Data packet from B3F0 for me
17:06:13.666 > [693668][V][LoraMesher.cpp:893] processDataPacketForMe(): [LoRaMesher] Data Packet received
17:06:13.674 > [693676][I][PacketQueueService.h:80] deleteQueuePacketAndPacket(): [LoRaMesher] Deleting packet
17:06:13.683 > [693685][I][PacketQueueService.h:83] deleteQueuePacketAndPacket(): [LoRaMesher] Deleting packet queue
17:06:13.692 > [693694][V][LoraMesher.cpp:641] processPackets(): [LoRaMesher] Stack space unused after entering the task: 2024
17:06:13.702 > [693704][V][LoraMesher.cpp:642] processPackets(): [LoRaMesher] Free heap: 335852
17:06:13.873 > ReceivedUserData_TaskHandle notify received
17:06:13.878 > Queue receiveUserData size: 1
17:06:13.880 > Packet arrived from B3F0 with size 8
17:06:13.884 > DATA:35 b3f0
17:06:26.608 > [706611][V][LoraMesher.cpp:378] receivingRoutine(): [LoRaMesher] Stack space unused after entering the task: 2032
17:06:26.619 > [706621][V][LoraMesher.cpp:379] receivingRoutine(): [LoRaMesher] Free heap: 335912
17:06:26.627 > [706629][I][PacketService.cpp:12] createEmptyPacket(): [LoRaMesher] Packet created with 17 bytes
17:06:26.636 > [706637][I][LoraMesher.cpp:392] receivingRoutine(): [LoRaMesher] Receiving LoRa packet: Size: 17 bytes RSSI: -70 SNR: 6
17:06:26.647 > [706648][V][LoraMesher.cpp:647] processPackets(): [LoRaMesher] Size of Received Packets Queue: 1
17:06:26.655 > [706657][V][LoraMesher.cpp:754] printHeaderPacket(): [LoRaMesher] Packet received -- Size: 17 Src: C998 Dst: D110 Id: 27 Type: 2 Via: D110 Seq_Id: 0 Num: 0
17:06:26.669 > [706671][I][LoraMesher.cpp:854] processDataPacket(): [LoRaMesher] Data packet from C998, destination D110, via D110
17:06:26.679 > [706681][V][LoraMesher.cpp:857] processDataPacket(): [LoRaMesher] Data packet from C998 for me
17:06:26.688 > [706690][V][LoraMesher.cpp:893] processDataPacketForMe(): [LoRaMesher] Data Packet received
17:06:26.696 > [706698][I][PacketQueueService.h:80] deleteQueuePacketAndPacket(): [LoRaMesher] Deleting packet
17:06:26.704 > [706706][I][PacketQueueService.h:83] deleteQueuePacketAndPacket(): [LoRaMesher] Deleting packet queue
17:06:26.713 > [706715][V][LoraMesher.cpp:641] processPackets(): [LoRaMesher] Stack space unused after entering the task: 2024
17:06:26.723 > [706725][V][LoraMesher.cpp:642] processPackets(): [LoRaMesher] Free heap: 335852
17:06:26.895 > ReceivedUserData_TaskHandle notify received
17:06:26.900 > Queue receiveUserData size: 1
17:06:26.902 > Packet arrived from C998 with size 8
17:06:26.905 > DATA:23 c998
17:06:30.980 > [710982][V][LoraMesher.cpp:378] receivingRoutine(): [LoRaMesher] Stack space unused after entering the task: 2032
17:06:30.991 > [710993][V][LoraMesher.cpp:379] receivingRoutine(): [LoRaMesher] Free heap: 335912
17:06:30.998 > [711000][I][PacketService.cpp:12] createEmptyPacket(): [LoRaMesher] Packet created with 24 bytes
17:06:31.007 > [711009][I][LoraMesher.cpp:392] receivingRoutine(): [LoRaMesher] Receiving LoRa packet: Size: 24 bytes RSSI: 0 SNR: 14
17:06:31.018 > [711020][V][LoraMesher.cpp:647] processPackets(): [LoRaMesher] Size of Received Packets Queue: 1
17:06:31.027 > [711029][V][LoraMesher.cpp:754] printHeaderPacket(): [LoRaMesher] Packet received -- Size: 24 Src: B3F0 Dst: FFFF Id: 42 Type: 4 Via: 0 Seq_Id: 0 Num: 0
17:06:31.040 > [711042][I][RoutingTableService.cpp:77] processRoute(): [LoRaMesher] Route packet from B3F0 with size 4
17:06:31.050 > [711051][I][RoutingTableService.cpp:99] resetReceiveSNRRoutePacket(): [LoRaMesher] Reset Receive SNR from B3F0: 14
17:06:31.060 > [711062][I][RoutingTableService.cpp:192] printRoutingTable(): [LoRaMesher] Current routing table:
17:06:31.068 > [711070][I][RoutingTableService.cpp:206] printRoutingTable(): [LoRaMesher] 0 - B3F0 via B3F0 metric 1 Role 0
17:06:31.078 > [711080][I][RoutingTableService.cpp:206] printRoutingTable(): [LoRaMesher] 1 - F02C via F02C metric 1 Role 0
17:06:31.088 > [711089][I][RoutingTableService.cpp:206] printRoutingTable(): [LoRaMesher] 2 - DE6C via DE6C metric 1 Role 0
17:06:31.097 > [711099][I][RoutingTableService.cpp:206] printRoutingTable(): [LoRaMesher] 3 - C998 via C998 metric 1 Role 0
17:06:31.107 > [711109][I][PacketQueueService.h:80] deleteQueuePacketAndPacket(): [LoRaMesher] Deleting packet
17:06:31.115 > [711117][I][PacketQueueService.h:83] deleteQueuePacketAndPacket(): [LoRaMesher] Deleting packet queue
17:06:31.124 > [711126][V][LoraMesher.cpp:641] processPackets(): [LoRaMesher] Stack space unused after entering the task: 2024
17:06:31.134 > [711136][V][LoraMesher.cpp:642] processPackets(): [LoRaMesher] Free heap: 335912
17:06:31.969 > [711971][V][LoraMesher.cpp:378] receivingRoutine(): [LoRaMesher] Stack space unused after entering the task: 2032
17:06:31.980 > [711981][V][LoraMesher.cpp:379] receivingRoutine(): [LoRaMesher] Free heap: 335912
17:06:31.987 > [711989][I][PacketService.cpp:12] createEmptyPacket(): [LoRaMesher] Packet created with 17 bytes
17:06:31.996 > [711998][I][LoraMesher.cpp:392] receivingRoutine(): [LoRaMesher] Receiving LoRa packet: Size: 17 bytes RSSI: 0 SNR: 13
17:06:32.007 > [712009][V][LoraMesher.cpp:647] processPackets(): [LoRaMesher] Size of Received Packets Queue: 1
17:06:32.016 > [712017][V][LoraMesher.cpp:754] printHeaderPacket(): [LoRaMesher] Packet received -- Size: 17 Src: B3F0 Dst: D110 Id: 43 Type: 2 Via: D110 Seq_Id: 0 Num: 0
17:06:32.029 > [712031][I][LoraMesher.cpp:854] processDataPacket(): [LoRaMesher] Data packet from B3F0, destination D110, via D110
17:06:32.040 > [712041][V][LoraMesher.cpp:857] processDataPacket(): [LoRaMesher] Data packet from B3F0 for me
17:06:32.048 > [712050][V][LoraMesher.cpp:893] processDataPacketForMe(): [LoRaMesher] Data Packet received
17:06:32.056 > [712058][I][PacketQueueService.h:80] deleteQueuePacketAndPacket(): [LoRaMesher] Deleting packet
17:06:32.065 > [712067][I][PacketQueueService.h:83] deleteQueuePacketAndPacket(): [LoRaMesher] Deleting packet queue
17:06:32.074 > [712076][V][LoraMesher.cpp:641] processPackets(): [LoRaMesher] Stack space unused after entering the task: 2024
17:06:32.084 > [712085][V][LoraMesher.cpp:642] processPackets(): [LoRaMesher] Free heap: 335852
17:06:32.255 > ReceivedUserData_TaskHandle notify received
17:06:32.260 > Queue receiveUserData size: 1
17:06:32.262 > Packet arrived from B3F0 with size 8
17:06:32.265 > DATA:36 b3f0
17:06:33.084 > [713086][V][LoraMesher.cpp:378] receivingRoutine(): [LoRaMesher] Stack space unused after entering the task: 2032
17:06:33.094 > [713096][V][LoraMesher.cpp:379] receivingRoutine(): [LoRaMesher] Free heap: 335912
17:06:33.102 > [713104][I][PacketService.cpp:12] createEmptyPacket(): [LoRaMesher] Packet created with 24 bytes
17:06:33.111 > [713113][I][LoraMesher.cpp:392] receivingRoutine(): [LoRaMesher] Receiving LoRa packet: Size: 24 bytes RSSI: -26 SNR: 13
17:06:33.122 > [713124][V][LoraMesher.cpp:647] processPackets(): [LoRaMesher] Size of Received Packets Queue: 1
17:06:33.131 > [713132][V][LoraMesher.cpp:754] printHeaderPacket(): [LoRaMesher] Packet received -- Size: 24 Src: F02C Dst: FFFF Id: 42 Type: 4 Via: 0 Seq_Id: 0 Num: 0
17:06:33.144 > [713146][I][RoutingTableService.cpp:77] processRoute(): [LoRaMesher] Route packet from F02C with size 4
17:06:33.153 > [713155][I][RoutingTableService.cpp:99] resetReceiveSNRRoutePacket(): [LoRaMesher] Reset Receive SNR from F02C: 13
17:06:33.163 > [713165][I][RoutingTableService.cpp:192] printRoutingTable(): [LoRaMesher] Current routing table:
17:06:33.172 > [713174][I][RoutingTableService.cpp:206] printRoutingTable(): [LoRaMesher] 0 - B3F0 via B3F0 metric 1 Role 0
17:06:33.183 > [713184][I][RoutingTableService.cpp:206] printRoutingTable(): [LoRaMesher] 1 - F02C via F02C metric 1 Role 0
17:06:33.191 > [713193][I][RoutingTableService.cpp:206] printRoutingTable(): [LoRaMesher] 2 - DE6C via DE6C metric 1 Role 0
17:06:33.201 > [713203][I][RoutingTableService.cpp:206] printRoutingTable(): [LoRaMesher] 3 - C998 via C998 metric 1 Role 0
17:06:33.211 > [713213][I][PacketQueueService.h:80] deleteQueuePacketAndPacket(): [LoRaMesher] Deleting packet
17:06:33.219 > [713221][I][PacketQueueService.h:83] deleteQueuePacketAndPacket(): [LoRaMesher] Deleting packet queue
17:06:33.228 > [713230][V][LoraMesher.cpp:641] processPackets(): [LoRaMesher] Stack space unused after entering the task: 2024
17:06:33.238 > [713240][V][LoraMesher.cpp:642] processPackets(): [LoRaMesher] Free heap: 335912
17:06:34.145 > [714148][V][LoraMesher.cpp:378] receivingRoutine(): [LoRaMesher] Stack space unused after entering the task: 2032
17:06:34.156 > [714158][V][LoraMesher.cpp:379] receivingRoutine(): [LoRaMesher] Free heap: 335912
17:06:34.164 > [714166][I][PacketService.cpp:12] createEmptyPacket(): [LoRaMesher] Packet created with 17 bytes
17:06:34.173 > [714174][I][LoraMesher.cpp:392] receivingRoutine(): [LoRaMesher] Receiving LoRa packet: Size: 17 bytes RSSI: -26 SNR: 13
17:06:34.184 > [714186][V][LoraMesher.cpp:647] processPackets(): [LoRaMesher] Size of Received Packets Queue: 1
17:06:34.192 > [714194][V][LoraMesher.cpp:754] printHeaderPacket(): [LoRaMesher] Packet received -- Size: 17 Src: F02C Dst: D110 Id: 43 Type: 2 Via: D110 Seq_Id: 0 Num: 0
17:06:34.206 > [714208][I][LoraMesher.cpp:854] processDataPacket(): [LoRaMesher] Data packet from F02C, destination D110, via D110
17:06:34.216 > [714218][V][LoraMesher.cpp:857] processDataPacket(): [LoRaMesher] Data packet from F02C for me
17:06:34.225 > [714227][V][LoraMesher.cpp:893] processDataPacketForMe(): [LoRaMesher] Data Packet received
17:06:34.233 > [714235][I][PacketQueueService.h:80] deleteQueuePacketAndPacket(): [LoRaMesher] Deleting packet
17:06:34.241 > [714243][I][PacketQueueService.h:83] deleteQueuePacketAndPacket(): [LoRaMesher] Deleting packet queue
17:06:34.250 > [714252][V][LoraMesher.cpp:641] processPackets(): [LoRaMesher] Stack space unused after entering the task: 2024
17:06:34.260 > [714262][V][LoraMesher.cpp:642] processPackets(): [LoRaMesher] Free heap: 335852
17:06:34.432 > ReceivedUserData_TaskHandle notify received
17:06:34.436 > Queue receiveUserData size: 1
17:06:34.439 > Packet arrived from F02C with size 8
17:06:34.442 > DATA:36 f02c
17:06:34.758 > [714760][V][LoraMesher.cpp:378] receivingRoutine(): [LoRaMesher] Stack space unused after entering the task: 2032
17:06:34.768 > [714770][V][LoraMesher.cpp:379] receivingRoutine(): [LoRaMesher] Free heap: 335912
17:06:34.776 > [714778][I][PacketService.cpp:12] createEmptyPacket(): [LoRaMesher] Packet created with 24 bytes
17:06:34.785 > [714787][I][LoraMesher.cpp:392] receivingRoutine(): [LoRaMesher] Receiving LoRa packet: Size: 24 bytes RSSI: -29 SNR: 13
17:06:34.796 > [714798][V][LoraMesher.cpp:647] processPackets(): [LoRaMesher] Size of Received Packets Queue: 1
17:06:34.805 > [714807][V][LoraMesher.cpp:754] printHeaderPacket(): [LoRaMesher] Packet received -- Size: 24 Src: DE6C Dst: FFFF Id: 42 Type: 4 Via: 0 Seq_Id: 0 Num: 0
17:06:34.818 > [714820][I][RoutingTableService.cpp:77] processRoute(): [LoRaMesher] Route packet from DE6C with size 4
17:06:34.827 > [714829][I][RoutingTableService.cpp:99] resetReceiveSNRRoutePacket(): [LoRaMesher] Reset Receive SNR from DE6C: 13
17:06:34.838 > [714839][I][RoutingTableService.cpp:192] printRoutingTable(): [LoRaMesher] Current routing table:
17:06:34.846 > [714848][I][RoutingTableService.cpp:206] printRoutingTable(): [LoRaMesher] 0 - B3F0 via B3F0 metric 1 Role 0
17:06:34.857 > [714858][I][RoutingTableService.cpp:206] printRoutingTable(): [LoRaMesher] 1 - F02C via F02C metric 1 Role 0
17:06:34.865 > [714867][I][RoutingTableService.cpp:206] printRoutingTable(): [LoRaMesher] 2 - DE6C via DE6C metric 1 Role 0
17:06:34.875 > [714877][I][RoutingTableService.cpp:206] printRoutingTable(): [LoRaMesher] 3 - C998 via C998 metric 1 Role 0
17:06:34.885 > [714887][I][PacketQueueService.h:80] deleteQueuePacketAndPacket(): [LoRaMesher] Deleting packet
17:06:34.893 > [714895][I][PacketQueueService.h:83] deleteQueuePacketAndPacket(): [LoRaMesher] Deleting packet queue
17:06:34.902 > [714904][V][LoraMesher.cpp:641] processPackets(): [LoRaMesher] Stack space unused after entering the task: 2024
17:06:34.912 > [714914][V][LoraMesher.cpp:642] processPackets(): [LoRaMesher] Free heap: 335912
17:06:35.148 > [715151][V][LoraMesher.cpp:378] receivingRoutine(): [LoRaMesher] Stack space unused after entering the task: 2032
17:06:35.159 > [715161][V][LoraMesher.cpp:379] receivingRoutine(): [LoRaMesher] Free heap: 335912
17:06:35.166 > [715168][I][PacketService.cpp:12] createEmptyPacket(): [LoRaMesher] Packet created with 17 bytes
17:06:35.175 > [715177][I][LoraMesher.cpp:392] receivingRoutine(): [LoRaMesher] Receiving LoRa packet: Size: 17 bytes RSSI: -28 SNR: 13
17:06:35.186 > [715188][V][LoraMesher.cpp:647] processPackets(): [LoRaMesher] Size of Received Packets Queue: 1
17:06:35.195 > [715197][V][LoraMesher.cpp:754] printHeaderPacket(): [LoRaMesher] Packet received -- Size: 17 Src: DE6C Dst: D110 Id: 43 Type: 2 Via: D110 Seq_Id: 0 Num: 0
17:06:35.209 > [715211][I][LoraMesher.cpp:854] processDataPacket(): [LoRaMesher] Data packet from DE6C, destination D110, via D110
17:06:35.219 > [715221][V][LoraMesher.cpp:857] processDataPacket(): [LoRaMesher] Data packet from DE6C for me
17:06:35.227 > [715229][V][LoraMesher.cpp:893] processDataPacketForMe(): [LoRaMesher] Data Packet received
17:06:35.236 > [715237][I][PacketQueueService.h:80] deleteQueuePacketAndPacket(): [LoRaMesher] Deleting packet
17:06:35.244 > [715246][I][PacketQueueService.h:83] deleteQueuePacketAndPacket(): [LoRaMesher] Deleting packet queue
17:06:35.253 > [715255][V][LoraMesher.cpp:641] processPackets(): [LoRaMesher] Stack space unused after entering the task: 2024
17:06:35.263 > [715265][V][LoraMesher.cpp:642] processPackets(): [LoRaMesher] Free heap: 335852
17:06:35.434 > ReceivedUserData_TaskHandle notify received
17:06:35.438 > Queue receiveUserData size: 1
17:06:35.441 > Packet arrived from DE6C with size 8
17:06:35.444 > DATA:36 de6c
17:06:46.887 > [726890][V][LoraMesher.cpp:378] receivingRoutine(): [LoRaMesher] Stack space unused after entering the task: 2032
17:06:46.898 > [726900][V][LoraMesher.cpp:379] receivingRoutine(): [LoRaMesher] Free heap: 335912
17:06:46.906 > [726908][I][PacketService.cpp:12] createEmptyPacket(): [LoRaMesher] Packet created with 24 bytes
17:06:46.914 > [726917][I][LoraMesher.cpp:392] receivingRoutine(): [LoRaMesher] Receiving LoRa packet: Size: 24 bytes RSSI: -69 SNR: 8
17:06:46.926 > [726928][V][LoraMesher.cpp:647] processPackets(): [LoRaMesher] Size of Received Packets Queue: 1
17:06:46.934 > [726936][V][LoraMesher.cpp:754] printHeaderPacket(): [LoRaMesher] Packet received -- Size: 24 Src: C998 Dst: FFFF Id: 28 Type: 4 Via: 0 Seq_Id: 0 Num: 0
17:06:46.948 > [726950][I][RoutingTableService.cpp:77] processRoute(): [LoRaMesher] Route packet from C998 with size 4
17:06:46.957 > [726959][I][RoutingTableService.cpp:99] resetReceiveSNRRoutePacket(): [LoRaMesher] Reset Receive SNR from C998: 8
17:06:46.967 > [726969][I][RoutingTableService.cpp:192] printRoutingTable(): [LoRaMesher] Current routing table:
17:06:46.976 > [726978][I][RoutingTableService.cpp:206] printRoutingTable(): [LoRaMesher] 0 - B3F0 via B3F0 metric 1 Role 0
17:06:46.985 > [726987][I][RoutingTableService.cpp:206] printRoutingTable(): [LoRaMesher] 1 - F02C via F02C metric 1 Role 0
17:06:46.995 > [726997][I][RoutingTableService.cpp:206] printRoutingTable(): [LoRaMesher] 2 - DE6C via DE6C metric 1 Role 0
17:06:47.005 > [727007][I][RoutingTableService.cpp:206] printRoutingTable(): [LoRaMesher] 3 - C998 via C998 metric 1 Role 0
17:06:47.014 > [727016][I][PacketQueueService.h:80] deleteQueuePacketAndPacket(): [LoRaMesher] Deleting packet
17:06:47.023 > [727025][I][PacketQueueService.h:83] deleteQueuePacketAndPacket(): [LoRaMesher] Deleting packet queue
17:06:47.032 > [727034][V][LoraMesher.cpp:641] processPackets(): [LoRaMesher] Stack space unused after entering the task: 2024
17:06:47.042 > [727044][V][LoraMesher.cpp:642] processPackets(): [LoRaMesher] Free heap: 335912
17:06:47.961 > [727964][V][LoraMesher.cpp:378] receivingRoutine(): [LoRaMesher] Stack space unused after entering the task: 2032
17:06:47.972 > [727974][V][LoraMesher.cpp:379] receivingRoutine(): [LoRaMesher] Free heap: 335912
17:06:47.979 > [727982][I][PacketService.cpp:12] createEmptyPacket(): [LoRaMesher] Packet created with 17 bytes
17:06:47.988 > [727990][I][LoraMesher.cpp:392] receivingRoutine(): [LoRaMesher] Receiving LoRa packet: Size: 17 bytes RSSI: -68 SNR: 8
17:06:47.999 > [728001][V][LoraMesher.cpp:647] processPackets(): [LoRaMesher] Size of Received Packets Queue: 1
17:06:48.008 > [728010][V][LoraMesher.cpp:754] printHeaderPacket(): [LoRaMesher] Packet received -- Size: 17 Src: C998 Dst: D110 Id: 29 Type: 2 Via: D110 Seq_Id: 0 Num: 0
17:06:48.022 > [728024][I][LoraMesher.cpp:854] processDataPacket(): [LoRaMesher] Data packet from C998, destination D110, via D110
17:06:48.032 > [728034][V][LoraMesher.cpp:857] processDataPacket(): [LoRaMesher] Data packet from C998 for me
17:06:48.040 > [728042][V][LoraMesher.cpp:893] processDataPacketForMe(): [LoRaMesher] Data Packet received
17:06:48.049 > [728051][I][PacketQueueService.h:80] deleteQueuePacketAndPacket(): [LoRaMesher] Deleting packet
17:06:48.057 > [728059][I][PacketQueueService.h:83] deleteQueuePacketAndPacket(): [LoRaMesher] Deleting packet queue
17:06:48.066 > [728068][V][LoraMesher.cpp:641] processPackets(): [LoRaMesher] Stack space unused after entering the task: 2024
17:06:48.076 > [728078][V][LoraMesher.cpp:642] processPackets(): [LoRaMesher] Free heap: 335852
17:06:48.248 > ReceivedUserData_TaskHandle notify received
17:06:48.252 > Queue receiveUserData size: 1
17:06:48.255 > Packet arrived from C998 with size 8
17:06:48.258 > DATA:24 c998
17:06:48.285 > [728288][V][LoraMesher.cpp:598] sendHelloPacket(): [LoRaMesher] Creating Routing Packet
17:06:48.293 > [728295][V][LoraMesher.cpp:599] sendHelloPacket(): [LoRaMesher] Stack space unused after entering the task: 2328
17:06:48.303 > [728305][V][LoraMesher.cpp:600] sendHelloPacket(): [LoRaMesher] Free heap: 335912
17:06:48.311 > [728313][V][PacketFactory.h:45] createPacket(): [LoRaMesher] Creating packet with 24 bytes
17:06:48.319 > [728321][I][PacketFactory.h:74] createPacket(): [LoRaMesher] Packet created with 24 bytes
17:06:48.327 > [728329][I][LoraMesher.h:659] setPackedForSend(): [LoRaMesher] Adding packet to Q_SP
17:06:48.334 > [728336][I][LoraMesher.h:661] setPackedForSend(): [LoRaMesher] Created packet to Q_SP
17:06:48.342 > [728344][I][LoraMesher.cpp:1061] addToSendOrderedAndNotify(): [LoRaMesher] Added packet to Q_SP, notifying sender task
17:06:48.352 > [728354][V][LoraMesher.cpp:511] sendPackets(): [LoRaMesher] Stack space unused after entering the task: 2244
17:06:48.362 > [728364][V][LoraMesher.cpp:512] sendPackets(): [LoRaMesher] Free heap: 335804
17:06:48.369 > [728371][V][LoraMesher.cpp:518] sendPackets(): [LoRaMesher] Size of Send Packets Queue: 1
17:06:48.377 > [728379][V][LoraMesher.cpp:525] sendPackets(): [LoRaMesher] Send n. 6
17:06:48.383 > [728385][V][LoraMesher.cpp:455] waitBeforeSend(): [LoRaMesher] RandomDelay 1087 ms
17:06:49.477 > [729480][V][LoraMesher.cpp:754] printHeaderPacket(): [LoRaMesher] Packet send -- Size: 24 Src: D110 Dst: FFFF Id: 7 Type: 4 Via: 0 Seq_Id: 0 Num: 0
17:06:49.581 > [729584][V][LoraMesher.cpp:575] sendPackets(): [LoRaMesher] TimeOnAir 78 ms, next message in 0 ms
17:06:49.590 > [729592][I][PacketQueueService.h:80] deleteQueuePacketAndPacket(): [LoRaMesher] Deleting packet
17:06:49.599 > [729601][I][PacketQueueService.h:83] deleteQueuePacketAndPacket(): [LoRaMesher] Deleting packet queue
17:06:52.519 > [732521][V][LoraMesher.cpp:378] receivingRoutine(): [LoRaMesher] Stack space unused after entering the task: 2032
17:06:52.529 > [732531][V][LoraMesher.cpp:379] receivingRoutine(): [LoRaMesher] Free heap: 335912
17:06:52.537 > [732539][I][PacketService.cpp:12] createEmptyPacket(): [LoRaMesher] Packet created with 17 bytes
17:06:52.546 > [732548][I][LoraMesher.cpp:392] receivingRoutine(): [LoRaMesher] Receiving LoRa packet: Size: 17 bytes RSSI: 0 SNR: 13
17:06:52.556 > [732559][V][LoraMesher.cpp:647] processPackets(): [LoRaMesher] Size of Received Packets Queue: 1
17:06:52.565 > [732567][V][LoraMesher.cpp:754] printHeaderPacket(): [LoRaMesher] Packet received -- Size: 17 Src: B3F0 Dst: D110 Id: 44 Type: 2 Via: D110 Seq_Id: 0 Num: 0
17:06:52.579 > [732581][I][LoraMesher.cpp:854] processDataPacket(): [LoRaMesher] Data packet from B3F0, destination D110, via D110
17:06:52.589 > [732591][V][LoraMesher.cpp:857] processDataPacket(): [LoRaMesher] Data packet from B3F0 for me
17:06:52.598 > [732600][V][LoraMesher.cpp:893] processDataPacketForMe(): [LoRaMesher] Data Packet received
17:06:52.606 > [732608][I][PacketQueueService.h:80] deleteQueuePacketAndPacket(): [LoRaMesher] Deleting packet
17:06:52.614 > [732616][I][PacketQueueService.h:83] deleteQueuePacketAndPacket(): [LoRaMesher] Deleting packet queue
17:06:52.623 > [732625][V][LoraMesher.cpp:641] processPackets(): [LoRaMesher] Stack space unused after entering the task: 2024
17:06:52.633 > [732635][V][LoraMesher.cpp:642] processPackets(): [LoRaMesher] Free heap: 335852
17:06:52.805 > ReceivedUserData_TaskHandle notify received
17:06:52.809 > Queue receiveUserData size: 1
17:06:52.812 > Packet arrived from B3F0 with size 8
17:06:52.815 > DATA:37 b3f0
17:06:53.167 > [733170][V][LoraMesher.cpp:378] receivingRoutine(): [LoRaMesher] Stack space unused after entering the task: 2032
17:06:53.178 > [733180][V][LoraMesher.cpp:379] receivingRoutine(): [LoRaMesher] Free heap: 335912
17:06:53.185 > [733188][I][PacketService.cpp:12] createEmptyPacket(): [LoRaMesher] Packet created with 17 bytes
17:06:53.194 > [733196][I][LoraMesher.cpp:392] receivingRoutine(): [LoRaMesher] Receiving LoRa packet: Size: 17 bytes RSSI: -25 SNR: 13
17:06:53.205 > [733208][V][LoraMesher.cpp:647] processPackets(): [LoRaMesher] Size of Received Packets Queue: 1
17:06:53.214 > [733216][V][LoraMesher.cpp:754] printHeaderPacket(): [LoRaMesher] Packet received -- Size: 17 Src: F02C Dst: D110 Id: 44 Type: 2 Via: D110 Seq_Id: 0 Num: 0
17:06:53.228 > [733230][I][LoraMesher.cpp:854] processDataPacket(): [LoRaMesher] Data packet from F02C, destination D110, via D110
17:06:53.238 > [733240][V][LoraMesher.cpp:857] processDataPacket(): [LoRaMesher] Data packet from F02C for me
17:06:53.246 > [733249][V][LoraMesher.cpp:893] processDataPacketForMe(): [LoRaMesher] Data Packet received
17:06:53.255 > [733257][I][PacketQueueService.h:80] deleteQueuePacketAndPacket(): [LoRaMesher] Deleting packet
17:06:53.263 > [733265][I][PacketQueueService.h:83] deleteQueuePacketAndPacket(): [LoRaMesher] Deleting packet queue
17:06:53.272 > [733274][V][LoraMesher.cpp:641] processPackets(): [LoRaMesher] Stack space unused after entering the task: 2024
17:06:53.282 > [733284][V][LoraMesher.cpp:642] processPackets(): [LoRaMesher] Free heap: 335852
17:06:53.454 > ReceivedUserData_TaskHandle notify received
17:06:53.458 > Queue receiveUserData size: 1
17:06:53.461 > Packet arrived from F02C with size 8
17:06:53.464 > DATA:37 f02c
17:07:07.023 > [747026][V][LoraMesher.cpp:378] receivingRoutine(): [LoRaMesher] Stack space unused after entering the task: 2032
17:07:07.034 > [747036][V][LoraMesher.cpp:379] receivingRoutine(): [LoRaMesher] Free heap: 335912
17:07:07.041 > [747044][I][PacketService.cpp:12] createEmptyPacket(): [LoRaMesher] Packet created with 17 bytes
17:07:07.050 > [747052][I][LoraMesher.cpp:392] receivingRoutine(): [LoRaMesher] Receiving LoRa packet: Size: 17 bytes RSSI: -70 SNR: 7
17:07:07.061 > [747064][V][LoraMesher.cpp:647] processPackets(): [LoRaMesher] Size of Received Packets Queue: 1
17:07:07.070 > [747072][V][LoraMesher.cpp:754] printHeaderPacket(): [LoRaMesher] Packet received -- Size: 17 Src: C998 Dst: D110 Id: 30 Type: 2 Via: D110 Seq_Id: 0 Num: 0
17:07:07.084 > [747086][I][LoraMesher.cpp:854] processDataPacket(): [LoRaMesher] Data packet from C998, destination D110, via D110
17:07:07.094 > [747096][V][LoraMesher.cpp:857] processDataPacket(): [LoRaMesher] Data packet from C998 for me
17:07:07.102 > [747105][V][LoraMesher.cpp:893] processDataPacketForMe(): [LoRaMesher] Data Packet received
17:07:07.110 > [747113][I][PacketQueueService.h:80] deleteQueuePacketAndPacket(): [LoRaMesher] Deleting packet
17:07:07.119 > [747121][I][PacketQueueService.h:83] deleteQueuePacketAndPacket(): [LoRaMesher] Deleting packet queue
17:07:07.128 > [747130][V][LoraMesher.cpp:641] processPackets(): [LoRaMesher] Stack space unused after entering the task: 2024
17:07:07.138 > [747140][V][LoraMesher.cpp:642] processPackets(): [LoRaMesher] Free heap: 335852
17:07:07.310 > ReceivedUserData_TaskHandle notify received
17:07:07.314 > Queue receiveUserData size: 1
17:07:07.317 > Packet arrived from C998 with size 8
17:07:07.320 > DATA:25 c998
17:07:12.172 > [752175][V][LoraMesher.cpp:378] receivingRoutine(): [LoRaMesher] Stack space unused after entering the task: 2032
17:07:12.183 > [752185][V][LoraMesher.cpp:379] receivingRoutine(): [LoRaMesher] Free heap: 335912
17:07:12.190 > [752193][I][PacketService.cpp:12] createEmptyPacket(): [LoRaMesher] Packet created with 17 bytes
17:07:12.199 > [752201][I][LoraMesher.cpp:392] receivingRoutine(): [LoRaMesher] Receiving LoRa packet: Size: 17 bytes RSSI: -27 SNR: 13
17:07:12.210 > [752213][V][LoraMesher.cpp:647] processPackets(): [LoRaMesher] Size of Received Packets Queue: 1
17:07:12.219 > [752221][V][LoraMesher.cpp:754] printHeaderPacket(): [LoRaMesher] Packet received -- Size: 17 Src: F02C Dst: D110 Id: 45 Type: 2 Via: D110 Seq_Id: 0 Num: 0
17:07:12.233 > [752235][I][LoraMesher.cpp:854] processDataPacket(): [LoRaMesher] Data packet from F02C, destination D110, via D110
17:07:12.243 > [752245][V][LoraMesher.cpp:857] processDataPacket(): [LoRaMesher] Data packet from F02C for me
17:07:12.251 > [752254][V][LoraMesher.cpp:893] processDataPacketForMe(): [LoRaMesher] Data Packet received
17:07:12.259 > [752262][I][PacketQueueService.h:80] deleteQueuePacketAndPacket(): [LoRaMesher] Deleting packet
17:07:12.268 > [752270][I][PacketQueueService.h:83] deleteQueuePacketAndPacket(): [LoRaMesher] Deleting packet queue
17:07:12.277 > [752279][V][LoraMesher.cpp:641] processPackets(): [LoRaMesher] Stack space unused after entering the task: 2024
17:07:12.287 > [752289][V][LoraMesher.cpp:642] processPackets(): [LoRaMesher] Free heap: 335852
17:07:12.458 > ReceivedUserData_TaskHandle notify received
17:07:12.463 > Queue receiveUserData size: 1
17:07:12.465 > Packet arrived from F02C with size 8
17:07:12.469 > DATA:38 f02c
17:07:13.551 > [753554][V][LoraMesher.cpp:378] receivingRoutine(): [LoRaMesher] Stack space unused after entering the task: 2032
17:07:13.562 > [753564][V][LoraMesher.cpp:379] receivingRoutine(): [LoRaMesher] Free heap: 335912
17:07:13.569 > [753572][I][PacketService.cpp:12] createEmptyPacket(): [LoRaMesher] Packet created with 17 bytes
17:07:13.578 > [753581][I][LoraMesher.cpp:392] receivingRoutine(): [LoRaMesher] Receiving LoRa packet: Size: 17 bytes RSSI: 0 SNR: 12
17:07:13.589 > [753592][V][LoraMesher.cpp:647] processPackets(): [LoRaMesher] Size of Received Packets Queue: 1
17:07:13.598 > [753600][V][LoraMesher.cpp:754] printHeaderPacket(): [LoRaMesher] Packet received -- Size: 17 Src: B3F0 Dst: D110 Id: 45 Type: 2 Via: D110 Seq_Id: 0 Num: 0
17:07:13.611 > [753614][I][LoraMesher.cpp:854] processDataPacket(): [LoRaMesher] Data packet from B3F0, destination D110, via D110
17:07:13.622 > [753624][V][LoraMesher.cpp:857] processDataPacket(): [LoRaMesher] Data packet from B3F0 for me
17:07:13.630 > [753633][V][LoraMesher.cpp:893] processDataPacketForMe(): [LoRaMesher] Data Packet received
17:07:13.638 > [753641][I][PacketQueueService.h:80] deleteQueuePacketAndPacket(): [LoRaMesher] Deleting packet
17:07:13.647 > [753649][I][PacketQueueService.h:83] deleteQueuePacketAndPacket(): [LoRaMesher] Deleting packet queue
17:07:13.656 > [753658][V][LoraMesher.cpp:641] processPackets(): [LoRaMesher] Stack space unused after entering the task: 2024
17:07:13.666 > [753668][V][LoraMesher.cpp:642] processPackets(): [LoRaMesher] Free heap: 335852
17:07:13.837 > ReceivedUserData_TaskHandle notify received
17:07:13.842 > Queue receiveUserData size: 1
17:07:13.844 > Packet arrived from B3F0 with size 8
17:07:13.848 > DATA:38 b3f0
17:07:14.579 > [754582][V][LoraMesher.cpp:378] receivingRoutine(): [LoRaMesher] Stack space unused after entering the task: 2032
17:07:14.589 > [754592][V][LoraMesher.cpp:379] receivingRoutine(): [LoRaMesher] Free heap: 335912
17:07:14.597 > [754599][I][PacketService.cpp:12] createEmptyPacket(): [LoRaMesher] Packet created with 17 bytes
17:07:14.606 > [754608][I][LoraMesher.cpp:392] receivingRoutine(): [LoRaMesher] Receiving LoRa packet: Size: 17 bytes RSSI: -27 SNR: 13
17:07:14.617 > [754619][V][LoraMesher.cpp:647] processPackets(): [LoRaMesher] Size of Received Packets Queue: 1
17:07:14.625 > [754628][V][LoraMesher.cpp:754] printHeaderPacket(): [LoRaMesher] Packet received -- Size: 17 Src: DE6C Dst: D110 Id: 45 Type: 2 Via: D110 Seq_Id: 0 Num: 0
17:07:14.639 > [754642][I][LoraMesher.cpp:854] processDataPacket(): [LoRaMesher] Data packet from DE6C, destination D110, via D110
17:07:14.649 > [754652][V][LoraMesher.cpp:857] processDataPacket(): [LoRaMesher] Data packet from DE6C for me
17:07:14.658 > [754660][V][LoraMesher.cpp:893] processDataPacketForMe(): [LoRaMesher] Data Packet received
17:07:14.666 > [754668][I][PacketQueueService.h:80] deleteQueuePacketAndPacket(): [LoRaMesher] Deleting packet
17:07:14.674 > [754677][I][PacketQueueService.h:83] deleteQueuePacketAndPacket(): [LoRaMesher] Deleting packet queue
17:07:14.683 > [754686][V][LoraMesher.cpp:641] processPackets(): [LoRaMesher] Stack space unused after entering the task: 2024
17:07:14.693 > [754696][V][LoraMesher.cpp:642] processPackets(): [LoRaMesher] Free heap: 335852
17:07:14.864 > ReceivedUserData_TaskHandle notify received
17:07:14.869 > Queue receiveUserData size: 1
17:07:14.871 > Packet arrived from DE6C with size 8
17:07:14.875 > DATA:38 de6c
17:07:27.010 > [767013][V][LoraMesher.cpp:378] receivingRoutine(): [LoRaMesher] Stack space unused after entering the task: 2032
17:07:27.020 > [767023][V][LoraMesher.cpp:379] receivingRoutine(): [LoRaMesher] Free heap: 335912
17:07:27.028 > [767031][I][PacketService.cpp:12] createEmptyPacket(): [LoRaMesher] Packet created with 17 bytes
17:07:27.037 > [767040][I][LoraMesher.cpp:392] receivingRoutine(): [LoRaMesher] Receiving LoRa packet: Size: 17 bytes RSSI: -67 SNR: 9
17:07:27.048 > [767051][V][LoraMesher.cpp:647] processPackets(): [LoRaMesher] Size of Received Packets Queue: 1
17:07:27.057 > [767059][V][LoraMesher.cpp:754] printHeaderPacket(): [LoRaMesher] Packet received -- Size: 17 Src: C998 Dst: D110 Id: 31 Type: 2 Via: D110 Seq_Id: 0 Num: 0
17:07:27.070 > [767073][I][LoraMesher.cpp:854] processDataPacket(): [LoRaMesher] Data packet from C998, destination D110, via D110
17:07:27.081 > [767083][V][LoraMesher.cpp:857] processDataPacket(): [LoRaMesher] Data packet from C998 for me
17:07:27.089 > [767092][V][LoraMesher.cpp:893] processDataPacketForMe(): [LoRaMesher] Data Packet received
17:07:27.097 > [767100][I][PacketQueueService.h:80] deleteQueuePacketAndPacket(): [LoRaMesher] Deleting packet
17:07:27.106 > [767108][I][PacketQueueService.h:83] deleteQueuePacketAndPacket(): [LoRaMesher] Deleting packet queue
17:07:27.115 > [767117][V][LoraMesher.cpp:641] processPackets(): [LoRaMesher] Stack space unused after entering the task: 2024
17:07:27.125 > [767127][V][LoraMesher.cpp:642] processPackets(): [LoRaMesher] Free heap: 335852
17:07:27.296 > ReceivedUserData_TaskHandle notify received
17:07:27.301 > Queue receiveUserData size: 1
17:07:27.303 > Packet arrived from C998 with size 8
17:07:27.306 > DATA:26 c998
17:07:32.305 > [772308][V][LoraMesher.cpp:378] receivingRoutine(): [LoRaMesher] Stack space unused after entering the task: 2032
17:07:32.315 > [772318][V][LoraMesher.cpp:379] receivingRoutine(): [LoRaMesher] Free heap: 335912
17:07:32.323 > [772326][I][PacketService.cpp:12] createEmptyPacket(): [LoRaMesher] Packet created with 17 bytes
17:07:32.332 > [772334][I][LoraMesher.cpp:392] receivingRoutine(): [LoRaMesher] Receiving LoRa packet: Size: 17 bytes RSSI: -26 SNR: 13
17:07:32.343 > [772346][V][LoraMesher.cpp:647] processPackets(): [LoRaMesher] Size of Received Packets Queue: 1
17:07:32.351 > [772354][V][LoraMesher.cpp:754] printHeaderPacket(): [LoRaMesher] Packet received -- Size: 17 Src: F02C Dst: D110 Id: 46 Type: 2 Via: D110 Seq_Id: 0 Num: 0
17:07:32.365 > [772368][I][LoraMesher.cpp:854] processDataPacket(): [LoRaMesher] Data packet from F02C, destination D110, via D110
17:07:32.375 > [772378][V][LoraMesher.cpp:857] processDataPacket(): [LoRaMesher] Data packet from F02C for me
17:07:32.384 > [772387][V][LoraMesher.cpp:893] processDataPacketForMe(): [LoRaMesher] Data Packet received
17:07:32.392 > [772395][I][PacketQueueService.h:80] deleteQueuePacketAndPacket(): [LoRaMesher] Deleting packet
17:07:32.400 > [772403][I][PacketQueueService.h:83] deleteQueuePacketAndPacket(): [LoRaMesher] Deleting packet queue
17:07:32.410 > [772412][V][LoraMesher.cpp:641] processPackets(): [LoRaMesher] Stack space unused after entering the task: 2024
17:07:32.419 > [772422][V][LoraMesher.cpp:642] processPackets(): [LoRaMesher] Free heap: 335852
17:07:32.591 > ReceivedUserData_TaskHandle notify received
17:07:32.596 > Queue receiveUserData size: 1
17:07:32.598 > Packet arrived from F02C with size 8
17:07:32.601 > DATA:39 f02c
17:07:33.273 > [773276][V][LoraMesher.cpp:378] receivingRoutine(): [LoRaMesher] Stack space unused after entering the task: 2032
17:07:33.283 > [773286][V][LoraMesher.cpp:379] receivingRoutine(): [LoRaMesher] Free heap: 335912
17:07:33.292 > [773294][I][PacketService.cpp:12] createEmptyPacket(): [LoRaMesher] Packet created with 17 bytes
17:07:33.300 > [773303][I][LoraMesher.cpp:392] receivingRoutine(): [LoRaMesher] Receiving LoRa packet: Size: 17 bytes RSSI: -25 SNR: 13
17:07:33.311 > [773314][V][LoraMesher.cpp:647] processPackets(): [LoRaMesher] Size of Received Packets Queue: 1
17:07:33.320 > [773322][V][LoraMesher.cpp:754] printHeaderPacket(): [LoRaMesher] Packet received -- Size: 17 Src: DE6C Dst: D110 Id: 46 Type: 2 Via: D110 Seq_Id: 0 Num: 0
17:07:33.333 > [773336][I][LoraMesher.cpp:854] processDataPacket(): [LoRaMesher] Data packet from DE6C, destination D110, via D110
17:07:33.343 > [773346][V][LoraMesher.cpp:857] processDataPacket(): [LoRaMesher] Data packet from DE6C for me
17:07:33.352 > [773355][V][LoraMesher.cpp:893] processDataPacketForMe(): [LoRaMesher] Data Packet received
17:07:33.360 > [773363][I][PacketQueueService.h:80] deleteQueuePacketAndPacket(): [LoRaMesher] Deleting packet
17:07:33.369 > [773371][I][PacketQueueService.h:83] deleteQueuePacketAndPacket(): [LoRaMesher] Deleting packet queue
17:07:33.378 > [773380][V][LoraMesher.cpp:641] processPackets(): [LoRaMesher] Stack space unused after entering the task: 2024
17:07:33.388 > [773390][V][LoraMesher.cpp:642] processPackets(): [LoRaMesher] Free heap: 335852
17:07:33.559 > ReceivedUserData_TaskHandle notify received
17:07:33.564 > Queue receiveUserData size: 1
17:07:33.566 > Packet arrived from DE6C with size 8
17:07:33.569 > DATA:39 de6c
17:07:34.297 > [774300][V][LoraMesher.cpp:378] receivingRoutine(): [LoRaMesher] Stack space unused after entering the task: 2032
17:07:34.307 > [774310][V][LoraMesher.cpp:379] receivingRoutine(): [LoRaMesher] Free heap: 335912
17:07:34.315 > [774318][I][PacketService.cpp:12] createEmptyPacket(): [LoRaMesher] Packet created with 17 bytes
17:07:34.324 > [774326][I][LoraMesher.cpp:392] receivingRoutine(): [LoRaMesher] Receiving LoRa packet: Size: 17 bytes RSSI: 0 SNR: 13
17:07:34.335 > [774337][V][LoraMesher.cpp:647] processPackets(): [LoRaMesher] Size of Received Packets Queue: 1
17:07:34.343 > [774346][V][LoraMesher.cpp:754] printHeaderPacket(): [LoRaMesher] Packet received -- Size: 17 Src: B3F0 Dst: D110 Id: 46 Type: 2 Via: D110 Seq_Id: 0 Num: 0
17:07:34.357 > [774360][I][LoraMesher.cpp:854] processDataPacket(): [LoRaMesher] Data packet from B3F0, destination D110, via D110
17:07:34.367 > [774370][V][LoraMesher.cpp:857] processDataPacket(): [LoRaMesher] Data packet from B3F0 for me
17:07:34.376 > [774379][V][LoraMesher.cpp:893] processDataPacketForMe(): [LoRaMesher] Data Packet received
17:07:34.384 > [774387][I][PacketQueueService.h:80] deleteQueuePacketAndPacket(): [LoRaMesher] Deleting packet
17:07:34.392 > [774395][I][PacketQueueService.h:83] deleteQueuePacketAndPacket(): [LoRaMesher] Deleting packet queue
17:07:34.401 > [774404][V][LoraMesher.cpp:641] processPackets(): [LoRaMesher] Stack space unused after entering the task: 2024
17:07:34.411 > [774414][V][LoraMesher.cpp:642] processPackets(): [LoRaMesher] Free heap: 335852
17:07:34.583 > ReceivedUserData_TaskHandle notify received
17:07:34.587 > Queue receiveUserData size: 1
17:07:34.590 > Packet arrived from B3F0 with size 8
17:07:34.593 > DATA:39 b3f0
17:07:47.337 > [787340][V][LoraMesher.cpp:378] receivingRoutine(): [LoRaMesher] Stack space unused after entering the task: 2032
17:07:47.347 > [787350][V][LoraMesher.cpp:379] receivingRoutine(): [LoRaMesher] Free heap: 335912
17:07:47.355 > [787358][I][PacketService.cpp:12] createEmptyPacket(): [LoRaMesher] Packet created with 17 bytes
17:07:47.364 > [787367][I][LoraMesher.cpp:392] receivingRoutine(): [LoRaMesher] Receiving LoRa packet: Size: 17 bytes RSSI: -67 SNR: 9
17:07:47.375 > [787378][V][LoraMesher.cpp:647] processPackets(): [LoRaMesher] Size of Received Packets Queue: 1
17:07:47.383 > [787386][V][LoraMesher.cpp:754] printHeaderPacket(): [LoRaMesher] Packet received -- Size: 17 Src: C998 Dst: D110 Id: 32 Type: 2 Via: D110 Seq_Id: 0 Num: 0
17:07:47.397 > [787400][I][LoraMesher.cpp:854] processDataPacket(): [LoRaMesher] Data packet from C998, destination D110, via D110
17:07:47.407 > [787410][V][LoraMesher.cpp:857] processDataPacket(): [LoRaMesher] Data packet from C998 for me
17:07:47.416 > [787419][V][LoraMesher.cpp:893] processDataPacketForMe(): [LoRaMesher] Data Packet received
17:07:47.424 > [787427][I][PacketQueueService.h:80] deleteQueuePacketAndPacket(): [LoRaMesher] Deleting packet
17:07:47.432 > [787435][I][PacketQueueService.h:83] deleteQueuePacketAndPacket(): [LoRaMesher] Deleting packet queue
17:07:47.441 > [787444][V][LoraMesher.cpp:641] processPackets(): [LoRaMesher] Stack space unused after entering the task: 2024
17:07:47.451 > [787454][V][LoraMesher.cpp:642] processPackets(): [LoRaMesher] Free heap: 335852
17:07:47.623 > ReceivedUserData_TaskHandle notify received
17:07:47.627 > Queue receiveUserData size: 1
17:07:47.630 > Packet arrived from C998 with size 8
17:07:47.633 > DATA:27 c998
17:07:52.788 > [792791][V][LoraMesher.cpp:378] receivingRoutine(): [LoRaMesher] Stack space unused after entering the task: 2032
17:07:52.798 > [792801][V][LoraMesher.cpp:379] receivingRoutine(): [LoRaMesher] Free heap: 335912
17:07:52.806 > [792809][I][PacketService.cpp:12] createEmptyPacket(): [LoRaMesher] Packet created with 17 bytes
17:07:52.814 > [792817][I][LoraMesher.cpp:392] receivingRoutine(): [LoRaMesher] Receiving LoRa packet: Size: 17 bytes RSSI: 0 SNR: 13
17:07:52.825 > [792828][V][LoraMesher.cpp:647] processPackets(): [LoRaMesher] Size of Received Packets Queue: 1
17:07:52.834 > [792837][V][LoraMesher.cpp:754] printHeaderPacket(): [LoRaMesher] Packet received -- Size: 17 Src: B3F0 Dst: D110 Id: 47 Type: 2 Via: D110 Seq_Id: 0 Num: 0
17:07:52.848 > [792851][I][LoraMesher.cpp:854] processDataPacket(): [LoRaMesher] Data packet from B3F0, destination D110, via D110
17:07:52.858 > [792861][V][LoraMesher.cpp:857] processDataPacket(): [LoRaMesher] Data packet from B3F0 for me
17:07:52.866 > [792870][V][LoraMesher.cpp:893] processDataPacketForMe(): [LoRaMesher] Data Packet received
17:07:52.875 > [792878][I][PacketQueueService.h:80] deleteQueuePacketAndPacket(): [LoRaMesher] Deleting packet
17:07:52.883 > [792886][I][PacketQueueService.h:83] deleteQueuePacketAndPacket(): [LoRaMesher] Deleting packet queue
17:07:52.892 > [792895][V][LoraMesher.cpp:641] processPackets(): [LoRaMesher] Stack space unused after entering the task: 2024
17:07:52.902 > [792905][V][LoraMesher.cpp:642] processPackets(): [LoRaMesher] Free heap: 335852
17:07:53.074 > ReceivedUserData_TaskHandle notify received
17:07:53.078 > Queue receiveUserData size: 1
17:07:53.081 > Packet arrived from B3F0 with size 8
17:07:53.084 > DATA:40 b3f0
17:07:54.193 > [794197][V][LoraMesher.cpp:378] receivingRoutine(): [LoRaMesher] Stack space unused after entering the task: 2032
17:07:54.204 > [794207][V][LoraMesher.cpp:379] receivingRoutine(): [LoRaMesher] Free heap: 335912
17:07:54.211 > [794214][I][PacketService.cpp:12] createEmptyPacket(): [LoRaMesher] Packet created with 17 bytes
17:07:54.220 > [794223][I][LoraMesher.cpp:392] receivingRoutine(): [LoRaMesher] Receiving LoRa packet: Size: 17 bytes RSSI: -25 SNR: 13
17:07:54.231 > [794234][V][LoraMesher.cpp:647] processPackets(): [LoRaMesher] Size of Received Packets Queue: 1
17:07:54.240 > [794243][V][LoraMesher.cpp:754] printHeaderPacket(): [LoRaMesher] Packet received -- Size: 17 Src: F02C Dst: D110 Id: 47 Type: 2 Via: D110 Seq_Id: 0 Num: 0
17:07:54.254 > [794257][I][LoraMesher.cpp:854] processDataPacket(): [LoRaMesher] Data packet from F02C, destination D110, via D110
17:07:54.264 > [794267][V][LoraMesher.cpp:857] processDataPacket(): [LoRaMesher] Data packet from F02C for me
17:07:54.272 > [794276][V][LoraMesher.cpp:893] processDataPacketForMe(): [LoRaMesher] Data Packet received
17:07:54.280 > [794284][I][PacketQueueService.h:80] deleteQueuePacketAndPacket(): [LoRaMesher] Deleting packet
17:07:54.289 > [794292][I][PacketQueueService.h:83] deleteQueuePacketAndPacket(): [LoRaMesher] Deleting packet queue
17:07:54.298 > [794301][V][LoraMesher.cpp:641] processPackets(): [LoRaMesher] Stack space unused after entering the task: 2024
17:07:54.308 > [794311][V][LoraMesher.cpp:642] processPackets(): [LoRaMesher] Free heap: 335852
17:07:54.480 > ReceivedUserData_TaskHandle notify received
17:07:54.484 > Queue receiveUserData size: 1
17:07:54.487 > Packet arrived from F02C with size 8
17:07:54.490 > DATA:40 f02c
17:08:07.022 > [807025][V][LoraMesher.cpp:378] receivingRoutine(): [LoRaMesher] Stack space unused after entering the task: 2032
17:08:07.033 > [807035][V][LoraMesher.cpp:379] receivingRoutine(): [LoRaMesher] Free heap: 335912
17:08:07.039 > [807043][I][PacketService.cpp:12] createEmptyPacket(): [LoRaMesher] Packet created with 17 bytes
17:08:07.048 > [807052][I][LoraMesher.cpp:392] receivingRoutine(): [LoRaMesher] Receiving LoRa packet: Size: 17 bytes RSSI: -68 SNR: 8
17:08:07.059 > [807063][V][LoraMesher.cpp:647] processPackets(): [LoRaMesher] Size of Received Packets Queue: 1
17:08:07.068 > [807071][V][LoraMesher.cpp:754] printHeaderPacket(): [LoRaMesher] Packet received -- Size: 17 Src: C998 Dst: D110 Id: 33 Type: 2 Via: D110 Seq_Id: 0 Num: 0
17:08:07.082 > [807085][I][LoraMesher.cpp:854] processDataPacket(): [LoRaMesher] Data packet from C998, destination D110, via D110
17:08:07.093 > [807095][V][LoraMesher.cpp:857] processDataPacket(): [LoRaMesher] Data packet from C998 for me
17:08:07.100 > [807104][V][LoraMesher.cpp:893] processDataPacketForMe(): [LoRaMesher] Data Packet received
17:08:07.109 > [807112][I][PacketQueueService.h:80] deleteQueuePacketAndPacket(): [LoRaMesher] Deleting packet
17:08:07.117 > [807120][I][PacketQueueService.h:83] deleteQueuePacketAndPacket(): [LoRaMesher] Deleting packet queue
17:08:07.126 > [807129][V][LoraMesher.cpp:641] processPackets(): [LoRaMesher] Stack space unused after entering the task: 2024
17:08:07.136 > [807139][V][LoraMesher.cpp:642] processPackets(): [LoRaMesher] Free heap: 335852
17:08:07.308 > ReceivedUserData_TaskHandle notify received
17:08:07.312 > Queue receiveUserData size: 1
17:08:07.315 > Packet arrived from C998 with size 8
17:08:07.318 > DATA:28 c998
17:08:12.736 > [812740][V][LoraMesher.cpp:378] receivingRoutine(): [LoRaMesher] Stack space unused after entering the task: 2032
17:08:12.747 > [812750][V][LoraMesher.cpp:379] receivingRoutine(): [LoRaMesher] Free heap: 335912
17:08:12.755 > [812758][I][PacketService.cpp:12] createEmptyPacket(): [LoRaMesher] Packet created with 17 bytes
17:08:12.763 > [812766][I][LoraMesher.cpp:392] receivingRoutine(): [LoRaMesher] Receiving LoRa packet: Size: 17 bytes RSSI: 0 SNR: 13
17:08:12.774 > [812777][V][LoraMesher.cpp:647] processPackets(): [LoRaMesher] Size of Received Packets Queue: 1
17:08:12.783 > [812786][V][LoraMesher.cpp:754] printHeaderPacket(): [LoRaMesher] Packet received -- Size: 17 Src: B3F0 Dst: D110 Id: 48 Type: 2 Via: D110 Seq_Id: 0 Num: 0
17:08:12.796 > [812800][I][LoraMesher.cpp:854] processDataPacket(): [LoRaMesher] Data packet from B3F0, destination D110, via D110
17:08:12.807 > [812810][V][LoraMesher.cpp:857] processDataPacket(): [LoRaMesher] Data packet from B3F0 for me
17:08:12.815 > [812818][V][LoraMesher.cpp:893] processDataPacketForMe(): [LoRaMesher] Data Packet received
17:08:12.823 > [812827][I][PacketQueueService.h:80] deleteQueuePacketAndPacket(): [LoRaMesher] Deleting packet
17:08:12.832 > [812835][I][PacketQueueService.h:83] deleteQueuePacketAndPacket(): [LoRaMesher] Deleting packet queue
17:08:12.841 > [812844][V][LoraMesher.cpp:641] processPackets(): [LoRaMesher] Stack space unused after entering the task: 2024
17:08:12.851 > [812854][V][LoraMesher.cpp:642] processPackets(): [LoRaMesher] Free heap: 335852
17:08:13.023 > ReceivedUserData_TaskHandle notify received
17:08:13.027 > Queue receiveUserData size: 1
17:08:13.029 > Packet arrived from B3F0 with size 8
17:08:13.033 > DATA:41 b3f0
17:08:14.055 > [814059][V][LoraMesher.cpp:378] receivingRoutine(): [LoRaMesher] Stack space unused after entering the task: 2032
17:08:14.066 > [814069][V][LoraMesher.cpp:379] receivingRoutine(): [LoRaMesher] Free heap: 335912
17:08:14.073 > [814077][I][PacketService.cpp:12] createEmptyPacket(): [LoRaMesher] Packet created with 17 bytes
17:08:14.082 > [814086][I][LoraMesher.cpp:392] receivingRoutine(): [LoRaMesher] Receiving LoRa packet: Size: 17 bytes RSSI: -26 SNR: 13
17:08:14.093 > [814097][V][LoraMesher.cpp:647] processPackets(): [LoRaMesher] Size of Received Packets Queue: 1
17:08:14.103 > [814105][V][LoraMesher.cpp:754] printHeaderPacket(): [LoRaMesher] Packet received -- Size: 17 Src: DE6C Dst: D110 Id: 48 Type: 2 Via: D110 Seq_Id: 0 Num: 0
17:08:14.117 > [814119][I][LoraMesher.cpp:854] processDataPacket(): [LoRaMesher] Data packet from DE6C, destination D110, via D110
17:08:14.126 > [814129][V][LoraMesher.cpp:857] processDataPacket(): [LoRaMesher] Data packet from DE6C for me
17:08:14.134 > [814138][V][LoraMesher.cpp:893] processDataPacketForMe(): [LoRaMesher] Data Packet received
17:08:14.142 > [814146][I][PacketQueueService.h:80] deleteQueuePacketAndPacket(): [LoRaMesher] Deleting packet
17:08:14.151 > [814154][I][PacketQueueService.h:83] deleteQueuePacketAndPacket(): [LoRaMesher] Deleting packet queue
17:08:14.160 > [814163][V][LoraMesher.cpp:641] processPackets(): [LoRaMesher] Stack space unused after entering the task: 2024
17:08:14.170 > [814173][V][LoraMesher.cpp:642] processPackets(): [LoRaMesher] Free heap: 335852
17:08:14.342 > ReceivedUserData_TaskHandle notify received
17:08:14.346 > Queue receiveUserData size: 1
17:08:14.348 > Packet arrived from DE6C with size 8
17:08:14.352 > DATA:41 de6c
17:08:15.539 > [815543][V][LoraMesher.cpp:378] receivingRoutine(): [LoRaMesher] Stack space unused after entering the task: 2032
17:08:15.549 > [815553][V][LoraMesher.cpp:379] receivingRoutine(): [LoRaMesher] Free heap: 335912
17:08:15.558 > [815560][I][PacketService.cpp:12] createEmptyPacket(): [LoRaMesher] Packet created with 17 bytes
17:08:15.566 > [815569][I][LoraMesher.cpp:392] receivingRoutine(): [LoRaMesher] Receiving LoRa packet: Size: 17 bytes RSSI: -26 SNR: 13
17:08:15.577 > [815580][V][LoraMesher.cpp:647] processPackets(): [LoRaMesher] Size of Received Packets Queue: 1
17:08:15.586 > [815589][V][LoraMesher.cpp:754] printHeaderPacket(): [LoRaMesher] Packet received -- Size: 17 Src: F02C Dst: D110 Id: 48 Type: 2 Via: D110 Seq_Id: 0 Num: 0
17:08:15.599 > [815603][I][LoraMesher.cpp:854] processDataPacket(): [LoRaMesher] Data packet from F02C, destination D110, via D110
17:08:15.610 > [815613][V][LoraMesher.cpp:857] processDataPacket(): [LoRaMesher] Data packet from F02C for me
17:08:15.618 > [815621][V][LoraMesher.cpp:893] processDataPacketForMe(): [LoRaMesher] Data Packet received
17:08:15.626 > [815630][I][PacketQueueService.h:80] deleteQueuePacketAndPacket(): [LoRaMesher] Deleting packet
17:08:15.635 > [815638][I][PacketQueueService.h:83] deleteQueuePacketAndPacket(): [LoRaMesher] Deleting packet queue
17:08:15.644 > [815647][V][LoraMesher.cpp:641] processPackets(): [LoRaMesher] Stack space unused after entering the task: 2024
17:08:15.654 > [815657][V][LoraMesher.cpp:642] processPackets(): [LoRaMesher] Free heap: 335852
17:08:15.826 > ReceivedUserData_TaskHandle notify received
17:08:15.830 > Queue receiveUserData size: 1
17:08:15.832 > Packet arrived from F02C with size 8
17:08:15.836 > DATA:41 f02c
17:08:27.389 > [827392][V][LoraMesher.cpp:378] receivingRoutine(): [LoRaMesher] Stack space unused after entering the task: 2032
17:08:27.399 > [827402][V][LoraMesher.cpp:379] receivingRoutine(): [LoRaMesher] Free heap: 335912
17:08:27.406 > [827410][I][PacketService.cpp:12] createEmptyPacket(): [LoRaMesher] Packet created with 17 bytes
17:08:27.415 > [827419][I][LoraMesher.cpp:392] receivingRoutine(): [LoRaMesher] Receiving LoRa packet: Size: 17 bytes RSSI: -69 SNR: 9
17:08:27.427 > [827430][V][LoraMesher.cpp:647] processPackets(): [LoRaMesher] Size of Received Packets Queue: 1
17:08:27.436 > [827439][V][LoraMesher.cpp:754] printHeaderPacket(): [LoRaMesher] Packet received -- Size: 17 Src: C998 Dst: D110 Id: 34 Type: 2 Via: D110 Seq_Id: 0 Num: 0
17:08:27.449 > [827452][I][LoraMesher.cpp:854] processDataPacket(): [LoRaMesher] Data packet from C998, destination D110, via D110
17:08:27.459 > [827463][V][LoraMesher.cpp:857] processDataPacket(): [LoRaMesher] Data packet from C998 for me
17:08:27.468 > [827471][V][LoraMesher.cpp:893] processDataPacketForMe(): [LoRaMesher] Data Packet received
17:08:27.475 > [827479][I][PacketQueueService.h:80] deleteQueuePacketAndPacket(): [LoRaMesher] Deleting packet
17:08:27.484 > [827488][I][PacketQueueService.h:83] deleteQueuePacketAndPacket(): [LoRaMesher] Deleting packet queue
17:08:27.493 > [827497][V][LoraMesher.cpp:641] processPackets(): [LoRaMesher] Stack space unused after entering the task: 2024
17:08:27.503 > [827507][V][LoraMesher.cpp:642] processPackets(): [LoRaMesher] Free heap: 335852
17:08:27.675 > ReceivedUserData_TaskHandle notify received
17:08:27.679 > Queue receiveUserData size: 1
17:08:27.681 > Packet arrived from C998 with size 8
17:08:27.684 > DATA:29 c998
17:08:31.071 > [831075][V][LoraMesher.cpp:378] receivingRoutine(): [LoRaMesher] Stack space unused after entering the task: 2032
17:08:31.081 > [831085][V][LoraMesher.cpp:379] receivingRoutine(): [LoRaMesher] Free heap: 335912
17:08:31.089 > [831092][I][PacketService.cpp:12] createEmptyPacket(): [LoRaMesher] Packet created with 24 bytes
17:08:31.097 > [831101][I][LoraMesher.cpp:392] receivingRoutine(): [LoRaMesher] Receiving LoRa packet: Size: 24 bytes RSSI: -24 SNR: 13
17:08:31.109 > [831112][V][LoraMesher.cpp:647] processPackets(): [LoRaMesher] Size of Received Packets Queue: 1
17:08:31.117 > [831121][V][LoraMesher.cpp:754] printHeaderPacket(): [LoRaMesher] Packet received -- Size: 24 Src: DE6C Dst: FFFF Id: 49 Type: 4 Via: 0 Seq_Id: 0 Num: 0
17:08:31.131 > [831134][I][RoutingTableService.cpp:77] processRoute(): [LoRaMesher] Route packet from DE6C with size 4
17:08:31.140 > [831144][I][RoutingTableService.cpp:99] resetReceiveSNRRoutePacket(): [LoRaMesher] Reset Receive SNR from DE6C: 13
17:08:31.150 > [831154][I][RoutingTableService.cpp:192] printRoutingTable(): [LoRaMesher] Current routing table:
17:08:31.159 > [831163][I][RoutingTableService.cpp:206] printRoutingTable(): [LoRaMesher] 0 - B3F0 via B3F0 metric 1 Role 0
17:08:31.168 > [831172][I][RoutingTableService.cpp:206] printRoutingTable(): [LoRaMesher] 1 - F02C via F02C metric 1 Role 0
17:08:31.178 > [831182][I][RoutingTableService.cpp:206] printRoutingTable(): [LoRaMesher] 2 - DE6C via DE6C metric 1 Role 0
17:08:31.188 > [831191][I][RoutingTableService.cpp:206] printRoutingTable(): [LoRaMesher] 3 - C998 via C998 metric 1 Role 0
17:08:31.197 > [831201][I][PacketQueueService.h:80] deleteQueuePacketAndPacket(): [LoRaMesher] Deleting packet
17:08:31.206 > [831210][I][PacketQueueService.h:83] deleteQueuePacketAndPacket(): [LoRaMesher] Deleting packet queue
17:08:31.215 > [831219][V][LoraMesher.cpp:641] processPackets(): [LoRaMesher] Stack space unused after entering the task: 2024
17:08:31.226 > [831229][V][LoraMesher.cpp:642] processPackets(): [LoRaMesher] Free heap: 335912
17:08:31.821 > [831825][V][LoraMesher.cpp:378] receivingRoutine(): [LoRaMesher] Stack space unused after entering the task: 2032
17:08:31.832 > [831835][V][LoraMesher.cpp:379] receivingRoutine(): [LoRaMesher] Free heap: 335912
17:08:31.839 > [831843][I][PacketService.cpp:12] createEmptyPacket(): [LoRaMesher] Packet created with 24 bytes
17:08:31.848 > [831851][I][LoraMesher.cpp:392] receivingRoutine(): [LoRaMesher] Receiving LoRa packet: Size: 24 bytes RSSI: 0 SNR: 12
17:08:31.859 > [831862][V][LoraMesher.cpp:647] processPackets(): [LoRaMesher] Size of Received Packets Queue: 1
17:08:31.867 > [831871][V][LoraMesher.cpp:754] printHeaderPacket(): [LoRaMesher] Packet received -- Size: 24 Src: B3F0 Dst: FFFF Id: 49 Type: 4 Via: 0 Seq_Id: 0 Num: 0
17:08:31.881 > [831885][I][RoutingTableService.cpp:77] processRoute(): [LoRaMesher] Route packet from B3F0 with size 4
17:08:31.890 > [831894][I][RoutingTableService.cpp:99] resetReceiveSNRRoutePacket(): [LoRaMesher] Reset Receive SNR from B3F0: 12
17:08:31.901 > [831904][I][RoutingTableService.cpp:192] printRoutingTable(): [LoRaMesher] Current routing table:
17:08:31.909 > [831913][I][RoutingTableService.cpp:206] printRoutingTable(): [LoRaMesher] 0 - B3F0 via B3F0 metric 1 Role 0
17:08:31.918 > [831922][I][RoutingTableService.cpp:206] printRoutingTable(): [LoRaMesher] 1 - F02C via F02C metric 1 Role 0
17:08:31.928 > [831932][I][RoutingTableService.cpp:206] printRoutingTable(): [LoRaMesher] 2 - DE6C via DE6C metric 1 Role 0
17:08:31.938 > [831941][I][RoutingTableService.cpp:206] printRoutingTable(): [LoRaMesher] 3 - C998 via C998 metric 1 Role 0
17:08:31.947 > [831951][I][PacketQueueService.h:80] deleteQueuePacketAndPacket(): [LoRaMesher] Deleting packet
17:08:31.956 > [831960][I][PacketQueueService.h:83] deleteQueuePacketAndPacket(): [LoRaMesher] Deleting packet queue
17:08:31.966 > [831969][V][LoraMesher.cpp:641] processPackets(): [LoRaMesher] Stack space unused after entering the task: 2024
17:08:31.976 > [831979][V][LoraMesher.cpp:642] processPackets(): [LoRaMesher] Free heap: 335912
17:08:32.657 > [832661][V][LoraMesher.cpp:378] receivingRoutine(): [LoRaMesher] Stack space unused after entering the task: 2032
17:08:32.668 > [832671][V][LoraMesher.cpp:379] receivingRoutine(): [LoRaMesher] Free heap: 335912
17:08:32.676 > [832678][I][PacketService.cpp:12] createEmptyPacket(): [LoRaMesher] Packet created with 17 bytes
17:08:32.683 > [832687][I][LoraMesher.cpp:392] receivingRoutine(): [LoRaMesher] Receiving LoRa packet: Size: 17 bytes RSSI: 0 SNR: 13
17:08:32.695 > [832698][V][LoraMesher.cpp:647] processPackets(): [LoRaMesher] Size of Received Packets Queue: 1
17:08:32.704 > [832707][V][LoraMesher.cpp:754] printHeaderPacket(): [LoRaMesher] Packet received -- Size: 17 Src: B3F0 Dst: D110 Id: 50 Type: 2 Via: D110 Seq_Id: 0 Num: 0
17:08:32.718 > [832721][I][LoraMesher.cpp:854] processDataPacket(): [LoRaMesher] Data packet from B3F0, destination D110, via D110
17:08:32.727 > [832731][V][LoraMesher.cpp:857] processDataPacket(): [LoRaMesher] Data packet from B3F0 for me
17:08:32.736 > [832739][V][LoraMesher.cpp:893] processDataPacketForMe(): [LoRaMesher] Data Packet received
17:08:32.744 > [832747][I][PacketQueueService.h:80] deleteQueuePacketAndPacket(): [LoRaMesher] Deleting packet
17:08:32.753 > [832756][I][PacketQueueService.h:83] deleteQueuePacketAndPacket(): [LoRaMesher] Deleting packet queue
17:08:32.761 > [832765][V][LoraMesher.cpp:641] processPackets(): [LoRaMesher] Stack space unused after entering the task: 2024
17:08:32.771 > [832775][V][LoraMesher.cpp:642] processPackets(): [LoRaMesher] Free heap: 335852
17:08:32.943 > ReceivedUserData_TaskHandle notify received
17:08:32.947 > Queue receiveUserData size: 1
17:08:32.949 > Packet arrived from B3F0 with size 8
17:08:32.952 > DATA:42 b3f0
17:08:33.690 > [833694][V][LoraMesher.cpp:378] receivingRoutine(): [LoRaMesher] Stack space unused after entering the task: 2032
17:08:33.701 > [833704][V][LoraMesher.cpp:379] receivingRoutine(): [LoRaMesher] Free heap: 335912
17:08:33.708 > [833712][I][PacketService.cpp:12] createEmptyPacket(): [LoRaMesher] Packet created with 24 bytes
17:08:33.717 > [833720][I][LoraMesher.cpp:392] receivingRoutine(): [LoRaMesher] Receiving LoRa packet: Size: 24 bytes RSSI: -25 SNR: 13
17:08:33.729 > [833732][V][LoraMesher.cpp:647] processPackets(): [LoRaMesher] Size of Received Packets Queue: 1
17:08:33.736 > [833740][V][LoraMesher.cpp:754] printHeaderPacket(): [LoRaMesher] Packet received -- Size: 24 Src: F02C Dst: FFFF Id: 49 Type: 4 Via: 0 Seq_Id: 0 Num: 0
17:08:33.751 > [833754][I][RoutingTableService.cpp:77] processRoute(): [LoRaMesher] Route packet from F02C with size 4
17:08:33.760 > [833763][I][RoutingTableService.cpp:99] resetReceiveSNRRoutePacket(): [LoRaMesher] Reset Receive SNR from F02C: 13
17:08:33.769 > [833773][I][RoutingTableService.cpp:192] printRoutingTable(): [LoRaMesher] Current routing table:
17:08:33.778 > [833782][I][RoutingTableService.cpp:206] printRoutingTable(): [LoRaMesher] 0 - B3F0 via B3F0 metric 1 Role 0
17:08:33.788 > [833791][I][RoutingTableService.cpp:206] printRoutingTable(): [LoRaMesher] 1 - F02C via F02C metric 1 Role 0
17:08:33.798 > [833801][I][RoutingTableService.cpp:206] printRoutingTable(): [LoRaMesher] 2 - DE6C via DE6C metric 1 Role 0
17:08:33.808 > [833811][I][RoutingTableService.cpp:206] printRoutingTable(): [LoRaMesher] 3 - C998 via C998 metric 1 Role 0
17:08:33.816 > [833820][I][PacketQueueService.h:80] deleteQueuePacketAndPacket(): [LoRaMesher] Deleting packet
17:08:33.826 > [833829][I][PacketQueueService.h:83] deleteQueuePacketAndPacket(): [LoRaMesher] Deleting packet queue
17:08:33.835 > [833838][V][LoraMesher.cpp:641] processPackets(): [LoRaMesher] Stack space unused after entering the task: 2024
17:08:33.844 > [833848][V][LoraMesher.cpp:642] processPackets(): [LoRaMesher] Free heap: 335912
17:08:34.742 > [834746][V][LoraMesher.cpp:378] receivingRoutine(): [LoRaMesher] Stack space unused after entering the task: 2032
17:08:34.752 > [834756][V][LoraMesher.cpp:379] receivingRoutine(): [LoRaMesher] Free heap: 335912
17:08:34.760 > [834763][I][PacketService.cpp:12] createEmptyPacket(): [LoRaMesher] Packet created with 17 bytes
17:08:34.769 > [834772][I][LoraMesher.cpp:392] receivingRoutine(): [LoRaMesher] Receiving LoRa packet: Size: 17 bytes RSSI: -25 SNR: 13
17:08:34.780 > [834783][V][LoraMesher.cpp:647] processPackets(): [LoRaMesher] Size of Received Packets Queue: 1
17:08:34.788 > [834792][V][LoraMesher.cpp:754] printHeaderPacket(): [LoRaMesher] Packet received -- Size: 17 Src: F02C Dst: D110 Id: 50 Type: 2 Via: D110 Seq_Id: 0 Num: 0
17:08:34.802 > [834806][I][LoraMesher.cpp:854] processDataPacket(): [LoRaMesher] Data packet from F02C, destination D110, via D110
17:08:34.813 > [834816][V][LoraMesher.cpp:857] processDataPacket(): [LoRaMesher] Data packet from F02C for me
17:08:34.822 > [834824][V][LoraMesher.cpp:893] processDataPacketForMe(): [LoRaMesher] Data Packet received
17:08:34.830 > [834833][I][PacketQueueService.h:80] deleteQueuePacketAndPacket(): [LoRaMesher] Deleting packet
17:08:34.837 > [834841][I][PacketQueueService.h:83] deleteQueuePacketAndPacket(): [LoRaMesher] Deleting packet queue
17:08:34.846 > [834850][V][LoraMesher.cpp:641] processPackets(): [LoRaMesher] Stack space unused after entering the task: 2024
17:08:34.856 > [834860][V][LoraMesher.cpp:642] processPackets(): [LoRaMesher] Free heap: 335852
17:08:35.029 > ReceivedUserData_TaskHandle notify received
17:08:35.033 > Queue receiveUserData size: 1
17:08:35.036 > Packet arrived from F02C with size 8
17:08:35.039 > DATA:42 f02c
17:08:36.501 > [836505][V][LoraMesher.cpp:378] receivingRoutine(): [LoRaMesher] Stack space unused after entering the task: 2032
17:08:36.512 > [836515][V][LoraMesher.cpp:379] receivingRoutine(): [LoRaMesher] Free heap: 335912
17:08:36.518 > [836522][I][PacketService.cpp:12] createEmptyPacket(): [LoRaMesher] Packet created with 17 bytes
17:08:36.528 > [836531][I][LoraMesher.cpp:392] receivingRoutine(): [LoRaMesher] Receiving LoRa packet: Size: 17 bytes RSSI: -25 SNR: 13
17:08:36.538 > [836542][V][LoraMesher.cpp:647] processPackets(): [LoRaMesher] Size of Received Packets Queue: 1
17:08:36.547 > [836551][V][LoraMesher.cpp:754] printHeaderPacket(): [LoRaMesher] Packet received -- Size: 17 Src: DE6C Dst: D110 Id: 50 Type: 2 Via: D110 Seq_Id: 0 Num: 0
17:08:36.562 > [836565][I][LoraMesher.cpp:854] processDataPacket(): [LoRaMesher] Data packet from DE6C, destination D110, via D110
17:08:36.571 > [836575][V][LoraMesher.cpp:857] processDataPacket(): [LoRaMesher] Data packet from DE6C for me
17:08:36.580 > [836583][V][LoraMesher.cpp:893] processDataPacketForMe(): [LoRaMesher] Data Packet received
17:08:36.588 > [836591][I][PacketQueueService.h:80] deleteQueuePacketAndPacket(): [LoRaMesher] Deleting packet
17:08:36.596 > [836600][I][PacketQueueService.h:83] deleteQueuePacketAndPacket(): [LoRaMesher] Deleting packet queue
17:08:36.605 > [836609][V][LoraMesher.cpp:641] processPackets(): [LoRaMesher] Stack space unused after entering the task: 2024
17:08:36.615 > [836619][V][LoraMesher.cpp:642] processPackets(): [LoRaMesher] Free heap: 335852
17:08:36.787 > ReceivedUserData_TaskHandle notify received
17:08:36.790 > Queue receiveUserData size: 1
17:08:36.793 > Packet arrived from DE6C with size 8
17:08:36.796 > DATA:42 de6c
17:08:46.926 > [846930][V][LoraMesher.cpp:378] receivingRoutine(): [LoRaMesher] Stack space unused after entering the task: 2032
17:08:46.938 > [846941][V][LoraMesher.cpp:379] receivingRoutine(): [LoRaMesher] Free heap: 335912
17:08:46.945 > [846948][I][PacketService.cpp:12] createEmptyPacket(): [LoRaMesher] Packet created with 24 bytes
17:08:46.953 > [846957][I][LoraMesher.cpp:392] receivingRoutine(): [LoRaMesher] Receiving LoRa packet: Size: 24 bytes RSSI: -67 SNR: 9
17:08:46.964 > [846968][V][LoraMesher.cpp:647] processPackets(): [LoRaMesher] Size of Received Packets Queue: 1
17:08:46.973 > [846977][V][LoraMesher.cpp:754] printHeaderPacket(): [LoRaMesher] Packet received -- Size: 24 Src: C998 Dst: FFFF Id: 35 Type: 4 Via: 0 Seq_Id: 0 Num: 0
17:08:46.986 > [846990][I][RoutingTableService.cpp:77] processRoute(): [LoRaMesher] Route packet from C998 with size 4
17:08:46.996 > [847000][I][RoutingTableService.cpp:99] resetReceiveSNRRoutePacket(): [LoRaMesher] Reset Receive SNR from C998: 9
17:08:47.006 > [847010][I][RoutingTableService.cpp:192] printRoutingTable(): [LoRaMesher] Current routing table:
17:08:47.015 > [847018][I][RoutingTableService.cpp:206] printRoutingTable(): [LoRaMesher] 0 - B3F0 via B3F0 metric 1 Role 0
17:08:47.024 > [847028][I][RoutingTableService.cpp:206] printRoutingTable(): [LoRaMesher] 1 - F02C via F02C metric 1 Role 0
17:08:47.034 > [847038][I][RoutingTableService.cpp:206] printRoutingTable(): [LoRaMesher] 2 - DE6C via DE6C metric 1 Role 0
17:08:47.044 > [847047][I][RoutingTableService.cpp:206] printRoutingTable(): [LoRaMesher] 3 - C998 via C998 metric 1 Role 0
17:08:47.054 > [847057][I][PacketQueueService.h:80] deleteQueuePacketAndPacket(): [LoRaMesher] Deleting packet
17:08:47.062 > [847065][I][PacketQueueService.h:83] deleteQueuePacketAndPacket(): [LoRaMesher] Deleting packet queue
17:08:47.070 > [847074][V][LoraMesher.cpp:641] processPackets(): [LoRaMesher] Stack space unused after entering the task: 2024
17:08:47.080 > [847084][V][LoraMesher.cpp:642] processPackets(): [LoRaMesher] Free heap: 335912
17:08:47.465 > [847469][V][LoraMesher.cpp:378] receivingRoutine(): [LoRaMesher] Stack space unused after entering the task: 2032
17:08:47.476 > [847479][V][LoraMesher.cpp:379] receivingRoutine(): [LoRaMesher] Free heap: 335912
17:08:47.483 > [847487][I][PacketService.cpp:12] createEmptyPacket(): [LoRaMesher] Packet created with 17 bytes
17:08:47.495 > [847496][I][LoraMesher.cpp:392] receivingRoutine(): [LoRaMesher] Receiving LoRa packet: Size: 17 bytes RSSI: -67 SNR: 9
17:08:47.504 > [847507][V][LoraMesher.cpp:647] processPackets(): [LoRaMesher] Size of Received Packets Queue: 1
17:08:47.511 > [847515][V][LoraMesher.cpp:754] printHeaderPacket(): [LoRaMesher] Packet received -- Size: 17 Src: C998 Dst: D110 Id: 36 Type: 2 Via: D110 Seq_Id: 0 Num: 0
17:08:47.525 > [847529][I][LoraMesher.cpp:854] processDataPacket(): [LoRaMesher] Data packet from C998, destination D110, via D110
17:08:47.535 > [847539][V][LoraMesher.cpp:857] processDataPacket(): [LoRaMesher] Data packet from C998 for me
17:08:47.545 > [847548][V][LoraMesher.cpp:893] processDataPacketForMe(): [LoRaMesher] Data Packet received
17:08:47.553 > [847556][I][PacketQueueService.h:80] deleteQueuePacketAndPacket(): [LoRaMesher] Deleting packet
17:08:47.561 > [847565][I][PacketQueueService.h:83] deleteQueuePacketAndPacket(): [LoRaMesher] Deleting packet queue
17:08:47.570 > [847574][V][LoraMesher.cpp:641] processPackets(): [LoRaMesher] Stack space unused after entering the task: 2024
17:08:47.580 > [847583][V][LoraMesher.cpp:642] processPackets(): [LoRaMesher] Free heap: 335852
17:08:47.752 > ReceivedUserData_TaskHandle notify received
17:08:47.755 > Queue receiveUserData size: 1
17:08:47.759 > Packet arrived from C998 with size 8
17:08:47.761 > DATA:30 c998
17:08:48.350 > [848355][V][LoraMesher.cpp:598] sendHelloPacket(): [LoRaMesher] Creating Routing Packet
17:08:48.359 > [848362][V][LoraMesher.cpp:599] sendHelloPacket(): [LoRaMesher] Stack space unused after entering the task: 2328
17:08:48.369 > [848372][V][LoraMesher.cpp:600] sendHelloPacket(): [LoRaMesher] Free heap: 335912
17:08:48.376 > [848380][V][PacketFactory.h:45] createPacket(): [LoRaMesher] Creating packet with 24 bytes
17:08:48.385 > [848388][I][PacketFactory.h:74] createPacket(): [LoRaMesher] Packet created with 24 bytes
17:08:48.392 > [848396][I][LoraMesher.h:659] setPackedForSend(): [LoRaMesher] Adding packet to Q_SP
17:08:48.400 > [848403][I][LoraMesher.h:661] setPackedForSend(): [LoRaMesher] Created packet to Q_SP
17:08:48.408 > [848411][I][LoraMesher.cpp:1061] addToSendOrderedAndNotify(): [LoRaMesher] Added packet to Q_SP, notifying sender task
17:08:48.418 > [848421][V][LoraMesher.cpp:511] sendPackets(): [LoRaMesher] Stack space unused after entering the task: 2244
17:08:48.428 > [848431][V][LoraMesher.cpp:512] sendPackets(): [LoRaMesher] Free heap: 335804
17:08:48.435 > [848438][V][LoraMesher.cpp:518] sendPackets(): [LoRaMesher] Size of Send Packets Queue: 1
17:08:48.443 > [848446][V][LoraMesher.cpp:525] sendPackets(): [LoRaMesher] Send n. 7
17:08:48.448 > [848452][V][LoraMesher.cpp:455] waitBeforeSend(): [LoRaMesher] RandomDelay 616 ms
17:08:49.070 > [849075][V][LoraMesher.cpp:754] printHeaderPacket(): [LoRaMesher] Packet send -- Size: 24 Src: D110 Dst: FFFF Id: 8 Type: 4 Via: 0 Seq_Id: 0 Num: 0
17:08:49.175 > [849179][V][LoraMesher.cpp:575] sendPackets(): [LoRaMesher] TimeOnAir 78 ms, next message in 0 ms
17:08:49.184 > [849187][I][PacketQueueService.h:80] deleteQueuePacketAndPacket(): [LoRaMesher] Deleting packet
17:08:49.193 > [849196][I][PacketQueueService.h:83] deleteQueuePacketAndPacket(): [LoRaMesher] Deleting packet queue
17:08:52.617 > [852621][V][LoraMesher.cpp:378] receivingRoutine(): [LoRaMesher] Stack space unused after entering the task: 2032
17:08:52.628 > [852631][V][LoraMesher.cpp:379] receivingRoutine(): [LoRaMesher] Free heap: 335912
17:08:52.635 > [852638][I][PacketService.cpp:12] createEmptyPacket(): [LoRaMesher] Packet created with 17 bytes
17:08:52.644 > [852647][I][LoraMesher.cpp:392] receivingRoutine(): [LoRaMesher] Receiving LoRa packet: Size: 17 bytes RSSI: -26 SNR: 13
17:08:52.655 > [852658][V][LoraMesher.cpp:647] processPackets(): [LoRaMesher] Size of Received Packets Queue: 1
17:08:52.664 > [852667][V][LoraMesher.cpp:754] printHeaderPacket(): [LoRaMesher] Packet received -- Size: 17 Src: F02C Dst: D110 Id: 51 Type: 2 Via: D110 Seq_Id: 0 Num: 0
17:08:52.678 > [852681][I][LoraMesher.cpp:854] processDataPacket(): [LoRaMesher] Data packet from F02C, destination D110, via D110
17:08:52.688 > [852691][V][LoraMesher.cpp:857] processDataPacket(): [LoRaMesher] Data packet from F02C for me
17:08:52.696 > [852700][V][LoraMesher.cpp:893] processDataPacketForMe(): [LoRaMesher] Data Packet received
17:08:52.704 > [852708][I][PacketQueueService.h:80] deleteQueuePacketAndPacket(): [LoRaMesher] Deleting packet
17:08:52.712 > [852716][I][PacketQueueService.h:83] deleteQueuePacketAndPacket(): [LoRaMesher] Deleting packet queue
17:08:52.722 > [852725][V][LoraMesher.cpp:641] processPackets(): [LoRaMesher] Stack space unused after entering the task: 2024
17:08:52.732 > [852735][V][LoraMesher.cpp:642] processPackets(): [LoRaMesher] Free heap: 335852
17:08:52.903 > ReceivedUserData_TaskHandle notify received
17:08:52.908 > Queue receiveUserData size: 1
17:08:52.911 > Packet arrived from F02C with size 8
17:08:52.914 > DATA:43 f02c
17:08:53.838 > [853842][V][LoraMesher.cpp:378] receivingRoutine(): [LoRaMesher] Stack space unused after entering the task: 2032
17:08:53.849 > [853852][V][LoraMesher.cpp:379] receivingRoutine(): [LoRaMesher] Free heap: 335912
17:08:53.856 > [853860][I][PacketService.cpp:12] createEmptyPacket(): [LoRaMesher] Packet created with 17 bytes
17:08:53.865 > [853868][I][LoraMesher.cpp:392] receivingRoutine(): [LoRaMesher] Receiving LoRa packet: Size: 17 bytes RSSI: -24 SNR: 12
17:08:53.876 > [853880][V][LoraMesher.cpp:647] processPackets(): [LoRaMesher] Size of Received Packets Queue: 1
17:08:53.885 > [853888][V][LoraMesher.cpp:754] printHeaderPacket(): [LoRaMesher] Packet received -- Size: 17 Src: DE6C Dst: D110 Id: 51 Type: 2 Via: D110 Seq_Id: 0 Num: 0
17:08:53.899 > [853902][I][LoraMesher.cpp:854] processDataPacket(): [LoRaMesher] Data packet from DE6C, destination D110, via D110
17:08:53.909 > [853912][V][LoraMesher.cpp:857] processDataPacket(): [LoRaMesher] Data packet from DE6C for me
17:08:53.917 > [853921][V][LoraMesher.cpp:893] processDataPacketForMe(): [LoRaMesher] Data Packet received
17:08:53.925 > [853929][I][PacketQueueService.h:80] deleteQueuePacketAndPacket(): [LoRaMesher] Deleting packet
17:08:53.934 > [853937][I][PacketQueueService.h:83] deleteQueuePacketAndPacket(): [LoRaMesher] Deleting packet queue
17:08:53.943 > [853946][V][LoraMesher.cpp:641] processPackets(): [LoRaMesher] Stack space unused after entering the task: 2024
17:08:53.952 > [853956][V][LoraMesher.cpp:642] processPackets(): [LoRaMesher] Free heap: 335852
17:08:54.124 > ReceivedUserData_TaskHandle notify received
17:08:54.129 > Queue receiveUserData size: 1
17:08:54.131 > Packet arrived from DE6C with size 8
17:08:54.134 > DATA:43 de6c
17:08:55.561 > [855566][V][LoraMesher.cpp:378] receivingRoutine(): [LoRaMesher] Stack space unused after entering the task: 2032
17:08:55.573 > [855576][V][LoraMesher.cpp:379] receivingRoutine(): [LoRaMesher] Free heap: 335912
17:08:55.580 > [855583][I][PacketService.cpp:12] createEmptyPacket(): [LoRaMesher] Packet created with 17 bytes
17:08:55.589 > [855592][I][LoraMesher.cpp:392] receivingRoutine(): [LoRaMesher] Receiving LoRa packet: Size: 17 bytes RSSI: 0 SNR: 13
17:08:55.599 > [855603][V][LoraMesher.cpp:647] processPackets(): [LoRaMesher] Size of Received Packets Queue: 1
17:08:55.609 > [855612][V][LoraMesher.cpp:754] printHeaderPacket(): [LoRaMesher] Packet received -- Size: 17 Src: B3F0 Dst: D110 Id: 51 Type: 2 Via: D110 Seq_Id: 0 Num: 0
17:08:55.621 > [855626][I][LoraMesher.cpp:854] processDataPacket(): [LoRaMesher] Data packet from B3F0, destination D110, via D110
17:08:55.633 > [855636][V][LoraMesher.cpp:857] processDataPacket(): [LoRaMesher] Data packet from B3F0 for me
17:08:55.641 > [855644][V][LoraMesher.cpp:893] processDataPacketForMe(): [LoRaMesher] Data Packet received
17:08:55.649 > [855652][I][PacketQueueService.h:80] deleteQueuePacketAndPacket(): [LoRaMesher] Deleting packet
17:08:55.657 > [855661][I][PacketQueueService.h:83] deleteQueuePacketAndPacket(): [LoRaMesher] Deleting packet queue
17:08:55.666 > [855670][V][LoraMesher.cpp:641] processPackets(): [LoRaMesher] Stack space unused after entering the task: 2024
17:08:55.676 > [855680][V][LoraMesher.cpp:642] processPackets(): [LoRaMesher] Free heap: 335852
17:08:55.847 > ReceivedUserData_TaskHandle notify received
17:08:55.852 > Queue receiveUserData size: 1
17:08:55.854 > Packet arrived from B3F0 with size 8
17:08:55.857 > DATA:43 b3f0
17:09:07.775 > [867779][V][LoraMesher.cpp:378] receivingRoutine(): [LoRaMesher] Stack space unused after entering the task: 2032
17:09:07.786 > [867790][V][LoraMesher.cpp:379] receivingRoutine(): [LoRaMesher] Free heap: 335912
17:09:07.794 > [867797][I][PacketService.cpp:12] createEmptyPacket(): [LoRaMesher] Packet created with 17 bytes
17:09:07.802 > [867806][I][LoraMesher.cpp:392] receivingRoutine(): [LoRaMesher] Receiving LoRa packet: Size: 17 bytes RSSI: -68 SNR: 8
17:09:07.814 > [867817][V][LoraMesher.cpp:647] processPackets(): [LoRaMesher] Size of Received Packets Queue: 1
17:09:07.822 > [867826][V][LoraMesher.cpp:754] printHeaderPacket(): [LoRaMesher] Packet received -- Size: 17 Src: C998 Dst: D110 Id: 37 Type: 2 Via: D110 Seq_Id: 0 Num: 0
17:09:07.836 > [867839][I][LoraMesher.cpp:854] processDataPacket(): [LoRaMesher] Data packet from C998, destination D110, via D110
17:09:07.846 > [867850][V][LoraMesher.cpp:857] processDataPacket(): [LoRaMesher] Data packet from C998 for me
17:09:07.855 > [867858][V][LoraMesher.cpp:893] processDataPacketForMe(): [LoRaMesher] Data Packet received
17:09:07.863 > [867866][I][PacketQueueService.h:80] deleteQueuePacketAndPacket(): [LoRaMesher] Deleting packet
17:09:07.871 > [867875][I][PacketQueueService.h:83] deleteQueuePacketAndPacket(): [LoRaMesher] Deleting packet queue
17:09:07.880 > [867884][V][LoraMesher.cpp:641] processPackets(): [LoRaMesher] Stack space unused after entering the task: 2024
17:09:07.890 > [867894][V][LoraMesher.cpp:642] processPackets(): [LoRaMesher] Free heap: 335852
17:09:08.061 > ReceivedUserData_TaskHandle notify received
17:09:08.066 > Queue receiveUserData size: 1
17:09:08.069 > Packet arrived from C998 with size 8
17:09:08.072 > DATA:31 c998
17:09:12.930 > [872935][V][LoraMesher.cpp:378] receivingRoutine(): [LoRaMesher] Stack space unused after entering the task: 2032
17:09:12.941 > [872945][V][LoraMesher.cpp:379] receivingRoutine(): [LoRaMesher] Free heap: 335912
17:09:12.949 > [872952][I][PacketService.cpp:12] createEmptyPacket(): [LoRaMesher] Packet created with 17 bytes
17:09:12.958 > [872961][I][LoraMesher.cpp:392] receivingRoutine(): [LoRaMesher] Receiving LoRa packet: Size: 17 bytes RSSI: -24 SNR: 13
17:09:12.969 > [872972][V][LoraMesher.cpp:647] processPackets(): [LoRaMesher] Size of Received Packets Queue: 1
17:09:12.977 > [872981][V][LoraMesher.cpp:754] printHeaderPacket(): [LoRaMesher] Packet received -- Size: 17 Src: F02C Dst: D110 Id: 52 Type: 2 Via: D110 Seq_Id: 0 Num: 0
17:09:12.991 > [872995][I][LoraMesher.cpp:854] processDataPacket(): [LoRaMesher] Data packet from F02C, destination D110, via D110
17:09:13.002 > [873005][V][LoraMesher.cpp:857] processDataPacket(): [LoRaMesher] Data packet from F02C for me
17:09:13.010 > [873014][V][LoraMesher.cpp:893] processDataPacketForMe(): [LoRaMesher] Data Packet received
17:09:13.018 > [873022][I][PacketQueueService.h:80] deleteQueuePacketAndPacket(): [LoRaMesher] Deleting packet
17:09:13.027 > [873030][I][PacketQueueService.h:83] deleteQueuePacketAndPacket(): [LoRaMesher] Deleting packet queue
17:09:13.036 > [873039][V][LoraMesher.cpp:641] processPackets(): [LoRaMesher] Stack space unused after entering the task: 2024
17:09:13.046 > [873049][V][LoraMesher.cpp:642] processPackets(): [LoRaMesher] Free heap: 335852
17:09:13.217 > ReceivedUserData_TaskHandle notify received
17:09:13.222 > Queue receiveUserData size: 1
17:09:13.224 > Packet arrived from F02C with size 8
17:09:13.228 > DATA:44 f02c
17:09:13.486 > [873490][V][LoraMesher.cpp:378] receivingRoutine(): [LoRaMesher] Stack space unused after entering the task: 2032
17:09:13.497 > [873501][V][LoraMesher.cpp:379] receivingRoutine(): [LoRaMesher] Free heap: 335912
17:09:13.505 > [873508][I][PacketService.cpp:12] createEmptyPacket(): [LoRaMesher] Packet created with 17 bytes
17:09:13.513 > [873517][I][LoraMesher.cpp:392] receivingRoutine(): [LoRaMesher] Receiving LoRa packet: Size: 17 bytes RSSI: -26 SNR: 13
17:09:13.525 > [873528][V][LoraMesher.cpp:647] processPackets(): [LoRaMesher] Size of Received Packets Queue: 1
17:09:13.533 > [873537][V][LoraMesher.cpp:754] printHeaderPacket(): [LoRaMesher] Packet received -- Size: 17 Src: DE6C Dst: D110 Id: 52 Type: 2 Via: D110 Seq_Id: 0 Num: 0
17:09:13.546 > [873551][I][LoraMesher.cpp:854] processDataPacket(): [LoRaMesher] Data packet from DE6C, destination D110, via D110
17:09:13.557 > [873561][V][LoraMesher.cpp:857] processDataPacket(): [LoRaMesher] Data packet from DE6C for me
17:09:13.566 > [873569][V][LoraMesher.cpp:893] processDataPacketForMe(): [LoRaMesher] Data Packet received
17:09:13.574 > [873577][I][PacketQueueService.h:80] deleteQueuePacketAndPacket(): [LoRaMesher] Deleting packet
17:09:13.582 > [873586][I][PacketQueueService.h:83] deleteQueuePacketAndPacket(): [LoRaMesher] Deleting packet queue
17:09:13.591 > [873595][V][LoraMesher.cpp:641] processPackets(): [LoRaMesher] Stack space unused after entering the task: 2024
17:09:13.601 > [873605][V][LoraMesher.cpp:642] processPackets(): [LoRaMesher] Free heap: 335852
17:09:13.772 > ReceivedUserData_TaskHandle notify received
17:09:13.777 > Queue receiveUserData size: 1
17:09:13.779 > Packet arrived from DE6C with size 8
17:09:13.783 > DATA:44 de6c
17:09:14.727 > [874732][V][LoraMesher.cpp:378] receivingRoutine(): [LoRaMesher] Stack space unused after entering the task: 2032
17:09:14.738 > [874742][V][LoraMesher.cpp:379] receivingRoutine(): [LoRaMesher] Free heap: 335912
17:09:14.745 > [874749][I][PacketService.cpp:12] createEmptyPacket(): [LoRaMesher] Packet created with 17 bytes
17:09:14.755 > [874758][I][LoraMesher.cpp:392] receivingRoutine(): [LoRaMesher] Receiving LoRa packet: Size: 17 bytes RSSI: 0 SNR: 13
17:09:14.766 > [874769][V][LoraMesher.cpp:647] processPackets(): [LoRaMesher] Size of Received Packets Queue: 1
17:09:14.774 > [874778][V][LoraMesher.cpp:754] printHeaderPacket(): [LoRaMesher] Packet received -- Size: 17 Src: B3F0 Dst: D110 Id: 52 Type: 2 Via: D110 Seq_Id: 0 Num: 0
17:09:14.788 > [874791][I][LoraMesher.cpp:854] processDataPacket(): [LoRaMesher] Data packet from B3F0, destination D110, via D110
17:09:14.798 > [874802][V][LoraMesher.cpp:857] processDataPacket(): [LoRaMesher] Data packet from B3F0 for me
17:09:14.807 > [874810][V][LoraMesher.cpp:893] processDataPacketForMe(): [LoRaMesher] Data Packet received
17:09:14.815 > [874818][I][PacketQueueService.h:80] deleteQueuePacketAndPacket(): [LoRaMesher] Deleting packet
17:09:14.823 > [874827][I][PacketQueueService.h:83] deleteQueuePacketAndPacket(): [LoRaMesher] Deleting packet queue
17:09:14.832 > [874836][V][LoraMesher.cpp:641] processPackets(): [LoRaMesher] Stack space unused after entering the task: 2024
17:09:14.842 > [874846][V][LoraMesher.cpp:642] processPackets(): [LoRaMesher] Free heap: 335852
17:09:15.013 > ReceivedUserData_TaskHandle notify received
17:09:15.018 > Queue receiveUserData size: 1
17:09:15.020 > Packet arrived from B3F0 with size 8
17:09:15.024 > DATA:44 b3f0
17:09:27.810 > [887814][V][LoraMesher.cpp:378] receivingRoutine(): [LoRaMesher] Stack space unused after entering the task: 2032
17:09:27.821 > [887825][V][LoraMesher.cpp:379] receivingRoutine(): [LoRaMesher] Free heap: 335912
17:09:27.828 > [887832][I][PacketService.cpp:12] createEmptyPacket(): [LoRaMesher] Packet created with 17 bytes
17:09:27.837 > [887841][I][LoraMesher.cpp:392] receivingRoutine(): [LoRaMesher] Receiving LoRa packet: Size: 17 bytes RSSI: -67 SNR: 7
17:09:27.848 > [887852][V][LoraMesher.cpp:647] processPackets(): [LoRaMesher] Size of Received Packets Queue: 1
17:09:27.857 > [887861][V][LoraMesher.cpp:754] printHeaderPacket(): [LoRaMesher] Packet received -- Size: 17 Src: C998 Dst: D110 Id: 38 Type: 2 Via: D110 Seq_Id: 0 Num: 0
17:09:27.871 > [887874][I][LoraMesher.cpp:854] processDataPacket(): [LoRaMesher] Data packet from C998, destination D110, via D110
17:09:27.881 > [887885][V][LoraMesher.cpp:857] processDataPacket(): [LoRaMesher] Data packet from C998 for me
17:09:27.889 > [887893][V][LoraMesher.cpp:893] processDataPacketForMe(): [LoRaMesher] Data Packet received
17:09:27.898 > [887901][I][PacketQueueService.h:80] deleteQueuePacketAndPacket(): [LoRaMesher] Deleting packet
17:09:27.906 > [887910][I][PacketQueueService.h:83] deleteQueuePacketAndPacket(): [LoRaMesher] Deleting packet queue
17:09:27.915 > [887919][V][LoraMesher.cpp:641] processPackets(): [LoRaMesher] Stack space unused after entering the task: 2024
17:09:27.925 > [887929][V][LoraMesher.cpp:642] processPackets(): [LoRaMesher] Free heap: 335852
17:09:28.096 > ReceivedUserData_TaskHandle notify received
17:09:28.101 > Queue receiveUserData size: 1
17:09:28.103 > Packet arrived from C998 with size 8
17:09:28.106 > DATA:32 c998
17:09:33.007 > [893012][V][LoraMesher.cpp:378] receivingRoutine(): [LoRaMesher] Stack space unused after entering the task: 2032
17:09:33.018 > [893022][V][LoraMesher.cpp:379] receivingRoutine(): [LoRaMesher] Free heap: 335912
17:09:33.026 > [893029][I][PacketService.cpp:12] createEmptyPacket(): [LoRaMesher] Packet created with 17 bytes
17:09:33.034 > [893038][I][LoraMesher.cpp:392] receivingRoutine(): [LoRaMesher] Receiving LoRa packet: Size: 17 bytes RSSI: -26 SNR: 13
17:09:33.046 > [893049][V][LoraMesher.cpp:647] processPackets(): [LoRaMesher] Size of Received Packets Queue: 1
17:09:33.054 > [893058][V][LoraMesher.cpp:754] printHeaderPacket(): [LoRaMesher] Packet received -- Size: 17 Src: F02C Dst: D110 Id: 53 Type: 2 Via: D110 Seq_Id: 0 Num: 0
17:09:33.068 > [893072][I][LoraMesher.cpp:854] processDataPacket(): [LoRaMesher] Data packet from F02C, destination D110, via D110
17:09:33.078 > [893082][V][LoraMesher.cpp:857] processDataPacket(): [LoRaMesher] Data packet from F02C for me
17:09:33.087 > [893090][V][LoraMesher.cpp:893] processDataPacketForMe(): [LoRaMesher] Data Packet received
17:09:33.095 > [893099][I][PacketQueueService.h:80] deleteQueuePacketAndPacket(): [LoRaMesher] Deleting packet
17:09:33.103 > [893107][I][PacketQueueService.h:83] deleteQueuePacketAndPacket(): [LoRaMesher] Deleting packet queue
17:09:33.112 > [893116][V][LoraMesher.cpp:641] processPackets(): [LoRaMesher] Stack space unused after entering the task: 2024
17:09:33.122 > [893126][V][LoraMesher.cpp:642] processPackets(): [LoRaMesher] Free heap: 335852
17:09:33.294 > ReceivedUserData_TaskHandle notify received
17:09:33.299 > Queue receiveUserData size: 1
17:09:33.301 > Packet arrived from F02C with size 8
17:09:33.304 > DATA:45 f02c
17:09:33.605 > [893609][V][LoraMesher.cpp:378] receivingRoutine(): [LoRaMesher] Stack space unused after entering the task: 2032
17:09:33.616 > [893620][V][LoraMesher.cpp:379] receivingRoutine(): [LoRaMesher] Free heap: 335912
17:09:33.623 > [893627][I][PacketService.cpp:12] createEmptyPacket(): [LoRaMesher] Packet created with 17 bytes
17:09:33.632 > [893636][I][LoraMesher.cpp:392] receivingRoutine(): [LoRaMesher] Receiving LoRa packet: Size: 17 bytes RSSI: 0 SNR: 12
17:09:33.643 > [893647][V][LoraMesher.cpp:647] processPackets(): [LoRaMesher] Size of Received Packets Queue: 1
17:09:33.652 > [893656][V][LoraMesher.cpp:754] printHeaderPacket(): [LoRaMesher] Packet received -- Size: 17 Src: B3F0 Dst: D110 Id: 53 Type: 2 Via: D110 Seq_Id: 0 Num: 0
17:09:33.666 > [893669][I][LoraMesher.cpp:854] processDataPacket(): [LoRaMesher] Data packet from B3F0, destination D110, via D110
17:09:33.676 > [893680][V][LoraMesher.cpp:857] processDataPacket(): [LoRaMesher] Data packet from B3F0 for me
17:09:33.684 > [893688][V][LoraMesher.cpp:893] processDataPacketForMe(): [LoRaMesher] Data Packet received
17:09:33.692 > [893696][I][PacketQueueService.h:80] deleteQueuePacketAndPacket(): [LoRaMesher] Deleting packet
17:09:33.701 > [893705][I][PacketQueueService.h:83] deleteQueuePacketAndPacket(): [LoRaMesher] Deleting packet queue
17:09:33.710 > [893714][V][LoraMesher.cpp:641] processPackets(): [LoRaMesher] Stack space unused after entering the task: 2024
17:09:33.720 > [893724][V][LoraMesher.cpp:642] processPackets(): [LoRaMesher] Free heap: 335852
17:09:33.891 > ReceivedUserData_TaskHandle notify received
17:09:33.896 > Queue receiveUserData size: 1
17:09:33.898 > Packet arrived from B3F0 with size 8
17:09:33.901 > DATA:45 b3f0
17:09:34.458 > [894463][V][LoraMesher.cpp:378] receivingRoutine(): [LoRaMesher] Stack space unused after entering the task: 2032
17:09:34.469 > [894473][V][LoraMesher.cpp:379] receivingRoutine(): [LoRaMesher] Free heap: 335912
17:09:34.477 > [894481][I][PacketService.cpp:12] createEmptyPacket(): [LoRaMesher] Packet created with 17 bytes
17:09:34.486 > [894489][I][LoraMesher.cpp:392] receivingRoutine(): [LoRaMesher] Receiving LoRa packet: Size: 17 bytes RSSI: -28 SNR: 13
17:09:34.497 > [894501][V][LoraMesher.cpp:647] processPackets(): [LoRaMesher] Size of Received Packets Queue: 1
17:09:34.506 > [894509][V][LoraMesher.cpp:754] printHeaderPacket(): [LoRaMesher] Packet received -- Size: 17 Src: DE6C Dst: D110 Id: 53 Type: 2 Via: D110 Seq_Id: 0 Num: 0
17:09:34.519 > [894523][I][LoraMesher.cpp:854] processDataPacket(): [LoRaMesher] Data packet from DE6C, destination D110, via D110
17:09:34.529 > [894533][V][LoraMesher.cpp:857] processDataPacket(): [LoRaMesher] Data packet from DE6C for me
17:09:34.538 > [894542][V][LoraMesher.cpp:893] processDataPacketForMe(): [LoRaMesher] Data Packet received
17:09:34.546 > [894550][I][PacketQueueService.h:80] deleteQueuePacketAndPacket(): [LoRaMesher] Deleting packet
17:09:34.554 > [894558][I][PacketQueueService.h:83] deleteQueuePacketAndPacket(): [LoRaMesher] Deleting packet queue
17:09:34.564 > [894567][V][LoraMesher.cpp:641] processPackets(): [LoRaMesher] Stack space unused after entering the task: 2024
17:09:34.573 > [894577][V][LoraMesher.cpp:642] processPackets(): [LoRaMesher] Free heap: 335852
17:09:34.745 > ReceivedUserData_TaskHandle notify received
17:09:34.750 > Queue receiveUserData size: 1
17:09:34.752 > Packet arrived from DE6C with size 8
17:09:34.755 > DATA:45 de6c
17:09:48.140 > [908145][V][LoraMesher.cpp:378] receivingRoutine(): [LoRaMesher] Stack space unused after entering the task: 2032
17:09:48.151 > [908155][V][LoraMesher.cpp:379] receivingRoutine(): [LoRaMesher] Free heap: 335912
17:09:48.158 > [908162][I][PacketService.cpp:12] createEmptyPacket(): [LoRaMesher] Packet created with 17 bytes
17:09:48.167 > [908171][I][LoraMesher.cpp:392] receivingRoutine(): [LoRaMesher] Receiving LoRa packet: Size: 17 bytes RSSI: -67 SNR: 8
17:09:48.179 > [908182][V][LoraMesher.cpp:647] processPackets(): [LoRaMesher] Size of Received Packets Queue: 1
17:09:48.187 > [908191][V][LoraMesher.cpp:754] printHeaderPacket(): [LoRaMesher] Packet received -- Size: 17 Src: C998 Dst: D110 Id: 39 Type: 2 Via: D110 Seq_Id: 0 Num: 0
17:09:48.200 > [908205][I][LoraMesher.cpp:854] processDataPacket(): [LoRaMesher] Data packet from C998, destination D110, via D110
17:09:48.211 > [908215][V][LoraMesher.cpp:857] processDataPacket(): [LoRaMesher] Data packet from C998 for me
17:09:48.219 > [908223][V][LoraMesher.cpp:893] processDataPacketForMe(): [LoRaMesher] Data Packet received
17:09:48.227 > [908231][I][PacketQueueService.h:80] deleteQueuePacketAndPacket(): [LoRaMesher] Deleting packet
17:09:48.236 > [908240][I][PacketQueueService.h:83] deleteQueuePacketAndPacket(): [LoRaMesher] Deleting packet queue
17:09:48.245 > [908249][V][LoraMesher.cpp:641] processPackets(): [LoRaMesher] Stack space unused after entering the task: 2024
17:09:48.255 > [908259][V][LoraMesher.cpp:642] processPackets(): [LoRaMesher] Free heap: 335852
17:09:48.426 > ReceivedUserData_TaskHandle notify received
17:09:48.430 > Queue receiveUserData size: 1
17:09:48.433 > Packet arrived from C998 with size 8
17:09:48.436 > DATA:33 c998
17:09:52.910 > [912915][V][LoraMesher.cpp:378] receivingRoutine(): [LoRaMesher] Stack space unused after entering the task: 2032
17:09:52.921 > [912925][V][LoraMesher.cpp:379] receivingRoutine(): [LoRaMesher] Free heap: 335912
17:09:52.928 > [912932][I][PacketService.cpp:12] createEmptyPacket(): [LoRaMesher] Packet created with 17 bytes
17:09:52.937 > [912941][I][LoraMesher.cpp:392] receivingRoutine(): [LoRaMesher] Receiving LoRa packet: Size: 17 bytes RSSI: -26 SNR: 13
17:09:52.948 > [912952][V][LoraMesher.cpp:647] processPackets(): [LoRaMesher] Size of Received Packets Queue: 1
17:09:52.957 > [912961][V][LoraMesher.cpp:754] printHeaderPacket(): [LoRaMesher] Packet received -- Size: 17 Src: F02C Dst: D110 Id: 54 Type: 2 Via: D110 Seq_Id: 0 Num: 0
17:09:52.971 > [912975][I][LoraMesher.cpp:854] processDataPacket(): [LoRaMesher] Data packet from F02C, destination D110, via D110
17:09:52.981 > [912985][V][LoraMesher.cpp:857] processDataPacket(): [LoRaMesher] Data packet from F02C for me
17:09:52.989 > [912993][V][LoraMesher.cpp:893] processDataPacketForMe(): [LoRaMesher] Data Packet received
17:09:52.997 > [913002][I][PacketQueueService.h:80] deleteQueuePacketAndPacket(): [LoRaMesher] Deleting packet
17:09:53.006 > [913010][I][PacketQueueService.h:83] deleteQueuePacketAndPacket(): [LoRaMesher] Deleting packet queue
17:09:53.015 > [913019][V][LoraMesher.cpp:641] processPackets(): [LoRaMesher] Stack space unused after entering the task: 2024
17:09:53.025 > [913029][V][LoraMesher.cpp:642] processPackets(): [LoRaMesher] Free heap: 335852
17:09:53.197 > ReceivedUserData_TaskHandle notify received
17:09:53.201 > Queue receiveUserData size: 1
17:09:53.204 > Packet arrived from F02C with size 8
17:09:53.207 > DATA:46 f02c
17:09:54.145 > [914149][V][LoraMesher.cpp:378] receivingRoutine(): [LoRaMesher] Stack space unused after entering the task: 2032
17:09:54.155 > [914160][V][LoraMesher.cpp:379] receivingRoutine(): [LoRaMesher] Free heap: 335912
17:09:54.163 > [914167][I][PacketService.cpp:12] createEmptyPacket(): [LoRaMesher] Packet created with 17 bytes
17:09:54.172 > [914176][I][LoraMesher.cpp:392] receivingRoutine(): [LoRaMesher] Receiving LoRa packet: Size: 17 bytes RSSI: -27 SNR: 12
17:09:54.183 > [914187][V][LoraMesher.cpp:647] processPackets(): [LoRaMesher] Size of Received Packets Queue: 1
17:09:54.192 > [914196][V][LoraMesher.cpp:754] printHeaderPacket(): [LoRaMesher] Packet received -- Size: 17 Src: DE6C Dst: D110 Id: 54 Type: 2 Via: D110 Seq_Id: 0 Num: 0
17:09:54.205 > [914210][I][LoraMesher.cpp:854] processDataPacket(): [LoRaMesher] Data packet from DE6C, destination D110, via D110
17:09:54.216 > [914220][V][LoraMesher.cpp:857] processDataPacket(): [LoRaMesher] Data packet from DE6C for me
17:09:54.224 > [914228][V][LoraMesher.cpp:893] processDataPacketForMe(): [LoRaMesher] Data Packet received
17:09:54.232 > [914236][I][PacketQueueService.h:80] deleteQueuePacketAndPacket(): [LoRaMesher] Deleting packet
17:09:54.241 > [914245][I][PacketQueueService.h:83] deleteQueuePacketAndPacket(): [LoRaMesher] Deleting packet queue
17:09:54.250 > [914254][V][LoraMesher.cpp:641] processPackets(): [LoRaMesher] Stack space unused after entering the task: 2024
17:09:54.260 > [914264][V][LoraMesher.cpp:642] processPackets(): [LoRaMesher] Free heap: 335852
17:09:54.431 > ReceivedUserData_TaskHandle notify received
17:09:54.435 > Queue receiveUserData size: 1
17:09:54.438 > Packet arrived from DE6C with size 8
17:09:54.441 > DATA:46 de6c
17:09:55.672 > [915677][V][LoraMesher.cpp:378] receivingRoutine(): [LoRaMesher] Stack space unused after entering the task: 2032
17:09:55.683 > [915687][V][LoraMesher.cpp:379] receivingRoutine(): [LoRaMesher] Free heap: 335912
17:09:55.691 > [915695][I][PacketService.cpp:12] createEmptyPacket(): [LoRaMesher] Packet created with 17 bytes
17:09:55.700 > [915704][I][LoraMesher.cpp:392] receivingRoutine(): [LoRaMesher] Receiving LoRa packet: Size: 17 bytes RSSI: 0 SNR: 12
17:09:55.711 > [915715][V][LoraMesher.cpp:647] processPackets(): [LoRaMesher] Size of Received Packets Queue: 1
17:09:55.719 > [915723][V][LoraMesher.cpp:754] printHeaderPacket(): [LoRaMesher] Packet received -- Size: 17 Src: B3F0 Dst: D110 Id: 54 Type: 2 Via: D110 Seq_Id: 0 Num: 0
17:09:55.733 > [915737][I][LoraMesher.cpp:854] processDataPacket(): [LoRaMesher] Data packet from B3F0, destination D110, via D110
17:09:55.743 > [915748][V][LoraMesher.cpp:857] processDataPacket(): [LoRaMesher] Data packet from B3F0 for me
17:09:55.752 > [915756][V][LoraMesher.cpp:893] processDataPacketForMe(): [LoRaMesher] Data Packet received
17:09:55.760 > [915764][I][PacketQueueService.h:80] deleteQueuePacketAndPacket(): [LoRaMesher] Deleting packet
17:09:55.768 > [915773][I][PacketQueueService.h:83] deleteQueuePacketAndPacket(): [LoRaMesher] Deleting packet queue
17:09:55.777 > [915782][V][LoraMesher.cpp:641] processPackets(): [LoRaMesher] Stack space unused after entering the task: 2024
17:09:55.787 > [915792][V][LoraMesher.cpp:642] processPackets(): [LoRaMesher] Free heap: 335852
17:09:55.959 > ReceivedUserData_TaskHandle notify received
17:09:55.963 > Queue receiveUserData size: 1
17:09:55.966 > Packet arrived from B3F0 with size 8
17:09:55.969 > DATA:46 b3f0
17:10:07.591 > [927596][V][LoraMesher.cpp:378] receivingRoutine(): [LoRaMesher] Stack space unused after entering the task: 2032
17:10:07.601 > [927606][V][LoraMesher.cpp:379] receivingRoutine(): [LoRaMesher] Free heap: 335912
17:10:07.609 > [927613][I][PacketService.cpp:12] createEmptyPacket(): [LoRaMesher] Packet created with 17 bytes
17:10:07.618 > [927622][I][LoraMesher.cpp:392] receivingRoutine(): [LoRaMesher] Receiving LoRa packet: Size: 17 bytes RSSI: -68 SNR: 8
17:10:07.629 > [927633][V][LoraMesher.cpp:647] processPackets(): [LoRaMesher] Size of Received Packets Queue: 1
17:10:07.638 > [927642][V][LoraMesher.cpp:754] printHeaderPacket(): [LoRaMesher] Packet received -- Size: 17 Src: C998 Dst: D110 Id: 40 Type: 2 Via: D110 Seq_Id: 0 Num: 0
17:10:07.651 > [927656][I][LoraMesher.cpp:854] processDataPacket(): [LoRaMesher] Data packet from C998, destination D110, via D110
17:10:07.661 > [927666][V][LoraMesher.cpp:857] processDataPacket(): [LoRaMesher] Data packet from C998 for me
17:10:07.670 > [927674][V][LoraMesher.cpp:893] processDataPacketForMe(): [LoRaMesher] Data Packet received
17:10:07.678 > [927682][I][PacketQueueService.h:80] deleteQueuePacketAndPacket(): [LoRaMesher] Deleting packet
17:10:07.686 > [927691][I][PacketQueueService.h:83] deleteQueuePacketAndPacket(): [LoRaMesher] Deleting packet queue
17:10:07.696 > [927700][V][LoraMesher.cpp:641] processPackets(): [LoRaMesher] Stack space unused after entering the task: 2024
17:10:07.705 > [927710][V][LoraMesher.cpp:642] processPackets(): [LoRaMesher] Free heap: 335852
17:10:07.876 > ReceivedUserData_TaskHandle notify received
17:10:07.881 > Queue receiveUserData size: 1
17:10:07.884 > Packet arrived from C998 with size 8
17:10:07.887 > DATA:34 c998
17:10:13.122 > [933127][V][LoraMesher.cpp:378] receivingRoutine(): [LoRaMesher] Stack space unused after entering the task: 2032
17:10:13.132 > [933137][V][LoraMesher.cpp:379] receivingRoutine(): [LoRaMesher] Free heap: 335912
17:10:13.140 > [933144][I][PacketService.cpp:12] createEmptyPacket(): [LoRaMesher] Packet created with 17 bytes
17:10:13.149 > [933153][I][LoraMesher.cpp:392] receivingRoutine(): [LoRaMesher] Receiving LoRa packet: Size: 17 bytes RSSI: -26 SNR: 13
17:10:13.160 > [933164][V][LoraMesher.cpp:647] processPackets(): [LoRaMesher] Size of Received Packets Queue: 1
17:10:13.169 > [933173][V][LoraMesher.cpp:754] printHeaderPacket(): [LoRaMesher] Packet received -- Size: 17 Src: F02C Dst: D110 Id: 55 Type: 2 Via: D110 Seq_Id: 0 Num: 0
17:10:13.182 > [933187][I][LoraMesher.cpp:854] processDataPacket(): [LoRaMesher] Data packet from F02C, destination D110, via D110
17:10:13.193 > [933197][V][LoraMesher.cpp:857] processDataPacket(): [LoRaMesher] Data packet from F02C for me
17:10:13.201 > [933205][V][LoraMesher.cpp:893] processDataPacketForMe(): [LoRaMesher] Data Packet received
17:10:13.209 > [933214][I][PacketQueueService.h:80] deleteQueuePacketAndPacket(): [LoRaMesher] Deleting packet
17:10:13.218 > [933222][I][PacketQueueService.h:83] deleteQueuePacketAndPacket(): [LoRaMesher] Deleting packet queue
17:10:13.227 > [933231][V][LoraMesher.cpp:641] processPackets(): [LoRaMesher] Stack space unused after entering the task: 2024
17:10:13.237 > [933241][V][LoraMesher.cpp:642] processPackets(): [LoRaMesher] Free heap: 335852
17:10:13.408 > ReceivedUserData_TaskHandle notify received
17:10:13.413 > Queue receiveUserData size: 1
17:10:13.416 > Packet arrived from F02C with size 8
17:10:13.419 > DATA:47 f02c
17:10:13.615 > [933620][V][LoraMesher.cpp:378] receivingRoutine(): [LoRaMesher] Stack space unused after entering the task: 2032
17:10:13.626 > [933630][V][LoraMesher.cpp:379] receivingRoutine(): [LoRaMesher] Free heap: 335912
17:10:13.633 > [933638][I][PacketService.cpp:12] createEmptyPacket(): [LoRaMesher] Packet created with 17 bytes
17:10:13.642 > [933646][I][LoraMesher.cpp:392] receivingRoutine(): [LoRaMesher] Receiving LoRa packet: Size: 17 bytes RSSI: -29 SNR: 13
17:10:13.653 > [933658][V][LoraMesher.cpp:647] processPackets(): [LoRaMesher] Size of Received Packets Queue: 1
17:10:13.662 > [933666][V][LoraMesher.cpp:754] printHeaderPacket(): [LoRaMesher] Packet received -- Size: 17 Src: DE6C Dst: D110 Id: 55 Type: 2 Via: D110 Seq_Id: 0 Num: 0
17:10:13.676 > [933680][I][LoraMesher.cpp:854] processDataPacket(): [LoRaMesher] Data packet from DE6C, destination D110, via D110
17:10:13.686 > [933690][V][LoraMesher.cpp:857] processDataPacket(): [LoRaMesher] Data packet from DE6C for me
17:10:13.694 > [933699][V][LoraMesher.cpp:893] processDataPacketForMe(): [LoRaMesher] Data Packet received
17:10:13.702 > [933707][I][PacketQueueService.h:80] deleteQueuePacketAndPacket(): [LoRaMesher] Deleting packet
17:10:13.711 > [933715][I][PacketQueueService.h:83] deleteQueuePacketAndPacket(): [LoRaMesher] Deleting packet queue
17:10:13.720 > [933724][V][LoraMesher.cpp:641] processPackets(): [LoRaMesher] Stack space unused after entering the task: 2024
17:10:13.730 > [933734][V][LoraMesher.cpp:642] processPackets(): [LoRaMesher] Free heap: 335852
17:10:13.901 > ReceivedUserData_TaskHandle notify received
17:10:13.906 > Queue receiveUserData size: 1
17:10:13.909 > Packet arrived from DE6C with size 8
17:10:13.912 > DATA:47 de6c
17:10:14.839 > [934844][V][LoraMesher.cpp:378] receivingRoutine(): [LoRaMesher] Stack space unused after entering the task: 2032
17:10:14.850 > [934854][V][LoraMesher.cpp:379] receivingRoutine(): [LoRaMesher] Free heap: 335912
17:10:14.857 > [934862][I][PacketService.cpp:12] createEmptyPacket(): [LoRaMesher] Packet created with 17 bytes
17:10:14.866 > [934871][I][LoraMesher.cpp:392] receivingRoutine(): [LoRaMesher] Receiving LoRa packet: Size: 17 bytes RSSI: 0 SNR: 13
17:10:14.877 > [934882][V][LoraMesher.cpp:647] processPackets(): [LoRaMesher] Size of Received Packets Queue: 1
17:10:14.886 > [934890][V][LoraMesher.cpp:754] printHeaderPacket(): [LoRaMesher] Packet received -- Size: 17 Src: B3F0 Dst: D110 Id: 55 Type: 2 Via: D110 Seq_Id: 0 Num: 0
17:10:14.900 > [934904][I][LoraMesher.cpp:854] processDataPacket(): [LoRaMesher] Data packet from B3F0, destination D110, via D110
17:10:14.910 > [934914][V][LoraMesher.cpp:857] processDataPacket(): [LoRaMesher] Data packet from B3F0 for me
17:10:14.918 > [934923][V][LoraMesher.cpp:893] processDataPacketForMe(): [LoRaMesher] Data Packet received
17:10:14.926 > [934931][I][PacketQueueService.h:80] deleteQueuePacketAndPacket(): [LoRaMesher] Deleting packet
17:10:14.935 > [934939][I][PacketQueueService.h:83] deleteQueuePacketAndPacket(): [LoRaMesher] Deleting packet queue
17:10:14.944 > [934948][V][LoraMesher.cpp:641] processPackets(): [LoRaMesher] Stack space unused after entering the task: 2024
17:10:14.954 > [934958][V][LoraMesher.cpp:642] processPackets(): [LoRaMesher] Free heap: 335852
17:10:15.125 > ReceivedUserData_TaskHandle notify received
17:10:15.130 > Queue receiveUserData size: 1
17:10:15.133 > Packet arrived from B3F0 with size 8
17:10:15.136 > DATA:47 b3f0
17:10:28.155 > [948161][V][LoraMesher.cpp:378] receivingRoutine(): [LoRaMesher] Stack space unused after entering the task: 2032
17:10:28.166 > [948171][V][LoraMesher.cpp:379] receivingRoutine(): [LoRaMesher] Free heap: 335912
17:10:28.174 > [948178][I][PacketService.cpp:12] createEmptyPacket(): [LoRaMesher] Packet created with 17 bytes
17:10:28.182 > [948187][I][LoraMesher.cpp:392] receivingRoutine(): [LoRaMesher] Receiving LoRa packet: Size: 17 bytes RSSI: -67 SNR: 7
17:10:28.194 > [948198][V][LoraMesher.cpp:647] processPackets(): [LoRaMesher] Size of Received Packets Queue: 1
17:10:28.202 > [948207][V][LoraMesher.cpp:754] printHeaderPacket(): [LoRaMesher] Packet received -- Size: 17 Src: C998 Dst: D110 Id: 41 Type: 2 Via: D110 Seq_Id: 0 Num: 0
17:10:28.216 > [948221][I][LoraMesher.cpp:854] processDataPacket(): [LoRaMesher] Data packet from C998, destination D110, via D110
17:10:28.226 > [948231][V][LoraMesher.cpp:857] processDataPacket(): [LoRaMesher] Data packet from C998 for me
17:10:28.235 > [948239][V][LoraMesher.cpp:893] processDataPacketForMe(): [LoRaMesher] Data Packet received
17:10:28.243 > [948247][I][PacketQueueService.h:80] deleteQueuePacketAndPacket(): [LoRaMesher] Deleting packet
17:10:28.251 > [948256][I][PacketQueueService.h:83] deleteQueuePacketAndPacket(): [LoRaMesher] Deleting packet queue
17:10:28.260 > [948265][V][LoraMesher.cpp:641] processPackets(): [LoRaMesher] Stack space unused after entering the task: 2024
17:10:28.270 > [948275][V][LoraMesher.cpp:642] processPackets(): [LoRaMesher] Free heap: 335852
17:10:28.441 > ReceivedUserData_TaskHandle notify received
17:10:28.446 > Queue receiveUserData size: 1
17:10:28.448 > Packet arrived from C998 with size 8
17:10:28.452 > DATA:35 c998
17:10:31.100 > [951106][V][LoraMesher.cpp:378] receivingRoutine(): [LoRaMesher] Stack space unused after entering the task: 2032
17:10:31.111 > [951116][V][LoraMesher.cpp:379] receivingRoutine(): [LoRaMesher] Free heap: 335912
17:10:31.119 > [951123][I][PacketService.cpp:12] createEmptyPacket(): [LoRaMesher] Packet created with 24 bytes
17:10:31.127 > [951132][I][LoraMesher.cpp:392] receivingRoutine(): [LoRaMesher] Receiving LoRa packet: Size: 24 bytes RSSI: -26 SNR: 13
17:10:31.139 > [951143][V][LoraMesher.cpp:647] processPackets(): [LoRaMesher] Size of Received Packets Queue: 1
17:10:31.147 > [951152][V][LoraMesher.cpp:754] printHeaderPacket(): [LoRaMesher] Packet received -- Size: 24 Src: F02C Dst: FFFF Id: 56 Type: 4 Via: 0 Seq_Id: 0 Num: 0
17:10:31.161 > [951166][I][RoutingTableService.cpp:77] processRoute(): [LoRaMesher] Route packet from F02C with size 4
17:10:31.170 > [951175][I][RoutingTableService.cpp:99] resetReceiveSNRRoutePacket(): [LoRaMesher] Reset Receive SNR from F02C: 13
17:10:31.180 > [951185][I][RoutingTableService.cpp:192] printRoutingTable(): [LoRaMesher] Current routing table:
17:10:31.189 > [951194][I][RoutingTableService.cpp:206] printRoutingTable(): [LoRaMesher] 0 - B3F0 via B3F0 metric 1 Role 0
17:10:31.199 > [951203][I][RoutingTableService.cpp:206] printRoutingTable(): [LoRaMesher] 1 - F02C via F02C metric 1 Role 0
17:10:31.208 > [951213][I][RoutingTableService.cpp:206] printRoutingTable(): [LoRaMesher] 2 - DE6C via DE6C metric 1 Role 0
17:10:31.218 > [951223][I][RoutingTableService.cpp:206] printRoutingTable(): [LoRaMesher] 3 - C998 via C998 metric 1 Role 0
17:10:31.227 > [951232][I][PacketQueueService.h:80] deleteQueuePacketAndPacket(): [LoRaMesher] Deleting packet
17:10:31.236 > [951241][I][PacketQueueService.h:83] deleteQueuePacketAndPacket(): [LoRaMesher] Deleting packet queue
17:10:31.245 > [951250][V][LoraMesher.cpp:641] processPackets(): [LoRaMesher] Stack space unused after entering the task: 2024
17:10:31.255 > [951260][V][LoraMesher.cpp:642] processPackets(): [LoRaMesher] Free heap: 335912
17:10:32.340 > [952345][V][LoraMesher.cpp:378] receivingRoutine(): [LoRaMesher] Stack space unused after entering the task: 2032
17:10:32.351 > [952355][V][LoraMesher.cpp:379] receivingRoutine(): [LoRaMesher] Free heap: 335912
17:10:32.358 > [952363][I][PacketService.cpp:12] createEmptyPacket(): [LoRaMesher] Packet created with 24 bytes
17:10:32.367 > [952372][I][LoraMesher.cpp:392] receivingRoutine(): [LoRaMesher] Receiving LoRa packet: Size: 24 bytes RSSI: 0 SNR: 13
17:10:32.378 > [952383][V][LoraMesher.cpp:647] processPackets(): [LoRaMesher] Size of Received Packets Queue: 1
17:10:32.387 > [952391][V][LoraMesher.cpp:754] printHeaderPacket(): [LoRaMesher] Packet received -- Size: 24 Src: B3F0 Dst: FFFF Id: 56 Type: 4 Via: 0 Seq_Id: 0 Num: 0
17:10:32.400 > [952405][I][RoutingTableService.cpp:77] processRoute(): [LoRaMesher] Route packet from B3F0 with size 4
17:10:32.409 > [952414][I][RoutingTableService.cpp:99] resetReceiveSNRRoutePacket(): [LoRaMesher] Reset Receive SNR from B3F0: 13
17:10:32.420 > [952424][I][RoutingTableService.cpp:192] printRoutingTable(): [LoRaMesher] Current routing table:
17:10:32.428 > [952433][I][RoutingTableService.cpp:206] printRoutingTable(): [LoRaMesher] 0 - B3F0 via B3F0 metric 1 Role 0
17:10:32.438 > [952443][I][RoutingTableService.cpp:206] printRoutingTable(): [LoRaMesher] 1 - F02C via F02C metric 1 Role 0
17:10:32.448 > [952452][I][RoutingTableService.cpp:206] printRoutingTable(): [LoRaMesher] 2 - DE6C via DE6C metric 1 Role 0
17:10:32.457 > [952462][I][RoutingTableService.cpp:206] printRoutingTable(): [LoRaMesher] 3 - C998 via C998 metric 1 Role 0
17:10:32.467 > [952472][I][PacketQueueService.h:80] deleteQueuePacketAndPacket(): [LoRaMesher] Deleting packet
17:10:32.475 > [952480][I][PacketQueueService.h:83] deleteQueuePacketAndPacket(): [LoRaMesher] Deleting packet queue
17:10:32.484 > [952489][V][LoraMesher.cpp:641] processPackets(): [LoRaMesher] Stack space unused after entering the task: 2024
17:10:32.494 > [952499][V][LoraMesher.cpp:642] processPackets(): [LoRaMesher] Free heap: 335912
17:10:33.167 > [953173][V][LoraMesher.cpp:378] receivingRoutine(): [LoRaMesher] Stack space unused after entering the task: 2032
17:10:33.178 > [953183][V][LoraMesher.cpp:379] receivingRoutine(): [LoRaMesher] Free heap: 335912
17:10:33.185 > [953190][I][PacketService.cpp:12] createEmptyPacket(): [LoRaMesher] Packet created with 17 bytes
17:10:33.194 > [953199][I][LoraMesher.cpp:392] receivingRoutine(): [LoRaMesher] Receiving LoRa packet: Size: 17 bytes RSSI: -25 SNR: 13
17:10:33.206 > [953210][V][LoraMesher.cpp:647] processPackets(): [LoRaMesher] Size of Received Packets Queue: 1
17:10:33.214 > [953219][V][LoraMesher.cpp:754] printHeaderPacket(): [LoRaMesher] Packet received -- Size: 17 Src: F02C Dst: D110 Id: 57 Type: 2 Via: D110 Seq_Id: 0 Num: 0
17:10:33.228 > [953233][I][LoraMesher.cpp:854] processDataPacket(): [LoRaMesher] Data packet from F02C, destination D110, via D110
17:10:33.238 > [953243][V][LoraMesher.cpp:857] processDataPacket(): [LoRaMesher] Data packet from F02C for me
17:10:33.247 > [953251][V][LoraMesher.cpp:893] processDataPacketForMe(): [LoRaMesher] Data Packet received
17:10:33.255 > [953259][I][PacketQueueService.h:80] deleteQueuePacketAndPacket(): [LoRaMesher] Deleting packet
17:10:33.263 > [953268][I][PacketQueueService.h:83] deleteQueuePacketAndPacket(): [LoRaMesher] Deleting packet queue
17:10:33.272 > [953277][V][LoraMesher.cpp:641] processPackets(): [LoRaMesher] Stack space unused after entering the task: 2024
17:10:33.282 > [953287][V][LoraMesher.cpp:642] processPackets(): [LoRaMesher] Free heap: 335852
17:10:33.453 > ReceivedUserData_TaskHandle notify received
17:10:33.458 > Queue receiveUserData size: 1
17:10:33.460 > Packet arrived from F02C with size 8
17:10:33.463 > DATA:48 f02c
17:10:34.984 > [954989][V][LoraMesher.cpp:378] receivingRoutine(): [LoRaMesher] Stack space unused after entering the task: 2032
17:10:34.995 > [955000][V][LoraMesher.cpp:379] receivingRoutine(): [LoRaMesher] Free heap: 335912
17:10:35.002 > [955007][I][PacketService.cpp:12] createEmptyPacket(): [LoRaMesher] Packet created with 17 bytes
17:10:35.011 > [955016][I][LoraMesher.cpp:392] receivingRoutine(): [LoRaMesher] Receiving LoRa packet: Size: 17 bytes RSSI: -28 SNR: 12
17:10:35.022 > [955027][V][LoraMesher.cpp:647] processPackets(): [LoRaMesher] Size of Received Packets Queue: 1
17:10:35.031 > [955036][V][LoraMesher.cpp:754] printHeaderPacket(): [LoRaMesher] Packet received -- Size: 17 Src: DE6C Dst: D110 Id: 57 Type: 2 Via: D110 Seq_Id: 0 Num: 0
17:10:35.045 > [955050][I][LoraMesher.cpp:854] processDataPacket(): [LoRaMesher] Data packet from DE6C, destination D110, via D110
17:10:35.055 > [955060][V][LoraMesher.cpp:857] processDataPacket(): [LoRaMesher] Data packet from DE6C for me
17:10:35.063 > [955068][V][LoraMesher.cpp:893] processDataPacketForMe(): [LoRaMesher] Data Packet received
17:10:35.071 > [955076][I][PacketQueueService.h:80] deleteQueuePacketAndPacket(): [LoRaMesher] Deleting packet
17:10:35.080 > [955085][I][PacketQueueService.h:83] deleteQueuePacketAndPacket(): [LoRaMesher] Deleting packet queue
17:10:35.089 > [955094][V][LoraMesher.cpp:641] processPackets(): [LoRaMesher] Stack space unused after entering the task: 2024
17:10:35.099 > [955104][V][LoraMesher.cpp:642] processPackets(): [LoRaMesher] Free heap: 335852
17:10:35.270 > ReceivedUserData_TaskHandle notify received
17:10:35.275 > Queue receiveUserData size: 1
17:10:35.277 > Packet arrived from DE6C with size 8
17:10:35.280 > DATA:48 de6c
17:10:36.206 > [956211][V][LoraMesher.cpp:378] receivingRoutine(): [LoRaMesher] Stack space unused after entering the task: 2032
17:10:36.216 > [956221][V][LoraMesher.cpp:379] receivingRoutine(): [LoRaMesher] Free heap: 335912
17:10:36.224 > [956229][I][PacketService.cpp:12] createEmptyPacket(): [LoRaMesher] Packet created with 17 bytes
17:10:36.233 > [956238][I][LoraMesher.cpp:392] receivingRoutine(): [LoRaMesher] Receiving LoRa packet: Size: 17 bytes RSSI: 0 SNR: 13
17:10:36.244 > [956249][V][LoraMesher.cpp:647] processPackets(): [LoRaMesher] Size of Received Packets Queue: 1
17:10:36.253 > [956257][V][LoraMesher.cpp:754] printHeaderPacket(): [LoRaMesher] Packet received -- Size: 17 Src: B3F0 Dst: D110 Id: 57 Type: 2 Via: D110 Seq_Id: 0 Num: 0
17:10:36.266 > [956271][I][LoraMesher.cpp:854] processDataPacket(): [LoRaMesher] Data packet from B3F0, destination D110, via D110
17:10:36.277 > [956281][V][LoraMesher.cpp:857] processDataPacket(): [LoRaMesher] Data packet from B3F0 for me
17:10:36.285 > [956290][V][LoraMesher.cpp:893] processDataPacketForMe(): [LoRaMesher] Data Packet received
17:10:36.293 > [956298][I][PacketQueueService.h:80] deleteQueuePacketAndPacket(): [LoRaMesher] Deleting packet
17:10:36.302 > [956306][I][PacketQueueService.h:83] deleteQueuePacketAndPacket(): [LoRaMesher] Deleting packet queue
17:10:36.311 > [956315][V][LoraMesher.cpp:641] processPackets(): [LoRaMesher] Stack space unused after entering the task: 2024
17:10:36.321 > [956325][V][LoraMesher.cpp:642] processPackets(): [LoRaMesher] Free heap: 335852
17:10:36.492 > ReceivedUserData_TaskHandle notify received
17:10:36.497 > Queue receiveUserData size: 1
17:10:36.499 > Packet arrived from B3F0 with size 8
17:10:36.502 > DATA:48 b3f0
17:10:46.767 > [966773][V][LoraMesher.cpp:378] receivingRoutine(): [LoRaMesher] Stack space unused after entering the task: 2032
17:10:46.778 > [966783][V][LoraMesher.cpp:379] receivingRoutine(): [LoRaMesher] Free heap: 335912
17:10:46.785 > [966790][I][PacketService.cpp:12] createEmptyPacket(): [LoRaMesher] Packet created with 24 bytes
17:10:46.794 > [966799][I][LoraMesher.cpp:392] receivingRoutine(): [LoRaMesher] Receiving LoRa packet: Size: 24 bytes RSSI: -68 SNR: 8
17:10:46.805 > [966810][V][LoraMesher.cpp:647] processPackets(): [LoRaMesher] Size of Received Packets Queue: 1
17:10:46.815 > [966819][V][LoraMesher.cpp:754] printHeaderPacket(): [LoRaMesher] Packet received -- Size: 24 Src: C998 Dst: FFFF Id: 42 Type: 4 Via: 0 Seq_Id: 0 Num: 0
17:10:46.828 > [966833][I][RoutingTableService.cpp:77] processRoute(): [LoRaMesher] Route packet from C998 with size 4
17:10:46.837 > [966842][I][RoutingTableService.cpp:99] resetReceiveSNRRoutePacket(): [LoRaMesher] Reset Receive SNR from C998: 8
17:10:46.847 > [966852][I][RoutingTableService.cpp:192] printRoutingTable(): [LoRaMesher] Current routing table:
17:10:46.856 > [966861][I][RoutingTableService.cpp:206] printRoutingTable(): [LoRaMesher] 0 - B3F0 via B3F0 metric 1 Role 0
17:10:46.865 > [966870][I][RoutingTableService.cpp:206] printRoutingTable(): [LoRaMesher] 1 - F02C via F02C metric 1 Role 0
17:10:46.875 > [966880][I][RoutingTableService.cpp:206] printRoutingTable(): [LoRaMesher] 2 - DE6C via DE6C metric 1 Role 0
17:10:46.884 > [966889][I][RoutingTableService.cpp:206] printRoutingTable(): [LoRaMesher] 3 - C998 via C998 metric 1 Role 0
17:10:46.894 > [966899][I][PacketQueueService.h:80] deleteQueuePacketAndPacket(): [LoRaMesher] Deleting packet
17:10:46.903 > [966908][I][PacketQueueService.h:83] deleteQueuePacketAndPacket(): [LoRaMesher] Deleting packet queue
17:10:46.912 > [966917][V][LoraMesher.cpp:641] processPackets(): [LoRaMesher] Stack space unused after entering the task: 2024
17:10:46.922 > [966927][V][LoraMesher.cpp:642] processPackets(): [LoRaMesher] Free heap: 335912
17:10:48.416 > [968422][V][LoraMesher.cpp:598] sendHelloPacket(): [LoRaMesher] Creating Routing Packet
17:10:48.424 > [968427][V][LoraMesher.cpp:378] receivingRoutine(): [LoRaMesher] Stack space unused after entering the task: 2032
17:10:48.434 > [968439][V][LoraMesher.cpp:379] receivingRoutine(): [LoRaMesher] Free heap: 335912
17:10:48.442 > [968439][V][LoraMesher.cpp:599] sendHelloPacket(): [LoRaMesher] Stack space unused after entering the task: 2328
17:10:48.452 > [968457][V][LoraMesher.cpp:600] sendHelloPacket(): [LoRaMesher] Free heap: 335912
17:10:48.460 > [968457][I][PacketService.cpp:12] createEmptyPacket(): [LoRaMesher] Packet created with 17 bytes
17:10:48.467 > [968472][V][PacketFactory.h:45] createPacket(): [LoRaMesher] Creating packet with 24 bytes
17:10:48.475 > [968473][I][LoraMesher.cpp:392] receivingRoutine(): [LoRaMesher] Receiving LoRa packet: Size: 17 bytes RSSI: -68 SNR: 7
17:10:48.486 > [968491][I][PacketFactory.h:74] createPacket(): [LoRaMesher] Packet created with 24 bytes
17:10:48.494 > [968499][I][LoraMesher.h:659] setPackedForSend(): [LoRaMesher] Adding packet to Q_SP
17:10:48.501 > [968507][I][LoraMesher.h:661] setPackedForSend(): [LoRaMesher] Created packet to Q_SP
17:10:48.509 > [968514][I][LoraMesher.cpp:1061] addToSendOrderedAndNotify(): [LoRaMesher] Added packet to Q_SP, notifying sender task
17:10:48.520 > [968525][V][LoraMesher.cpp:511] sendPackets(): [LoRaMesher] Stack space unused after entering the task: 2244
17:10:48.529 > [968534][V][LoraMesher.cpp:512] sendPackets(): [LoRaMesher] Free heap: 335716
17:10:48.536 > [968541][V][LoraMesher.cpp:518] sendPackets(): [LoRaMesher] Size of Send Packets Queue: 1
17:10:48.544 > [968549][V][LoraMesher.cpp:525] sendPackets(): [LoRaMesher] Send n. 8
17:10:48.550 > [968556][V][LoraMesher.cpp:455] waitBeforeSend(): [LoRaMesher] RandomDelay 254 ms
17:10:48.558 > [968563][V][LoraMesher.cpp:647] processPackets(): [LoRaMesher] Size of Received Packets Queue: 1
17:10:48.566 > [968571][V][LoraMesher.cpp:754] printHeaderPacket(): [LoRaMesher] Packet received -- Size: 17 Src: C998 Dst: D110 Id: 43 Type: 2 Via: D110 Seq_Id: 0 Num: 0
17:10:48.580 > [968585][I][LoraMesher.cpp:854] processDataPacket(): [LoRaMesher] Data packet from C998, destination D110, via D110
17:10:48.590 > [968595][V][LoraMesher.cpp:857] processDataPacket(): [LoRaMesher] Data packet from C998 for me
17:10:48.599 > [968604][V][LoraMesher.cpp:893] processDataPacketForMe(): [LoRaMesher] Data Packet received
17:10:48.607 > [968612][I][PacketQueueService.h:80] deleteQueuePacketAndPacket(): [LoRaMesher] Deleting packet
17:10:48.615 > [968620][I][PacketQueueService.h:83] deleteQueuePacketAndPacket(): [LoRaMesher] Deleting packet queue
17:10:48.625 > [968629][V][LoraMesher.cpp:641] processPackets(): [LoRaMesher] Stack space unused after entering the task: 2024
17:10:48.634 > [968639][V][LoraMesher.cpp:642] processPackets(): [LoRaMesher] Free heap: 335768
17:10:48.806 > ReceivedUserData_TaskHandle notify received
17:10:48.810 > Queue receiveUserData size: 1
17:10:48.813 > Packet arrived from C998 with size 8
17:10:48.816 > DATA:36 c998
17:10:48.817 > [968817][V][LoraMesher.cpp:754] printHeaderPacket(): [LoRaMesher] Packet send -- Size: 24 Src: D110 Dst: FFFF Id: 9 Type: 4 Via: 0 Seq_Id: 0 Num: 0
17:10:48.921 > [968926][V][LoraMesher.cpp:575] sendPackets(): [LoRaMesher] TimeOnAir 78 ms, next message in 0 ms
17:10:48.930 > [968935][I][PacketQueueService.h:80] deleteQueuePacketAndPacket(): [LoRaMesher] Deleting packet
17:10:48.939 > [968944][I][PacketQueueService.h:83] deleteQueuePacketAndPacket(): [LoRaMesher] Deleting packet queue
17:10:53.210 > [973216][V][LoraMesher.cpp:378] receivingRoutine(): [LoRaMesher] Stack space unused after entering the task: 2032
17:10:53.221 > [973226][V][LoraMesher.cpp:379] receivingRoutine(): [LoRaMesher] Free heap: 335912
17:10:53.229 > [973234][I][PacketService.cpp:12] createEmptyPacket(): [LoRaMesher] Packet created with 17 bytes
17:10:53.237 > [973242][I][LoraMesher.cpp:392] receivingRoutine(): [LoRaMesher] Receiving LoRa packet: Size: 17 bytes RSSI: -25 SNR: 13
17:10:53.249 > [973254][V][LoraMesher.cpp:647] processPackets(): [LoRaMesher] Size of Received Packets Queue: 1
17:10:53.257 > [973262][V][LoraMesher.cpp:754] printHeaderPacket(): [LoRaMesher] Packet received -- Size: 17 Src: DE6C Dst: D110 Id: 58 Type: 2 Via: D110 Seq_Id: 0 Num: 0
17:10:53.271 > [973276][I][LoraMesher.cpp:854] processDataPacket(): [LoRaMesher] Data packet from DE6C, destination D110, via D110
17:10:53.281 > [973286][V][LoraMesher.cpp:857] processDataPacket(): [LoRaMesher] Data packet from DE6C for me
17:10:53.290 > [973295][V][LoraMesher.cpp:893] processDataPacketForMe(): [LoRaMesher] Data Packet received
17:10:53.298 > [973303][I][PacketQueueService.h:80] deleteQueuePacketAndPacket(): [LoRaMesher] Deleting packet
17:10:53.306 > [973311][I][PacketQueueService.h:83] deleteQueuePacketAndPacket(): [LoRaMesher] Deleting packet queue
17:10:53.315 > [973320][V][LoraMesher.cpp:641] processPackets(): [LoRaMesher] Stack space unused after entering the task: 2024
17:10:53.325 > [973330][V][LoraMesher.cpp:642] processPackets(): [LoRaMesher] Free heap: 335852
17:10:53.497 > ReceivedUserData_TaskHandle notify received
17:10:53.501 > Queue receiveUserData size: 1
17:10:53.504 > Packet arrived from DE6C with size 8
17:10:53.507 > DATA:49 de6c
17:10:54.760 > [974765][V][LoraMesher.cpp:378] receivingRoutine(): [LoRaMesher] Stack space unused after entering the task: 2032
17:10:54.770 > [974776][V][LoraMesher.cpp:379] receivingRoutine(): [LoRaMesher] Free heap: 335912
17:10:54.778 > [974783][I][PacketService.cpp:12] createEmptyPacket(): [LoRaMesher] Packet created with 17 bytes
17:10:54.787 > [974792][I][LoraMesher.cpp:392] receivingRoutine(): [LoRaMesher] Receiving LoRa packet: Size: 17 bytes RSSI: -30 SNR: 13
17:10:54.798 > [974803][V][LoraMesher.cpp:647] processPackets(): [LoRaMesher] Size of Received Packets Queue: 1
17:10:54.807 > [974812][V][LoraMesher.cpp:754] printHeaderPacket(): [LoRaMesher] Packet received -- Size: 17 Src: F02C Dst: D110 Id: 58 Type: 2 Via: D110 Seq_Id: 0 Num: 0
17:10:54.820 > [974826][I][LoraMesher.cpp:854] processDataPacket(): [LoRaMesher] Data packet from F02C, destination D110, via D110
17:10:54.831 > [974836][V][LoraMesher.cpp:857] processDataPacket(): [LoRaMesher] Data packet from F02C for me
17:10:54.839 > [974844][V][LoraMesher.cpp:893] processDataPacketForMe(): [LoRaMesher] Data Packet received
17:10:54.847 > [974852][I][PacketQueueService.h:80] deleteQueuePacketAndPacket(): [LoRaMesher] Deleting packet
17:10:54.856 > [974861][I][PacketQueueService.h:83] deleteQueuePacketAndPacket(): [LoRaMesher] Deleting packet queue
17:10:54.865 > [974870][V][LoraMesher.cpp:641] processPackets(): [LoRaMesher] Stack space unused after entering the task: 2024
17:10:54.875 > [974880][V][LoraMesher.cpp:642] processPackets(): [LoRaMesher] Free heap: 335852
17:10:55.046 > ReceivedUserData_TaskHandle notify received
17:10:55.050 > Queue receiveUserData size: 1
17:10:55.053 > Packet arrived from F02C with size 8
17:10:55.056 > DATA:49 f02c
17:10:56.114 > [976120][V][LoraMesher.cpp:378] receivingRoutine(): [LoRaMesher] Stack space unused after entering the task: 2032
17:10:56.125 > [976130][V][LoraMesher.cpp:379] receivingRoutine(): [LoRaMesher] Free heap: 335912
17:10:56.133 > [976138][I][PacketService.cpp:12] createEmptyPacket(): [LoRaMesher] Packet created with 17 bytes
17:10:56.141 > [976147][I][LoraMesher.cpp:392] receivingRoutine(): [LoRaMesher] Receiving LoRa packet: Size: 17 bytes RSSI: 0 SNR: 13
17:10:56.152 > [976158][V][LoraMesher.cpp:647] processPackets(): [LoRaMesher] Size of Received Packets Queue: 1
17:10:56.161 > [976166][V][LoraMesher.cpp:754] printHeaderPacket(): [LoRaMesher] Packet received -- Size: 17 Src: B3F0 Dst: D110 Id: 58 Type: 2 Via: D110 Seq_Id: 0 Num: 0
17:10:56.175 > [976180][I][LoraMesher.cpp:854] processDataPacket(): [LoRaMesher] Data packet from B3F0, destination D110, via D110
17:10:56.185 > [976190][V][LoraMesher.cpp:857] processDataPacket(): [LoRaMesher] Data packet from B3F0 for me
17:10:56.193 > [976199][V][LoraMesher.cpp:893] processDataPacketForMe(): [LoRaMesher] Data Packet received
17:10:56.202 > [976207][I][PacketQueueService.h:80] deleteQueuePacketAndPacket(): [LoRaMesher] Deleting packet
17:10:56.210 > [976215][I][PacketQueueService.h:83] deleteQueuePacketAndPacket(): [LoRaMesher] Deleting packet queue
17:10:56.219 > [976224][V][LoraMesher.cpp:641] processPackets(): [LoRaMesher] Stack space unused after entering the task: 2024
17:10:56.229 > [976234][V][LoraMesher.cpp:642] processPackets(): [LoRaMesher] Free heap: 335852
17:10:56.401 > ReceivedUserData_TaskHandle notify received
17:10:56.419 > Queue receiveUserData size: 1
17:10:56.419 > Packet arrived from B3F0 with size 8
17:10:56.419 > DATA:49 b3f0
17:11:07.893 > [987899][V][LoraMesher.cpp:378] receivingRoutine(): [LoRaMesher] Stack space unused after entering the task: 2032
17:11:07.904 > [987909][V][LoraMesher.cpp:379] receivingRoutine(): [LoRaMesher] Free heap: 335912
17:11:07.911 > [987916][I][PacketService.cpp:12] createEmptyPacket(): [LoRaMesher] Packet created with 17 bytes
17:11:07.920 > [987925][I][LoraMesher.cpp:392] receivingRoutine(): [LoRaMesher] Receiving LoRa packet: Size: 17 bytes RSSI: -67 SNR: 8
17:11:07.931 > [987936][V][LoraMesher.cpp:647] processPackets(): [LoRaMesher] Size of Received Packets Queue: 1
17:11:07.940 > [987945][V][LoraMesher.cpp:754] printHeaderPacket(): [LoRaMesher] Packet received -- Size: 17 Src: C998 Dst: D110 Id: 44 Type: 2 Via: D110 Seq_Id: 0 Num: 0
17:11:07.953 > [987959][I][LoraMesher.cpp:854] processDataPacket(): [LoRaMesher] Data packet from C998, destination D110, via D110
17:11:07.964 > [987969][V][LoraMesher.cpp:857] processDataPacket(): [LoRaMesher] Data packet from C998 for me
17:11:07.972 > [987977][V][LoraMesher.cpp:893] processDataPacketForMe(): [LoRaMesher] Data Packet received
17:11:07.980 > [987986][I][PacketQueueService.h:80] deleteQueuePacketAndPacket(): [LoRaMesher] Deleting packet
17:11:07.989 > [987994][I][PacketQueueService.h:83] deleteQueuePacketAndPacket(): [LoRaMesher] Deleting packet queue
17:11:07.998 > [988003][V][LoraMesher.cpp:641] processPackets(): [LoRaMesher] Stack space unused after entering the task: 2024
17:11:08.008 > [988013][V][LoraMesher.cpp:642] processPackets(): [LoRaMesher] Free heap: 335852
17:11:08.180 > ReceivedUserData_TaskHandle notify received
17:11:08.184 > Queue receiveUserData size: 1
17:11:08.187 > Packet arrived from C998 with size 8
17:11:08.190 > DATA:37 c998
17:11:13.485 > [993491][V][LoraMesher.cpp:378] receivingRoutine(): [LoRaMesher] Stack space unused after entering the task: 2032
17:11:13.495 > [993501][V][LoraMesher.cpp:379] receivingRoutine(): [LoRaMesher] Free heap: 335912
17:11:13.503 > [993508][I][PacketService.cpp:12] createEmptyPacket(): [LoRaMesher] Packet created with 17 bytes
17:11:13.512 > [993517][I][LoraMesher.cpp:392] receivingRoutine(): [LoRaMesher] Receiving LoRa packet: Size: 17 bytes RSSI: -33 SNR: 13
17:11:13.523 > [993528][V][LoraMesher.cpp:647] processPackets(): [LoRaMesher] Size of Received Packets Queue: 1
17:11:13.532 > [993537][V][LoraMesher.cpp:754] printHeaderPacket(): [LoRaMesher] Packet received -- Size: 17 Src: F02C Dst: D110 Id: 59 Type: 2 Via: D110 Seq_Id: 0 Num: 0
17:11:13.545 > [993551][I][LoraMesher.cpp:854] processDataPacket(): [LoRaMesher] Data packet from F02C, destination D110, via D110
17:11:13.555 > [993561][V][LoraMesher.cpp:857] processDataPacket(): [LoRaMesher] Data packet from F02C for me
17:11:13.564 > [993569][V][LoraMesher.cpp:893] processDataPacketForMe(): [LoRaMesher] Data Packet received
17:11:13.572 > [993577][I][PacketQueueService.h:80] deleteQueuePacketAndPacket(): [LoRaMesher] Deleting packet
17:11:13.581 > [993586][I][PacketQueueService.h:83] deleteQueuePacketAndPacket(): [LoRaMesher] Deleting packet queue
17:11:13.590 > [993595][V][LoraMesher.cpp:641] processPackets(): [LoRaMesher] Stack space unused after entering the task: 2024
17:11:13.600 > [993605][V][LoraMesher.cpp:642] processPackets(): [LoRaMesher] Free heap: 335852
17:11:13.770 > ReceivedUserData_TaskHandle notify received
17:11:13.775 > Queue receiveUserData size: 1
17:11:13.778 > Packet arrived from F02C with size 8
17:11:13.781 > DATA:50 f02c
17:11:14.395 > [994400][V][LoraMesher.cpp:378] receivingRoutine(): [LoRaMesher] Stack space unused after entering the task: 2032
17:11:14.405 > [994411][V][LoraMesher.cpp:379] receivingRoutine(): [LoRaMesher] Free heap: 335912
17:11:14.413 > [994418][I][PacketService.cpp:12] createEmptyPacket(): [LoRaMesher] Packet created with 17 bytes
17:11:14.422 > [994427][I][LoraMesher.cpp:392] receivingRoutine(): [LoRaMesher] Receiving LoRa packet: Size: 17 bytes RSSI: -24 SNR: 12
17:11:14.433 > [994438][V][LoraMesher.cpp:647] processPackets(): [LoRaMesher] Size of Received Packets Queue: 1
17:11:14.441 > [994447][V][LoraMesher.cpp:754] printHeaderPacket(): [LoRaMesher] Packet received -- Size: 17 Src: DE6C Dst: D110 Id: 59 Type: 2 Via: D110 Seq_Id: 0 Num: 0
17:11:14.455 > [994461][I][LoraMesher.cpp:854] processDataPacket(): [LoRaMesher] Data packet from DE6C, destination D110, via D110
17:11:14.465 > [994471][V][LoraMesher.cpp:857] processDataPacket(): [LoRaMesher] Data packet from DE6C for me
17:11:14.474 > [994479][V][LoraMesher.cpp:893] processDataPacketForMe(): [LoRaMesher] Data Packet received
17:11:14.482 > [994487][I][PacketQueueService.h:80] deleteQueuePacketAndPacket(): [LoRaMesher] Deleting packet
17:11:14.490 > [994496][I][PacketQueueService.h:83] deleteQueuePacketAndPacket(): [LoRaMesher] Deleting packet queue
17:11:14.499 > [994505][V][LoraMesher.cpp:641] processPackets(): [LoRaMesher] Stack space unused after entering the task: 2024
17:11:14.509 > [994515][V][LoraMesher.cpp:642] processPackets(): [LoRaMesher] Free heap: 335852
17:11:14.680 > ReceivedUserData_TaskHandle notify received
17:11:14.685 > Queue receiveUserData size: 1
17:11:14.688 > Packet arrived from DE6C with size 8
17:11:14.691 > DATA:50 de6c
17:11:15.058 > [995064][V][LoraMesher.cpp:378] receivingRoutine(): [LoRaMesher] Stack space unused after entering the task: 2032
17:11:15.069 > [995074][V][LoraMesher.cpp:379] receivingRoutine(): [LoRaMesher] Free heap: 335912
17:11:15.076 > [995082][I][PacketService.cpp:12] createEmptyPacket(): [LoRaMesher] Packet created with 17 bytes
17:11:15.085 > [995091][I][LoraMesher.cpp:392] receivingRoutine(): [LoRaMesher] Receiving LoRa packet: Size: 17 bytes RSSI: 0 SNR: 13
17:11:15.096 > [995102][V][LoraMesher.cpp:647] processPackets(): [LoRaMesher] Size of Received Packets Queue: 1
17:11:15.105 > [995110][V][LoraMesher.cpp:754] printHeaderPacket(): [LoRaMesher] Packet received -- Size: 17 Src: B3F0 Dst: D110 Id: 59 Type: 2 Via: D110 Seq_Id: 0 Num: 0
17:11:15.119 > [995124][I][LoraMesher.cpp:854] processDataPacket(): [LoRaMesher] Data packet from B3F0, destination D110, via D110
17:11:15.129 > [995134][V][LoraMesher.cpp:857] processDataPacket(): [LoRaMesher] Data packet from B3F0 for me
17:11:15.137 > [995143][V][LoraMesher.cpp:893] processDataPacketForMe(): [LoRaMesher] Data Packet received
17:11:15.145 > [995151][I][PacketQueueService.h:80] deleteQueuePacketAndPacket(): [LoRaMesher] Deleting packet
17:11:15.154 > [995159][I][PacketQueueService.h:83] deleteQueuePacketAndPacket(): [LoRaMesher] Deleting packet queue
17:11:15.163 > [995168][V][LoraMesher.cpp:641] processPackets(): [LoRaMesher] Stack space unused after entering the task: 2024
17:11:15.173 > [995178][V][LoraMesher.cpp:642] processPackets(): [LoRaMesher] Free heap: 335852
17:11:15.345 > ReceivedUserData_TaskHandle notify received
17:11:15.350 > Queue receiveUserData size: 1
17:11:15.352 > Packet arrived from B3F0 with size 8
17:11:15.355 > DATA:50 b3f0
17:11:27.986 > [1007992][V][LoraMesher.cpp:378] receivingRoutine(): [LoRaMesher] Stack space unused after entering the task: 2032
17:11:27.996 > [1008002][V][LoraMesher.cpp:379] receivingRoutine(): [LoRaMesher] Free heap: 335912
17:11:28.004 > [1008010][I][PacketService.cpp:12] createEmptyPacket(): [LoRaMesher] Packet created with 17 bytes
17:11:28.013 > [1008019][I][LoraMesher.cpp:392] receivingRoutine(): [LoRaMesher] Receiving LoRa packet: Size: 17 bytes RSSI: -67 SNR: 9
17:11:28.024 > [1008030][V][LoraMesher.cpp:647] processPackets(): [LoRaMesher] Size of Received Packets Queue: 1
17:11:28.033 > [1008039][V][LoraMesher.cpp:754] printHeaderPacket(): [LoRaMesher] Packet received -- Size: 17 Src: C998 Dst: D110 Id: 45 Type: 2 Via: D110 Seq_Id: 0 Num: 0
17:11:28.047 > [1008052][I][LoraMesher.cpp:854] processDataPacket(): [LoRaMesher] Data packet from C998, destination D110, via D110
17:11:28.057 > [1008063][V][LoraMesher.cpp:857] processDataPacket(): [LoRaMesher] Data packet from C998 for me
17:11:28.066 > [1008071][V][LoraMesher.cpp:893] processDataPacketForMe(): [LoRaMesher] Data Packet received
17:11:28.074 > [1008079][I][PacketQueueService.h:80] deleteQueuePacketAndPacket(): [LoRaMesher] Deleting packet
17:11:28.082 > [1008088][I][PacketQueueService.h:83] deleteQueuePacketAndPacket(): [LoRaMesher] Deleting packet queue
17:11:28.092 > [1008097][V][LoraMesher.cpp:641] processPackets(): [LoRaMesher] Stack space unused after entering the task: 2024
17:11:28.102 > [1008107][V][LoraMesher.cpp:642] processPackets(): [LoRaMesher] Free heap: 335852
17:11:28.272 > ReceivedUserData_TaskHandle notify received
17:11:28.277 > Queue receiveUserData size: 1
17:11:28.279 > Packet arrived from C998 with size 8
17:11:28.283 > DATA:38 c998
17:11:33.618 > [1013625][V][LoraMesher.cpp:378] receivingRoutine(): [LoRaMesher] Stack space unused after entering the task: 2032
17:11:33.629 > [1013635][V][LoraMesher.cpp:379] receivingRoutine(): [LoRaMesher] Free heap: 335912
17:11:33.637 > [1013642][I][PacketService.cpp:12] createEmptyPacket(): [LoRaMesher] Packet created with 17 bytes
17:11:33.646 > [1013651][I][LoraMesher.cpp:392] receivingRoutine(): [LoRaMesher] Receiving LoRa packet: Size: 17 bytes RSSI: -29 SNR: 13
17:11:33.657 > [1013663][V][LoraMesher.cpp:647] processPackets(): [LoRaMesher] Size of Received Packets Queue: 1
17:11:33.666 > [1013671][V][LoraMesher.cpp:754] printHeaderPacket(): [LoRaMesher] Packet received -- Size: 17 Src: F02C Dst: D110 Id: 60 Type: 2 Via: D110 Seq_Id: 0 Num: 0
17:11:33.679 > [1013685][I][LoraMesher.cpp:854] processDataPacket(): [LoRaMesher] Data packet from F02C, destination D110, via D110
17:11:33.690 > [1013696][V][LoraMesher.cpp:857] processDataPacket(): [LoRaMesher] Data packet from F02C for me
17:11:33.698 > [1013704][V][LoraMesher.cpp:893] processDataPacketForMe(): [LoRaMesher] Data Packet received
17:11:33.706 > [1013712][I][PacketQueueService.h:80] deleteQueuePacketAndPacket(): [LoRaMesher] Deleting packet
17:11:33.715 > [1013721][I][PacketQueueService.h:83] deleteQueuePacketAndPacket(): [LoRaMesher] Deleting packet queue
17:11:33.724 > [1013730][V][LoraMesher.cpp:641] processPackets(): [LoRaMesher] Stack space unused after entering the task: 2024
17:11:33.734 > [1013740][V][LoraMesher.cpp:642] processPackets(): [LoRaMesher] Free heap: 335852
17:11:33.905 > ReceivedUserData_TaskHandle notify received
17:11:33.910 > Queue receiveUserData size: 1
17:11:33.912 > Packet arrived from F02C with size 8
17:11:33.915 > DATA:51 f02c
17:11:34.356 > [1014362][V][LoraMesher.cpp:378] receivingRoutine(): [LoRaMesher] Stack space unused after entering the task: 2032
17:11:34.366 > [1014372][V][LoraMesher.cpp:379] receivingRoutine(): [LoRaMesher] Free heap: 335912
17:11:34.374 > [1014380][I][PacketService.cpp:12] createEmptyPacket(): [LoRaMesher] Packet created with 17 bytes
17:11:34.383 > [1014389][I][LoraMesher.cpp:392] receivingRoutine(): [LoRaMesher] Receiving LoRa packet: Size: 17 bytes RSSI: -24 SNR: 12
17:11:34.394 > [1014400][V][LoraMesher.cpp:647] processPackets(): [LoRaMesher] Size of Received Packets Queue: 1
17:11:34.403 > [1014409][V][LoraMesher.cpp:754] printHeaderPacket(): [LoRaMesher] Packet received -- Size: 17 Src: DE6C Dst: D110 Id: 60 Type: 2 Via: D110 Seq_Id: 0 Num: 0
17:11:34.417 > [1014423][I][LoraMesher.cpp:854] processDataPacket(): [LoRaMesher] Data packet from DE6C, destination D110, via D110
17:11:34.427 > [1014433][V][LoraMesher.cpp:857] processDataPacket(): [LoRaMesher] Data packet from DE6C for me
17:11:34.436 > [1014441][V][LoraMesher.cpp:893] processDataPacketForMe(): [LoRaMesher] Data Packet received
17:11:34.444 > [1014450][I][PacketQueueService.h:80] deleteQueuePacketAndPacket(): [LoRaMesher] Deleting packet
17:11:34.452 > [1014458][I][PacketQueueService.h:83] deleteQueuePacketAndPacket(): [LoRaMesher] Deleting packet queue
17:11:34.462 > [1014467][V][LoraMesher.cpp:641] processPackets(): [LoRaMesher] Stack space unused after entering the task: 2024
17:11:34.472 > [1014477][V][LoraMesher.cpp:642] processPackets(): [LoRaMesher] Free heap: 335852
17:11:34.643 > ReceivedUserData_TaskHandle notify received
17:11:34.648 > Queue receiveUserData size: 1
17:11:34.650 > Packet arrived from DE6C with size 8
17:11:34.653 > DATA:51 de6c
17:11:36.378 > [1016384][V][LoraMesher.cpp:378] receivingRoutine(): [LoRaMesher] Stack space unused after entering the task: 2032
17:11:36.388 > [1016394][V][LoraMesher.cpp:379] receivingRoutine(): [LoRaMesher] Free heap: 335912
17:11:36.396 > [1016402][I][PacketService.cpp:12] createEmptyPacket(): [LoRaMesher] Packet created with 17 bytes
17:11:36.405 > [1016411][I][LoraMesher.cpp:392] receivingRoutine(): [LoRaMesher] Receiving LoRa packet: Size: 17 bytes RSSI: 0 SNR: 13
17:11:36.416 > [1016422][V][LoraMesher.cpp:647] processPackets(): [LoRaMesher] Size of Received Packets Queue: 1
17:11:36.425 > [1016431][V][LoraMesher.cpp:754] printHeaderPacket(): [LoRaMesher] Packet received -- Size: 17 Src: B3F0 Dst: D110 Id: 60 Type: 2 Via: D110 Seq_Id: 0 Num: 0
17:11:36.439 > [1016444][I][LoraMesher.cpp:854] processDataPacket(): [LoRaMesher] Data packet from B3F0, destination D110, via D110
17:11:36.449 > [1016455][V][LoraMesher.cpp:857] processDataPacket(): [LoRaMesher] Data packet from B3F0 for me
17:11:36.457 > [1016463][V][LoraMesher.cpp:893] processDataPacketForMe(): [LoRaMesher] Data Packet received
17:11:36.466 > [1016472][I][PacketQueueService.h:80] deleteQueuePacketAndPacket(): [LoRaMesher] Deleting packet
17:11:36.474 > [1016480][I][PacketQueueService.h:83] deleteQueuePacketAndPacket(): [LoRaMesher] Deleting packet queue
17:11:36.483 > [1016489][V][LoraMesher.cpp:641] processPackets(): [LoRaMesher] Stack space unused after entering the task: 2024
17:11:36.493 > [1016499][V][LoraMesher.cpp:642] processPackets(): [LoRaMesher] Free heap: 335852
17:11:36.664 > ReceivedUserData_TaskHandle notify received
17:11:36.669 > Queue receiveUserData size: 1
17:11:36.671 > Packet arrived from B3F0 with size 8
17:11:36.674 > DATA:51 b3f0
17:11:48.410 > [1028416][V][LoraMesher.cpp:378] receivingRoutine(): [LoRaMesher] Stack space unused after entering the task: 2032
17:11:48.420 > [1028426][V][LoraMesher.cpp:379] receivingRoutine(): [LoRaMesher] Free heap: 335912
17:11:48.428 > [1028434][I][PacketService.cpp:12] createEmptyPacket(): [LoRaMesher] Packet created with 17 bytes
17:11:48.437 > [1028443][I][LoraMesher.cpp:392] receivingRoutine(): [LoRaMesher] Receiving LoRa packet: Size: 17 bytes RSSI: -67 SNR: 9
17:11:48.448 > [1028454][V][LoraMesher.cpp:647] processPackets(): [LoRaMesher] Size of Received Packets Queue: 1
17:11:48.457 > [1028463][V][LoraMesher.cpp:754] printHeaderPacket(): [LoRaMesher] Packet received -- Size: 17 Src: C998 Dst: D110 Id: 46 Type: 2 Via: D110 Seq_Id: 0 Num: 0
17:11:48.470 > [1028476][I][LoraMesher.cpp:854] processDataPacket(): [LoRaMesher] Data packet from C998, destination D110, via D110
17:11:48.481 > [1028487][V][LoraMesher.cpp:857] processDataPacket(): [LoRaMesher] Data packet from C998 for me
17:11:48.489 > [1028495][V][LoraMesher.cpp:893] processDataPacketForMe(): [LoRaMesher] Data Packet received
17:11:48.498 > [1028504][I][PacketQueueService.h:80] deleteQueuePacketAndPacket(): [LoRaMesher] Deleting packet
17:11:48.506 > [1028512][I][PacketQueueService.h:83] deleteQueuePacketAndPacket(): [LoRaMesher] Deleting packet queue
17:11:48.515 > [1028521][V][LoraMesher.cpp:641] processPackets(): [LoRaMesher] Stack space unused after entering the task: 2024
17:11:48.525 > [1028531][V][LoraMesher.cpp:642] processPackets(): [LoRaMesher] Free heap: 335852
17:11:48.697 > ReceivedUserData_TaskHandle notify received
17:11:48.701 > Queue receiveUserData size: 1
17:11:48.704 > Packet arrived from C998 with size 8
17:11:48.707 > DATA:39 c998
17:11:53.529 > [1033536][V][LoraMesher.cpp:378] receivingRoutine(): [LoRaMesher] Stack space unused after entering the task: 2032
17:11:53.540 > [1033546][V][LoraMesher.cpp:379] receivingRoutine(): [LoRaMesher] Free heap: 335912
17:11:53.547 > [1033553][I][PacketService.cpp:12] createEmptyPacket(): [LoRaMesher] Packet created with 17 bytes
17:11:53.556 > [1033562][I][LoraMesher.cpp:392] receivingRoutine(): [LoRaMesher] Receiving LoRa packet: Size: 17 bytes RSSI: -33 SNR: 12
17:11:53.568 > [1033573][V][LoraMesher.cpp:647] processPackets(): [LoRaMesher] Size of Received Packets Queue: 1
17:11:53.576 > [1033582][V][LoraMesher.cpp:754] printHeaderPacket(): [LoRaMesher] Packet received -- Size: 17 Src: F02C Dst: D110 Id: 61 Type: 2 Via: D110 Seq_Id: 0 Num: 0
17:11:53.590 > [1033596][I][LoraMesher.cpp:854] processDataPacket(): [LoRaMesher] Data packet from F02C, destination D110, via D110
17:11:53.600 > [1033606][V][LoraMesher.cpp:857] processDataPacket(): [LoRaMesher] Data packet from F02C for me
17:11:53.609 > [1033615][V][LoraMesher.cpp:893] processDataPacketForMe(): [LoRaMesher] Data Packet received
17:11:53.617 > [1033623][I][PacketQueueService.h:80] deleteQueuePacketAndPacket(): [LoRaMesher] Deleting packet
17:11:53.626 > [1033632][I][PacketQueueService.h:83] deleteQueuePacketAndPacket(): [LoRaMesher] Deleting packet queue
17:11:53.635 > [1033641][V][LoraMesher.cpp:641] processPackets(): [LoRaMesher] Stack space unused after entering the task: 2024
17:11:53.645 > [1033651][V][LoraMesher.cpp:642] processPackets(): [LoRaMesher] Free heap: 335852
17:11:53.816 > ReceivedUserData_TaskHandle notify received
17:11:53.820 > Queue receiveUserData size: 1
17:11:53.823 > Packet arrived from F02C with size 8
17:11:53.826 > DATA:52 f02c
17:11:54.153 > [1034159][V][LoraMesher.cpp:378] receivingRoutine(): [LoRaMesher] Stack space unused after entering the task: 2032
17:11:54.165 > [1034170][V][LoraMesher.cpp:379] receivingRoutine(): [LoRaMesher] Free heap: 335912
17:11:54.171 > [1034177][I][PacketService.cpp:12] createEmptyPacket(): [LoRaMesher] Packet created with 17 bytes
17:11:54.180 > [1034186][I][LoraMesher.cpp:392] receivingRoutine(): [LoRaMesher] Receiving LoRa packet: Size: 17 bytes RSSI: -21 SNR: 12
17:11:54.191 > [1034197][V][LoraMesher.cpp:647] processPackets(): [LoRaMesher] Size of Received Packets Queue: 1
17:11:54.200 > [1034206][V][LoraMesher.cpp:754] printHeaderPacket(): [LoRaMesher] Packet received -- Size: 17 Src: DE6C Dst: D110 Id: 61 Type: 2 Via: D110 Seq_Id: 0 Num: 0
17:11:54.214 > [1034220][I][LoraMesher.cpp:854] processDataPacket(): [LoRaMesher] Data packet from DE6C, destination D110, via D110
17:11:54.224 > [1034230][V][LoraMesher.cpp:857] processDataPacket(): [LoRaMesher] Data packet from DE6C for me
17:11:54.233 > [1034239][V][LoraMesher.cpp:893] processDataPacketForMe(): [LoRaMesher] Data Packet received
17:11:54.241 > [1034247][I][PacketQueueService.h:80] deleteQueuePacketAndPacket(): [LoRaMesher] Deleting packet
17:11:54.250 > [1034256][I][PacketQueueService.h:83] deleteQueuePacketAndPacket(): [LoRaMesher] Deleting packet queue
17:11:54.259 > [1034265][V][LoraMesher.cpp:641] processPackets(): [LoRaMesher] Stack space unused after entering the task: 2024
17:11:54.269 > [1034275][V][LoraMesher.cpp:642] processPackets(): [LoRaMesher] Free heap: 335852
17:11:54.440 > ReceivedUserData_TaskHandle notify received
17:11:54.444 > Queue receiveUserData size: 1
17:11:54.447 > Packet arrived from DE6C with size 8
17:11:54.450 > DATA:52 de6c
17:11:55.557 > [1035564][V][LoraMesher.cpp:378] receivingRoutine(): [LoRaMesher] Stack space unused after entering the task: 2032
17:11:55.568 > [1035574][V][LoraMesher.cpp:379] receivingRoutine(): [LoRaMesher] Free heap: 335912
17:11:55.576 > [1035582][I][PacketService.cpp:12] createEmptyPacket(): [LoRaMesher] Packet created with 17 bytes
17:11:55.585 > [1035591][I][LoraMesher.cpp:392] receivingRoutine(): [LoRaMesher] Receiving LoRa packet: Size: 17 bytes RSSI: 0 SNR: 13
17:11:55.596 > [1035602][V][LoraMesher.cpp:647] processPackets(): [LoRaMesher] Size of Received Packets Queue: 1
17:11:55.604 > [1035611][V][LoraMesher.cpp:754] printHeaderPacket(): [LoRaMesher] Packet received -- Size: 17 Src: B3F0 Dst: D110 Id: 61 Type: 2 Via: D110 Seq_Id: 0 Num: 0
17:11:55.618 > [1035624][I][LoraMesher.cpp:854] processDataPacket(): [LoRaMesher] Data packet from B3F0, destination D110, via D110
17:11:55.629 > [1035635][V][LoraMesher.cpp:857] processDataPacket(): [LoRaMesher] Data packet from B3F0 for me
17:11:55.637 > [1035643][V][LoraMesher.cpp:893] processDataPacketForMe(): [LoRaMesher] Data Packet received
17:11:55.645 > [1035651][I][PacketQueueService.h:80] deleteQueuePacketAndPacket(): [LoRaMesher] Deleting packet
17:11:55.654 > [1035660][I][PacketQueueService.h:83] deleteQueuePacketAndPacket(): [LoRaMesher] Deleting packet queue
17:11:55.663 > [1035669][V][LoraMesher.cpp:641] processPackets(): [LoRaMesher] Stack space unused after entering the task: 2024
17:11:55.673 > [1035679][V][LoraMesher.cpp:642] processPackets(): [LoRaMesher] Free heap: 335852
17:11:55.844 > ReceivedUserData_TaskHandle notify received
17:11:55.848 > Queue receiveUserData size: 1
17:11:55.851 > Packet arrived from B3F0 with size 8
17:11:55.854 > DATA:52 b3f0
17:12:08.669 > [1048676][V][LoraMesher.cpp:378] receivingRoutine(): [LoRaMesher] Stack space unused after entering the task: 2032
17:12:08.680 > [1048686][V][LoraMesher.cpp:379] receivingRoutine(): [LoRaMesher] Free heap: 335912
17:12:08.688 > [1048694][I][PacketService.cpp:12] createEmptyPacket(): [LoRaMesher] Packet created with 17 bytes
17:12:08.696 > [1048703][I][LoraMesher.cpp:392] receivingRoutine(): [LoRaMesher] Receiving LoRa packet: Size: 17 bytes RSSI: -67 SNR: 8
17:12:08.708 > [1048714][V][LoraMesher.cpp:647] processPackets(): [LoRaMesher] Size of Received Packets Queue: 1
17:12:08.716 > [1048723][V][LoraMesher.cpp:754] printHeaderPacket(): [LoRaMesher] Packet received -- Size: 17 Src: C998 Dst: D110 Id: 47 Type: 2 Via: D110 Seq_Id: 0 Num: 0
17:12:08.730 > [1048737][I][LoraMesher.cpp:854] processDataPacket(): [LoRaMesher] Data packet from C998, destination D110, via D110
17:12:08.741 > [1048747][V][LoraMesher.cpp:857] processDataPacket(): [LoRaMesher] Data packet from C998 for me
17:12:08.749 > [1048755][V][LoraMesher.cpp:893] processDataPacketForMe(): [LoRaMesher] Data Packet received
17:12:08.757 > [1048764][I][PacketQueueService.h:80] deleteQueuePacketAndPacket(): [LoRaMesher] Deleting packet
17:12:08.766 > [1048772][I][PacketQueueService.h:83] deleteQueuePacketAndPacket(): [LoRaMesher] Deleting packet queue
17:12:08.775 > [1048781][V][LoraMesher.cpp:641] processPackets(): [LoRaMesher] Stack space unused after entering the task: 2024
17:12:08.785 > [1048791][V][LoraMesher.cpp:642] processPackets(): [LoRaMesher] Free heap: 335852
17:12:08.957 > ReceivedUserData_TaskHandle notify received
17:12:08.961 > Queue receiveUserData size: 1
17:12:08.964 > Packet arrived from C998 with size 8
17:12:08.967 > DATA:40 c998
17:12:13.455 > [1053461][V][LoraMesher.cpp:378] receivingRoutine(): [LoRaMesher] Stack space unused after entering the task: 2032
17:12:13.465 > [1053472][V][LoraMesher.cpp:379] receivingRoutine(): [LoRaMesher] Free heap: 335912
17:12:13.473 > [1053479][I][PacketService.cpp:12] createEmptyPacket(): [LoRaMesher] Packet created with 17 bytes
17:12:13.482 > [1053488][I][LoraMesher.cpp:392] receivingRoutine(): [LoRaMesher] Receiving LoRa packet: Size: 17 bytes RSSI: -30 SNR: 13
17:12:13.493 > [1053499][V][LoraMesher.cpp:647] processPackets(): [LoRaMesher] Size of Received Packets Queue: 1
17:12:13.502 > [1053508][V][LoraMesher.cpp:754] printHeaderPacket(): [LoRaMesher] Packet received -- Size: 17 Src: F02C Dst: D110 Id: 62 Type: 2 Via: D110 Seq_Id: 0 Num: 0
17:12:13.516 > [1053522][I][LoraMesher.cpp:854] processDataPacket(): [LoRaMesher] Data packet from F02C, destination D110, via D110
17:12:13.526 > [1053532][V][LoraMesher.cpp:857] processDataPacket(): [LoRaMesher] Data packet from F02C for me
17:12:13.535 > [1053541][V][LoraMesher.cpp:893] processDataPacketForMe(): [LoRaMesher] Data Packet received
17:12:13.543 > [1053549][I][PacketQueueService.h:80] deleteQueuePacketAndPacket(): [LoRaMesher] Deleting packet
17:12:13.551 > [1053558][I][PacketQueueService.h:83] deleteQueuePacketAndPacket(): [LoRaMesher] Deleting packet queue
17:12:13.561 > [1053567][V][LoraMesher.cpp:641] processPackets(): [LoRaMesher] Stack space unused after entering the task: 2024
17:12:13.571 > [1053577][V][LoraMesher.cpp:642] processPackets(): [LoRaMesher] Free heap: 335852
17:12:13.742 > ReceivedUserData_TaskHandle notify received
17:12:13.746 > Queue receiveUserData size: 1
17:12:13.749 > Packet arrived from F02C with size 8
17:12:13.752 > DATA:53 f02c
17:12:14.611 > [1054618][V][LoraMesher.cpp:378] receivingRoutine(): [LoRaMesher] Stack space unused after entering the task: 2032
17:12:14.622 > [1054628][V][LoraMesher.cpp:379] receivingRoutine(): [LoRaMesher] Free heap: 335912
17:12:14.629 > [1054636][I][PacketService.cpp:12] createEmptyPacket(): [LoRaMesher] Packet created with 17 bytes
17:12:14.638 > [1054645][I][LoraMesher.cpp:392] receivingRoutine(): [LoRaMesher] Receiving LoRa packet: Size: 17 bytes RSSI: 0 SNR: 13
17:12:14.649 > [1054656][V][LoraMesher.cpp:647] processPackets(): [LoRaMesher] Size of Received Packets Queue: 1
17:12:14.658 > [1054664][V][LoraMesher.cpp:754] printHeaderPacket(): [LoRaMesher] Packet received -- Size: 17 Src: B3F0 Dst: D110 Id: 62 Type: 2 Via: D110 Seq_Id: 0 Num: 0
17:12:14.672 > [1054678][I][LoraMesher.cpp:854] processDataPacket(): [LoRaMesher] Data packet from B3F0, destination D110, via D110
17:12:14.682 > [1054689][V][LoraMesher.cpp:857] processDataPacket(): [LoRaMesher] Data packet from B3F0 for me
17:12:14.691 > [1054697][V][LoraMesher.cpp:893] processDataPacketForMe(): [LoRaMesher] Data Packet received
17:12:14.699 > [1054705][I][PacketQueueService.h:80] deleteQueuePacketAndPacket(): [LoRaMesher] Deleting packet
17:12:14.707 > [1054714][I][PacketQueueService.h:83] deleteQueuePacketAndPacket(): [LoRaMesher] Deleting packet queue
17:12:14.717 > [1054723][V][LoraMesher.cpp:641] processPackets(): [LoRaMesher] Stack space unused after entering the task: 2024
17:12:14.727 > [1054733][V][LoraMesher.cpp:642] processPackets(): [LoRaMesher] Free heap: 335852
17:12:14.898 > ReceivedUserData_TaskHandle notify received
17:12:14.902 > Queue receiveUserData size: 1
17:12:14.905 > Packet arrived from B3F0 with size 8
17:12:14.908 > DATA:53 b3f0
17:12:16.041 > [1056048][V][LoraMesher.cpp:378] receivingRoutine(): [LoRaMesher] Stack space unused after entering the task: 2032
17:12:16.052 > [1056058][V][LoraMesher.cpp:379] receivingRoutine(): [LoRaMesher] Free heap: 335912
17:12:16.059 > [1056066][I][PacketService.cpp:12] createEmptyPacket(): [LoRaMesher] Packet created with 17 bytes
17:12:16.068 > [1056075][I][LoraMesher.cpp:392] receivingRoutine(): [LoRaMesher] Receiving LoRa packet: Size: 17 bytes RSSI: -22 SNR: 12
17:12:16.080 > [1056086][V][LoraMesher.cpp:647] processPackets(): [LoRaMesher] Size of Received Packets Queue: 1
17:12:16.088 > [1056095][V][LoraMesher.cpp:754] printHeaderPacket(): [LoRaMesher] Packet received -- Size: 17 Src: DE6C Dst: D110 Id: 62 Type: 2 Via: D110 Seq_Id: 0 Num: 0
17:12:16.102 > [1056109][I][LoraMesher.cpp:854] processDataPacket(): [LoRaMesher] Data packet from DE6C, destination D110, via D110
17:12:16.112 > [1056119][V][LoraMesher.cpp:857] processDataPacket(): [LoRaMesher] Data packet from DE6C for me
17:12:16.121 > [1056127][V][LoraMesher.cpp:893] processDataPacketForMe(): [LoRaMesher] Data Packet received
17:12:16.129 > [1056136][I][PacketQueueService.h:80] deleteQueuePacketAndPacket(): [LoRaMesher] Deleting packet
17:12:16.138 > [1056144][I][PacketQueueService.h:83] deleteQueuePacketAndPacket(): [LoRaMesher] Deleting packet queue
17:12:16.147 > [1056153][V][LoraMesher.cpp:641] processPackets(): [LoRaMesher] Stack space unused after entering the task: 2024
17:12:16.157 > [1056163][V][LoraMesher.cpp:642] processPackets(): [LoRaMesher] Free heap: 335852
17:12:16.329 > ReceivedUserData_TaskHandle notify received
17:12:16.333 > Queue receiveUserData size: 1
17:12:16.336 > Packet arrived from DE6C with size 8
17:12:16.339 > DATA:53 de6c
17:12:28.710 > [1068717][V][LoraMesher.cpp:378] receivingRoutine(): [LoRaMesher] Stack space unused after entering the task: 2032
17:12:28.721 > [1068727][V][LoraMesher.cpp:379] receivingRoutine(): [LoRaMesher] Free heap: 335912
17:12:28.728 > [1068735][I][PacketService.cpp:12] createEmptyPacket(): [LoRaMesher] Packet created with 17 bytes
17:12:28.737 > [1068744][I][LoraMesher.cpp:392] receivingRoutine(): [LoRaMesher] Receiving LoRa packet: Size: 17 bytes RSSI: -66 SNR: 9
17:12:28.748 > [1068755][V][LoraMesher.cpp:647] processPackets(): [LoRaMesher] Size of Received Packets Queue: 1
17:12:28.757 > [1068764][V][LoraMesher.cpp:754] printHeaderPacket(): [LoRaMesher] Packet received -- Size: 17 Src: C998 Dst: D110 Id: 48 Type: 2 Via: D110 Seq_Id: 0 Num: 0
17:12:28.771 > [1068778][I][LoraMesher.cpp:854] processDataPacket(): [LoRaMesher] Data packet from C998, destination D110, via D110
17:12:28.781 > [1068788][V][LoraMesher.cpp:857] processDataPacket(): [LoRaMesher] Data packet from C998 for me
17:12:28.790 > [1068796][V][LoraMesher.cpp:893] processDataPacketForMe(): [LoRaMesher] Data Packet received
17:12:28.798 > [1068805][I][PacketQueueService.h:80] deleteQueuePacketAndPacket(): [LoRaMesher] Deleting packet
17:12:28.808 > [1068813][I][PacketQueueService.h:83] deleteQueuePacketAndPacket(): [LoRaMesher] Deleting packet queue
17:12:28.816 > [1068822][V][LoraMesher.cpp:641] processPackets(): [LoRaMesher] Stack space unused after entering the task: 2024
17:12:28.827 > [1068832][V][LoraMesher.cpp:642] processPackets(): [LoRaMesher] Free heap: 335852
17:12:28.997 > ReceivedUserData_TaskHandle notify received
17:12:29.002 > Queue receiveUserData size: 1
17:12:29.004 > Packet arrived from C998 with size 8
17:12:29.008 > DATA:41 c998
17:12:31.498 > [1071505][V][LoraMesher.cpp:378] receivingRoutine(): [LoRaMesher] Stack space unused after entering the task: 2032
17:12:31.508 > [1071515][V][LoraMesher.cpp:379] receivingRoutine(): [LoRaMesher] Free heap: 335912
17:12:31.516 > [1071522][I][PacketService.cpp:12] createEmptyPacket(): [LoRaMesher] Packet created with 24 bytes
17:12:31.525 > [1071531][I][LoraMesher.cpp:392] receivingRoutine(): [LoRaMesher] Receiving LoRa packet: Size: 24 bytes RSSI: 0 SNR: 0
17:12:31.536 > [1071542][W][LoraMesher.cpp:403] receivingRoutine(): [LoRaMesher] Reading packet data gave error: -7
17:12:32.669 > [1072676][V][LoraMesher.cpp:378] receivingRoutine(): [LoRaMesher] Stack space unused after entering the task: 2032
17:12:32.680 > [1072687][V][LoraMesher.cpp:379] receivingRoutine(): [LoRaMesher] Free heap: 335912
17:12:32.688 > [1072694][I][PacketService.cpp:12] createEmptyPacket(): [LoRaMesher] Packet created with 24 bytes
17:12:32.697 > [1072703][I][LoraMesher.cpp:392] receivingRoutine(): [LoRaMesher] Receiving LoRa packet: Size: 24 bytes RSSI: -22 SNR: 12
17:12:32.708 > [1072715][V][LoraMesher.cpp:647] processPackets(): [LoRaMesher] Size of Received Packets Queue: 1
17:12:32.717 > [1072723][V][LoraMesher.cpp:754] printHeaderPacket(): [LoRaMesher] Packet received -- Size: 24 Src: DE6C Dst: FFFF Id: 63 Type: 4 Via: 0 Seq_Id: 0 Num: 0
17:12:32.730 > [1072737][I][RoutingTableService.cpp:77] processRoute(): [LoRaMesher] Route packet from DE6C with size 4
17:12:32.739 > [1072746][I][RoutingTableService.cpp:99] resetReceiveSNRRoutePacket(): [LoRaMesher] Reset Receive SNR from DE6C: 12
17:12:32.750 > [1072756][I][RoutingTableService.cpp:192] printRoutingTable(): [LoRaMesher] Current routing table:
17:12:32.759 > [1072765][I][RoutingTableService.cpp:206] printRoutingTable(): [LoRaMesher] 0 - B3F0 via B3F0 metric 1 Role 0
17:12:32.768 > [1072775][I][RoutingTableService.cpp:206] printRoutingTable(): [LoRaMesher] 1 - F02C via F02C metric 1 Role 0
17:12:32.778 > [1072785][I][RoutingTableService.cpp:206] printRoutingTable(): [LoRaMesher] 2 - DE6C via DE6C metric 1 Role 0
17:12:32.788 > [1072794][I][RoutingTableService.cpp:206] printRoutingTable(): [LoRaMesher] 3 - C998 via C998 metric 1 Role 0
17:12:32.797 > [1072804][I][PacketQueueService.h:80] deleteQueuePacketAndPacket(): [LoRaMesher] Deleting packet
17:12:32.806 > [1072813][I][PacketQueueService.h:83] deleteQueuePacketAndPacket(): [LoRaMesher] Deleting packet queue
17:12:32.815 > [1072822][V][LoraMesher.cpp:641] processPackets(): [LoRaMesher] Stack space unused after entering the task: 2024
17:12:32.825 > [1072832][V][LoraMesher.cpp:642] processPackets(): [LoRaMesher] Free heap: 335912
17:12:33.948 > [1073955][V][LoraMesher.cpp:378] receivingRoutine(): [LoRaMesher] Stack space unused after entering the task: 2032
17:12:33.959 > [1073966][V][LoraMesher.cpp:379] receivingRoutine(): [LoRaMesher] Free heap: 335912
17:12:33.967 > [1073973][I][PacketService.cpp:12] createEmptyPacket(): [LoRaMesher] Packet created with 17 bytes
17:12:33.975 > [1073982][I][LoraMesher.cpp:392] receivingRoutine(): [LoRaMesher] Receiving LoRa packet: Size: 17 bytes RSSI: -33 SNR: 12
17:12:33.987 > [1073993][V][LoraMesher.cpp:647] processPackets(): [LoRaMesher] Size of Received Packets Queue: 1
17:12:33.996 > [1074002][V][LoraMesher.cpp:754] printHeaderPacket(): [LoRaMesher] Packet received -- Size: 17 Src: F02C Dst: D110 Id: 64 Type: 2 Via: D110 Seq_Id: 0 Num: 0
17:12:34.009 > [1074016][I][LoraMesher.cpp:854] processDataPacket(): [LoRaMesher] Data packet from F02C, destination D110, via D110
17:12:34.020 > [1074026][V][LoraMesher.cpp:857] processDataPacket(): [LoRaMesher] Data packet from F02C for me
17:12:34.028 > [1074035][V][LoraMesher.cpp:893] processDataPacketForMe(): [LoRaMesher] Data Packet received
17:12:34.036 > [1074043][I][PacketQueueService.h:80] deleteQueuePacketAndPacket(): [LoRaMesher] Deleting packet
17:12:34.045 > [1074052][I][PacketQueueService.h:83] deleteQueuePacketAndPacket(): [LoRaMesher] Deleting packet queue
17:12:34.054 > [1074061][V][LoraMesher.cpp:641] processPackets(): [LoRaMesher] Stack space unused after entering the task: 2024
17:12:34.064 > [1074071][V][LoraMesher.cpp:642] processPackets(): [LoRaMesher] Free heap: 335852
17:12:34.235 > ReceivedUserData_TaskHandle notify received
17:12:34.240 > Queue receiveUserData size: 1
17:12:34.242 > Packet arrived from F02C with size 8
17:12:34.245 > DATA:54 f02c
17:12:35.030 > [1075037][V][LoraMesher.cpp:378] receivingRoutine(): [LoRaMesher] Stack space unused after entering the task: 2032
17:12:35.041 > [1075048][V][LoraMesher.cpp:379] receivingRoutine(): [LoRaMesher] Free heap: 335912
17:12:35.049 > [1075055][I][PacketService.cpp:12] createEmptyPacket(): [LoRaMesher] Packet created with 17 bytes
17:12:35.057 > [1075064][I][LoraMesher.cpp:392] receivingRoutine(): [LoRaMesher] Receiving LoRa packet: Size: 17 bytes RSSI: -22 SNR: 13
17:12:35.069 > [1075075][V][LoraMesher.cpp:647] processPackets(): [LoRaMesher] Size of Received Packets Queue: 1
17:12:35.078 > [1075084][V][LoraMesher.cpp:754] printHeaderPacket(): [LoRaMesher] Packet received -- Size: 17 Src: DE6C Dst: D110 Id: 64 Type: 2 Via: D110 Seq_Id: 0 Num: 0
17:12:35.091 > [1075098][I][LoraMesher.cpp:854] processDataPacket(): [LoRaMesher] Data packet from DE6C, destination D110