16:54:30.095 > [  7883][V][LoraMesher.cpp:598] sendHelloPacket(): [LoRaMesher] Creating Routing Packet
16:54:30.104 > [  7891][V][LoraMesher.cpp:599] sendHelloPacket(): [LoRaMesher] Stack space unused after entering the task: 2428
16:54:30.114 > [  7901][V][LoraMesher.cpp:600] sendHelloPacket(): [LoRaMesher] Free heap: 336720
16:54:30.121 > [  7908][V][PacketFactory.h:45] createPacket(): [LoRaMesher] Creating packet with 8 bytes
16:54:30.129 > [  7916][I][PacketFactory.h:74] createPacket(): [LoRaMesher] Packet created with 8 bytes
16:54:30.137 > [  7924][I][LoraMesher.h:659] setPackedForSend(): [LoRaMesher] Adding packet to Q_SP
16:54:30.145 > [  7932][I][LoraMesher.h:661] setPackedForSend(): [LoRaMesher] Created packet to Q_SP
16:54:30.152 > [  7939][I][LoraMesher.cpp:1061] addToSendOrderedAndNotify(): [LoRaMesher] Added packet to Q_SP, notifying sender task
16:54:30.163 > [  7950][V][LoraMesher.cpp:511] sendPackets(): [LoRaMesher] Stack space unused after entering the task: 2144
16:54:30.173 > [  7959][V][LoraMesher.cpp:512] sendPackets(): [LoRaMesher] Free heap: 336636
16:54:30.180 > [  7966][V][LoraMesher.cpp:518] sendPackets(): [LoRaMesher] Size of Send Packets Queue: 1
16:54:30.188 > [  7974][V][LoraMesher.cpp:525] sendPackets(): [LoRaMesher] Send n. 1
16:54:30.193 > [  7981][V][LoraMesher.cpp:754] printHeaderPacket(): [LoRaMesher] Packet send -- Size: 8 Src: F02C Dst: FFFF Id: 1 Type: 4 Via: 0 Seq_Id: 0 Num: 0
16:54:30.261 > [  8049][V][LoraMesher.cpp:575] sendPackets(): [LoRaMesher] TimeOnAir 42 ms, next message in 0 ms
16:54:30.270 > [  8057][I][PacketQueueService.h:80] deleteQueuePacketAndPacket(): [LoRaMesher] Deleting packet
16:54:30.279 > [  8066][I][PacketQueueService.h:83] deleteQueuePacketAndPacket(): [LoRaMesher] Deleting packet queue
16:54:48.043 > [ 25830][V][LoraMesher.cpp:378] receivingRoutine(): [LoRaMesher] Stack space unused after entering the task: 2412
16:54:48.054 > [ 25840][V][LoraMesher.cpp:379] receivingRoutine(): [LoRaMesher] Free heap: 336720
16:54:48.061 > [ 25848][I][PacketService.cpp:12] createEmptyPacket(): [LoRaMesher] Packet created with 8 bytes
16:54:48.070 > [ 25857][I][LoraMesher.cpp:392] receivingRoutine(): [LoRaMesher] Receiving LoRa packet: Size: 8 bytes RSSI: -31 SNR: 13
16:54:48.081 > [ 25868][V][LoraMesher.cpp:647] processPackets(): [LoRaMesher] Size of Received Packets Queue: 1
16:54:48.090 > [ 25876][V][LoraMesher.cpp:754] printHeaderPacket(): [LoRaMesher] Packet received -- Size: 8 Src: D110 Dst: FFFF Id: 0 Type: 4 Via: 0 Seq_Id: 0 Num: 0
16:54:48.103 > [ 25890][I][RoutingTableService.cpp:77] processRoute(): [LoRaMesher] Route packet from D110 with size 0
16:54:48.112 > [ 25899][I][RoutingTableService.cpp:156] addNodeToRoutingTable(): [LoRaMesher] New route added: D110 via D110 metric 1, role 1
16:54:48.123 > [ 25910][I][RoutingTableService.cpp:99] resetReceiveSNRRoutePacket(): [LoRaMesher] Reset Receive SNR from D110: 13
16:54:48.134 > [ 25920][I][RoutingTableService.cpp:192] printRoutingTable(): [LoRaMesher] Current routing table:
16:54:48.142 > [ 25929][I][RoutingTableService.cpp:206] printRoutingTable(): [LoRaMesher] 0 - D110 via D110 metric 1 Role 1
16:54:48.152 > [ 25939][I][PacketQueueService.h:80] deleteQueuePacketAndPacket(): [LoRaMesher] Deleting packet
16:54:48.160 > [ 25947][I][PacketQueueService.h:83] deleteQueuePacketAndPacket(): [LoRaMesher] Deleting packet queue
16:54:48.169 > [ 25956][V][LoraMesher.cpp:641] processPackets(): [LoRaMesher] Stack space unused after entering the task: 2180
16:54:48.179 > [ 25966][V][LoraMesher.cpp:642] processPackets(): [LoRaMesher] Free heap: 336652
16:54:48.369 > Send packet 1
16:54:48.371 > Sending packet to D110
16:54:48.373 > [ 26157][V][LoraMesher.h:250] createPacketAndSend(): [LoRaMesher] Creating a packet for send with 8 bytes
16:54:48.382 > [ 26169][V][PacketFactory.h:45] createPacket(): [LoRaMesher] Creating packet with 17 bytes
16:54:48.390 > [ 26177][I][PacketFactory.h:74] createPacket(): [LoRaMesher] Packet created with 17 bytes
16:54:48.398 > [ 26185][I][LoraMesher.h:659] setPackedForSend(): [LoRaMesher] Adding packet to Q_SP
16:54:48.406 > [ 26193][I][LoraMesher.h:661] setPackedForSend(): [LoRaMesher] Created packet to Q_SP
16:54:48.413 > [ 26200][I][LoraMesher.cpp:1061] addToSendOrderedAndNotify(): [LoRaMesher] Added packet to Q_SP, notifying sender task
16:54:48.424 > [ 26211][V][LoraMesher.cpp:511] sendPackets(): [LoRaMesher] Stack space unused after entering the task: 2144
16:54:48.434 > [ 26220][V][LoraMesher.cpp:512] sendPackets(): [LoRaMesher] Free heap: 336556
16:54:48.440 > [ 26227][V][LoraMesher.cpp:518] sendPackets(): [LoRaMesher] Size of Send Packets Queue: 1
16:54:48.448 > [ 26235][V][LoraMesher.cpp:525] sendPackets(): [LoRaMesher] Send n. 2
16:54:48.455 > [ 26242][V][LoraMesher.cpp:455] waitBeforeSend(): [LoRaMesher] RandomDelay 568 ms
16:54:48.909 > [ 26696][V][LoraMesher.cpp:378] receivingRoutine(): [LoRaMesher] Stack space unused after entering the task: 2184
16:54:48.919 > [ 26706][V][LoraMesher.cpp:379] receivingRoutine(): [LoRaMesher] Free heap: 336584
16:54:48.927 > [ 26714][I][PacketService.cpp:12] createEmptyPacket(): [LoRaMesher] Packet created with 17 bytes
16:54:48.936 > [ 26722][I][LoraMesher.cpp:392] receivingRoutine(): [LoRaMesher] Receiving LoRa packet: Size: 17 bytes RSSI: -25 SNR: 12
16:54:48.947 > [ 26734][V][LoraMesher.cpp:647] processPackets(): [LoRaMesher] Size of Received Packets Queue: 1
16:54:48.955 > [ 26742][V][LoraMesher.cpp:754] printHeaderPacket(): [LoRaMesher] Packet received -- Size: 17 Src: B3F0 Dst: D110 Id: 2 Type: 2 Via: D110 Seq_Id: 0 Num: 0
16:54:48.969 > [ 26756][I][LoraMesher.cpp:854] processDataPacket(): [LoRaMesher] Data packet from B3F0, destination D110, via D110
16:54:48.979 > [ 26766][V][LoraMesher.cpp:878] processDataPacket(): [LoRaMesher] Packet not for me, deleting it
16:54:48.988 > [ 26775][I][PacketQueueService.h:80] deleteQueuePacketAndPacket(): [LoRaMesher] Deleting packet
16:54:48.996 > [ 26783][I][PacketQueueService.h:83] deleteQueuePacketAndPacket(): [LoRaMesher] Deleting packet queue
16:54:49.005 > [ 26792][V][LoraMesher.cpp:641] processPackets(): [LoRaMesher] Stack space unused after entering the task: 2180
16:54:49.015 > [ 26802][V][LoraMesher.cpp:642] processPackets(): [LoRaMesher] Free heap: 336584
16:54:49.035 > [ 26822][V][LoraMesher.cpp:462] waitBeforeSend(): [LoRaMesher] Preamble detected while waiting 1
16:54:49.044 > [ 26831][V][LoraMesher.cpp:754] printHeaderPacket(): [LoRaMesher] Packet send -- Size: 17 Src: F02C Dst: D110 Id: 2 Type: 2 Via: D110 Seq_Id: 0 Num: 0
16:54:49.134 > [ 26921][V][LoraMesher.cpp:575] sendPackets(): [LoRaMesher] TimeOnAir 63 ms, next message in 0 ms
16:54:49.143 > [ 26930][I][PacketQueueService.h:80] deleteQueuePacketAndPacket(): [LoRaMesher] Deleting packet
16:54:49.151 > [ 26938][I][PacketQueueService.h:83] deleteQueuePacketAndPacket(): [LoRaMesher] Deleting packet queue
16:54:49.358 > [ 27145][V][LoraMesher.cpp:378] receivingRoutine(): [LoRaMesher] Stack space unused after entering the task: 2152
16:54:49.370 > [ 27156][V][LoraMesher.cpp:379] receivingRoutine(): [LoRaMesher] Free heap: 336652
16:54:49.376 > [ 27163][I][PacketService.cpp:12] createEmptyPacket(): [LoRaMesher] Packet created with 17 bytes
16:54:49.385 > [ 27172][I][LoraMesher.cpp:392] receivingRoutine(): [LoRaMesher] Receiving LoRa packet: Size: 17 bytes RSSI: -23 SNR: 12
16:54:49.396 > [ 27183][V][LoraMesher.cpp:647] processPackets(): [LoRaMesher] Size of Received Packets Queue: 1
16:54:49.405 > [ 27192][V][LoraMesher.cpp:754] printHeaderPacket(): [LoRaMesher] Packet received -- Size: 17 Src: DE6C Dst: D110 Id: 2 Type: 2 Via: D110 Seq_Id: 0 Num: 0
16:54:49.419 > [ 27205][I][LoraMesher.cpp:854] processDataPacket(): [LoRaMesher] Data packet from DE6C, destination D110, via D110
16:54:49.429 > [ 27216][V][LoraMesher.cpp:878] processDataPacket(): [LoRaMesher] Packet not for me, deleting it
16:54:49.437 > [ 27224][I][PacketQueueService.h:80] deleteQueuePacketAndPacket(): [LoRaMesher] Deleting packet
16:54:49.446 > [ 27233][I][PacketQueueService.h:83] deleteQueuePacketAndPacket(): [LoRaMesher] Deleting packet queue
16:54:49.455 > [ 27242][V][LoraMesher.cpp:641] processPackets(): [LoRaMesher] Stack space unused after entering the task: 2180
16:54:49.465 > [ 27252][V][LoraMesher.cpp:642] processPackets(): [LoRaMesher] Free heap: 336652
16:55:08.461 > Send packet 2
16:55:08.463 > Sending packet to D110
16:55:08.465 > [ 46249][V][LoraMesher.h:250] createPacketAndSend(): [LoRaMesher] Creating a packet for send with 8 bytes
16:55:08.475 > [ 46261][V][PacketFactory.h:45] createPacket(): [LoRaMesher] Creating packet with 17 bytes
16:55:08.483 > [ 46269][I][PacketFactory.h:74] createPacket(): [LoRaMesher] Packet created with 17 bytes
16:55:08.491 > [ 46277][I][LoraMesher.h:659] setPackedForSend(): [LoRaMesher] Adding packet to Q_SP
16:55:08.498 > [ 46285][I][LoraMesher.h:661] setPackedForSend(): [LoRaMesher] Created packet to Q_SP
16:55:08.506 > [ 46292][I][LoraMesher.cpp:1061] addToSendOrderedAndNotify(): [LoRaMesher] Added packet to Q_SP, notifying sender task
16:55:08.516 > [ 46303][V][LoraMesher.cpp:511] sendPackets(): [LoRaMesher] Stack space unused after entering the task: 1968
16:55:08.526 > [ 46312][V][LoraMesher.cpp:512] sendPackets(): [LoRaMesher] Free heap: 336556
16:55:08.533 > [ 46319][V][LoraMesher.cpp:518] sendPackets(): [LoRaMesher] Size of Send Packets Queue: 1
16:55:08.541 > [ 46327][V][LoraMesher.cpp:525] sendPackets(): [LoRaMesher] Send n. 3
16:55:08.547 > [ 46334][V][LoraMesher.cpp:455] waitBeforeSend(): [LoRaMesher] RandomDelay 675 ms
16:55:09.168 > [ 46955][V][LoraMesher.cpp:378] receivingRoutine(): [LoRaMesher] Stack space unused after entering the task: 2152
16:55:09.178 > [ 46965][V][LoraMesher.cpp:379] receivingRoutine(): [LoRaMesher] Free heap: 336584
16:55:09.186 > [ 46972][I][PacketService.cpp:12] createEmptyPacket(): [LoRaMesher] Packet created with 17 bytes
16:55:09.195 > [ 46981][I][LoraMesher.cpp:392] receivingRoutine(): [LoRaMesher] Receiving LoRa packet: Size: 17 bytes RSSI: -23 SNR: 13
16:55:09.206 > [ 46992][V][LoraMesher.cpp:647] processPackets(): [LoRaMesher] Size of Received Packets Queue: 1
16:55:09.215 > [ 47001][V][LoraMesher.cpp:754] printHeaderPacket(): [LoRaMesher] Packet received -- Size: 17 Src: DE6C Dst: D110 Id: 3 Type: 2 Via: D110 Seq_Id: 0 Num: 0
16:55:09.228 > [ 47015][I][LoraMesher.cpp:854] processDataPacket(): [LoRaMesher] Data packet from DE6C, destination D110, via D110
16:55:09.239 > [ 47021][V][LoraMesher.cpp:462] waitBeforeSend(): [LoRaMesher] Preamble detected while waiting 1
16:55:09.247 > [ 47033][V][LoraMesher.cpp:878] processDataPacket(): [LoRaMesher] Packet not for me, del[e t4i7n0g3 3i]t[
16:55:09.257 > ][LoraMesher.cpp:754] printHeaderPacket(): [LoRaMesher] Packet send -- Size: 17 Src: F02C Dst: D110 Id: 3 Type: 2 Via: D110 Seq_Id: 0 Num: 0
16:55:09.269 > [ 47055][I][PacketQueueService.h:80] deleteQueuePacketAndPacket(): [LoRaMesher] Deleting packet
16:55:09.277 > [ 47064][I][PacketQueueService.h:83] deleteQueuePacketAndPacket(): [LoRaMesher] Deleting packet queue
16:55:09.287 > [ 47073][V][LoraMesher.cpp:641] processPackets(): [LoRaMesher] Stack space unused after entering the task: 2180
16:55:09.296 > [ 47083][V][LoraMesher.cpp:642] processPackets(): [LoRaMesher] Free heap: 336584
16:55:09.345 > [ 47132][V][LoraMesher.cpp:575] sendPackets(): [LoRaMesher] TimeOnAir 63 ms, next message in 0 ms
16:55:09.354 > [ 47141][I][PacketQueueService.h:80] deleteQueuePacketAndPacket(): [LoRaMesher] Deleting packet
16:55:09.363 > [ 47149][I][PacketQueueService.h:83] deleteQueuePacketAndPacket(): [LoRaMesher] Deleting packet queue
16:55:09.500 > [ 47287][V][LoraMesher.cpp:378] receivingRoutine(): [LoRaMesher] Stack space unused after entering the task: 2152
16:55:09.510 > [ 47297][V][LoraMesher.cpp:379] receivingRoutine(): [LoRaMesher] Free heap: 336652
16:55:09.518 > [ 47304][I][PacketService.cpp:12] createEmptyPacket(): [LoRaMesher] Packet created with 17 bytes
16:55:09.527 > [ 47313][I][LoraMesher.cpp:392] receivingRoutine(): [LoRaMesher] Receiving LoRa packet: Size: 17 bytes RSSI: -27 SNR: 13
16:55:09.538 > [ 47324][V][LoraMesher.cpp:647] processPackets(): [LoRaMesher] Size of Received Packets Queue: 1
16:55:09.547 > [ 47333][V][LoraMesher.cpp:754] printHeaderPacket(): [LoRaMesher] Packet received -- Size: 17 Src: B3F0 Dst: D110 Id: 3 Type: 2 Via: D110 Seq_Id: 0 Num: 0
16:55:09.560 > [ 47347][I][LoraMesher.cpp:854] processDataPacket(): [LoRaMesher] Data packet from B3F0, destination D110, via D110
16:55:09.571 > [ 47357][V][LoraMesher.cpp:878] processDataPacket(): [LoRaMesher] Packet not for me, deleting it
16:55:09.579 > [ 47365][I][PacketQueueService.h:80] deleteQueuePacketAndPacket(): [LoRaMesher] Deleting packet
16:55:09.588 > [ 47374][I][PacketQueueService.h:83] deleteQueuePacketAndPacket(): [LoRaMesher] Deleting packet queue
16:55:09.597 > [ 47383][V][LoraMesher.cpp:641] processPackets(): [LoRaMesher] Stack space unused after entering the task: 2104
16:55:09.607 > [ 47393][V][LoraMesher.cpp:642] processPackets(): [LoRaMesher] Free heap: 336652
16:55:28.554 > Send packet 3
16:55:28.555 > Sending packet to D110
16:55:28.557 > [ 66341][V][LoraMesher.h:250] createPacketAndSend(): [LoRaMesher] Creating a packet for send with 8 bytes
16:55:28.566 > [ 66353][V][PacketFactory.h:45] createPacket(): [LoRaMesher] Creating packet with 17 bytes
16:55:28.574 > [ 66361][I][PacketFactory.h:74] createPacket(): [LoRaMesher] Packet created with 17 bytes
16:55:28.582 > [ 66369][I][LoraMesher.h:659] setPackedForSend(): [LoRaMesher] Adding packet to Q_SP
16:55:28.590 > [ 66377][I][LoraMesher.h:661] setPackedForSend(): [LoRaMesher] Created packet to Q_SP
16:55:28.598 > [ 66384][I][LoraMesher.cpp:1061] addToSendOrderedAndNotify(): [LoRaMesher] Added packet to Q_SP, notifying sender task
16:55:28.608 > [ 66395][V][LoraMesher.cpp:511] sendPackets(): [LoRaMesher] Stack space unused after entering the task: 1968
16:55:28.618 > [ 66404][V][LoraMesher.cpp:512] sendPackets(): [LoRaMesher] Free heap: 336556
16:55:28.626 > [ 66411][V][LoraMesher.cpp:518] sendPackets(): [LoRaMesher] Size of Send Packets Queue: 1
16:55:28.633 > [ 66419][V][LoraMesher.cpp:525] sendPackets(): [LoRaMesher] Send n. 4
16:55:28.639 > [ 66426][V][LoraMesher.cpp:455] waitBeforeSend(): [LoRaMesher] RandomDelay 760 ms
16:55:29.083 > [ 66870][V][LoraMesher.cpp:378] receivingRoutine(): [LoRaMesher] Stack space unused after entering the task: 2152
16:55:29.094 > [ 66880][V][LoraMesher.cpp:379] receivingRoutine(): [LoRaMesher] Free heap: 336584
16:55:29.101 > [ 66888][I][PacketService.cpp:12] createEmptyPacket(): [LoRaMesher] Packet created with 17 bytes
16:55:29.110 > [ 66897][I][LoraMesher.cpp:392] receivingRoutine(): [LoRaMesher] Receiving LoRa packet: Size: 17 bytes RSSI: -24 SNR: 12
16:55:29.121 > [ 66908][V][LoraMesher.cpp:647] processPackets(): [LoRaMesher] Size of Received Packets Queue: 1
16:55:29.130 > [ 66916][V][LoraMesher.cpp:754] printHeaderPacket(): [LoRaMesher] Packet received -- Size: 17 Src: DE6C Dst: D110 Id: 4 Type: 2 Via: D110 Seq_Id: 0 Num: 0
16:55:29.144 > [ 66930][I][LoraMesher.cpp:854] processDataPacket(): [LoRaMesher] Data packet from DE6C, destination D110, via D110
16:55:29.154 > [ 66940][V][LoraMesher.cpp:878] processDataPacket(): [LoRaMesher] Packet not for me, deleting it
16:55:29.162 > [ 66949][I][PacketQueueService.h:80] deleteQueuePacketAndPacket(): [LoRaMesher] Deleting packet
16:55:29.171 > [ 66957][I][PacketQueueService.h:83] deleteQueuePacketAndPacket(): [LoRaMesher] Deleting packet queue
16:55:29.180 > [ 66966][V][LoraMesher.cpp:641] processPackets(): [LoRaMesher] Stack space unused after entering the task: 2104
16:55:29.190 > [ 66976][V][LoraMesher.cpp:642] processPackets(): [LoRaMesher] Free heap: 336584
16:55:29.412 > [ 67198][V][LoraMesher.cpp:462] waitBeforeSend(): [LoRaMesher] Preamble detected while waiting 1
16:55:29.421 > [ 67207][V][LoraMesher.cpp:754] printHeaderPacket(): [LoRaMesher] Packet send -- Size: 17 Src: F02C Dst: D110 Id: 4 Type: 2 Via: D110 Seq_Id: 0 Num: 0
16:55:29.510 > [ 67297][V][LoraMesher.cpp:575] sendPackets(): [LoRaMesher] TimeOnAir 63 ms, next message in 0 ms
16:55:29.519 > [ 67306][I][PacketQueueService.h:80] deleteQueuePacketAndPacket(): [LoRaMesher] Deleting packet
16:55:29.527 > [ 67314][I][PacketQueueService.h:83] deleteQueuePacketAndPacket(): [LoRaMesher] Deleting packet queue
16:55:29.665 > [ 67452][V][LoraMesher.cpp:378] receivingRoutine(): [LoRaMesher] Stack space unused after entering the task: 2152
16:55:29.675 > [ 67462][V][LoraMesher.cpp:379] receivingRoutine(): [LoRaMesher] Free heap: 336652
16:55:29.683 > [ 67470][I][PacketService.cpp:12] createEmptyPacket(): [LoRaMesher] Packet created with 17 bytes
16:55:29.692 > [ 67478][I][LoraMesher.cpp:392] receivingRoutine(): [LoRaMesher] Receiving LoRa packet: Size: 17 bytes RSSI: -26 SNR: 13
16:55:29.703 > [ 67489][V][LoraMesher.cpp:647] processPackets(): [LoRaMesher] Size of Received Packets Queue: 1
16:55:29.712 > [ 67498][V][LoraMesher.cpp:754] printHeaderPacket(): [LoRaMesher] Packet received -- Size: 17 Src: B3F0 Dst: D110 Id: 4 Type: 2 Via: D110 Seq_Id: 0 Num: 0
16:55:29.725 > [ 67512][I][LoraMesher.cpp:854] processDataPacket(): [LoRaMesher] Data packet from B3F0, destination D110, via D110
16:55:29.735 > [ 67522][V][LoraMesher.cpp:878] processDataPacket(): [LoRaMesher] Packet not for me, deleting it
16:55:29.744 > [ 67531][I][PacketQueueService.h:80] deleteQueuePacketAndPacket(): [LoRaMesher] Deleting packet
16:55:29.753 > [ 67539][I][PacketQueueService.h:83] deleteQueuePacketAndPacket(): [LoRaMesher] Deleting packet queue
16:55:29.762 > [ 67548][V][LoraMesher.cpp:641] processPackets(): [LoRaMesher] Stack space unused after entering the task: 2104
16:55:29.772 > [ 67558][V][LoraMesher.cpp:642] processPackets(): [LoRaMesher] Free heap: 336652
16:55:48.646 > Send packet 4
16:55:48.648 > Sending packet to D110
16:55:48.650 > [ 86433][V][LoraMesher.h:250] createPacketAndSend(): [LoRaMesher] Creating a packet for send with 8 bytes
16:55:48.659 > [ 86445][V][PacketFactory.h:45] createPacket(): [LoRaMesher] Creating packet with 17 bytes
16:55:48.667 > [ 86453][I][PacketFactory.h:74] createPacket(): [LoRaMesher] Packet created with 17 bytes
16:55:48.675 > [ 86461][I][LoraMesher.h:659] setPackedForSend(): [LoRaMesher] Adding packet to Q_SP
16:55:48.683 > [ 86469][I][LoraMesher.h:661] setPackedForSend(): [LoRaMesher] Created packet to Q_SP
16:55:48.690 > [ 86476][I][LoraMesher.cpp:1061] addToSendOrderedAndNotify(): [LoRaMesher] Added packet to Q_SP, notifying sender task
16:55:48.701 > [ 86487][V][LoraMesher.cpp:511] sendPackets(): [LoRaMesher] Stack space unused after entering the task: 1968
16:55:48.710 > [ 86496][V][LoraMesher.cpp:512] sendPackets(): [LoRaMesher] Free heap: 336556
16:55:48.717 > [ 86503][V][LoraMesher.cpp:518] sendPackets(): [LoRaMesher] Size of Send Packets Queue: 1
16:55:48.725 > [ 86511][V][LoraMesher.cpp:525] sendPackets(): [LoRaMesher] Send n. 5
16:55:48.732 > [ 86518][V][LoraMesher.cpp:455] waitBeforeSend(): [LoRaMesher] RandomDelay 443 ms
16:55:49.094 > [ 86881][V][LoraMesher.cpp:378] receivingRoutine(): [LoRaMesher] Stack space unused after entering the task: 2152
16:55:49.105 > [ 86891][V][LoraMesher.cpp:379] receivingRoutine(): [LoRaMesher] Free heap: 336584
16:55:49.112 > [ 86898][I][PacketService.cpp:12] createEmptyPacket(): [LoRaMesher] Packet created with 17 bytes
16:55:49.121 > [ 86907][I][LoraMesher.cpp:392] receivingRoutine(): [LoRaMesher] Receiving LoRa packet: Size: 17 bytes RSSI: -23 SNR: 13
16:55:49.132 > [ 86918][V][LoraMesher.cpp:647] processPackets(): [LoRaMesher] Size of Received Packets Queue: 1
16:55:49.141 > [ 86927][V][LoraMesher.cpp:754] printHeaderPacket(): [LoRaMesher] Packet received -- Size: 17 Src: B3F0 Dst: D110 Id: 5 Type: 2 Via: D110 Seq_Id: 0 Num: 0
16:55:49.155 > [ 86941][I][LoraMesher.cpp:854] processDataPacket(): [LoRaMesher] Data packet from B3F0, destination D110, via D110
16:55:49.165 > [ 86951][V][LoraMesher.cpp:878] processDataPacket(): [LoRaMesher] Packet not for me, deleting it
16:55:49.174 > [ 86960][I][PacketQueueService.h:80] deleteQueuePacketAndPacket(): [LoRaMesher] Deleting packet
16:55:49.182 > [ 86968][I][PacketQueueService.h:83] deleteQueuePacketAndPacket(): [LoRaMesher] Deleting packet queue
16:55:49.191 > [ 86973][V][LoraMesher.cpp:462] waitBeforeSend(): [LoRaMesher] Preamble detected while waiting 1
16:55:49.200 > [ 86986][V][LoraMesher.cpp:7[5 48]6 9p8r6i]n[tVH]e[aLdoerraPMaecskheetr(.)c:p p[:L6o4R1a]M epsrhoecre]s sPPaacckkeett ss(e)n:d  [-LoSiMe:h17] rtacF0sCaDs unD1e0 Idt 5 enperin  ta:eD1askSe2_Id
16:55:49.217 > [ 87003][V][LoraMesher.cpp:642] processPackets(): [LoRaMesher] Free heap: 336540
16:55:49.294 > [ 87080][V][LoraMesher.cpp:575] sendPackets(): [LoRaMesher] TimeOnAir 63 ms, next message in 0 ms
16:55:49.303 > [ 87089][I][PacketQueueService.h:80] deleteQueuePacketAndPacket(): [LoRaMesher] Deleting packet
16:55:49.311 > [ 87097][I][PacketQueueService.h:83] deleteQueuePacketAndPacket(): [LoRaMesher] Deleting packet queue
16:56:08.738 > Send packet 5
16:56:08.740 > Sending packet to D110
16:56:08.742 > [106525][V][LoraMesher.h:250] createPacketAndSend(): [LoRaMesher] Creating a packet for send with 8 bytes
16:56:08.751 > [106537][V][PacketFactory.h:45] createPacket(): [LoRaMesher] Creating packet with 17 bytes
16:56:08.759 > [106545][I][PacketFactory.h:74] createPacket(): [LoRaMesher] Packet created with 17 bytes
16:56:08.767 > [106553][I][LoraMesher.h:659] setPackedForSend(): [LoRaMesher] Adding packet to Q_SP
16:56:08.775 > [106561][I][LoraMesher.h:661] setPackedForSend(): [LoRaMesher] Created packet to Q_SP
16:56:08.783 > [106568][I][LoraMesher.cpp:1061] addToSendOrderedAndNotify(): [LoRaMesher] Added packet to Q_SP, notifying sender task
16:56:08.793 > [106579][V][LoraMesher.cpp:511] sendPackets(): [LoRaMesher] Stack space unused after entering the task: 1968
16:56:08.803 > [106588][V][LoraMesher.cpp:512] sendPackets(): [LoRaMesher] Free heap: 336556
16:56:08.810 > [106595][V][LoraMesher.cpp:518] sendPackets(): [LoRaMesher] Size of Send Packets Queue: 1
16:56:08.818 > [106603][V][LoraMesher.cpp:525] sendPackets(): [LoRaMesher] Send n. 6
16:56:08.824 > [106610][V][LoraMesher.cpp:455] waitBeforeSend(): [LoRaMesher] RandomDelay 788 ms
16:56:09.267 > [107054][V][LoraMesher.cpp:378] receivingRoutine(): [LoRaMesher] Stack space unused after entering the task: 2120
16:56:09.278 > [107064][V][LoraMesher.cpp:379] receivingRoutine(): [LoRaMesher] Free heap: 336584
16:56:09.286 > [107071][I][PacketService.cpp:12] createEmptyPacket(): [LoRaMesher] Packet created with 17 bytes
16:56:09.294 > [107080][I][LoraMesher.cpp:392] receivingRoutine(): [LoRaMesher] Receiving LoRa packet: Size: 17 bytes RSSI: -23 SNR: 13
16:56:09.306 > [107091][V][LoraMesher.cpp:647] processPackets(): [LoRaMesher] Size of Received Packets Queue: 1
16:56:09.315 > [107100][V][LoraMesher.cpp:754] printHeaderPacket(): [LoRaMesher] Packet received -- Size: 17 Src: B3F0 Dst: D110 Id: 6 Type: 2 Via: D110 Seq_Id: 0 Num: 0
16:56:09.328 > [107114][I][LoraMesher.cpp:854] processDataPacket(): [LoRaMesher] Data packet from B3F0, destination D110, via D110
16:56:09.338 > [107124][V][LoraMesher.cpp:878] processDataPacket(): [LoRaMesher] Packet not for me, deleting it
16:56:09.346 > [107133][I][PacketQueueService.h:80] deleteQueuePacketAndPacket(): [LoRaMesher] Deleting packet
16:56:09.356 > [107141][I][PacketQueueService.h:83] deleteQueuePacketAndPacket(): [LoRaMesher] Deleting packet queue
16:56:09.365 > [107150][V][LoraMesher.cpp:641] processPackets(): [LoRaMesher] Stack space unused after entering the task: 2104
16:56:09.374 > [107160][V][LoraMesher.cpp:642] processPackets(): [LoRaMesher] Free heap: 336584
16:56:09.624 > [107410][V][LoraMesher.cpp:462] waitBeforeSend(): [LoRaMesher] Preamble detected while waiting 1
16:56:09.634 > [107419][V][LoraMesher.cpp:754] printHeaderPacket(): [LoRaMesher] Packet send -- Size: 17 Src: F02C Dst: D110 Id: 6 Type: 2 Via: D110 Seq_Id: 0 Num: 0
16:56:09.723 > [107509][V][LoraMesher.cpp:575] sendPackets(): [LoRaMesher] TimeOnAir 63 ms, next message in 0 ms
16:56:09.732 > [107518][I][PacketQueueService.h:80] deleteQueuePacketAndPacket(): [LoRaMesher] Deleting packet
16:56:09.741 > [107526][I][PacketQueueService.h:83] deleteQueuePacketAndPacket(): [LoRaMesher] Deleting packet queue
16:56:28.830 > Send packet 6
16:56:28.832 > Sending packet to D110
16:56:28.834 > [126617][V][LoraMesher.h:250] createPacketAndSend(): [LoRaMesher] Creating a packet for send with 8 bytes
16:56:28.843 > [126629][V][PacketFactory.h:45] createPacket(): [LoRaMesher] Creating packet with 17 bytes
16:56:28.851 > [126637][I][PacketFactory.h:74] createPacket(): [LoRaMesher] Packet created with 17 bytes
16:56:28.859 > [126645][I][LoraMesher.h:659] setPackedForSend(): [LoRaMesher] Adding packet to Q_SP
16:56:28.867 > [126653][I][LoraMesher.h:661] setPackedForSend(): [LoRaMesher] Created packet to Q_SP
16:56:28.874 > [126660][I][LoraMesher.cpp:1061] addToSendOrderedAndNotify(): [LoRaMesher] Added packet to Q_SP, notifying sender task
16:56:28.885 > [126671][V][LoraMesher.cpp:511] sendPackets(): [LoRaMesher] Stack space unused after entering the task: 1968
16:56:28.895 > [126680][V][LoraMesher.cpp:512] sendPackets(): [LoRaMesher] Free heap: 336556
16:56:28.902 > [126687][V][LoraMesher.cpp:518] sendPackets(): [LoRaMesher] Size of Send Packets Queue: 1
16:56:28.910 > [126695][V][LoraMesher.cpp:525] sendPackets(): [LoRaMesher] Send n. 7
16:56:28.916 > [126702][V][LoraMesher.cpp:455] waitBeforeSend(): [LoRaMesher] RandomDelay 737 ms
16:56:29.659 > [127446][V][LoraMesher.cpp:754] printHeaderPacket(): [LoRaMesher] Packet send -- Size: 17 Src: F02C Dst: D110 Id: 7 Type: 2 Via: D110 Seq_Id: 0 Num: 0
16:56:29.749 > [127536][V][LoraMesher.cpp:575] sendPackets(): [LoRaMesher] TimeOnAir 63 ms, next message in 0 ms
16:56:29.759 > [127544][I][PacketQueueService.h:80] deleteQueuePacketAndPacket(): [LoRaMesher] Deleting packet
16:56:29.767 > [127553][I][PacketQueueService.h:83] deleteQueuePacketAndPacket(): [LoRaMesher] Deleting packet queue
16:56:29.868 > [127654][V][LoraMesher.cpp:378] receivingRoutine(): [LoRaMesher] Stack space unused after entering the task: 2120
16:56:29.878 > [127664][V][LoraMesher.cpp:379] receivingRoutine(): [LoRaMesher] Free heap: 336652
16:56:29.886 > [127671][I][PacketService.cpp:12] createEmptyPacket(): [LoRaMesher] Packet created with 17 bytes
16:56:29.894 > [127680][I][LoraMesher.cpp:392] receivingRoutine(): [LoRaMesher] Receiving LoRa packet: Size: 17 bytes RSSI: -24 SNR: 13
16:56:29.906 > [127691][V][LoraMesher.cpp:647] processPackets(): [LoRaMesher] Size of Received Packets Queue: 1
16:56:29.914 > [127700][V][LoraMesher.cpp:754] printHeaderPacket(): [LoRaMesher] Packet received -- Size: 17 Src: B3F0 Dst: D110 Id: 7 Type: 2 Via: D110 Seq_Id: 0 Num: 0
16:56:29.928 > [127714][I][LoraMesher.cpp:854] processDataPacket(): [LoRaMesher] Data packet from B3F0, destination D110, via D110
16:56:29.938 > [127724][V][LoraMesher.cpp:878] processDataPacket(): [LoRaMesher] Packet not for me, deleting it
16:56:29.947 > [127732][I][PacketQueueService.h:80] deleteQueuePacketAndPacket(): [LoRaMesher] Deleting packet
16:56:29.955 > [127741][I][PacketQueueService.h:83] deleteQueuePacketAndPacket(): [LoRaMesher] Deleting packet queue
16:56:29.964 > [127750][V][LoraMesher.cpp:641] processPackets(): [LoRaMesher] Stack space unused after entering the task: 2104
16:56:29.974 > [127760][V][LoraMesher.cpp:642] processPackets(): [LoRaMesher] Free heap: 336652
16:56:30.163 > [127949][V][LoraMesher.cpp:598] sendHelloPacket(): [LoRaMesher] Creating Routing Packet
16:56:30.171 > [127957][V][LoraMesher.cpp:599] sendHelloPacket(): [LoRaMesher] Stack space unused after entering the task: 2332
16:56:30.181 > [127967][V][LoraMesher.cpp:600] sendHelloPacket(): [LoRaMesher] Free heap: 336652
16:56:30.188 > [127974][V][PacketFactory.h:45] createPacket(): [LoRaMesher] Creating packet with 12 bytes
16:56:30.196 > [127982][I][PacketFactory.h:74] createPacket(): [LoRaMesher] Packet created with 12 bytes
16:56:30.204 > [127990][I][LoraMesher.h:659] setPackedForSend(): [LoRaMesher] Adding packet to Q_SP
16:56:30.212 > [127998][I][LoraMesher.h:661] setPackedForSend(): [LoRaMesher] Created packet to Q_SP
16:56:30.220 > [128005][I][LoraMesher.cpp:1061] addToSendOrderedAndNotify(): [LoRaMesher] Added packet to Q_SP, notifying sender task
16:56:30.230 > [128016][V][LoraMesher.cpp:511] sendPackets(): [LoRaMesher] Stack space unused after entering the task: 1968
16:56:30.240 > [128026][V][LoraMesher.cpp:512] sendPackets(): [LoRaMesher] Free heap: 336564
16:56:30.247 > [128032][V][LoraMesher.cpp:518] sendPackets(): [LoRaMesher] Size of Send Packets Queue: 1
16:56:30.255 > [128040][V][LoraMesher.cpp:525] sendPackets(): [LoRaMesher] Send n. 8
16:56:30.261 > [128047][V][LoraMesher.cpp:455] waitBeforeSend(): [LoRaMesher] RandomDelay 766 ms
16:56:30.809 > [128595][V][LoraMesher.cpp:378] receivingRoutine(): [LoRaMesher] Stack space unused after entering the task: 2120
16:56:30.819 > [128605][V][LoraMesher.cpp:379] receivingRoutine(): [LoRaMesher] Free heap: 336592
16:56:30.827 > [128613][I][PacketService.cpp:12] createEmptyPacket(): [LoRaMesher] Packet created with 12 bytes
16:56:30.836 > [128622][I][LoraMesher.cpp:392] receivingRoutine(): [LoRaMesher] Receiving LoRa packet: Size: 12 bytes RSSI: -25 SNR: 12
16:56:30.847 > [128633][V][LoraMesher.cpp:647] processPackets(): [LoRaMesher] Size of Received Packets Queue: 1
16:56:30.856 > [128641][V][LoraMesher.cpp:754] printHeaderPacket(): [LoRaMesher] Packet received -- Size: 12 Src: B3F0 Dst: FFFF Id: 8 Type: 4 Via: 0 Seq_Id: 0 Num: 0
16:56:30.869 > [128655][I][RoutingTableService.cpp:77] processRoute(): [LoRaMesher] Route packet from B3F0 with size 1
16:56:30.878 > [128664][I][RoutingTableService.cpp:156] addNodeToRoutingTable(): [LoRaMesher] New route added: B3F0 via B3F0 metric 1, role 0
16:56:30.890 > [128675][I][RoutingTableService.cpp:99] resetReceiveSNRRoutePacket(): [LoRaMesher] Reset Receive SNR from B3F0: 12
16:56:30.900 > [128685][I][RoutingTableService.cpp:192] printRoutingTable(): [LoRaMesher] Current routing table:
16:56:30.908 > [128694][I][RoutingTableService.cpp:206] printRoutingTable(): [LoRaMesher] 0 - D110 via D110 metric 1 Role 1
16:56:30.918 > [128704][I][RoutingTableService.cpp:206] printRoutingTable(): [LoRaMesher] 1 - B3F0 via B3F0 metric 1 Role 0
16:56:30.928 > [128713][I][PacketQueueService.h:80] deleteQueuePacketAndPacket(): [LoRaMesher] Deleting packet
16:56:30.936 > [128722][I][PacketQueueService.h:83] deleteQueuePacketAndPacket(): [LoRaMesher] Deleting packet queue
16:56:30.945 > [128731][V][LoraMesher.cpp:641] processPackets(): [LoRaMesher] Stack space unused after entering the task: 2104
16:56:30.955 > [128741][V][LoraMesher.cpp:642] processPackets(): [LoRaMesher] Free heap: 336528
16:56:31.040 > [128826][V][LoraMesher.cpp:462] waitBeforeSend(): [LoRaMesher] Preamble detected while waiting 1
16:56:31.049 > [128835][V][LoraMesher.cpp:455] waitBeforeSend(): [LoRaMesher] RandomDelay 458 ms
16:56:31.514 > [129300][V][LoraMesher.cpp:754] printHeaderPacket(): [LoRaMesher] Packet send -- Size: 12 Src: F02C Dst: FFFF Id: 8 Type: 4 Via: 0 Seq_Id: 0 Num: 0
16:56:31.590 > [129376][V][LoraMesher.cpp:575] sendPackets(): [LoRaMesher] TimeOnAir 49 ms, next message in 0 ms
16:56:31.599 > [129385][I][PacketQueueService.h:80] deleteQueuePacketAndPacket(): [LoRaMesher] Deleting packet
16:56:31.607 > [129393][I][PacketQueueService.h:83] deleteQueuePacketAndPacket(): [LoRaMesher] Deleting packet queue
16:56:32.966 > [130752][V][LoraMesher.cpp:378] receivingRoutine(): [LoRaMesher] Stack space unused after entering the task: 2120
16:56:32.976 > [130762][V][LoraMesher.cpp:379] receivingRoutine(): [LoRaMesher] Free heap: 336588
16:56:32.984 > [130770][I][PacketService.cpp:12] createEmptyPacket(): [LoRaMesher] Packet created with 12 bytes
16:56:32.993 > [130779][I][LoraMesher.cpp:392] receivingRoutine(): [LoRaMesher] Receiving LoRa packet: Size: 12 bytes RSSI: -26 SNR: 13
16:56:33.004 > [130790][V][LoraMesher.cpp:647] processPackets(): [LoRaMesher] Size of Received Packets Queue: 1
16:56:33.013 > [130798][V][LoraMesher.cpp:754] printHeaderPacket(): [LoRaMesher] Packet received -- Size: 12 Src: DE6C Dst: FFFF Id: 8 Type: 4 Via: 0 Seq_Id: 0 Num: 0
16:56:33.026 > [130812][I][RoutingTableService.cpp:77] processRoute(): [LoRaMesher] Route packet from DE6C with size 1
16:56:33.035 > [130821][I][RoutingTableService.cpp:156] addNodeToRoutingTable(): [LoRaMesher] New route added: DE6C via DE6C metric 1, role 0
16:56:33.046 > [130832][I][RoutingTableService.cpp:99] resetReceiveSNRRoutePacket(): [LoRaMesher] Reset Receive SNR from DE6C: 13
16:56:33.057 > [130842][I][RoutingTableService.cpp:192] printRoutingTable(): [LoRaMesher] Current routing table:
16:56:33.065 > [130851][I][RoutingTableService.cpp:206] printRoutingTable(): [LoRaMesher] 0 - D110 via D110 metric 1 Role 1
16:56:33.075 > [130861][I][RoutingTableService.cpp:206] printRoutingTable(): [LoRaMesher] 1 - B3F0 via B3F0 metric 1 Role 0
16:56:33.085 > [130870][I][RoutingTableService.cpp:206] printRoutingTable(): [LoRaMesher] 2 - DE6C via DE6C metric 1 Role 0
16:56:33.094 > [130880][I][PacketQueueService.h:80] deleteQueuePacketAndPacket(): [LoRaMesher] Deleting packet
16:56:33.103 > [130888][I][PacketQueueService.h:83] deleteQueuePacketAndPacket(): [LoRaMesher] Deleting packet queue
16:56:33.112 > [130898][V][LoraMesher.cpp:641] processPackets(): [LoRaMesher] Stack space unused after entering the task: 2104
16:56:33.122 > [130907][V][LoraMesher.cpp:642] processPackets(): [LoRaMesher] Free heap: 336524
16:56:48.922 > Send packet 7
16:56:48.925 > Sending packet to D110
16:56:48.927 > [146709][V][LoraMesher.h:250] createPacketAndSend(): [LoRaMesher] Creating a packet for send with 8 bytes
16:56:48.936 > [146721][V][PacketFactory.h:45] createPacket(): [LoRaMesher] Creating packet with 17 bytes
16:56:48.944 > [146729][I][PacketFactory.h:74] createPacket(): [LoRaMesher] Packet created with 17 bytes
16:56:48.952 > [146737][I][LoraMesher.h:659] setPackedForSend(): [LoRaMesher] Adding packet to Q_SP
16:56:48.959 > [146745][I][LoraMesher.h:661] setPackedForSend(): [LoRaMesher] Created packet to Q_SP
16:56:48.967 > [146752][I][LoraMesher.cpp:1061] addToSendOrderedAndNotify(): [LoRaMesher] Added packet to Q_SP, notifying sender task
16:56:48.978 > [146763][V][LoraMesher.cpp:511] sendPackets(): [LoRaMesher] Stack space unused after entering the task: 1968
16:56:48.987 > [146772][V][LoraMesher.cpp:512] sendPackets(): [LoRaMesher] Free heap: 336428
16:56:48.994 > [146779][V][LoraMesher.cpp:518] sendPackets(): [LoRaMesher] Size of Send Packets Queue: 1
16:56:49.002 > [146787][V][LoraMesher.cpp:525] sendPackets(): [LoRaMesher] Send n. 9
16:56:49.008 > [146794][V][LoraMesher.cpp:455] waitBeforeSend(): [LoRaMesher] RandomDelay 712 ms
16:56:49.108 > [146894][V][LoraMesher.cpp:378] receivingRoutine(): [LoRaMesher] Stack space unused after entering the task: 2120
16:56:49.119 > [146904][V][LoraMesher.cpp:379] receivingRoutine(): [LoRaMesher] Free heap: 336456
16:56:49.126 > [146911][I][PacketService.cpp:12] createEmptyPacket(): [LoRaMesher] Packet created with 20 bytes
16:56:49.135 > [146920][I][LoraMesher.cpp:392] receivingRoutine(): [LoRaMesher] Receiving LoRa packet: Size: 20 bytes RSSI: -28 SNR: 13
16:56:49.146 > [146931][V][LoraMesher.cpp:647] processPackets(): [LoRaMesher] Size of Received Packets Queue: 1
16:56:49.155 > [146940][V][LoraMesher.cpp:754] printHeaderPacket(): [LoRaMesher] Packet received -- Size: 20 Src: D110 Dst: FFFF Id: 1 Type: 4 Via: 0 Seq_Id: 0 Num: 0
16:56:49.168 > [146954][I][RoutingTableService.cpp:77] processRoute(): [LoRaMesher] Route packet from D110 with size 3
16:56:49.178 > [146963][I][RoutingTableService.cpp:99] resetReceiveSNRRoutePacket(): [LoRaMesher] Reset Receive SNR from D110: 13
16:56:49.188 > [146973][I][RoutingTableService.cpp:192] printRoutingTable(): [LoRaMesher] Current routing table:
16:56:49.196 > [146982][I][RoutingTableService.cpp:206] printRoutingTable(): [LoRaMesher] 0 - D110 via D110 metric 1 Role 1
16:56:49.206 > [146991][I][RoutingTableService.cpp:206] printRoutingTable(): [LoRaMesher] 1 - B3F0 via B3F0 metric 1 Role 0
16:56:49.216 > [147001][I][RoutingTableService.cpp:206] printRoutingTable(): [LoRaMesher] 2 - DE6C via DE6C metric 1 Role 0
16:56:49.225 > [147011][I][PacketQueueService.h:80] deleteQueuePacketAndPacket(): [LoRaMesher] Deleting packet
16:56:49.233 > [147019][I][PacketQueueService.h:83] deleteQueuePacketAndPacket(): [LoRaMesher] Deleting packet queue
16:56:49.243 > [147028][V][LoraMesher.cpp:641] processPackets(): [LoRaMesher] Stack space unused after entering the task: 2104
16:56:49.253 > [147038][V][LoraMesher.cpp:642] processPackets(): [LoRaMesher] Free heap: 336456
16:56:49.732 > [147518][V][LoraMesher.cpp:462] waitBeforeSend(): [LoRaMesher] Preamble detected while waiting 1
16:56:49.742 > [147527][V][LoraMesher.cpp:455] waitBeforeSend(): [LoRaMesher] RandomDelay 575 ms
16:56:50.324 > [148109][V][LoraMesher.cpp:754] printHeaderPacket(): [LoRaMesher] Packet send -- Size: 17 Src: F02C Dst: D110 Id: 9 Type: 2 Via: D110 Seq_Id: 0 Num: 0
16:56:50.413 > [148199][V][LoraMesher.cpp:575] sendPackets(): [LoRaMesher] TimeOnAir 63 ms, next message in 0 ms
16:56:50.423 > [148208][I][PacketQueueService.h:80] deleteQueuePacketAndPacket(): [LoRaMesher] Deleting packet
16:56:50.431 > [148217][I][PacketQueueService.h:83] deleteQueuePacketAndPacket(): [LoRaMesher] Deleting packet queue
16:56:51.152 > [148937][V][LoraMesher.cpp:378] receivingRoutine(): [LoRaMesher] Stack space unused after entering the task: 2120
16:56:51.162 > [148948][V][LoraMesher.cpp:379] receivingRoutine(): [LoRaMesher] Free heap: 336524
16:56:51.170 > [148955][I][PacketService.cpp:12] createEmptyPacket(): [LoRaMesher] Packet created with 17 bytes
16:56:51.179 > [148964][I][LoraMesher.cpp:392] receivingRoutine(): [LoRaMesher] Receiving LoRa packet: Size: 17 bytes RSSI: -23 SNR: 13
16:56:51.190 > [148975][V][LoraMesher.cpp:647] processPackets(): [LoRaMesher] Size of Received Packets Queue: 1
16:56:51.199 > [148984][V][LoraMesher.cpp:754] printHeaderPacket(): [LoRaMesher] Packet received -- Size: 17 Src: B3F0 Dst: D110 Id: 9 Type: 2 Via: D110 Seq_Id: 0 Num: 0
16:56:51.212 > [148997][I][LoraMesher.cpp:854] processDataPacket(): [LoRaMesher] Data packet from B3F0, destination D110, via D110
16:56:51.223 > [149008][V][LoraMesher.cpp:878] processDataPacket(): [LoRaMesher] Packet not for me, deleting it
16:56:51.231 > [149016][I][PacketQueueService.h:80] deleteQueuePacketAndPacket(): [LoRaMesher] Deleting packet
16:56:51.240 > [149025][I][PacketQueueService.h:83] deleteQueuePacketAndPacket(): [LoRaMesher] Deleting packet queue
16:56:51.249 > [149034][V][LoraMesher.cpp:641] processPackets(): [LoRaMesher] Stack space unused after entering the task: 2104
16:56:51.259 > [149044][V][LoraMesher.cpp:642] processPackets(): [LoRaMesher] Free heap: 336524
16:56:51.831 > [149617][V][LoraMesher.cpp:378] receivingRoutine(): [LoRaMesher] Stack space unused after entering the task: 2120
16:56:51.842 > [149627][V][LoraMesher.cpp:379] receivingRoutine(): [LoRaMesher] Free heap: 336524
16:56:51.849 > [149634][I][PacketService.cpp:12] createEmptyPacket(): [LoRaMesher] Packet created with 17 bytes
16:56:51.858 > [149643][I][LoraMesher.cpp:392] receivingRoutine(): [LoRaMesher] Receiving LoRa packet: Size: 17 bytes RSSI: -26 SNR: 13
16:56:51.869 > [149654][V][LoraMesher.cpp:647] processPackets(): [LoRaMesher] Size of Received Packets Queue: 1
16:56:51.878 > [149663][V][LoraMesher.cpp:754] printHeaderPacket(): [LoRaMesher] Packet received -- Size: 17 Src: DE6C Dst: D110 Id: 9 Type: 2 Via: D110 Seq_Id: 0 Num: 0
16:56:51.891 > [149677][I][LoraMesher.cpp:854] processDataPacket(): [LoRaMesher] Data packet from DE6C, destination D110, via D110
16:56:51.902 > [149687][V][LoraMesher.cpp:878] processDataPacket(): [LoRaMesher] Packet not for me, deleting it
16:56:51.910 > [149695][I][PacketQueueService.h:80] deleteQueuePacketAndPacket(): [LoRaMesher] Deleting packet
16:56:51.919 > [149704][I][PacketQueueService.h:83] deleteQueuePacketAndPacket(): [LoRaMesher] Deleting packet queue
16:56:51.928 > [149713][V][LoraMesher.cpp:641] processPackets(): [LoRaMesher] Stack space unused after entering the task: 2104
16:56:51.938 > [149723][V][LoraMesher.cpp:642] processPackets(): [LoRaMesher] Free heap: 336524
16:57:09.015 > Send packet 8
16:57:09.016 > Sending packet to D110
16:57:09.018 > [166801][V][LoraMesher.h:250] createPacketAndSend(): [LoRaMesher] Creating a packet for send with 8 bytes
16:57:09.028 > [166813][V][PacketFactory.h:45] createPacket(): [LoRaMesher] Creating packet with 17 bytes
16:57:09.036 > [166821][I][PacketFactory.h:74] createPacket(): [LoRaMesher] Packet created with 17 bytes
16:57:09.044 > [166829][I][LoraMesher.h:659] setPackedForSend(): [LoRaMesher] Adding packet to Q_SP
16:57:09.051 > [166837][I][LoraMesher.h:661] setPackedForSend(): [LoRaMesher] Created packet to Q_SP
16:57:09.060 > [166844][I][LoraMesher.cpp:1061] addToSendOrderedAndNotify(): [LoRaMesher] Added packet to Q_SP, notifying sender task
16:57:09.069 > [166855][V][LoraMesher.cpp:511] sendPackets(): [LoRaMesher] Stack space unused after entering the task: 1968
16:57:09.079 > [166864][V][LoraMesher.cpp:512] sendPackets(): [LoRaMesher] Free heap: 336428
16:57:09.086 > [166871][V][LoraMesher.cpp:518] sendPackets(): [LoRaMesher] Size of Send Packets Queue: 1
16:57:09.094 > [166879][V][LoraMesher.cpp:525] sendPackets(): [LoRaMesher] Send n. 10
16:57:09.100 > [166886][V][LoraMesher.cpp:455] waitBeforeSend(): [LoRaMesher] RandomDelay 1028 ms
16:57:09.897 > [167683][V][LoraMesher.cpp:378] receivingRoutine(): [LoRaMesher] Stack space unused after entering the task: 2120
16:57:09.908 > [167693][V][LoraMesher.cpp:379] receivingRoutine(): [LoRaMesher] Free heap: 336456
16:57:09.915 > [167700][I][PacketService.cpp:12] createEmptyPacket(): [LoRaMesher] Packet created with 17 bytes
16:57:09.924 > [167709][I][LoraMesher.cpp:392] receivingRoutine(): [LoRaMesher] Receiving LoRa packet: Size: 17 bytes RSSI: -26 SNR: 13
16:57:09.935 > [167720][V][LoraMesher.cpp:647] processPackets(): [LoRaMesher] Size of Received Packets Queue: 1
16:57:09.944 > [167729][V][LoraMesher.cpp:754] printHeaderPacket(): [LoRaMesher] Packet received -- Size: 17 Src: DE6C Dst: D110 Id: 10 Type: 2 Via: D110 Seq_Id: 0 Num: 0
16:57:09.957 > [167743][I][LoraMesher.cpp:854] processDataPacket(): [LoRaMesher] Data packet from DE6C, destination D110, via D110
16:57:09.968 > [167753][V][LoraMesher.cpp:878] processDataPacket(): [LoRaMesher] Packet not for me, deleting it
16:57:09.976 > [167762][I][PacketQueueService.h:80] deleteQueuePacketAndPacket(): [LoRaMesher] Deleting packet
16:57:09.985 > [167770][I][PacketQueueService.h:83] deleteQueuePacketAndPacket(): [LoRaMesher] Deleting packet queue
16:57:09.994 > [167779][V][LoraMesher.cpp:641] processPackets(): [LoRaMesher] Stack space unused after entering the task: 2104
16:57:10.004 > [167789][V][LoraMesher.cpp:642] processPackets(): [LoRaMesher] Free heap: 336456
16:57:10.141 > [167927][V][LoraMesher.cpp:462] waitBeforeSend(): [LoRaMesher] Preamble detected while waiting 1
16:57:10.150 > [167936][V][LoraMesher.cpp:455] waitBeforeSend(): [LoRaMesher] RandomDelay 328 ms
16:57:10.486 > [168271][V][LoraMesher.cpp:754] printHeaderPacket(): [LoRaMesher] Packet send -- Size: 17 Src: F02C Dst: D110 Id: 10 Type: 2 Via: D110 Seq_Id: 0 Num: 0
16:57:10.576 > [168361][V][LoraMesher.cpp:575] sendPackets(): [LoRaMesher] TimeOnAir 63 ms, next message in 0 ms
16:57:10.585 > [168370][I][PacketQueueService.h:80] deleteQueuePacketAndPacket(): [LoRaMesher] Deleting packet
16:57:10.593 > [168379][I][PacketQueueService.h:83] deleteQueuePacketAndPacket(): [LoRaMesher] Deleting packet queue
16:57:12.001 > [169787][V][LoraMesher.cpp:378] receivingRoutine(): [LoRaMesher] Stack space unused after entering the task: 2120
16:57:12.011 > [169797][V][LoraMesher.cpp:379] receivingRoutine(): [LoRaMesher] Free heap: 336524
16:57:12.019 > [169804][I][PacketService.cpp:12] createEmptyPacket(): [LoRaMesher] Packet created with 17 bytes
16:57:12.027 > [169813][I][LoraMesher.cpp:392] receivingRoutine(): [LoRaMesher] Receiving LoRa packet: Size: 17 bytes RSSI: -24 SNR: 13
16:57:12.039 > [169824][V][LoraMesher.cpp:647] processPackets(): [LoRaMesher] Size of Received Packets Queue: 1
16:57:12.047 > [169833][V][LoraMesher.cpp:754] printHeaderPacket(): [LoRaMesher] Packet received -- Size: 17 Src: B3F0 Dst: D110 Id: 10 Type: 2 Via: D110 Seq_Id: 0 Num: 0
16:57:12.062 > [169847][I][LoraMesher.cpp:854] processDataPacket(): [LoRaMesher] Data packet from B3F0, destination D110, via D110
16:57:12.071 > [169857][V][LoraMesher.cpp:878] processDataPacket(): [LoRaMesher] Packet not for me, deleting it
16:57:12.080 > [169865][I][PacketQueueService.h:80] deleteQueuePacketAndPacket(): [LoRaMesher] Deleting packet
16:57:12.088 > [169874][I][PacketQueueService.h:83] deleteQueuePacketAndPacket(): [LoRaMesher] Deleting packet queue
16:57:12.097 > [169883][V][LoraMesher.cpp:641] processPackets(): [LoRaMesher] Stack space unused after entering the task: 2104
16:57:12.107 > [169893][V][LoraMesher.cpp:642] processPackets(): [LoRaMesher] Free heap: 336524
16:57:29.108 > Send packet 9
16:57:29.110 > Sending packet to D110
16:57:29.112 > [186894][V][LoraMesher.h:250] createPacketAndSend(): [LoRaMesher] Creating a packet for send with 8 bytes
16:57:29.121 > [186906][V][PacketFactory.h:45] createPacket(): [LoRaMesher] Creating packet with 17 bytes
16:57:29.129 > [186914][I][PacketFactory.h:74] createPacket(): [LoRaMesher] Packet created with 17 bytes
16:57:29.137 > [186922][I][LoraMesher.h:659] setPackedForSend(): [LoRaMesher] Adding packet to Q_SP
16:57:29.145 > [186930][I][LoraMesher.h:661] setPackedForSend(): [LoRaMesher] Created packet to Q_SP
16:57:29.152 > [186937][I][LoraMesher.cpp:1061] addToSendOrderedAndNotify(): [LoRaMesher] Added packet to Q_SP, notifying sender task
16:57:29.163 > [186948][V][LoraMesher.cpp:511] sendPackets(): [LoRaMesher] Stack space unused after entering the task: 1968
16:57:29.173 > [186957][V][LoraMesher.cpp:512] sendPackets(): [LoRaMesher] Free heap: 336428
16:57:29.179 > [186964][V][LoraMesher.cpp:518] sendPackets(): [LoRaMesher] Size of Send Packets Queue: 1
16:57:29.187 > [186972][V][LoraMesher.cpp:525] sendPackets(): [LoRaMesher] Send n. 11
16:57:29.194 > [186979][V][LoraMesher.cpp:455] waitBeforeSend(): [LoRaMesher] RandomDelay 1028 ms
16:57:30.105 > [187891][V][LoraMesher.cpp:378] receivingRoutine(): [LoRaMesher] Stack space unused after entering the task: 2120
16:57:30.116 > [187901][V][LoraMesher.cpp:379] receivingRoutine(): [LoRaMesher] Free heap: 336456
16:57:30.123 > [187908][I][PacketService.cpp:12] createEmptyPacket(): [LoRaMesher] Packet created with 17 bytes
16:57:30.132 > [187917][I][LoraMesher.cpp:392] receivingRoutine(): [LoRaMesher] Receiving LoRa packet: Size: 17 bytes RSSI: -24 SNR: 1
16:57:30.143 > [187928][V][LoraMesher.cpp:647] processPackets(): [LoRaMesher] Size of Received Packets Queue: 1
16:57:30.152 > [187937][V][LoraMesher.cpp:754] printHeaderPacket(): [LoRaMesher] Packet received -- Size: 17 Src: B3F0 Dst: D110 Id: 11 Type: 2 Via: D110 Seq_Id: 0 Num: 0
16:57:30.166 > [187951][I][LoraMesher.cpp:854] processDataPacket(): [LoRaMesher] Data packet from B3F0, destination D110, via D110
16:57:30.176 > [187961][V][LoraMesher.cpp:878] processDataPacket(): [LoRaMesher] Packet not for me, deleting it
16:57:30.185 > [187969][I][PacketQueueService.h:80] deleteQueuePacketAndPacket(): [LoRaMesher] Deleting packet
16:57:30.193 > [187978][I][PacketQueueService.h:83] deleteQueuePacketAndPacket(): [LoRaMesher] Deleting packet queue
16:57:30.202 > [187987][V][LoraMesher.cpp:641] processPackets(): [LoRaMesher] Stack space unused after entering the task: 2104
16:57:30.212 > [187997][V][LoraMesher.cpp:642] processPackets(): [LoRaMesher] Free heap: 336456
16:57:30.235 > [188020][V][LoraMesher.cpp:462] waitBeforeSend(): [LoRaMesher] Preamble detected while waiting 1
16:57:30.244 > [188029][V][LoraMesher.cpp:455] waitBeforeSend(): [LoRaMesher] RandomDelay 404 ms
16:57:30.655 > [188440][V][LoraMesher.cpp:754] printHeaderPacket(): [LoRaMesher] Packet send -- Size: 17 Src: F02C Dst: D110 Id: 11 Type: 2 Via: D110 Seq_Id: 0 Num: 0
16:57:30.745 > [188530][V][LoraMesher.cpp:575] sendPackets(): [LoRaMesher] TimeOnAir 63 ms, next message in 0 ms
16:57:30.754 > [188539][I][PacketQueueService.h:80] deleteQueuePacketAndPacket(): [LoRaMesher] Deleting packet
16:57:30.763 > [188548][I][PacketQueueService.h:83] deleteQueuePacketAndPacket(): [LoRaMesher] Deleting packet queue
16:57:49.201 > Send packet 10
16:57:49.202 > Sending packet to D110
16:57:49.204 > [206987][V][LoraMesher.h:250] createPacketAndSend(): [LoRaMesher] Creating a packet for send with 8 bytes
16:57:49.214 > [206999][V][PacketFactory.h:45] createPacket(): [LoRaMesher] Creating packet with 17 bytes
16:57:49.222 > [207007][I][PacketFactory.h:74] createPacket(): [LoRaMesher] Packet created with 17 bytes
16:57:49.230 > [207015][I][LoraMesher.h:659] setPackedForSend(): [LoRaMesher] Adding packet to Q_SP
16:57:49.237 > [207023][I][LoraMesher.h:661] setPackedForSend(): [LoRaMesher] Created packet to Q_SP
16:57:49.245 > [207030][I][LoraMesher.cpp:1061] addToSendOrderedAndNotify(): [LoRaMesher] Added packet to Q_SP, notifying sender task
16:57:49.256 > [207041][V][LoraMesher.cpp:511] sendPackets(): [LoRaMesher] Stack space unused after entering the task: 1968
16:57:49.265 > [207050][V][LoraMesher.cpp:512] sendPackets(): [LoRaMesher] Free heap: 336428
16:57:49.272 > [207057][V][LoraMesher.cpp:518] sendPackets(): [LoRaMesher] Size of Send Packets Queue: 1
16:57:49.280 > [207065][V][LoraMesher.cpp:525] sendPackets(): [LoRaMesher] Send n. 12
16:57:49.287 > [207072][V][LoraMesher.cpp:455] waitBeforeSend(): [LoRaMesher] RandomDelay 839 ms
16:57:49.833 > [207619][V][LoraMesher.cpp:378] receivingRoutine(): [LoRaMesher] Stack space unused after entering the task: 2120
16:57:49.844 > [207629][V][LoraMesher.cpp:379] receivingRoutine(): [LoRaMesher] Free heap: 336456
16:57:49.851 > [207637][I][PacketService.cpp:12] createEmptyPacket(): [LoRaMesher] Packet created with 17 bytes
16:57:49.860 > [207645][I][LoraMesher.cpp:392] receivingRoutine(): [LoRaMesher] Receiving LoRa packet: Size: 17 bytes RSSI: -25 SNR: 13
16:57:49.871 > [207657][V][LoraMesher.cpp:647] processPackets(): [LoRaMesher] Size of Received Packets Queue: 1
16:57:49.880 > [207665][V][LoraMesher.cpp:754] printHeaderPacket(): [LoRaMesher] Packet received -- Size: 17 Src: DE6C Dst: D110 Id: 12 Type: 2 Via: D110 Seq_Id: 0 Num: 0
16:57:49.894 > [207679][I][LoraMesher.cpp:854] processDataPacket(): [LoRaMesher] Data packet from DE6C, destination D110, via D110
16:57:49.904 > [207689][V][LoraMesher.cpp:878] processDataPacket(): [LoRaMesher] Packet not for me, deleting it
16:57:49.913 > [207698][I][PacketQueueService.h:80] deleteQueuePacketAndPacket(): [LoRaMesher] Deleting packet
16:57:49.921 > [207706][I][PacketQueueService.h:83] deleteQueuePacketAndPacket(): [LoRaMesher] Deleting packet queue
16:57:49.930 > [207715][V][LoraMesher.cpp:641] processPackets(): [LoRaMesher] Stack space unused after entering the task: 2104
16:57:49.940 > [207725][V][LoraMesher.cpp:642] processPackets(): [LoRaMesher] Free heap: 336456
16:57:50.139 > [207924][V][LoraMesher.cpp:462] waitBeforeSend(): [LoRaMesher] Preamble detected while waiting 1
16:57:50.148 > [207933][V][LoraMesher.cpp:455] waitBeforeSend(): [LoRaMesher] RandomDelay 1164 ms
16:57:51.227 > [209012][V][LoraMesher.cpp:378] receivingRoutine(): [LoRaMesher] Stack space unused after entering the task: 2120
16:57:51.237 > [209023][V][LoraMesher.cpp:379] receivingRoutine(): [LoRaMesher] Free heap: 336456
16:57:51.245 > [209030][I][PacketService.cpp:12] createEmptyPacket(): [LoRaMesher] Packet created with 17 bytes
16:57:51.254 > [209039][I][LoraMesher.cpp:392] receivingRoutine(): [LoRaMesher] Receiving LoRa packet: Size: 17 bytes RSSI: -23 SNR: 13
16:57:51.265 > [209050][V][LoraMesher.cpp:647] processPackets(): [LoRaMesher] Size of Received Packets Queue: 1
16:57:51.273 > [209059][V][LoraMesher.cpp:754] printHeaderPacket(): [LoRaMesher] Packet received -- Size: 17 Src: B3F0 Dst: D110 Id: 12 Type: 2 Via: D110 Seq_Id: 0 Num: 0
16:57:51.287 > [209072][I][LoraMesher.cpp:854] processDataPacket(): [LoRaMesher] Data packet from B3F0, destination D110, via D110
16:57:51.297 > [209083][V][LoraMesher.cpp:878] processDataPacket(): [LoRaMesher] Packet not for me, deleting it
16:57:51.306 > [209091][I][PacketQueueService.h:80] deleteQueuePacketAndPacket(): [LoRaMesher] Deleting packet
16:57:51.314 > [209100][I][PacketQueueService.h:83] deleteQueuePacketAndPacket(): [LoRaMesher] Deleting packet queue
16:57:51.324 > [209109][V][LoraMesher.cpp:641] processPackets(): [LoRaMesher] Stack space unused after entering the task: 2104
16:57:51.333 > [209110][V][LoraMesher.cpp:462] waitBeforeSend(): [LoRaMesher] Preamble detected while waiting 2
16:57:51.342 > [209127[]2[0V9]1[2L7o]r[aVM]e[sLhoerra.Mcepsph:e4r5.5c]p pw:a6i4t2B]e fporroecSeesnsdP(a)c:k e[tLso(R)a:M e[sLhoeRra]M eRsahnedro]mDreay e60:m336456
16:57:51.715 > [209500][V][LoraMesher.cpp:754] printHeaderPacket(): [LoRaMesher] Packet send -- Size: 17 Src: F02C Dst: D110 Id: 12 Type: 2 Via: D110 Seq_Id: 0 Num: 0
16:57:51.805 > [209590][V][LoraMesher.cpp:575] sendPackets(): [LoRaMesher] TimeOnAir 63 ms, next message in 0 ms
16:57:51.814 > [209599][I][PacketQueueService.h:80] deleteQueuePacketAndPacket(): [LoRaMesher] Deleting packet
16:57:51.822 > [209608][I][PacketQueueService.h:83] deleteQueuePacketAndPacket(): [LoRaMesher] Deleting packet queue
16:58:09.294 > Send packet 11
16:58:09.296 > Sending packet to D110
16:58:09.298 > [227080][V][LoraMesher.h:250] createPacketAndSend(): [LoRaMesher] Creating a packet for send with 8 bytes
16:58:09.307 > [227092][V][PacketFactory.h:45] createPacket(): [LoRaMesher] Creating packet with 17 bytes
16:58:09.316 > [227100][I][PacketFactory.h:74] createPacket(): [LoRaMesher] Packet created with 17 bytes
16:58:09.323 > [227108][I][LoraMesher.h:659] setPackedForSend(): [LoRaMesher] Adding packet to Q_SP
16:58:09.330 > [227116][I][LoraMesher.h:661] setPackedForSend(): [LoRaMesher] Created packet to Q_SP
16:58:09.338 > [227123][I][LoraMesher.cpp:1061] addToSendOrderedAndNotify(): [LoRaMesher] Added packet to Q_SP, notifying sender task
16:58:09.349 > [227134][V][LoraMesher.cpp:511] sendPackets(): [LoRaMesher] Stack space unused after entering the task: 1968
16:58:09.358 > [227143][V][LoraMesher.cpp:512] sendPackets(): [LoRaMesher] Free heap: 336428
16:58:09.365 > [227150][V][LoraMesher.cpp:518] sendPackets(): [LoRaMesher] Size of Send Packets Queue: 1
16:58:09.373 > [227158][V][LoraMesher.cpp:525] sendPackets(): [LoRaMesher] Send n. 13
16:58:09.380 > [227165][V][LoraMesher.cpp:455] waitBeforeSend(): [LoRaMesher] RandomDelay 922 ms
16:58:09.856 > [227642][V][LoraMesher.cpp:378] receivingRoutine(): [LoRaMesher] Stack space unused after entering the task: 2120
16:58:09.866 > [227652][V][LoraMesher.cpp:379] receivingRoutine(): [LoRaMesher] Free heap: 336456
16:58:09.874 > [227659][I][PacketService.cpp:12] createEmptyPacket(): [LoRaMesher] Packet created with 17 bytes
16:58:09.882 > [227668][I][LoraMesher.cpp:392] receivingRoutine(): [LoRaMesher] Receiving LoRa packet: Size: 17 bytes RSSI: -26 SNR: -1
16:58:09.894 > [227679][V][LoraMesher.cpp:647] processPackets(): [LoRaMesher] Size of Received Packets Queue: 1
16:58:09.903 > [227688][V][LoraMesher.cpp:754] printHeaderPacket(): [LoRaMesher] Packet received -- Size: 17 Src: B3F0 Dst: D110 Id: 13 Type: 2 Via: D110 Seq_Id: 0 Num: 0
16:58:09.917 > [227702][I][LoraMesher.cpp:854] processDataPacket(): [LoRaMesher] Data packet from B3F0, destination D110, via D110
16:58:09.927 > [227712][V][LoraMesher.cpp:878] processDataPacket(): [LoRaMesher] Packet not for me, deleting it
16:58:09.935 > [227720][I][PacketQueueService.h:80] deleteQueuePacketAndPacket(): [LoRaMesher] Deleting packet
16:58:09.943 > [227729][I][PacketQueueService.h:83] deleteQueuePacketAndPacket(): [LoRaMesher] Deleting packet queue
16:58:09.952 > [227738][V][LoraMesher.cpp:641] processPackets(): [LoRaMesher] Stack space unused after entering the task: 2104
16:58:09.962 > [227748][V][LoraMesher.cpp:642] processPackets(): [LoRaMesher] Free heap: 336456
16:58:10.315 > [228100][V][LoraMesher.cpp:462] waitBeforeSend(): [LoRaMesher] Preamble detected while waiting 1
16:58:10.324 > [228109][V][LoraMesher.cpp:455] waitBeforeSend(): [LoRaMesher] RandomDelay 334 ms
16:58:10.665 > [228450][V][LoraMesher.cpp:754] printHeaderPacket(): [LoRaMesher] Packet send -- Size: 17 Src: F02C Dst: D110 Id: 13 Type: 2 Via: D110 Seq_Id: 0 Num: 0
16:58:10.755 > [228540][V][LoraMesher.cpp:575] sendPackets(): [LoRaMesher] TimeOnAir 63 ms, next message in 0 ms
16:58:10.765 > [228549][I][PacketQueueService.h:80] deleteQueuePacketAndPacket(): [LoRaMesher] Deleting packet
16:58:10.773 > [228558][I][PacketQueueService.h:83] deleteQueuePacketAndPacket(): [LoRaMesher] Deleting packet queue
16:58:29.387 > Send packet 12
16:58:29.389 > Sending packet to D110
16:58:29.391 > [247173][V][LoraMesher.h:250] createPacketAndSend(): [LoRaMesher] Creating a packet for send with 8 bytes
16:58:29.400 > [247185][V][PacketFactory.h:45] createPacket(): [LoRaMesher] Creating packet with 17 bytes
16:58:29.408 > [247193][I][PacketFactory.h:74] createPacket(): [LoRaMesher] Packet created with 17 bytes
16:58:29.416 > [247201][I][LoraMesher.h:659] setPackedForSend(): [LoRaMesher] Adding packet to Q_SP
16:58:29.424 > [247209][I][LoraMesher.h:661] setPackedForSend(): [LoRaMesher] Created packet to Q_SP
16:58:29.431 > [247216][I][LoraMesher.cpp:1061] addToSendOrderedAndNotify(): [LoRaMesher] Added packet to Q_SP, notifying sender task
16:58:29.442 > [247227][V][LoraMesher.cpp:511] sendPackets(): [LoRaMesher] Stack space unused after entering the task: 1968
16:58:29.452 > [247236][V][LoraMesher.cpp:512] sendPackets(): [LoRaMesher] Free heap: 336428
16:58:29.458 > [247243][V][LoraMesher.cpp:518] sendPackets(): [LoRaMesher] Size of Send Packets Queue: 1
16:58:29.466 > [247251][V][LoraMesher.cpp:525] sendPackets(): [LoRaMesher] Send n. 14
16:58:29.473 > [247258][V][LoraMesher.cpp:455] waitBeforeSend(): [LoRaMesher] RandomDelay 559 ms
16:58:29.872 > [247657][V][LoraMesher.cpp:378] receivingRoutine(): [LoRaMesher] Stack space unused after entering the task: 2120
16:58:29.883 > [247668][V][LoraMesher.cpp:379] receivingRoutine(): [LoRaMesher] Free heap: 336456
16:58:29.890 > [247675][I][PacketService.cpp:12] createEmptyPacket(): [LoRaMesher] Packet created with 17 bytes
16:58:29.899 > [247684][I][LoraMesher.cpp:392] receivingRoutine(): [LoRaMesher] Receiving LoRa packet: Size: 17 bytes RSSI: -26 SNR: 13
16:58:29.910 > [247695][V][LoraMesher.cpp:647] processPackets(): [LoRaMesher] Size of Received Packets Queue: 1
16:58:29.919 > [247704][V][LoraMesher.cpp:754] printHeaderPacket(): [LoRaMesher] Packet received -- Size: 17 Src: B3F0 Dst: D110 Id: 14 Type: 2 Via: D110 Seq_Id: 0 Num: 0
16:58:29.933 > [247718][I][LoraMesher.cpp:854] processDataPacket(): [LoRaMesher] Data packet from B3F0, destination D110, via D110
16:58:29.943 > [247728][V][LoraMesher.cpp:878] processDataPacket(): [LoRaMesher] Packet not for me, deleting it
16:58:29.951 > [247736][I][PacketQueueService.h:80] deleteQueuePacketAndPacket(): [LoRaMesher] Deleting packet
16:58:29.960 > [247745][I][PacketQueueService.h:83] deleteQueuePacketAndPacket(): [LoRaMesher] Deleting packet queue
16:58:29.969 > [247754][V][LoraMesher.cpp:641] processPackets(): [LoRaMesher] Stack space unused after entering the task: 2104
16:58:29.979 > [247764][V][LoraMesher.cpp:642] processPackets(): [LoRaMesher] Free heap: 336456
16:58:30.045 > [247830][V][LoraMesher.cpp:462] waitBeforeSend(): [LoRaMesher] Preamble detected while waiting 1
16:58:30.054 > [247839][V][LoraMesher.cpp:455] waitBeforeSend(): [LoRaMesher] RandomDelay 434 ms
16:58:30.229 > [248015][V][LoraMesher.cpp:598] sendHelloPacket(): [LoRaMesher] Creating Routing Packet
16:58:30.238 > [248023][V][LoraMesher.cpp:599] sendHelloPacket(): [LoRaMesher] Stack space unused after entering the task: 2332
16:58:30.248 > [248033][V][LoraMesher.cpp:600] sendHelloPacket(): [LoRaMesher] Free heap: 336456
16:58:30.255 > [248040][V][PacketFactory.h:45] createPacket(): [LoRaMesher] Creating packet with 20 bytes
16:58:30.263 > [248048][I][PacketFactory.h:74] createPacket(): [LoRaMesher] Packet created with 20 bytes
16:58:30.271 > [248056][I][LoraMesher.h:659] setPackedForSend(): [LoRaMesher] Adding packet to Q_SP
16:58:30.279 > [248064][I][LoraMesher.h:661] setPackedForSend(): [LoRaMesher] Created packet to Q_SP
16:58:30.286 > [248071][I][LoraMesher.cpp:1061] addToSendOrderedAndNotify(): [LoRaMesher] Added packet to Q_SP, notifying sender task
16:58:30.342 > [248127][V][LoraMesher.cpp:378] receivingRoutine(): [LoRaMesher] Stack space unused after entering the task: 2120
16:58:30.352 > [248137][V][LoraMesher.cpp:379] receivingRoutine(): [LoRaMesher] Free heap: 336360
16:58:30.360 > [248145][I][PacketService.cpp:12] createEmptyPacket(): [LoRaMesher] Packet created with 17 bytes
16:58:30.369 > [248154][I][LoraMesher.cpp:392] receivingRoutine(): [LoRaMesher] Receiving LoRa packet: Size: 17 bytes RSSI: -24 SNR: 12
16:58:30.380 > [248165][V][LoraMesher.cpp:647] processPackets(): [LoRaMesher] Size of Received Packets Queue: 1
16:58:30.389 > [248173][V][LoraMesher.cpp:754] printHeaderPacket(): [LoRaMesher] Packet received -- Size: 17 Src: DE6C Dst: D110 Id: 14 Type: 2 Via: D110 Seq_Id: 0 Num: 0
16:58:30.402 > [248187][I][LoraMesher.cpp:854] processDataPacket(): [LoRaMesher] Data packet from DE6C, destination D110, via D110
16:58:30.412 > [248197][V][LoraMesher.cpp:878] processDataPacket(): [LoRaMesher] Packet not for me, deleting it
16:58:30.421 > [248206][I][PacketQueueService.h:80] deleteQueuePacketAndPacket(): [LoRaMesher] Deleting packet
16:58:30.429 > [248215][I][PacketQueueService.h:83] deleteQueuePacketAndPacket(): [LoRaMesher] Deleting packet queue
16:58:30.439 > [248224][V][LoraMesher.cpp:641] processPackets(): [LoRaMesher] Stack space unused after entering the task: 2104
16:58:30.448 > [248233][V][LoraMesher.cpp:642] processPackets(): [LoRaMesher] Free heap: 336360
16:58:30.501 > [248286][V][LoraMesher.cpp:462] waitBeforeSend(): [LoRaMesher] Preamble detected while waiting 2
16:58:30.510 > [248295][V][LoraMesher.cpp:455] waitBeforeSend(): [LoRaMesher] RandomDelay 723 ms
16:58:31.240 > [249025][V][LoraMesher.cpp:754] printHeaderPacket(): [LoRaMesher] Packet send -- Size: 17 Src: F02C Dst: D110 Id: 14 Type: 2 Via: D110 Seq_Id: 0 Num: 0
16:58:31.330 > [249116][V][LoraMesher.cpp:575] sendPackets(): [LoRaMesher] TimeOnAir 63 ms, next message in 0 ms
16:58:31.339 > [249124][I][PacketQueueService.h:80] deleteQueuePacketAndPacket(): [LoRaMesher] Deleting packet
16:58:31.348 > [249133][I][PacketQueueService.h:83] deleteQueuePacketAndPacket(): [LoRaMesher] Deleting packet queue
16:58:31.357 > [249142][V][LoraMesher.cpp:518] sendPackets(): [LoRaMesher] Size of Send Packets Queue: 1
16:58:31.365 > [249150][V][LoraMesher.cpp:525] sendPackets(): [LoRaMesher] Send n. 15
16:58:31.371 > [249156][V][LoraMesher.cpp:455] waitBeforeSend(): [LoRaMesher] RandomDelay 1047 ms
16:58:32.013 > [249799][V][LoraMesher.cpp:378] receivingRoutine(): [LoRaMesher] Stack space unused after entering the task: 2120
16:58:32.024 > [249809][V][LoraMesher.cpp:379] receivingRoutine(): [LoRaMesher] Free heap: 336456
16:58:32.031 > [249816][I][PacketService.cpp:12] createEmptyPacket(): [LoRaMesher] Packet created with 20 bytes
16:58:32.040 > [249825][I][LoraMesher.cpp:392] receivingRoutine(): [LoRaMesher] Receiving LoRa packet: Size: 20 bytes RSSI: -25 SNR: 13
16:58:32.051 > [249836][V][LoraMesher.cpp:647] processPackets(): [LoRaMesher] Size of Received Packets Queue: 1
16:58:32.060 > [249845][V][LoraMesher.cpp:754] printHeaderPacket(): [LoRaMesher] Packet received -- Size: 20 Src: DE6C Dst: FFFF Id: 15 Type: 4 Via: 0 Seq_Id: 0 Num: 0
16:58:32.074 > [249859][I][RoutingTableService.cpp:77] processRoute(): [LoRaMesher] Route packet from DE6C with size 3
16:58:32.083 > [249868][I][RoutingTableService.cpp:99] resetReceiveSNRRoutePacket(): [LoRaMesher] Reset Receive SNR from DE6C: 13
16:58:32.093 > [249878][I][RoutingTableService.cpp:192] printRoutingTable(): [LoRaMesher] Current routing table:
16:58:32.102 > [249887][I][RoutingTableService.cpp:206] printRoutingTable(): [LoRaMesher] 0 - D110 via D110 metric 1 Role 1
16:58:32.111 > [249896][I][RoutingTableService.cpp:206] printRoutingTable(): [LoRaMesher] 1 - B3F0 via B3F0 metric 1 Role 0
16:58:32.121 > [249906][I][RoutingTableService.cpp:206] printRoutingTable(): [LoRaMesher] 2 - DE6C via DE6C metric 1 Role 0
16:58:32.131 > [249916][I][PacketQueueService.h:80] deleteQueuePacketAndPacket(): [LoRaMesher] Deleting packet
16:58:32.139 > [249924][I][PacketQueueService.h:83] deleteQueuePacketAndPacket(): [LoRaMesher] Deleting packet queue
16:58:32.148 > [249933][V][LoraMesher.cpp:641] processPackets(): [LoRaMesher] Stack space unused after entering the task: 2088
16:58:32.158 > [249943][V][LoraMesher.cpp:642] processPackets(): [LoRaMesher] Free heap: 336456
16:58:32.431 > [250216][V][LoraMesher.cpp:462] waitBeforeSend(): [LoRaMesher] Preamble detected while waiting 1
16:58:32.440 > [250225][V][LoraMesher.cpp:455] waitBeforeSend(): [LoRaMesher] RandomDelay 575 ms
16:58:33.022 > [250807][V][LoraMesher.cpp:754] printHeaderPacket(): [LoRaMesher] Packet send -- Size: 20 Src: F02C Dst: FFFF Id: 15 Type: 4 Via: 0 Seq_Id: 0 Num: 0
16:58:33.119 > [250904][V][LoraMesher.cpp:575] sendPackets(): [LoRaMesher] TimeOnAir 70 ms, next message in 0 ms
16:58:33.128 > [250913][I][PacketQueueService.h:80] deleteQueuePacketAndPacket(): [LoRaMesher] Deleting packet
16:58:33.137 > [250922][I][PacketQueueService.h:83] deleteQueuePacketAndPacket(): [LoRaMesher] Deleting packet queue
16:58:43.943 > [261728][V][LoraMesher.cpp:378] receivingRoutine(): [LoRaMesher] Stack space unused after entering the task: 2120
16:58:43.953 > [261738][V][LoraMesher.cpp:379] receivingRoutine(): [LoRaMesher] Free heap: 336524
16:58:43.960 > [261746][I][PacketService.cpp:12] createEmptyPacket(): [LoRaMesher] Packet created with 17 bytes
16:58:43.969 > [261754][I][LoraMesher.cpp:392] receivingRoutine(): [LoRaMesher] Receiving LoRa packet: Size: 17 bytes RSSI: -81 SNR: -1
16:58:43.980 > [261766][V][LoraMesher.cpp:647] processPackets(): [LoRaMesher] Size of Received Packets Queue: 1
16:58:43.989 > [261774][V][LoraMesher.cpp:754] printHeaderPacket(): [LoRaMesher] Packet received -- Size: 17 Src: C998 Dst: FFFF Id: 0 Type: 2 Via: 5B5D Seq_Id: 0 Num: 0
16:58:44.003 > [261788][I][LoraMesher.cpp:854] processDataPacket(): [LoRaMesher] Data packet from C998, destination FFFF, via 5B5D
16:58:44.013 > [261798][V][LoraMesher.cpp:865] processDataPacket(): [LoRaMesher] Data packet from C998 BROADCAST
16:58:44.022 > [261807][V][LoraMesher.cpp:893] processDataPacketForMe(): [LoRaMesher] Data Packet received
16:58:44.030 > [261815][I][PacketQueueService.h:80] deleteQueuePacketAndPacket(): [LoRaMesher] Deleting packet
16:58:44.038 > [261824][I][PacketQueueService.h:83] deleteQueuePacketAndPacket(): [LoRaMesher] Deleting packet queue
16:58:44.047 > [261833][V][LoraMesher.cpp:641] processPackets(): [LoRaMesher] Stack space unused after entering the task: 2088
16:58:44.057 > [261843][V][LoraMesher.cpp:642] processPackets(): [LoRaMesher] Free heap: 336464
16:58:44.229 > ReceivedUserData_TaskHandle notify received
16:58:44.234 > Queue receiveUserData size: 1
16:58:44.236 > Packet arrived from C998 with size 8
16:58:44.239 > DATA:0 c998
16:58:45.861 > [263647][V][LoraMesher.cpp:378] receivingRoutine(): [LoRaMesher] Stack space unused after entering the task: 2120
16:58:45.872 > [263657][V][LoraMesher.cpp:379] receivingRoutine(): [LoRaMesher] Free heap: 336524
16:58:45.879 > [263664][I][PacketService.cpp:12] createEmptyPacket(): [LoRaMesher] Packet created with 8 bytes
16:58:45.888 > [263673][I][LoraMesher.cpp:392] receivingRoutine(): [LoRaMesher] Receiving LoRa packet: Size: 8 bytes RSSI: -81 SNR: -2
16:58:45.899 > [263684][V][LoraMesher.cpp:647] processPackets(): [LoRaMesher] Size of Received Packets Queue: 1
16:58:45.908 > [263693][V][LoraMesher.cpp:754] printHeaderPacket(): [LoRaMesher] Packet received -- Size: 8 Src: C998 Dst: FFFF Id: 1 Type: 4 Via: 0 Seq_Id: 0 Num: 0
16:58:45.921 > [263706][I][RoutingTableService.cpp:77] processRoute(): [LoRaMesher] Route packet from C998 with size 0
16:58:45.930 > [263715][I][RoutingTableService.cpp:156] addNodeToRoutingTable(): [LoRaMesher] New route added: C998 via C998 metric 1, role 0
16:58:45.941 > [263727][I][RoutingTableService.cpp:99] resetReceiveSNRRoutePacket(): [LoRaMesher] Reset Receive SNR from C998: -2
16:58:45.951 > [263737][I][RoutingTableService.cpp:192] printRoutingTable(): [LoRaMesher] Current routing table:
16:58:45.960 > [263745][I][RoutingTableService.cpp:206] printRoutingTable(): [LoRaMesher] 0 - D110 via D110 metric 1 Role 1
16:58:45.970 > [263755][I][RoutingTableService.cpp:206] printRoutingTable(): [LoRaMesher] 1 - B3F0 via B3F0 metric 1 Role 0
16:58:45.979 > [263765][I][RoutingTableService.cpp:206] printRoutingTable(): [LoRaMesher] 2 - DE6C via DE6C metric 1 Role 0
16:58:45.989 > [263774][I][RoutingTableService.cpp:206] printRoutingTable(): [LoRaMesher] 3 - C998 via C998 metric 1 Role 0
16:58:45.999 > [263784][I][PacketQueueService.h:80] deleteQueuePacketAndPacket(): [LoRaMesher] Deleting packet
16:58:46.007 > [263792][I][PacketQueueService.h:83] deleteQueuePacketAndPacket(): [LoRaMesher] Deleting packet queue
16:58:46.016 > [263801][V][LoraMesher.cpp:641] processPackets(): [LoRaMesher] Stack space unused after entering the task: 2088
16:58:46.026 > [263811][V][LoraMesher.cpp:642] processPackets(): [LoRaMesher] Free heap: 336460
16:58:48.948 > [266733][V][LoraMesher.cpp:378] receivingRoutine(): [LoRaMesher] Stack space unused after entering the task: 2120
16:58:48.958 > [266743][V][LoraMesher.cpp:379] receivingRoutine(): [LoRaMesher] Free heap: 336460
16:58:48.965 > [266751][I][PacketService.cpp:12] createEmptyPacket(): [LoRaMesher] Packet created with 24 bytes
16:58:48.974 > [266760][I][LoraMesher.cpp:392] receivingRoutine(): [LoRaMesher] Receiving LoRa packet: Size: 24 bytes RSSI: -27 SNR: 12
16:58:48.986 > [266771][V][LoraMesher.cpp:647] processPackets(): [LoRaMesher] Size of Received Packets Queue: 1
16:58:48.994 > [266780][V][LoraMesher.cpp:754] printHeaderPacket(): [LoRaMesher] Packet received -- Size: 24 Src: D110 Dst: FFFF Id: 2 Type: 4 Via: 0 Seq_Id: 0 Num: 0
16:58:49.008 > [266793][I][RoutingTableService.cpp:77] processRoute(): [LoRaMesher] Route packet from D110 with size 4
16:58:49.017 > [266802][I][RoutingTableService.cpp:99] resetReceiveSNRRoutePacket(): [LoRaMesher] Reset Receive SNR from D110: 12
16:58:49.027 > [266812][I][RoutingTableService.cpp:192] printRoutingTable(): [LoRaMesher] Current routing table:
16:58:49.037 > [266821][I][RoutingTableService.cpp:206] printRoutingTable(): [LoRaMesher] 0 - D110 via D110 metric 1 Role 1
16:58:49.045 > [266831][I][RoutingTableService.cpp:206] printRoutingTable(): [LoRaMesher] 1 - B3F0 via B3F0 metric 1 Role 0
16:58:49.055 > [266840][I][RoutingTableService.cpp:206] printRoutingTable(): [LoRaMesher] 2 - DE6C via DE6C metric 1 Role 0
16:58:49.065 > [266850][I][RoutingTableService.cpp:206] printRoutingTable(): [LoRaMesher] 3 - C998 via C998 metric 1 Role 0
16:58:49.074 > [266860][I][PacketQueueService.h:80] deleteQueuePacketAndPacket(): [LoRaMesher] Deleting packet
16:58:49.083 > [266868][I][PacketQueueService.h:83] deleteQueuePacketAndPacket(): [LoRaMesher] Deleting packet queue
16:58:49.092 > [266877][V][LoraMesher.cpp:641] processPackets(): [LoRaMesher] Stack space unused after entering the task: 2088
16:58:49.102 > [266887][V][LoraMesher.cpp:642] processPackets(): [LoRaMesher] Free heap: 336460
16:58:49.480 > Send packet 13
16:58:49.481 > Sending packet to D110
16:58:49.483 > [267266][V][LoraMesher.h:250] createPacketAndSend(): [LoRaMesher] Creating a packet for send with 8 bytes
16:58:49.493 > [267278][V][PacketFactory.h:45] createPacket(): [LoRaMesher] Creating packet with 17 bytes
16:58:49.501 > [267286][I][PacketFactory.h:74] createPacket(): [LoRaMesher] Packet created with 17 bytes
16:58:49.509 > [267294][I][LoraMesher.h:659] setPackedForSend(): [LoRaMesher] Adding packet to Q_SP
16:58:49.516 > [267302][I][LoraMesher.h:661] setPackedForSend(): [LoRaMesher] Created packet to Q_SP
16:58:49.524 > [267309][I][LoraMesher.cpp:1061] addToSendOrderedAndNotify(): [LoRaMesher] Added packet to Q_SP, notifying sender task
16:58:49.535 > [267320][V][LoraMesher.cpp:511] sendPackets(): [LoRaMesher] Stack space unused after entering the task: 1968
16:58:49.544 > [267329][V][LoraMesher.cpp:512] sendPackets(): [LoRaMesher] Free heap: 336364
16:58:49.551 > [267336][V][LoraMesher.cpp:518] sendPackets(): [LoRaMesher] Size of Send Packets Queue: 1
16:58:49.559 > [267344][V][LoraMesher.cpp:525] sendPackets(): [LoRaMesher] Send n. 16
16:58:49.565 > [267351][V][LoraMesher.cpp:455] waitBeforeSend(): [LoRaMesher] RandomDelay 278 ms
16:58:49.851 > [267637][V][LoraMesher.cpp:754] printHeaderPacket(): [LoRaMesher] Packet send -- Size: 17 Src: F02C Dst: D110 Id: 16 Type: 2 Via: D110 Seq_Id: 0 Num: 0
16:58:49.941 > [267727][V][LoraMesher.cpp:575] sendPackets(): [LoRaMesher] TimeOnAir 63 ms, next message in 0 ms
16:58:49.950 > [267735][I][PacketQueueService.h:80] deleteQueuePacketAndPacket(): [LoRaMesher] Deleting packet
16:58:49.958 > [267744][I][PacketQueueService.h:83] deleteQueuePacketAndPacket(): [LoRaMesher] Deleting packet queue
16:58:50.944 > [268729][V][LoraMesher.cpp:378] receivingRoutine(): [LoRaMesher] Stack space unused after entering the task: 2120
16:58:50.954 > [268740][V][LoraMesher.cpp:379] receivingRoutine(): [LoRaMesher] Free heap: 336460
16:58:50.963 > [268747][I][PacketService.cpp:12] createEmptyPacket(): [LoRaMesher] Packet created with 17 bytes
16:58:50.970 > [268756][I][LoraMesher.cpp:392] receivingRoutine(): [LoRaMesher] Receiving LoRa packet: Size: 17 bytes RSSI: -24 SNR: 12
16:58:50.982 > [268767][V][LoraMesher.cpp:647] processPackets(): [LoRaMesher] Size of Received Packets Queue: 1
16:58:50.990 > [268776][V][LoraMesher.cpp:754] printHeaderPacket(): [LoRaMesher] Packet received -- Size: 17 Src: DE6C Dst: D110 Id: 16 Type: 2 Via: D110 Seq_Id: 0 Num: 0
16:58:51.004 > [268789][I][LoraMesher.cpp:854] processDataPacket(): [LoRaMesher] Data packet from DE6C, destination D110, via D110
16:58:51.014 > [268800][V][LoraMesher.cpp:878] processDataPacket(): [LoRaMesher] Packet not for me, deleting it
16:58:51.023 > [268808][I][PacketQueueService.h:80] deleteQueuePacketAndPacket(): [LoRaMesher] Deleting packet
16:58:51.031 > [268817][I][PacketQueueService.h:83] deleteQueuePacketAndPacket(): [LoRaMesher] Deleting packet queue
16:58:51.040 > [268826][V][LoraMesher.cpp:641] processPackets(): [LoRaMesher] Stack space unused after entering the task: 2088
16:58:51.050 > [268836][V][LoraMesher.cpp:642] processPackets(): [LoRaMesher] Free heap: 336460
16:59:04.596 > [282382][V][LoraMesher.cpp:378] receivingRoutine(): [LoRaMesher] Stack space unused after entering the task: 2120
16:59:04.607 > [282392][V][LoraMesher.cpp:379] receivingRoutine(): [LoRaMesher] Free heap: 336460
16:59:04.615 > [282399][I][PacketService.cpp:12] createEmptyPacket(): [LoRaMesher] Packet created with 17 bytes
16:59:04.623 > [282408][I][LoraMesher.cpp:392] receivingRoutine(): [LoRaMesher] Receiving LoRa packet: Size: 17 bytes RSSI: -76 SNR: 3
16:59:04.635 > [282419][V][LoraMesher.cpp:647] processPackets(): [LoRaMesher] Size of Received Packets Queue: 1
16:59:04.643 > [282428][V][LoraMesher.cpp:754] printHeaderPacket(): [LoRaMesher] Packet received -- Size: 17 Src: C998 Dst: D110 Id: 2 Type: 2 Via: D110 Seq_Id: 0 Num: 0
16:59:04.657 > [282442][I][LoraMesher.cpp:854] processDataPacket(): [LoRaMesher] Data packet from C998, destination D110, via D110
16:59:04.667 > [282452][V][LoraMesher.cpp:878] processDataPacket(): [LoRaMesher] Packet not for me, deleting it
16:59:04.675 > [282460][I][PacketQueueService.h:80] deleteQueuePacketAndPacket(): [LoRaMesher] Deleting packet
16:59:04.684 > [282469][I][PacketQueueService.h:83] deleteQueuePacketAndPacket(): [LoRaMesher] Deleting packet queue
16:59:04.693 > [282478][V][LoraMesher.cpp:641] processPackets(): [LoRaMesher] Stack space unused after entering the task: 2088
16:59:04.703 > [282488][V][LoraMesher.cpp:642] processPackets(): [LoRaMesher] Free heap: 336460
16:59:09.573 > Send packet 14
16:59:09.575 > Sending packet to D110
16:59:09.577 > [287359][V][LoraMesher.h:250] createPacketAndSend(): [LoRaMesher] Creating a packet for send with 8 bytes
16:59:09.586 > [287371][V][PacketFactory.h:45] createPacket(): [LoRaMesher] Creating packet with 17 bytes
16:59:09.594 > [287379][I][PacketFactory.h:74] createPacket(): [LoRaMesher] Packet created with 17 bytes
16:59:09.602 > [287387][I][LoraMesher.h:659] setPackedForSend(): [LoRaMesher] Adding packet to Q_SP
16:59:09.610 > [287395][I][LoraMesher.h:661] setPackedForSend(): [LoRaMesher] Created packet to Q_SP
16:59:09.618 > [287402][I][LoraMesher.cpp:1061] addToSendOrderedAndNotify(): [LoRaMesher] Added packet to Q_SP, notifying sender task
16:59:09.628 > [287413][V][LoraMesher.cpp:511] sendPackets(): [LoRaMesher] Stack space unused after entering the task: 1968
16:59:09.638 > [287423][V][LoraMesher.cpp:512] sendPackets(): [LoRaMesher] Free heap: 336364
16:59:09.645 > [287429][V][LoraMesher.cpp:518] sendPackets(): [LoRaMesher] Size of Send Packets Queue: 1
16:59:09.653 > [287437][V][LoraMesher.cpp:525] sendPackets(): [LoRaMesher] Send n. 17
16:59:09.659 > [287444][V][LoraMesher.cpp:455] waitBeforeSend(): [LoRaMesher] RandomDelay 757 ms
16:59:10.423 > [288209][V][LoraMesher.cpp:754] printHeaderPacket(): [LoRaMesher] Packet send -- Size: 17 Src: F02C Dst: D110 Id: 17 Type: 2 Via: D110 Seq_Id: 0 Num: 0
16:59:10.513 > [288299][V][LoraMesher.cpp:575] sendPackets(): [LoRaMesher] TimeOnAir 63 ms, next message in 0 ms
16:59:10.523 > [288307][I][PacketQueueService.h:80] deleteQueuePacketAndPacket(): [LoRaMesher] Deleting packet
16:59:10.531 > [288316][I][PacketQueueService.h:83] deleteQueuePacketAndPacket(): [LoRaMesher] Deleting packet queue
16:59:11.557 > [289342][V][LoraMesher.cpp:378] receivingRoutine(): [LoRaMesher] Stack space unused after entering the task: 2120
16:59:11.567 > [289352][V][LoraMesher.cpp:379] receivingRoutine(): [LoRaMesher] Free heap: 336460
16:59:11.575 > [289360][I][PacketService.cpp:12] createEmptyPacket(): [LoRaMesher] Packet created with 17 bytes
16:59:11.584 > [289368][I][LoraMesher.cpp:392] receivingRoutine(): [LoRaMesher] Receiving LoRa packet: Size: 17 bytes RSSI: -26 SNR: -2
16:59:11.595 > [289380][V][LoraMesher.cpp:647] processPackets(): [LoRaMesher] Size of Received Packets Queue: 1
16:59:11.604 > [289388][V][LoraMesher.cpp:754] printHeaderPacket(): [LoRaMesher] Packet received -- Size: 17 Src: DE6C Dst: D110 Id: 17 Type: 2 Via: D110 Seq_Id: 0 Num: 0
16:59:11.617 > [289402][I][LoraMesher.cpp:854] processDataPacket(): [LoRaMesher] Data packet from DE6C, destination D110, via D110
16:59:11.627 > [289412][V][LoraMesher.cpp:878] processDataPacket(): [LoRaMesher] Packet not for me, deleting it
16:59:11.636 > [289421][I][PacketQueueService.h:80] deleteQueuePacketAndPacket(): [LoRaMesher] Deleting packet
16:59:11.645 > [289429][I][PacketQueueService.h:83] deleteQueuePacketAndPacket(): [LoRaMesher] Deleting packet queue
16:59:11.654 > [289438][V][LoraMesher.cpp:641] processPackets(): [LoRaMesher] Stack space unused after entering the task: 2088
16:59:11.664 > [289448][V][LoraMesher.cpp:642] processPackets(): [LoRaMesher] Free heap: 336460
16:59:24.824 > [302610][V][LoraMesher.cpp:378] receivingRoutine(): [LoRaMesher] Stack space unused after entering the task: 2104
16:59:24.835 > [302620][V][LoraMesher.cpp:379] receivingRoutine(): [LoRaMesher] Free heap: 336460
16:59:24.842 > [302627][I][PacketService.cpp:12] createEmptyPacket(): [LoRaMesher] Packet created with 17 bytes
16:59:24.851 > [302636][I][LoraMesher.cpp:392] receivingRoutine(): [LoRaMesher] Receiving LoRa packet: Size: 17 bytes RSSI: -75 SNR: 5
16:59:24.862 > [302647][V][LoraMesher.cpp:647] processPackets(): [LoRaMesher] Size of Received Packets Queue: 1
16:59:24.871 > [302656][V][LoraMesher.cpp:754] printHeaderPacket(): [LoRaMesher] Packet received -- Size: 17 Src: C998 Dst: D110 Id: 3 Type: 2 Via: D110 Seq_Id: 0 Num: 0
16:59:24.885 > [302670][I][LoraMesher.cpp:854] processDataPacket(): [LoRaMesher] Data packet from C998, destination D110, via D110
16:59:24.895 > [302680][V][LoraMesher.cpp:878] processDataPacket(): [LoRaMesher] Packet not for me, deleting it
16:59:24.903 > [302688][I][PacketQueueService.h:80] deleteQueuePacketAndPacket(): [LoRaMesher] Deleting packet
16:59:24.912 > [302697][I][PacketQueueService.h:83] deleteQueuePacketAndPacket(): [LoRaMesher] Deleting packet queue
16:59:24.921 > [302706][V][LoraMesher.cpp:641] processPackets(): [LoRaMesher] Stack space unused after entering the task: 2088
16:59:24.931 > [302716][V][LoraMesher.cpp:642] processPackets(): [LoRaMesher] Free heap: 336460
16:59:29.666 > Send packet 15
16:59:29.668 > Sending packet to D110
16:59:29.670 > [307452][V][LoraMesher.h:250] createPacketAndSend(): [LoRaMesher] Creating a packet for send with 8 bytes
16:59:29.679 > [307464][V][PacketFactory.h:45] createPacket(): [LoRaMesher] Creating packet with 17 bytes
16:59:29.687 > [307472][I][PacketFactory.h:74] createPacket(): [LoRaMesher] Packet created with 17 bytes
16:59:29.695 > [307480][I][LoraMesher.h:659] setPackedForSend(): [LoRaMesher] Adding packet to Q_SP
16:59:29.703 > [307488][I][LoraMesher.h:661] setPackedForSend(): [LoRaMesher] Created packet to Q_SP
16:59:29.710 > [307495][I][LoraMesher.cpp:1061] addToSendOrderedAndNotify(): [LoRaMesher] Added packet to Q_SP, notifying sender task
16:59:29.721 > [307506][V][LoraMesher.cpp:511] sendPackets(): [LoRaMesher] Stack space unused after entering the task: 1968
16:59:29.730 > [307515][V][LoraMesher.cpp:512] sendPackets(): [LoRaMesher] Free heap: 336364
16:59:29.737 > [307522][V][LoraMesher.cpp:518] sendPackets(): [LoRaMesher] Size of Send Packets Queue: 1
16:59:29.745 > [307530][V][LoraMesher.cpp:525] sendPackets(): [LoRaMesher] Send n. 18
16:59:29.752 > [307537][V][LoraMesher.cpp:455] waitBeforeSend(): [LoRaMesher] RandomDelay 680 ms
16:59:30.156 > [307942][V][LoraMesher.cpp:378] receivingRoutine(): [LoRaMesher] Stack space unused after entering the task: 2104
16:59:30.167 > [307952][V][LoraMesher.cpp:379] receivingRoutine(): [LoRaMesher] Free heap: 336392
16:59:30.174 > [307959][I][PacketService.cpp:12] createEmptyPacket(): [LoRaMesher] Packet created with 17 bytes
16:59:30.183 > [307968][I][LoraMesher.cpp:392] receivingRoutine(): [LoRaMesher] Receiving LoRa packet: Size: 17 bytes RSSI: -27 SNR: 12
16:59:30.194 > [307979][V][LoraMesher.cpp:647] processPackets(): [LoRaMesher] Size of Received Packets Queue: 1
16:59:30.203 > [307988][V][LoraMesher.cpp:754] printHeaderPacket(): [LoRaMesher] Packet received -- Size: 17 Src: DE6C Dst: D110 Id: 18 Type: 2 Via: D110 Seq_Id: 0 Num: 0
16:59:30.217 > [308002][I][LoraMesher.cpp:854] processDataPacket(): [LoRaMesher] Data packet from DE6C, destination D110, via D110
16:59:30.227 > [308012][V][LoraMesher.cpp:878] processDataPacket(): [LoRaMesher] Packet not for me, deleting it
16:59:30.235 > [308020][I][PacketQueueService.h:80] deleteQueuePacketAndPacket(): [LoRaMesher] Deleting packet
16:59:30.244 > [308029][I][PacketQueueService.h:83] deleteQueuePacketAndPacket(): [LoRaMesher] Deleting packet queue
16:59:30.253 > [308038][V][LoraMesher.cpp:641] processPackets(): [LoRaMesher] Stack space unused after entering the task: 2088
16:59:30.263 > [308048][V][LoraMesher.cpp:642] processPackets(): [LoRaMesher] Free heap: 336392
16:59:30.445 > [308230][V][LoraMesher.cpp:462] waitBeforeSend(): [LoRaMesher] Preamble detected while waiting 1
16:59:30.454 > [308239][V][LoraMesher.cpp:455] waitBeforeSend(): [LoRaMesher] RandomDelay 264 ms
16:59:30.725 > [308510][V][LoraMesher.cpp:754] printHeaderPacket(): [LoRaMesher] Packet send -- Size: 17 Src: F02C Dst: D110 Id: 18 Type: 2 Via: D110 Seq_Id: 0 Num: 0
16:59:30.815 > [308600][V][LoraMesher.cpp:575] sendPackets(): [LoRaMesher] TimeOnAir 63 ms, next message in 0 ms
16:59:30.824 > [308609][I][PacketQueueService.h:80] deleteQueuePacketAndPacket(): [LoRaMesher] Deleting packet
16:59:30.833 > [308618][I][PacketQueueService.h:83] deleteQueuePacketAndPacket(): [LoRaMesher] Deleting packet queue
16:59:32.400 > [310185][V][LoraMesher.cpp:378] receivingRoutine(): [LoRaMesher] Stack space unused after entering the task: 2104
16:59:32.410 > [310195][V][LoraMesher.cpp:379] receivingRoutine(): [LoRaMesher] Free heap: 336460
16:59:32.418 > [310203][I][PacketService.cpp:12] createEmptyPacket(): [LoRaMesher] Packet created with 17 bytes
16:59:32.427 > [310212][I][LoraMesher.cpp:392] receivingRoutine(): [LoRaMesher] Receiving LoRa packet: Size: 17 bytes RSSI: -26 SNR: 13
16:59:32.438 > [310223][V][LoraMesher.cpp:647] processPackets(): [LoRaMesher] Size of Received Packets Queue: 1
16:59:32.446 > [310231][V][LoraMesher.cpp:754] printHeaderPacket(): [LoRaMesher] Packet received -- Size: 17 Src: B3F0 Dst: D110 Id: 18 Type: 2 Via: D110 Seq_Id: 0 Num: 0
16:59:32.460 > [310245][I][LoraMesher.cpp:854] processDataPacket(): [LoRaMesher] Data packet from B3F0, destination D110, via D110
16:59:32.470 > [310256][V][LoraMesher.cpp:878] processDataPacket(): [LoRaMesher] Packet not for me, deleting it
16:59:32.479 > [310264][I][PacketQueueService.h:80] deleteQueuePacketAndPacket(): [LoRaMesher] Deleting packet
16:59:32.487 > [310273][I][PacketQueueService.h:83] deleteQueuePacketAndPacket(): [LoRaMesher] Deleting packet queue
16:59:32.497 > [310282][V][LoraMesher.cpp:641] processPackets(): [LoRaMesher] Stack space unused after entering the task: 2088
16:59:32.506 > [310292][V][LoraMesher.cpp:642] processPackets(): [LoRaMesher] Free heap: 336460
16:59:44.866 > [322652][V][LoraMesher.cpp:378] receivingRoutine(): [LoRaMesher] Stack space unused after entering the task: 2104
16:59:44.877 > [322662][V][LoraMesher.cpp:379] receivingRoutine(): [LoRaMesher] Free heap: 336460
16:59:44.884 > [322669][I][PacketService.cpp:12] createEmptyPacket(): [LoRaMesher] Packet created with 17 bytes
16:59:44.893 > [322678][I][LoraMesher.cpp:392] receivingRoutine(): [LoRaMesher] Receiving LoRa packet: Size: 17 bytes RSSI: -74 SNR: 7
16:59:44.904 > [322689][V][LoraMesher.cpp:647] processPackets(): [LoRaMesher] Size of Received Packets Queue: 1
16:59:44.914 > [322698][V][LoraMesher.cpp:754] printHeaderPacket(): [LoRaMesher] Packet received -- Size: 17 Src: C998 Dst: D110 Id: 4 Type: 2 Via: D110 Seq_Id: 0 Num: 0
16:59:44.927 > [322712][I][LoraMesher.cpp:854] processDataPacket(): [LoRaMesher] Data packet from C998, destination D110, via D110
16:59:44.937 > [322722][V][LoraMesher.cpp:878] processDataPacket(): [LoRaMesher] Packet not for me, deleting it
16:59:44.945 > [322730][I][PacketQueueService.h:80] deleteQueuePacketAndPacket(): [LoRaMesher] Deleting packet
16:59:44.954 > [322739][I][PacketQueueService.h:83] deleteQueuePacketAndPacket(): [LoRaMesher] Deleting packet queue
16:59:44.963 > [322748][V][LoraMesher.cpp:641] processPackets(): [LoRaMesher] Stack space unused after entering the task: 2088
16:59:44.973 > [322758][V][LoraMesher.cpp:642] processPackets(): [LoRaMesher] Free heap: 336460
16:59:49.759 > Send packet 16
16:59:49.760 > Sending packet to D110
16:59:49.763 > [327545][V][LoraMesher.h:250] createPacketAndSend(): [LoRaMesher] Creating a packet for send with 8 bytes
16:59:49.772 > [327557][V][PacketFactory.h:45] createPacket(): [LoRaMesher] Creating packet with 17 bytes
16:59:49.780 > [327565][I][PacketFactory.h:74] createPacket(): [LoRaMesher] Packet created with 17 bytes
16:59:49.788 > [327573][I][LoraMesher.h:659] setPackedForSend(): [LoRaMesher] Adding packet to Q_SP
16:59:49.795 > [327581][I][LoraMesher.h:661] setPackedForSend(): [LoRaMesher] Created packet to Q_SP
16:59:49.803 > [327588][I][LoraMesher.cpp:1061] addToSendOrderedAndNotify(): [LoRaMesher] Added packet to Q_SP, notifying sender task
16:59:49.813 > [327599][V][LoraMesher.cpp:511] sendPackets(): [LoRaMesher] Stack space unused after entering the task: 1968
16:59:49.823 > [327608][V][LoraMesher.cpp:512] sendPackets(): [LoRaMesher] Free heap: 336364
16:59:49.830 > [327615][V][LoraMesher.cpp:518] sendPackets(): [LoRaMesher] Size of Send Packets Queue: 1
16:59:49.838 > [327623][V][LoraMesher.cpp:525] sendPackets(): [LoRaMesher] Send n. 19
16:59:49.844 > [327630][V][LoraMesher.cpp:455] waitBeforeSend(): [LoRaMesher] RandomDelay 509 ms
16:59:50.361 > [328147][V][LoraMesher.cpp:754] printHeaderPacket(): [LoRaMesher] Packet send -- Size: 17 Src: F02C Dst: D110 Id: 19 Type: 2 Via: D110 Seq_Id: 0 Num: 0
16:59:50.451 > [328237][V][LoraMesher.cpp:575] sendPackets(): [LoRaMesher] TimeOnAir 63 ms, next message in 0 ms
16:59:50.460 > [328245][I][PacketQueueService.h:80] deleteQueuePacketAndPacket(): [LoRaMesher] Deleting packet
16:59:50.469 > [328254][I][PacketQueueService.h:83] deleteQueuePacketAndPacket(): [LoRaMesher] Deleting packet queue
16:59:51.505 > [329290][V][LoraMesher.cpp:378] receivingRoutine(): [LoRaMesher] Stack space unused after entering the task: 2088
16:59:51.515 > [329300][V][LoraMesher.cpp:379] receivingRoutine(): [LoRaMesher] Free heap: 336460
16:59:51.522 > [329308][I][PacketService.cpp:12] createEmptyPacket(): [LoRaMesher] Packet created with 17 bytes
16:59:51.531 > [329316][I][LoraMesher.cpp:392] receivingRoutine(): [LoRaMesher] Receiving LoRa packet: Size: 17 bytes RSSI: -26 SNR: 12
16:59:51.542 > [329328][V][LoraMesher.cpp:647] processPackets(): [LoRaMesher] Size of Received Packets Queue: 1
16:59:51.552 > [329336][V][LoraMesher.cpp:754] printHeaderPacket(): [LoRaMesher] Packet received -- Size: 17 Src: DE6C Dst: D110 Id: 19 Type: 2 Via: D110 Seq_Id: 0 Num: 0
16:59:51.565 > [329350][I][LoraMesher.cpp:854] processDataPacket(): [LoRaMesher] Data packet from DE6C, destination D110, via D110
16:59:51.575 > [329360][V][LoraMesher.cpp:878] processDataPacket(): [LoRaMesher] Packet not for me, deleting it
16:59:51.584 > [329369][I][PacketQueueService.h:80] deleteQueuePacketAndPacket(): [LoRaMesher] Deleting packet
16:59:51.592 > [329377][I][PacketQueueService.h:83] deleteQueuePacketAndPacket(): [LoRaMesher] Deleting packet queue
16:59:51.601 > [329386][V][LoraMesher.cpp:641] processPackets(): [LoRaMesher] Stack space unused after entering the task: 2088
16:59:51.611 > [329396][V][LoraMesher.cpp:642] processPackets(): [LoRaMesher] Free heap: 336460
16:59:52.422 > [330207][V][LoraMesher.cpp:378] receivingRoutine(): [LoRaMesher] Stack space unused after entering the task: 2088
16:59:52.433 > [330217][V][LoraMesher.cpp:379] receivingRoutine(): [LoRaMesher] Free heap: 336460
16:59:52.439 > [330225][I][PacketService.cpp:12] createEmptyPacket(): [LoRaMesher] Packet created with 17 bytes
16:59:52.449 > [330234][I][LoraMesher.cpp:392] receivingRoutine(): [LoRaMesher] Receiving LoRa packet: Size: 17 bytes RSSI: -25 SNR: 13
16:59:52.460 > [330245][V][LoraMesher.cpp:647] processPackets(): [LoRaMesher] Size of Received Packets Queue: 1
16:59:52.468 > [330253][V][LoraMesher.cpp:754] printHeaderPacket(): [LoRaMesher] Packet received -- Size: 17 Src: B3F0 Dst: D110 Id: 19 Type: 2 Via: D110 Seq_Id: 0 Num: 0
16:59:52.483 > [330267][I][LoraMesher.cpp:854] processDataPacket(): [LoRaMesher] Data packet from B3F0, destination D110, via D110
16:59:52.492 > [330277][V][LoraMesher.cpp:878] processDataPacket(): [LoRaMesher] Packet not for me, deleting it
16:59:52.500 > [330286][I][PacketQueueService.h:80] deleteQueuePacketAndPacket(): [LoRaMesher] Deleting packet
16:59:52.510 > [330295][I][PacketQueueService.h:83] deleteQueuePacketAndPacket(): [LoRaMesher] Deleting packet queue
16:59:52.519 > [330304][V][LoraMesher.cpp:641] processPackets(): [LoRaMesher] Stack space unused after entering the task: 2088
16:59:52.528 > [330313][V][LoraMesher.cpp:642] processPackets(): [LoRaMesher] Free heap: 336460
17:00:05.595 > [343381][V][LoraMesher.cpp:378] receivingRoutine(): [LoRaMesher] Stack space unused after entering the task: 2088
17:00:05.606 > [343391][V][LoraMesher.cpp:379] receivingRoutine(): [LoRaMesher] Free heap: 336460
17:00:05.614 > [343399][I][PacketService.cpp:12] createEmptyPacket(): [LoRaMesher] Packet created with 17 bytes
17:00:05.623 > [343407][I][LoraMesher.cpp:392] receivingRoutine(): [LoRaMesher] Receiving LoRa packet: Size: 17 bytes RSSI: -74 SNR: 5
17:00:05.634 > [343418][V][LoraMesher.cpp:647] processPackets(): [LoRaMesher] Size of Received Packets Queue: 1
17:00:05.642 > [343427][V][LoraMesher.cpp:754] printHeaderPacket(): [LoRaMesher] Packet received -- Size: 17 Src: C998 Dst: D110 Id: 5 Type: 2 Via: D110 Seq_Id: 0 Num: 0
17:00:05.656 > [343441][I][LoraMesher.cpp:854] processDataPacket(): [LoRaMesher] Data packet from C998, destination D110, via D110
17:00:05.666 > [343451][V][LoraMesher.cpp:878] processDataPacket(): [LoRaMesher] Packet not for me, deleting it
17:00:05.675 > [343460][I][PacketQueueService.h:80] deleteQueuePacketAndPacket(): [LoRaMesher] Deleting packet
17:00:05.683 > [343468][I][PacketQueueService.h:83] deleteQueuePacketAndPacket(): [LoRaMesher] Deleting packet queue
17:00:05.692 > [343477][V][LoraMesher.cpp:641] processPackets(): [LoRaMesher] Stack space unused after entering the task: 2088
17:00:05.702 > [343487][V][LoraMesher.cpp:642] processPackets(): [LoRaMesher] Free heap: 336460
17:00:09.852 > Send packet 17
17:00:09.854 > Sending packet to D110
17:00:09.856 > [347638][V][LoraMesher.h:250] createPacketAndSend(): [LoRaMesher] Creating a packet for send with 8 bytes
17:00:09.865 > [347650][V][PacketFactory.h:45] createPacket(): [LoRaMesher] Creating packet with 17 bytes
17:00:09.873 > [347658][I][PacketFactory.h:74] createPacket(): [LoRaMesher] Packet created with 17 bytes
17:00:09.881 > [347666][I][LoraMesher.h:659] setPackedForSend(): [LoRaMesher] Adding packet to Q_SP
17:00:09.889 > [347674][I][LoraMesher.h:661] setPackedForSend(): [LoRaMesher] Created packet to Q_SP
17:00:09.896 > [347681][I][LoraMesher.cpp:1061] addToSendOrderedAndNotify(): [LoRaMesher] Added packet to Q_SP, notifying sender task
17:00:09.907 > [347692][V][LoraMesher.cpp:511] sendPackets(): [LoRaMesher] Stack space unused after entering the task: 1968
17:00:09.917 > [347701][V][LoraMesher.cpp:512] sendPackets(): [LoRaMesher] Free heap: 336364
17:00:09.924 > [347708][V][LoraMesher.cpp:518] sendPackets(): [LoRaMesher] Size of Send Packets Queue: 1
17:00:09.932 > [347716][V][LoraMesher.cpp:525] sendPackets(): [LoRaMesher] Send n. 20
17:00:09.938 > [347723][V][LoraMesher.cpp:455] waitBeforeSend(): [LoRaMesher] RandomDelay 754 ms
17:00:10.424 > [348209][V][LoraMesher.cpp:378] receivingRoutine(): [LoRaMesher] Stack space unused after entering the task: 2088
17:00:10.434 > [348219][V][LoraMesher.cpp:379] receivingRoutine(): [LoRaMesher] Free heap: 336392
17:00:10.442 > [348227][I][PacketService.cpp:12] createEmptyPacket(): [LoRaMesher] Packet created with 17 bytes
17:00:10.451 > [348236][I][LoraMesher.cpp:392] receivingRoutine(): [LoRaMesher] Receiving LoRa packet: Size: 17 bytes RSSI: -25 SNR: 13
17:00:10.462 > [348247][V][LoraMesher.cpp:647] processPackets(): [LoRaMesher] Size of Received Packets Queue: 1
17:00:10.471 > [348256][V][LoraMesher.cpp:754] printHeaderPacket(): [LoRaMesher] Packet received -- Size: 17 Src: B3F0 Dst: D110 Id: 20 Type: 2 Via: D110 Seq_Id: 0 Num: 0
17:00:10.485 > [348269][I][LoraMesher.cpp:854] processDataPacket(): [LoRaMesher] Data packet from B3F0, destination D110, via D110
17:00:10.495 > [348280][V][LoraMesher.cpp:878] processDataPacket(): [LoRaMesher] Packet not for me, deleting it
17:00:10.503 > [348288][I][PacketQueueService.h:80] deleteQueuePacketAndPacket(): [LoRaMesher] Deleting packet
17:00:10.512 > [348297][I][PacketQueueService.h:83] deleteQueuePacketAndPacket(): [LoRaMesher] Deleting packet queue
17:00:10.521 > [348306][V][LoraMesher.cpp:641] processPackets(): [LoRaMesher] Stack space unused after entering the task: 2088
17:00:10.531 > [348316][V][LoraMesher.cpp:642] processPackets(): [LoRaMesher] Free heap: 336392
17:00:10.705 > [348490][V][LoraMesher.cpp:462] waitBeforeSend(): [LoRaMesher] Preamble detected while waiting 1
17:00:10.714 > [348499][V][LoraMesher.cpp:455] waitBeforeSend(): [LoRaMesher] RandomDelay 1053 ms
17:00:11.473 > [349258][V][LoraMesher.cpp:378] receivingRoutine(): [LoRaMesher] Stack space unused after entering the task: 2088
17:00:11.484 > [349269][V][LoraMesher.cpp:379] receivingRoutine(): [LoRaMesher] Free heap: 336392
17:00:11.491 > [349276][I][PacketService.cpp:12] createEmptyPacket(): [LoRaMesher] Packet created with 17 bytes
17:00:11.500 > [349285][I][LoraMesher.cpp:392] receivingRoutine(): [LoRaMesher] Receiving LoRa packet: Size: 17 bytes RSSI: -27 SNR: 13
17:00:11.511 > [349296][V][LoraMesher.cpp:647] processPackets(): [LoRaMesher] Size of Received Packets Queue: 1
17:00:11.520 > [349305][V][LoraMesher.cpp:754] printHeaderPacket(): [LoRaMesher] Packet received -- Size: 17 Src: DE6C Dst: D110 Id: 20 Type: 2 Via: D110 Seq_Id: 0 Num: 0
17:00:11.534 > [349319][I][LoraMesher.cpp:854] processDataPacket(): [LoRaMesher] Data packet from DE6C, destination D110, via D110
17:00:11.544 > [349329][V][LoraMesher.cpp:878] processDataPacket(): [LoRaMesher] Packet not for me, deleting it
17:00:11.552 > [349337][I][PacketQueueService.h:80] deleteQueuePacketAndPacket(): [LoRaMesher] Deleting packet
17:00:11.561 > [349346][I][PacketQueueService.h:83] deleteQueuePacketAndPacket(): [LoRaMesher] Deleting packet queue
17:00:11.570 > [349355][V][LoraMesher.cpp:641] processPackets(): [LoRaMesher] Stack space unused after entering the task: 2088
17:00:11.580 > [349365][V][LoraMesher.cpp:642] processPackets(): [LoRaMesher] Free heap: 336392
17:00:11.780 > [349565][V][LoraMesher.cpp:462] waitBeforeSend(): [LoRaMesher] Preamble detected while waiting 2
17:00:11.789 > [349574][V][LoraMesher.cpp:455] waitBeforeSend(): [LoRaMesher] RandomDelay 1054 ms
17:00:12.850 > [350635][V][LoraMesher.cpp:754] printHeaderPacket(): [LoRaMesher] Packet send -- Size: 17 Src: F02C Dst: D110 Id: 20 Type: 2 Via: D110 Seq_Id: 0 Num: 0
17:00:12.940 > [350725][V][LoraMesher.cpp:575] sendPackets(): [LoRaMesher] TimeOnAir 63 ms, next message in 0 ms
17:00:12.949 > [350734][I][PacketQueueService.h:80] deleteQueuePacketAndPacket(): [LoRaMesher] Deleting packet
17:00:12.958 > [350743][I][PacketQueueService.h:83] deleteQueuePacketAndPacket(): [LoRaMesher] Deleting packet queue
17:00:25.700 > [363486][V][LoraMesher.cpp:378] receivingRoutine(): [LoRaMesher] Stack space unused after entering the task: 2088
17:00:25.711 > [363496][V][LoraMesher.cpp:379] receivingRoutine(): [LoRaMesher] Free heap: 336460
17:00:25.718 > [363504][I][PacketService.cpp:12] createEmptyPacket(): [LoRaMesher] Packet created with 17 bytes
17:00:25.727 > [363512][I][LoraMesher.cpp:392] receivingRoutine(): [LoRaMesher] Receiving LoRa packet: Size: 17 bytes RSSI: -73 SNR: 5
17:00:25.738 > [363523][V][LoraMesher.cpp:647] processPackets(): [LoRaMesher] Size of Received Packets Queue: 1
17:00:25.747 > [363532][V][LoraMesher.cpp:754] printHeaderPacket(): [LoRaMesher] Packet received -- Size: 17 Src: C998 Dst: D110 Id: 6 Type: 2 Via: D110 Seq_Id: 0 Num: 0
17:00:25.761 > [363546][I][LoraMesher.cpp:854] processDataPacket(): [LoRaMesher] Data packet from C998, destination D110, via D110
17:00:25.771 > [363556][V][LoraMesher.cpp:878] processDataPacket(): [LoRaMesher] Packet not for me, deleting it
17:00:25.780 > [363565][I][PacketQueueService.h:80] deleteQueuePacketAndPacket(): [LoRaMesher] Deleting packet
17:00:25.788 > [363573][I][PacketQueueService.h:83] deleteQueuePacketAndPacket(): [LoRaMesher] Deleting packet queue
17:00:25.797 > [363582][V][LoraMesher.cpp:641] processPackets(): [LoRaMesher] Stack space unused after entering the task: 2088
17:00:25.807 > [363592][V][LoraMesher.cpp:642] processPackets(): [LoRaMesher] Free heap: 336460
17:00:29.945 > Send packet 18
17:00:29.947 > Sending packet to D110
17:00:29.949 > [367731][V][LoraMesher.h:250] createPacketAndSend(): [LoRaMesher] Creating a packet for send with 8 bytes
17:00:29.958 > [367743][V][PacketFactory.h:45] createPacket(): [LoRaMesher] Creating packet with 17 bytes
17:00:29.966 > [367751][I][PacketFactory.h:74] createPacket(): [LoRaMesher] Packet created with 17 bytes
17:00:29.974 > [367759][I][LoraMesher.h:659] setPackedForSend(): [LoRaMesher] Adding packet to Q_SP
17:00:29.981 > [367767][I][LoraMesher.h:661] setPackedForSend(): [LoRaMesher] Created packet to Q_SP
17:00:29.989 > [367774][I][LoraMesher.cpp:1061] addToSendOrderedAndNotify(): [LoRaMesher] Added packet to Q_SP, notifying sender task
17:00:30.000 > [367785][V][LoraMesher.cpp:511] sendPackets(): [LoRaMesher] Stack space unused after entering the task: 1968
17:00:30.009 > [367794][V][LoraMesher.cpp:512] sendPackets(): [LoRaMesher] Free heap: 336364
17:00:30.016 > [367801][V][LoraMesher.cpp:518] sendPackets(): [LoRaMesher] Size of Send Packets Queue: 1
17:00:30.024 > [367809][V][LoraMesher.cpp:525] sendPackets(): [LoRaMesher] Send n. 21
17:00:30.031 > [367816][V][LoraMesher.cpp:455] waitBeforeSend(): [LoRaMesher] RandomDelay 515 ms
17:00:30.295 > [368081][V][LoraMesher.cpp:598] sendHelloPacket(): [LoRaMesher] Creating Routing Packet
17:00:30.304 > [368089][V][LoraMesher.cpp:599] sendHelloPacket(): [LoRaMesher] Stack space unused after entering the task: 2332
17:00:30.314 > [368099][V][LoraMesher.cpp:600] sendHelloPacket(): [LoRaMesher] Free heap: 336392
17:00:30.321 > [368106][V][PacketFactory.h:45] createPacket(): [LoRaMesher] Creating packet with 24 bytes
17:00:30.329 > [368114][I][PacketFactory.h:74] createPacket(): [LoRaMesher] Packet created with 24 bytes
17:00:30.337 > [368122][I][LoraMesher.h:659] setPackedForSend(): [LoRaMesher] Adding packet to Q_SP
17:00:30.344 > [368130][I][LoraMesher.h:661] setPackedForSend(): [LoRaMesher] Created packet to Q_SP
17:00:30.352 > [368137][I][LoraMesher.cpp:1061] addToSendOrderedAndNotify(): [LoRaMesher] Added packet to Q_SP, notifying sender task
17:00:30.553 > [368339][V][LoraMesher.cpp:754] printHeaderPacket(): [LoRaMesher] Packet send -- Size: 17 Src: F02C Dst: D110 Id: 21 Type: 2 Via: D110 Seq_Id: 0 Num: 0
17:00:30.643 > [368429][V][LoraMesher.cpp:575] sendPackets(): [LoRaMesher] TimeOnAir 63 ms, next message in 0 ms
17:00:30.652 > [368437][I][PacketQueueService.h:80] deleteQueuePacketAndPacket(): [LoRaMesher] Deleting packet
17:00:30.661 > [368446][I][PacketQueueService.h:83] deleteQueuePacketAndPacket(): [LoRaMesher] Deleting packet queue
17:00:30.670 > [368455][V][LoraMesher.cpp:518] sendPackets(): [LoRaMesher] Size of Send Packets Queue: 1
17:00:30.678 > [368463][V][LoraMesher.cpp:525] sendPackets(): [LoRaMesher] Send n. 22
17:00:30.684 > [368469][V][LoraMesher.cpp:455] waitBeforeSend(): [LoRaMesher] RandomDelay 592 ms
17:00:31.283 > [369068][V][LoraMesher.cpp:754] printHeaderPacket(): [LoRaMesher] Packet send -- Size: 24 Src: F02C Dst: FFFF Id: 22 Type: 4 Via: 0 Seq_Id: 0 Num: 0
17:00:31.387 > [369173][V][LoraMesher.cpp:575] sendPackets(): [LoRaMesher] TimeOnAir 78 ms, next message in 0 ms
17:00:31.396 > [369181][I][PacketQueueService.h:80] deleteQueuePacketAndPacket(): [LoRaMesher] Deleting packet
17:00:31.405 > [369190][I][PacketQueueService.h:83] deleteQueuePacketAndPacket(): [LoRaMesher] Deleting packet queue
17:00:32.819 > [370604][V][LoraMesher.cpp:378] receivingRoutine(): [LoRaMesher] Stack space unused after entering the task: 2088
17:00:32.829 > [370614][V][LoraMesher.cpp:379] receivingRoutine(): [LoRaMesher] Free heap: 336460
17:00:32.836 > [370622][I][PacketService.cpp:12] createEmptyPacket(): [LoRaMesher] Packet created with 17 bytes
17:00:32.845 > [370631][I][LoraMesher.cpp:392] receivingRoutine(): [LoRaMesher] Receiving LoRa packet: Size: 17 bytes RSSI: -24 SNR: 3
17:00:32.856 > [370642][V][LoraMesher.cpp:647] processPackets(): [LoRaMesher] Size of Received Packets Queue: 1
17:00:32.865 > [370650][V][LoraMesher.cpp:754] printHeaderPacket(): [LoRaMesher] Packet received -- Size: 17 Src: B3F0 Dst: D110 Id: 21 Type: 2 Via: D110 Seq_Id: 0 Num: 0
17:00:32.879 > [370664][I][LoraMesher.cpp:854] processDataPacket(): [LoRaMesher] Data packet from B3F0, destination D110, via D110
17:00:32.889 > [370674][V][LoraMesher.cpp:878] processDataPacket(): [LoRaMesher] Packet not for me, deleting it
17:00:32.898 > [370683][I][PacketQueueService.h:80] deleteQueuePacketAndPacket(): [LoRaMesher] Deleting packet
17:00:32.906 > [370691][I][PacketQueueService.h:83] deleteQueuePacketAndPacket(): [LoRaMesher] Deleting packet queue
17:00:32.915 > [370700][V][LoraMesher.cpp:641] processPackets(): [LoRaMesher] Stack space unused after entering the task: 2088
17:00:32.925 > [370710][V][LoraMesher.cpp:642] processPackets(): [LoRaMesher] Free heap: 336460
17:00:33.652 > [371437][V][LoraMesher.cpp:378] receivingRoutine(): [LoRaMesher] Stack space unused after entering the task: 2088
17:00:33.662 > [371447][V][LoraMesher.cpp:379] receivingRoutine(): [LoRaMesher] Free heap: 336460
17:00:33.670 > [371455][I][PacketService.cpp:12] createEmptyPacket(): [LoRaMesher] Packet created with 24 bytes
17:00:33.678 > [371464][I][LoraMesher.cpp:392] receivingRoutine(): [LoRaMesher] Receiving LoRa packet: Size: 24 bytes RSSI: -26 SNR: 13
17:00:33.690 > [371475][V][LoraMesher.cpp:647] processPackets(): [LoRaMesher] Size of Received Packets Queue: 1
17:00:33.698 > [371484][V][LoraMesher.cpp:754] printHeaderPacket(): [LoRaMesher] Packet received -- Size: 24 Src: DE6C Dst: FFFF Id: 22 Type: 4 Via: 0 Seq_Id: 0 Num: 0
17:00:33.712 > [371497][I][RoutingTableService.cpp:77] processRoute(): [LoRaMesher] Route packet from DE6C with size 4
17:00:33.721 > [371506][I][RoutingTableService.cpp:99] resetReceiveSNRRoutePacket(): [LoRaMesher] Reset Receive SNR from DE6C: 13
17:00:33.731 > [371516][I][RoutingTableService.cpp:192] printRoutingTable(): [LoRaMesher] Current routing table:
17:00:33.740 > [371525][I][RoutingTableService.cpp:206] printRoutingTable(): [LoRaMesher] 0 - D110 via D110 metric 1 Role 1
17:00:33.749 > [371535][I][RoutingTableService.cpp:206] printRoutingTable(): [LoRaMesher] 1 - B3F0 via B3F0 metric 1 Role 0
17:00:33.759 > [371544][I][RoutingTableService.cpp:206] printRoutingTable(): [LoRaMesher] 2 - DE6C via DE6C metric 1 Role 0
17:00:33.769 > [371554][I][RoutingTableService.cpp:206] printRoutingTable(): [LoRaMesher] 3 - C998 via C998 metric 1 Role 0
17:00:33.778 > [371564][I][PacketQueueService.h:80] deleteQueuePacketAndPacket(): [LoRaMesher] Deleting packet
17:00:33.787 > [371572][I][PacketQueueService.h:83] deleteQueuePacketAndPacket(): [LoRaMesher] Deleting packet queue
17:00:33.796 > [371581][V][LoraMesher.cpp:641] processPackets(): [LoRaMesher] Stack space unused after entering the task: 2088
17:00:33.806 > [371591][V][LoraMesher.cpp:642] processPackets(): [LoRaMesher] Free heap: 336460
17:00:34.165 > [371950][V][LoraMesher.cpp:378] receivingRoutine(): [LoRaMesher] Stack space unused after entering the task: 2088
17:00:34.175 > [371960][V][LoraMesher.cpp:379] receivingRoutine(): [LoRaMesher] Free heap: 336460
17:00:34.183 > [371968][I][PacketService.cpp:12] createEmptyPacket(): [LoRaMesher] Packet created with 24 bytes
17:00:34.192 > [371977][I][LoraMesher.cpp:392] receivingRoutine(): [LoRaMesher] Receiving LoRa packet: Size: 24 bytes RSSI: -24 SNR: 12
17:00:34.203 > [371988][V][LoraMesher.cpp:647] processPackets(): [LoRaMesher] Size of Received Packets Queue: 1
17:00:34.211 > [371997][V][LoraMesher.cpp:754] printHeaderPacket(): [LoRaMesher] Packet received -- Size: 24 Src: B3F0 Dst: FFFF Id: 22 Type: 4 Via: 0 Seq_Id: 0 Num: 0
17:00:34.225 > [372010][I][RoutingTableService.cpp:77] processRoute(): [LoRaMesher] Route packet from B3F0 with size 4
17:00:34.234 > [372019][I][RoutingTableService.cpp:99] resetReceiveSNRRoutePacket(): [LoRaMesher] Reset Receive SNR from B3F0: 12
17:00:34.244 > [372029][I][RoutingTableService.cpp:192] printRoutingTable(): [LoRaMesher] Current routing table:
17:00:34.253 > [372038][I][RoutingTableService.cpp:206] printRoutingTable(): [LoRaMesher] 0 - D110 via D110 metric 1 Role 1
17:00:34.262 > [372048][I][RoutingTableService.cpp:206] printRoutingTable(): [LoRaMesher] 1 - B3F0 via B3F0 metric 1 Role 0
17:00:34.272 > [372057][I][RoutingTableService.cpp:206] printRoutingTable(): [LoRaMesher] 2 - DE6C via DE6C metric 1 Role 0
17:00:34.282 > [372067][I][RoutingTableService.cpp:206] printRoutingTable(): [LoRaMesher] 3 - C998 via C998 metric 1 Role 0
17:00:34.291 > [372077][I][PacketQueueService.h:80] deleteQueuePacketAndPacket(): [LoRaMesher] Deleting packet
17:00:34.300 > [372085][I][PacketQueueService.h:83] deleteQueuePacketAndPacket(): [LoRaMesher] Deleting packet queue
17:00:34.309 > [372094][V][LoraMesher.cpp:641] processPackets(): [LoRaMesher] Stack space unused after entering the task: 2088
17:00:34.319 > [372104][V][LoraMesher.cpp:642] processPackets(): [LoRaMesher] Free heap: 336460
17:00:45.064 > [382850][V][LoraMesher.cpp:378] receivingRoutine(): [LoRaMesher] Stack space unused after entering the task: 2088
17:00:45.075 > [382860][V][LoraMesher.cpp:379] receivingRoutine(): [LoRaMesher] Free heap: 336460
17:00:45.082 > [382868][I][PacketService.cpp:12] createEmptyPacket(): [LoRaMesher] Packet created with 17 bytes
17:00:45.091 > [382877][I][LoraMesher.cpp:392] receivingRoutine(): [LoRaMesher] Receiving LoRa packet: Size: 17 bytes RSSI: -74 SNR: 5
17:00:45.102 > [382888][V][LoraMesher.cpp:647] processPackets(): [LoRaMesher] Size of Received Packets Queue: 1
17:00:45.111 > [382896][V][LoraMesher.cpp:754] printHeaderPacket(): [LoRaMesher] Packet received -- Size: 17 Src: C998 Dst: D110 Id: 7 Type: 2 Via: D110 Seq_Id: 0 Num: 0
17:00:45.124 > [382910][I][LoraMesher.cpp:854] processDataPacket(): [LoRaMesher] Data packet from C998, destination D110, via D110
17:00:45.135 > [382920][V][LoraMesher.cpp:878] processDataPacket(): [LoRaMesher] Packet not for me, deleting it
17:00:45.143 > [382929][I][PacketQueueService.h:80] deleteQueuePacketAndPacket(): [LoRaMesher] Deleting packet
17:00:45.152 > [382937][I][PacketQueueService.h:83] deleteQueuePacketAndPacket(): [LoRaMesher] Deleting packet queue
17:00:45.161 > [382946][V][LoraMesher.cpp:641] processPackets(): [LoRaMesher] Stack space unused after entering the task: 2088
17:00:45.171 > [382956][V][LoraMesher.cpp:642] processPackets(): [LoRaMesher] Free heap: 336460
17:00:46.386 > [384171][V][LoraMesher.cpp:378] receivingRoutine(): [LoRaMesher] Stack space unused after entering the task: 2088
17:00:46.396 > [384181][V][LoraMesher.cpp:379] receivingRoutine(): [LoRaMesher] Free heap: 336460
17:00:46.403 > [384189][I][PacketService.cpp:12] createEmptyPacket(): [LoRaMesher] Packet created with 24 bytes
17:00:46.412 > [384198][I][LoraMesher.cpp:392] receivingRoutine(): [LoRaMesher] Receiving LoRa packet: Size: 24 bytes RSSI: -74 SNR: 4
17:00:46.423 > [384209][V][LoraMesher.cpp:647] processPackets(): [LoRaMesher] Size of Received Packets Queue: 1
17:00:46.432 > [384217][V][LoraMesher.cpp:754] printHeaderPacket(): [LoRaMesher] Packet received -- Size: 24 Src: C998 Dst: FFFF Id: 8 Type: 4 Via: 0 Seq_Id: 0 Num: 0
17:00:46.445 > [384231][I][RoutingTableService.cpp:77] processRoute(): [LoRaMesher] Route packet from C998 with size 4
17:00:46.455 > [384240][I][RoutingTableService.cpp:99] resetReceiveSNRRoutePacket(): [LoRaMesher] Reset Receive SNR from C998: 4
17:00:46.465 > [384250][I][RoutingTableService.cpp:192] printRoutingTable(): [LoRaMesher] Current routing table:
17:00:46.473 > [384259][I][RoutingTableService.cpp:206] printRoutingTable(): [LoRaMesher] 0 - D110 via D110 metric 1 Role 1
17:00:46.483 > [384268][I][RoutingTableService.cpp:206] printRoutingTable(): [LoRaMesher] 1 - B3F0 via B3F0 metric 1 Role 0
17:00:46.493 > [384278][I][RoutingTableService.cpp:206] printRoutingTable(): [LoRaMesher] 2 - DE6C via DE6C metric 1 Role 0
17:00:46.502 > [384288][I][RoutingTableService.cpp:206] printRoutingTable(): [LoRaMesher] 3 - C998 via C998 metric 1 Role 0
17:00:46.512 > [384297][I][PacketQueueService.h:80] deleteQueuePacketAndPacket(): [LoRaMesher] Deleting packet
17:00:46.520 > [384306][I][PacketQueueService.h:83] deleteQueuePacketAndPacket(): [LoRaMesher] Deleting packet queue
17:00:46.529 > [384315][V][LoraMesher.cpp:641] processPackets(): [LoRaMesher] Stack space unused after entering the task: 2088
17:00:46.539 > [384325][V][LoraMesher.cpp:642] processPackets(): [LoRaMesher] Free heap: 336460
17:00:48.614 > [386399][V][LoraMesher.cpp:378] receivingRoutine(): [LoRaMesher] Stack space unused after entering the task: 2088
17:00:48.624 > [386410][V][LoraMesher.cpp:379] receivingRoutine(): [LoRaMesher] Free heap: 336460
17:00:48.631 > [386417][I][PacketService.cpp:12] createEmptyPacket(): [LoRaMesher] Packet created with 24 bytes
17:00:48.640 > [386426][I][LoraMesher.cpp:392] receivingRoutine(): [LoRaMesher] Receiving LoRa packet: Size: 24 bytes RSSI: -29 SNR: 13
17:00:48.652 > [386437][V][LoraMesher.cpp:647] processPackets(): [LoRaMesher] Size of Received Packets Queue: 1
17:00:48.660 > [386446][V][LoraMesher.cpp:754] printHeaderPacket(): [LoRaMesher] Packet received -- Size: 24 Src: D110 Dst: FFFF Id: 3 Type: 4 Via: 0 Seq_Id: 0 Num: 0
17:00:48.674 > [386459][I][RoutingTableService.cpp:77] processRoute(): [LoRaMesher] Route packet from D110 with size 4
17:00:48.683 > [386468][I][RoutingTableService.cpp:99] resetReceiveSNRRoutePacket(): [LoRaMesher] Reset Receive SNR from D110: 13
17:00:48.693 > [386479][I][RoutingTableService.cpp:192] printRoutingTable(): [LoRaMesher] Current routing table:
17:00:48.702 > [386487][I][RoutingTableService.cpp:206] printRoutingTable(): [LoRaMesher] 0 - D110 via D110 metric 1 Role 1
17:00:48.711 > [386497][I][RoutingTableService.cpp:206] printRoutingTable(): [LoRaMesher] 1 - B3F0 via B3F0 metric 1 Role 0
17:00:48.722 > [386507][I][RoutingTableService.cpp:206] printRoutingTable(): [LoRaMesher] 2 - DE6C via DE6C metric 1 Role 0
17:00:48.731 > [386516][I][RoutingTableService.cpp:206] printRoutingTable(): [LoRaMesher] 3 - C998 via C998 metric 1 Role 0
17:00:48.741 > [386526][I][PacketQueueService.h:80] deleteQueuePacketAndPacket(): [LoRaMesher] Deleting packet
17:00:48.749 > [386534][I][PacketQueueService.h:83] deleteQueuePacketAndPacket(): [LoRaMesher] Deleting packet queue
17:00:48.759 > [386543][V][LoraMesher.cpp:641] processPackets(): [LoRaMesher] Stack space unused after entering the task: 2088
17:00:48.768 > [386553][V][LoraMesher.cpp:642] processPackets(): [LoRaMesher] Free heap: 336460
17:00:50.038 > Send packet 19
17:00:50.039 > Sending packet to D110
17:00:50.041 > [387824][V][LoraMesher.h:250] createPacketAndSend(): [LoRaMesher] Creating a packet for send with 8 bytes
17:00:50.050 > [387836][V][PacketFactory.h:45] createPacket(): [LoRaMesher] Creating packet with 17 bytes
17:00:50.059 > [387844][I][PacketFactory.h:74] createPacket(): [LoRaMesher] Packet created with 17 bytes
17:00:50.067 > [387852][I][LoraMesher.h:659] setPackedForSend(): [LoRaMesher] Adding packet to Q_SP
17:00:50.074 > [387860][I][LoraMesher.h:661] setPackedForSend(): [LoRaMesher] Created packet to Q_SP
17:00:50.082 > [387867][I][LoraMesher.cpp:1061] addToSendOrderedAndNotify(): [LoRaMesher] Added packet to Q_SP, notifying sender task
17:00:50.092 > [387878][V][LoraMesher.cpp:511] sendPackets(): [LoRaMesher] Stack space unused after entering the task: 1968
17:00:50.102 > [387887][V][LoraMesher.cpp:512] sendPackets(): [LoRaMesher] Free heap: 336364
17:00:50.109 > [387894][V][LoraMesher.cpp:518] sendPackets(): [LoRaMesher] Size of Send Packets Queue: 1
17:00:50.117 > [387902][V][LoraMesher.cpp:525] sendPackets(): [LoRaMesher] Send n. 23
17:00:50.123 > [387909][V][LoraMesher.cpp:455] waitBeforeSend(): [LoRaMesher] RandomDelay 939 ms
17:00:50.576 > [388361][V][LoraMesher.cpp:378] receivingRoutine(): [LoRaMesher] Stack space unused after entering the task: 2088
17:00:50.586 > [388371][V][LoraMesher.cpp:379] receivingRoutine(): [LoRaMesher] Free heap: 336392
17:00:50.593 > [388379][I][PacketService.cpp:12] createEmptyPacket(): [LoRaMesher] Packet created with 17 bytes
17:00:50.602 > [388388][I][LoraMesher.cpp:392] receivingRoutine(): [LoRaMesher] Receiving LoRa packet: Size: 17 bytes RSSI: -24 SNR: 12
17:00:50.613 > [388399][V][LoraMesher.cpp:647] processPackets(): [LoRaMesher] Size of Received Packets Queue: 1
17:00:50.622 > [388408][V][LoraMesher.cpp:754] printHeaderPacket(): [LoRaMesher] Packet received -- Size: 17 Src: B3F0 Dst: D110 Id: 23 Type: 2 Via: D110 Seq_Id: 0 Num: 0
17:00:50.636 > [388421][I][LoraMesher.cpp:854] processDataPacket(): [LoRaMesher] Data packet from B3F0, destination D110, via D110
17:00:50.646 > [388432][V][LoraMesher.cpp:878] processDataPacket(): [LoRaMesher] Packet not for me, deleting it
17:00:50.655 > [388440][I][PacketQueueService.h:80] deleteQueuePacketAndPacket(): [LoRaMesher] Deleting packet
17:00:50.664 > [388449][I][PacketQueueService.h:83] deleteQueuePacketAndPacket(): [LoRaMesher] Deleting packet queue
17:00:50.673 > [388458][V][LoraMesher.cpp:641] processPackets(): [LoRaMesher] Stack space unused after entering the task: 2088
17:00:50.682 > [388468][V][LoraMesher.cpp:642] processPackets(): [LoRaMesher] Free heap: 336392
17:00:51.076 > [388861][V][LoraMesher.cpp:462] waitBeforeSend(): [LoRaMesher] Preamble detected while waiting 1
17:00:51.084 > [388870][V][LoraMesher.cpp:455] waitBeforeSend(): [LoRaMesher] RandomDelay 320 ms
17:00:51.412 > [389197][V][LoraMesher.cpp:754] printHeaderPacket(): [LoRaMesher] Packet send -- Size: 17 Src: F02C Dst: D110 Id: 23 Type: 2 Via: D110 Seq_Id: 0 Num: 0
17:00:51.502 > [389288][V][LoraMesher.cpp:575] sendPackets(): [LoRaMesher] TimeOnAir 63 ms, next message in 0 ms
17:00:51.511 > [389296][I][PacketQueueService.h:80] deleteQueuePacketAndPacket(): [LoRaMesher] Deleting packet
17:00:51.519 > [389305][I][PacketQueueService.h:83] deleteQueuePacketAndPacket(): [LoRaMesher] Deleting packet queue
17:00:52.669 > [390455][V][LoraMesher.cpp:378] receivingRoutine(): [LoRaMesher] Stack space unused after entering the task: 2088
17:00:52.680 > [390465][V][LoraMesher.cpp:379] receivingRoutine(): [LoRaMesher] Free heap: 336460
17:00:52.687 > [390472][I][PacketService.cpp:12] createEmptyPacket(): [LoRaMesher] Packet created with 17 bytes
17:00:52.695 > [390481][I][LoraMesher.cpp:392] receivingRoutine(): [LoRaMesher] Receiving LoRa packet: Size: 17 bytes RSSI: -27 SNR: 12
17:00:52.707 > [390492][V][LoraMesher.cpp:647] processPackets(): [LoRaMesher] Size of Received Packets Queue: 1
17:00:52.715 > [390501][V][LoraMesher.cpp:754] printHeaderPacket(): [LoRaMesher] Packet received -- Size: 17 Src: DE6C Dst: D110 Id: 23 Type: 2 Via: D110 Seq_Id: 0 Num: 0
17:00:52.729 > [390515][I][LoraMesher.cpp:854] processDataPacket(): [LoRaMesher] Data packet from DE6C, destination D110, via D110
17:00:52.739 > [390525][V][LoraMesher.cpp:878] processDataPacket(): [LoRaMesher] Packet not for me, deleting it
17:00:52.748 > [390533][I][PacketQueueService.h:80] deleteQueuePacketAndPacket(): [LoRaMesher] Deleting packet
17:00:52.756 > [390542][I][PacketQueueService.h:83] deleteQueuePacketAndPacket(): [LoRaMesher] Deleting packet queue
17:00:52.765 > [390551][V][LoraMesher.cpp:641] processPackets(): [LoRaMesher] Stack space unused after entering the task: 2088
17:00:52.775 > [390561][V][LoraMesher.cpp:642] processPackets(): [LoRaMesher] Free heap: 336460
17:01:05.620 > [403405][V][LoraMesher.cpp:378] receivingRoutine(): [LoRaMesher] Stack space unused after entering the task: 2088
17:01:05.630 > [403415][V][LoraMesher.cpp:379] receivingRoutine(): [LoRaMesher] Free heap: 336460
17:01:05.638 > [403423][I][PacketService.cpp:12] createEmptyPacket(): [LoRaMesher] Packet created with 17 bytes
17:01:05.647 > [403432][I][LoraMesher.cpp:392] receivingRoutine(): [LoRaMesher] Receiving LoRa packet: Size: 17 bytes RSSI: -75 SNR: 3
17:01:05.658 > [403443][V][LoraMesher.cpp:647] processPackets(): [LoRaMesher] Size of Received Packets Queue: 1
17:01:05.666 > [403451][V][LoraMesher.cpp:754] printHeaderPacket(): [LoRaMesher] Packet received -- Size: 17 Src: C998 Dst: D110 Id: 9 Type: 2 Via: D110 Seq_Id: 0 Num: 0
17:01:05.680 > [403465][I][LoraMesher.cpp:854] processDataPacket(): [LoRaMesher] Data packet from C998, destination D110, via D110
17:01:05.690 > [403475][V][LoraMesher.cpp:878] processDataPacket(): [LoRaMesher] Packet not for me, deleting it
17:01:05.699 > [403484][I][PacketQueueService.h:80] deleteQueuePacketAndPacket(): [LoRaMesher] Deleting packet
17:01:05.707 > [403492][I][PacketQueueService.h:83] deleteQueuePacketAndPacket(): [LoRaMesher] Deleting packet queue
17:01:05.717 > [403501][V][LoraMesher.cpp:641] processPackets(): [LoRaMesher] Stack space unused after entering the task: 2088
17:01:05.726 > [403511][V][LoraMesher.cpp:642] processPackets(): [LoRaMesher] Free heap: 336460
17:01:10.131 > Send packet 20
17:01:10.133 > Sending packet to D110
17:01:10.135 > [407917][V][LoraMesher.h:250] createPacketAndSend(): [LoRaMesher] Creating a packet for send with 8 bytes
17:01:10.144 > [407929][V][PacketFactory.h:45] createPacket(): [LoRaMesher] Creating packet with 17 bytes
17:01:10.152 > [407937][I][PacketFactory.h:74] createPacket(): [LoRaMesher] Packet created with 17 bytes
17:01:10.160 > [407945][I][LoraMesher.h:659] setPackedForSend(): [LoRaMesher] Adding packet to Q_SP
17:01:10.168 > [407953][I][LoraMesher.h:661] setPackedForSend(): [LoRaMesher] Created packet to Q_SP
17:01:10.175 > [407960][I][LoraMesher.cpp:1061] addToSendOrderedAndNotify(): [LoRaMesher] Added packet to Q_SP, notifying sender task
17:01:10.186 > [407971][V][LoraMesher.cpp:511] sendPackets(): [LoRaMesher] Stack space unused after entering the task: 1968
17:01:10.196 > [407980][V][LoraMesher.cpp:512] sendPackets(): [LoRaMesher] Free heap: 336364
17:01:10.202 > [407987][V][LoraMesher.cpp:518] sendPackets(): [LoRaMesher] Size of Send Packets Queue: 1
17:01:10.210 > [407995][V][LoraMesher.cpp:525] sendPackets(): [LoRaMesher] Send n. 24
17:01:10.217 > [408002][V][LoraMesher.cpp:455] waitBeforeSend(): [LoRaMesher] RandomDelay 970 ms
17:01:11.025 > [408810][V][LoraMesher.cpp:378] receivingRoutine(): [LoRaMesher] Stack space unused after entering the task: 2088
17:01:11.035 > [408820][V][LoraMesher.cpp:379] receivingRoutine(): [LoRaMesher] Free heap: 336392
17:01:11.043 > [408828][I][PacketService.cpp:12] createEmptyPacket(): [LoRaMesher] Packet created with 17 bytes
17:01:11.052 > [408837][I][LoraMesher.cpp:392] receivingRoutine(): [LoRaMesher] Receiving LoRa packet: Size: 17 bytes RSSI: -30 SNR: 12
17:01:11.063 > [408848][V][LoraMesher.cpp:647] processPackets(): [LoRaMesher] Size of Received Packets Queue: 1
17:01:11.072 > [408857][V][LoraMesher.cpp:754] printHeaderPacket(): [LoRaMesher] Packet received -- Size: 17 Src: DE6C Dst: D110 Id: 24 Type: 2 Via: D110 Seq_Id: 0 Num: 0
17:01:11.085 > [408870][I][LoraMesher.cpp:854] processDataPacket(): [LoRaMesher] Data packet from DE6C, destination D110, via D110
17:01:11.096 > [408881][V][LoraMesher.cpp:878] processDataPacket(): [LoRaMesher] Packet not for me, deleting it
17:01:11.104 > [408889][I][PacketQueueService.h:80] deleteQueuePacketAndPacket(): [LoRaMesher] Deleting packet
17:01:11.113 > [408898][I][PacketQueueService.h:83] deleteQueuePacketAndPacket(): [LoRaMesher] Deleting packet queue
17:01:11.122 > [408907][V][LoraMesher.cpp:641] processPackets(): [LoRaMesher] Stack space unused after entering the task: 2088
17:01:11.132 > [408917][V][LoraMesher.cpp:642] processPackets(): [LoRaMesher] Free heap: 336392
17:01:11.200 > [408985][V][LoraMesher.cpp:462] waitBeforeSend(): [LoRaMesher] Preamble detected while waiting 1
17:01:11.209 > [408994][V][LoraMesher.cpp:455] waitBeforeSend(): [LoRaMesher] RandomDelay 1113 ms
17:01:11.738 > [409523][V][LoraMesher.cpp:378] receivingRoutine(): [LoRaMesher] Stack space unused after entering the task: 2088
17:01:11.748 > [409533][V][LoraMesher.cpp:379] receivingRoutine(): [LoRaMesher] Free heap: 336392
17:01:11.756 > [409541][I][PacketService.cpp:12] createEmptyPacket(): [LoRaMesher] Packet created with 17 bytes
17:01:11.764 > [409549][I][LoraMesher.cpp:392] receivingRoutine(): [LoRaMesher] Receiving LoRa packet: Size: 17 bytes RSSI: -24 SNR: 13
17:01:11.776 > [409561][V][LoraMesher.cpp:647] processPackets(): [LoRaMesher] Size of Received Packets Queue: 1
17:01:11.784 > [409569][V][LoraMesher.cpp:754] printHeaderPacket(): [LoRaMesher] Packet received -- Size: 17 Src: B3F0 Dst: D110 Id: 24 Type: 2 Via: D110 Seq_Id: 0 Num: 0
17:01:11.798 > [409583][I][LoraMesher.cpp:854] processDataPacket(): [LoRaMesher] Data packet from B3F0, destination D110, via D110
17:01:11.808 > [409593][V][LoraMesher.cpp:878] processDataPacket(): [LoRaMesher] Packet not for me, deleting it
17:01:11.817 > [409602][I][PacketQueueService.h:80] deleteQueuePacketAndPacket(): [LoRaMesher] Deleting packet
17:01:11.825 > [409610][I][PacketQueueService.h:83] deleteQueuePacketAndPacket(): [LoRaMesher] Deleting packet queue
17:01:11.834 > [409619][V][LoraMesher.cpp:641] processPackets(): [LoRaMesher] Stack space unused after entering the task: 2088
17:01:11.844 > [409629][V][LoraMesher.cpp:642] processPackets(): [LoRaMesher] Free heap: 336392
17:01:12.335 > [410120][V][LoraMesher.cpp:462] waitBeforeSend(): [LoRaMesher] Preamble detected while waiting 2
17:01:12.344 > [410129][V][LoraMesher.cpp:455] waitBeforeSend(): [LoRaMesher] RandomDelay 813 ms
17:01:13.164 > [410949][V][LoraMesher.cpp:754] printHeaderPacket(): [LoRaMesher] Packet send -- Size: 17 Src: F02C Dst: D110 Id: 24 Type: 2 Via: D110 Seq_Id: 0 Num: 0
17:01:13.254 > [411039][V][LoraMesher.cpp:575] sendPackets(): [LoRaMesher] TimeOnAir 63 ms, next message in 0 ms
17:01:13.263 > [411048][I][PacketQueueService.h:80] deleteQueuePacketAndPacket(): [LoRaMesher] Deleting packet
17:01:13.272 > [411057][I][PacketQueueService.h:83] deleteQueuePacketAndPacket(): [LoRaMesher] Deleting packet queue
17:01:25.249 > [423034][V][LoraMesher.cpp:378] receivingRoutine(): [LoRaMesher] Stack space unused after entering the task: 2088
17:01:25.259 > [423044][V][LoraMesher.cpp:379] receivingRoutine(): [LoRaMesher] Free heap: 336460
17:01:25.267 > [423052][I][PacketService.cpp:12] createEmptyPacket(): [LoRaMesher] Packet created with 17 bytes
17:01:25.276 > [423061][I][LoraMesher.cpp:392] receivingRoutine(): [LoRaMesher] Receiving LoRa packet: Size: 17 bytes RSSI: -74 SNR: 5
17:01:25.287 > [423072][V][LoraMesher.cpp:647] processPackets(): [LoRaMesher] Size of Received Packets Queue: 1
17:01:25.295 > [423081][V][LoraMesher.cpp:754] printHeaderPacket(): [LoRaMesher] Packet received -- Size: 17 Src: C998 Dst: D110 Id: 10 Type: 2 Via: D110 Seq_Id: 0 Num: 0
17:01:25.309 > [423094][I][LoraMesher.cpp:854] processDataPacket(): [LoRaMesher] Data packet from C998, destination D110, via D110
17:01:25.319 > [423105][V][LoraMesher.cpp:878] processDataPacket(): [LoRaMesher] Packet not for me, deleting it
17:01:25.328 > [423113][I][PacketQueueService.h:80] deleteQueuePacketAndPacket(): [LoRaMesher] Deleting packet
17:01:25.336 > [423122][I][PacketQueueService.h:83] deleteQueuePacketAndPacket(): [LoRaMesher] Deleting packet queue
17:01:25.346 > [423131][V][LoraMesher.cpp:641] processPackets(): [LoRaMesher] Stack space unused after entering the task: 2088
17:01:25.355 > [423141][V][LoraMesher.cpp:642] processPackets(): [LoRaMesher] Free heap: 336460
17:01:30.224 > Send packet 21
17:01:30.225 > Sending packet to D110
17:01:30.227 > [428010][V][LoraMesher.h:250] createPacketAndSend(): [LoRaMesher] Creating a packet for send with 8 bytes
17:01:30.237 > [428022][V][PacketFactory.h:45] createPacket(): [LoRaMesher] Creating packet with 17 bytes
17:01:30.245 > [428030][I][PacketFactory.h:74] createPacket(): [LoRaMesher] Packet created with 17 bytes
17:01:30.253 > [428038][I][LoraMesher.h:659] setPackedForSend(): [LoRaMesher] Adding packet to Q_SP
17:01:30.260 > [428046][I][LoraMesher.h:661] setPackedForSend(): [LoRaMesher] Created packet to Q_SP
17:01:30.268 > [428053][I][LoraMesher.cpp:1061] addToSendOrderedAndNotify(): [LoRaMesher] Added packet to Q_SP, notifying sender task
17:01:30.279 > [428064][V][LoraMesher.cpp:511] sendPackets(): [LoRaMesher] Stack space unused after entering the task: 1968
17:01:30.288 > [428073][V][LoraMesher.cpp:512] sendPackets(): [LoRaMesher] Free heap: 336364
17:01:30.295 > [428080][V][LoraMesher.cpp:518] sendPackets(): [LoRaMesher] Size of Send Packets Queue: 1
17:01:30.303 > [428088][V][LoraMesher.cpp:525] sendPackets(): [LoRaMesher] Send n. 25
17:01:30.309 > [428095][V][LoraMesher.cpp:455] waitBeforeSend(): [LoRaMesher] RandomDelay 1072 ms
17:01:30.841 > [428627][V][LoraMesher.cpp:378] receivingRoutine(): [LoRaMesher] Stack space unused after entering the task: 2088
17:01:30.852 > [428637][V][LoraMesher.cpp:379] receivingRoutine(): [LoRaMesher] Free heap: 336392
17:01:30.859 > [428645][I][PacketService.cpp:12] createEmptyPacket(): [LoRaMesher] Packet created with 17 bytes
17:01:30.868 > [428654][I][LoraMesher.cpp:392] receivingRoutine(): [LoRaMesher] Receiving LoRa packet: Size: 17 bytes RSSI: -24 SNR: 12
17:01:30.879 > [428665][V][LoraMesher.cpp:647] processPackets(): [LoRaMesher] Size of Received Packets Queue: 1
17:01:30.888 > [428673][V][LoraMesher.cpp:754] printHeaderPacket(): [LoRaMesher] Packet received -- Size: 17 Src: B3F0 Dst: D110 Id: 25 Type: 2 Via: D110 Seq_Id: 0 Num: 0
17:01:30.902 > [428687][I][LoraMesher.cpp:854] processDataPacket(): [LoRaMesher] Data packet from B3F0, destination D110, via D110
17:01:30.912 > [428697][V][LoraMesher.cpp:878] processDataPacket(): [LoRaMesher] Packet not for me, deleting it
17:01:30.921 > [428706][I][PacketQueueService.h:80] deleteQueuePacketAndPacket(): [LoRaMesher] Deleting packet
17:01:30.929 > [428714][I][PacketQueueService.h:83] deleteQueuePacketAndPacket(): [LoRaMesher] Deleting packet queue
17:01:30.938 > [428723][V][LoraMesher.cpp:641] processPackets(): [LoRaMesher] Stack space unused after entering the task: 2088
17:01:30.948 > [428733][V][LoraMesher.cpp:642] processPackets(): [LoRaMesher] Free heap: 336392
17:01:31.395 > [429180][V][LoraMesher.cpp:462] waitBeforeSend(): [LoRaMesher] Preamble detected while waiting 1
17:01:31.404 > [429189][V][LoraMesher.cpp:455] waitBeforeSend(): [LoRaMesher] RandomDelay 895 ms
17:01:32.114 > [429900][V][LoraMesher.cpp:378] receivingRoutine(): [LoRaMesher] Stack space unused after entering the task: 2088
17:01:32.124 > [429910][V][LoraMesher.cpp:379] receivingRoutine(): [LoRaMesher] Free heap: 336392
17:01:32.132 > [429917][I][PacketService.cpp:12] createEmptyPacket(): [LoRaMesher] Packet created with 17 bytes
17:01:32.141 > [429926][I][LoraMesher.cpp:392] receivingRoutine(): [LoRaMesher] Receiving LoRa packet: Size: 17 bytes RSSI: -28 SNR: 13
17:01:32.152 > [429937][V][LoraMesher.cpp:647] processPackets(): [LoRaMesher] Size of Received Packets Queue: 1
17:01:32.161 > [429946][V][LoraMesher.cpp:754] printHeaderPacket(): [LoRaMesher] Packet received -- Size: 17 Src: DE6C Dst: D110 Id: 25 Type: 2 Via: D110 Seq_Id: 0 Num: 0
17:01:32.174 > [429960][I][LoraMesher.cpp:854] processDataPacket(): [LoRaMesher] Data packet from DE6C, destination D110, via D110
17:01:32.185 > [429970][V][LoraMesher.cpp:878] processDataPacket(): [LoRaMesher] Packet not for me, deleting it
17:01:32.193 > [429979][I][PacketQueueService.h:80] deleteQueuePacketAndPacket(): [LoRaMesher] Deleting packet
17:01:32.202 > [429987][I][PacketQueueService.h:83] deleteQueuePacketAndPacket(): [LoRaMesher] Deleting packet queue
17:01:32.211 > [429996][V][LoraMesher.cpp:641] processPackets(): [LoRaMesher] Stack space unused after entering the task: 2088
17:01:32.221 > [430006][V][LoraMesher.cpp:642] processPackets(): [LoRaMesher] Free heap: 336392
17:01:32.311 > [430097][V][LoraMesher.cpp:462] waitBeforeSend(): [LoRaMesher] Preamble detected while waiting 2
17:01:32.321 > [430106][V][LoraMesher.cpp:455] waitBeforeSend(): [LoRaMesher] RandomDelay 665 ms
17:01:32.993 > [430778][V][LoraMesher.cpp:754] printHeaderPacket(): [LoRaMesher] Packet send -- Size: 17 Src: F02C Dst: D110 Id: 25 Type: 2 Via: D110 Seq_Id: 0 Num: 0
17:01:33.083 > [430868][V][LoraMesher.cpp:575] sendPackets(): [LoRaMesher] TimeOnAir 63 ms, next message in 0 ms
17:01:33.092 > [430877][I][PacketQueueService.h:80] deleteQueuePacketAndPacket(): [LoRaMesher] Deleting packet
17:01:33.100 > [430886][I][PacketQueueService.h:83] deleteQueuePacketAndPacket(): [LoRaMesher] Deleting packet queue
17:01:45.601 > [443386][V][LoraMesher.cpp:378] receivingRoutine(): [LoRaMesher] Stack space unused after entering the task: 2088
17:01:45.611 > [443397][V][LoraMesher.cpp:379] receivingRoutine(): [LoRaMesher] Free heap: 336460
17:01:45.618 > [443404][I][PacketService.cpp:12] createEmptyPacket(): [LoRaMesher] Packet created with 17 bytes
17:01:45.627 > [443413][I][LoraMesher.cpp:392] receivingRoutine(): [LoRaMesher] Receiving LoRa packet: Size: 17 bytes RSSI: -74 SNR: 4
17:01:45.638 > [443424][V][LoraMesher.cpp:647] processPackets(): [LoRaMesher] Size of Received Packets Queue: 1
17:01:45.647 > [443433][V][LoraMesher.cpp:754] printHeaderPacket(): [LoRaMesher] Packet received -- Size: 17 Src: C998 Dst: D110 Id: 11 Type: 2 Via: D110 Seq_Id: 0 Num: 0
17:01:45.661 > [443446][I][LoraMesher.cpp:854] processDataPacket(): [LoRaMesher] Data packet from C998, destination D110, via D110
17:01:45.671 > [443457][V][LoraMesher.cpp:878] processDataPacket(): [LoRaMesher] Packet not for me, deleting it
17:01:45.680 > [443465][I][PacketQueueService.h:80] deleteQueuePacketAndPacket(): [LoRaMesher] Deleting packet
17:01:45.688 > [443474][I][PacketQueueService.h:83] deleteQueuePacketAndPacket(): [LoRaMesher] Deleting packet queue
17:01:45.697 > [443483][V][LoraMesher.cpp:641] processPackets(): [LoRaMesher] Stack space unused after entering the task: 2088
17:01:45.707 > [443493][V][LoraMesher.cpp:642] processPackets(): [LoRaMesher] Free heap: 336460
17:01:50.316 > Send packet 22
17:01:50.318 > Sending packet to D110
17:01:50.320 > [448103][V][LoraMesher.h:250] createPacketAndSend(): [LoRaMesher] Creating a packet for send with 8 bytes
17:01:50.329 > [448115][V][PacketFactory.h:45] createPacket(): [LoRaMesher] Creating packet with 17 bytes
17:01:50.337 > [448123][I][PacketFactory.h:74] createPacket(): [LoRaMesher] Packet created with 17 bytes
17:01:50.346 > [448131][I][LoraMesher.h:659] setPackedForSend(): [LoRaMesher] Adding packet to Q_SP
17:01:50.353 > [448139][I][LoraMesher.h:661] setPackedForSend(): [LoRaMesher] Created packet to Q_SP
17:01:50.361 > [448146][I][LoraMesher.cpp:1061] addToSendOrderedAndNotify(): [LoRaMesher] Added packet to Q_SP, notifying sender task
17:01:50.371 > [448157][V][LoraMesher.cpp:511] sendPackets(): [LoRaMesher] Stack space unused after entering the task: 1968
17:01:50.381 > [448166][V][LoraMesher.cpp:512] sendPackets(): [LoRaMesher] Free heap: 336364
17:01:50.388 > [448173][V][LoraMesher.cpp:518] sendPackets(): [LoRaMesher] Size of Send Packets Queue: 1
17:01:50.396 > [448181][V][LoraMesher.cpp:525] sendPackets(): [LoRaMesher] Send n. 26
17:01:50.402 > [448188][V][LoraMesher.cpp:455] waitBeforeSend(): [LoRaMesher] RandomDelay 586 ms
17:01:50.984 > [448770][V][LoraMesher.cpp:378] receivingRoutine(): [LoRaMesher] Stack space unused after entering the task: 2088
17:01:50.995 > [448780][V][LoraMesher.cpp:379] receivingRoutine(): [LoRaMesher] Free heap: 336392
17:01:51.002 > [448788][I][PacketService.cpp:12] createEmptyPacket(): [LoRaMesher] Packet created with 17 bytes
17:01:51.011 > [448797][I][LoraMesher.cpp:392] receivingRoutine(): [LoRaMesher] Receiving LoRa packet: Size: 17 bytes RSSI: -27 SNR: 13
17:01:51.022 > [448808][V][LoraMesher.cpp:647] processPackets(): [LoRaMesher] Size of Received Packets Queue: 1
17:01:51.031 > [448817][V][LoraMesher.cpp:754] printHeaderPacket(): [LoRaMesher] Packet received -- Size: 17 Src: DE6C Dst: D110 Id: 26 Type: 2 Via: D110 Seq_Id: 0 Num: 0
17:01:51.045 > [448820][V][LoraMesher.cpp:462] waitBeforeSend(): [LoRaMesher] Preamble detected while waiting 1
17:01:51.053 > [448839][V][LoraMesher.cpp:455] wa[i4t4B8e8f3o9r]e[SIe]n[dL(o)r:a M[eLsohRearM.ecsphpe:r8]5 4R]a npdroomcDeeslsaDya t2a6P9a cmkse
17:01:51.065 > (): [LoRaMesher] Data packet from DE6C, destination D110, via D110
17:01:51.071 > [448856][V][LoraMesher.cpp:878] processDataPacket(): [LoRaMesher] Packet not for me, deleting it
17:01:51.079 > [448865][I][PacketQueueService.h:80] deleteQueuePacketAndPacket(): [LoRaMesher] Deleting packet
17:01:51.088 > [448873][I][PacketQueueService.h:83] deleteQueuePacketAndPacket(): [LoRaMesher] Deleting packet queue
17:01:51.097 > [448882][V][LoraMesher.cpp:641] processPackets(): [LoRaMesher] Stack space unused after entering the task: 2088
17:01:51.107 > [448892][V][LoraMesher.cpp:642] processPackets(): [LoRaMesher] Free heap: 336392
17:01:51.340 > [449125][V][LoraMesher.cpp:754] printHeaderPacket(): [LoRaMesher] Packet send -- Size: 17 Src: F02C Dst: D110 Id: 26 Type: 2 Via: D110 Seq_Id: 0 Num: 0
17:01:51.430 > [449216][V][LoraMesher.cpp:575] sendPackets(): [LoRaMesher] TimeOnAir 63 ms, next message in 0 ms
17:01:51.438 > [449224][I][PacketQueueService.h:80] deleteQueuePacketAndPacket(): [LoRaMesher] Deleting packet
17:01:51.447 > [449233][I][PacketQueueService.h:83] deleteQueuePacketAndPacket(): [LoRaMesher] Deleting packet queue
17:01:52.386 > [450172][V][LoraMesher.cpp:378] receivingRoutine(): [LoRaMesher] Stack space unused after entering the task: 2088
17:01:52.396 > [450182][V][LoraMesher.cpp:379] receivingRoutine(): [LoRaMesher] Free heap: 336460
17:01:52.404 > [450190][I][PacketService.cpp:12] createEmptyPacket(): [LoRaMesher] Packet created with 17 bytes
17:01:52.413 > [450198][I][LoraMesher.cpp:392] receivingRoutine(): [LoRaMesher] Receiving LoRa packet: Size: 17 bytes RSSI: -23 SNR: 13
17:01:52.424 > [450210][V][LoraMesher.cpp:647] processPackets(): [LoRaMesher] Size of Received Packets Queue: 1
17:01:52.433 > [450218][V][LoraMesher.cpp:754] printHeaderPacket(): [LoRaMesher] Packet received -- Size: 17 Src: B3F0 Dst: D110 Id: 26 Type: 2 Via: D110 Seq_Id: 0 Num: 0
17:01:52.446 > [450232][I][LoraMesher.cpp:854] processDataPacket(): [LoRaMesher] Data packet from B3F0, destination D110, via D110
17:01:52.456 > [450242][V][LoraMesher.cpp:878] processDataPacket(): [LoRaMesher] Packet not for me, deleting it
17:01:52.465 > [450251][I][PacketQueueService.h:80] deleteQueuePacketAndPacket(): [LoRaMesher] Deleting packet
17:01:52.474 > [450259][I][PacketQueueService.h:83] deleteQueuePacketAndPacket(): [LoRaMesher] Deleting packet queue
17:01:52.483 > [450268][V][LoraMesher.cpp:641] processPackets(): [LoRaMesher] Stack space unused after entering the task: 2088
17:01:52.492 > [450278][V][LoraMesher.cpp:642] processPackets(): [LoRaMesher] Free heap: 336460
17:02:05.757 > [463543][V][LoraMesher.cpp:378] receivingRoutine(): [LoRaMesher] Stack space unused after entering the task: 2088
17:02:05.767 > [463553][V][LoraMesher.cpp:379] receivingRoutine(): [LoRaMesher] Free heap: 336460
17:02:05.774 > [463560][I][PacketService.cpp:12] createEmptyPacket(): [LoRaMesher] Packet created with 17 bytes
17:02:05.783 > [463569][I][LoraMesher.cpp:392] receivingRoutine(): [LoRaMesher] Receiving LoRa packet: Size: 17 bytes RSSI: -74 SNR: 5
17:02:05.794 > [463580][V][LoraMesher.cpp:647] processPackets(): [LoRaMesher] Size of Received Packets Queue: 1
17:02:05.803 > [463589][V][LoraMesher.cpp:754] printHeaderPacket(): [LoRaMesher] Packet received -- Size: 17 Src: C998 Dst: D110 Id: 12 Type: 2 Via: D110 Seq_Id: 0 Num: 0
17:02:05.817 > [463603][I][LoraMesher.cpp:854] processDataPacket(): [LoRaMesher] Data packet from C998, destination D110, via D110
17:02:05.828 > [463613][V][LoraMesher.cpp:878] processDataPacket(): [LoRaMesher] Packet not for me, deleting it
17:02:05.835 > [463621][I][PacketQueueService.h:80] deleteQueuePacketAndPacket(): [LoRaMesher] Deleting packet
17:02:05.844 > [463630][I][PacketQueueService.h:83] deleteQueuePacketAndPacket(): [LoRaMesher] Deleting packet queue
17:02:05.853 > [463639][V][LoraMesher.cpp:641] processPackets(): [LoRaMesher] Stack space unused after entering the task: 2088
17:02:05.863 > [463649][V][LoraMesher.cpp:642] processPackets(): [LoRaMesher] Free heap: 336460
17:02:10.409 > Send packet 23
17:02:10.412 > Sending packet to D110
17:02:10.414 > [468196][V][LoraMesher.h:250] createPacketAndSend(): [LoRaMesher] Creating a packet for send with 8 bytes
17:02:10.422 > [468208][V][PacketFactory.h:45] createPacket(): [LoRaMesher] Creating packet with 17 bytes
17:02:10.431 > [468216][I][PacketFactory.h:74] createPacket(): [LoRaMesher] Packet created with 17 bytes
17:02:10.438 > [468224][I][LoraMesher.h:659] setPackedForSend(): [LoRaMesher] Adding packet to Q_SP
17:02:10.446 > [468232][I][LoraMesher.h:661] setPackedForSend(): [LoRaMesher] Created packet to Q_SP
17:02:10.453 > [468239][I][LoraMesher.cpp:1061] addToSendOrderedAndNotify(): [LoRaMesher] Added packet to Q_SP, notifying sender task
17:02:10.464 > [468250][V][LoraMesher.cpp:511] sendPackets(): [LoRaMesher] Stack space unused after entering the task: 1968
17:02:10.473 > [468259][V][LoraMesher.cpp:512] sendPackets(): [LoRaMesher] Free heap: 336364
17:02:10.480 > [468266][V][LoraMesher.cpp:518] sendPackets(): [LoRaMesher] Size of Send Packets Queue: 1
17:02:10.488 > [468274][V][LoraMesher.cpp:525] sendPackets(): [LoRaMesher] Send n. 27
17:02:10.495 > [468281][V][LoraMesher.cpp:455] waitBeforeSend(): [LoRaMesher] RandomDelay 896 ms
17:02:10.941 > [468727][V][LoraMesher.cpp:378] receivingRoutine(): [LoRaMesher] Stack space unused after entering the task: 2088
17:02:10.952 > [468737][V][LoraMesher.cpp:379] receivingRoutine(): [LoRaMesher] Free heap: 336392
17:02:10.959 > [468744][I][PacketService.cpp:12] createEmptyPacket(): [LoRaMesher] Packet created with 17 bytes
17:02:10.967 > [468753][I][LoraMesher.cpp:392] receivingRoutine(): [LoRaMesher] Receiving LoRa packet: Size: 17 bytes RSSI: -27 SNR: 12
17:02:10.978 > [468764][V][LoraMesher.cpp:647] processPackets(): [LoRaMesher] Size of Received Packets Queue: 1
17:02:10.987 > [468773][V][LoraMesher.cpp:754] printHeaderPacket(): [LoRaMesher] Packet received -- Size: 17 Src: DE6C Dst: D110 Id: 27 Type: 2 Via: D110 Seq_Id: 0 Num: 0
17:02:11.001 > [468787][I][LoraMesher.cpp:854] processDataPacket(): [LoRaMesher] Data packet from DE6C, destination D110, via D110
17:02:11.011 > [468797][V][LoraMesher.cpp:878] processDataPacket(): [LoRaMesher] Packet not for me, deleting it
17:02:11.020 > [468806][I][PacketQueueService.h:80] deleteQueuePacketAndPacket(): [LoRaMesher] Deleting packet
17:02:11.029 > [468814][I][PacketQueueService.h:83] deleteQueuePacketAndPacket(): [LoRaMesher] Deleting packet queue
17:02:11.037 > [468823][V][LoraMesher.cpp:641] processPackets(): [LoRaMesher] Stack space unused after entering the task: 2088
17:02:11.047 > [468833][V][LoraMesher.cpp:642] processPackets(): [LoRaMesher] Free heap: 336392
17:02:11.404 > [469190][V][LoraMesher.cpp:462] waitBeforeSend(): [LoRaMesher] Preamble detected while waiting 1
17:02:11.413 > [469199][V][LoraMesher.cpp:455] waitBeforeSend(): [LoRaMesher] RandomDelay 1021 ms
17:02:12.108 > [469894][V][LoraMesher.cpp:378] receivingRoutine(): [LoRaMesher] Stack space unused after entering the task: 2088
17:02:12.119 > [469904][V][LoraMesher.cpp:379] receivingRoutine(): [LoRaMesher] Free heap: 336392
17:02:12.125 > [469911][I][PacketService.cpp:12] createEmptyPacket(): [LoRaMesher] Packet created with 17 bytes
17:02:12.135 > [469920][I][LoraMesher.cpp:392] receivingRoutine(): [LoRaMesher] Receiving LoRa packet: Size: 17 bytes RSSI: -24 SNR: 12
17:02:12.146 > [469931][V][LoraMesher.cpp:647] processPackets(): [LoRaMesher] Size of Received Packets Queue: 1
17:02:12.155 > [469940][V][LoraMesher.cpp:754] printHeaderPacket(): [LoRaMesher] Packet received -- Size: 17 Src: B3F0 Dst: D110 Id: 27 Type: 2 Via: D110 Seq_Id: 0 Num: 0
17:02:12.169 > [469954][I][LoraMesher.cpp:854] processDataPacket(): [LoRaMesher] Data packet from B3F0, destination D110, via D110
17:02:12.178 > [469964][V][LoraMesher.cpp:878] processDataPacket(): [LoRaMesher] Packet not for me, deleting it
17:02:12.187 > [469973][I][PacketQueueService.h:80] deleteQueuePacketAndPacket(): [LoRaMesher] Deleting packet
17:02:12.196 > [469981][I][PacketQueueService.h:83] deleteQueuePacketAndPacket(): [LoRaMesher] Deleting packet queue
17:02:12.204 > [469990][V][LoraMesher.cpp:641] processPackets(): [LoRaMesher] Stack space unused after entering the task: 2088
17:02:12.215 > [470000][V][LoraMesher.cpp:642] processPackets(): [LoRaMesher] Free heap: 336392
17:02:12.447 > [470233][V][LoraMesher.cpp:462] waitBeforeSend(): [LoRaMesher] Preamble detected while waiting 2
17:02:12.456 > [470242][V][LoraMesher.cpp:455] waitBeforeSend(): [LoRaMesher] RandomDelay 1066 ms
17:02:13.530 > [471315][V][LoraMesher.cpp:754] printHeaderPacket(): [LoRaMesher] Packet send -- Size: 17 Src: F02C Dst: D110 Id: 27 Type: 2 Via: D110 Seq_Id: 0 Num: 0
17:02:13.619 > [471405][V][LoraMesher.cpp:575] sendPackets(): [LoRaMesher] TimeOnAir 63 ms, next message in 0 ms
17:02:13.629 > [471414][I][PacketQueueService.h:80] deleteQueuePacketAndPacket(): [LoRaMesher] Deleting packet
17:02:13.637 > [471423][I][PacketQueueService.h:83] deleteQueuePacketAndPacket(): [LoRaMesher] Deleting packet queue
17:02:26.239 > [484025][V][LoraMesher.cpp:378] receivingRoutine(): [LoRaMesher] Stack space unused after entering the task: 2088
17:02:26.249 > [484035][V][LoraMesher.cpp:379] receivingRoutine(): [LoRaMesher] Free heap: 336460
17:02:26.257 > [484042][I][PacketService.cpp:12] createEmptyPacket(): [LoRaMesher] Packet created with 17 bytes
17:02:26.266 > [484051][I][LoraMesher.cpp:392] receivingRoutine(): [LoRaMesher] Receiving LoRa packet: Size: 17 bytes RSSI: -74 SNR: 6
17:02:26.277 > [484062][V][LoraMesher.cpp:647] processPackets(): [LoRaMesher] Size of Received Packets Queue: 1
17:02:26.286 > [484071][V][LoraMesher.cpp:754] printHeaderPacket(): [LoRaMesher] Packet received -- Size: 17 Src: C998 Dst: D110 Id: 13 Type: 2 Via: D110 Seq_Id: 0 Num: 0
17:02:26.299 > [484085][I][LoraMesher.cpp:854] processDataPacket(): [LoRaMesher] Data packet from C998, destination D110, via D110
17:02:26.309 > [484095][V][LoraMesher.cpp:878] processDataPacket(): [LoRaMesher] Packet not for me, deleting it
17:02:26.318 > [484103][I][PacketQueueService.h:80] deleteQueuePacketAndPacket(): [LoRaMesher] Deleting packet
17:02:26.327 > [484112][I][PacketQueueService.h:83] deleteQueuePacketAndPacket(): [LoRaMesher] Deleting packet queue
17:02:26.336 > [484121][V][LoraMesher.cpp:641] processPackets(): [LoRaMesher] Stack space unused after entering the task: 2088
17:02:26.346 > [484131][V][LoraMesher.cpp:642] processPackets(): [LoRaMesher] Free heap: 336460
17:02:30.361 > [488147][V][LoraMesher.cpp:598] sendHelloPacket(): [LoRaMesher] Creating Routing Packet
17:02:30.369 > [488155][V][LoraMesher.cpp:599] sendHelloPacket(): [LoRaMesher] Stack space unused after entering the task: 2332
17:02:30.379 > [488165][V][LoraMesher.cpp:600] sendHelloPacket(): [LoRaMesher] Free heap: 336460
17:02:30.387 > [488172][V][PacketFactory.h:45] createPacket(): [LoRaMesher] Creating packet with 24 bytes
17:02:30.395 > [488180][I][PacketFactory.h:74] createPacket(): [LoRaMesher] Packet created with 24 bytes
17:02:30.403 > [488188][I][LoraMesher.h:659] setPackedForSend(): [LoRaMesher] Adding packet to Q_SP
17:02:30.410 > [488196][I][LoraMesher.h:661] setPackedForSend(): [LoRaMesher] Created packet to Q_SP
17:02:30.418 > [488203][I][LoraMesher.cpp:1061] addToSendOrderedAndNotify(): [LoRaMesher] Added packet to Q_SP, notifying sender task
17:02:30.428 > [488214][V][LoraMesher.cpp:511] sendPackets(): [LoRaMesher] Stack space unused after entering the task: 1968
17:02:30.438 > [488224][V][LoraMesher.cpp:512] sendPackets(): [LoRaMesher] Free heap: 336360
17:02:30.445 > [488230][V][LoraMesher.cpp:518] sendPackets(): [LoRaMesher] Size of Send Packets Queue: 1
17:02:30.453 > [488238][V][LoraMesher.cpp:525] sendPackets(): [LoRaMesher] Send n. 28
17:02:30.459 > [488245][V][LoraMesher.cpp:455] waitBeforeSend(): [LoRaMesher] RandomDelay 820 ms
17:02:30.502 > Send packet 24
17:02:30.504 > Sending packet to D110
17:02:30.506 > [488289][V][LoraMesher.h:250] createPacketAndSend(): [LoRaMesher] Creating a packet for send with 8 bytes
17:02:30.516 > [488301][V][PacketFactory.h:45] createPacket(): [LoRaMesher] Creating packet with 17 bytes
17:02:30.524 > [488309][I][PacketFactory.h:74] createPacket(): [LoRaMesher] Packet created with 17 bytes
17:02:30.532 > [488317][I][LoraMesher.h:659] setPackedForSend(): [LoRaMesher] Adding packet to Q_SP
17:02:30.539 > [488325][I][LoraMesher.h:661] setPackedForSend(): [LoRaMesher] Created packet to Q_SP
17:02:30.547 > [488332][I][LoraMesher.cpp:1061] addToSendOrderedAndNotify(): [LoRaMesher] Added packet to Q_SP, notifying sender task
17:02:31.286 > [489073][V][LoraMesher.cpp:754] printHeaderPacket(): [LoRaMesher] Packet send -- Size: 24 Src: F02C Dst: FFFF Id: 28 Type: 4 Via: 0 Seq_Id: 0 Num: 0
17:02:31.391 > [489177][V][LoraMesher.cpp:575] sendPackets(): [LoRaMesher] TimeOnAir 78 ms, next message in 0 ms
17:02:31.400 > [489185][I][PacketQueueService.h:80] deleteQueuePacketAndPacket(): [LoRaMesher] Deleting packet
17:02:31.408 > [489194][I][PacketQueueService.h:83] deleteQueuePacketAndPacket(): [LoRaMesher] Deleting packet queue
17:02:31.418 > [489203][V][LoraMesher.cpp:518] sendPackets(): [LoRaMesher] Size of Send Packets Queue: 1
17:02:31.425 > [489211][V][LoraMesher.cpp:525] sendPackets(): [LoRaMesher] Send n. 29
17:02:31.432 > [489217][V][LoraMesher.cpp:455] waitBeforeSend(): [LoRaMesher] RandomDelay 954 ms
17:02:32.078 > [489864][V][LoraMesher.cpp:378] receivingRoutine(): [LoRaMesher] Stack space unused after entering the task: 2088
17:02:32.089 > [489874][V][LoraMesher.cpp:379] receivingRoutine(): [LoRaMesher] Free heap: 336392
17:02:32.096 > [489881][I][PacketService.cpp:12] createEmptyPacket(): [LoRaMesher] Packet created with 17 bytes
17:02:32.105 > [489890][I][LoraMesher.cpp:392] receivingRoutine(): [LoRaMesher] Receiving LoRa packet: Size: 17 bytes RSSI: -24 SNR: 12
17:02:32.116 > [489901][V][LoraMesher.cpp:647] processPackets(): [LoRaMesher] Size of Received Packets Queue: 1
17:02:32.125 > [489910][V][LoraMesher.cpp:754] printHeaderPacket(): [LoRaMesher] Packet received -- Size: 17 Src: B3F0 Dst: D110 Id: 29 Type: 2 Via: D110 Seq_Id: 0 Num: 0
17:02:32.138 > [489924][I][LoraMesher.cpp:854] processDataPacket(): [LoRaMesher] Data packet from B3F0, destination D110, via D110
17:02:32.149 > [489934][V][LoraMesher.cpp:878] processDataPacket(): [LoRaMesher] Packet not for me, deleting it
17:02:32.157 > [489943][I][PacketQueueService.h:80] deleteQueuePacketAndPacket(): [LoRaMesher] Deleting packet
17:02:32.166 > [489951][I][PacketQueueService.h:83] deleteQueuePacketAndPacket(): [LoRaMesher] Deleting packet queue
17:02:32.175 > [489960][V][LoraMesher.cpp:641] processPackets(): [LoRaMesher] Stack space unused after entering the task: 2088
17:02:32.185 > [489970][V][LoraMesher.cpp:642] processPackets(): [LoRaMesher] Free heap: 336392
17:02:32.398 > [490184][V][LoraMesher.cpp:462] waitBeforeSend(): [LoRaMesher] Preamble detected while waiting 1
17:02:32.407 > [490193][V][LoraMesher.cpp:455] waitBeforeSend(): [LoRaMesher] RandomDelay 843 ms
17:02:33.257 > [491043][V][LoraMesher.cpp:754] printHeaderPacket(): [LoRaMesher] Packet send -- Size: 17 Src: F02C Dst: D110 Id: 29 Type: 2 Via: D110 Seq_Id: 0 Num: 0
17:02:33.347 > [491133][V][LoraMesher.cpp:575] sendPackets(): [LoRaMesher] TimeOnAir 63 ms, next message in 0 ms
17:02:33.357 > [491142][I][PacketQueueService.h:80] deleteQueuePacketAndPacket(): [LoRaMesher] Deleting packet
17:02:33.365 > [491151][I][PacketQueueService.h:83] deleteQueuePacketAndPacket(): [LoRaMesher] Deleting packet queue
17:02:34.359 > [492145][V][LoraMesher.cpp:378] receivingRoutine(): [LoRaMesher] Stack space unused after entering the task: 2088
17:02:34.370 > [492155][V][LoraMesher.cpp:379] receivingRoutine(): [LoRaMesher] Free heap: 336460
17:02:34.377 > [492163][I][PacketService.cpp:12] createEmptyPacket(): [LoRaMesher] Packet created with 17 bytes
17:02:34.386 > [492172][I][LoraMesher.cpp:392] receivingRoutine(): [LoRaMesher] Receiving LoRa packet: Size: 17 bytes RSSI: -27 SNR: 12
17:02:34.397 > [492183][V][LoraMesher.cpp:647] processPackets(): [LoRaMesher] Size of Received Packets Queue: 1
17:02:34.406 > [492192][V][LoraMesher.cpp:754] printHeaderPacket(): [LoRaMesher] Packet received -- Size: 17 Src: DE6C Dst: D110 Id: 29 Type: 2 Via: D110 Seq_Id: 0 Num: 0
17:02:34.420 > [492205][I][LoraMesher.cpp:854] processDataPacket(): [LoRaMesher] Data packet from DE6C, destination D110, via D110
17:02:34.430 > [492216][V][LoraMesher.cpp:878] processDataPacket(): [LoRaMesher] Packet not for me, deleting it
17:02:34.439 > [492224][I][PacketQueueService.h:80] deleteQueuePacketAndPacket(): [LoRaMesher] Deleting packet
17:02:34.447 > [492233][I][PacketQueueService.h:83] deleteQueuePacketAndPacket(): [LoRaMesher] Deleting packet queue
17:02:34.456 > [492242][V][LoraMesher.cpp:641] processPackets(): [LoRaMesher] Stack space unused after entering the task: 2088
17:02:34.466 > [492252][V][LoraMesher.cpp:642] processPackets(): [LoRaMesher] Free heap: 336460
17:02:46.367 > [504153][V][LoraMesher.cpp:378] receivingRoutine(): [LoRaMesher] Stack space unused after entering the task: 2088
17:02:46.377 > [504163][V][LoraMesher.cpp:379] receivingRoutine(): [LoRaMesher] Free heap: 336460
17:02:46.385 > [504170][I][PacketService.cpp:12] createEmptyPacket(): [LoRaMesher] Packet created with 17 bytes
17:02:46.393 > [504179][I][LoraMesher.cpp:392] receivingRoutine(): [LoRaMesher] Receiving LoRa packet: Size: 17 bytes RSSI: -74 SNR: 4
17:02:46.405 > [504190][V][LoraMesher.cpp:647] processPackets(): [LoRaMesher] Size of Received Packets Queue: 1
17:02:46.413 > [504199][V][LoraMesher.cpp:754] printHeaderPacket(): [LoRaMesher] Packet received -- Size: 17 Src: C998 Dst: D110 Id: 14 Type: 2 Via: D110 Seq_Id: 0 Num: 0
17:02:46.427 > [504213][I][LoraMesher.cpp:854] processDataPacket(): [LoRaMesher] Data packet from C998, destination D110, via D110
17:02:46.437 > [504223][V][LoraMesher.cpp:878] processDataPacket(): [LoRaMesher] Packet not for me, deleting it
17:02:46.446 > [504232][I][PacketQueueService.h:80] deleteQueuePacketAndPacket(): [LoRaMesher] Deleting packet
17:02:46.454 > [504240][I][PacketQueueService.h:83] deleteQueuePacketAndPacket(): [LoRaMesher] Deleting packet queue
17:02:46.463 > [504249][V][LoraMesher.cpp:641] processPackets(): [LoRaMesher] Stack space unused after entering the task: 2088
17:02:46.473 > [504259][V][LoraMesher.cpp:642] processPackets(): [LoRaMesher] Free heap: 336460
17:02:47.180 > [504966][V][LoraMesher.cpp:378] receivingRoutine(): [LoRaMesher] Stack space unused after entering the task: 2040
17:02:47.190 > [504976][V][LoraMesher.cpp:379] receivingRoutine(): [LoRaMesher] Free heap: 336460
17:02:47.198 > [504983][I][PacketService.cpp:12] createEmptyPacket(): [LoRaMesher] Packet created with 24 bytes
17:02:47.206 > [504992][I][LoraMesher.cpp:392] receivingRoutine(): [LoRaMesher] Receiving LoRa packet: Size: 24 bytes RSSI: -74 SNR: 5
17:02:47.218 > [505003][V][LoraMesher.cpp:647] processPackets(): [LoRaMesher] Size of Received Packets Queue: 1
17:02:47.226 > [505012][V][LoraMesher.cpp:754] printHeaderPacket(): [LoRaMesher] Packet received -- Size: 24 Src: C998 Dst: FFFF Id: 15 Type: 4 Via: 0 Seq_Id: 0 Num: 0
17:02:47.240 > [505026][I][RoutingTableService.cpp:77] processRoute(): [LoRaMesher] Route packet from C998 with size 4
17:02:47.249 > [505035][I][RoutingTableService.cpp:99] resetReceiveSNRRoutePacket(): [LoRaMesher] Reset Receive SNR from C998: 5
17:02:47.259 > [505045][I][RoutingTableService.cpp:192] printRoutingTable(): [LoRaMesher] Current routing table:
17:02:47.268 > [505053][I][RoutingTableService.cpp:206] printRoutingTable(): [LoRaMesher] 0 - D110 via D110 metric 1 Role 1
17:02:47.277 > [505063][I][RoutingTableService.cpp:206] printRoutingTable(): [LoRaMesher] 1 - B3F0 via B3F0 metric 1 Role 0
17:02:47.287 > [505073][I][RoutingTableService.cpp:206] printRoutingTable(): [LoRaMesher] 2 - DE6C via DE6C metric 1 Role 0
17:02:47.297 > [505082][I][RoutingTableService.cpp:206] printRoutingTable(): [LoRaMesher] 3 - C998 via C998 metric 1 Role 0
17:02:47.306 > [505092][I][PacketQueueService.h:80] deleteQueuePacketAndPacket(): [LoRaMesher] Deleting packet
17:02:47.315 > [505101][I][PacketQueueService.h:83] deleteQueuePacketAndPacket(): [LoRaMesher] Deleting packet queue
17:02:47.324 > [505110][V][LoraMesher.cpp:641] processPackets(): [LoRaMesher] Stack space unused after entering the task: 2088
17:02:47.334 > [505119][V][LoraMesher.cpp:642] processPackets(): [LoRaMesher] Free heap: 336460
17:02:49.533 > [507319][V][LoraMesher.cpp:378] receivingRoutine(): [LoRaMesher] Stack space unused after entering the task: 2040
17:02:49.543 > [507329][V][LoraMesher.cpp:379] receivingRoutine(): [LoRaMesher] Free heap: 336460
17:02:49.550 > [507336][I][PacketService.cpp:12] createEmptyPacket(): [LoRaMesher] Packet created with 24 bytes
17:02:49.559 > [507345][I][LoraMesher.cpp:392] receivingRoutine(): [LoRaMesher] Receiving LoRa packet: Size: 24 bytes RSSI: -29 SNR: 13
17:02:49.571 > [507356][V][LoraMesher.cpp:647] processPackets(): [LoRaMesher] Size of Received Packets Queue: 1
17:02:49.579 > [507365][V][LoraMesher.cpp:754] printHeaderPacket(): [LoRaMesher] Packet received -- Size: 24 Src: D110 Dst: FFFF Id: 4 Type: 4 Via: 0 Seq_Id: 0 Num: 0
17:02:49.593 > [507378][I][RoutingTableService.cpp:77] processRoute(): [LoRaMesher] Route packet from D110 with size 4
17:02:49.602 > [507388][I][RoutingTableService.cpp:99] resetReceiveSNRRoutePacket(): [LoRaMesher] Reset Receive SNR from D110: 13
17:02:49.612 > [507398][I][RoutingTableService.cpp:192] printRoutingTable(): [LoRaMesher] Current routing table:
17:02:49.621 > [507406][I][RoutingTableService.cpp:206] printRoutingTable(): [LoRaMesher] 0 - D110 via D110 metric 1 Role 1
17:02:49.630 > [507416][I][RoutingTableService.cpp:206] printRoutingTable(): [LoRaMesher] 1 - B3F0 via B3F0 metric 1 Role 0
17:02:49.640 > [507426][I][RoutingTableService.cpp:206] printRoutingTable(): [LoRaMesher] 2 - DE6C via DE6C metric 1 Role 0
17:02:49.650 > [507435][I][RoutingTableService.cpp:206] printRoutingTable(): [LoRaMesher] 3 - C998 via C998 metric 1 Role 0
17:02:49.659 > [507445][I][PacketQueueService.h:80] deleteQueuePacketAndPacket(): [LoRaMesher] Deleting packet
17:02:49.668 > [507453][I][PacketQueueService.h:83] deleteQueuePacketAndPacket(): [LoRaMesher] Deleting packet queue
17:02:49.677 > [507462][V][LoraMesher.cpp:641] processPackets(): [LoRaMesher] Stack space unused after entering the task: 2088
17:02:49.687 > [507472][V][LoraMesher.cpp:642] processPackets(): [LoRaMesher] Free heap: 336460
17:02:50.556 > Send packet 25
17:02:50.558 > Sending packet to D110
17:02:50.560 > [508343][V][LoraMesher.h:250] createPacketAndSend(): [LoRaMesher] Creating a packet for send with 8 bytes
17:02:50.569 > [508355][V][PacketFactory.h:45] createPacket(): [LoRaMesher] Creating packet with 17 bytes
17:02:50.577 > [508363][I][PacketFactory.h:74] createPacket(): [LoRaMesher] Packet created with 17 bytes
17:02:50.585 > [508371][I][LoraMesher.h:659] setPackedForSend(): [LoRaMesher] Adding packet to Q_SP
17:02:50.593 > [508379][I][LoraMesher.h:661] setPackedForSend(): [LoRaMesher] Created packet to Q_SP
17:02:50.600 > [508386][I][LoraMesher.cpp:1061] addToSendOrderedAndNotify(): [LoRaMesher] Added packet to Q_SP, notifying sender task
17:02:50.611 > [508397][V][LoraMesher.cpp:511] sendPackets(): [LoRaMesher] Stack space unused after entering the task: 1968
17:02:50.621 > [508407][V][LoraMesher.cpp:512] sendPackets(): [LoRaMesher] Free heap: 336364
17:02:50.628 > [508413][V][LoraMesher.cpp:518] sendPackets(): [LoRaMesher] Size of Send Packets Queue: 1
17:02:50.636 > [508421][V][LoraMesher.cpp:525] sendPackets(): [LoRaMesher] Send n. 30
17:02:50.642 > [508428][V][LoraMesher.cpp:455] waitBeforeSend(): [LoRaMesher] RandomDelay 1179 ms
17:02:51.026 > [508812][V][LoraMesher.cpp:378] receivingRoutine(): [LoRaMesher] Stack space unused after entering the task: 2040
17:02:51.036 > [508822][V][LoraMesher.cpp:379] receivingRoutine(): [LoRaMesher] Free heap: 336392
17:02:51.044 > [508830][I][PacketService.cpp:12] createEmptyPacket(): [LoRaMesher] Packet created with 17 bytes
17:02:51.053 > [508838][I][LoraMesher.cpp:392] receivingRoutine(): [LoRaMesher] Receiving LoRa packet: Size: 17 bytes RSSI: -24 SNR: 13
17:02:51.064 > [508850][V][LoraMesher.cpp:647] processPackets(): [LoRaMesher] Size of Received Packets Queue: 1
17:02:51.072 > [508858][V][LoraMesher.cpp:754] printHeaderPacket(): [LoRaMesher] Packet received -- Size: 17 Src: B3F0 Dst: D110 Id: 30 Type: 2 Via: D110 Seq_Id: 0 Num: 0
17:02:51.086 > [508872][I][LoraMesher.cpp:854] processDataPacket(): [LoRaMesher] Data packet from B3F0, destination D110, via D110
17:02:51.096 > [508882][V][LoraMesher.cpp:878] processDataPacket(): [LoRaMesher] Packet not for me, deleting it
17:02:51.105 > [508891][I][PacketQueueService.h:80] deleteQueuePacketAndPacket(): [LoRaMesher] Deleting packet
17:02:51.113 > [508899][I][PacketQueueService.h:83] deleteQueuePacketAndPacket(): [LoRaMesher] Deleting packet queue
17:02:51.123 > [508908][V][LoraMesher.cpp:641] processPackets(): [LoRaMesher] Stack space unused after entering the task: 2088
17:02:51.132 > [508918][V][LoraMesher.cpp:642] processPackets(): [LoRaMesher] Free heap: 336392
17:02:51.834 > [509620][V][LoraMesher.cpp:462] waitBeforeSend(): [LoRaMesher] Preamble detected while waiting 1
17:02:51.843 > [509629][V][LoraMesher.cpp:455] waitBeforeSend(): [LoRaMesher] RandomDelay 339 ms
17:02:52.189 > [509975][V][LoraMesher.cpp:754] printHeaderPacket(): [LoRaMesher] Packet send -- Size: 17 Src: F02C Dst: D110 Id: 30 Type: 2 Via: D110 Seq_Id: 0 Num: 0
17:02:52.279 > [510066][V][LoraMesher.cpp:575] sendPackets(): [LoRaMesher] TimeOnAir 63 ms, next message in 0 ms
17:02:52.288 > [510074][I][PacketQueueService.h:80] deleteQueuePacketAndPacket(): [LoRaMesher] Deleting packet
17:02:52.297 > [510083][I][PacketQueueService.h:83] deleteQueuePacketAndPacket(): [LoRaMesher] Deleting packet queue
17:02:53.615 > [511401][V][LoraMesher.cpp:378] receivingRoutine(): [LoRaMesher] Stack space unused after entering the task: 2040
17:02:53.625 > [511411][V][LoraMesher.cpp:379] receivingRoutine(): [LoRaMesher] Free heap: 336460
17:02:53.633 > [511418][I][PacketService.cpp:12] createEmptyPacket(): [LoRaMesher] Packet created with 17 bytes
17:02:53.641 > [511427][I][LoraMesher.cpp:392] receivingRoutine(): [LoRaMesher] Receiving LoRa packet: Size: 17 bytes RSSI: -26 SNR: 13
17:02:53.653 > [511438][V][LoraMesher.cpp:647] processPackets(): [LoRaMesher] Size of Received Packets Queue: 1
17:02:53.661 > [511447][V][LoraMesher.cpp:754] printHeaderPacket(): [LoRaMesher] Packet received -- Size: 17 Src: DE6C Dst: D110 Id: 30 Type: 2 Via: D110 Seq_Id: 0 Num: 0
17:02:53.675 > [511461][I][LoraMesher.cpp:854] processDataPacket(): [LoRaMesher] Data packet from DE6C, destination D110, via D110
17:02:53.685 > [511471][V][LoraMesher.cpp:878] processDataPacket(): [LoRaMesher] Packet not for me, deleting it
17:02:53.694 > [511480][I][PacketQueueService.h:80] deleteQueuePacketAndPacket(): [LoRaMesher] Deleting packet
17:02:53.702 > [511488][I][PacketQueueService.h:83] deleteQueuePacketAndPacket(): [LoRaMesher] Deleting packet queue
17:02:53.711 > [511497][V][LoraMesher.cpp:641] processPackets(): [LoRaMesher] Stack space unused after entering the task: 2088
17:02:53.721 > [511507][V][LoraMesher.cpp:642] processPackets(): [LoRaMesher] Free heap: 336460
17:03:05.641 > [523427][V][LoraMesher.cpp:378] receivingRoutine(): [LoRaMesher] Stack space unused after entering the task: 2040
17:03:05.651 > [523437][V][LoraMesher.cpp:379] receivingRoutine(): [LoRaMesher] Free heap: 336460
17:03:05.658 > [523444][I][PacketService.cpp:12] createEmptyPacket(): [LoRaMesher] Packet created with 17 bytes
17:03:05.667 > [523453][I][LoraMesher.cpp:392] receivingRoutine(): [LoRaMesher] Receiving LoRa packet: Size: 17 bytes RSSI: -74 SNR: 4
17:03:05.678 > [523464][V][LoraMesher.cpp:647] processPackets(): [LoRaMesher] Size of Received Packets Queue: 1
17:03:05.687 > [523473][V][LoraMesher.cpp:754] printHeaderPacket(): [LoRaMesher] Packet received -- Size: 17 Src: C998 Dst: D110 Id: 16 Type: 2 Via: D110 Seq_Id: 0 Num: 0
17:03:05.701 > [523487][I][LoraMesher.cpp:854] processDataPacket(): [LoRaMesher] Data packet from C998, destination D110, via D110
17:03:05.711 > [523497][V][LoraMesher.cpp:878] processDataPacket(): [LoRaMesher] Packet not for me, deleting it
17:03:05.720 > [523506][I][PacketQueueService.h:80] deleteQueuePacketAndPacket(): [LoRaMesher] Deleting packet
17:03:05.728 > [523514][I][PacketQueueService.h:83] deleteQueuePacketAndPacket(): [LoRaMesher] Deleting packet queue
17:03:05.737 > [523523][V][LoraMesher.cpp:641] processPackets(): [LoRaMesher] Stack space unused after entering the task: 2088
17:03:05.747 > [523533][V][LoraMesher.cpp:642] processPackets(): [LoRaMesher] Free heap: 336460
17:03:10.649 > Send packet 26
17:03:10.651 > Sending packet to D110
17:03:10.653 > [528436][V][LoraMesher.h:250] createPacketAndSend(): [LoRaMesher] Creating a packet for send with 8 bytes
17:03:10.662 > [528448][V][PacketFactory.h:45] createPacket(): [LoRaMesher] Creating packet with 17 bytes
17:03:10.670 > [528456][I][PacketFactory.h:74] createPacket(): [LoRaMesher] Packet created with 17 bytes
17:03:10.678 > [528464][I][LoraMesher.h:659] setPackedForSend(): [LoRaMesher] Adding packet to Q_SP
17:03:10.685 > [528472][I][LoraMesher.h:661] setPackedForSend(): [LoRaMesher] Created packet to Q_SP
17:03:10.693 > [528479][I][LoraMesher.cpp:1061] addToSendOrderedAndNotify(): [LoRaMesher] Added packet to Q_SP, notifying sender task
17:03:10.704 > [528490][V][LoraMesher.cpp:511] sendPackets(): [LoRaMesher] Stack space unused after entering the task: 1968
17:03:10.713 > [528499][V][LoraMesher.cpp:512] sendPackets(): [LoRaMesher] Free heap: 336364
17:03:10.720 > [528506][V][LoraMesher.cpp:518] sendPackets(): [LoRaMesher] Size of Send Packets Queue: 1
17:03:10.728 > [528514][V][LoraMesher.cpp:525] sendPackets(): [LoRaMesher] Send n. 31
17:03:10.735 > [528521][V][LoraMesher.cpp:455] waitBeforeSend(): [LoRaMesher] RandomDelay 456 ms
17:03:11.198 > [528985][V][LoraMesher.cpp:754] printHeaderPacket(): [LoRaMesher] Packet send -- Size: 17 Src: F02C Dst: D110 Id: 31 Type: 2 Via: D110 Seq_Id: 0 Num: 0
17:03:11.288 > [529075][V][LoraMesher.cpp:575] sendPackets(): [LoRaMesher] TimeOnAir 63 ms, next message in 0 ms
17:03:11.297 > [529083][I][PacketQueueService.h:80] deleteQueuePacketAndPacket(): [LoRaMesher] Deleting packet
17:03:11.306 > [529092][I][PacketQueueService.h:83] deleteQueuePacketAndPacket(): [LoRaMesher] Deleting packet queue
17:03:11.817 > [529603][V][LoraMesher.cpp:378] receivingRoutine(): [LoRaMesher] Stack space unused after entering the task: 2040
17:03:11.827 > [529613][V][LoraMesher.cpp:379] receivingRoutine(): [LoRaMesher] Free heap: 336460
17:03:11.835 > [529621][I][PacketService.cpp:12] createEmptyPacket(): [LoRaMesher] Packet created with 17 bytes
17:03:11.843 > [529630][I][LoraMesher.cpp:392] receivingRoutine(): [LoRaMesher] Receiving LoRa packet: Size: 17 bytes RSSI: -27 SNR: 12
17:03:11.855 > [529641][V][LoraMesher.cpp:647] processPackets(): [LoRaMesher] Size of Received Packets Queue: 1
17:03:11.863 > [529650][V][LoraMesher.cpp:754] printHeaderPacket(): [LoRaMesher] Packet received -- Size: 17 Src: DE6C Dst: D110 Id: 31 Type: 2 Via: D110 Seq_Id: 0 Num: 0
17:03:11.877 > [529663][I][LoraMesher.cpp:854] processDataPacket(): [LoRaMesher] Data packet from DE6C, destination D110, via D110
17:03:11.887 > [529674][V][LoraMesher.cpp:878] processDataPacket(): [LoRaMesher] Packet not for me, deleting it
17:03:11.896 > [529682][I][PacketQueueService.h:80] deleteQueuePacketAndPacket(): [LoRaMesher] Deleting packet
17:03:11.904 > [529691][I][PacketQueueService.h:83] deleteQueuePacketAndPacket(): [LoRaMesher] Deleting packet queue
17:03:11.914 > [529700][V][LoraMesher.cpp:641] processPackets(): [LoRaMesher] Stack space unused after entering the task: 2088
17:03:11.923 > [529710][V][LoraMesher.cpp:642] processPackets(): [LoRaMesher] Free heap: 336460
17:03:13.745 > [531532][V][LoraMesher.cpp:378] receivingRoutine(): [LoRaMesher] Stack space unused after entering the task: 2040
17:03:13.756 > [531542][V][LoraMesher.cpp:379] receivingRoutine(): [LoRaMesher] Free heap: 336460
17:03:13.763 > [531549][I][PacketService.cpp:12] createEmptyPacket(): [LoRaMesher] Packet created with 17 bytes
17:03:13.772 > [531558][I][LoraMesher.cpp:392] receivingRoutine(): [LoRaMesher] Receiving LoRa packet: Size: 17 bytes RSSI: -24 SNR: 12
17:03:13.783 > [531569][V][LoraMesher.cpp:647] processPackets(): [LoRaMesher] Size of Received Packets Queue: 1
17:03:13.792 > [531578][V][LoraMesher.cpp:754] printHeaderPacket(): [LoRaMesher] Packet received -- Size: 17 Src: B3F0 Dst: D110 Id: 31 Type: 2 Via: D110 Seq_Id: 0 Num: 0
17:03:13.805 > [531592][I][LoraMesher.cpp:854] processDataPacket(): [LoRaMesher] Data packet from B3F0, destination D110, via D110
17:03:13.816 > [531602][V][LoraMesher.cpp:878] processDataPacket(): [LoRaMesher] Packet not for me, deleting it
17:03:13.824 > [531611][I][PacketQueueService.h:80] deleteQueuePacketAndPacket(): [LoRaMesher] Deleting packet
17:03:13.833 > [531619][I][PacketQueueService.h:83] deleteQueuePacketAndPacket(): [LoRaMesher] Deleting packet queue
17:03:13.842 > [531628][V][LoraMesher.cpp:641] processPackets(): [LoRaMesher] Stack space unused after entering the task: 2088
17:03:13.852 > [531638][V][LoraMesher.cpp:642] processPackets(): [LoRaMesher] Free heap: 336460
17:03:26.491 > [544278][V][LoraMesher.cpp:378] receivingRoutine(): [LoRaMesher] Stack space unused after entering the task: 2040
17:03:26.502 > [544288][V][LoraMesher.cpp:379] receivingRoutine(): [LoRaMesher] Free heap: 336460
17:03:26.509 > [544296][I][PacketService.cpp:12] createEmptyPacket(): [LoRaMesher] Packet created with 17 bytes
17:03:26.519 > [544304][I][LoraMesher.cpp:392] receivingRoutine(): [LoRaMesher] Receiving LoRa packet: Size: 17 bytes RSSI: -74 SNR: 5
17:03:26.529 > [544315][V][LoraMesher.cpp:647] processPackets(): [LoRaMesher] Size of Received Packets Queue: 1
17:03:26.538 > [544324][V][LoraMesher.cpp:754] printHeaderPacket(): [LoRaMesher] Packet received -- Size: 17 Src: C998 Dst: D110 Id: 17 Type: 2 Via: D110 Seq_Id: 0 Num: 0
17:03:26.551 > [544338][I][LoraMesher.cpp:854] processDataPacket(): [LoRaMesher] Data packet from C998, destination D110, via D110
17:03:26.562 > [544348][V][LoraMesher.cpp:878] processDataPacket(): [LoRaMesher] Packet not for me, deleting it
17:03:26.570 > [544357][I][PacketQueueService.h:80] deleteQueuePacketAndPacket(): [LoRaMesher] Deleting packet
17:03:26.579 > [544365][I][PacketQueueService.h:83] deleteQueuePacketAndPacket(): [LoRaMesher] Deleting packet queue
17:03:26.588 > [544374][V][LoraMesher.cpp:641] processPackets(): [LoRaMesher] Stack space unused after entering the task: 2088
17:03:26.598 > [544384][V][LoraMesher.cpp:642] processPackets(): [LoRaMesher] Free heap: 336460
17:03:30.742 > Send packet 27
17:03:30.743 > Sending packet to D110
17:03:30.745 > [548529][V][LoraMesher.h:250] createPacketAndSend(): [LoRaMesher] Creating a packet for send with 8 bytes
17:03:30.755 > [548541][V][PacketFactory.h:45] createPacket(): [LoRaMesher] Creating packet with 17 bytes
17:03:30.763 > [548549][I][PacketFactory.h:74] createPacket(): [LoRaMesher] Packet created with 17 bytes
17:03:30.771 > [548557][I][LoraMesher.h:659] setPackedForSend(): [LoRaMesher] Adding packet to Q_SP
17:03:30.778 > [548565][I][LoraMesher.h:661] setPackedForSend(): [LoRaMesher] Created packet to Q_SP
17:03:30.786 > [548572][I][LoraMesher.cpp:1061] addToSendOrderedAndNotify(): [LoRaMesher] Added packet to Q_SP, notifying sender task
17:03:30.796 > [548583][V][LoraMesher.cpp:511] sendPackets(): [LoRaMesher] Stack space unused after entering the task: 1968
17:03:30.806 > [548592][V][LoraMesher.cpp:512] sendPackets(): [LoRaMesher] Free heap: 336364
17:03:30.813 > [548599][V][LoraMesher.cpp:518] sendPackets(): [LoRaMesher] Size of Send Packets Queue: 1
17:03:30.821 > [548607][V][LoraMesher.cpp:525] sendPackets(): [LoRaMesher] Send n. 32
17:03:30.827 > [548614][V][LoraMesher.cpp:455] waitBeforeSend(): [LoRaMesher] RandomDelay 953 ms
17:03:31.567 > [549354][V][LoraMesher.cpp:378] receivingRoutine(): [LoRaMesher] Stack space unused after entering the task: 2040
17:03:31.577 > [549364][V][LoraMesher.cpp:379] receivingRoutine(): [LoRaMesher] Free heap: 336392
17:03:31.585 > [549371][I][PacketService.cpp:12] createEmptyPacket(): [LoRaMesher] Packet created with 17 bytes
17:03:31.594 > [549380][I][LoraMesher.cpp:392] receivingRoutine(): [LoRaMesher] Receiving LoRa packet: Size: 17 bytes RSSI: -25 SNR: 13
17:03:31.606 > [549391][V][LoraMesher.cpp:647] processPackets(): [LoRaMesher] Size of Received Packets Queue: 1
17:03:31.614 > [549400][V][LoraMesher.cpp:754] printHeaderPacket(): [LoRaMesher] Packet received -- Size: 17 Src: B3F0 Dst: D110 Id: 32 Type: 2 Via: D110 Seq_Id: 0 Num: 0
17:03:31.627 > [549414][I][LoraMesher.cpp:854] processDataPacket(): [LoRaMesher] Data packet from B3F0, destination D110, via D110
17:03:31.638 > [549424][V][LoraMesher.cpp:878] processDataPacket(): [LoRaMesher] Packet not for me, deleting it
17:03:31.646 > [549433][I][PacketQueueService.h:80] deleteQueuePacketAndPacket(): [LoRaMesher] Deleting packet
17:03:31.655 > [549441][I][PacketQueueService.h:83] deleteQueuePacketAndPacket(): [LoRaMesher] Deleting packet queue
17:03:31.664 > [549450][V][LoraMesher.cpp:641] processPackets(): [LoRaMesher] Stack space unused after entering the task: 2088
17:03:31.674 > [549460][V][LoraMesher.cpp:642] processPackets(): [LoRaMesher] Free heap: 336392
17:03:31.794 > [549580][V][LoraMesher.cpp:462] waitBeforeSend(): [LoRaMesher] Preamble detected while waiting 1
17:03:31.802 > [549589][V][LoraMesher.cpp:455] waitBeforeSend(): [LoRaMesher] RandomDelay 373 ms
17:03:32.183 > [549969][V][LoraMesher.cpp:754] printHeaderPacket(): [LoRaMesher] Packet send -- Size: 17 Src: F02C Dst: D110 Id: 32 Type: 2 Via: D110 Seq_Id: 0 Num: 0
17:03:32.273 > [550060][V][LoraMesher.cpp:575] sendPackets(): [LoRaMesher] TimeOnAir 63 ms, next message in 0 ms
17:03:32.282 > [550068][I][PacketQueueService.h:80] deleteQueuePacketAndPacket(): [LoRaMesher] Deleting packet
17:03:32.290 > [550077][I][PacketQueueService.h:83] deleteQueuePacketAndPacket(): [LoRaMesher] Deleting packet queue
17:03:33.501 > [551288][V][LoraMesher.cpp:378] receivingRoutine(): [LoRaMesher] Stack space unused after entering the task: 2040
17:03:33.511 > [551298][V][LoraMesher.cpp:379] receivingRoutine(): [LoRaMesher] Free heap: 336460
17:03:33.520 > [551305][I][PacketService.cpp:12] createEmptyPacket(): [LoRaMesher] Packet created with 17 bytes
17:03:33.528 > [551314][I][LoraMesher.cpp:392] receivingRoutine(): [LoRaMesher] Receiving LoRa packet: Size: 17 bytes RSSI: -27 SNR: 13
17:03:33.539 > [551325][V][LoraMesher.cpp:647] processPackets(): [LoRaMesher] Size of Received Packets Queue: 1
17:03:33.548 > [551334][V][LoraMesher.cpp:754] printHeaderPacket(): [LoRaMesher] Packet received -- Size: 17 Src: DE6C Dst: D110 Id: 32 Type: 2 Via: D110 Seq_Id: 0 Num: 0
17:03:33.561 > [551348][I][LoraMesher.cpp:854] processDataPacket(): [LoRaMesher] Data packet from DE6C, destination D110, via D110
17:03:33.572 > [551358][V][LoraMesher.cpp:878] processDataPacket(): [LoRaMesher] Packet not for me, deleting it
17:03:33.580 > [551367][I][PacketQueueService.h:80] deleteQueuePacketAndPacket(): [LoRaMesher] Deleting packet
17:03:33.589 > [551375][I][PacketQueueService.h:83] deleteQueuePacketAndPacket(): [LoRaMesher] Deleting packet queue
17:03:33.598 > [551384][V][LoraMesher.cpp:641] processPackets(): [LoRaMesher] Stack space unused after entering the task: 2088
17:03:33.608 > [551394][V][LoraMesher.cpp:642] processPackets(): [LoRaMesher] Free heap: 336460
17:03:46.150 > [563936][V][LoraMesher.cpp:378] receivingRoutine(): [LoRaMesher] Stack space unused after entering the task: 2040
17:03:46.160 > [563946][V][LoraMesher.cpp:379] receivingRoutine(): [LoRaMesher] Free heap: 336460
17:03:46.168 > [563954][I][PacketService.cpp:12] createEmptyPacket(): [LoRaMesher] Packet created with 17 bytes
17:03:46.176 > [563962][I][LoraMesher.cpp:392] receivingRoutine(): [LoRaMesher] Receiving LoRa packet: Size: 17 bytes RSSI: -74 SNR: 6
17:03:46.187 > [563974][V][LoraMesher.cpp:647] processPackets(): [LoRaMesher] Size of Received Packets Queue: 1
17:03:46.196 > [563982][V][LoraMesher.cpp:754] printHeaderPacket(): [LoRaMesher] Packet received -- Size: 17 Src: C998 Dst: D110 Id: 18 Type: 2 Via: D110 Seq_Id: 0 Num: 0
17:03:46.210 > [563996][I][LoraMesher.cpp:854] processDataPacket(): [LoRaMesher] Data packet from C998, destination D110, via D110
17:03:46.220 > [564006][V][LoraMesher.cpp:878] processDataPacket(): [LoRaMesher] Packet not for me, deleting it
17:03:46.229 > [564015][I][PacketQueueService.h:80] deleteQueuePacketAndPacket(): [LoRaMesher] Deleting packet
17:03:46.237 > [564023][I][PacketQueueService.h:83] deleteQueuePacketAndPacket(): [LoRaMesher] Deleting packet queue
17:03:46.246 > [564032][V][LoraMesher.cpp:641] processPackets(): [LoRaMesher] Stack space unused after entering the task: 2088
17:03:46.256 > [564042][V][LoraMesher.cpp:642] processPackets(): [LoRaMesher] Free heap: 336460
17:03:50.835 > Send packet 28
17:03:50.837 > Sending packet to D110
17:03:50.839 > [568622][V][LoraMesher.h:250] createPacketAndSend(): [LoRaMesher] Creating a packet for send with 8 bytes
17:03:50.848 > [568634][V][PacketFactory.h:45] createPacket(): [LoRaMesher] Creating packet with 17 bytes
17:03:50.856 > [568642][I][PacketFactory.h:74] createPacket(): [LoRaMesher] Packet created with 17 bytes
17:03:50.864 > [568650][I][LoraMesher.h:659] setPackedForSend(): [LoRaMesher] Adding packet to Q_SP
17:03:50.872 > [568658][I][LoraMesher.h:661] setPackedForSend(): [LoRaMesher] Created packet to Q_SP
17:03:50.879 > [568665][I][LoraMesher.cpp:1061] addToSendOrderedAndNotify(): [LoRaMesher] Added packet to Q_SP, notifying sender task
17:03:50.889 > [568676][V][LoraMesher.cpp:511] sendPackets(): [LoRaMesher] Stack space unused after entering the task: 1968
17:03:50.899 > [568685][V][LoraMesher.cpp:512] sendPackets(): [LoRaMesher] Free heap: 336364
17:03:50.906 > [568692][V][LoraMesher.cpp:518] sendPackets(): [LoRaMesher] Size of Send Packets Queue: 1
17:03:50.914 > [568700][V][LoraMesher.cpp:525] sendPackets(): [LoRaMesher] Send n. 33
17:03:50.921 > [568707][V][LoraMesher.cpp:455] waitBeforeSend(): [LoRaMesher] RandomDelay 342 ms
17:03:51.270 > [569057][V][LoraMesher.cpp:754] printHeaderPacket(): [LoRaMesher] Packet send -- Size: 17 Src: F02C Dst: D110 Id: 33 Type: 2 Via: D110 Seq_Id: 0 Num: 0
17:03:51.360 > [569147][V][LoraMesher.cpp:575] sendPackets(): [LoRaMesher] TimeOnAir 63 ms, next message in 0 ms
17:03:51.368 > [569155][I][PacketQueueService.h:80] deleteQueuePacketAndPacket(): [LoRaMesher] Deleting packet
17:03:51.378 > [569164][I][PacketQueueService.h:83] deleteQueuePacketAndPacket(): [LoRaMesher] Deleting packet queue
17:03:53.164 > [570951][V][LoraMesher.cpp:378] receivingRoutine(): [LoRaMesher] Stack space unused after entering the task: 2040
17:03:53.174 > [570961][V][LoraMesher.cpp:379] receivingRoutine(): [LoRaMesher] Free heap: 336460
17:03:53.181 > [570968][I][PacketService.cpp:12] createEmptyPacket(): [LoRaMesher] Packet created with 17 bytes
17:03:53.191 > [570977][I][LoraMesher.cpp:392] receivingRoutine(): [LoRaMesher] Receiving LoRa packet: Size: 17 bytes RSSI: -26 SNR: 13
17:03:53.202 > [570988][V][LoraMesher.cpp:647] processPackets(): [LoRaMesher] Size of Received Packets Queue: 1
17:03:53.211 > [570997][V][LoraMesher.cpp:754] printHeaderPacket(): [LoRaMesher] Packet received -- Size: 17 Src: B3F0 Dst: D110 Id: 33 Type: 2 Via: D110 Seq_Id: 0 Num: 0
17:03:53.225 > [571011][I][LoraMesher.cpp:854] processDataPacket(): [LoRaMesher] Data packet from B3F0, destination D110, via D110
17:03:53.235 > [571021][V][LoraMesher.cpp:878] processDataPacket(): [LoRaMesher] Packet not for me, deleting it
17:03:53.244 > [571030][I][PacketQueueService.h:80] deleteQueuePacketAndPacket(): [LoRaMesher] Deleting packet
17:03:53.252 > [571038][I][PacketQueueService.h:83] deleteQueuePacketAndPacket(): [LoRaMesher] Deleting packet queue
17:03:53.261 > [571047][V][LoraMesher.cpp:641] processPackets(): [LoRaMesher] Stack space unused after entering the task: 2088
17:03:53.271 > [571057][V][LoraMesher.cpp:642] processPackets(): [LoRaMesher] Free heap: 336460
17:04:05.841 > [583627][V][LoraMesher.cpp:378] receivingRoutine(): [LoRaMesher] Stack space unused after entering the task: 2040
17:04:05.851 > [583637][V][LoraMesher.cpp:379] receivingRoutine(): [LoRaMesher] Free heap: 336460
17:04:05.859 > [583645][I][PacketService.cpp:12] createEmptyPacket(): [LoRaMesher] Packet created with 17 bytes
17:04:05.867 > [583654][I][LoraMesher.cpp:392] receivingRoutine(): [LoRaMesher] Receiving LoRa packet: Size: 17 bytes RSSI: -74 SNR: 6
17:04:05.879 > [583665][V][LoraMesher.cpp:647] processPackets(): [LoRaMesher] Size of Received Packets Queue: 1
17:04:05.887 > [583673][V][LoraMesher.cpp:754] printHeaderPacket(): [LoRaMesher] Packet received -- Size: 17 Src: C998 Dst: D110 Id: 19 Type: 2 Via: D110 Seq_Id: 0 Num: 0
17:04:05.901 > [583687][I][LoraMesher.cpp:854] processDataPacket(): [LoRaMesher] Data packet from C998, destination D110, via D110
17:04:05.911 > [583697][V][LoraMesher.cpp:878] processDataPacket(): [LoRaMesher] Packet not for me, deleting it
17:04:05.920 > [583706][I][PacketQueueService.h:80] deleteQueuePacketAndPacket(): [LoRaMesher] Deleting packet
17:04:05.928 > [583714][I][PacketQueueService.h:83] deleteQueuePacketAndPacket(): [LoRaMesher] Deleting packet queue
17:04:05.937 > [583723][V][LoraMesher.cpp:641] processPackets(): [LoRaMesher] Stack space unused after entering the task: 2072
17:04:05.947 > [583733][V][LoraMesher.cpp:642] processPackets(): [LoRaMesher] Free heap: 336460
17:04:10.927 > Send packet 29
17:04:10.929 > Sending packet to D110
17:04:10.931 > [588715][V][LoraMesher.h:250] createPacketAndSend(): [LoRaMesher] Creating a packet for send with 8 bytes
17:04:10.941 > [588727][V][PacketFactory.h:45] createPacket(): [LoRaMesher] Creating packet with 17 bytes
17:04:10.949 > [588735][I][PacketFactory.h:74] createPacket(): [LoRaMesher] Packet created with 17 bytes
17:04:10.957 > [588743][I][LoraMesher.h:659] setPackedForSend(): [LoRaMesher] Adding packet to Q_SP
17:04:10.964 > [588751][I][LoraMesher.h:661] setPackedForSend(): [LoRaMesher] Created packet to Q_SP
17:04:10.972 > [588758][I][LoraMesher.cpp:1061] addToSendOrderedAndNotify(): [LoRaMesher] Added packet to Q_SP, notifying sender task
17:04:10.983 > [588769][V][LoraMesher.cpp:511] sendPackets(): [LoRaMesher] Stack space unused after entering the task: 1968
17:04:10.992 > [588778][V][LoraMesher.cpp:512] sendPackets(): [LoRaMesher] Free heap: 336364
17:04:10.999 > [588785][V][LoraMesher.cpp:518] sendPackets(): [LoRaMesher] Size of Send Packets Queue: 1
17:04:11.007 > [588793][V][LoraMesher.cpp:525] sendPackets(): [LoRaMesher] Send n. 34
17:04:11.013 > [588800][V][LoraMesher.cpp:455] waitBeforeSend(): [LoRaMesher] RandomDelay 646 ms
17:04:11.667 > [589454][V][LoraMesher.cpp:754] printHeaderPacket(): [LoRaMesher] Packet send -- Size: 17 Src: F02C Dst: D110 Id: 34 Type: 2 Via: D110 Seq_Id: 0 Num: 0
17:04:11.757 > [589544][V][LoraMesher.cpp:575] sendPackets(): [LoRaMesher] TimeOnAir 63 ms, next message in 0 ms
17:04:11.766 > [589552][I][PacketQueueService.h:80] deleteQueuePacketAndPacket(): [LoRaMesher] Deleting packet
17:04:11.774 > [589561][I][PacketQueueService.h:83] deleteQueuePacketAndPacket(): [LoRaMesher] Deleting packet queue
17:04:12.771 > [590558][V][LoraMesher.cpp:378] receivingRoutine(): [LoRaMesher] Stack space unused after entering the task: 2040
17:04:12.781 > [590568][V][LoraMesher.cpp:379] receivingRoutine(): [LoRaMesher] Free heap: 336460
17:04:12.789 > [590575][I][PacketService.cpp:12] createEmptyPacket(): [LoRaMesher] Packet created with 17 bytes
17:04:12.798 > [590584][I][LoraMesher.cpp:392] receivingRoutine(): [LoRaMesher] Receiving LoRa packet: Size: 17 bytes RSSI: -25 SNR: 13
17:04:12.809 > [590595][V][LoraMesher.cpp:647] processPackets(): [LoRaMesher] Size of Received Packets Queue: 1
17:04:12.818 > [590604][V][LoraMesher.cpp:754] printHeaderPacket(): [LoRaMesher] Packet received -- Size: 17 Src: B3F0 Dst: D110 Id: 34 Type: 2 Via: D110 Seq_Id: 0 Num: 0
17:04:12.831 > [590618][I][LoraMesher.cpp:854] processDataPacket(): [LoRaMesher] Data packet from B3F0, destination D110, via D110
17:04:12.842 > [590628][V][LoraMesher.cpp:878] processDataPacket(): [LoRaMesher] Packet not for me, deleting it
17:04:12.850 > [590636][I][PacketQueueService.h:80] deleteQueuePacketAndPacket(): [LoRaMesher] Deleting packet
17:04:12.859 > [590645][I][PacketQueueService.h:83] deleteQueuePacketAndPacket(): [LoRaMesher] Deleting packet queue
17:04:12.868 > [590654][V][LoraMesher.cpp:641] processPackets(): [LoRaMesher] Stack space unused after entering the task: 2072
17:04:12.878 > [590664][V][LoraMesher.cpp:642] processPackets(): [LoRaMesher] Free heap: 336460
17:04:13.923 > [591710][V][LoraMesher.cpp:378] receivingRoutine(): [LoRaMesher] Stack space unused after entering the task: 2040
17:04:13.934 > [591720][V][LoraMesher.cpp:379] receivingRoutine(): [LoRaMesher] Free heap: 336460
17:04:13.941 > [591728][I][PacketService.cpp:12] createEmptyPacket(): [LoRaMesher] Packet created with 17 bytes
17:04:13.950 > [591736][I][LoraMesher.cpp:392] receivingRoutine(): [LoRaMesher] Receiving LoRa packet: Size: 17 bytes RSSI: -29 SNR: 12
17:04:13.961 > [591747][V][LoraMesher.cpp:647] processPackets(): [LoRaMesher] Size of Received Packets Queue: 1
17:04:13.970 > [591756][V][LoraMesher.cpp:754] printHeaderPacket(): [LoRaMesher] Packet received -- Size: 17 Src: DE6C Dst: D110 Id: 34 Type: 2 Via: D110 Seq_Id: 0 Num: 0
17:04:13.984 > [591770][I][LoraMesher.cpp:854] processDataPacket(): [LoRaMesher] Data packet from DE6C, destination D110, via D110
17:04:13.994 > [591780][V][LoraMesher.cpp:878] processDataPacket(): [LoRaMesher] Packet not for me, deleting it
17:04:14.002 > [591789][I][PacketQueueService.h:80] deleteQueuePacketAndPacket(): [LoRaMesher] Deleting packet
17:04:14.011 > [591797][I][PacketQueueService.h:83] deleteQueuePacketAndPacket(): [LoRaMesher] Deleting packet queue
17:04:14.020 > [591806][V][LoraMesher.cpp:641] processPackets(): [LoRaMesher] Stack space unused after entering the task: 2072
17:04:14.030 > [591816][V][LoraMesher.cpp:642] processPackets(): [LoRaMesher] Free heap: 336460
17:04:26.187 > [603974][V][LoraMesher.cpp:378] receivingRoutine(): [LoRaMesher] Stack space unused after entering the task: 2040
17:04:26.198 > [603984][V][LoraMesher.cpp:379] receivingRoutine(): [LoRaMesher] Free heap: 336460
17:04:26.205 > [603992][I][PacketService.cpp:12] createEmptyPacket(): [LoRaMesher] Packet created with 17 bytes
17:04:26.214 > [604001][I][LoraMesher.cpp:392] receivingRoutine(): [LoRaMesher] Receiving LoRa packet: Size: 17 bytes RSSI: -74 SNR: 7
17:04:26.225 > [604012][V][LoraMesher.cpp:647] processPackets(): [LoRaMesher] Size of Received Packets Queue: 1
17:04:26.234 > [604020][V][LoraMesher.cpp:754] printHeaderPacket(): [LoRaMesher] Packet received -- Size: 17 Src: C998 Dst: D110 Id: 20 Type: 2 Via: D110 Seq_Id: 0 Num: 0
17:04:26.248 > [604034][I][LoraMesher.cpp:854] processDataPacket(): [LoRaMesher] Data packet from C998, destination D110, via D110
17:04:26.258 > [604044][V][LoraMesher.cpp:878] processDataPacket(): [LoRaMesher] Packet not for me, deleting it
17:04:26.266 > [604053][I][PacketQueueService.h:80] deleteQueuePacketAndPacket(): [LoRaMesher] Deleting packet
17:04:26.275 > [604061][I][PacketQueueService.h:83] deleteQueuePacketAndPacket(): [LoRaMesher] Deleting packet queue
17:04:26.284 > [604070][V][LoraMesher.cpp:641] processPackets(): [LoRaMesher] Stack space unused after entering the task: 2072
17:04:26.294 > [604080][V][LoraMesher.cpp:642] processPackets(): [LoRaMesher] Free heap: 336460
17:04:28.166 > [605953][V][LoraMesher.cpp:694] routingTableManager(): [LoRaMesher] Stack space unused after entering the task: 2288
17:04:28.177 > [605963][V][LoraMesher.cpp:695] routingTableManager(): [LoRaMesher] Free heap: 336460
17:04:28.184 > [605971][I][RoutingTableService.cpp:216] manageTimeoutRoutingTable(): [LoRaMesher] Checking routes timeout
17:04:28.194 > [605980][I][RoutingTableService.cpp:192] printRoutingTable(): [LoRaMesher] Current routing table:
17:04:28.203 > [605989][I][RoutingTableService.cpp:206] printRoutingTable(): [LoRaMesher] 0 - D110 via D110 metric 1 Role 1
17:04:28.212 > [605999][I][RoutingTableService.cpp:206] printRoutingTable(): [LoRaMesher] 1 - B3F0 via B3F0 metric 1 Role 0
17:04:28.222 > [606008][I][RoutingTableService.cpp:206] printRoutingTable(): [LoRaMesher] 2 - DE6C via DE6C metric 1 Role 0
17:04:28.231 > [606018][I][RoutingTableService.cpp:206] printRoutingTable(): [LoRaMesher] 3 - C998 via C998 metric 1 Role 0
17:04:30.426 > [608213][V][LoraMesher.cpp:598] sendHelloPacket(): [LoRaMesher] Creating Routing Packet
17:04:30.434 > [608221][V][LoraMesher.cpp:599] sendHelloPacket(): [LoRaMesher] Stack space unused after entering the task: 2332
17:04:30.444 > [608231][V][LoraMesher.cpp:600] sendHelloPacket(): [LoRaMesher] Free heap: 336460
17:04:30.451 > [608238][V][PacketFactory.h:45] createPacket(): [LoRaMesher] Creating packet with 24 bytes
17:04:30.460 > [608246][I][PacketFactory.h:74] createPacket(): [LoRaMesher] Packet created with 24 bytes
17:04:30.467 > [608254][I][LoraMesher.h:659] setPackedForSend(): [LoRaMesher] Adding packet to Q_SP
17:04:30.475 > [608262][I][LoraMesher.h:661] setPackedForSend(): [LoRaMesher] Created packet to Q_SP
17:04:30.483 > [608269][I][LoraMesher.cpp:1061] addToSendOrderedAndNotify(): [LoRaMesher] Added packet to Q_SP, notifying sender task
17:04:30.493 > [608280][V][LoraMesher.cpp:511] sendPackets(): [LoRaMesher] Stack space unused after entering the task: 1968
17:04:30.503 > [608290][V][LoraMesher.cpp:512] sendPackets(): [LoRaMesher] Free heap: 336360
17:04:30.510 > [608296][V][LoraMesher.cpp:518] sendPackets(): [LoRaMesher] Size of Send Packets Queue: 1
17:04:30.518 > [608304][V][LoraMesher.cpp:525] sendPackets(): [LoRaMesher] Send n. 35
17:04:30.524 > [608311][V][LoraMesher.cpp:455] waitBeforeSend(): [LoRaMesher] RandomDelay 1129 ms
17:04:31.020 > Send packet 30
17:04:31.022 > Sending packet to D110
17:04:31.024 > [608808][V][LoraMesher.h:250] createPacketAndSend(): [LoRaMesher] Creating a packet for send with 8 bytes
17:04:31.033 > [608820][V][PacketFactory.h:45] createPacket(): [LoRaMesher] Creating packet with 17 bytes
17:04:31.041 > [608828][I][PacketFactory.h:74] createPacket(): [LoRaMesher] Packet created with 17 bytes
17:04:31.049 > [608836][I][LoraMesher.h:659] setPackedForSend(): [LoRaMesher] Adding packet to Q_SP
17:04:31.057 > [608844][I][LoraMesher.h:661] setPackedForSend(): [LoRaMesher] Created packet to Q_SP
17:04:31.065 > [608851][I][LoraMesher.cpp:1061] addToSendOrderedAndNotify(): [LoRaMesher] Added packet to Q_SP, notifying sender task
17:04:31.636 > [609424][V][LoraMesher.cpp:378] receivingRoutine(): [LoRaMesher] Stack space unused after entering the task: 2040
17:04:31.647 > [609434][V][LoraMesher.cpp:379] receivingRoutine(): [LoRaMesher] Free heap: 336292
17:04:31.655 > [609441][I][PacketService.cpp:12] createEmptyPacket(): [LoRaMesher] Packet created with 24 bytes
17:04:31.663 > [609450][I][LoraMesher.cpp:392] receivingRoutine(): [LoRaMesher] Receiving LoRa packet: Size: 24 bytes RSSI: -29 SNR: 14
17:04:31.675 > [609461][V][LoraMesher.cpp:647] processPackets(): [LoRaMesher] Size of Received Packets Queue: 1
17:04:31.683 > [609470][V][LoraMesher.cpp:754] printHeaderPacket(): [LoRaMesher] Packet received -- Size: 24 Src: DE6C Dst: FFFF Id: 35 Type: 4 Via: 0 Seq_Id: 0 Num: 0
17:04:31.697 > [609473][V][LoraMesher.cpp:462] waitBeforeSend(): [LoRaMesher] Preamble detected while waiting 1
17:04:31.705 > [609492][V][Lor[a6M0e9s4h9e2r].[cIp]p[:R4o5u5t]i nwgaTiatbBleefSoerrevSiecned.(c)p:p :[7L7o]R apMreoscheesrs]R oRuatned(o)m:D e[lLoya49shms
17:04:31.721 > [609508][I][RoutingTableService.cpp:99] resetReceiveSNRRoutePacket(): [LoRaMesher] Reset Receive SNR from DE6C: 14
17:04:31.731 > [609518][I][RoutingTableService.cpp:192] printRoutingTable(): [LoRaMesher] Current routing table:
17:04:31.740 > [609526][I][RoutingTableService.cpp:206] printRoutingTable(): [LoRaMesher] 0 - D110 via D110 metric 1 Role 1
17:04:31.749 > [609536][I][RoutingTableService.cpp:206] printRoutingTable(): [LoRaMesher] 1 - B3F0 via B3F0 metric 1 Role 0
17:04:31.759 > [609546][I][RoutingTableService.cpp:206] printRoutingTable(): [LoRaMesher] 2 - DE6C via DE6C metric 1 Role 0
17:04:31.769 > [609555][I][RoutingTableService.cpp:206] printRoutingTable(): [LoRaMesher] 3 - C998 via C998 metric 1 Role 0
17:04:31.778 > [609565][I][PacketQueueService.h:80] deleteQueuePacketAndPacket(): [LoRaMesher] Deleting packet
17:04:31.787 > [609573][I][PacketQueueService.h:83] deleteQueuePacketAndPacket(): [LoRaMesher] Deleting packet queue
17:04:31.796 > [609582][V][LoraMesher.cpp:641] processPackets(): [LoRaMesher] Stack space unused after entering the task: 2072
17:04:31.806 > [609592][V][LoraMesher.cpp:642] processPackets(): [LoRaMesher] Free heap: 336292
17:04:32.136 > [609924][V][LoraMesher.cpp:378] receivingRoutine(): [LoRaMesher] Stack space unused after entering the task: 2040
17:04:32.147 > [609934][V][LoraMesher.cpp:379] receivingRoutine(): [LoRaMesher] Free heap: 336292
17:04:32.155 > [609941][I][PacketService.cpp:12] createEmptyPacket(): [LoRaMesher] Packet created with 17 bytes
17:04:32.163 > [609950][I][LoraMesher.cpp:392] receivingRoutine(): [LoRaMesher] Receiving LoRa packet: Size: 17 bytes RSSI: -25 SNR: 13
17:04:32.176 > [609961][V][LoraMesher.cpp:647] processPackets(): [LoRaMesher] Size of Received Packets Queue: 1
17:04:32.183 > [609970][V][LoraMesher.cpp:754] printHeaderPacket(): [LoRaMesher] Packet received -- Size: 17 Src: B3F0 Dst: D110 Id: 36 Type: 2 Via: D110 Seq_Id: 0 Num: 0
17:04:32.197 > [609984][I][LoraMesher.cpp:854] processDataPacket(): [LoRaMesher] Data packet from B3F0, destination D110, via D110
17:04:32.207 > [609994][V][LoraMesher.cpp:878] processDataPacket(): [LoRaMesher] Packet not for me, deleting it
17:04:32.216 > [610002][I][PacketQueueService.h:80] deleteQueuePacketAndPacket(): [LoRaMesher] Deleting packet
17:04:32.224 > [610007][V][LoraMesher.cpp:462] waitBeforeSend(): [LoRaMesher] Preamble detected while waiting 2
17:04:32.233 > [610019][I][Pa[c6k1e0t0Q1u9e]u[eVS]e[rLvoircaeM.ehs:h8e3r]. cdpepl:e4t5e5Q]u ewuaeiPtaBcekfeotrAenSdePnadc(k)e:t ([)L:o R[aLMoeRsaMesheranDoleelng 4ac ms queue
17:04:32.247 > [610034][V][LoraMesher.cpp:641] processPackets(): [LoRaMesher] Stack space unused after entering the task: 2072
17:04:32.257 > [610044][V][LoraMesher.cpp:642] processPackets(): [LoRaMesher] Free heap: 336292
17:04:32.730 > [610516][V][LoraMesher.cpp:754] printHeaderPacket(): [LoRaMesher] Packet send -- Size: 24 Src: F02C Dst: FFFF Id: 35 Type: 4 Via: 0 Seq_Id: 0 Num: 0
17:04:32.833 > [610621][V][LoraMesher.cpp:575] sendPackets(): [LoRaMesher] TimeOnAir 78 ms, next message in 0 ms
17:04:32.843 > [610629][I][PacketQueueService.h:80] deleteQueuePacketAndPacket(): [LoRaMesher] Deleting packet
17:04:32.851 > [610638][I][PacketQueueService.h:83] deleteQueuePacketAndPacket(): [LoRaMesher] Deleting packet queue
17:04:32.860 > [610647][V][LoraMesher.cpp:518] sendPackets(): [LoRaMesher] Size of Send Packets Queue: 1
17:04:32.868 > [610655][V][LoraMesher.cpp:525] sendPackets(): [LoRaMesher] Send n. 36
17:04:32.874 > [610661][V][LoraMesher.cpp:455] waitBeforeSend(): [LoRaMesher] RandomDelay 575 ms
17:04:33.456 > [611243][V][LoraMesher.cpp:754] printHeaderPacket(): [LoRaMesher] Packet send -- Size: 17 Src: F02C Dst: D110 Id: 36 Type: 2 Via: D110 Seq_Id: 0 Num: 0
17:04:33.546 > [611333][V][LoraMesher.cpp:575] sendPackets(): [LoRaMesher] TimeOnAir 63 ms, next message in 0 ms
17:04:33.555 > [611342][I][PacketQueueService.h:80] deleteQueuePacketAndPacket(): [LoRaMesher] Deleting packet
17:04:33.564 > [611351][I][PacketQueueService.h:83] deleteQueuePacketAndPacket(): [LoRaMesher] Deleting packet queue
17:04:35.144 > [612931][V][LoraMesher.cpp:378] receivingRoutine(): [LoRaMesher] Stack space unused after entering the task: 2040
17:04:35.155 > [612942][V][LoraMesher.cpp:379] receivingRoutine(): [LoRaMesher] Free heap: 336460
17:04:35.162 > [612949][I][PacketService.cpp:12] createEmptyPacket(): [LoRaMesher] Packet created with 17 bytes
17:04:35.171 > [612958][I][LoraMesher.cpp:392] receivingRoutine(): [LoRaMesher] Receiving LoRa packet: Size: 17 bytes RSSI: -30 SNR: 13
17:04:35.182 > [612969][V][LoraMesher.cpp:647] processPackets(): [LoRaMesher] Size of Received Packets Queue: 1
17:04:35.191 > [612978][V][LoraMesher.cpp:754] printHeaderPacket(): [LoRaMesher] Packet received -- Size: 17 Src: DE6C Dst: D110 Id: 36 Type: 2 Via: D110 Seq_Id: 0 Num: 0
17:04:35.205 > [612992][I][LoraMesher.cpp:854] processDataPacket(): [LoRaMesher] Data packet from DE6C, destination D110, via D110
17:04:35.215 > [613002][V][LoraMesher.cpp:878] processDataPacket(): [LoRaMesher] Packet not for me, deleting it
17:04:35.224 > [613010][I][PacketQueueService.h:80] deleteQueuePacketAndPacket(): [LoRaMesher] Deleting packet
17:04:35.232 > [613019][I][PacketQueueService.h:83] deleteQueuePacketAndPacket(): [LoRaMesher] Deleting packet queue
17:04:35.241 > [613028][V][LoraMesher.cpp:641] processPackets(): [LoRaMesher] Stack space unused after entering the task: 2072
17:04:35.251 > [613038][V][LoraMesher.cpp:642] processPackets(): [LoRaMesher] Free heap: 336460
17:04:46.240 > [624027][V][LoraMesher.cpp:378] receivingRoutine(): [LoRaMesher] Stack space unused after entering the task: 2040
17:04:46.251 > [624037][V][LoraMesher.cpp:379] receivingRoutine(): [LoRaMesher] Free heap: 336460
17:04:46.258 > [624045][I][PacketService.cpp:12] createEmptyPacket(): [LoRaMesher] Packet created with 17 bytes
17:04:46.267 > [624054][I][LoraMesher.cpp:392] receivingRoutine(): [LoRaMesher] Receiving LoRa packet: Size: 17 bytes RSSI: -74 SNR: 5
17:04:46.278 > [624065][V][LoraMesher.cpp:647] processPackets(): [LoRaMesher] Size of Received Packets Queue: 1
17:04:46.287 > [624074][V][LoraMesher.cpp:754] printHeaderPacket(): [LoRaMesher] Packet received -- Size: 17 Src: C998 Dst: D110 Id: 21 Type: 2 Via: D110 Seq_Id: 0 Num: 0
17:04:46.300 > [624087][I][LoraMesher.cpp:854] processDataPacket(): [LoRaMesher] Data packet from C998, destination D110, via D110
17:04:46.311 > [624098][V][LoraMesher.cpp:878] processDataPacket(): [LoRaMesher] Packet not for me, deleting it
17:04:46.319 > [624106][I][PacketQueueService.h:80] deleteQueuePacketAndPacket(): [LoRaMesher] Deleting packet
17:04:46.328 > [624115][I][PacketQueueService.h:83] deleteQueuePacketAndPacket(): [LoRaMesher] Deleting packet queue
17:04:46.337 > [624124][V][LoraMesher.cpp:641] processPackets(): [LoRaMesher] Stack space unused after entering the task: 2072
17:04:46.347 > [624134][V][LoraMesher.cpp:642] processPackets(): [LoRaMesher] Free heap: 336460
17:04:47.254 > [625041][V][LoraMesher.cpp:378] receivingRoutine(): [LoRaMesher] Stack space unused after entering the task: 2040
17:04:47.265 > [625052][V][LoraMesher.cpp:379] receivingRoutine(): [LoRaMesher] Free heap: 336460
17:04:47.272 > [625059][I][PacketService.cpp:12] createEmptyPacket(): [LoRaMesher] Packet created with 24 bytes
17:04:47.281 > [625068][I][LoraMesher.cpp:392] receivingRoutine(): [LoRaMesher] Receiving LoRa packet: Size: 24 bytes RSSI: -73 SNR: 5
17:04:47.292 > [625079][V][LoraMesher.cpp:647] processPackets(): [LoRaMesher] Size of Received Packets Queue: 1
17:04:47.301 > [625088][V][LoraMesher.cpp:754] printHeaderPacket(): [LoRaMesher] Packet received -- Size: 24 Src: C998 Dst: FFFF Id: 22 Type: 4 Via: 0 Seq_Id: 0 Num: 0
17:04:47.314 > [625101][I][RoutingTableService.cpp:77] processRoute(): [LoRaMesher] Route packet from C998 with size 4
17:04:47.323 > [625110][I][RoutingTableService.cpp:99] resetReceiveSNRRoutePacket(): [LoRaMesher] Reset Receive SNR from C998: 5
17:04:47.334 > [625120][I][RoutingTableService.cpp:192] printRoutingTable(): [LoRaMesher] Current routing table:
17:04:47.342 > [625129][I][RoutingTableService.cpp:206] printRoutingTable(): [LoRaMesher] 0 - D110 via D110 metric 1 Role 1
17:04:47.352 > [625139][I][RoutingTableService.cpp:206] printRoutingTable(): [LoRaMesher] 1 - B3F0 via B3F0 metric 1 Role 0
17:04:47.361 > [625148][I][RoutingTableService.cpp:206] printRoutingTable(): [LoRaMesher] 2 - DE6C via DE6C metric 1 Role 0
17:04:47.371 > [625158][I][RoutingTableService.cpp:206] printRoutingTable(): [LoRaMesher] 3 - C998 via C998 metric 1 Role 0
17:04:47.381 > [625168][I][PacketQueueService.h:80] deleteQueuePacketAndPacket(): [LoRaMesher] Deleting packet
17:04:47.389 > [625176][I][PacketQueueService.h:83] deleteQueuePacketAndPacket(): [LoRaMesher] Deleting packet queue
17:04:47.398 > [625185][V][LoraMesher.cpp:641] processPackets(): [LoRaMesher] Stack space unused after entering the task: 2072
17:04:47.408 > [625195][V][LoraMesher.cpp:642] processPackets(): [LoRaMesher] Free heap: 336460
17:04:49.603 > [627390][V][LoraMesher.cpp:378] receivingRoutine(): [LoRaMesher] Stack space unused after entering the task: 2040
17:04:49.613 > [627400][V][LoraMesher.cpp:379] receivingRoutine(): [LoRaMesher] Free heap: 336460
17:04:49.621 > [627408][I][PacketService.cpp:12] createEmptyPacket(): [LoRaMesher] Packet created with 24 bytes
17:04:49.629 > [627416][I][LoraMesher.cpp:392] receivingRoutine(): [LoRaMesher] Receiving LoRa packet: Size: 24 bytes RSSI: -35 SNR: 14
17:04:49.641 > [627428][V][LoraMesher.cpp:647] processPackets(): [LoRaMesher] Size of Received Packets Queue: 1
17:04:49.649 > [627436][V][LoraMesher.cpp:754] printHeaderPacket(): [LoRaMesher] Packet received -- Size: 24 Src: D110 Dst: FFFF Id: 6 Type: 4 Via: 0 Seq_Id: 0 Num: 0
17:04:49.663 > [627450][I][RoutingTableService.cpp:77] processRoute(): [LoRaMesher] Route packet from D110 with size 4
17:04:49.672 > [627459][I][RoutingTableService.cpp:99] resetReceiveSNRRoutePacket(): [LoRaMesher] Reset Receive SNR from D110: 14
17:04:49.682 > [627469][I][RoutingTableService.cpp:192] printRoutingTable(): [LoRaMesher] Current routing table:
17:04:49.691 > [627478][I][RoutingTableService.cpp:206] printRoutingTable(): [LoRaMesher] 0 - D110 via D110 metric 1 Role 1
17:04:49.700 > [627487][I][RoutingTableService.cpp:206] printRoutingTable(): [LoRaMesher] 1 - B3F0 via B3F0 metric 1 Role 0
17:04:49.710 > [627497][I][RoutingTableService.cpp:206] printRoutingTable(): [LoRaMesher] 2 - DE6C via DE6C metric 1 Role 0
17:04:49.720 > [627507][I][RoutingTableService.cpp:206] printRoutingTable(): [LoRaMesher] 3 - C998 via C998 metric 1 Role 0
17:04:49.729 > [627516][I][PacketQueueService.h:80] deleteQueuePacketAndPacket(): [LoRaMesher] Deleting packet
17:04:49.738 > [627525][I][PacketQueueService.h:83] deleteQueuePacketAndPacket(): [LoRaMesher] Deleting packet queue
17:04:49.747 > [627534][V][LoraMesher.cpp:641] processPackets(): [LoRaMesher] Stack space unused after entering the task: 2072
17:04:49.757 > [627544][V][LoraMesher.cpp:642] processPackets(): [LoRaMesher] Free heap: 336460
17:04:51.074 > Send packet 31
17:04:51.076 > Sending packet to D110
17:04:51.078 > [628862][V][LoraMesher.h:250] createPacketAndSend(): [LoRaMesher] Creating a packet for send with 8 bytes
17:04:51.087 > [628874][V][PacketFactory.h:45] createPacket(): [LoRaMesher] Creating packet with 17 bytes
17:04:51.095 > [628882][I][PacketFactory.h:74] createPacket(): [LoRaMesher] Packet created with 17 bytes
17:04:51.103 > [628890][I][LoraMesher.h:659] setPackedForSend(): [LoRaMesher] Adding packet to Q_SP
17:04:51.111 > [628898][I][LoraMesher.h:661] setPackedForSend(): [LoRaMesher] Created packet to Q_SP
17:04:51.118 > [628905][I][LoraMesher.cpp:1061] addToSendOrderedAndNotify(): [LoRaMesher] Added packet to Q_SP, notifying sender task
17:04:51.129 > [628916][V][LoraMesher.cpp:511] sendPackets(): [LoRaMesher] Stack space unused after entering the task: 1968
17:04:51.138 > [628925][V][LoraMesher.cpp:512] sendPackets(): [LoRaMesher] Free heap: 336364
17:04:51.145 > [628932][V][LoraMesher.cpp:518] sendPackets(): [LoRaMesher] Size of Send Packets Queue: 1
17:04:51.153 > [628940][V][LoraMesher.cpp:525] sendPackets(): [LoRaMesher] Send n. 37
17:04:51.160 > [628947][V][LoraMesher.cpp:455] waitBeforeSend(): [LoRaMesher] RandomDelay 693 ms
17:04:51.810 > [629597][V][LoraMesher.cpp:378] receivingRoutine(): [LoRaMesher] Stack space unused after entering the task: 2040
17:04:51.820 > [629607][V][LoraMesher.cpp:379] receivingRoutine(): [LoRaMesher] Free heap: 336392
17:04:51.828 > [629615][I][PacketService.cpp:12] createEmptyPacket(): [LoRaMesher] Packet created with 17 bytes
17:04:51.836 > [629623][I][LoraMesher.cpp:392] receivingRoutine(): [LoRaMesher] Receiving LoRa packet: Size: 17 bytes RSSI: -25 SNR: 1
17:04:51.848 > [629635][W][LoraMesher.cpp:403] receivingRoutine(): [LoRaMesher] Reading packet data gave error: -7
17:04:51.868 > [629655][V][LoraMesher.cpp:462] waitBeforeSend(): [LoRaMesher] Preamble detected while waiting 1
17:04:51.877 > [629664][V][LoraMesher.cpp:455] waitBeforeSend(): [LoRaMesher] RandomDelay 773 ms
17:04:52.657 > [630444][V][LoraMesher.cpp:754] printHeaderPacket(): [LoRaMesher] Packet send -- Size: 17 Src: F02C Dst: D110 Id: 37 Type: 2 Via: D110 Seq_Id: 0 Num: 0
17:04:52.747 > [630534][V][LoraMesher.cpp:575] sendPackets(): [LoRaMesher] TimeOnAir 63 ms, next message in 0 ms
17:04:52.756 > [630543][I][PacketQueueService.h:80] deleteQueuePacketAndPacket(): [LoRaMesher] Deleting packet
17:04:52.765 > [630552][I][PacketQueueService.h:83] deleteQueuePacketAndPacket(): [LoRaMesher] Deleting packet queue
17:05:06.466 > [644253][V][LoraMesher.cpp:378] receivingRoutine(): [LoRaMesher] Stack space unused after entering the task: 2040
17:05:06.476 > [644264][V][LoraMesher.cpp:379] receivingRoutine(): [LoRaMesher] Free heap: 336460
17:05:06.484 > [644271][I][PacketService.cpp:12] createEmptyPacket(): [LoRaMesher] Packet created with 17 bytes
17:05:06.493 > [644280][I][LoraMesher.cpp:392] receivingRoutine(): [LoRaMesher] Receiving LoRa packet: Size: 17 bytes RSSI: -75 SNR: 4
17:05:06.504 > [644291][V][LoraMesher.cpp:647] processPackets(): [LoRaMesher] Size of Received Packets Queue: 1
17:05:06.512 > [644300][V][LoraMesher.cpp:754] printHeaderPacket(): [LoRaMesher] Packet received -- Size: 17 Src: C998 Dst: D110 Id: 23 Type: 2 Via: D110 Seq_Id: 0 Num: 0
17:05:06.527 > [644313][I][LoraMesher.cpp:854] processDataPacket(): [LoRaMesher] Data packet from C998, destination D110, via D110
17:05:06.536 > [644324][V][LoraMesher.cpp:878] processDataPacket(): [LoRaMesher] Packet not for me, deleting it
17:05:06.545 > [644332][I][PacketQueueService.h:80] deleteQueuePacketAndPacket(): [LoRaMesher] Deleting packet
17:05:06.553 > [644341][I][PacketQueueService.h:83] deleteQueuePacketAndPacket(): [LoRaMesher] Deleting packet queue
17:05:06.563 > [644350][V][LoraMesher.cpp:641] processPackets(): [LoRaMesher] Stack space unused after entering the task: 2072
17:05:06.572 > [644360][V][LoraMesher.cpp:642] processPackets(): [LoRaMesher] Free heap: 336460
17:05:11.167 > Send packet 32
17:05:11.168 > Sending packet to D110
17:05:11.171 > [648955][V][LoraMesher.h:250] createPacketAndSend(): [LoRaMesher] Creating a packet for send with 8 bytes
17:05:11.181 > [648967][V][PacketFactory.h:45] createPacket(): [LoRaMesher] Creating packet with 17 bytes
17:05:11.188 > [648975][I][PacketFactory.h:74] createPacket(): [LoRaMesher] Packet created with 17 bytes
17:05:11.203 > [648983][I][LoraMesher.h:659] setPackedForSend(): [LoRaMesher] Adding packet to Q_SP
17:05:11.204 > [648991][I][LoraMesher.h:661] setPackedForSend(): [LoRaMesher] Created packet to Q_SP
17:05:11.214 > [648998][I][LoraMesher.cpp:1061] addToSendOrderedAndNotify(): [LoRaMesher] Added packet to Q_SP, notifying sender task
17:05:11.222 > [649009][V][LoraMesher.cpp:511] sendPackets(): [LoRaMesher] Stack space unused after entering the task: 1968
17:05:11.231 > [649018][V][LoraMesher.cpp:512] sendPackets(): [LoRaMesher] Free heap: 336364
17:05:11.238 > [649025][V][LoraMesher.cpp:518] sendPackets(): [LoRaMesher] Size of Send Packets Queue: 1
17:05:11.247 > [649033][V][LoraMesher.cpp:525] sendPackets(): [LoRaMesher] Send n. 38
17:05:11.252 > [649040][V][LoraMesher.cpp:455] waitBeforeSend(): [LoRaMesher] RandomDelay 667 ms
17:05:11.630 > [649417][V][LoraMesher.cpp:378] receivingRoutine(): [LoRaMesher] Stack space unused after entering the task: 2040
17:05:11.640 > [649428][V][LoraMesher.cpp:379] receivingRoutine(): [LoRaMesher] Free heap: 336392
17:05:11.649 > [649435][I][PacketService.cpp:12] createEmptyPacket(): [LoRaMesher] Packet created with 17 bytes
17:05:11.657 > [649444][I][LoraMesher.cpp:392] receivingRoutine(): [LoRaMesher] Receiving LoRa packet: Size: 17 bytes RSSI: -30 SNR: 13
17:05:11.669 > [649455][V][LoraMesher.cpp:647] processPackets(): [LoRaMesher] Size of Received Packets Queue: 1
17:05:11.677 > [649464][V][LoraMesher.cpp:754] printHeaderPacket(): [LoRaMesher] Packet received -- Size: 17 Src: DE6C Dst: D110 Id: 38 Type: 2 Via: D110 Seq_Id: 0 Num: 0
17:05:11.690 > [649478][I][LoraMesher.cpp:854] processDataPacket(): [LoRaMesher] Data packet from DE6C, destination D110, via D110
17:05:11.701 > [649488][V][LoraMesher.cpp:878] processDataPacket(): [LoRaMesher] Packet not for me, deleting it
17:05:11.710 > [649496][I][PacketQueueService.h:80] deleteQueuePacketAndPacket(): [LoRaMesher] Deleting packet
17:05:11.718 > [649505][I][PacketQueueService.h:83] deleteQueuePacketAndPacket(): [LoRaMesher] Deleting packet queue
17:05:11.727 > [649514][V][LoraMesher.cpp:641] processPackets(): [LoRaMesher] Stack space unused after entering the task: 2072
17:05:11.738 > [649524][V][LoraMesher.cpp:642] processPackets(): [LoRaMesher] Free heap: 336392
17:05:11.933 > [649720][V][LoraMesher.cpp:462] waitBeforeSend(): [LoRaMesher] Preamble detected while waiting 1
17:05:11.942 > [649729][V][LoraMesher.cpp:455] waitBeforeSend(): [LoRaMesher] RandomDelay 871 ms
17:05:12.342 > [650129][V][LoraMesher.cpp:378] receivingRoutine(): [LoRaMesher] Stack space unused after entering the task: 2040
17:05:12.352 > [650140][V][LoraMesher.cpp:379] receivingRoutine(): [LoRaMesher] Free heap: 336392
17:05:12.360 > [650147][I][PacketService.cpp:12] createEmptyPacket(): [LoRaMesher] Packet created with 17 bytes
17:05:12.369 > [650156][I][LoraMesher.cpp:392] receivingRoutine(): [LoRaMesher] Receiving LoRa packet: Size: 17 bytes RSSI: -26 SNR: 13
17:05:12.380 > [650167][V][LoraMesher.cpp:647] processPackets(): [LoRaMesher] Size of Received Packets Queue: 1
17:05:12.388 > [650176][V][LoraMesher.cpp:754] printHeaderPacket(): [LoRaMesher] Packet received -- Size: 17 Src: B3F0 Dst: D110 Id: 38 Type: 2 Via: D110 Seq_Id: 0 Num: 0
17:05:12.402 > [650190][I][LoraMesher.cpp:854] processDataPacket(): [LoRaMesher] Data packet from B3F0, destination D110, via D110
17:05:12.412 > [650200][V][LoraMesher.cpp:878] processDataPacket(): [LoRaMesher] Packet not for me, deleting it
17:05:12.421 > [650208][I][PacketQueueService.h:80] deleteQueuePacketAndPacket(): [LoRaMesher] Deleting packet
17:05:12.429 > [650217][I][PacketQueueService.h:83] deleteQueuePacketAndPacket(): [LoRaMesher] Deleting packet queue
17:05:12.438 > [650226][V][LoraMesher.cpp:641] processPackets(): [LoRaMesher] Stack space unused after entering the task: 2072
17:05:12.448 > [650236][V][LoraMesher.cpp:642] processPackets(): [LoRaMesher] Free heap: 336392
17:05:12.826 > [650613][V][LoraMesher.cpp:462] waitBeforeSend(): [LoRaMesher] Preamble detected while waiting 2
17:05:12.835 > [650622][V][LoraMesher.cpp:455] waitBeforeSend(): [LoRaMesher] RandomDelay 1221 ms
17:05:14.063 > [651850][V][LoraMesher.cpp:754] printHeaderPacket(): [LoRaMesher] Packet send -- Size: 17 Src: F02C Dst: D110 Id: 38 Type: 2 Via: D110 Seq_Id: 0 Num: 0
17:05:14.153 > [651940][V][LoraMesher.cpp:575] sendPackets(): [LoRaMesher] TimeOnAir 63 ms, next message in 0 ms
17:05:14.162 > [651949][I][PacketQueueService.h:80] deleteQueuePacketAndPacket(): [LoRaMesher] Deleting packet
17:05:14.170 > [651958][I][PacketQueueService.h:83] deleteQueuePacketAndPacket(): [LoRaMesher] Deleting packet queue
17:05:26.592 > [664380][V][LoraMesher.cpp:378] receivingRoutine(): [LoRaMesher] Stack space unused after entering the task: 2040
17:05:26.603 > [664390][V][LoraMesher.cpp:379] receivingRoutine(): [LoRaMesher] Free heap: 336460
17:05:26.610 > [664397][I][PacketService.cpp:12] createEmptyPacket(): [LoRaMesher] Packet created with 17 bytes
17:05:26.618 > [664406][I][LoraMesher.cpp:392] receivingRoutine(): [LoRaMesher] Receiving LoRa packet: Size: 17 bytes RSSI: -75 SNR: 4
17:05:26.629 > [664417][V][LoraMesher.cpp:647] processPackets(): [LoRaMesher] Size of Received Packets Queue: 1
17:05:26.638 > [664426][V][LoraMesher.cpp:754] printHeaderPacket(): [LoRaMesher] Packet received -- Size: 17 Src: C998 Dst: D110 Id: 24 Type: 2 Via: D110 Seq_Id: 0 Num: 0
17:05:26.652 > [664440][I][LoraMesher.cpp:854] processDataPacket(): [LoRaMesher] Data packet from C998, destination D110, via D110
17:05:26.662 > [664450][V][LoraMesher.cpp:878] processDataPacket(): [LoRaMesher] Packet not for me, deleting it
17:05:26.671 > [664458][I][PacketQueueService.h:80] deleteQueuePacketAndPacket(): [LoRaMesher] Deleting packet
17:05:26.679 > [664467][I][PacketQueueService.h:83] deleteQueuePacketAndPacket(): [LoRaMesher] Deleting packet queue
17:05:26.688 > [664476][V][LoraMesher.cpp:641] processPackets(): [LoRaMesher] Stack space unused after entering the task: 2072
17:05:26.699 > [664486][V][LoraMesher.cpp:642] processPackets(): [LoRaMesher] Free heap: 336460
17:05:31.260 > Send packet 33
17:05:31.261 > Sending packet to D110
17:05:31.263 > [669048][V][LoraMesher.h:250] createPacketAndSend(): [LoRaMesher] Creating a packet for send with 8 bytes
17:05:31.272 > [669060][V][PacketFactory.h:45] createPacket(): [LoRaMesher] Creating packet with 17 bytes
17:05:31.280 > [669068][I][PacketFactory.h:74] createPacket(): [LoRaMesher] Packet created with 17 bytes
17:05:31.288 > [669076][I][LoraMesher.h:659] setPackedForSend(): [LoRaMesher] Adding packet to Q_SP
17:05:31.296 > [669084][I][LoraMesher.h:661] setPackedForSend(): [LoRaMesher] Created packet to Q_SP
17:05:31.304 > [669091][I][LoraMesher.cpp:1061] addToSendOrderedAndNotify(): [LoRaMesher] Added packet to Q_SP, notifying sender task
17:05:31.314 > [669102][V][LoraMesher.cpp:511] sendPackets(): [LoRaMesher] Stack space unused after entering the task: 1968
17:05:31.324 > [669112][V][LoraMesher.cpp:512] sendPackets(): [LoRaMesher] Free heap: 336364
17:05:31.332 > [669118][V][LoraMesher.cpp:518] sendPackets(): [LoRaMesher] Size of Send Packets Queue: 1
17:05:31.339 > [669126][V][LoraMesher.cpp:525] sendPackets(): [LoRaMesher] Send n. 39
17:05:31.345 > [669133][V][LoraMesher.cpp:455] waitBeforeSend(): [LoRaMesher] RandomDelay 519 ms
17:05:31.832 > [669620][V][LoraMesher.cpp:378] receivingRoutine(): [LoRaMesher] Stack space unused after entering the task: 2040
17:05:31.842 > [669630][V][LoraMesher.cpp:379] receivingRoutine(): [LoRaMesher] Free heap: 336392
17:05:31.850 > [669638][I][PacketService.cpp:12] createEmptyPacket(): [LoRaMesher] Packet created with 17 bytes
17:05:31.859 > [669647][I][LoraMesher.cpp:392] receivingRoutine(): [LoRaMesher] Receiving LoRa packet: Size: 17 bytes RSSI: -26 SNR: 13
17:05:31.870 > [669658][V][LoraMesher.cpp:647] processPackets(): [LoRaMesher] Size of Received Packets Queue: 1
17:05:31.879 > [669666][V][LoraMesher.cpp:754] printHeaderPacket(): [LoRaMesher] Packet received -- Size: 17 Src: DE6C Dst: D110 Id: 39 Type: 2 Via: D110 Seq_Id: 0 Num: 0
17:05:31.892 > [669670][V][LoraMesher.cpp:462] waitBeforeSend(): [LoRaMesher] Preamble detected while waiting 1
17:05:31.901 > [669689][V][LoraMesher.cpp:[465659]6 8w9a]i[tIB]e[fLoorreaSMeensdh(e)r:. c[pLpo:R8a5M4e]s hperro]c eRsasnDdaotmaDPealcakye t7(5)0: mLo
17:05:31.913 > aMesher] Data packet from DE6C, destination D110, via D110
17:05:31.918 > [669706][V][LoraMesher.cpp:878] processDataPacket(): [LoRaMesher] Packet not for me, deleting it
17:05:31.926 > [669714][I][PacketQueueService.h:80] deleteQueuePacketAndPacket(): [LoRaMesher] Deleting packet
17:05:31.935 > [669723][I][PacketQueueService.h:83] deleteQueuePacketAndPacket(): [LoRaMesher] Deleting packet queue
17:05:31.944 > [669732][V][LoraMesher.cpp:641] processPackets(): [LoRaMesher] Stack space unused after entering the task: 2072
17:05:31.954 > [669742][V][LoraMesher.cpp:642] processPackets(): [LoRaMesher] Free heap: 336392
17:05:32.668 > [670455][V][LoraMesher.cpp:754] printHeaderPacket(): [LoRaMesher] Packet send -- Size: 17 Src: F02C Dst: D110 Id: 39 Type: 2 Via: D110 Seq_Id: 0 Num: 0
17:05:32.758 > [670546][V][LoraMesher.cpp:575] sendPackets(): [LoRaMesher] TimeOnAir 63 ms, next message in 0 ms
17:05:32.766 > [670554][I][PacketQueueService.h:80] deleteQueuePacketAndPacket(): [LoRaMesher] Deleting packet
17:05:32.775 > [670563][I][PacketQueueService.h:83] deleteQueuePacketAndPacket(): [LoRaMesher] Deleting packet queue
17:05:46.973 > [684761][V][LoraMesher.cpp:378] receivingRoutine(): [LoRaMesher] Stack space unused after entering the task: 2040
17:05:46.984 > [684771][V][LoraMesher.cpp:379] receivingRoutine(): [LoRaMesher] Free heap: 336460
17:05:46.991 > [684778][I][PacketService.cpp:12] createEmptyPacket(): [LoRaMesher] Packet created with 17 bytes
17:05:47.000 > [684787][I][LoraMesher.cpp:392] receivingRoutine(): [LoRaMesher] Receiving LoRa packet: Size: 17 bytes RSSI: -74 SNR: 4
17:05:47.010 > [684798][V][LoraMesher.cpp:647] processPackets(): [LoRaMesher] Size of Received Packets Queue: 1
17:05:47.020 > [684807][V][LoraMesher.cpp:754] printHeaderPacket(): [LoRaMesher] Packet received -- Size: 17 Src: C998 Dst: D110 Id: 25 Type: 2 Via: D110 Seq_Id: 0 Num: 0
17:05:47.033 > [684821][I][LoraMesher.cpp:854] processDataPacket(): [LoRaMesher] Data packet from C998, destination D110, via D110
17:05:47.044 > [684831][V][LoraMesher.cpp:878] processDataPacket(): [LoRaMesher] Packet not for me, deleting it
17:05:47.052 > [684839][I][PacketQueueService.h:80] deleteQueuePacketAndPacket(): [LoRaMesher] Deleting packet
17:05:47.061 > [684848][I][PacketQueueService.h:83] deleteQueuePacketAndPacket(): [LoRaMesher] Deleting packet queue
17:05:47.070 > [684857][V][LoraMesher.cpp:641] processPackets(): [LoRaMesher] Stack space unused after entering the task: 2072
17:05:47.079 > [684867][V][LoraMesher.cpp:642] processPackets(): [LoRaMesher] Free heap: 336460
17:05:51.352 > Send packet 34
17:05:51.355 > Sending packet to D110
17:05:51.357 > [689141][V][LoraMesher.h:250] createPacketAndSend(): [LoRaMesher] Creating a packet for send with 8 bytes
17:05:51.365 > [689153][V][PacketFactory.h:45] createPacket(): [LoRaMesher] Creating packet with 17 bytes
17:05:51.374 > [689161][I][PacketFactory.h:74] createPacket(): [LoRaMesher] Packet created with 17 bytes
17:05:51.382 > [689169][I][LoraMesher.h:659] setPackedForSend(): [LoRaMesher] Adding packet to Q_SP
17:05:51.389 > [689177][I][LoraMesher.h:661] setPackedForSend(): [LoRaMesher] Created packet to Q_SP
17:05:51.397 > [689184][I][LoraMesher.cpp:1061] addToSendOrderedAndNotify(): [LoRaMesher] Added packet to Q_SP, notifying sender task
17:05:51.408 > [689195][V][LoraMesher.cpp:511] sendPackets(): [LoRaMesher] Stack space unused after entering the task: 1968
17:05:51.416 > [689205][V][LoraMesher.cpp:512] sendPackets(): [LoRaMesher] Free heap: 336364
17:05:51.424 > [689211][V][LoraMesher.cpp:518] sendPackets(): [LoRaMesher] Size of Send Packets Queue: 1
17:05:51.431 > [689219][V][LoraMesher.cpp:525] sendPackets(): [LoRaMesher] Send n. 40
17:05:51.438 > [689226][V][LoraMesher.cpp:455] waitBeforeSend(): [LoRaMesher] RandomDelay 762 ms
17:05:51.824 > [689612][V][LoraMesher.cpp:378] receivingRoutine(): [LoRaMesher] Stack space unused after entering the task: 2040
17:05:51.835 > [689622][V][LoraMesher.cpp:379] receivingRoutine(): [LoRaMesher] Free heap: 336392
17:05:51.842 > [689629][I][PacketService.cpp:12] createEmptyPacket(): [LoRaMesher] Packet created with 17 bytes
17:05:51.851 > [689638][I][LoraMesher.cpp:392] receivingRoutine(): [LoRaMesher] Receiving LoRa packet: Size: 17 bytes RSSI: -28 SNR: 12
17:05:51.861 > [689649][V][LoraMesher.cpp:647] processPackets(): [LoRaMesher] Size of Received Packets Queue: 1
17:05:51.871 > [689658][V][LoraMesher.cpp:754] printHeaderPacket(): [LoRaMesher] Packet received -- Size: 17 Src: DE6C Dst: D110 Id: 40 Type: 2 Via: D110 Seq_Id: 0 Num: 0
17:05:51.884 > [689672][I][LoraMesher.cpp:854] processDataPacket(): [LoRaMesher] Data packet from DE6C, destination D110, via D110
17:05:51.895 > [689682][V][LoraMesher.cpp:878] processDataPacket(): [LoRaMesher] Packet not for me, deleting it
17:05:51.903 > [689691][I][PacketQueueService.h:80] deleteQueuePacketAndPacket(): [LoRaMesher] Deleting packet
17:05:51.912 > [689699][I][PacketQueueService.h:83] deleteQueuePacketAndPacket(): [LoRaMesher] Deleting packet queue
17:05:51.921 > [689708][V][LoraMesher.cpp:641] processPackets(): [LoRaMesher] Stack space unused after entering the task: 2072
17:05:51.930 > [689718][V][LoraMesher.cpp:642] processPackets(): [LoRaMesher] Free heap: 336392
17:05:52.213 > [690001][V][LoraMesher.cpp:462] waitBeforeSend(): [LoRaMesher] Preamble detected while waiting 1
17:05:52.222 > [690010][V][LoraMesher.cpp:455] waitBeforeSend(): [LoRaMesher] RandomDelay 670 ms
17:05:52.727 > [690515][V][LoraMesher.cpp:378] receivingRoutine(): [LoRaMesher] Stack space unused after entering the task: 2040
17:05:52.738 > [690525][V][LoraMesher.cpp:379] receivingRoutine(): [LoRaMesher] Free heap: 336392
17:05:52.745 > [690533][I][PacketService.cpp:12] createEmptyPacket(): [LoRaMesher] Packet created with 17 bytes
17:05:52.755 > [690542][I][LoraMesher.cpp:392] receivingRoutine(): [LoRaMesher] Receiving LoRa packet: Size: 17 bytes RSSI: -25 SNR: 13
17:05:52.765 > [690553][V][LoraMesher.cpp:647] processPackets(): [LoRaMesher] Size of Received Packets Queue: 1
17:05:52.774 > [690562][V][LoraMesher.cpp:754] printHeaderPacket(): [LoRaMesher] Packet received -- Size: 17 Src: B3F0 Dst: D110 Id: 40 Type: 2 Via: D110 Seq_Id: 0 Num: 0
17:05:52.788 > [690575][I][LoraMesher.cpp:854] processDataPacket(): [LoRaMesher] Data packet from B3F0, destination D110, via D110
17:05:52.798 > [690586][V][LoraMesher.cpp:878] processDataPacket(): [LoRaMesher] Packet not for me, deleting it
17:05:52.806 > [690594][I][PacketQueueService.h:80] deleteQueuePacketAndPacket(): [LoRaMesher] Deleting packet
17:05:52.815 > [690603][I][PacketQueueService.h:83] deleteQueuePacketAndPacket(): [LoRaMesher] Deleting packet queue
17:05:52.824 > [690612][V][LoraMesher.cpp:641] processPackets(): [LoRaMesher] Stack space unused after entering the task: 2072
17:05:52.834 > [690622][V][LoraMesher.cpp:642] processPackets(): [LoRaMesher] Free heap: 336392
17:05:52.905 > [690693][V][LoraMesher.cpp:462] waitBeforeSend(): [LoRaMesher] Preamble detected while waiting 2
17:05:52.915 > [690702][V][LoraMesher.cpp:455] waitBeforeSend(): [LoRaMesher] RandomDelay 1383 ms
17:05:54.304 > [692092][V][LoraMesher.cpp:754] printHeaderPacket(): [LoRaMesher] Packet send -- Size: 17 Src: F02C Dst: D110 Id: 40 Type: 2 Via: D110 Seq_Id: 0 Num: 0
17:05:54.394 > [692183][V][LoraMesher.cpp:575] sendPackets(): [LoRaMesher] TimeOnAir 63 ms, next message in 0 ms
17:05:54.404 > [692191][I][PacketQueueService.h:80] deleteQueuePacketAndPacket(): [LoRaMesher] Deleting packet
17:05:54.412 > [692200][I][PacketQueueService.h:83] deleteQueuePacketAndPacket(): [LoRaMesher] Deleting packet queue
17:06:06.999 > [704787][V][LoraMesher.cpp:378] receivingRoutine(): [LoRaMesher] Stack space unused after entering the task: 2040
17:06:07.009 > [704797][V][LoraMesher.cpp:379] receivingRoutine(): [LoRaMesher] Free heap: 336460
17:06:07.017 > [704804][I][PacketService.cpp:12] createEmptyPacket(): [LoRaMesher] Packet created with 17 bytes
17:06:07.026 > [704813][I][LoraMesher.cpp:392] receivingRoutine(): [LoRaMesher] Receiving LoRa packet: Size: 17 bytes RSSI: -74 SNR: 4
17:06:07.037 > [704824][V][LoraMesher.cpp:647] processPackets(): [LoRaMesher] Size of Received Packets Queue: 1
17:06:07.046 > [704833][V][LoraMesher.cpp:754] printHeaderPacket(): [LoRaMesher] Packet received -- Size: 17 Src: C998 Dst: D110 Id: 26 Type: 2 Via: D110 Seq_Id: 0 Num: 0
17:06:07.059 > [704847][I][LoraMesher.cpp:854] processDataPacket(): [LoRaMesher] Data packet from C998, destination D110, via D110
17:06:07.070 > [704857][V][LoraMesher.cpp:878] processDataPacket(): [LoRaMesher] Packet not for me, deleting it
17:06:07.078 > [704866][I][PacketQueueService.h:80] deleteQueuePacketAndPacket(): [LoRaMesher] Deleting packet
17:06:07.087 > [704874][I][PacketQueueService.h:83] deleteQueuePacketAndPacket(): [LoRaMesher] Deleting packet queue
17:06:07.096 > [704883][V][LoraMesher.cpp:641] processPackets(): [LoRaMesher] Stack space unused after entering the task: 2072
17:06:07.106 > [704893][V][LoraMesher.cpp:642] processPackets(): [LoRaMesher] Free heap: 336460
17:06:11.445 > Send packet 35
17:06:11.447 > Sending packet to D110
17:06:11.449 > [709234][V][LoraMesher.h:250] createPacketAndSend(): [LoRaMesher] Creating a packet for send with 8 bytes
17:06:11.459 > [709246][V][PacketFactory.h:45] createPacket(): [LoRaMesher] Creating packet with 17 bytes
17:06:11.467 > [709254][I][PacketFactory.h:74] createPacket(): [LoRaMesher] Packet created with 17 bytes
17:06:11.475 > [709262][I][LoraMesher.h:659] setPackedForSend(): [LoRaMesher] Adding packet to Q_SP
17:06:11.482 > [709270][I][LoraMesher.h:661] setPackedForSend(): [LoRaMesher] Created packet to Q_SP
17:06:11.490 > [709277][I][LoraMesher.cpp:1061] addToSendOrderedAndNotify(): [LoRaMesher] Added packet to Q_SP, notifying sender task
17:06:11.500 > [709288][V][LoraMesher.cpp:511] sendPackets(): [LoRaMesher] Stack space unused after entering the task: 1968
17:06:11.510 > [709298][V][LoraMesher.cpp:512] sendPackets(): [LoRaMesher] Free heap: 336364
17:06:11.517 > [709304][V][LoraMesher.cpp:518] sendPackets(): [LoRaMesher] Size of Send Packets Queue: 1
17:06:11.525 > [709312][V][LoraMesher.cpp:525] sendPackets(): [LoRaMesher] Send n. 41
17:06:11.531 > [709319][V][LoraMesher.cpp:455] waitBeforeSend(): [LoRaMesher] RandomDelay 976 ms
17:06:12.515 > [710303][V][LoraMesher.cpp:754] printHeaderPacket(): [LoRaMesher] Packet send -- Size: 17 Src: F02C Dst: D110 Id: 41 Type: 2 Via: D110 Seq_Id: 0 Num: 0
17:06:12.604 > [710393][V][LoraMesher.cpp:575] sendPackets(): [LoRaMesher] TimeOnAir 63 ms, next message in 0 ms
17:06:12.614 > [710401][I][PacketQueueService.h:80] deleteQueuePacketAndPacket(): [LoRaMesher] Deleting packet
17:06:12.622 > [710410][I][PacketQueueService.h:83] deleteQueuePacketAndPacket(): [LoRaMesher] Deleting packet queue
17:06:12.672 > [710460][V][LoraMesher.cpp:378] receivingRoutine(): [LoRaMesher] Stack space unused after entering the task: 2040
17:06:12.683 > [710470][V][LoraMesher.cpp:379] receivingRoutine(): [LoRaMesher] Free heap: 336460
17:06:12.690 > [710478][I][PacketService.cpp:12] createEmptyPacket(): [LoRaMesher] Packet created with 17 bytes
17:06:12.699 > [710487][I][LoraMesher.cpp:392] receivingRoutine(): [LoRaMesher] Receiving LoRa packet: Size: 17 bytes RSSI: -26 SNR: 13
17:06:12.710 > [710498][V][LoraMesher.cpp:647] processPackets(): [LoRaMesher] Size of Received Packets Queue: 1
17:06:12.719 > [710506][V][LoraMesher.cpp:754] printHeaderPacket(): [LoRaMesher] Packet received -- Size: 17 Src: DE6C Dst: D110 Id: 41 Type: 2 Via: D110 Seq_Id: 0 Num: 0
17:06:12.733 > [710520][I][LoraMesher.cpp:854] processDataPacket(): [LoRaMesher] Data packet from DE6C, destination D110, via D110
17:06:12.743 > [710530][V][LoraMesher.cpp:878] processDataPacket(): [LoRaMesher] Packet not for me, deleting it
17:06:12.751 > [710539][I][PacketQueueService.h:80] deleteQueuePacketAndPacket(): [LoRaMesher] Deleting packet
17:06:12.760 > [710547][I][PacketQueueService.h:83] deleteQueuePacketAndPacket(): [LoRaMesher] Deleting packet queue
17:06:12.769 > [710556][V][LoraMesher.cpp:641] processPackets(): [LoRaMesher] Stack space unused after entering the task: 2072
17:06:12.779 > [710566][V][LoraMesher.cpp:642] processPackets(): [LoRaMesher] Free heap: 336460
17:06:13.587 > [711375][V][LoraMesher.cpp:378] receivingRoutine(): [LoRaMesher] Stack space unused after entering the task: 2040
17:06:13.598 > [711385][V][LoraMesher.cpp:379] receivingRoutine(): [LoRaMesher] Free heap: 336460
17:06:13.605 > [711393][I][PacketService.cpp:12] createEmptyPacket(): [LoRaMesher] Packet created with 17 bytes
17:06:13.614 > [711402][I][LoraMesher.cpp:392] receivingRoutine(): [LoRaMesher] Receiving LoRa packet: Size: 17 bytes RSSI: -27 SNR: 13
17:06:13.625 > [711413][V][LoraMesher.cpp:647] processPackets(): [LoRaMesher] Size of Received Packets Queue: 1
17:06:13.634 > [711422][V][LoraMesher.cpp:754] printHeaderPacket(): [LoRaMesher] Packet received -- Size: 17 Src: B3F0 Dst: D110 Id: 41 Type: 2 Via: D110 Seq_Id: 0 Num: 0
17:06:13.648 > [711435][I][LoraMesher.cpp:854] processDataPacket(): [LoRaMesher] Data packet from B3F0, destination D110, via D110
17:06:13.658 > [711446][V][LoraMesher.cpp:878] processDataPacket(): [LoRaMesher] Packet not for me, deleting it
17:06:13.667 > [711454][I][PacketQueueService.h:80] deleteQueuePacketAndPacket(): [LoRaMesher] Deleting packet
17:06:13.675 > [711463][I][PacketQueueService.h:83] deleteQueuePacketAndPacket(): [LoRaMesher] Deleting packet queue
17:06:13.684 > [711472][V][LoraMesher.cpp:641] processPackets(): [LoRaMesher] Stack space unused after entering the task: 2072
17:06:13.694 > [711482][V][LoraMesher.cpp:642] processPackets(): [LoRaMesher] Free heap: 336460
17:06:26.608 > [724397][V][LoraMesher.cpp:378] receivingRoutine(): [LoRaMesher] Stack space unused after entering the task: 2040
17:06:26.619 > [724407][V][LoraMesher.cpp:379] receivingRoutine(): [LoRaMesher] Free heap: 336460
17:06:26.627 > [724414][I][PacketService.cpp:12] createEmptyPacket(): [LoRaMesher] Packet created with 17 bytes
17:06:26.635 > [724423][I][LoraMesher.cpp:392] receivingRoutine(): [LoRaMesher] Receiving LoRa packet: Size: 17 bytes RSSI: -74 SNR: 5
17:06:26.647 > [724434][V][LoraMesher.cpp:647] processPackets(): [LoRaMesher] Size of Received Packets Queue: 1
17:06:26.655 > [724443][V][LoraMesher.cpp:754] printHeaderPacket(): [LoRaMesher] Packet received -- Size: 17 Src: C998 Dst: D110 Id: 27 Type: 2 Via: D110 Seq_Id: 0 Num: 0
17:06:26.669 > [724457][I][LoraMesher.cpp:854] processDataPacket(): [LoRaMesher] Data packet from C998, destination D110, via D110
17:06:26.679 > [724467][V][LoraMesher.cpp:878] processDataPacket(): [LoRaMesher] Packet not for me, deleting it
17:06:26.688 > [724476][I][PacketQueueService.h:80] deleteQueuePacketAndPacket(): [LoRaMesher] Deleting packet
17:06:26.696 > [724484][I][PacketQueueService.h:83] deleteQueuePacketAndPacket(): [LoRaMesher] Deleting packet queue
17:06:26.705 > [724493][V][LoraMesher.cpp:641] processPackets(): [LoRaMesher] Stack space unused after entering the task: 2072
17:06:26.715 > [724503][V][LoraMesher.cpp:642] processPackets(): [LoRaMesher] Free heap: 336460
17:06:30.490 > [728279][V][LoraMesher.cpp:598] sendHelloPacket(): [LoRaMesher] Creating Routing Packet
17:06:30.499 > [728287][V][LoraMesher.cpp:599] sendHelloPacket(): [LoRaMesher] Stack space unused after entering the task: 2332
17:06:30.509 > [728297][V][LoraMesher.cpp:600] sendHelloPacket(): [LoRaMesher] Free heap: 336460
17:06:30.516 > [728304][V][PacketFactory.h:45] createPacket(): [LoRaMesher] Creating packet with 24 bytes
17:06:30.524 > [728312][I][PacketFactory.h:74] createPacket(): [LoRaMesher] Packet created with 24 bytes
17:06:30.532 > [728320][I][LoraMesher.h:659] setPackedForSend(): [LoRaMesher] Adding packet to Q_SP
17:06:30.540 > [728328][I][LoraMesher.h:661] setPackedForSend(): [LoRaMesher] Created packet to Q_SP
17:06:30.547 > [728335][I][LoraMesher.cpp:1061] addToSendOrderedAndNotify(): [LoRaMesher] Added packet to Q_SP, notifying sender task
17:06:30.558 > [728346][V][LoraMesher.cpp:511] sendPackets(): [LoRaMesher] Stack space unused after entering the task: 1968
17:06:30.568 > [728356][V][LoraMesher.cpp:512] sendPackets(): [LoRaMesher] Free heap: 336360
17:06:30.575 > [728362][V][LoraMesher.cpp:518] sendPackets(): [LoRaMesher] Size of Send Packets Queue: 1
17:06:30.583 > [728370][V][LoraMesher.cpp:525] sendPackets(): [LoRaMesher] Send n. 42
17:06:30.589 > [728377][V][LoraMesher.cpp:455] waitBeforeSend(): [LoRaMesher] RandomDelay 860 ms
17:06:30.980 > [728768][V][LoraMesher.cpp:378] receivingRoutine(): [LoRaMesher] Stack space unused after entering the task: 2040
17:06:30.991 > [728779][V][LoraMesher.cpp:379] receivingRoutine(): [LoRaMesher] Free heap: 336388
17:06:30.998 > [728786][I][PacketService.cpp:12] createEmptyPacket(): [LoRaMesher] Packet created with 24 bytes
17:06:31.007 > [728795][I][LoraMesher.cpp:392] receivingRoutine(): [LoRaMesher] Receiving LoRa packet: Size: 24 bytes RSSI: -25 SNR: 14
17:06:31.018 > [728806][V][LoraMesher.cpp:647] processPackets(): [LoRaMesher] Size of Received Packets Queue: 1
17:06:31.027 > [728815][V][LoraMesher.cpp:754] printHeaderPacket(): [LoRaMesher] Packet received -- Size: 24 Src: B3F0 Dst: FFFF Id: 42 Type: 4 Via: 0 Seq_Id: 0 Num: 0
17:06:31.040 > [728828][I][RoutingTableService.cpp:77] processRoute(): [LoRaMesher] Route packet from B3F0 with size 4
17:06:31.050 > [728838][I][RoutingTableService.cpp:99] resetReceiveSNRRoutePacket(): [LoRaMesher] Reset Receive SNR from B3F0: 14
17:06:31.060 > [728848][I][RoutingTableService.cpp:192] printRoutingTable(): [LoRaMesher] Current routing table:
17:06:31.069 > [728856][I][RoutingTableService.cpp:206] printRoutingTable(): [LoRaMesher] 0 - D110 via D110 metric 1 Role 1
17:06:31.078 > [728866][I][RoutingTableService.cpp:206] printRoutingTable(): [LoRaMesher] 1 - B3F0 via B3F0 metric 1 Role 0
17:06:31.088 > [728876][I][RoutingTableService.cpp:206] printRoutingTable(): [LoRaMesher] 2 - DE6C via DE6C metric 1 Role 0
17:06:31.097 > [728885][I][RoutingTableService.cpp:206] printRoutingTable(): [LoRaMesher] 3 - C998 via C998 metric 1 Role 0
17:06:31.107 > [728895][I][PacketQueueService.h:80] deleteQueuePacketAndPacket(): [LoRaMesher] Deleting packet
17:06:31.116 > [728903][I][PacketQueueService.h:83] deleteQueuePacketAndPacket(): [LoRaMesher] Deleting packet queue
17:06:31.125 > [728912][V][LoraMesher.cpp:641] processPackets(): [LoRaMesher] Stack space unused after entering the task: 2072
17:06:31.135 > [728922][V][LoraMesher.cpp:642] processPackets(): [LoRaMesher] Free heap: 336388
17:06:31.462 > [729250][V][LoraMesher.cpp:462] waitBeforeSend(): [LoRaMesher] Preamble detected while waiting 1
17:06:31.471 > [729259][V][LoraMesher.cpp:455] waitBeforeSend(): [LoRaMesher] RandomDelay 1127 ms
17:06:31.538 > Send packet 36
17:06:31.540 > Sending packet to D110
17:06:31.542 > [729327][V][LoraMesher.h:250] createPacketAndSend(): [LoRaMesher] Creating a packet for send with 8 bytes
17:06:31.551 > [729339][V][PacketFactory.h:45] createPacket(): [LoRaMesher] Creating packet with 17 bytes
17:06:31.559 > [729347][I][PacketFactory.h:74] createPacket(): [LoRaMesher] Packet created with 17 bytes
17:06:31.567 > [729355][I][LoraMesher.h:659] setPackedForSend(): [LoRaMesher] Adding packet to Q_SP
17:06:31.575 > [729363][I][LoraMesher.h:661] setPackedForSend(): [LoRaMesher] Created packet to Q_SP
17:06:31.582 > [729370][I][LoraMesher.cpp:1061] addToSendOrderedAndNotify(): [LoRaMesher] Added packet to Q_SP, notifying sender task
17:06:31.969 > [729757][V][LoraMesher.cpp:378] receivingRoutine(): [LoRaMesher] Stack space unused after entering the task: 2040
17:06:31.980 > [729767][V][LoraMesher.cpp:379] receivingRoutine(): [LoRaMesher] Free heap: 336292
17:06:31.987 > [729775][I][PacketService.cpp:12] createEmptyPacket(): [LoRaMesher] Packet created with 17 bytes
17:06:31.996 > [729784][I][LoraMesher.cpp:392] receivingRoutine(): [LoRaMesher] Receiving LoRa packet: Size: 17 bytes RSSI: -26 SNR: 14
17:06:32.007 > [729795][V][LoraMesher.cpp:647] processPackets(): [LoRaMesher] Size of Received Packets Queue: 1
17:06:32.016 > [729804][V][LoraMesher.cpp:754] printHeaderPacket(): [LoRaMesher] Packet received -- Size: 17 Src: B3F0 Dst: D110 Id: 43 Type: 2 Via: D110 Seq_Id: 0 Num: 0
17:06:32.030 > [729817][I][LoraMesher.cpp:854] processDataPacket(): [LoRaMesher] Data packet from B3F0, destination D110, via D110
17:06:32.040 > [729828][V][LoraMesher.cpp:878] processDataPacket(): [LoRaMesher] Packet not for me, deleting it
17:06:32.048 > [729836][I][PacketQueueService.h:80] deleteQueuePacketAndPacket(): [LoRaMesher] Deleting packet
17:06:32.057 > [729845][I][PacketQueueService.h:83] deleteQueuePacketAndPacket(): [LoRaMesher] Deleting packet queue
17:06:32.066 > [729854][V][LoraMesher.cpp:641] processPackets(): [LoRaMesher] Stack space unused after entering the task: 2072
17:06:32.076 > [729864][V][LoraMesher.cpp:642] processPackets(): [LoRaMesher] Free heap: 336292
17:06:32.611 > [730399][V][LoraMesher.cpp:462] waitBeforeSend(): [LoRaMesher] Preamble detected while waiting 2
17:06:32.620 > [730408][V][LoraMesher.cpp:455] waitBeforeSend(): [LoRaMesher] RandomDelay 358 ms
17:06:32.985 > [730773][V][LoraMesher.cpp:754] printHeaderPacket(): [LoRaMesher] Packet send -- Size: 24 Src: F02C Dst: FFFF Id: 42 Type: 4 Via: 0 Seq_Id: 0 Num: 0
17:06:33.089 > [730878][V][LoraMesher.cpp:575] sendPackets(): [LoRaMesher] TimeOnAir 78 ms, next message in 0 ms
17:06:33.098 > [730886][I][PacketQueueService.h:80] deleteQueuePacketAndPacket(): [LoRaMesher] Deleting packet
17:06:33.107 > [730895][I][PacketQueueService.h:83] deleteQueuePacketAndPacket(): [LoRaMesher] Deleting packet queue
17:06:33.116 > [730904][V][LoraMesher.cpp:518] sendPackets(): [LoRaMesher] Size of Send Packets Queue: 1
17:06:33.124 > [730912][V][LoraMesher.cpp:525] sendPackets(): [LoRaMesher] Send n. 43
17:06:33.130 > [730918][V][LoraMesher.cpp:455] waitBeforeSend(): [LoRaMesher] RandomDelay 924 ms
17:06:34.061 > [731849][V][LoraMesher.cpp:754] printHeaderPacket(): [LoRaMesher] Packet send -- Size: 17 Src: F02C Dst: D110 Id: 43 Type: 2 Via: D110 Seq_Id: 0 Num: 0
17:06:34.151 > [731939][V][LoraMesher.cpp:575] sendPackets(): [LoRaMesher] TimeOnAir 63 ms, next message in 0 ms
17:06:34.160 > [731948][I][PacketQueueService.h:80] deleteQueuePacketAndPacket(): [LoRaMesher] Deleting packet
17:06:34.169 > [731957][I][PacketQueueService.h:83] deleteQueuePacketAndPacket(): [LoRaMesher] Deleting packet queue
17:06:34.758 > [732546][V][LoraMesher.cpp:378] receivingRoutine(): [LoRaMesher] Stack space unused after entering the task: 2040
17:06:34.768 > [732556][V][LoraMesher.cpp:379] receivingRoutine(): [LoRaMesher] Free heap: 336460
17:06:34.776 > [732564][I][PacketService.cpp:12] createEmptyPacket(): [LoRaMesher] Packet created with 24 bytes
17:06:34.785 > [732573][I][LoraMesher.cpp:392] receivingRoutine(): [LoRaMesher] Receiving LoRa packet: Size: 24 bytes RSSI: -27 SNR: 12
17:06:34.796 > [732584][V][LoraMesher.cpp:647] processPackets(): [LoRaMesher] Size of Received Packets Queue: 1
17:06:34.805 > [732592][V][LoraMesher.cpp:754] printHeaderPacket(): [LoRaMesher] Packet received -- Size: 24 Src: DE6C Dst: FFFF Id: 42 Type: 4 Via: 0 Seq_Id: 0 Num: 0
17:06:34.818 > [732606][I][RoutingTableService.cpp:77] processRoute(): [LoRaMesher] Route packet from DE6C with size 4
17:06:34.827 > [732615][I][RoutingTableService.cpp:99] resetReceiveSNRRoutePacket(): [LoRaMesher] Reset Receive SNR from DE6C: 12
17:06:34.838 > [732625][I][RoutingTableService.cpp:192] printRoutingTable(): [LoRaMesher] Current routing table:
17:06:34.846 > [732634][I][RoutingTableService.cpp:206] printRoutingTable(): [LoRaMesher] 0 - D110 via D110 metric 1 Role 1
17:06:34.857 > [732644][I][RoutingTableService.cpp:206] printRoutingTable(): [LoRaMesher] 1 - B3F0 via B3F0 metric 1 Role 0
17:06:34.865 > [732653][I][RoutingTableService.cpp:206] printRoutingTable(): [LoRaMesher] 2 - DE6C via DE6C metric 1 Role 0
17:06:34.875 > [732663][I][RoutingTableService.cpp:206] printRoutingTable(): [LoRaMesher] 3 - C998 via C998 metric 1 Role 0
17:06:34.885 > [732673][I][PacketQueueService.h:80] deleteQueuePacketAndPacket(): [LoRaMesher] Deleting packet
17:06:34.893 > [732681][I][PacketQueueService.h:83] deleteQueuePacketAndPacket(): [LoRaMesher] Deleting packet queue
17:06:34.902 > [732690][V][LoraMesher.cpp:641] processPackets(): [LoRaMesher] Stack space unused after entering the task: 2072
17:06:34.912 > [732700][V][LoraMesher.cpp:642] processPackets(): [LoRaMesher] Free heap: 336460
17:06:35.148 > [732937][V][LoraMesher.cpp:378] receivingRoutine(): [LoRaMesher] Stack space unused after entering the task: 2040
17:06:35.159 > [732947][V][LoraMesher.cpp:379] receivingRoutine(): [LoRaMesher] Free heap: 336460
17:06:35.166 > [732954][I][PacketService.cpp:12] createEmptyPacket(): [LoRaMesher] Packet created with 17 bytes
17:06:35.175 > [732963][I][LoraMesher.cpp:392] receivingRoutine(): [LoRaMesher] Receiving LoRa packet: Size: 17 bytes RSSI: -27 SNR: 13
17:06:35.186 > [732974][V][LoraMesher.cpp:647] processPackets(): [LoRaMesher] Size of Received Packets Queue: 1
17:06:35.195 > [732983][V][LoraMesher.cpp:754] printHeaderPacket(): [LoRaMesher] Packet received -- Size: 17 Src: DE6C Dst: D110 Id: 43 Type: 2 Via: D110 Seq_Id: 0 Num: 0
17:06:35.209 > [732997][I][LoraMesher.cpp:854] processDataPacket(): [LoRaMesher] Data packet from DE6C, destination D110, via D110
17:06:35.219 > [733007][V][LoraMesher.cpp:878] processDataPacket(): [LoRaMesher] Packet not for me, deleting it
17:06:35.228 > [733016][I][PacketQueueService.h:80] deleteQueuePacketAndPacket(): [LoRaMesher] Deleting packet
17:06:35.236 > [733024][I][PacketQueueService.h:83] deleteQueuePacketAndPacket(): [LoRaMesher] Deleting packet queue
17:06:35.245 > [733033][V][LoraMesher.cpp:641] processPackets(): [LoRaMesher] Stack space unused after entering the task: 2072
17:06:35.255 > [733043][V][LoraMesher.cpp:642] processPackets(): [LoRaMesher] Free heap: 336460
17:06:46.887 > [744676][V][LoraMesher.cpp:378] receivingRoutine(): [LoRaMesher] Stack space unused after entering the task: 2040
17:06:46.898 > [744686][V][LoraMesher.cpp:379] receivingRoutine(): [LoRaMesher] Free heap: 336460
17:06:46.906 > [744694][I][PacketService.cpp:12] createEmptyPacket(): [LoRaMesher] Packet created with 24 bytes
17:06:46.914 > [744703][I][LoraMesher.cpp:392] receivingRoutine(): [LoRaMesher] Receiving LoRa packet: Size: 24 bytes RSSI: -73 SNR: 6
17:06:46.926 > [744714][V][LoraMesher.cpp:647] processPackets(): [LoRaMesher] Size of Received Packets Queue: 1
17:06:46.934 > [744722][V][LoraMesher.cpp:754] printHeaderPacket(): [LoRaMesher] Packet received -- Size: 24 Src: C998 Dst: FFFF Id: 28 Type: 4 Via: 0 Seq_Id: 0 Num: 0
17:06:46.948 > [744736][I][RoutingTableService.cpp:77] processRoute(): [LoRaMesher] Route packet from C998 with size 4
17:06:46.957 > [744745][I][RoutingTableService.cpp:99] resetReceiveSNRRoutePacket(): [LoRaMesher] Reset Receive SNR from C998: 6
17:06:46.967 > [744755][I][RoutingTableService.cpp:192] printRoutingTable(): [LoRaMesher] Current routing table:
17:06:46.976 > [744764][I][RoutingTableService.cpp:206] printRoutingTable(): [LoRaMesher] 0 - D110 via D110 metric 1 Role 1
17:06:46.985 > [744773][I][RoutingTableService.cpp:206] printRoutingTable(): [LoRaMesher] 1 - B3F0 via B3F0 metric 1 Role 0
17:06:46.995 > [744783][I][RoutingTableService.cpp:206] printRoutingTable(): [LoRaMesher] 2 - DE6C via DE6C metric 1 Role 0
17:06:47.005 > [744793][I][RoutingTableService.cpp:206] printRoutingTable(): [LoRaMesher] 3 - C998 via C998 metric 1 Role 0
17:06:47.014 > [744802][I][PacketQueueService.h:80] deleteQueuePacketAndPacket(): [LoRaMesher] Deleting packet
17:06:47.023 > [744811][I][PacketQueueService.h:83] deleteQueuePacketAndPacket(): [LoRaMesher] Deleting packet queue
17:06:47.032 > [744820][V][LoraMesher.cpp:641] processPackets(): [LoRaMesher] Stack space unused after entering the task: 2072
17:06:47.042 > [744830][V][LoraMesher.cpp:642] processPackets(): [LoRaMesher] Free heap: 336460
17:06:47.961 > [745750][V][LoraMesher.cpp:378] receivingRoutine(): [LoRaMesher] Stack space unused after entering the task: 2040
17:06:47.972 > [745760][V][LoraMesher.cpp:379] receivingRoutine(): [LoRaMesher] Free heap: 336460
17:06:47.979 > [745768][I][PacketService.cpp:12] createEmptyPacket(): [LoRaMesher] Packet created with 17 bytes
17:06:47.988 > [745776][I][LoraMesher.cpp:392] receivingRoutine(): [LoRaMesher] Receiving LoRa packet: Size: 17 bytes RSSI: -73 SNR: 5
17:06:47.999 > [745787][V][LoraMesher.cpp:647] processPackets(): [LoRaMesher] Size of Received Packets Queue: 1
17:06:48.008 > [745796][V][LoraMesher.cpp:754] printHeaderPacket(): [LoRaMesher] Packet received -- Size: 17 Src: C998 Dst: D110 Id: 29 Type: 2 Via: D110 Seq_Id: 0 Num: 0
17:06:48.022 > [745810][I][LoraMesher.cpp:854] processDataPacket(): [LoRaMesher] Data packet from C998, destination D110, via D110
17:06:48.032 > [745820][V][LoraMesher.cpp:878] processDataPacket(): [LoRaMesher] Packet not for me, deleting it
17:06:48.040 > [745829][I][PacketQueueService.h:80] deleteQueuePacketAndPacket(): [LoRaMesher] Deleting packet
17:06:48.049 > [745837][I][PacketQueueService.h:83] deleteQueuePacketAndPacket(): [LoRaMesher] Deleting packet queue
17:06:48.058 > [745846][V][LoraMesher.cpp:641] processPackets(): [LoRaMesher] Stack space unused after entering the task: 2072
17:06:48.069 > [745856][V][LoraMesher.cpp:642] processPackets(): [LoRaMesher] Free heap: 336460
17:06:49.575 > [747364][V][LoraMesher.cpp:378] receivingRoutine(): [LoRaMesher] Stack space unused after entering the task: 2040
17:06:49.586 > [747374][V][LoraMesher.cpp:379] receivingRoutine(): [LoRaMesher] Free heap: 336460
17:06:49.594 > [747382][I][PacketService.cpp:12] createEmptyPacket(): [LoRaMesher] Packet created with 24 bytes
17:06:49.602 > [747391][I][LoraMesher.cpp:392] receivingRoutine(): [LoRaMesher] Receiving LoRa packet: Size: 24 bytes RSSI: -29 SNR: 14
17:06:49.614 > [747402][V][LoraMesher.cpp:647] processPackets(): [LoRaMesher] Size of Received Packets Queue: 1
17:06:49.622 > [747410][V][LoraMesher.cpp:754] printHeaderPacket(): [LoRaMesher] Packet received -- Size: 24 Src: D110 Dst: FFFF Id: 7 Type: 4 Via: 0 Seq_Id: 0 Num: 0
17:06:49.636 > [747424][I][RoutingTableService.cpp:77] processRoute(): [LoRaMesher] Route packet from D110 with size 4
17:06:49.645 > [747433][I][RoutingTableService.cpp:99] resetReceiveSNRRoutePacket(): [LoRaMesher] Reset Receive SNR from D110: 14
17:06:49.655 > [747443][I][RoutingTableService.cpp:192] printRoutingTable(): [LoRaMesher] Current routing table:
17:06:49.664 > [747452][I][RoutingTableService.cpp:206] printRoutingTable(): [LoRaMesher] 0 - D110 via D110 metric 1 Role 1
17:06:49.673 > [747462][I][RoutingTableService.cpp:206] printRoutingTable(): [LoRaMesher] 1 - B3F0 via B3F0 metric 1 Role 0
17:06:49.683 > [747471][I][RoutingTableService.cpp:206] printRoutingTable(): [LoRaMesher] 2 - DE6C via DE6C metric 1 Role 0
17:06:49.693 > [747481][I][RoutingTableService.cpp:206] printRoutingTable(): [LoRaMesher] 3 - C998 via C998 metric 1 Role 0
17:06:49.702 > [747490][I][PacketQueueService.h:80] deleteQueuePacketAndPacket(): [LoRaMesher] Deleting packet
17:06:49.711 > [747499][I][PacketQueueService.h:83] deleteQueuePacketAndPacket(): [LoRaMesher] Deleting packet queue
17:06:49.720 > [747508][V][LoraMesher.cpp:641] processPackets(): [LoRaMesher] Stack space unused after entering the task: 2072
17:06:49.730 > [747518][V][LoraMesher.cpp:642] processPackets(): [LoRaMesher] Free heap: 336460
17:06:51.592 > Send packet 37
17:06:51.594 > Sending packet to D110
17:06:51.596 > [749381][V][LoraMesher.h:250] createPacketAndSend(): [LoRaMesher] Creating a packet for send with 8 bytes
17:06:51.605 > [749393][V][PacketFactory.h:45] createPacket(): [LoRaMesher] Creating packet with 17 bytes
17:06:51.613 > [749401][I][PacketFactory.h:74] createPacket(): [LoRaMesher] Packet created with 17 bytes
17:06:51.621 > [749409][I][LoraMesher.h:659] setPackedForSend(): [LoRaMesher] Adding packet to Q_SP
17:06:51.628 > [749417][I][LoraMesher.h:661] setPackedForSend(): [LoRaMesher] Created packet to Q_SP
17:06:51.636 > [749424][I][LoraMesher.cpp:1061] addToSendOrderedAndNotify(): [LoRaMesher] Added packet to Q_SP, notifying sender task
17:06:51.647 > [749435][V][LoraMesher.cpp:511] sendPackets(): [LoRaMesher] Stack space unused after entering the task: 1904
17:06:51.656 > [749444][V][LoraMesher.cpp:512] sendPackets(): [LoRaMesher] Free heap: 336364
17:06:51.663 > [749451][V][LoraMesher.cpp:518] sendPackets(): [LoRaMesher] Size of Send Packets Queue: 1
17:06:51.671 > [749459][V][LoraMesher.cpp:525] sendPackets(): [LoRaMesher] Send n. 44
17:06:51.678 > [749466][V][LoraMesher.cpp:455] waitBeforeSend(): [LoRaMesher] RandomDelay 919 ms
17:06:52.519 > [750307][V][LoraMesher.cpp:378] receivingRoutine(): [LoRaMesher] Stack space unused after entering the task: 2040
17:06:52.529 > [750317][V][LoraMesher.cpp:379] receivingRoutine(): [LoRaMesher] Free heap: 336392
17:06:52.538 > [750325][I][PacketService.cpp:12] createEmptyPacket(): [LoRaMesher] Packet created with 17 bytes
17:06:52.546 > [750334][I][LoraMesher.cpp:392] receivingRoutine(): [LoRaMesher] Receiving LoRa packet: Size: 17 bytes RSSI: -26 SNR: 2
17:06:52.557 > [750345][V][LoraMesher.cpp:647] processPackets(): [LoRaMesher] Size of Received Packets Queue: 1
17:06:52.565 > [750354][V][LoraMesher.cpp:754] printHeaderPacket(): [LoRaMesher] Packet received -- Size: 17 Src: B3F0 Dst: D110 Id: 44 Type: 2 Via: D110 Seq_Id: 0 Num: 0
17:06:52.579 > [750367][I][LoraMesher.cpp:854] processDataPacket(): [LoRaMesher] Data packet from B3F0, destination D110, via D110
17:06:52.589 > [750378][V][LoraMesher.cpp:878] processDataPacket(): [LoRaMesher] Packet not for me, deleting it
17:06:52.598 > [750386][I][PacketQueueService.h:80] deleteQueuePacketAndPacket(): [LoRaMesher] Deleting packet
17:06:52.606 > [750395][I][PacketQueueService.h:83] deleteQueuePacketAndPacket(): [LoRaMesher] Deleting packet queue
17:06:52.615 > [750398][V][LoraMesher.cpp:462] waitBeforeSend(): [LoRaMesher] Preamble detected while waiting 1
17:06:52.624 > [750412][V][LoraMesher.cpp:455] waitBeforeSend(): [LoRaMesher] RandomDelay 442 ms
17:06:52.631 > [750412][V][LoraMesher.cpp:641] processPackets(): [LoRaMesher] Stack space unused after entering the task: 2072
17:06:52.641 > [750429][V][LoraMesher.cpp:642] processPackets(): [LoRaMesher] Free heap: 336392
17:06:53.083 > [750871][V][LoraMesher.cpp:754] printHeaderPacket(): [LoRaMesher] Packet send -- Size: 17 Src: F02C Dst: D110 Id: 44 Type: 2 Via: D110 Seq_Id: 0 Num: 0
17:06:53.173 > [750962][V][LoraMesher.cpp:575] sendPackets(): [LoRaMesher] TimeOnAir 63 ms, next message in 0 ms
17:06:53.182 > [750970][I][PacketQueueService.h:80] deleteQueuePacketAndPacket(): [LoRaMesher] Deleting packet
17:06:53.190 > [750979][I][PacketQueueService.h:83] deleteQueuePacketAndPacket(): [LoRaMesher] Deleting packet queue
17:07:07.023 > [764812][V][LoraMesher.cpp:378] receivingRoutine(): [LoRaMesher] Stack space unused after entering the task: 2040
17:07:07.034 > [764822][V][LoraMesher.cpp:379] receivingRoutine(): [LoRaMesher] Free heap: 336460
17:07:07.041 > [764830][I][PacketService.cpp:12] createEmptyPacket(): [LoRaMesher] Packet created with 17 bytes
17:07:07.050 > [764838][I][LoraMesher.cpp:392] receivingRoutine(): [LoRaMesher] Receiving LoRa packet: Size: 17 bytes RSSI: -74 SNR: 6
17:07:07.061 > [764850][V][LoraMesher.cpp:647] processPackets(): [LoRaMesher] Size of Received Packets Queue: 1
17:07:07.070 > [764858][V][LoraMesher.cpp:754] printHeaderPacket(): [LoRaMesher] Packet received -- Size: 17 Src: C998 Dst: D110 Id: 30 Type: 2 Via: D110 Seq_Id: 0 Num: 0
17:07:07.084 > [764872][I][LoraMesher.cpp:854] processDataPacket(): [LoRaMesher] Data packet from C998, destination D110, via D110
17:07:07.094 > [764882][V][LoraMesher.cpp:878] processDataPacket(): [LoRaMesher] Packet not for me, deleting it
17:07:07.102 > [764891][I][PacketQueueService.h:80] deleteQueuePacketAndPacket(): [LoRaMesher] Deleting packet
17:07:07.111 > [764899][I][PacketQueueService.h:83] deleteQueuePacketAndPacket(): [LoRaMesher] Deleting packet queue
17:07:07.120 > [764908][V][LoraMesher.cpp:641] processPackets(): [LoRaMesher] Stack space unused after entering the task: 2072
17:07:07.130 > [764918][V][LoraMesher.cpp:642] processPackets(): [LoRaMesher] Free heap: 336460
17:07:11.684 > Send packet 38
17:07:11.686 > Sending packet to D110
17:07:11.688 > [769474][V][LoraMesher.h:250] createPacketAndSend(): [LoRaMesher] Creating a packet for send with 8 bytes
17:07:11.697 > [769486][V][PacketFactory.h:45] createPacket(): [LoRaMesher] Creating packet with 17 bytes
17:07:11.706 > [769494][I][PacketFactory.h:74] createPacket(): [LoRaMesher] Packet created with 17 bytes
17:07:11.714 > [769502][I][LoraMesher.h:659] setPackedForSend(): [LoRaMesher] Adding packet to Q_SP
17:07:11.721 > [769510][I][LoraMesher.h:661] setPackedForSend(): [LoRaMesher] Created packet to Q_SP
17:07:11.729 > [769517][I][LoraMesher.cpp:1061] addToSendOrderedAndNotify(): [LoRaMesher] Added packet to Q_SP, notifying sender task
17:07:11.739 > [769528][V][LoraMesher.cpp:511] sendPackets(): [LoRaMesher] Stack space unused after entering the task: 1904
17:07:11.749 > [769537][V][LoraMesher.cpp:512] sendPackets(): [LoRaMesher] Free heap: 336364
17:07:11.756 > [769544][V][LoraMesher.cpp:518] sendPackets(): [LoRaMesher] Size of Send Packets Queue: 1
17:07:11.764 > [769552][V][LoraMesher.cpp:525] sendPackets(): [LoRaMesher] Send n. 45
17:07:11.770 > [769559][V][LoraMesher.cpp:455] waitBeforeSend(): [LoRaMesher] RandomDelay 310 ms
17:07:12.088 > [769877][V][LoraMesher.cpp:754] printHeaderPacket(): [LoRaMesher] Packet send -- Size: 17 Src: F02C Dst: D110 Id: 45 Type: 2 Via: D110 Seq_Id: 0 Num: 0
17:07:12.178 > [769967][V][LoraMesher.cpp:575] sendPackets(): [LoRaMesher] TimeOnAir 63 ms, next message in 0 ms
17:07:12.187 > [769975][I][PacketQueueService.h:80] deleteQueuePacketAndPacket(): [LoRaMesher] Deleting packet
17:07:12.195 > [769984][I][PacketQueueService.h:83] deleteQueuePacketAndPacket(): [LoRaMesher] Deleting packet queue
17:07:13.551 > [771340][V][LoraMesher.cpp:378] receivingRoutine(): [LoRaMesher] Stack space unused after entering the task: 2040
17:07:13.562 > [771350][V][LoraMesher.cpp:379] receivingRoutine(): [LoRaMesher] Free heap: 336460
17:07:13.569 > [771358][I][PacketService.cpp:12] createEmptyPacket(): [LoRaMesher] Packet created with 17 bytes
17:07:13.578 > [771367][I][LoraMesher.cpp:392] receivingRoutine(): [LoRaMesher] Receiving LoRa packet: Size: 17 bytes RSSI: -26 SNR: 13
17:07:13.589 > [771378][V][LoraMesher.cpp:647] processPackets(): [LoRaMesher] Size of Received Packets Queue: 1
17:07:13.598 > [771386][V][LoraMesher.cpp:754] printHeaderPacket(): [LoRaMesher] Packet received -- Size: 17 Src: B3F0 Dst: D110 Id: 45 Type: 2 Via: D110 Seq_Id: 0 Num: 0
17:07:13.612 > [771400][I][LoraMesher.cpp:854] processDataPacket(): [LoRaMesher] Data packet from B3F0, destination D110, via D110
17:07:13.622 > [771410][V][LoraMesher.cpp:878] processDataPacket(): [LoRaMesher] Packet not for me, deleting it
17:07:13.630 > [771419][I][PacketQueueService.h:80] deleteQueuePacketAndPacket(): [LoRaMesher] Deleting packet
17:07:13.639 > [771428][I][PacketQueueService.h:83] deleteQueuePacketAndPacket(): [LoRaMesher] Deleting packet queue
17:07:13.648 > [771437][V][LoraMesher.cpp:641] processPackets(): [LoRaMesher] Stack space unused after entering the task: 2072
17:07:13.658 > [771447][V][LoraMesher.cpp:642] processPackets(): [LoRaMesher] Free heap: 336460
17:07:14.579 > [772368][V][LoraMesher.cpp:378] receivingRoutine(): [LoRaMesher] Stack space unused after entering the task: 2040
17:07:14.589 > [772378][V][LoraMesher.cpp:379] receivingRoutine(): [LoRaMesher] Free heap: 336460
17:07:14.597 > [772385][I][PacketService.cpp:12] createEmptyPacket(): [LoRaMesher] Packet created with 17 bytes
17:07:14.605 > [772394][I][LoraMesher.cpp:392] receivingRoutine(): [LoRaMesher] Receiving LoRa packet: Size: 17 bytes RSSI: -27 SNR: 13
17:07:14.617 > [772405][V][LoraMesher.cpp:647] processPackets(): [LoRaMesher] Size of Received Packets Queue: 1
17:07:14.625 > [772414][V][LoraMesher.cpp:754] printHeaderPacket(): [LoRaMesher] Packet received -- Size: 17 Src: DE6C Dst: D110 Id: 45 Type: 2 Via: D110 Seq_Id: 0 Num: 0
17:07:14.639 > [772428][I][LoraMesher.cpp:854] processDataPacket(): [LoRaMesher] Data packet from DE6C, destination D110, via D110
17:07:14.649 > [772438][V][LoraMesher.cpp:878] processDataPacket(): [LoRaMesher] Packet not for me, deleting it
17:07:14.658 > [772446][I][PacketQueueService.h:80] deleteQueuePacketAndPacket(): [LoRaMesher] Deleting packet
17:07:14.666 > [772455][I][PacketQueueService.h:83] deleteQueuePacketAndPacket(): [LoRaMesher] Deleting packet queue
17:07:14.676 > [772464][V][LoraMesher.cpp:641] processPackets(): [LoRaMesher] Stack space unused after entering the task: 2072
17:07:14.685 > [772474][V][LoraMesher.cpp:642] processPackets(): [LoRaMesher] Free heap: 336460
17:07:27.010 > [784799][V][LoraMesher.cpp:378] receivingRoutine(): [LoRaMesher] Stack space unused after entering the task: 2040
17:07:27.020 > [784809][V][LoraMesher.cpp:379] receivingRoutine(): [LoRaMesher] Free heap: 336460
17:07:27.028 > [784817][I][PacketService.cpp:12] createEmptyPacket(): [LoRaMesher] Packet created with 17 bytes
17:07:27.037 > [784826][I][LoraMesher.cpp:392] receivingRoutine(): [LoRaMesher] Receiving LoRa packet: Size: 17 bytes RSSI: -74 SNR: 5
17:07:27.048 > [784837][V][LoraMesher.cpp:647] processPackets(): [LoRaMesher] Size of Received Packets Queue: 1
17:07:27.057 > [784845][V][LoraMesher.cpp:754] printHeaderPacket(): [LoRaMesher] Packet received -- Size: 17 Src: C998 Dst: D110 Id: 31 Type: 2 Via: D110 Seq_Id: 0 Num: 0
17:07:27.070 > [784859][I][LoraMesher.cpp:854] processDataPacket(): [LoRaMesher] Data packet from C998, destination D110, via D110
17:07:27.080 > [784869][V][LoraMesher.cpp:878] processDataPacket(): [LoRaMesher] Packet not for me, deleting it
17:07:27.089 > [784878][I][PacketQueueService.h:80] deleteQueuePacketAndPacket(): [LoRaMesher] Deleting packet
17:07:27.098 > [784886][I][PacketQueueService.h:83] deleteQueuePacketAndPacket(): [LoRaMesher] Deleting packet queue
17:07:27.107 > [784895][V][LoraMesher.cpp:641] processPackets(): [LoRaMesher] Stack space unused after entering the task: 2072
17:07:27.117 > [784905][V][LoraMesher.cpp:642] processPackets(): [LoRaMesher] Free heap: 336460
17:07:31.777 > Send packet 39
17:07:31.779 > Sending packet to D110
17:07:31.781 > [789567][V][LoraMesher.h:250] createPacketAndSend(): [LoRaMesher] Creating a packet for send with 8 bytes
17:07:31.790 > [789579][V][PacketFactory.h:45] createPacket(): [LoRaMesher] Creating packet with 17 bytes
17:07:31.798 > [789587][I][PacketFactory.h:74] createPacket(): [LoRaMesher] Packet created with 17 bytes
17:07:31.806 > [789595][I][LoraMesher.h:659] setPackedForSend(): [LoRaMesher] Adding packet to Q_SP
17:07:31.814 > [789603][I][LoraMesher.h:661] setPackedForSend(): [LoRaMesher] Created packet to Q_SP
17:07:31.821 > [789610][I][LoraMesher.cpp:1061] addToSendOrderedAndNotify(): [LoRaMesher] Added packet to Q_SP, notifying sender task
17:07:31.832 > [789621][V][LoraMesher.cpp:511] sendPackets(): [LoRaMesher] Stack space unused after entering the task: 1904
17:07:31.842 > [789630][V][LoraMesher.cpp:512] sendPackets(): [LoRaMesher] Free heap: 336364
17:07:31.848 > [789637][V][LoraMesher.cpp:518] sendPackets(): [LoRaMesher] Size of Send Packets Queue: 1
17:07:31.856 > [789645][V][LoraMesher.cpp:525] sendPackets(): [LoRaMesher] Send n. 46
17:07:31.863 > [789652][V][LoraMesher.cpp:455] waitBeforeSend(): [LoRaMesher] RandomDelay 350 ms
17:07:32.220 > [790010][V][LoraMesher.cpp:754] printHeaderPacket(): [LoRaMesher] Packet send -- Size: 17 Src: F02C Dst: D110 Id: 46 Type: 2 Via: D110 Seq_Id: 0 Num: 0
17:07:32.310 > [790100][V][LoraMesher.cpp:575] sendPackets(): [LoRaMesher] TimeOnAir 63 ms, next message in 0 ms
17:07:32.319 > [790108][I][PacketQueueService.h:80] deleteQueuePacketAndPacket(): [LoRaMesher] Deleting packet
17:07:32.328 > [790117][I][PacketQueueService.h:83] deleteQueuePacketAndPacket(): [LoRaMesher] Deleting packet queue
17:07:33.273 > [791062][V][LoraMesher.cpp:378] receivingRoutine(): [LoRaMesher] Stack space unused after entering the task: 2040
17:07:33.284 > [791072][V][LoraMesher.cpp:379] receivingRoutine(): [LoRaMesher] Free heap: 336460
17:07:33.291 > [791080][I][PacketService.cpp:12] createEmptyPacket(): [LoRaMesher] Packet created with 17 bytes
17:07:33.300 > [791089][I][LoraMesher.cpp:392] receivingRoutine(): [LoRaMesher] Receiving LoRa packet: Size: 17 bytes RSSI: -27 SNR: 13
17:07:33.311 > [791100][V][LoraMesher.cpp:647] processPackets(): [LoRaMesher] Size of Received Packets Queue: 1
17:07:33.320 > [791108][V][LoraMesher.cpp:754] printHeaderPacket(): [LoRaMesher] Packet received -- Size: 17 Src: DE6C Dst: D110 Id: 46 Type: 2 Via: D110 Seq_Id: 0 Num: 0
17:07:33.333 > [791122][I][LoraMesher.cpp:854] processDataPacket(): [LoRaMesher] Data packet from DE6C, destination D110, via D110
17:07:33.343 > [791132][V][LoraMesher.cpp:878] processDataPacket(): [LoRaMesher] Packet not for me, deleting it
17:07:33.352 > [791141][I][PacketQueueService.h:80] deleteQueuePacketAndPacket(): [LoRaMesher] Deleting packet
17:07:33.361 > [791150][I][PacketQueueService.h:83] deleteQueuePacketAndPacket(): [LoRaMesher] Deleting packet queue
17:07:33.370 > [791159][V][LoraMesher.cpp:641] processPackets(): [LoRaMesher] Stack space unused after entering the task: 2072
17:07:33.380 > [791169][V][LoraMesher.cpp:642] processPackets(): [LoRaMesher] Free heap: 336460
17:07:34.297 > [792086][V][LoraMesher.cpp:378] receivingRoutine(): [LoRaMesher] Stack space unused after entering the task: 2040
17:07:34.307 > [792096][V][LoraMesher.cpp:379] receivingRoutine(): [LoRaMesher] Free heap: 336460
17:07:34.315 > [792104][I][PacketService.cpp:12] createEmptyPacket(): [LoRaMesher] Packet created with 17 bytes
17:07:34.324 > [792113][I][LoraMesher.cpp:392] receivingRoutine(): [LoRaMesher] Receiving LoRa packet: Size: 17 bytes RSSI: -27 SNR: 13
17:07:34.335 > [792124][V][LoraMesher.cpp:647] processPackets(): [LoRaMesher] Size of Received Packets Queue: 1
17:07:34.343 > [792132][V][LoraMesher.cpp:754] printHeaderPacket(): [LoRaMesher] Packet received -- Size: 17 Src: B3F0 Dst: D110 Id: 46 Type: 2 Via: D110 Seq_Id: 0 Num: 0
17:07:34.357 > [792146][I][LoraMesher.cpp:854] processDataPacket(): [LoRaMesher] Data packet from B3F0, destination D110, via D110
17:07:34.367 > [792156][V][LoraMesher.cpp:878] processDataPacket(): [LoRaMesher] Packet not for me, deleting it
17:07:34.376 > [792165][I][PacketQueueService.h:80] deleteQueuePacketAndPacket(): [LoRaMesher] Deleting packet
17:07:34.384 > [792173][I][PacketQueueService.h:83] deleteQueuePacketAndPacket(): [LoRaMesher] Deleting packet queue
17:07:34.394 > [792182][V][LoraMesher.cpp:641] processPackets(): [LoRaMesher] Stack space unused after entering the task: 2072
17:07:34.403 > [792192][V][LoraMesher.cpp:642] processPackets(): [LoRaMesher] Free heap: 336460
17:07:47.337 > [805126][V][LoraMesher.cpp:378] receivingRoutine(): [LoRaMesher] Stack space unused after entering the task: 2040
17:07:47.347 > [805136][V][LoraMesher.cpp:379] receivingRoutine(): [LoRaMesher] Free heap: 336460
17:07:47.355 > [805144][I][PacketService.cpp:12] createEmptyPacket(): [LoRaMesher] Packet created with 17 bytes
17:07:47.363 > [805153][I][LoraMesher.cpp:392] receivingRoutine(): [LoRaMesher] Receiving LoRa packet: Size: 17 bytes RSSI: -75 SNR: 5
17:07:47.375 > [805164][V][LoraMesher.cpp:647] processPackets(): [LoRaMesher] Size of Received Packets Queue: 1
17:07:47.383 > [805172][V][LoraMesher.cpp:754] printHeaderPacket(): [LoRaMesher] Packet received -- Size: 17 Src: C998 Dst: D110 Id: 32 Type: 2 Via: D110 Seq_Id: 0 Num: 0
17:07:47.397 > [805186][I][LoraMesher.cpp:854] processDataPacket(): [LoRaMesher] Data packet from C998, destination D110, via D110
17:07:47.407 > [805196][V][LoraMesher.cpp:878] processDataPacket(): [LoRaMesher] Packet not for me, deleting it
17:07:47.416 > [805205][I][PacketQueueService.h:80] deleteQueuePacketAndPacket(): [LoRaMesher] Deleting packet
17:07:47.424 > [805214][I][PacketQueueService.h:83] deleteQueuePacketAndPacket(): [LoRaMesher] Deleting packet queue
17:07:47.433 > [805223][V][LoraMesher.cpp:641] processPackets(): [LoRaMesher] Stack space unused after entering the task: 2072
17:07:47.443 > [805232][V][LoraMesher.cpp:642] processPackets(): [LoRaMesher] Free heap: 336460
17:07:51.870 > Send packet 40
17:07:51.871 > Sending packet to D110
17:07:51.873 > [809660][V][LoraMesher.h:250] createPacketAndSend(): [LoRaMesher] Creating a packet for send with 8 bytes
17:07:51.883 > [809672][V][PacketFactory.h:45] createPacket(): [LoRaMesher] Creating packet with 17 bytes
17:07:51.891 > [809680][I][PacketFactory.h:74] createPacket(): [LoRaMesher] Packet created with 17 bytes
17:07:51.899 > [809688][I][LoraMesher.h:659] setPackedForSend(): [LoRaMesher] Adding packet to Q_SP
17:07:51.906 > [809696][I][LoraMesher.h:661] setPackedForSend(): [LoRaMesher] Created packet to Q_SP
17:07:51.914 > [809703][I][LoraMesher.cpp:1061] addToSendOrderedAndNotify(): [LoRaMesher] Added packet to Q_SP, notifying sender task
17:07:51.925 > [809714][V][LoraMesher.cpp:511] sendPackets(): [LoRaMesher] Stack space unused after entering the task: 1904
17:07:51.934 > [809723][V][LoraMesher.cpp:512] sendPackets(): [LoRaMesher] Free heap: 336364
17:07:51.941 > [809730][V][LoraMesher.cpp:518] sendPackets(): [LoRaMesher] Size of Send Packets Queue: 1
17:07:51.949 > [809738][V][LoraMesher.cpp:525] sendPackets(): [LoRaMesher] Send n. 47
17:07:51.955 > [809745][V][LoraMesher.cpp:455] waitBeforeSend(): [LoRaMesher] RandomDelay 1115 ms
17:07:52.788 > [810577][V][LoraMesher.cpp:378] receivingRoutine(): [LoRaMesher] Stack space unused after entering the task: 2040
17:07:52.798 > [810587][V][LoraMesher.cpp:379] receivingRoutine(): [LoRaMesher] Free heap: 336392
17:07:52.806 > [810595][I][PacketService.cpp:12] createEmptyPacket(): [LoRaMesher] Packet created with 17 bytes
17:07:52.814 > [810604][I][LoraMesher.cpp:392] receivingRoutine(): [LoRaMesher] Receiving LoRa packet: Size: 17 bytes RSSI: -27 SNR: -1
17:07:52.826 > [810615][V][LoraMesher.cpp:647] processPackets(): [LoRaMesher] Size of Received Packets Queue: 1
17:07:52.834 > [810624][V][LoraMesher.cpp:754] printHeaderPacket(): [LoRaMesher] Packet received -- Size: 17 Src: B3F0 Dst: D110 Id: 47 Type: 2 Via: D110 Seq_Id: 0 Num: 0
17:07:52.848 > [810637][I][LoraMesher.cpp:854] processDataPacket(): [LoRaMesher] Data packet from B3F0, destination D110, via D110
17:07:52.858 > [810648][V][LoraMesher.cpp:878] processDataPacket(): [LoRaMesher] Packet not for me, deleting it
17:07:52.867 > [810656][I][PacketQueueService.h:80] deleteQueuePacketAndPacket(): [LoRaMesher] Deleting packet
17:07:52.875 > [810665][I][PacketQueueService.h:83] deleteQueuePacketAndPacket(): [LoRaMesher] Deleting packet queue
17:07:52.884 > [810674][V][LoraMesher.cpp:641] processPackets(): [LoRaMesher] Stack space unused after entering the task: 2072
17:07:52.894 > [810684][V][LoraMesher.cpp:642] processPackets(): [LoRaMesher] Free heap: 336392
17:07:53.084 > [810873][V][LoraMesher.cpp:462] waitBeforeSend(): [LoRaMesher] Preamble detected while waiting 1
17:07:53.093 > [810882][V][LoraMesher.cpp:455] waitBeforeSend(): [LoRaMesher] RandomDelay 1009 ms
17:07:54.109 > [811898][V][LoraMesher.cpp:754] printHeaderPacket(): [LoRaMesher] Packet send -- Size: 17 Src: F02C Dst: D110 Id: 47 Type: 2 Via: D110 Seq_Id: 0 Num: 0
17:07:54.199 > [811988][V][LoraMesher.cpp:575] sendPackets(): [LoRaMesher] TimeOnAir 63 ms, next message in 0 ms
17:07:54.208 > [811997][I][PacketQueueService.h:80] deleteQueuePacketAndPacket(): [LoRaMesher] Deleting packet
17:07:54.216 > [812006][I][PacketQueueService.h:83] deleteQueuePacketAndPacket(): [LoRaMesher] Deleting packet queue
17:08:07.022 > [824811][V][LoraMesher.cpp:378] receivingRoutine(): [LoRaMesher] Stack space unused after entering the task: 2040
17:08:07.033 > [824822][V][LoraMesher.cpp:379] receivingRoutine(): [LoRaMesher] Free heap: 336460
17:08:07.039 > [824829][I][PacketService.cpp:12] createEmptyPacket(): [LoRaMesher] Packet created with 17 bytes
17:08:07.048 > [824838][I][LoraMesher.cpp:392] receivingRoutine(): [LoRaMesher] Receiving LoRa packet: Size: 17 bytes RSSI: -74 SNR: 6
17:08:07.059 > [824849][V][LoraMesher.cpp:647] processPackets(): [LoRaMesher] Size of Received Packets Queue: 1
17:08:07.068 > [824858][V][LoraMesher.cpp:754] printHeaderPacket(): [LoRaMesher] Packet received -- Size: 17 Src: C998 Dst: D110 Id: 33 Type: 2 Via: D110 Seq_Id: 0 Num: 0
17:08:07.082 > [824871][I][LoraMesher.cpp:854] processDataPacket(): [LoRaMesher] Data packet from C998, destination D110, via D110
17:08:07.092 > [824882][V][LoraMesher.cpp:878] processDataPacket(): [LoRaMesher] Packet not for me, deleting it
17:08:07.101 > [824890][I][PacketQueueService.h:80] deleteQueuePacketAndPacket(): [LoRaMesher] Deleting packet
17:08:07.109 > [824899][I][PacketQueueService.h:83] deleteQueuePacketAndPacket(): [LoRaMesher] Deleting packet queue
17:08:07.118 > [824908][V][LoraMesher.cpp:641] processPackets(): [LoRaMesher] Stack space unused after entering the task: 2072
17:08:07.128 > [824918][V][LoraMesher.cpp:642] processPackets(): [LoRaMesher] Free heap: 336460
17:08:11.963 > Send packet 41
17:08:11.964 > Sending packet to D110
17:08:11.966 > [829753][V][LoraMesher.h:250] createPacketAndSend(): [LoRaMesher] Creating a packet for send with 8 bytes
17:08:11.975 > [829765][V][PacketFactory.h:45] createPacket(): [LoRaMesher] Creating packet with 17 bytes
17:08:11.983 > [829773][I][PacketFactory.h:74] createPacket(): [LoRaMesher] Packet created with 17 bytes
17:08:11.991 > [829781][I][LoraMesher.h:659] setPackedForSend(): [LoRaMesher] Adding packet to Q_SP
17:08:11.999 > [829789][I][LoraMesher.h:661] setPackedForSend(): [LoRaMesher] Created packet to Q_SP
17:08:12.007 > [829796][I][LoraMesher.cpp:1061] addToSendOrderedAndNotify(): [LoRaMesher] Added packet to Q_SP, notifying sender task
17:08:12.017 > [829807][V][LoraMesher.cpp:511] sendPackets(): [LoRaMesher] Stack space unused after entering the task: 1904
17:08:12.027 > [829816][V][LoraMesher.cpp:512] sendPackets(): [LoRaMesher] Free heap: 336364
17:08:12.034 > [829823][V][LoraMesher.cpp:518] sendPackets(): [LoRaMesher] Size of Send Packets Queue: 1
17:08:12.042 > [829831][V][LoraMesher.cpp:525] sendPackets(): [LoRaMesher] Send n. 48
17:08:12.048 > [829838][V][LoraMesher.cpp:455] waitBeforeSend(): [LoRaMesher] RandomDelay 869 ms
17:08:12.736 > [830526][V][LoraMesher.cpp:378] receivingRoutine(): [LoRaMesher] Stack space unused after entering the task: 2040
17:08:12.747 > [830536][V][LoraMesher.cpp:379] receivingRoutine(): [LoRaMesher] Free heap: 336392
17:08:12.754 > [830544][I][PacketService.cpp:12] createEmptyPacket(): [LoRaMesher] Packet created with 17 bytes
17:08:12.763 > [830553][I][LoraMesher.cpp:392] receivingRoutine(): [LoRaMesher] Receiving LoRa packet: Size: 17 bytes RSSI: -29 SNR: 13
17:08:12.774 > [830564][V][LoraMesher.cpp:647] processPackets(): [LoRaMesher] Size of Received Packets Queue: 1
17:08:12.783 > [830572][V][LoraMesher.cpp:754] printHeaderPacket(): [LoRaMesher] Packet received -- Size: 17 Src: B3F0 Dst: D110 Id: 48 Type: 2 Via: D110 Seq_Id: 0 Num: 0
17:08:12.797 > [830586][I][LoraMesher.cpp:854] processDataPacket(): [LoRaMesher] Data packet from B3F0, destination D110, via D110
17:08:12.808 > [830596][V][LoraMesher.cpp:878] processDataPacket(): [LoRaMesher] Packet not for me, deleting it
17:08:12.815 > [830605][I][PacketQueueService.h:80] deleteQueuePacketAndPacket(): [LoRaMesher] Deleting packet
17:08:12.824 > [830614][I][PacketQueueService.h:83] deleteQueuePacketAndPacket(): [LoRaMesher] Deleting packet queue
17:08:12.833 > [830623][V][LoraMesher.cpp:641] processPackets(): [LoRaMesher] Stack space unused after entering the task: 2072
17:08:12.843 > [830633][V][LoraMesher.cpp:642] processPackets(): [LoRaMesher] Free heap: 336392
17:08:12.930 > [830720][V][LoraMesher.cpp:462] waitBeforeSend(): [LoRaMesher] Preamble detected while waiting 1
17:08:12.939 > [830729][V][LoraMesher.cpp:455] waitBeforeSend(): [LoRaMesher] RandomDelay 1276 ms
17:08:14.055 > [831845][V][LoraMesher.cpp:378] receivingRoutine(): [LoRaMesher] Stack space unused after entering the task: 2040
17:08:14.066 > [831855][V][LoraMesher.cpp:379] receivingRoutine(): [LoRaMesher] Free heap: 336392
17:08:14.073 > [831863][I][PacketService.cpp:12] createEmptyPacket(): [LoRaMesher] Packet created with 17 bytes
17:08:14.083 > [831872][I][LoraMesher.cpp:392] receivingRoutine(): [LoRaMesher] Receiving LoRa packet: Size: 17 bytes RSSI: -27 SNR: 13
17:08:14.093 > [831883][V][LoraMesher.cpp:647] processPackets(): [LoRaMesher] Size of Received Packets Queue: 1
17:08:14.102 > [831892][V][LoraMesher.cpp:754] printHeaderPacket(): [LoRaMesher] Packet received -- Size: 17 Src: DE6C Dst: D110 Id: 48 Type: 2 Via: D110 Seq_Id: 0 Num: 0
17:08:14.116 > [831905][I][LoraMesher.cpp:854] processDataPacket(): [LoRaMesher] Data packet from DE6C, destination D110, via D110
17:08:14.127 > [831916][V][LoraMesher.cpp:878] processDataPacket(): [LoRaMesher] Packet not for me, deleting it
17:08:14.134 > [831924][I][PacketQueueService.h:80] deleteQueuePacketAndPacket(): [LoRaMesher] Deleting packet
17:08:14.143 > [831933][I][PacketQueueService.h:83] deleteQueuePacketAndPacket(): [LoRaMesher] Deleting packet queue
17:08:14.152 > [831942][V][LoraMesher.cpp:641] processPackets(): [LoRaMesher] Stack space unused after entering the task: 2072
17:08:14.162 > [831952][V][LoraMesher.cpp:642] processPackets(): [LoRaMesher] Free heap: 336392
17:08:14.228 > [832018][V][LoraMesher.cpp:462] waitBeforeSend(): [LoRaMesher] Preamble detected while waiting 2
17:08:14.237 > [832027][V][LoraMesher.cpp:455] waitBeforeSend(): [LoRaMesher] RandomDelay 1210 ms
17:08:15.455 > [833244][V][LoraMesher.cpp:754] printHeaderPacket(): [LoRaMesher] Packet send -- Size: 17 Src: F02C Dst: D110 Id: 48 Type: 2 Via: D110 Seq_Id: 0 Num: 0
17:08:15.545 > [833334][V][LoraMesher.cpp:575] sendPackets(): [LoRaMesher] TimeOnAir 63 ms, next message in 0 ms
17:08:15.553 > [833343][I][PacketQueueService.h:80] deleteQueuePacketAndPacket(): [LoRaMesher] Deleting packet
17:08:15.562 > [833352][I][PacketQueueService.h:83] deleteQueuePacketAndPacket(): [LoRaMesher] Deleting packet queue
17:08:27.389 > [845178][V][LoraMesher.cpp:378] receivingRoutine(): [LoRaMesher] Stack space unused after entering the task: 2040
17:08:27.399 > [845189][V][LoraMesher.cpp:379] receivingRoutine(): [LoRaMesher] Free heap: 336460
17:08:27.407 > [845196][I][PacketService.cpp:12] createEmptyPacket(): [LoRaMesher] Packet created with 17 bytes
17:08:27.415 > [845205][I][LoraMesher.cpp:392] receivingRoutine(): [LoRaMesher] Receiving LoRa packet: Size: 17 bytes RSSI: -74 SNR: 7
17:08:27.427 > [845216][V][LoraMesher.cpp:647] processPackets(): [LoRaMesher] Size of Received Packets Queue: 1
17:08:27.436 > [845225][V][LoraMesher.cpp:754] printHeaderPacket(): [LoRaMesher] Packet received -- Size: 17 Src: C998 Dst: D110 Id: 34 Type: 2 Via: D110 Seq_Id: 0 Num: 0
17:08:27.449 > [845238][I][LoraMesher.cpp:854] processDataPacket(): [LoRaMesher] Data packet from C998, destination D110, via D110
17:08:27.460 > [845249][V][LoraMesher.cpp:878] processDataPacket(): [LoRaMesher] Packet not for me, deleting it
17:08:27.467 > [845257][I][PacketQueueService.h:80] deleteQueuePacketAndPacket(): [LoRaMesher] Deleting packet
17:08:27.476 > [845266][I][PacketQueueService.h:83] deleteQueuePacketAndPacket(): [LoRaMesher] Deleting packet queue
17:08:27.485 > [845275][V][LoraMesher.cpp:641] processPackets(): [LoRaMesher] Stack space unused after entering the task: 2072
17:08:27.496 > [845285][V][LoraMesher.cpp:642] processPackets(): [LoRaMesher] Free heap: 336460
17:08:30.555 > [848345][V][LoraMesher.cpp:598] sendHelloPacket(): [LoRaMesher] Creating Routing Packet
17:08:30.564 > [848353][V][LoraMesher.cpp:599] sendHelloPacket(): [LoRaMesher] Stack space unused after entering the task: 2332
17:08:30.573 > [848363][V][LoraMesher.cpp:600] sendHelloPacket(): [LoRaMesher] Free heap: 336460
17:08:30.580 > [848370][V][PacketFactory.h:45] createPacket(): [LoRaMesher] Creating packet with 24 bytes
17:08:30.588 > [848378][I][PacketFactory.h:74] createPacket(): [LoRaMesher] Packet created with 24 bytes
17:08:30.596 > [848386][I][LoraMesher.h:659] setPackedForSend(): [LoRaMesher] Adding packet to Q_SP
17:08:30.604 > [848394][I][LoraMesher.h:661] setPackedForSend(): [LoRaMesher] Created packet to Q_SP
17:08:30.611 > [848401][I][LoraMesher.cpp:1061] addToSendOrderedAndNotify(): [LoRaMesher] Added packet to Q_SP, notifying sender task
17:08:30.622 > [848412][V][LoraMesher.cpp:511] sendPackets(): [LoRaMesher] Stack space unused after entering the task: 1904
17:08:30.631 > [848422][V][LoraMesher.cpp:512] sendPackets(): [LoRaMesher] Free heap: 336360
17:08:30.638 > [848428][V][LoraMesher.cpp:518] sendPackets(): [LoRaMesher] Size of Send Packets Queue: 1
17:08:30.646 > [848436][V][LoraMesher.cpp:525] sendPackets(): [LoRaMesher] Send n. 49
17:08:30.653 > [848443][V][LoraMesher.cpp:455] waitBeforeSend(): [LoRaMesher] RandomDelay 812 ms
17:08:31.071 > [848861][V][LoraMesher.cpp:378] receivingRoutine(): [LoRaMesher] Stack space unused after entering the task: 2040
17:08:31.081 > [848871][V][LoraMesher.cpp:379] receivingRoutine(): [LoRaMesher] Free heap: 336388
17:08:31.089 > [848878][I][PacketService.cpp:12] createEmptyPacket(): [LoRaMesher] Packet created with 24 bytes
17:08:31.097 > [848887][I][LoraMesher.cpp:392] receivingRoutine(): [LoRaMesher] Receiving LoRa packet: Size: 24 bytes RSSI: -29 SNR: 13
17:08:31.109 > [848899][V][LoraMesher.cpp:647] processPackets(): [LoRaMesher] Size of Received Packets Queue: 1
17:08:31.117 > [848907][V][LoraMesher.cpp:754] printHeaderPacket(): [LoRaMesher] Packet received -- Size: 24 Src: DE6C Dst: FFFF Id: 49 Type: 4 Via: 0 Seq_Id: 0 Num: 0
17:08:31.131 > [848921][I][RoutingTableService.cpp:77] processRoute(): [LoRaMesher] Route packet from DE6C with size 4
17:08:31.140 > [848930][I][RoutingTableService.cpp:99] resetReceiveSNRRoutePacket(): [LoRaMesher] Reset Receive SNR from DE6C: 13
17:08:31.150 > [848940][I][RoutingTableService.cpp:192] printRoutingTable(): [LoRaMesher] Current routing table:
17:08:31.159 > [848949][I][RoutingTableService.cpp:206] printRoutingTable(): [LoRaMesher] 0 - D110 via D110 metric 1 Role 1
17:08:31.168 > [848958][I][RoutingTableService.cpp:206] printRoutingTable(): [LoRaMesher] 1 - B3F0 via B3F0 metric 1 Role 0
17:08:31.178 > [848968][I][RoutingTableService.cpp:206] printRoutingTable(): [LoRaMesher] 2 - DE6C via DE6C metric 1 Role 0
17:08:31.188 > [848978][I][RoutingTableService.cpp:206] printRoutingTable(): [LoRaMesher] 3 - C998 via C998 metric 1 Role 0
17:08:31.197 > [848987][I][PacketQueueService.h:80] deleteQueuePacketAndPacket(): [LoRaMesher] Deleting packet
17:08:31.206 > [848996][I][PacketQueueService.h:83] deleteQueuePacketAndPacket(): [LoRaMesher] Deleting packet queue
17:08:31.215 > [849005][V][LoraMesher.cpp:641] processPackets(): [LoRaMesher] Stack space unused after entering the task: 2072
17:08:31.225 > [849015][V][LoraMesher.cpp:642] processPackets(): [LoRaMesher] Free heap: 336388
17:08:31.478 > [849268][V][LoraMesher.cpp:462] waitBeforeSend(): [LoRaMesher] Preamble detected while waiting 1
17:08:31.488 > [849277][V][LoraMesher.cpp:455] waitBeforeSend(): [LoRaMesher] RandomDelay 405 ms
17:08:31.821 > [849611][V][LoraMesher.cpp:378] receivingRoutine(): [LoRaMesher] Stack space unused after entering the task: 2040
17:08:31.832 > [849621][V][LoraMesher.cpp:379] receivingRoutine(): [LoRaMesher] Free heap: 336388
17:08:31.839 > [849629][I][PacketService.cpp:12] createEmptyPacket(): [LoRaMesher] Packet created with 24 bytes
17:08:31.848 > [849638][I][LoraMesher.cpp:392] receivingRoutine(): [LoRaMesher] Receiving LoRa packet: Size: 24 bytes RSSI: -28 SNR: 13
17:08:31.859 > [849649][V][LoraMesher.cpp:647] processPackets(): [LoRaMesher] Size of Received Packets Queue: 1
17:08:31.867 > [849657][V][LoraMesher.cpp:754] printHeaderPacket(): [LoRaMesher] Packet received -- Size: 24 Src: B3F0 Dst: FFFF Id: 49 Type: 4 Via: 0 Seq_Id: 0 Num: 0
17:08:31.881 > [849671][I][RoutingTableService.cpp:77] processRoute(): [LoRaMesher] Route packet from B3F0 with size 4
17:08:31.891 > [849680][I][RoutingTableService.cpp:99] resetReceiveSNRRoutePacket(): [LoRaMesher] Reset Receive SNR from B3F0: 13
17:08:31.901 > [849690][I][RoutingTableService.cpp:192] printRoutingTable(): [LoRaMesher] Current routing table:
17:08:31.909 > [849695][V][LoraMesher.cpp:462] waitBeforeSend(): [LoRaMesher] Preamble detected while waiting 2
17:08:31.918 > [849708][V][LoraMeshe[r8.4c9p7p0:84]5[5I]] [wRaoiuttBienfgoTraebSleenSde(r)v:i c[eL.ocRpapM:e2s0h6e]r ]p rRianntdRoomuDteilnagyT a9l5(ms 
17:08:31.929 > LoRaMesher] 0 - D110 via D110 metric 1 Role 1
17:08:31.934 > [849724][I][RoutingTableService.cpp:206] printRoutingTable(): [LoRaMesher] 1 - B3F0 via B3F0 metric 1 Role 0
17:08:31.943 > [849733][I][RoutingTableService.cpp:206] printRoutingTable(): [LoRaMesher] 2 - DE6C via DE6C metric 1 Role 0
17:08:31.953 > [849743][I][RoutingTableService.cpp:206] printRoutingTable(): [LoRaMesher] 3 - C998 via C998 metric 1 Role 0
17:08:31.962 > [849753][I][PacketQueueService.h:80] deleteQueuePacketAndPacket(): [LoRaMesher] Deleting packet
17:08:31.971 > [849761][I][PacketQueueService.h:83] deleteQueuePacketAndPacket(): [LoRaMesher] Deleting packet queue
17:08:31.980 > [849770][V][LoraMesher.cpp:641] processPackets(): [LoRaMesher] Stack space unused after entering the task: 2072
17:08:31.990 > [849780][V][LoraMesher.cpp:642] processPackets(): [LoRaMesher] Free heap: 336388
17:08:32.055 > Send packet 42
17:08:32.057 > Sending packet to D110
17:08:32.059 > [849846][V][LoraMesher.h:250] createPacketAndSend(): [LoRaMesher] Creating a packet for send with 8 bytes
17:08:32.069 > [849858][V][PacketFactory.h:45] createPacket(): [LoRaMesher] Creating packet with 17 bytes
17:08:32.076 > [849866][I][PacketFactory.h:74] createPacket(): [LoRaMesher] Packet created with 17 bytes
17:08:32.084 > [849874][I][LoraMesher.h:659] setPackedForSend(): [LoRaMesher] Adding packet to Q_SP
17:08:32.092 > [849882][I][LoraMesher.h:661] setPackedForSend(): [LoRaMesher] Created packet to Q_SP
17:08:32.099 > [849889][I][LoraMesher.cpp:1061] addToSendOrderedAndNotify(): [LoRaMesher] Added packet to Q_SP, notifying sender task
17:08:32.657 > [850447][V][LoraMesher.cpp:378] receivingRoutine(): [LoRaMesher] Stack space unused after entering the task: 2040
17:08:32.668 > [850457][V][LoraMesher.cpp:379] receivingRoutine(): [LoRaMesher] Free heap: 336292
17:08:32.676 > [850465][I][PacketService.cpp:12] createEmptyPacket(): [LoRaMesher] Packet created with 17 bytes
17:08:32.683 > [850474][I][LoraMesher.cpp:392] receivingRoutine(): [LoRaMesher] Receiving LoRa packet: Size: 17 bytes RSSI: -29 SNR: 13
17:08:32.696 > [850485][V][LoraMesher.cpp:647] processPackets(): [LoRaMesher] Size of Received Packets Queue: 1
17:08:32.704 > [850493][V][LoraMesher.cpp:754] printHeaderPacket(): [LoRaMesher] Packet received -- Size: 17 Src: B3F0 Dst: D110 Id: 50 Type: 2 Via: D110 Seq_Id: 0 Num: 0
17:08:32.718 > [850507][I][LoraMesher.cpp:854] processDataPacket(): [LoRaMesher] Data packet from B3F0, destination D110, via D110
17:08:32.727 > [850517][V][LoraMesher.cpp:878] processDataPacket(): [LoRaMesher] Packet not for me, deleting it
17:08:32.736 > [850526][I][PacketQueueService.h:80] deleteQueuePacketAndPacket(): [LoRaMesher] Deleting packet
17:08:32.744 > [850534][I][PacketQueueService.h:83] deleteQueuePacketAndPacket(): [LoRaMesher] Deleting packet queue
17:08:32.754 > [850543][V][LoraMesher.cpp:641] processPackets(): [LoRaMesher] Stack space unused after entering the task: 2072
17:08:32.763 > [850553][V][LoraMesher.cpp:642] processPackets(): [LoRaMesher] Free heap: 336292
17:08:32.864 > [850654][V][LoraMesher.cpp:462] waitBeforeSend(): [LoRaMesher] Preamble detected while waiting 3
17:08:32.874 > [850663][V][LoraMesher.cpp:455] waitBeforeSend(): [LoRaMesher] RandomDelay 711 ms
17:08:33.591 > [851381][V][LoraMesher.cpp:754] printHeaderPacket(): [LoRaMesher] Packet send -- Size: 24 Src: F02C Dst: FFFF Id: 49 Type: 4 Via: 0 Seq_Id: 0 Num: 0
17:08:33.695 > [851486][V][LoraMesher.cpp:575] sendPackets(): [LoRaMesher] TimeOnAir 78 ms, next message in 0 ms
17:08:33.704 > [851494][I][PacketQueueService.h:80] deleteQueuePacketAndPacket(): [LoRaMesher] Deleting packet
17:08:33.714 > [851503][I][PacketQueueService.h:83] deleteQueuePacketAndPacket(): [LoRaMesher] Deleting packet queue
17:08:33.723 > [851512][V][LoraMesher.cpp:518] sendPackets(): [LoRaMesher] Size of Send Packets Queue: 1
17:08:33.731 > [851520][V][LoraMesher.cpp:525] sendPackets(): [LoRaMesher] Send n. 50
17:08:33.736 > [851526][V][LoraMesher.cpp:455] waitBeforeSend(): [LoRaMesher] RandomDelay 914 ms
17:08:34.657 > [852447][V][LoraMesher.cpp:754] printHeaderPacket(): [LoRaMesher] Packet send -- Size: 17 Src: F02C Dst: D110 Id: 50 Type: 2 Via: D110 Seq_Id: 0 Num: 0
17:08:34.747 > [852537][V][LoraMesher.cpp:575] sendPackets(): [LoRaMesher] TimeOnAir 63 ms, next message in 0 ms
17:08:34.756 > [852546][I][PacketQueueService.h:80] deleteQueuePacketAndPacket(): [LoRaMesher] Deleting packet
17:08:34.765 > [852555][I][PacketQueueService.h:83] deleteQueuePacketAndPacket(): [LoRaMesher] Deleting packet queue
17:08:36.501 > [854291][V][LoraMesher.cpp:378] receivingRoutine(): [LoRaMesher] Stack space unused after entering the task: 2040
17:08:36.511 > [854301][V][LoraMesher.cpp:379] receivingRoutine(): [LoRaMesher] Free heap: 336460
17:08:36.518 > [854308][I][PacketService.cpp:12] createEmptyPacket(): [LoRaMesher] Packet created with 17 bytes
17:08:36.528 > [854317][I][LoraMesher.cpp:392] receivingRoutine(): [LoRaMesher] Receiving LoRa packet: Size: 17 bytes RSSI: -28 SNR: 13
17:08:36.539 > [854328][V][LoraMesher.cpp:647] processPackets(): [LoRaMesher] Size of Received Packets Queue: 1
17:08:36.547 > [854337][V][LoraMesher.cpp:754] printHeaderPacket(): [LoRaMesher] Packet received -- Size: 17 Src: DE6C Dst: D110 Id: 50 Type: 2 Via: D110 Seq_Id: 0 Num: 0
17:08:36.562 > [854351][I][LoraMesher.cpp:854] processDataPacket(): [LoRaMesher] Data packet from DE6C, destination D110, via D110
17:08:36.572 > [854361][V][LoraMesher.cpp:878] processDataPacket(): [LoRaMesher] Packet not for me, deleting it
17:08:36.581 > [854370][I][PacketQueueService.h:80] deleteQueuePacketAndPacket(): [LoRaMesher] Deleting packet
17:08:36.589 > [854378][I][PacketQueueService.h:83] deleteQueuePacketAndPacket(): [LoRaMesher] Deleting packet queue
17:08:36.597 > [854387][V][LoraMesher.cpp:641] processPackets(): [LoRaMesher] Stack space unused after entering the task: 2072
17:08:36.607 > [854397][V][LoraMesher.cpp:642] processPackets(): [LoRaMesher] Free heap: 336460
17:08:46.927 > [864717][V][LoraMesher.cpp:378] receivingRoutine(): [LoRaMesher] Stack space unused after entering the task: 2040
17:08:46.937 > [864727][V][LoraMesher.cpp:379] receivingRoutine(): [LoRaMesher] Free heap: 336460
17:08:46.944 > [864734][I][PacketService.cpp:12] createEmptyPacket(): [LoRaMesher] Packet created with 24 bytes
17:08:46.953 > [864743][I][LoraMesher.cpp:392] receivingRoutine(): [LoRaMesher] Receiving LoRa packet: Size: 24 bytes RSSI: -76 SNR: 5
17:08:46.964 > [864754][V][LoraMesher.cpp:647] processPackets(): [LoRaMesher] Size of Received Packets Queue: 1
17:08:46.973 > [864763][V][LoraMesher.cpp:754] printHeaderPacket(): [LoRaMesher] Packet received -- Size: 24 Src: C998 Dst: FFFF Id: 35 Type: 4 Via: 0 Seq_Id: 0 Num: 0
17:08:46.986 > [864776][I][RoutingTableService.cpp:77] processRoute(): [LoRaMesher] Route packet from C998 with size 4
17:08:46.995 > [864786][I][RoutingTableService.cpp:99] resetReceiveSNRRoutePacket(): [LoRaMesher] Reset Receive SNR from C998: 5
17:08:47.006 > [864796][I][RoutingTableService.cpp:192] printRoutingTable(): [LoRaMesher] Current routing table:
17:08:47.014 > [864804][I][RoutingTableService.cpp:206] printRoutingTable(): [LoRaMesher] 0 - D110 via D110 metric 1 Role 1
17:08:47.025 > [864814][I][RoutingTableService.cpp:206] printRoutingTable(): [LoRaMesher] 1 - B3F0 via B3F0 metric 1 Role 0
17:08:47.033 > [864824][I][RoutingTableService.cpp:206] printRoutingTable(): [LoRaMesher] 2 - DE6C via DE6C metric 1 Role 0
17:08:47.043 > [864833][I][RoutingTableService.cpp:206] printRoutingTable(): [LoRaMesher] 3 - C998 via C998 metric 1 Role 0
17:08:47.053 > [864843][I][PacketQueueService.h:80] deleteQueuePacketAndPacket(): [LoRaMesher] Deleting packet
17:08:47.062 > [864851][I][PacketQueueService.h:83] deleteQueuePacketAndPacket(): [LoRaMesher] Deleting packet queue
17:08:47.070 > [864860][V][LoraMesher.cpp:641] processPackets(): [LoRaMesher] Stack space unused after entering the task: 2072
17:08:47.081 > [864870][V][LoraMesher.cpp:642] processPackets(): [LoRaMesher] Free heap: 336460
17:08:47.465 > [865255][V][LoraMesher.cpp:378] receivingRoutine(): [LoRaMesher] Stack space unused after entering the task: 2040
17:08:47.476 > [865266][V][LoraMesher.cpp:379] receivingRoutine(): [LoRaMesher] Free heap: 336460
17:08:47.484 > [865273][I][PacketService.cpp:12] createEmptyPacket(): [LoRaMesher] Packet created with 17 bytes
17:08:47.494 > [865282][I][LoraMesher.cpp:392] receivingRoutine(): [LoRaMesher] Receiving LoRa packet: Size: 17 bytes RSSI: -76 SNR: 5
17:08:47.503 > [865293][V][LoraMesher.cpp:647] processPackets(): [LoRaMesher] Size of Received Packets Queue: 1
17:08:47.512 > [865302][V][LoraMesher.cpp:754] printHeaderPacket(): [LoRaMesher] Packet received -- Size: 17 Src: C998 Dst: D110 Id: 36 Type: 2 Via: D110 Seq_Id: 0 Num: 0
17:08:47.525 > [865316][I][LoraMesher.cpp:854] processDataPacket(): [LoRaMesher] Data packet from C998, destination D110, via D110
17:08:47.535 > [865326][V][LoraMesher.cpp:878] processDataPacket(): [LoRaMesher] Packet not for me, deleting it
17:08:47.544 > [865334][I][PacketQueueService.h:80] deleteQueuePacketAndPacket(): [LoRaMesher] Deleting packet
17:08:47.553 > [865343][I][PacketQueueService.h:83] deleteQueuePacketAndPacket(): [LoRaMesher] Deleting packet queue
17:08:47.562 > [865352][V][LoraMesher.cpp:641] processPackets(): [LoRaMesher] Stack space unused after entering the task: 2072
17:08:47.572 > [865362][V][LoraMesher.cpp:642] processPackets(): [LoRaMesher] Free heap: 336460
17:08:49.169 > [866959][V][LoraMesher.cpp:378] receivingRoutine(): [LoRaMesher] Stack space unused after entering the task: 2040
17:08:49.180 > [866970][V][LoraMesher.cpp:379] receivingRoutine(): [LoRaMesher] Free heap: 336460
17:08:49.187 > [866977][I][PacketService.cpp:12] createEmptyPacket(): [LoRaMesher] Packet created with 24 bytes
17:08:49.196 > [866986][I][LoraMesher.cpp:392] receivingRoutine(): [LoRaMesher] Receiving LoRa packet: Size: 24 bytes RSSI: -30 SNR: 13
17:08:49.207 > [866997][V][LoraMesher.cpp:647] processPackets(): [LoRaMesher] Size of Received Packets Queue: 1
17:08:49.216 > [867006][V][LoraMesher.cpp:754] printHeaderPacket(): [LoRaMesher] Packet received -- Size: 24 Src: D110 Dst: FFFF Id: 8 Type: 4 Via: 0 Seq_Id: 0 Num: 0
17:08:49.230 > [867019][I][RoutingTableService.cpp:77] processRoute(): [LoRaMesher] Route packet from D110 with size 4
17:08:49.239 > [867028][I][RoutingTableService.cpp:99] resetReceiveSNRRoutePacket(): [LoRaMesher] Reset Receive SNR from D110: 13
17:08:49.248 > [867039][I][RoutingTableService.cpp:192] printRoutingTable(): [LoRaMesher] Current routing table:
17:08:49.257 > [867047][I][RoutingTableService.cpp:206] printRoutingTable(): [LoRaMesher] 0 - D110 via D110 metric 1 Role 1
17:08:49.266 > [867057][I][RoutingTableService.cpp:206] printRoutingTable(): [LoRaMesher] 1 - B3F0 via B3F0 metric 1 Role 0
17:08:49.276 > [867066][I][RoutingTableService.cpp:206] printRoutingTable(): [LoRaMesher] 2 - DE6C via DE6C metric 1 Role 0
17:08:49.287 > [867076][I][RoutingTableService.cpp:206] printRoutingTable(): [LoRaMesher] 3 - C998 via C998 metric 1 Role 0
17:08:49.295 > [867086][I][PacketQueueService.h:80] deleteQueuePacketAndPacket(): [LoRaMesher] Deleting packet
17:08:49.304 > [867094][I][PacketQueueService.h:83] deleteQueuePacketAndPacket(): [LoRaMesher] Deleting packet queue
17:08:49.314 > [867103][V][LoraMesher.cpp:641] processPackets(): [LoRaMesher] Stack space unused after entering the task: 2072
17:08:49.324 > [867113][V][LoraMesher.cpp:642] processPackets(): [LoRaMesher] Free heap: 336460
17:08:52.109 > Send packet 43
17:08:52.110 > Sending packet to D110
17:08:52.113 > [869900][V][LoraMesher.h:250] createPacketAndSend(): [LoRaMesher] Creating a packet for send with 8 bytes
17:08:52.122 > [869912][V][PacketFactory.h:45] createPacket(): [LoRaMesher] Creating packet with 17 bytes
17:08:52.131 > [869920][I][PacketFactory.h:74] createPacket(): [LoRaMesher] Packet created with 17 bytes
17:08:52.139 > [869928][I][LoraMesher.h:659] setPackedForSend(): [LoRaMesher] Adding packet to Q_SP
17:08:52.145 > [869936][I][LoraMesher.h:661] setPackedForSend(): [LoRaMesher] Created packet to Q_SP
17:08:52.154 > [869943][I][LoraMesher.cpp:1061] addToSendOrderedAndNotify(): [LoRaMesher] Added packet to Q_SP, notifying sender task
17:08:52.163 > [869954][V][LoraMesher.cpp:511] sendPackets(): [LoRaMesher] Stack space unused after entering the task: 1904
17:08:52.174 > [869963][V][LoraMesher.cpp:512] sendPackets(): [LoRaMesher] Free heap: 336364
17:08:52.180 > [869970][V][LoraMesher.cpp:518] sendPackets(): [LoRaMesher] Size of Send Packets Queue: 1
17:08:52.188 > [869978][V][LoraMesher.cpp:525] sendPackets(): [LoRaMesher] Send n. 51
17:08:52.195 > [869985][V][LoraMesher.cpp:455] waitBeforeSend(): [LoRaMesher] RandomDelay 330 ms
17:08:52.532 > [870323][V][LoraMesher.cpp:754] printHeaderPacket(): [LoRaMesher] Packet send -- Size: 17 Src: F02C Dst: D110 Id: 51 Type: 2 Via: D110 Seq_Id: 0 Num: 0
17:08:52.622 > [870413][V][LoraMesher.cpp:575] sendPackets(): [LoRaMesher] TimeOnAir 63 ms, next message in 0 ms
17:08:52.632 > [870421][I][PacketQueueService.h:80] deleteQueuePacketAndPacket(): [LoRaMesher] Deleting packet
17:08:52.640 > [870430][I][PacketQueueService.h:83] deleteQueuePacketAndPacket(): [LoRaMesher] Deleting packet queue
17:08:53.838 > [871628][V][LoraMesher.cpp:378] receivingRoutine(): [LoRaMesher] Stack space unused after entering the task: 2040
17:08:53.848 > [871638][V][LoraMesher.cpp:379] receivingRoutine(): [LoRaMesher] Free heap: 336460
17:08:53.856 > [871646][I][PacketService.cpp:12] createEmptyPacket(): [LoRaMesher] Packet created with 17 bytes
17:08:53.865 > [871655][I][LoraMesher.cpp:392] receivingRoutine(): [LoRaMesher] Receiving LoRa packet: Size: 17 bytes RSSI: -29 SNR: 13
17:08:53.876 > [871666][V][LoraMesher.cpp:647] processPackets(): [LoRaMesher] Size of Received Packets Queue: 1
17:08:53.885 > [871675][V][LoraMesher.cpp:754] printHeaderPacket(): [LoRaMesher] Packet received -- Size: 17 Src: DE6C Dst: D110 Id: 51 Type: 2 Via: D110 Seq_Id: 0 Num: 0
17:08:53.899 > [871688][I][LoraMesher.cpp:854] processDataPacket(): [LoRaMesher] Data packet from DE6C, destination D110, via D110
17:08:53.909 > [871699][V][LoraMesher.cpp:878] processDataPacket(): [LoRaMesher] Packet not for me, deleting it
17:08:53.918 > [871707][I][PacketQueueService.h:80] deleteQueuePacketAndPacket(): [LoRaMesher] Deleting packet
17:08:53.925 > [871716][I][PacketQueueService.h:83] deleteQueuePacketAndPacket(): [LoRaMesher] Deleting packet queue
17:08:53.935 > [871725][V][LoraMesher.cpp:641] processPackets(): [LoRaMesher] Stack space unused after entering the task: 2072
17:08:53.945 > [871735][V][LoraMesher.cpp:642] processPackets(): [LoRaMesher] Free heap: 336460
17:08:55.561 > [873352][V][LoraMesher.cpp:378] receivingRoutine(): [LoRaMesher] Stack space unused after entering the task: 2040
17:08:55.572 > [873362][V][LoraMesher.cpp:379] receivingRoutine(): [LoRaMesher] Free heap: 336460
17:08:55.580 > [873370][I][PacketService.cpp:12] createEmptyPacket(): [LoRaMesher] Packet created with 17 bytes
17:08:55.588 > [873378][I][LoraMesher.cpp:392] receivingRoutine(): [LoRaMesher] Receiving LoRa packet: Size: 17 bytes RSSI: -27 SNR: 12
17:08:55.599 > [873389][V][LoraMesher.cpp:647] processPackets(): [LoRaMesher] Size of Received Packets Queue: 1
17:08:55.609 > [873398][V][LoraMesher.cpp:754] printHeaderPacket(): [LoRaMesher] Packet received -- Size: 17 Src: B3F0 Dst: D110 Id: 51 Type: 2 Via: D110 Seq_Id: 0 Num: 0
17:08:55.622 > [873412][I][LoraMesher.cpp:854] processDataPacket(): [LoRaMesher] Data packet from B3F0, destination D110, via D110
17:08:55.632 > [873422][V][LoraMesher.cpp:878] processDataPacket(): [LoRaMesher] Packet not for me, deleting it
17:08:55.640 > [873431][I][PacketQueueService.h:80] deleteQueuePacketAndPacket(): [LoRaMesher] Deleting packet
17:08:55.650 > [873439][I][PacketQueueService.h:83] deleteQueuePacketAndPacket(): [LoRaMesher] Deleting packet queue
17:08:55.659 > [873448][V][LoraMesher.cpp:641] processPackets(): [LoRaMesher] Stack space unused after entering the task: 2072
17:08:55.669 > [873458][V][LoraMesher.cpp:642] processPackets(): [LoRaMesher] Free heap: 336460
17:09:07.775 > [885566][V][LoraMesher.cpp:378] receivingRoutine(): [LoRaMesher] Stack space unused after entering the task: 2040
17:09:07.786 > [885576][V][LoraMesher.cpp:379] receivingRoutine(): [LoRaMesher] Free heap: 336460
17:09:07.793 > [885583][I][PacketService.cpp:12] createEmptyPacket(): [LoRaMesher] Packet created with 17 bytes
17:09:07.802 > [885592][I][LoraMesher.cpp:392] receivingRoutine(): [LoRaMesher] Receiving LoRa packet: Size: 17 bytes RSSI: -74 SNR: 7
17:09:07.814 > [885603][V][LoraMesher.cpp:647] processPackets(): [LoRaMesher] Size of Received Packets Queue: 1
17:09:07.822 > [885612][V][LoraMesher.cpp:754] printHeaderPacket(): [LoRaMesher] Packet received -- Size: 17 Src: C998 Dst: D110 Id: 37 Type: 2 Via: D110 Seq_Id: 0 Num: 0
17:09:07.836 > [885626][I][LoraMesher.cpp:854] processDataPacket(): [LoRaMesher] Data packet from C998, destination D110, via D110
17:09:07.846 > [885636][V][LoraMesher.cpp:878] processDataPacket(): [LoRaMesher] Packet not for me, deleting it
17:09:07.855 > [885644][I][PacketQueueService.h:80] deleteQueuePacketAndPacket(): [LoRaMesher] Deleting packet
17:09:07.863 > [885653][I][PacketQueueService.h:83] deleteQueuePacketAndPacket(): [LoRaMesher] Deleting packet queue
17:09:07.872 > [885662][V][LoraMesher.cpp:641] processPackets(): [LoRaMesher] Stack space unused after entering the task: 2072
17:09:07.882 > [885672][V][LoraMesher.cpp:642] processPackets(): [LoRaMesher] Free heap: 336460
17:09:12.202 > Send packet 44
17:09:12.204 > Sending packet to D110
17:09:12.206 > [889993][V][LoraMesher.h:250] createPacketAndSend(): [LoRaMesher] Creating a packet for send with 8 bytes
17:09:12.215 > [890005][V][PacketFactory.h:45] createPacket(): [LoRaMesher] Creating packet with 17 bytes
17:09:12.223 > [890013][I][PacketFactory.h:74] createPacket(): [LoRaMesher] Packet created with 17 bytes
17:09:12.231 > [890021][I][LoraMesher.h:659] setPackedForSend(): [LoRaMesher] Adding packet to Q_SP
17:09:12.239 > [890029][I][LoraMesher.h:661] setPackedForSend(): [LoRaMesher] Created packet to Q_SP
17:09:12.246 > [890036][I][LoraMesher.cpp:1061] addToSendOrderedAndNotify(): [LoRaMesher] Added packet to Q_SP, notifying sender task
17:09:12.257 > [890047][V][LoraMesher.cpp:511] sendPackets(): [LoRaMesher] Stack space unused after entering the task: 1904
17:09:12.267 > [890056][V][LoraMesher.cpp:512] sendPackets(): [LoRaMesher] Free heap: 336364
17:09:12.273 > [890063][V][LoraMesher.cpp:518] sendPackets(): [LoRaMesher] Size of Send Packets Queue: 1
17:09:12.282 > [890071][V][LoraMesher.cpp:525] sendPackets(): [LoRaMesher] Send n. 52
17:09:12.288 > [890078][V][LoraMesher.cpp:455] waitBeforeSend(): [LoRaMesher] RandomDelay 551 ms
17:09:12.846 > [890637][V][LoraMesher.cpp:754] printHeaderPacket(): [LoRaMesher] Packet send -- Size: 17 Src: F02C Dst: D110 Id: 52 Type: 2 Via: D110 Seq_Id: 0 Num: 0
17:09:12.936 > [890727][V][LoraMesher.cpp:575] sendPackets(): [LoRaMesher] TimeOnAir 63 ms, next message in 0 ms
17:09:12.945 > [890735][I][PacketQueueService.h:80] deleteQueuePacketAndPacket(): [LoRaMesher] Deleting packet
17:09:12.955 > [890744][I][PacketQueueService.h:83] deleteQueuePacketAndPacket(): [LoRaMesher] Deleting packet queue
17:09:13.486 > [891277][V][LoraMesher.cpp:378] receivingRoutine(): [LoRaMesher] Stack space unused after entering the task: 2040
17:09:13.497 > [891287][V][LoraMesher.cpp:379] receivingRoutine(): [LoRaMesher] Free heap: 336460
17:09:13.505 > [891294][I][PacketService.cpp:12] createEmptyPacket(): [LoRaMesher] Packet created with 17 bytes
17:09:13.513 > [891303][I][LoraMesher.cpp:392] receivingRoutine(): [LoRaMesher] Receiving LoRa packet: Size: 17 bytes RSSI: -30 SNR: 12
17:09:13.524 > [891314][V][LoraMesher.cpp:647] processPackets(): [LoRaMesher] Size of Received Packets Queue: 1
17:09:13.533 > [891323][V][LoraMesher.cpp:754] printHeaderPacket(): [LoRaMesher] Packet received -- Size: 17 Src: DE6C Dst: D110 Id: 52 Type: 2 Via: D110 Seq_Id: 0 Num: 0
17:09:13.547 > [891337][I][LoraMesher.cpp:854] processDataPacket(): [LoRaMesher] Data packet from DE6C, destination D110, via D110
17:09:13.557 > [891347][V][LoraMesher.cpp:878] processDataPacket(): [LoRaMesher] Packet not for me, deleting it
17:09:13.566 > [891356][I][PacketQueueService.h:80] deleteQueuePacketAndPacket(): [LoRaMesher] Deleting packet
17:09:13.573 > [891364][I][PacketQueueService.h:83] deleteQueuePacketAndPacket(): [LoRaMesher] Deleting packet queue
17:09:13.583 > [891373][V][LoraMesher.cpp:641] processPackets(): [LoRaMesher] Stack space unused after entering the task: 2072
17:09:13.593 > [891383][V][LoraMesher.cpp:642] processPackets(): [LoRaMesher] Free heap: 336460
17:09:14.727 > [892518][V][LoraMesher.cpp:378] receivingRoutine(): [LoRaMesher] Stack space unused after entering the task: 2040
17:09:14.738 > [892528][V][LoraMesher.cpp:379] receivingRoutine(): [LoRaMesher] Free heap: 336460
17:09:14.746 > [892535][I][PacketService.cpp:12] createEmptyPacket(): [LoRaMesher] Packet created with 17 bytes
17:09:14.754 > [892544][I][LoraMesher.cpp:392] receivingRoutine(): [LoRaMesher] Receiving LoRa packet: Size: 17 bytes RSSI: -26 SNR: 13
17:09:14.765 > [892555][V][LoraMesher.cpp:647] processPackets(): [LoRaMesher] Size of Received Packets Queue: 1
17:09:14.774 > [892564][V][LoraMesher.cpp:754] printHeaderPacket(): [LoRaMesher] Packet received -- Size: 17 Src: B3F0 Dst: D110 Id: 52 Type: 2 Via: D110 Seq_Id: 0 Num: 0
17:09:14.788 > [892578][I][LoraMesher.cpp:854] processDataPacket(): [LoRaMesher] Data packet from B3F0, destination D110, via D110
17:09:14.798 > [892588][V][LoraMesher.cpp:878] processDataPacket(): [LoRaMesher] Packet not for me, deleting it
17:09:14.807 > [892597][I][PacketQueueService.h:80] deleteQueuePacketAndPacket(): [LoRaMesher] Deleting packet
17:09:14.815 > [892605][I][PacketQueueService.h:83] deleteQueuePacketAndPacket(): [LoRaMesher] Deleting packet queue
17:09:14.824 > [892614][V][LoraMesher.cpp:641] processPackets(): [LoRaMesher] Stack space unused after entering the task: 2072
17:09:14.833 > [892624][V][LoraMesher.cpp:642] processPackets(): [LoRaMesher] Free heap: 336460
17:09:27.810 > [905601][V][LoraMesher.cpp:378] receivingRoutine(): [LoRaMesher] Stack space unused after entering the task: 2040
17:09:27.821 > [905611][V][LoraMesher.cpp:379] receivingRoutine(): [LoRaMesher] Free heap: 336460
17:09:27.828 > [905618][I][PacketService.cpp:12] createEmptyPacket(): [LoRaMesher] Packet created with 17 bytes
17:09:27.837 > [905627][I][LoraMesher.cpp:392] receivingRoutine(): [LoRaMesher] Receiving LoRa packet: Size: 17 bytes RSSI: -74 SNR: 4
17:09:27.848 > [905638][V][LoraMesher.cpp:647] processPackets(): [LoRaMesher] Size of Received Packets Queue: 1
17:09:27.857 > [905647][V][LoraMesher.cpp:754] printHeaderPacket(): [LoRaMesher] Packet received -- Size: 17 Src: C998 Dst: D110 Id: 38 Type: 2 Via: D110 Seq_Id: 0 Num: 0
17:09:27.871 > [905661][I][LoraMesher.cpp:854] processDataPacket(): [LoRaMesher] Data packet from C998, destination D110, via D110
17:09:27.881 > [905671][V][LoraMesher.cpp:878] processDataPacket(): [LoRaMesher] Packet not for me, deleting it
17:09:27.889 > [905680][I][PacketQueueService.h:80] deleteQueuePacketAndPacket(): [LoRaMesher] Deleting packet
17:09:27.898 > [905688][I][PacketQueueService.h:83] deleteQueuePacketAndPacket(): [LoRaMesher] Deleting packet queue
17:09:27.907 > [905697][V][LoraMesher.cpp:641] processPackets(): [LoRaMesher] Stack space unused after entering the task: 2072
17:09:27.917 > [905707][V][LoraMesher.cpp:642] processPackets(): [LoRaMesher] Free heap: 336460
17:09:32.295 > Send packet 45
17:09:32.297 > Sending packet to D110
17:09:32.299 > [910086][V][LoraMesher.h:250] createPacketAndSend(): [LoRaMesher] Creating a packet for send with 8 bytes
17:09:32.308 > [910098][V][PacketFactory.h:45] createPacket(): [LoRaMesher] Creating packet with 17 bytes
17:09:32.316 > [910106][I][PacketFactory.h:74] createPacket(): [LoRaMesher] Packet created with 17 bytes
17:09:32.324 > [910114][I][LoraMesher.h:659] setPackedForSend(): [LoRaMesher] Adding packet to Q_SP
17:09:32.331 > [910122][I][LoraMesher.h:661] setPackedForSend(): [LoRaMesher] Created packet to Q_SP
17:09:32.339 > [910129][I][LoraMesher.cpp:1061] addToSendOrderedAndNotify(): [LoRaMesher] Added packet to Q_SP, notifying sender task
17:09:32.350 > [910140][V][LoraMesher.cpp:511] sendPackets(): [LoRaMesher] Stack space unused after entering the task: 1904
17:09:32.359 > [910149][V][LoraMesher.cpp:512] sendPackets(): [LoRaMesher] Free heap: 336364
17:09:32.366 > [910156][V][LoraMesher.cpp:518] sendPackets(): [LoRaMesher] Size of Send Packets Queue: 1
17:09:32.374 > [910164][V][LoraMesher.cpp:525] sendPackets(): [LoRaMesher] Send n. 53
17:09:32.381 > [910171][V][LoraMesher.cpp:455] waitBeforeSend(): [LoRaMesher] RandomDelay 535 ms
17:09:32.923 > [910714][V][LoraMesher.cpp:754] printHeaderPacket(): [LoRaMesher] Packet send -- Size: 17 Src: F02C Dst: D110 Id: 53 Type: 2 Via: D110 Seq_Id: 0 Num: 0
17:09:33.013 > [910804][V][LoraMesher.cpp:575] sendPackets(): [LoRaMesher] TimeOnAir 63 ms, next message in 0 ms
17:09:33.022 > [910812][I][PacketQueueService.h:80] deleteQueuePacketAndPacket(): [LoRaMesher] Deleting packet
17:09:33.031 > [910821][I][PacketQueueService.h:83] deleteQueuePacketAndPacket(): [LoRaMesher] Deleting packet queue
17:09:33.605 > [911396][V][LoraMesher.cpp:378] receivingRoutine(): [LoRaMesher] Stack space unused after entering the task: 2040
17:09:33.616 > [911406][V][LoraMesher.cpp:379] receivingRoutine(): [LoRaMesher] Free heap: 336460
17:09:33.623 > [911413][I][PacketService.cpp:12] createEmptyPacket(): [LoRaMesher] Packet created with 17 bytes
17:09:33.632 > [911422][I][LoraMesher.cpp:392] receivingRoutine(): [LoRaMesher] Receiving LoRa packet: Size: 17 bytes RSSI: -30 SNR: 12
17:09:33.643 > [911433][V][LoraMesher.cpp:647] processPackets(): [LoRaMesher] Size of Received Packets Queue: 1
17:09:33.652 > [911442][V][LoraMesher.cpp:754] printHeaderPacket(): [LoRaMesher] Packet received -- Size: 17 Src: B3F0 Dst: D110 Id: 53 Type: 2 Via: D110 Seq_Id: 0 Num: 0
17:09:33.666 > [911456][I][LoraMesher.cpp:854] processDataPacket(): [LoRaMesher] Data packet from B3F0, destination D110, via D110
17:09:33.676 > [911466][V][LoraMesher.cpp:878] processDataPacket(): [LoRaMesher] Packet not for me, deleting it
17:09:33.685 > [911475][I][PacketQueueService.h:80] deleteQueuePacketAndPacket(): [LoRaMesher] Deleting packet
17:09:33.693 > [911483][I][PacketQueueService.h:83] deleteQueuePacketAndPacket(): [LoRaMesher] Deleting packet queue
17:09:33.702 > [911492][V][LoraMesher.cpp:641] processPackets(): [LoRaMesher] Stack space unused after entering the task: 2072
17:09:33.712 > [911502][V][LoraMesher.cpp:642] processPackets(): [LoRaMesher] Free heap: 336460
17:09:34.458 > [912249][V][LoraMesher.cpp:378] receivingRoutine(): [LoRaMesher] Stack space unused after entering the task: 2040
17:09:34.469 > [912259][V][LoraMesher.cpp:379] receivingRoutine(): [LoRaMesher] Free heap: 336460
17:09:34.477 > [912267][I][PacketService.cpp:12] createEmptyPacket(): [LoRaMesher] Packet created with 17 bytes
17:09:34.486 > [912276][I][LoraMesher.cpp:392] receivingRoutine(): [LoRaMesher] Receiving LoRa packet: Size: 17 bytes RSSI: -30 SNR: 13
17:09:34.497 > [912287][V][LoraMesher.cpp:647] processPackets(): [LoRaMesher] Size of Received Packets Queue: 1
17:09:34.506 > [912296][V][LoraMesher.cpp:754] printHeaderPacket(): [LoRaMesher] Packet received -- Size: 17 Src: DE6C Dst: D110 Id: 53 Type: 2 Via: D110 Seq_Id: 0 Num: 0
17:09:34.519 > [912309][I][LoraMesher.cpp:854] processDataPacket(): [LoRaMesher] Data packet from DE6C, destination D110, via D110
17:09:34.529 > [912320][V][LoraMesher.cpp:878] processDataPacket(): [LoRaMesher] Packet not for me, deleting it
17:09:34.538 > [912328][I][PacketQueueService.h:80] deleteQueuePacketAndPacket(): [LoRaMesher] Deleting packet
17:09:34.546 > [912337][I][PacketQueueService.h:83] deleteQueuePacketAndPacket(): [LoRaMesher] Deleting packet queue
17:09:34.556 > [912346][V][LoraMesher.cpp:641] processPackets(): [LoRaMesher] Stack space unused after entering the task: 2072
17:09:34.565 > [912356][V][LoraMesher.cpp:642] processPackets(): [LoRaMesher] Free heap: 336460
17:09:48.140 > [925931][V][LoraMesher.cpp:378] receivingRoutine(): [LoRaMesher] Stack space unused after entering the task: 2040
17:09:48.151 > [925941][V][LoraMesher.cpp:379] receivingRoutine(): [LoRaMesher] Free heap: 336460
17:09:48.158 > [925949][I][PacketService.cpp:12] createEmptyPacket(): [LoRaMesher] Packet created with 17 bytes
17:09:48.167 > [925957][I][LoraMesher.cpp:392] receivingRoutine(): [LoRaMesher] Receiving LoRa packet: Size: 17 bytes RSSI: -75 SNR: 7
17:09:48.179 > [925968][V][LoraMesher.cpp:647] processPackets(): [LoRaMesher] Size of Received Packets Queue: 1
17:09:48.187 > [925977][V][LoraMesher.cpp:754] printHeaderPacket(): [LoRaMesher] Packet received -- Size: 17 Src: C998 Dst: D110 Id: 39 Type: 2 Via: D110 Seq_Id: 0 Num: 0
17:09:48.200 > [925991][I][LoraMesher.cpp:854] processDataPacket(): [LoRaMesher] Data packet from C998, destination D110, via D110
17:09:48.211 > [926001][V][LoraMesher.cpp:878] processDataPacket(): [LoRaMesher] Packet not for me, deleting it
17:09:48.219 > [926010][I][PacketQueueService.h:80] deleteQueuePacketAndPacket(): [LoRaMesher] Deleting packet
17:09:48.228 > [926018][I][PacketQueueService.h:83] deleteQueuePacketAndPacket(): [LoRaMesher] Deleting packet queue
17:09:48.237 > [926027][V][LoraMesher.cpp:641] processPackets(): [LoRaMesher] Stack space unused after entering the task: 2072
17:09:48.247 > [926037][V][LoraMesher.cpp:642] processPackets(): [LoRaMesher] Free heap: 336460
17:09:52.387 > Send packet 46
17:09:52.389 > Sending packet to D110
17:09:52.391 > [930179][V][LoraMesher.h:250] createPacketAndSend(): [LoRaMesher] Creating a packet for send with 8 bytes
17:09:52.401 > [930191][V][PacketFactory.h:45] createPacket(): [LoRaMesher] Creating packet with 17 bytes
17:09:52.409 > [930199][I][PacketFactory.h:74] createPacket(): [LoRaMesher] Packet created with 17 bytes
17:09:52.417 > [930207][I][LoraMesher.h:659] setPackedForSend(): [LoRaMesher] Adding packet to Q_SP
17:09:52.424 > [930215][I][LoraMesher.h:661] setPackedForSend(): [LoRaMesher] Created packet to Q_SP
17:09:52.432 > [930222][I][LoraMesher.cpp:1061] addToSendOrderedAndNotify(): [LoRaMesher] Added packet to Q_SP, notifying sender task
17:09:52.442 > [930233][V][LoraMesher.cpp:511] sendPackets(): [LoRaMesher] Stack space unused after entering the task: 1904
17:09:52.452 > [930242][V][LoraMesher.cpp:512] sendPackets(): [LoRaMesher] Free heap: 336364
17:09:52.459 > [930249][V][LoraMesher.cpp:518] sendPackets(): [LoRaMesher] Size of Send Packets Queue: 1
17:09:52.467 > [930257][V][LoraMesher.cpp:525] sendPackets(): [LoRaMesher] Send n. 54
17:09:52.473 > [930264][V][LoraMesher.cpp:455] waitBeforeSend(): [LoRaMesher] RandomDelay 345 ms
17:09:52.825 > [930617][V][LoraMesher.cpp:754] printHeaderPacket(): [LoRaMesher] Packet send -- Size: 17 Src: F02C Dst: D110 Id: 54 Type: 2 Via: D110 Seq_Id: 0 Num: 0
17:09:52.915 > [930707][V][LoraMesher.cpp:575] sendPackets(): [LoRaMesher] TimeOnAir 63 ms, next message in 0 ms
17:09:52.925 > [930715][I][PacketQueueService.h:80] deleteQueuePacketAndPacket(): [LoRaMesher] Deleting packet
17:09:52.933 > [930724][I][PacketQueueService.h:83] deleteQueuePacketAndPacket(): [LoRaMesher] Deleting packet queue
17:09:54.145 > [931936][V][LoraMesher.cpp:378] receivingRoutine(): [LoRaMesher] Stack space unused after entering the task: 2040
17:09:54.155 > [931946][V][LoraMesher.cpp:379] receivingRoutine(): [LoRaMesher] Free heap: 336460
17:09:54.163 > [931954][I][PacketService.cpp:12] createEmptyPacket(): [LoRaMesher] Packet created with 17 bytes
17:09:54.172 > [931962][I][LoraMesher.cpp:392] receivingRoutine(): [LoRaMesher] Receiving LoRa packet: Size: 17 bytes RSSI: -27 SNR: 12
17:09:54.183 > [931973][V][LoraMesher.cpp:647] processPackets(): [LoRaMesher] Size of Received Packets Queue: 1
17:09:54.192 > [931982][V][LoraMesher.cpp:754] printHeaderPacket(): [LoRaMesher] Packet received -- Size: 17 Src: DE6C Dst: D110 Id: 54 Type: 2 Via: D110 Seq_Id: 0 Num: 0
17:09:54.205 > [931996][I][LoraMesher.cpp:854] processDataPacket(): [LoRaMesher] Data packet from DE6C, destination D110, via D110
17:09:54.216 > [932006][V][LoraMesher.cpp:878] processDataPacket(): [LoRaMesher] Packet not for me, deleting it
17:09:54.224 > [932015][I][PacketQueueService.h:80] deleteQueuePacketAndPacket(): [LoRaMesher] Deleting packet
17:09:54.233 > [932023][I][PacketQueueService.h:83] deleteQueuePacketAndPacket(): [LoRaMesher] Deleting packet queue
17:09:54.242 > [932032][V][LoraMesher.cpp:641] processPackets(): [LoRaMesher] Stack space unused after entering the task: 2072
17:09:54.252 > [932042][V][LoraMesher.cpp:642] processPackets(): [LoRaMesher] Free heap: 336460
17:09:55.672 > [933464][V][LoraMesher.cpp:378] receivingRoutine(): [LoRaMesher] Stack space unused after entering the task: 2040
17:09:55.683 > [933474][V][LoraMesher.cpp:379] receivingRoutine(): [LoRaMesher] Free heap: 336460
17:09:55.691 > [933481][I][PacketService.cpp:12] createEmptyPacket(): [LoRaMesher] Packet created with 17 bytes
17:09:55.700 > [933490][I][LoraMesher.cpp:392] receivingRoutine(): [LoRaMesher] Receiving LoRa packet: Size: 17 bytes RSSI: -29 SNR: 12
17:09:55.711 > [933501][V][LoraMesher.cpp:647] processPackets(): [LoRaMesher] Size of Received Packets Queue: 1
17:09:55.719 > [933510][V][LoraMesher.cpp:754] printHeaderPacket(): [LoRaMesher] Packet received -- Size: 17 Src: B3F0 Dst: D110 Id: 54 Type: 2 Via: D110 Seq_Id: 0 Num: 0
17:09:55.733 > [933524][I][LoraMesher.cpp:854] processDataPacket(): [LoRaMesher] Data packet from B3F0, destination D110, via D110
17:09:55.743 > [933534][V][LoraMesher.cpp:878] processDataPacket(): [LoRaMesher] Packet not for me, deleting it
17:09:55.752 > [933543][I][PacketQueueService.h:80] deleteQueuePacketAndPacket(): [LoRaMesher] Deleting packet
17:09:55.760 > [933551][I][PacketQueueService.h:83] deleteQueuePacketAndPacket(): [LoRaMesher] Deleting packet queue
17:09:55.770 > [933560][V][LoraMesher.cpp:641] processPackets(): [LoRaMesher] Stack space unused after entering the task: 2072
17:09:55.779 > [933570][V][LoraMesher.cpp:642] processPackets(): [LoRaMesher] Free heap: 336460
17:10:07.591 > [945382][V][LoraMesher.cpp:378] receivingRoutine(): [LoRaMesher] Stack space unused after entering the task: 2040
17:10:07.601 > [945392][V][LoraMesher.cpp:379] receivingRoutine(): [LoRaMesher] Free heap: 336460
17:10:07.609 > [945400][I][PacketService.cpp:12] createEmptyPacket(): [LoRaMesher] Packet created with 17 bytes
17:10:07.618 > [945408][I][LoraMesher.cpp:392] receivingRoutine(): [LoRaMesher] Receiving LoRa packet: Size: 17 bytes RSSI: -75 SNR: 4
17:10:07.629 > [945420][V][LoraMesher.cpp:647] processPackets(): [LoRaMesher] Size of Received Packets Queue: 1
17:10:07.637 > [945428][V][LoraMesher.cpp:754] printHeaderPacket(): [LoRaMesher] Packet received -- Size: 17 Src: C998 Dst: D110 Id: 40 Type: 2 Via: D110 Seq_Id: 0 Num: 0
17:10:07.651 > [945442][I][LoraMesher.cpp:854] processDataPacket(): [LoRaMesher] Data packet from C998, destination D110, via D110
17:10:07.661 > [945452][V][LoraMesher.cpp:878] processDataPacket(): [LoRaMesher] Packet not for me, deleting it
17:10:07.670 > [945461][I][PacketQueueService.h:80] deleteQueuePacketAndPacket(): [LoRaMesher] Deleting packet
17:10:07.678 > [945469][I][PacketQueueService.h:83] deleteQueuePacketAndPacket(): [LoRaMesher] Deleting packet queue
17:10:07.688 > [945478][V][LoraMesher.cpp:641] processPackets(): [LoRaMesher] Stack space unused after entering the task: 2072
17:10:07.697 > [945488][V][LoraMesher.cpp:642] processPackets(): [LoRaMesher] Free heap: 336460
17:10:12.480 > Send packet 47
17:10:12.482 > Sending packet to D110
17:10:12.484 > [950272][V][LoraMesher.h:250] createPacketAndSend(): [LoRaMesher] Creating a packet for send with 8 bytes
17:10:12.493 > [950284][V][PacketFactory.h:45] createPacket(): [LoRaMesher] Creating packet with 17 bytes
17:10:12.501 > [950292][I][PacketFactory.h:74] createPacket(): [LoRaMesher] Packet created with 17 bytes
17:10:12.509 > [950300][I][LoraMesher.h:659] setPackedForSend(): [LoRaMesher] Adding packet to Q_SP
17:10:12.517 > [950308][I][LoraMesher.h:661] setPackedForSend(): [LoRaMesher] Created packet to Q_SP
17:10:12.524 > [950315][I][LoraMesher.cpp:1061] addToSendOrderedAndNotify(): [LoRaMesher] Added packet to Q_SP, notifying sender task
17:10:12.535 > [950326][V][LoraMesher.cpp:511] sendPackets(): [LoRaMesher] Stack space unused after entering the task: 1904
17:10:12.545 > [950335][V][LoraMesher.cpp:512] sendPackets(): [LoRaMesher] Free heap: 336364
17:10:12.552 > [950342][V][LoraMesher.cpp:518] sendPackets(): [LoRaMesher] Size of Send Packets Queue: 1
17:10:12.560 > [950350][V][LoraMesher.cpp:525] sendPackets(): [LoRaMesher] Send n. 55
17:10:12.566 > [950357][V][LoraMesher.cpp:455] waitBeforeSend(): [LoRaMesher] RandomDelay 464 ms
17:10:13.037 > [950829][V][LoraMesher.cpp:754] printHeaderPacket(): [LoRaMesher] Packet send -- Size: 17 Src: F02C Dst: D110 Id: 55 Type: 2 Via: D110 Seq_Id: 0 Num: 0
17:10:13.127 > [950919][V][LoraMesher.cpp:575] sendPackets(): [LoRaMesher] TimeOnAir 63 ms, next message in 0 ms
17:10:13.136 > [950927][I][PacketQueueService.h:80] deleteQueuePacketAndPacket(): [LoRaMesher] Deleting packet
17:10:13.145 > [950936][I][PacketQueueService.h:83] deleteQueuePacketAndPacket(): [LoRaMesher] Deleting packet queue
17:10:13.615 > [951406][V][LoraMesher.cpp:378] receivingRoutine(): [LoRaMesher] Stack space unused after entering the task: 2040
17:10:13.626 > [951417][V][LoraMesher.cpp:379] receivingRoutine(): [LoRaMesher] Free heap: 336460
17:10:13.633 > [951424][I][PacketService.cpp:12] createEmptyPacket(): [LoRaMesher] Packet created with 17 bytes
17:10:13.642 > [951433][I][LoraMesher.cpp:392] receivingRoutine(): [LoRaMesher] Receiving LoRa packet: Size: 17 bytes RSSI: -27 SNR: 13
17:10:13.653 > [951444][V][LoraMesher.cpp:647] processPackets(): [LoRaMesher] Size of Received Packets Queue: 1
17:10:13.662 > [951453][V][LoraMesher.cpp:754] printHeaderPacket(): [LoRaMesher] Packet received -- Size: 17 Src: DE6C Dst: D110 Id: 55 Type: 2 Via: D110 Seq_Id: 0 Num: 0
17:10:13.676 > [951466][I][LoraMesher.cpp:854] processDataPacket(): [LoRaMesher] Data packet from DE6C, destination D110, via D110
17:10:13.686 > [951477][V][LoraMesher.cpp:878] processDataPacket(): [LoRaMesher] Packet not for me, deleting it
17:10:13.694 > [951485][I][PacketQueueService.h:80] deleteQueuePacketAndPacket(): [LoRaMesher] Deleting packet
17:10:13.703 > [951494][I][PacketQueueService.h:83] deleteQueuePacketAndPacket(): [LoRaMesher] Deleting packet queue
17:10:13.712 > [951503][V][LoraMesher.cpp:641] processPackets(): [LoRaMesher] Stack space unused after entering the task: 2072
17:10:13.722 > [951513][V][LoraMesher.cpp:642] processPackets(): [LoRaMesher] Free heap: 336460
17:10:14.839 > [952631][V][LoraMesher.cpp:378] receivingRoutine(): [LoRaMesher] Stack space unused after entering the task: 2040
17:10:14.850 > [952641][V][LoraMesher.cpp:379] receivingRoutine(): [LoRaMesher] Free heap: 336460
17:10:14.857 > [952648][I][PacketService.cpp:12] createEmptyPacket(): [LoRaMesher] Packet created with 17 bytes
17:10:14.866 > [952657][I][LoraMesher.cpp:392] receivingRoutine(): [LoRaMesher] Receiving LoRa packet: Size: 17 bytes RSSI: -31 SNR: 13
17:10:14.877 > [952668][V][LoraMesher.cpp:647] processPackets(): [LoRaMesher] Size of Received Packets Queue: 1
17:10:14.886 > [952677][V][LoraMesher.cpp:754] printHeaderPacket(): [LoRaMesher] Packet received -- Size: 17 Src: B3F0 Dst: D110 Id: 55 Type: 2 Via: D110 Seq_Id: 0 Num: 0
17:10:14.900 > [952691][I][LoraMesher.cpp:854] processDataPacket(): [LoRaMesher] Data packet from B3F0, destination D110, via D110
17:10:14.910 > [952701][V][LoraMesher.cpp:878] processDataPacket(): [LoRaMesher] Packet not for me, deleting it
17:10:14.919 > [952710][I][PacketQueueService.h:80] deleteQueuePacketAndPacket(): [LoRaMesher] Deleting packet
17:10:14.927 > [952718][I][PacketQueueService.h:83] deleteQueuePacketAndPacket(): [LoRaMesher] Deleting packet queue
17:10:14.936 > [952727][V][LoraMesher.cpp:641] processPackets(): [LoRaMesher] Stack space unused after entering the task: 2072
17:10:14.946 > [952737][V][LoraMesher.cpp:642] processPackets(): [LoRaMesher] Free heap: 336460
17:10:28.155 > [965947][V][LoraMesher.cpp:378] receivingRoutine(): [LoRaMesher] Stack space unused after entering the task: 2040
17:10:28.166 > [965957][V][LoraMesher.cpp:379] receivingRoutine(): [LoRaMesher] Free heap: 336460
17:10:28.174 > [965965][I][PacketService.cpp:12] createEmptyPacket(): [LoRaMesher] Packet created with 17 bytes
17:10:28.182 > [965974][I][LoraMesher.cpp:392] receivingRoutine(): [LoRaMesher] Receiving LoRa packet: Size: 17 bytes RSSI: -74 SNR: 6
17:10:28.194 > [965985][V][LoraMesher.cpp:647] processPackets(): [LoRaMesher] Size of Received Packets Queue: 1
17:10:28.202 > [965993][V][LoraMesher.cpp:754] printHeaderPacket(): [LoRaMesher] Packet received -- Size: 17 Src: C998 Dst: D110 Id: 41 Type: 2 Via: D110 Seq_Id: 0 Num: 0
17:10:28.216 > [966007][I][LoraMesher.cpp:854] processDataPacket(): [LoRaMesher] Data packet from C998, destination D110, via D110
17:10:28.226 > [966017][V][LoraMesher.cpp:878] processDataPacket(): [LoRaMesher] Packet not for me, deleting it
17:10:28.235 > [966026][I][PacketQueueService.h:80] deleteQueuePacketAndPacket(): [LoRaMesher] Deleting packet
17:10:28.243 > [966034][I][PacketQueueService.h:83] deleteQueuePacketAndPacket(): [LoRaMesher] Deleting packet queue
17:10:28.252 > [966043][V][LoraMesher.cpp:641] processPackets(): [LoRaMesher] Stack space unused after entering the task: 2072
17:10:28.262 > [966053][V][LoraMesher.cpp:642] processPackets(): [LoRaMesher] Free heap: 336460
17:10:30.619 > [968411][V][LoraMesher.cpp:598] sendHelloPacket(): [LoRaMesher] Creating Routing Packet
17:10:30.628 > [968419][V][LoraMesher.cpp:599] sendHelloPacket(): [LoRaMesher] Stack space unused after entering the task: 2332
17:10:30.638 > [968429][V][LoraMesher.cpp:600] sendHelloPacket(): [LoRaMesher] Free heap: 336460
17:10:30.645 > [968436][V][PacketFactory.h:45] createPacket(): [LoRaMesher] Creating packet with 24 bytes
17:10:30.653 > [968444][I][PacketFactory.h:74] createPacket(): [LoRaMesher] Packet created with 24 bytes
17:10:30.661 > [968452][I][LoraMesher.h:659] setPackedForSend(): [LoRaMesher] Adding packet to Q_SP
17:10:30.668 > [968460][I][LoraMesher.h:661] setPackedForSend(): [LoRaMesher] Created packet to Q_SP
17:10:30.676 > [968467][I][LoraMesher.cpp:1061] addToSendOrderedAndNotify(): [LoRaMesher] Added packet to Q_SP, notifying sender task
17:10:30.687 > [968478][V][LoraMesher.cpp:511] sendPackets(): [LoRaMesher] Stack space unused after entering the task: 1904
17:10:30.696 > [968488][V][LoraMesher.cpp:512] sendPackets(): [LoRaMesher] Free heap: 336360
17:10:30.703 > [968494][V][LoraMesher.cpp:518] sendPackets(): [LoRaMesher] Size of Send Packets Queue: 1
17:10:30.711 > [968502][V][LoraMesher.cpp:525] sendPackets(): [LoRaMesher] Send n. 56
17:10:30.718 > [968509][V][LoraMesher.cpp:455] waitBeforeSend(): [LoRaMesher] RandomDelay 277 ms
17:10:31.002 > [968794][V][LoraMesher.cpp:754] printHeaderPacket(): [LoRaMesher] Packet send -- Size: 24 Src: F02C Dst: FFFF Id: 56 Type: 4 Via: 0 Seq_Id: 0 Num: 0
17:10:31.106 > [968898][V][LoraMesher.cpp:575] sendPackets(): [LoRaMesher] TimeOnAir 78 ms, next message in 0 ms
17:10:31.115 > [968906][I][PacketQueueService.h:80] deleteQueuePacketAndPacket(): [LoRaMesher] Deleting packet
17:10:31.124 > [968915][I][PacketQueueService.h:83] deleteQueuePacketAndPacket(): [LoRaMesher] Deleting packet queue
17:10:32.324 > [970116][V][LoraMesher.cpp:378] receivingRoutine(): [LoRaMesher] Stack space unused after entering the task: 2040
17:10:32.335 > [970126][V][LoraMesher.cpp:379] receivingRoutine(): [LoRaMesher] Free heap: 336460
17:10:32.342 > [970134][I][PacketService.cpp:12] createEmptyPacket(): [LoRaMesher] Packet created with 24 bytes
17:10:32.351 > [970142][I][LoraMesher.cpp:392] receivingRoutine(): [LoRaMesher] Receiving LoRa packet: Size: 24 bytes RSSI: -27 SNR: 2
17:10:32.363 > [970154][V][LoraMesher.cpp:647] processPackets(): [LoRaMesher] Size of Received Packets Queue: 1
17:10:32.371 > [970162][V][LoraMesher.cpp:754] printHeaderPacket(): [LoRaMesher] Packet received -- Size: 24 Src: DE6C Dst: FFFF Id: 56 Type: 4 Via: 0 Seq_Id: 0 Num: 0
17:10:32.384 > [970176][I][RoutingTableService.cpp:77] processRoute(): [LoRaMesher] Route packet from DE6C with size 4
17:10:32.394 > [970185][I][RoutingTableService.cpp:99] resetReceiveSNRRoutePacket(): [LoRaMesher] Reset Receive SNR from DE6C: 2
17:10:32.404 > [970195][I][RoutingTableService.cpp:192] printRoutingTable(): [LoRaMesher] Current routing table:
17:10:32.412 > [970204][I][RoutingTableService.cpp:206] printRoutingTable(): [LoRaMesher] 0 - D110 via D110 metric 1 Role 1
17:10:32.422 > [970213][I][RoutingTableService.cpp:206] printRoutingTable(): [LoRaMesher] 1 - B3F0 via B3F0 metric 1 Role 0
17:10:32.432 > [970223][I][RoutingTableService.cpp:206] printRoutingTable(): [LoRaMesher] 2 - DE6C via DE6C metric 1 Role 0
17:10:32.441 > [970233][I][RoutingTableService.cpp:206] printRoutingTable(): [LoRaMesher] 3 - C998 via C998 metric 1 Role 0
17:10:32.451 > [970242][I][PacketQueueService.h:80] deleteQueuePacketAndPacket(): [LoRaMesher] Deleting packet
17:10:32.459 > [970251][I][PacketQueueService.h:83] deleteQueuePacketAndPacket(): [LoRaMesher] Deleting packet queue
17:10:32.469 > [970260][V][LoraMesher.cpp:641] processPackets(): [LoRaMesher] Stack space unused after entering the task: 2072
17:10:32.478 > [970270][V][LoraMesher.cpp:642] processPackets(): [LoRaMesher] Free heap: 336460
17:10:32.572 > Send packet 48
17:10:32.574 > Sending packet to D110
17:10:32.577 > [970365][V][LoraMesher.h:250] createPacketAndSend(): [LoRaMesher] Creating a packet for send with 8 bytes
17:10:32.586 > [970377][V][PacketFactory.h:45] createPacket(): [LoRaMesher] Creating packet with 17 bytes
17:10:32.594 > [970385][I][PacketFactory.h:74] createPacket(): [LoRaMesher] Packet created with 17 bytes
17:10:32.602 > [970393][I][LoraMesher.h:659] setPackedForSend(): [LoRaMesher] Adding packet to Q_SP
17:10:32.609 > [970401][I][LoraMesher.h:661] setPackedForSend(): [LoRaMesher] Created packet to Q_SP
17:10:32.617 > [970408][I][LoraMesher.cpp:1061] addToSendOrderedAndNotify(): [LoRaMesher] Added packet to Q_SP, notifying sender task
17:10:32.628 > [970419][V][LoraMesher.cpp:511] sendPackets(): [LoRaMesher] Stack space unused after entering the task: 1904
17:10:32.637 > [970428][V][LoraMesher.cpp:512] sendPackets(): [LoRaMesher] Free heap: 336364
17:10:32.644 > [970435][V][LoraMesher.cpp:518] sendPackets(): [LoRaMesher] Size of Send Packets Queue: 1
17:10:32.652 > [970443][V][LoraMesher.cpp:525] sendPackets(): [LoRaMesher] Send n. 57
17:10:32.658 > [970450][V][LoraMesher.cpp:455] waitBeforeSend(): [LoRaMesher] RandomDelay 417 ms
17:10:33.083 > [970875][V][LoraMesher.cpp:754] printHeaderPacket(): [LoRaMesher] Packet send -- Size: 17 Src: F02C Dst: D110 Id: 57 Type: 2 Via: D110 Seq_Id: 0 Num: 0
17:10:33.173 > [970965][V][LoraMesher.cpp:575] sendPackets(): [LoRaMesher] TimeOnAir 63 ms, next message in 0 ms
17:10:33.182 > [970973][I][PacketQueueService.h:80] deleteQueuePacketAndPacket(): [LoRaMesher] Deleting packet
17:10:33.191 > [970982][I][PacketQueueService.h:83] deleteQueuePacketAndPacket(): [LoRaMesher] Deleting packet queue
17:10:34.984 > [972776][V][LoraMesher.cpp:378] receivingRoutine(): [LoRaMesher] Stack space unused after entering the task: 2040
17:10:34.995 > [972786][V][LoraMesher.cpp:379] receivingRoutine(): [LoRaMesher] Free heap: 336460
17:10:35.002 > [972794][I][PacketService.cpp:12] createEmptyPacket(): [LoRaMesher] Packet created with 17 bytes
17:10:35.011 > [972802][I][LoraMesher.cpp:392] receivingRoutine(): [LoRaMesher] Receiving LoRa packet: Size: 17 bytes RSSI: -28 SNR: 12
17:10:35.022 > [972814][V][LoraMesher.cpp:647] processPackets(): [LoRaMesher] Size of Received Packets Queue: 1
17:10:35.031 > [972822][V][LoraMesher.cpp:754] printHeaderPacket(): [LoRaMesher] Packet received -- Size: 17 Src: DE6C Dst: D110 Id: 57 Type: 2 Via: D110 Seq_Id: 0 Num: 0
17:10:35.045 > [972836][I][LoraMesher.cpp:854] processDataPacket(): [LoRaMesher] Data packet from DE6C, destination D110, via D110
17:10:35.055 > [972846][V][LoraMesher.cpp:878] processDataPacket(): [LoRaMesher] Packet not for me, deleting it
17:10:35.063 > [972855][I][PacketQueueService.h:80] deleteQueuePacketAndPacket(): [LoRaMesher] Deleting packet
17:10:35.072 > [972863][I][PacketQueueService.h:83] deleteQueuePacketAndPacket(): [LoRaMesher] Deleting packet queue
17:10:35.081 > [972872][V][LoraMesher.cpp:641] processPackets(): [LoRaMesher] Stack space unused after entering the task: 2072
17:10:35.091 > [972882][V][LoraMesher.cpp:642] processPackets(): [LoRaMesher] Free heap: 336460
17:10:36.206 > [973998][V][LoraMesher.cpp:378] receivingRoutine(): [LoRaMesher] Stack space unused after entering the task: 2040
17:10:36.216 > [974008][V][LoraMesher.cpp:379] receivingRoutine(): [LoRaMesher] Free heap: 336460
17:10:36.224 > [974015][I][PacketService.cpp:12] createEmptyPacket(): [LoRaMesher] Packet created with 17 bytes
17:10:36.233 > [974024][I][LoraMesher.cpp:392] receivingRoutine(): [LoRaMesher] Receiving LoRa packet: Size: 17 bytes RSSI: -31 SNR: 12
17:10:36.244 > [974035][V][LoraMesher.cpp:647] processPackets(): [LoRaMesher] Size of Received Packets Queue: 1
17:10:36.253 > [974044][V][LoraMesher.cpp:754] printHeaderPacket(): [LoRaMesher] Packet received -- Size: 17 Src: B3F0 Dst: D110 Id: 57 Type: 2 Via: D110 Seq_Id: 0 Num: 0
17:10:36.266 > [974058][I][LoraMesher.cpp:854] processDataPacket(): [LoRaMesher] Data packet from B3F0, destination D110, via D110
17:10:36.277 > [974068][V][LoraMesher.cpp:878] processDataPacket(): [LoRaMesher] Packet not for me, deleting it
17:10:36.285 > [974077][I][PacketQueueService.h:80] deleteQueuePacketAndPacket(): [LoRaMesher] Deleting packet
17:10:36.294 > [974085][I][PacketQueueService.h:83] deleteQueuePacketAndPacket(): [LoRaMesher] Deleting packet queue
17:10:36.303 > [974094][V][LoraMesher.cpp:641] processPackets(): [LoRaMesher] Stack space unused after entering the task: 2072
17:10:36.313 > [974104][V][LoraMesher.cpp:642] processPackets(): [LoRaMesher] Free heap: 336460
17:10:46.768 > [984559][V][LoraMesher.cpp:378] receivingRoutine(): [LoRaMesher] Stack space unused after entering the task: 2040
17:10:46.779 > [984569][V][LoraMesher.cpp:379] receivingRoutine(): [LoRaMesher] Free heap: 336460
17:10:46.785 > [984577][I][PacketService.cpp:12] createEmptyPacket(): [LoRaMesher] Packet created with 24 bytes
17:10:46.794 > [984586][I][LoraMesher.cpp:392] receivingRoutine(): [LoRaMesher] Receiving LoRa packet: Size: 24 bytes RSSI: -74 SNR: 5
17:10:46.805 > [984597][V][LoraMesher.cpp:647] processPackets(): [LoRaMesher] Size of Received Packets Queue: 1
17:10:46.814 > [984606][V][LoraMesher.cpp:754] printHeaderPacket(): [LoRaMesher] Packet received -- Size: 24 Src: C998 Dst: FFFF Id: 42 Type: 4 Via: 0 Seq_Id: 0 Num: 0
17:10:46.828 > [984619][I][RoutingTableService.cpp:77] processRoute(): [LoRaMesher] Route packet from C998 with size 4
17:10:46.837 > [984628][I][RoutingTableService.cpp:99] resetReceiveSNRRoutePacket(): [LoRaMesher] Reset Receive SNR from C998: 5
17:10:46.847 > [984638][I][RoutingTableService.cpp:192] printRoutingTable(): [LoRaMesher] Current routing table:
17:10:46.856 > [984647][I][RoutingTableService.cpp:206] printRoutingTable(): [LoRaMesher] 0 - D110 via D110 metric 1 Role 1
17:10:46.865 > [984657][I][RoutingTableService.cpp:206] printRoutingTable(): [LoRaMesher] 1 - B3F0 via B3F0 metric 1 Role 0
17:10:46.875 > [984666][I][RoutingTableService.cpp:206] printRoutingTable(): [LoRaMesher] 2 - DE6C via DE6C metric 1 Role 0
17:10:46.885 > [984676][I][RoutingTableService.cpp:206] printRoutingTable(): [LoRaMesher] 3 - C998 via C998 metric 1 Role 0
17:10:46.894 > [984686][I][PacketQueueService.h:80] deleteQueuePacketAndPacket(): [LoRaMesher] Deleting packet
17:10:46.903 > [984694][I][PacketQueueService.h:83] deleteQueuePacketAndPacket(): [LoRaMesher] Deleting packet queue
17:10:46.912 > [984703][V][LoraMesher.cpp:641] processPackets(): [LoRaMesher] Stack space unused after entering the task: 2072
17:10:46.921 > [984713][V][LoraMesher.cpp:642] processPackets(): [LoRaMesher] Free heap: 336460
17:10:48.421 > [986213][V][LoraMesher.cpp:378] receivingRoutine(): [LoRaMesher] Stack space unused after entering the task: 2040
17:10:48.432 > [986223][V][LoraMesher.cpp:379] receivingRoutine(): [LoRaMesher] Free heap: 336460
17:10:48.439 > [986231][I][PacketService.cpp:12] createEmptyPacket(): [LoRaMesher] Packet created with 17 bytes
17:10:48.448 > [986240][I][LoraMesher.cpp:392] receivingRoutine(): [LoRaMesher] Receiving LoRa packet: Size: 17 bytes RSSI: -74 SNR: 5
17:10:48.460 > [986251][V][LoraMesher.cpp:647] processPackets(): [LoRaMesher] Size of Received Packets Queue: 1
17:10:48.469 > [986259][V][LoraMesher.cpp:754] printHeaderPacket(): [LoRaMesher] Packet received -- Size: 17 Src: C998 Dst: D110 Id: 43 Type: 2 Via: D110 Seq_Id: 0 Num: 0
17:10:48.482 > [986273][I][LoraMesher.cpp:854] processDataPacket(): [LoRaMesher] Data packet from C998, destination D110, via D110
17:10:48.492 > [986283][V][LoraMesher.cpp:878] processDataPacket(): [LoRaMesher] Packet not for me, deleting it
17:10:48.500 > [986292][I][PacketQueueService.h:80] deleteQueuePacketAndPacket(): [LoRaMesher] Deleting packet
17:10:48.509 > [986301][I][PacketQueueService.h:83] deleteQueuePacketAndPacket(): [LoRaMesher] Deleting packet queue
17:10:48.518 > [986310][V][LoraMesher.cpp:641] processPackets(): [LoRaMesher] Stack space unused after entering the task: 2072
17:10:48.528 > [986319][V][LoraMesher.cpp:642] processPackets(): [LoRaMesher] Free heap: 336460
17:10:48.915 > [986707][V][LoraMesher.cpp:378] receivingRoutine(): [LoRaMesher] Stack space unused after entering the task: 2040
17:10:48.926 > [986717][V][LoraMesher.cpp:379] receivingRoutine(): [LoRaMesher] Free heap: 336460
17:10:48.933 > [986725][I][PacketService.cpp:12] createEmptyPacket(): [LoRaMesher] Packet created with 24 bytes
17:10:48.942 > [986734][I][LoraMesher.cpp:392] receivingRoutine(): [LoRaMesher] Receiving LoRa packet: Size: 24 bytes RSSI: -26 SNR: 13
17:10:48.953 > [986745][V][LoraMesher.cpp:647] processPackets(): [LoRaMesher] Size of Received Packets Queue: 1
17:10:48.962 > [986754][V][LoraMesher.cpp:754] printHeaderPacket(): [LoRaMesher] Packet received -- Size: 24 Src: D110 Dst: FFFF Id: 9 Type: 4 Via: 0 Seq_Id: 0 Num: 0
17:10:48.976 > [986767][I][RoutingTableService.cpp:77] processRoute(): [LoRaMesher] Route packet from D110 with size 4
17:10:48.985 > [986776][I][RoutingTableService.cpp:99] resetReceiveSNRRoutePacket(): [LoRaMesher] Reset Receive SNR from D110: 13
17:10:48.995 > [986786][I][RoutingTableService.cpp:192] printRoutingTable(): [LoRaMesher] Current routing table:
17:10:49.004 > [986795][I][RoutingTableService.cpp:206] printRoutingTable(): [LoRaMesher] 0 - D110 via D110 metric 1 Role 1
17:10:49.013 > [986805][I][RoutingTableService.cpp:206] printRoutingTable(): [LoRaMesher] 1 - B3F0 via B3F0 metric 1 Role 0
17:10:49.023 > [986814][I][RoutingTableService.cpp:206] printRoutingTable(): [LoRaMesher] 2 - DE6C via DE6C metric 1 Role 0
17:10:49.033 > [986824][I][RoutingTableService.cpp:206] printRoutingTable(): [LoRaMesher] 3 - C998 via C998 metric 1 Role 0
17:10:49.042 > [986834][I][PacketQueueService.h:80] deleteQueuePacketAndPacket(): [LoRaMesher] Deleting packet
17:10:49.051 > [986842][I][PacketQueueService.h:83] deleteQueuePacketAndPacket(): [LoRaMesher] Deleting packet queue
17:10:49.060 > [986851][V][LoraMesher.cpp:641] processPackets(): [LoRaMesher] Stack space unused after entering the task: 2072
17:10:49.070 > [986861][V][LoraMesher.cpp:642] processPackets(): [LoRaMesher] Free heap: 336460
17:10:52.665 > Send packet 49
17:10:52.667 > Sending packet to D110
17:10:52.669 > [990458][V][LoraMesher.h:250] createPacketAndSend(): [LoRaMesher] Creating a packet for send with 8 bytes
17:10:52.679 > [990470][V][PacketFactory.h:45] createPacket(): [LoRaMesher] Creating packet with 17 bytes
17:10:52.687 > [990478][I][PacketFactory.h:74] createPacket(): [LoRaMesher] Packet created with 17 bytes
17:10:52.695 > [990486][I][LoraMesher.h:659] setPackedForSend(): [LoRaMesher] Adding packet to Q_SP
17:10:52.702 > [990494][I][LoraMesher.h:661] setPackedForSend(): [LoRaMesher] Created packet to Q_SP
17:10:52.710 > [990501][I][LoraMesher.cpp:1061] addToSendOrderedAndNotify(): [LoRaMesher] Added packet to Q_SP, notifying sender task
17:10:52.720 > [990512][V][LoraMesher.cpp:511] sendPackets(): [LoRaMesher] Stack space unused after entering the task: 1904
17:10:52.730 > [990521][V][LoraMesher.cpp:512] sendPackets(): [LoRaMesher] Free heap: 336364
17:10:52.737 > [990528][V][LoraMesher.cpp:518] sendPackets(): [LoRaMesher] Size of Send Packets Queue: 1
17:10:52.745 > [990536][V][LoraMesher.cpp:525] sendPackets(): [LoRaMesher] Send n. 58
17:10:52.751 > [990543][V][LoraMesher.cpp:455] waitBeforeSend(): [LoRaMesher] RandomDelay 903 ms
17:10:53.210 > [991002][V][LoraMesher.cpp:378] receivingRoutine(): [LoRaMesher] Stack space unused after entering the task: 2040
17:10:53.221 > [991013][V][LoraMesher.cpp:379] receivingRoutine(): [LoRaMesher] Free heap: 336392
17:10:53.229 > [991020][I][PacketService.cpp:12] createEmptyPacket(): [LoRaMesher] Packet created with 17 bytes
17:10:53.237 > [991029][I][LoraMesher.cpp:392] receivingRoutine(): [LoRaMesher] Receiving LoRa packet: Size: 17 bytes RSSI: -23 SNR: 13
17:10:53.249 > [991040][V][LoraMesher.cpp:647] processPackets(): [LoRaMesher] Size of Received Packets Queue: 1
17:10:53.257 > [991049][V][LoraMesher.cpp:754] printHeaderPacket(): [LoRaMesher] Packet received -- Size: 17 Src: DE6C Dst: D110 Id: 58 Type: 2 Via: D110 Seq_Id: 0 Num: 0
17:10:53.271 > [991063][I][LoraMesher.cpp:854] processDataPacket(): [LoRaMesher] Data packet from DE6C, destination D110, via D110
17:10:53.281 > [991073][V][LoraMesher.cpp:878] processDataPacket(): [LoRaMesher] Packet not for me, deleting it
17:10:53.290 > [991081][I][PacketQueueService.h:80] deleteQueuePacketAndPacket(): [LoRaMesher] Deleting packet
17:10:53.298 > [991090][I][PacketQueueService.h:83] deleteQueuePacketAndPacket(): [LoRaMesher] Deleting packet queue
17:10:53.308 > [991099][V][LoraMesher.cpp:641] processPackets(): [LoRaMesher] Stack space unused after entering the task: 2072
17:10:53.317 > [991109][V][LoraMesher.cpp:642] processPackets(): [LoRaMesher] Free heap: 336392
17:10:53.667 > [991459][V][LoraMesher.cpp:462] waitBeforeSend(): [LoRaMesher] Preamble detected while waiting 1
17:10:53.676 > [991468][V][LoraMesher.cpp:455] waitBeforeSend(): [LoRaMesher] RandomDelay 992 ms
17:10:54.676 > [992467][V][LoraMesher.cpp:754] printHeaderPacket(): [LoRaMesher] Packet send -- Size: 17 Src: F02C Dst: D110 Id: 58 Type: 2 Via: D110 Seq_Id: 0 Num: 0
17:10:54.765 > [992557][V][LoraMesher.cpp:575] sendPackets(): [LoRaMesher] TimeOnAir 63 ms, next message in 0 ms
17:10:54.775 > [992566][I][PacketQueueService.h:80] deleteQueuePacketAndPacket(): [LoRaMesher] Deleting packet
17:10:54.783 > [992575][I][PacketQueueService.h:83] deleteQueuePacketAndPacket(): [LoRaMesher] Deleting packet queue
17:10:56.114 > [993907][V][LoraMesher.cpp:378] receivingRoutine(): [LoRaMesher] Stack space unused after entering the task: 2040
17:10:56.125 > [993917][V][LoraMesher.cpp:379] receivingRoutine(): [LoRaMesher] Free heap: 336460
17:10:56.133 > [993924][I][PacketService.cpp:12] createEmptyPacket(): [LoRaMesher] Packet created with 17 bytes
17:10:56.141 > [993933][I][LoraMesher.cpp:392] receivingRoutine(): [LoRaMesher] Receiving LoRa packet: Size: 17 bytes RSSI: -25 SNR: 13
17:10:56.153 > [993944][V][LoraMesher.cpp:647] processPackets(): [LoRaMesher] Size of Received Packets Queue: 1
17:10:56.161 > [993953][V][LoraMesher.cpp:754] printHeaderPacket(): [LoRaMesher] Packet received -- Size: 17 Src: B3F0 Dst: D110 Id: 58 Type: 2 Via: D110 Seq_Id: 0 Num: 0
17:10:56.175 > [993967][I][LoraMesher.cpp:854] processDataPacket(): [LoRaMesher] Data packet from B3F0, destination D110, via D110
17:10:56.185 > [993977][V][LoraMesher.cpp:878] processDataPacket(): [LoRaMesher] Packet not for me, deleting it
17:10:56.194 > [993985][I][PacketQueueService.h:80] deleteQueuePacketAndPacket(): [LoRaMesher] Deleting packet
17:10:56.202 > [993994][I][PacketQueueService.h:83] deleteQueuePacketAndPacket(): [LoRaMesher] Deleting packet queue
17:10:56.211 > [994003][V][LoraMesher.cpp:641] processPackets(): [LoRaMesher] Stack space unused after entering the task: 2072
17:10:56.221 > [994013][V][LoraMesher.cpp:642] processPackets(): [LoRaMesher] Free heap: 336460
17:11:07.893 > [1005685][V][LoraMesher.cpp:378] receivingRoutine(): [LoRaMesher] Stack space unused after entering the task: 2040
17:11:07.904 > [1005696][V][LoraMesher.cpp:379] receivingRoutine(): [LoRaMesher] Free heap: 336460
17:11:07.911 > [1005703][I][PacketService.cpp:12] createEmptyPacket(): [LoRaMesher] Packet created with 17 bytes
17:11:07.920 > [1005712][I][LoraMesher.cpp:392] receivingRoutine(): [LoRaMesher] Receiving LoRa packet: Size: 17 bytes RSSI: -74 SNR: 5
17:11:07.931 > [1005723][V][LoraMesher.cpp:647] processPackets(): [LoRaMesher] Size of Received Packets Queue: 1
17:11:07.940 > [1005732][V][LoraMesher.cpp:754] printHeaderPacket(): [LoRaMesher] Packet received -- Size: 17 Src: C998 Dst: D110 Id: 44 Type: 2 Via: D110 Seq_Id: 0 Num: 0
17:11:07.954 > [1005746][I][LoraMesher.cpp:854] processDataPacket(): [LoRaMesher] Data packet from C998, destination D110, via D110
17:11:07.964 > [1005756][V][LoraMesher.cpp:878] processDataPacket(): [LoRaMesher] Packet not for me, deleting it
17:11:07.973 > [1005765][I][PacketQueueService.h:80] deleteQueuePacketAndPacket(): [LoRaMesher] Deleting packet
17:11:07.981 > [1005773][I][PacketQueueService.h:83] deleteQueuePacketAndPacket(): [LoRaMesher] Deleting packet queue
17:11:07.991 > [1005782][V][LoraMesher.cpp:641] processPackets(): [LoRaMesher] Stack space unused after entering the task: 2072
17:11:08.001 > [1005793][V][LoraMesher.cpp:642] processPackets(): [LoRaMesher] Free heap: 336460
17:11:12.758 > Send packet 50
17:11:12.760 > Sending packet to D110
17:11:12.762 > [1010551][V][LoraMesher.h:250] createPacketAndSend(): [LoRaMesher] Creating a packet for send with 8 bytes
17:11:12.771 > [1010563][V][PacketFactory.h:45] createPacket(): [LoRaMesher] Creating packet with 17 bytes
17:11:12.779 > [1010571][I][PacketFactory.h:74] createPacket(): [LoRaMesher] Packet created with 17 bytes
17:11:12.787 > [1010579][I][LoraMesher.h:659] setPackedForSend(): [LoRaMesher] Adding packet to Q_SP
17:11:12.795 > [1010587][I][LoraMesher.h:661] setPackedForSend(): [LoRaMesher] Created packet to Q_SP
17:11:12.803 > [1010595][I][LoraMesher.cpp:1061] addToSendOrderedAndNotify(): [LoRaMesher] Added packet to Q_SP, notifying sender task
17:11:12.813 > [1010605][V][LoraMesher.cpp:511] sendPackets(): [LoRaMesher] Stack space unused after entering the task: 1904
17:11:12.823 > [1010615][V][LoraMesher.cpp:512] sendPackets(): [LoRaMesher] Free heap: 336364
17:11:12.830 > [1010622][V][LoraMesher.cpp:518] sendPackets(): [LoRaMesher] Size of Send Packets Queue: 1
17:11:12.838 > [1010630][V][LoraMesher.cpp:525] sendPackets(): [LoRaMesher] Send n. 59
17:11:12.845 > [1010637][V][LoraMesher.cpp:455] waitBeforeSend(): [LoRaMesher] RandomDelay 548 ms
17:11:13.400 > [1011193][V][LoraMesher.cpp:754] printHeaderPacket(): [LoRaMesher] Packet send -- Size: 17 Src: F02C Dst: D110 Id: 59 Type: 2 Via: D110 Seq_Id: 0 Num: 0
17:11:13.490 > [1011283][V][LoraMesher.cpp:575] sendPackets(): [LoRaMesher] TimeOnAir 63 ms, next message in 0 ms
17:11:13.499 > [1011291][I][PacketQueueService.h:80] deleteQueuePacketAndPacket(): [LoRaMesher] Deleting packet
17:11:13.508 > [1011300][I][PacketQueueService.h:83] deleteQueuePacketAndPacket(): [LoRaMesher] Deleting packet queue
17:11:14.395 > [1012187][V][LoraMesher.cpp:378] receivingRoutine(): [LoRaMesher] Stack space unused after entering the task: 2040
17:11:14.405 > [1012197][V][LoraMesher.cpp:379] receivingRoutine(): [LoRaMesher] Free heap: 336460
17:11:14.413 > [1012205][I][PacketService.cpp:12] createEmptyPacket(): [LoRaMesher] Packet created with 17 bytes
17:11:14.422 > [1012214][I][LoraMesher.cpp:392] receivingRoutine(): [LoRaMesher] Receiving LoRa packet: Size: 17 bytes RSSI: -13 SNR: 13
17:11:14.433 > [1012225][V][LoraMesher.cpp:647] processPackets(): [LoRaMesher] Size of Received Packets Queue: 1
17:11:14.442 > [1012234][V][LoraMesher.cpp:754] printHeaderPacket(): [LoRaMesher] Packet received -- Size: 17 Src: DE6C Dst: D110 Id: 59 Type: 2 Via: D110 Seq_Id: 0 Num: 0
17:11:14.456 > [1012248][I][LoraMesher.cpp:854] processDataPacket(): [LoRaMesher] Data packet from DE6C, destination D110, via D110
17:11:14.466 > [1012258][V][LoraMesher.cpp:878] processDataPacket(): [LoRaMesher] Packet not for me, deleting it
17:11:14.475 > [1012267][I][PacketQueueService.h:80] deleteQueuePacketAndPacket(): [LoRaMesher] Deleting packet
17:11:14.483 > [1012275][I][PacketQueueService.h:83] deleteQueuePacketAndPacket(): [LoRaMesher] Deleting packet queue
17:11:14.492 > [1012284][V][LoraMesher.cpp:641] processPackets(): [LoRaMesher] Stack space unused after entering the task: 2072
17:11:14.502 > [1012294][V][LoraMesher.cpp:642] processPackets(): [LoRaMesher] Free heap: 336460
17:11:15.058 > [1012851][V][LoraMesher.cpp:378] receivingRoutine(): [LoRaMesher] Stack space unused after entering the task: 2040
17:11:15.069 > [1012861][V][LoraMesher.cpp:379] receivingRoutine(): [LoRaMesher] Free heap: 336460
17:11:15.076 > [1012868][I][PacketService.cpp:12] createEmptyPacket(): [LoRaMesher] Packet created with 17 bytes
17:11:15.085 > [1012877][I][LoraMesher.cpp:392] receivingRoutine(): [LoRaMesher] Receiving LoRa packet: Size: 17 bytes RSSI: -25 SNR: 13
17:11:15.097 > [1012889][V][LoraMesher.cpp:647] processPackets(): [LoRaMesher] Size of Received Packets Queue: 1
17:11:15.105 > [1012897][V][LoraMesher.cpp:754] printHeaderPacket(): [LoRaMesher] Packet received -- Size: 17 Src: B3F0 Dst: D110 Id: 59 Type: 2 Via: D110 Seq_Id: 0 Num: 0
17:11:15.120 > [1012911][I][LoraMesher.cpp:854] processDataPacket(): [LoRaMesher] Data packet from B3F0, destination D110, via D110
17:11:15.130 > [1012922][V][LoraMesher.cpp:878] processDataPacket(): [LoRaMesher] Packet not for me, deleting it
17:11:15.138 > [1012930][I][PacketQueueService.h:80] deleteQueuePacketAndPacket(): [LoRaMesher] Deleting packet
17:11:15.147 > [1012939][I][PacketQueueService.h:83] deleteQueuePacketAndPacket(): [LoRaMesher] Deleting packet queue
17:11:15.156 > [1012948][V][LoraMesher.cpp:641] processPackets(): [LoRaMesher] Stack space unused after entering the task: 2072
17:11:15.166 > [1012958][V][LoraMesher.cpp:642] processPackets(): [LoRaMesher] Free heap: 336460
17:11:27.986 > [1025778][V][LoraMesher.cpp:378] receivingRoutine(): [LoRaMesher] Stack space unused after entering the task: 2040
17:11:27.996 > [1025789][V][LoraMesher.cpp:379] receivingRoutine(): [LoRaMesher] Free heap: 336460
17:11:28.004 > [1025796][I][PacketService.cpp:12] createEmptyPacket(): [LoRaMesher] Packet created with 17 bytes
17:11:28.013 > [1025805][I][LoraMesher.cpp:392] receivingRoutine(): [LoRaMesher] Receiving LoRa packet: Size: 17 bytes RSSI: -74 SNR: 5
17:11:28.024 > [1025816][V][LoraMesher.cpp:647] processPackets(): [LoRaMesher] Size of Received Packets Queue: 1
17:11:28.034 > [1025825][V][LoraMesher.cpp:754] printHeaderPacket(): [LoRaMesher] Packet received -- Size: 17 Src: C998 Dst: D110 Id: 45 Type: 2 Via: D110 Seq_Id: 0 Num: 0
17:11:28.047 > [1025839][I][LoraMesher.cpp:854] processDataPacket(): [LoRaMesher] Data packet from C998, destination D110, via D110
17:11:28.057 > [1025849][V][LoraMesher.cpp:878] processDataPacket(): [LoRaMesher] Packet not for me, deleting it
17:11:28.066 > [1025858][I][PacketQueueService.h:80] deleteQueuePacketAndPacket(): [LoRaMesher] Deleting packet
17:11:28.074 > [1025866][I][PacketQueueService.h:83] deleteQueuePacketAndPacket(): [LoRaMesher] Deleting packet queue
17:11:28.083 > [1025876][V][LoraMesher.cpp:641] processPackets(): [LoRaMesher] Stack space unused after entering the task: 2072
17:11:28.093 > [1025886][V][LoraMesher.cpp:642] processPackets(): [LoRaMesher] Free heap: 336460
17:11:32.852 > Send packet 51
17:11:32.853 > Sending packet to D110
17:11:32.855 > [1030645][V][LoraMesher.h:250] createPacketAndSend(): [LoRaMesher] Creating a packet for send with 8 bytes
17:11:32.865 > [1030657][V][PacketFactory.h:45] createPacket(): [LoRaMesher] Creating packet with 17 bytes
17:11:32.873 > [1030665][I][PacketFactory.h:74] createPacket(): [LoRaMesher] Packet created with 17 bytes
17:11:32.881 > [1030673][I][LoraMesher.h:659] setPackedForSend(): [LoRaMesher] Adding packet to Q_SP
17:11:32.889 > [1030681][I][LoraMesher.h:661] setPackedForSend(): [LoRaMesher] Created packet to Q_SP
17:11:32.896 > [1030689][I][LoraMesher.cpp:1061] addToSendOrderedAndNotify(): [LoRaMesher] Added packet to Q_SP, notifying sender task
17:11:32.907 > [1030699][V][LoraMesher.cpp:511] sendPackets(): [LoRaMesher] Stack space unused after entering the task: 1904
17:11:32.917 > [1030709][V][LoraMesher.cpp:512] sendPackets(): [LoRaMesher] Free heap: 336364
17:11:32.924 > [1030716][V][LoraMesher.cpp:518] sendPackets(): [LoRaMesher] Size of Send Packets Queue: 1
17:11:32.932 > [1030724][V][LoraMesher.cpp:525] sendPackets(): [LoRaMesher] Send n. 60
17:11:32.938 > [1030731][V][LoraMesher.cpp:455] waitBeforeSend(): [LoRaMesher] RandomDelay 588 ms
17:11:33.534 > [1031327][V][LoraMesher.cpp:754] printHeaderPacket(): [LoRaMesher] Packet send -- Size: 17 Src: F02C Dst: D110 Id: 60 Type: 2 Via: D110 Seq_Id: 0 Num: 0
17:11:33.624 > [1031417][V][LoraMesher.cpp:575] sendPackets(): [LoRaMesher] TimeOnAir 63 ms, next message in 0 ms
17:11:33.633 > [1031426][I][PacketQueueService.h:80] deleteQueuePacketAndPacket(): [LoRaMesher] Deleting packet
17:11:33.642 > [1031434][I][PacketQueueService.h:83] deleteQueuePacketAndPacket(): [LoRaMesher] Deleting packet queue
17:11:34.356 > [1032149][V][LoraMesher.cpp:378] receivingRoutine(): [LoRaMesher] Stack space unused after entering the task: 2040
17:11:34.366 > [1032159][V][LoraMesher.cpp:379] receivingRoutine(): [LoRaMesher] Free heap: 336460
17:11:34.374 > [1032166][I][PacketService.cpp:12] createEmptyPacket(): [LoRaMesher] Packet created with 17 bytes
17:11:34.383 > [1032175][I][LoraMesher.cpp:392] receivingRoutine(): [LoRaMesher] Receiving LoRa packet: Size: 17 bytes RSSI: -14 SNR: 13
17:11:34.394 > [1032187][V][LoraMesher.cpp:647] processPackets(): [LoRaMesher] Size of Received Packets Queue: 1
17:11:34.403 > [1032195][V][LoraMesher.cpp:754] printHeaderPacket(): [LoRaMesher] Packet received -- Size: 17 Src: DE6C Dst: D110 Id: 60 Type: 2 Via: D110 Seq_Id: 0 Num: 0
17:11:34.417 > [1032209][I][LoraMesher.cpp:854] processDataPacket(): [LoRaMesher] Data packet from DE6C, destination D110, via D110
17:11:34.428 > [1032220][V][LoraMesher.cpp:878] processDataPacket(): [LoRaMesher] Packet not for me, deleting it
17:11:34.436 > [1032228][I][PacketQueueService.h:80] deleteQueuePacketAndPacket(): [LoRaMesher] Deleting packet
17:11:34.444 > [1032237][I][PacketQueueService.h:83] deleteQueuePacketAndPacket(): [LoRaMesher] Deleting packet queue
17:11:34.454 > [1032246][V][LoraMesher.cpp:641] processPackets(): [LoRaMesher] Stack space unused after entering the task: 2072
17:11:34.464 > [1032256][V][LoraMesher.cpp:642] processPackets(): [LoRaMesher] Free heap: 336460
17:11:36.378 > [1034171][V][LoraMesher.cpp:378] receivingRoutine(): [LoRaMesher] Stack space unused after entering the task: 2040
17:11:36.388 > [1034181][V][LoraMesher.cpp:379] receivingRoutine(): [LoRaMesher] Free heap: 336460
17:11:36.396 > [1034188][I][PacketService.cpp:12] createEmptyPacket(): [LoRaMesher] Packet created with 17 bytes
17:11:36.405 > [1034197][I][LoraMesher.cpp:392] receivingRoutine(): [LoRaMesher] Receiving LoRa packet: Size: 17 bytes RSSI: -26 SNR: 13
17:11:36.416 > [1034209][V][LoraMesher.cpp:647] processPackets(): [LoRaMesher] Size of Received Packets Queue: 1
17:11:36.425 > [1034217][V][LoraMesher.cpp:754] printHeaderPacket(): [LoRaMesher] Packet received -- Size: 17 Src: B3F0 Dst: D110 Id: 60 Type: 2 Via: D110 Seq_Id: 0 Num: 0
17:11:36.439 > [1034231][I][LoraMesher.cpp:854] processDataPacket(): [LoRaMesher] Data packet from B3F0, destination D110, via D110
17:11:36.449 > [1034241][V][LoraMesher.cpp:878] processDataPacket(): [LoRaMesher] Packet not for me, deleting it
17:11:36.458 > [1034250][I][PacketQueueService.h:80] deleteQueuePacketAndPacket(): [LoRaMesher] Deleting packet
17:11:36.466 > [1034259][I][PacketQueueService.h:83] deleteQueuePacketAndPacket(): [LoRaMesher] Deleting packet queue
17:11:36.476 > [1034268][V][LoraMesher.cpp:641] processPackets(): [LoRaMesher] Stack space unused after entering the task: 2072
17:11:36.485 > [1034278][V][LoraMesher.cpp:642] processPackets(): [LoRaMesher] Free heap: 336460
17:11:48.410 > [1046203][V][LoraMesher.cpp:378] receivingRoutine(): [LoRaMesher] Stack space unused after entering the task: 2040
17:11:48.420 > [1046213][V][LoraMesher.cpp:379] receivingRoutine(): [LoRaMesher] Free heap: 336460
17:11:48.428 > [1046220][I][PacketService.cpp:12] createEmptyPacket(): [LoRaMesher] Packet created with 17 bytes
17:11:48.437 > [1046229][I][LoraMesher.cpp:392] receivingRoutine(): [LoRaMesher] Receiving LoRa packet: Size: 17 bytes RSSI: -73 SNR: 8
17:11:48.448 > [1046240][V][LoraMesher.cpp:647] processPackets(): [LoRaMesher] Size of Received Packets Queue: 1
17:11:48.457 > [1046249][V][LoraMesher.cpp:754] printHeaderPacket(): [LoRaMesher] Packet received -- Size: 17 Src: C998 Dst: D110 Id: 46 Type: 2 Via: D110 Seq_Id: 0 Num: 0
17:11:48.470 > [1046263][I][LoraMesher.cpp:854] processDataPacket(): [LoRaMesher] Data packet from C998, destination D110, via D110
17:11:48.481 > [1046273][V][LoraMesher.cpp:878] processDataPacket(): [LoRaMesher] Packet not for me, deleting it
17:11:48.489 > [1046282][I][PacketQueueService.h:80] deleteQueuePacketAndPacket(): [LoRaMesher] Deleting packet
17:11:48.498 > [1046291][I][PacketQueueService.h:83] deleteQueuePacketAndPacket(): [LoRaMesher] Deleting packet queue
17:11:48.507 > [1046300][V][LoraMesher.cpp:641] processPackets(): [LoRaMesher] Stack space unused after entering the task: 2072
17:11:48.517 > [1046310][V][LoraMesher.cpp:642] processPackets(): [LoRaMesher] Free heap: 336460
17:11:52.945 > Send packet 52
17:11:52.947 > Sending packet to D110
17:11:52.949 > [1050739][V][LoraMesher.h:250] createPacketAndSend(): [LoRaMesher] Creating a packet for send with 8 bytes
17:11:52.958 > [1050751][V][PacketFactory.h:45] createPacket(): [LoRaMesher] Creating packet with 17 bytes
17:11:52.967 > [1050759][I][PacketFactory.h:74] createPacket(): [LoRaMesher] Packet created with 17 bytes
17:11:52.975 > [1050767][I][LoraMesher.h:659] setPackedForSend(): [LoRaMesher] Adding packet to Q_SP
17:11:52.982 > [1050775][I][LoraMesher.h:661] setPackedForSend(): [LoRaMesher] Created packet to Q_SP
17:11:52.990 > [1050783][I][LoraMesher.cpp:1061] addToSendOrderedAndNotify(): [LoRaMesher] Added packet to Q_SP, notifying sender task
17:11:53.001 > [1050793][V][LoraMesher.cpp:511] sendPackets(): [LoRaMesher] Stack space unused after entering the task: 1904
17:11:53.010 > [1050803][V][LoraMesher.cpp:512] sendPackets(): [LoRaMesher] Free heap: 336364
17:11:53.017 > [1050810][V][LoraMesher.cpp:518] sendPackets(): [LoRaMesher] Size of Send Packets Queue: 1
17:11:53.025 > [1050818][V][LoraMesher.cpp:525] sendPackets(): [LoRaMesher] Send n. 61
17:11:53.032 > [1050825][V][LoraMesher.cpp:455] waitBeforeSend(): [LoRaMesher] RandomDelay 405 ms
17:11:53.444 > [1051238][V][LoraMesher.cpp:754] printHeaderPacket(): [LoRaMesher] Packet send -- Size: 17 Src: F02C Dst: D110 Id: 61 Type: 2 Via: D110 Seq_Id: 0 Num: 0
17:11:53.534 > [1051328][V][LoraMesher.cpp:575] sendPackets(): [LoRaMesher] TimeOnAir 63 ms, next message in 0 ms
17:11:53.544 > [1051337][I][PacketQueueService.h:80] deleteQueuePacketAndPacket(): [LoRaMesher] Deleting packet
17:11:53.552 > [1051345][I][PacketQueueService.h:83] deleteQueuePacketAndPacket(): [LoRaMesher] Deleting packet queue
17:11:54.153 > [1051946][V][LoraMesher.cpp:378] receivingRoutine(): [LoRaMesher] Stack space unused after entering the task: 2040
17:11:54.165 > [1051956][V][LoraMesher.cpp:379] receivingRoutine(): [LoRaMesher] Free heap: 336460
17:11:54.171 > [1051964][I][PacketService.cpp:12] createEmptyPacket(): [LoRaMesher] Packet created with 17 bytes
17:11:54.180 > [1051973][I][LoraMesher.cpp:392] receivingRoutine(): [LoRaMesher] Receiving LoRa packet: Size: 17 bytes RSSI: -14 SNR: 13
17:11:54.191 > [1051984][V][LoraMesher.cpp:647] processPackets(): [LoRaMesher] Size of Received Packets Queue: 1
17:11:54.200 > [1051993][V][LoraMesher.cpp:754] printHeaderPacket(): [LoRaMesher] Packet received -- Size: 17 Src: DE6C Dst: D110 Id: 61 Type: 2 Via: D110 Seq_Id: 0 Num: 0
17:11:54.214 > [1052007][I][LoraMesher.cpp:854] processDataPacket(): [LoRaMesher] Data packet from DE6C, destination D110, via D110
17:11:54.224 > [1052017][V][LoraMesher.cpp:878] processDataPacket(): [LoRaMesher] Packet not for me, deleting it
17:11:54.233 > [1052026][I][PacketQueueService.h:80] deleteQueuePacketAndPacket(): [LoRaMesher] Deleting packet
17:11:54.241 > [1052034][I][PacketQueueService.h:83] deleteQueuePacketAndPacket(): [LoRaMesher] Deleting packet queue
17:11:54.251 > [1052043][V][LoraMesher.cpp:641] processPackets(): [LoRaMesher] Stack space unused after entering the task: 2072
17:11:54.261 > [1052053][V][LoraMesher.cpp:642] processPackets(): [LoRaMesher] Free heap: 336460
17:11:55.557 > [1053351][V][LoraMesher.cpp:378] receivingRoutine(): [LoRaMesher] Stack space unused after entering the task: 2040
17:11:55.568 > [1053361][V][LoraMesher.cpp:379] receivingRoutine(): [LoRaMesher] Free heap: 336460
17:11:55.576 > [1053368][I][PacketService.cpp:12] createEmptyPacket(): [LoRaMesher] Packet created with 17 bytes
17:11:55.585 > [1053377][I][LoraMesher.cpp:392] receivingRoutine(): [LoRaMesher] Receiving LoRa packet: Size: 17 bytes RSSI: -26 SNR: 13
17:11:55.596 > [1053389][V][LoraMesher.cpp:647] processPackets(): [LoRaMesher] Size of Received Packets Queue: 1
17:11:55.605 > [1053397][V][LoraMesher.cpp:754] printHeaderPacket(): [LoRaMesher] Packet received -- Size: 17 Src: B3F0 Dst: D110 Id: 61 Type: 2 Via: D110 Seq_Id: 0 Num: 0
17:11:55.618 > [1053411][I][LoraMesher.cpp:854] processDataPacket(): [LoRaMesher] Data packet from B3F0, destination D110, via D110
17:11:55.629 > [1053421][V][LoraMesher.cpp:878] processDataPacket(): [LoRaMesher] Packet not for me, deleting it
17:11:55.637 > [1053430][I][PacketQueueService.h:80] deleteQueuePacketAndPacket(): [LoRaMesher] Deleting packet
17:11:55.646 > [1053439][I][PacketQueueService.h:83] deleteQueuePacketAndPacket(): [LoRaMesher] Deleting packet queue
17:11:55.655 > [1053448][V][LoraMesher.cpp:641] processPackets(): [LoRaMesher] Stack space unused after entering the task: 2072
17:11:55.665 > [1053458][V][LoraMesher.cpp:642] processPackets(): [LoRaMesher] Free heap: 336460
17:12:08.669 > [1066463][V][LoraMesher.cpp:378] receivingRoutine(): [LoRaMesher] Stack space unused after entering the task: 2040
17:12:08.680 > [1066473][V][LoraMesher.cpp:379] receivingRoutine(): [LoRaMesher] Free heap: 336460
17:12:08.688 > [1066480][I][PacketService.cpp:12] createEmptyPacket(): [LoRaMesher] Packet created with 17 bytes
17:12:08.696 > [1066489][I][LoraMesher.cpp:392] receivingRoutine(): [LoRaMesher] Receiving LoRa packet: Size: 17 bytes RSSI: -74 SNR: 6
17:12:08.708 > [1066501][V][LoraMesher.cpp:647] processPackets(): [LoRaMesher] Size of Received Packets Queue: 1
17:12:08.716 > [1066509][V][LoraMesher.cpp:754] printHeaderPacket(): [LoRaMesher] Packet received -- Size: 17 Src: C998 Dst: D110 Id: 47 Type: 2 Via: D110 Seq_Id: 0 Num: 0
17:12:08.730 > [1066523][I][LoraMesher.cpp:854] processDataPacket(): [LoRaMesher] Data packet from C998, destination D110, via D110
17:12:08.740 > [1066533][V][LoraMesher.cpp:878] processDataPacket(): [LoRaMesher] Packet not for me, deleting it
17:12:08.749 > [1066542][I][PacketQueueService.h:80] deleteQueuePacketAndPacket(): [LoRaMesher] Deleting packet
17:12:08.758 > [1066551][I][PacketQueueService.h:83] deleteQueuePacketAndPacket(): [LoRaMesher] Deleting packet queue
17:12:08.767 > [1066560][V][LoraMesher.cpp:641] processPackets(): [LoRaMesher] Stack space unused after entering the task: 2072
17:12:08.777 > [1066570][V][LoraMesher.cpp:642] processPackets(): [LoRaMesher] Free heap: 336460
17:12:13.039 > Send packet 53
17:12:13.041 > Sending packet to D110
17:12:13.043 > [1070833][V][LoraMesher.h:250] createPacketAndSend(): [LoRaMesher] Creating a packet for send with 8 bytes
17:12:13.052 > [1070845][V][PacketFactory.h:45] createPacket(): [LoRaMesher] Creating packet with 17 bytes
17:12:13.060 > [1070853][I][PacketFactory.h:74] createPacket(): [LoRaMesher] Packet created with 17 bytes
17:12:13.068 > [1070861][I][LoraMesher.h:659] setPackedForSend(): [LoRaMesher] Adding packet to Q_SP
17:12:13.076 > [1070869][I][LoraMesher.h:661] setPackedForSend(): [LoRaMesher] Created packet to Q_SP
17:12:13.084 > [1070877][I][LoraMesher.cpp:1061] addToSendOrderedAndNotify(): [LoRaMesher] Added packet to Q_SP, notifying sender task
17:12:13.094 > [1070887][V][LoraMesher.cpp:511] sendPackets(): [LoRaMesher] Stack space unused after entering the task: 1904
17:12:13.104 > [1070897][V][LoraMesher.cpp:512] sendPackets(): [LoRaMesher] Free heap: 336364
17:12:13.111 > [1070904][V][LoraMesher.cpp:518] sendPackets(): [LoRaMesher] Size of Send Packets Queue: 1
17:12:13.119 > [1070912][V][LoraMesher.cpp:525] sendPackets(): [LoRaMesher] Send n. 62
17:12:13.126 > [1070919][V][LoraMesher.cpp:455] waitBeforeSend(): [LoRaMesher] RandomDelay 237 ms
17:12:13.370 > [1071164][V][LoraMesher.cpp:754] printHeaderPacket(): [LoRaMesher] Packet send -- Size: 17 Src: F02C Dst: D110 Id: 62 Type: 2 Via: D110 Seq_Id: 0 Num: 0
17:12:13.460 > [1071254][V][LoraMesher.cpp:575] sendPackets(): [LoRaMesher] TimeOnAir 63 ms, next message in 0 ms
17:12:13.469 > [1071263][I][PacketQueueService.h:80] deleteQueuePacketAndPacket(): [LoRaMesher] Deleting packet
17:12:13.478 > [1071271][I][PacketQueueService.h:83] deleteQueuePacketAndPacket(): [LoRaMesher] Deleting packet queue
17:12:14.611 > [1072404][V][LoraMesher.cpp:378] receivingRoutine(): [LoRaMesher] Stack space unused after entering the task: 2040
17:12:14.622 > [1072415][V][LoraMesher.cpp:379] receivingRoutine(): [LoRaMesher] Free heap: 336460
17:12:14.629 > [1072422][I][PacketService.cpp:12] createEmptyPacket(): [LoRaMesher] Packet created with 17 bytes
17:12:14.639 > [1072431][I][LoraMesher.cpp:392] receivingRoutine(): [LoRaMesher] Receiving LoRa packet: Size: 17 bytes RSSI: -28 SNR: 12
17:12:14.649 > [1072442][V][LoraMesher.cpp:647] processPackets(): [LoRaMesher] Size of Received Packets Queue: 1
17:12:14.658 > [1072451][V][LoraMesher.cpp:754] printHeaderPacket(): [LoRaMesher] Packet received -- Size: 17 Src: B3F0 Dst: D110 Id: 62 Type: 2 Via: D110 Seq_Id: 0 Num: 0
17:12:14.672 > [1072465][I][LoraMesher.cpp:854] processDataPacket(): [LoRaMesher] Data packet from B3F0, destination D110, via D110
17:12:14.682 > [1072475][V][LoraMesher.cpp:878] processDataPacket(): [LoRaMesher] Packet not for me, deleting it
17:12:14.691 > [1072484][I][PacketQueueService.h:80] deleteQueuePacketAndPacket(): [LoRaMesher] Deleting packet
17:12:14.700 > [1072493][I][PacketQueueService.h:83] deleteQueuePacketAndPacket(): [LoRaMesher] Deleting packet queue
17:12:14.709 > [1072502][V][LoraMesher.cpp:641] processPackets(): [LoRaMesher] Stack space unused after entering the task: 2072
17:12:14.719 > [1072512][V][LoraMesher.cpp:642] processPackets(): [LoRaMesher] Free heap: 336460
17:12:16.041 > [1073835][V][LoraMesher.cpp:378] receivingRoutine(): [LoRaMesher] Stack space unused after entering the task: 2040
17:12:16.052 > [1073845][V][LoraMesher.cpp:379] receivingRoutine(): [LoRaMesher] Free heap: 336460
17:12:16.059 > [1073852][I][PacketService.cpp:12] createEmptyPacket(): [LoRaMesher] Packet created with 17 bytes
17:12:16.068 > [1073861][I][LoraMesher.cpp:392] receivingRoutine(): [LoRaMesher] Receiving LoRa packet: Size: 17 bytes RSSI: -14 SNR: 13
17:12:16.080 > [1073873][V][LoraMesher.cpp:647] processPackets(): [LoRaMesher] Size of Received Packets Queue: 1
17:12:16.088 > [1073881][V][LoraMesher.cpp:754] printHeaderPacket(): [LoRaMesher] Packet received -- Size: 17 Src: DE6C Dst: D110 Id: 62 Type: 2 Via: D110 Seq_Id: 0 Num: 0
17:12:16.102 > [1073895][I][LoraMesher.cpp:854] processDataPacket(): [LoRaMesher] Data packet from DE6C, destination D110, via D110
17:12:16.112 > [1073906][V][LoraMesher.cpp:878] processDataPacket(): [LoRaMesher] Packet not for me, deleting it
17:12:16.121 > [1073914][I][PacketQueueService.h:80] deleteQueuePacketAndPacket(): [LoRaMesher] Deleting packet
17:12:16.130 > [1073923][I][PacketQueueService.h:83] deleteQueuePacketAndPacket(): [LoRaMesher] Deleting packet queue
17:12:16.139 > [1073932][V][LoraMesher.cpp:641] processPackets(): [LoRaMesher] Stack space unused after entering the task: 2072
17:12:16.149 > [1073942][V][LoraMesher.cpp:642] processPackets(): [LoRaMesher] Free heap: 336460
17:12:28.710 > [1086504][V][LoraMesher.cpp:378] receivingRoutine(): [LoRaMesher] Stack space unused after entering the task: 2040
17:12:28.721 > [1086514][V][LoraMesher.cpp:379] receivingRoutine(): [LoRaMesher] Free heap: 336460
17:12:28.728 > [1086522][I][PacketService.cpp:12] createEmptyPacket(): [LoRaMesher] Packet created with 17 bytes
17:12:28.737 > [1086530][I][LoraMesher.cpp:392] receivingRoutine(): [LoRaMesher] Receiving LoRa packet: Size: 17 bytes RSSI: -73 SNR: 6
17:12:28.748 > [1086542][V][LoraMesher.cpp:647] processPackets(): [LoRaMesher] Size of Received Packets Queue: 1
17:12:28.757 > [1086550][V][LoraMesher.cpp:754] printHeaderPacket(): [LoRaMesher] Packet received -- Size: 17 Src: C998 Dst: D110 Id: 48 Type: 2 Via: D110 Seq_Id: 0 Num: 0
17:12:28.771 > [1086564][I][LoraMesher.cpp:854] processDataPacket(): [LoRaMesher] Data packet from C998, destination D110, via D110
17:12:28.781 > [1086575][V][LoraMesher.cpp:878] processDataPacket(): [LoRaMesher] Packet not for me, deleting it
17:12:28.790 > [1086583][I][PacketQueueService.h:80] deleteQueuePacketAndPacket(): [LoRaMesher] Deleting packet
17:12:28.800 > [1086592][I][PacketQueueService.h:83] deleteQueuePacketAndPacket(): [LoRaMesher] Deleting packet queue
17:12:28.808 > [1086601][V][LoraMesher.cpp:641] processPackets(): [LoRaMesher] Stack space unused after entering the task: 2072
17:12:28.818 > [1086611][V][LoraMesher.cpp:642] processPackets(): [LoRaMesher] Free heap: 336460
17:12:30.683 > [1088477][V][LoraMesher.cpp:598] sendHelloPacket(): [LoRaMesher] Creating Routing Packet
17:12:30.692 > [1088485][V][LoraMesher.cpp:599] sendHelloPacket(): [LoRaMesher] Stack space unused after entering the task: 2332
17:12:30.702 > [1088495][V][LoraMesher.cpp:600] sendHelloPacket(): [LoRaMesher] Free heap: 336460
17:12:30.709 > [1088502][V][PacketFactory.h:45] createPacket(): [LoRaMesher] Creating packet with 24 bytes
17:12:30.717 > [1088511][I][PacketFactory.h:74] createPacket(): [LoRaMesher] Packet created with 24 bytes
17:12:30.725 > [1088519][I][LoraMesher.h:659] setPackedForSend(): [LoRaMesher] Adding packet to Q_SP
17:12:30.733 > [1088526][I][LoraMesher.h:661] setPackedForSend(): [LoRaMesher] Created packet to Q_SP
17:12:30.741 > [1088534][I][LoraMesher.cpp:1061] addToSendOrderedAndNotify(): [LoRaMesher] Added packet to Q_SP, notifying sender task
17:12:30.751 > [1088545][V][LoraMesher.cpp:511] sendPackets(): [LoRaMesher] Stack space unused after entering the task: 1904
17:12:30.761 > [1088554][V][LoraMesher.cpp:512] sendPackets(): [LoRaMesher] Free heap: 336360
17:12:30.768 > [1088561][V][LoraMesher.cpp:518] sendPackets(): [LoRaMesher] Size of Send Packets Queue: 1
17:12:30.776 > [1088569][V][LoraMesher.cpp:525] sendPackets(): [LoRaMesher] Send n. 63
17:12:30.782 > [1088576][V][LoraMesher.cpp:455] waitBeforeSend(): [LoRaMesher] RandomDelay 609 ms
17:12:31.399 > [1089193][V][LoraMesher.cpp:754] printHeaderPacket(): [LoRaMesher] Packet send -- Size: 24 Src: F02C Dst: FFFF Id: 63 Type: 4 Via: 0 Seq_Id: 0 Num: 0
17:12:31.503 > [1089297][V][LoraMesher.cpp:575] sendPackets(): [LoRaMesher] TimeOnAir 78 ms, next message in 0 ms
17:12:31.512 > [1089306][I][PacketQueueService.h:80] deleteQueuePacketAndPacket(): [LoRaMesher] Deleting packet
17:12:31.521 > [1089314][I][PacketQueueService.h:83] deleteQueuePacketAndPacket(): [LoRaMesher] Deleting packet queue
