15:31:31.997 > Send packet 1
15:31:31.998 > Sending packet to FFFF
15:31:32.000 > [ 26154][V][LoraMesher.h:250] createPacketAndSend(): [LoRaMesher] Creating a packet for send with 8 bytes
15:31:32.009 > [ 26166][V][PacketFactory.h:45] createPacket(): [LoRaMesher] Creating packet with 17 bytes
15:31:32.017 > [ 26174][I][PacketFactory.h:74] createPacket(): [LoRaMesher] Packet created with 17 bytes
15:31:32.025 > [ 26182][I][LoraMesher.h:659] setPackedForSend(): [LoRaMesher] Adding packet to Q_SP
15:31:32.033 > [ 26190][I][LoraMesher.h:661] setPackedForSend(): [LoRaMesher] Created packet to Q_SP
15:31:32.040 > [ 26197][I][LoraMesher.cpp:1061] addToSendOrderedAndNotify(): [LoRaMesher] Added packet to Q_SP, notifying sender task
15:31:32.051 > [ 26208][V][LoraMesher.cpp:511] sendPackets(): [LoRaMesher] Stack space unused after entering the task: 2264
15:31:32.061 > [ 26217][V][LoraMesher.cpp:512] sendPackets(): [LoRaMesher] Free heap: 337036
15:31:32.068 > [ 26224][V][LoraMesher.cpp:518] sendPackets(): [LoRaMesher] Size of Send Packets Queue: 1
15:31:32.075 > [ 26232][V][LoraMesher.cpp:525] sendPackets(): [LoRaMesher] Send n. 2
15:31:32.082 > [ 26239][V][LoraMesher.cpp:754] printHeaderPacket(): [LoRaMesher] Packet send -- Size: 17 Src: B3F0 Dst: FFFF Id: 2 Type: 2 Via: F000 Seq_Id: 0 Num: 0
15:31:32.171 > [ 26329][V][LoraMesher.cpp:575] sendPackets(): [LoRaMesher] TimeOnAir 63 ms, next message in 0 ms
15:31:32.180 > [ 26337][I][PacketQueueService.h:80] deleteQueuePacketAndPacket(): [LoRaMesher] Deleting packet
15:31:32.189 > [ 26346][I][PacketQueueService.h:83] deleteQueuePacketAndPacket(): [LoRaMesher] Deleting packet queue
15:31:52.191 > Send packet 2
15:31:52.192 > Sending packet to FFFF
15:31:52.194 > [ 46355][V][LoraMesher.h:250] createPacketAndSend(): [LoRaMesher] Creating a packet for send with 8 bytes
15:31:52.204 > [ 46367][V][PacketFactory.h:45] createPacket(): [LoRaMesher] Creating packet with 17 bytes
15:31:52.212 > [ 46375][I][PacketFactory.h:74] createPacket(): [LoRaMesher] Packet created with 17 bytes
15:31:52.220 > [ 46383][I][LoraMesher.h:659] setPackedForSend(): [LoRaMesher] Adding packet to Q_SP
15:31:52.227 > [ 46391][I][LoraMesher.h:661] setPackedForSend(): [LoRaMesher] Created packet to Q_SP
15:31:52.235 > [ 46398][I][LoraMesher.cpp:1061] addToSendOrderedAndNotify(): [LoRaMesher] Added packet to Q_SP, notifying sender task
15:31:52.246 > [ 46409][V][LoraMesher.cpp:511] sendPackets(): [LoRaMesher] Stack space unused after entering the task: 2196
15:31:52.255 > [ 46418][V][LoraMesher.cpp:512] sendPackets(): [LoRaMesher] Free heap: 337036
15:31:52.262 > [ 46425][V][LoraMesher.cpp:518] sendPackets(): [LoRaMesher] Size of Send Packets Queue: 1
15:31:52.270 > [ 46433][V][LoraMesher.cpp:525] sendPackets(): [LoRaMesher] Send n. 3
15:31:52.276 > [ 46440][V][LoraMesher.cpp:754] printHeaderPacket(): [LoRaMesher] Packet send -- Size: 17 Src: B3F0 Dst: FFFF Id: 3 Type: 2 Via: F000 Seq_Id: 0 Num: 0
15:31:52.366 > [ 46530][V][LoraMesher.cpp:575] sendPackets(): [LoRaMesher] TimeOnAir 63 ms, next message in 0 ms
15:31:52.375 > [ 46538][I][PacketQueueService.h:80] deleteQueuePacketAndPacket(): [LoRaMesher] Deleting packet
15:31:52.383 > [ 46547][I][PacketQueueService.h:83] deleteQueuePacketAndPacket(): [LoRaMesher] Deleting packet queue
15:32:12.404 > Send packet 3
15:32:12.406 > Sending packet to FFFF
15:32:12.408 > [ 66556][V][LoraMesher.h:250] createPacketAndSend(): [LoRaMesher] Creating a packet for send with 8 bytes
15:32:12.417 > [ 66568][V][PacketFactory.h:45] createPacket(): [LoRaMesher] Creating packet with 17 bytes
15:32:12.425 > [ 66576][I][PacketFactory.h:74] createPacket(): [LoRaMesher] Packet created with 17 bytes
15:32:12.433 > [ 66584][I][LoraMesher.h:659] setPackedForSend(): [LoRaMesher] Adding packet to Q_SP
15:32:12.441 > [ 66592][I][LoraMesher.h:661] setPackedForSend(): [LoRaMesher] Created packet to Q_SP
15:32:12.449 > [ 66599][I][LoraMesher.cpp:1061] addToSendOrderedAndNotify(): [LoRaMesher] Added packet to Q_SP, notifying sender task
15:32:12.459 > [ 66610][V][LoraMesher.cpp:511] sendPackets(): [LoRaMesher] Stack space unused after entering the task: 2196
15:32:12.469 > [ 66619][V][LoraMesher.cpp:512] sendPackets(): [LoRaMesher] Free heap: 337036
15:32:12.476 > [ 66626][V][LoraMesher.cpp:518] sendPackets(): [LoRaMesher] Size of Send Packets Queue: 1
15:32:12.484 > [ 66634][V][LoraMesher.cpp:525] sendPackets(): [LoRaMesher] Send n. 4
15:32:12.490 > [ 66641][V][LoraMesher.cpp:754] printHeaderPacket(): [LoRaMesher] Packet send -- Size: 17 Src: B3F0 Dst: FFFF Id: 4 Type: 2 Via: F000 Seq_Id: 0 Num: 0
15:32:12.579 > [ 66731][V][LoraMesher.cpp:575] sendPackets(): [LoRaMesher] TimeOnAir 63 ms, next message in 0 ms
15:32:12.589 > [ 66739][I][PacketQueueService.h:80] deleteQueuePacketAndPacket(): [LoRaMesher] Deleting packet
15:32:12.597 > [ 66748][I][PacketQueueService.h:83] deleteQueuePacketAndPacket(): [LoRaMesher] Deleting packet queue
15:32:32.611 > Send packet 4
15:32:32.613 > Sending packet to FFFF
15:32:32.615 > [ 86757][V][LoraMesher.h:250] createPacketAndSend(): [LoRaMesher] Creating a packet for send with 8 bytes
15:32:32.624 > [ 86769][V][PacketFactory.h:45] createPacket(): [LoRaMesher] Creating packet with 17 bytes
15:32:32.632 > [ 86777][I][PacketFactory.h:74] createPacket(): [LoRaMesher] Packet created with 17 bytes
15:32:32.640 > [ 86785][I][LoraMesher.h:659] setPackedForSend(): [LoRaMesher] Adding packet to Q_SP
15:32:32.647 > [ 86793][I][LoraMesher.h:661] setPackedForSend(): [LoRaMesher] Created packet to Q_SP
15:32:32.655 > [ 86800][I][LoraMesher.cpp:1061] addToSendOrderedAndNotify(): [LoRaMesher] Added packet to Q_SP, notifying sender task
15:32:32.666 > [ 86811][V][LoraMesher.cpp:511] sendPackets(): [LoRaMesher] Stack space unused after entering the task: 2196
15:32:32.675 > [ 86820][V][LoraMesher.cpp:512] sendPackets(): [LoRaMesher] Free heap: 337036
15:32:32.682 > [ 86827][V][LoraMesher.cpp:518] sendPackets(): [LoRaMesher] Size of Send Packets Queue: 1
15:32:32.690 > [ 86835][V][LoraMesher.cpp:525] sendPackets(): [LoRaMesher] Send n. 5
15:32:32.697 > [ 86842][V][LoraMesher.cpp:754] printHeaderPacket(): [LoRaMesher] Packet send -- Size: 17 Src: B3F0 Dst: FFFF Id: 5 Type: 2 Via: F000 Seq_Id: 0 Num: 0
15:32:32.786 > [ 86932][V][LoraMesher.cpp:575] sendPackets(): [LoRaMesher] TimeOnAir 63 ms, next message in 0 ms
15:32:32.795 > [ 86940][I][PacketQueueService.h:80] deleteQueuePacketAndPacket(): [LoRaMesher] Deleting packet
15:32:32.804 > [ 86949][I][PacketQueueService.h:83] deleteQueuePacketAndPacket(): [LoRaMesher] Deleting packet queue
15:32:52.815 > Send packet 5
15:32:52.834 > Sending packet to FFFF
15:32:52.834 > [106958][V][LoraMesher.h:250] createPacketAndSend(): [LoRaMesher] Creating a packet for send with 8 bytes
15:32:52.834 > [106970][V][PacketFactory.h:45] createPacket(): [LoRaMesher] Creating packet with 17 bytes
15:32:52.837 > [106978][I][PacketFactory.h:74] createPacket(): [LoRaMesher] Packet created with 17 bytes
15:32:52.844 > [106986][I][LoraMesher.h:659] setPackedForSend(): [LoRaMesher] Adding packet to Q_SP
15:32:52.852 > [106994][I][LoraMesher.h:661] setPackedForSend(): [LoRaMesher] Created packet to Q_SP
15:32:52.860 > [107001][I][LoraMesher.cpp:1061] addToSendOrderedAndNotify(): [LoRaMesher] Added packet to Q_SP, notifying sender task
15:32:52.870 > [107012][V][LoraMesher.cpp:511] sendPackets(): [LoRaMesher] Stack space unused after entering the task: 2164
15:32:52.880 > [107021][V][LoraMesher.cpp:512] sendPackets(): [LoRaMesher] Free heap: 337036
15:32:52.887 > [107028][V][LoraMesher.cpp:518] sendPackets(): [LoRaMesher] Size of Send Packets Queue: 1
15:32:52.895 > [107036][V][LoraMesher.cpp:525] sendPackets(): [LoRaMesher] Send n. 6
15:32:52.901 > [107043][V][LoraMesher.cpp:754] printHeaderPacket(): [LoRaMesher] Packet send -- Size: 17 Src: B3F0 Dst: FFFF Id: 6 Type: 2 Via: F000 Seq_Id: 0 Num: 0
15:32:52.990 > [107133][V][LoraMesher.cpp:575] sendPackets(): [LoRaMesher] TimeOnAir 63 ms, next message in 0 ms
15:32:53.000 > [107141][I][PacketQueueService.h:80] deleteQueuePacketAndPacket(): [LoRaMesher] Deleting packet
15:32:53.008 > [107150][I][PacketQueueService.h:83] deleteQueuePacketAndPacket(): [LoRaMesher] Deleting packet queue
15:33:11.601 > [125760][V][LoraMesher.cpp:378] receivingRoutine(): [LoRaMesher] Stack space unused after entering the task: 2400
15:33:11.612 > [125771][V][LoraMesher.cpp:379] receivingRoutine(): [LoRaMesher] Free heap: 337132
15:33:11.619 > [125778][I][PacketService.cpp:12] createEmptyPacket(): [LoRaMesher] Packet created with 12 bytes
15:33:11.628 > [125787][I][LoraMesher.cpp:392] receivingRoutine(): [LoRaMesher] Receiving LoRa packet: Size: 12 bytes RSSI: -17 SNR: 12
15:33:11.639 > [125798][V][LoraMesher.cpp:647] processPackets(): [LoRaMesher] Size of Received Packets Queue: 1
15:33:11.649 > [125807][V][LoraMesher.cpp:754] printHeaderPacket(): [LoRaMesher] Packet received -- Size: 12 Src: D110 Dst: FFFF Id: 1 Type: 4 Via: 0 Seq_Id: 0 Num: 0
15:33:11.661 > [125820][I][RoutingTableService.cpp:77] processRoute(): [LoRaMesher] Route packet from D110 with size 1
15:33:11.670 > [125829][I][RoutingTableService.cpp:156] addNodeToRoutingTable(): [LoRaMesher] New route added: D110 via D110 metric 1, role 1
15:33:11.682 > [125841][I][RoutingTableService.cpp:99] resetReceiveSNRRoutePacket(): [LoRaMesher] Reset Receive SNR from D110: 12
15:33:11.692 > [125851][I][RoutingTableService.cpp:192] printRoutingTable(): [LoRaMesher] Current routing table:
15:33:11.700 > [125859][I][RoutingTableService.cpp:206] printRoutingTable(): [LoRaMesher] 0 - D110 via D110 metric 1 Role 1
15:33:11.710 > [125869][I][PacketQueueService.h:80] deleteQueuePacketAndPacket(): [LoRaMesher] Deleting packet
15:33:11.719 > [125877][I][PacketQueueService.h:83] deleteQueuePacketAndPacket(): [LoRaMesher] Deleting packet queue
15:33:11.727 > [125886][V][LoraMesher.cpp:641] processPackets(): [LoRaMesher] Stack space unused after entering the task: 2132
15:33:11.738 > [125896][V][LoraMesher.cpp:642] processPackets(): [LoRaMesher] Free heap: 337068
15:33:11.751 > [125911][V][LoraMesher.cpp:378] receivingRoutine(): [LoRaMesher] Stack space unused after entering the task: 2336
15:33:11.762 > [125921][V][LoraMesher.cpp:379] receivingRoutine(): [LoRaMesher] Free heap: 337068
15:33:11.769 > [125928][I][PacketService.cpp:12] createEmptyPacket(): [LoRaMesher] Packet created with 12 bytes
15:33:11.778 > [125937][I][LoraMesher.cpp:392] receivingRoutine(): [LoRaMesher] Receiving LoRa packet: Size: 12 bytes RSSI: -2 SNR: 12
15:33:11.789 > [125948][V][LoraMesher.cpp:647] processPackets(): [LoRaMesher] Size of Received Packets Queue: 1
15:33:11.798 > [125957][V][LoraMesher.cpp:754] printHeaderPacket(): [LoRaMesher] Packet received -- Size: 12 Src: F02C Dst: FFFF Id: 1 Type: 4 Via: 0 Seq_Id: 0 Num: 0
15:33:11.811 > [125970][I][RoutingTableService.cpp:77] processRoute(): [LoRaMesher] Route packet from F02C with size 1
15:33:11.820 > [125979][I][RoutingTableService.cpp:156] addNodeToRoutingTable(): [LoRaMesher] New route added: F02C via F02C metric 1, role 0
15:33:11.831 > [125991][I][RoutingTableService.cpp:99] resetReceiveSNRRoutePacket(): [LoRaMesher] Reset Receive SNR from F02C: 12
15:33:11.842 > [126001][I][RoutingTableService.cpp:192] printRoutingTable(): [LoRaMesher] Current routing table:
15:33:11.850 > [126009][I][RoutingTableService.cpp:206] printRoutingTable(): [LoRaMesher] 0 - D110 via D110 metric 1 Role 1
15:33:11.860 > [126019][I][RoutingTableService.cpp:206] printRoutingTable(): [LoRaMesher] 1 - F02C via F02C metric 1 Role 0
15:33:11.870 > [126029][I][PacketQueueService.h:80] deleteQueuePacketAndPacket(): [LoRaMesher] Deleting packet
15:33:11.877 > [126037][I][PacketQueueService.h:83] deleteQueuePacketAndPacket(): [LoRaMesher] Deleting packet queue
15:33:11.886 > [126046][V][LoraMesher.cpp:641] processPackets(): [LoRaMesher] Stack space unused after entering the task: 2132
15:33:11.897 > [126056][V][LoraMesher.cpp:642] processPackets(): [LoRaMesher] Free heap: 337004
15:33:12.804 > [126964][V][LoraMesher.cpp:378] receivingRoutine(): [LoRaMesher] Stack space unused after entering the task: 2336
15:33:12.814 > [126974][V][LoraMesher.cpp:379] receivingRoutine(): [LoRaMesher] Free heap: 337004
15:33:12.822 > [126982][I][PacketService.cpp:12] createEmptyPacket(): [LoRaMesher] Packet created with 12 bytes
15:33:12.831 > [126990][I][LoraMesher.cpp:392] receivingRoutine(): [LoRaMesher] Receiving LoRa packet: Size: 12 bytes RSSI: -25 SNR: 12
15:33:12.842 > [127002][V][LoraMesher.cpp:647] processPackets(): [LoRaMesher] Size of Received Packets Queue: 1
15:33:12.850 > [127010][V][LoraMesher.cpp:754] printHeaderPacket(): [LoRaMesher] Packet received -- Size: 12 Src: DE6C Dst: FFFF Id: 1 Type: 4 Via: 0 Seq_Id: 0 Num: 0
15:33:12.864 > [127024][I][RoutingTableService.cpp:77] processRoute(): [LoRaMesher] Route packet from DE6C with size 1
15:33:12.873 > [127033][I][RoutingTableService.cpp:156] addNodeToRoutingTable(): [LoRaMesher] New route added: DE6C via DE6C metric 1, role 0
15:33:12.884 > [127044][I][RoutingTableService.cpp:99] resetReceiveSNRRoutePacket(): [LoRaMesher] Reset Receive SNR from DE6C: 12
15:33:12.894 > [127054][I][RoutingTableService.cpp:192] printRoutingTable(): [LoRaMesher] Current routing table:
15:33:12.903 > [127063][I][RoutingTableService.cpp:206] printRoutingTable(): [LoRaMesher] 0 - D110 via D110 metric 1 Role 1
15:33:12.913 > [127073][I][RoutingTableService.cpp:206] printRoutingTable(): [LoRaMesher] 1 - F02C via F02C metric 1 Role 0
15:33:12.922 > [127082][I][RoutingTableService.cpp:206] printRoutingTable(): [LoRaMesher] 2 - DE6C via DE6C metric 1 Role 0
15:33:12.932 > [127092][I][PacketQueueService.h:80] deleteQueuePacketAndPacket(): [LoRaMesher] Deleting packet
15:33:12.940 > [127100][I][PacketQueueService.h:83] deleteQueuePacketAndPacket(): [LoRaMesher] Deleting packet queue
15:33:12.949 > [127109][V][LoraMesher.cpp:641] processPackets(): [LoRaMesher] Stack space unused after entering the task: 2040
15:33:12.959 > [127119][V][LoraMesher.cpp:642] processPackets(): [LoRaMesher] Free heap: 336940
15:33:12.998 > Send packet 6
15:33:13.000 > Sending packet to D110
15:33:13.002 > [127159][V][LoraMesher.h:250] createPacketAndSend(): [LoRaMesher] Creating a packet for send with 8 bytes
15:33:13.011 > [127171][V][PacketFactory.h:45] createPacket(): [LoRaMesher] Creating packet with 17 bytes
15:33:13.019 > [127179][I][PacketFactory.h:74] createPacket(): [LoRaMesher] Packet created with 17 bytes
15:33:13.027 > [127187][I][LoraMesher.h:659] setPackedForSend(): [LoRaMesher] Adding packet to Q_SP
15:33:13.034 > [127195][I][LoraMesher.h:661] setPackedForSend(): [LoRaMesher] Created packet to Q_SP
15:33:13.042 > [127202][I][LoraMesher.cpp:1061] addToSendOrderedAndNotify(): [LoRaMesher] Added packet to Q_SP, notifying sender task
15:33:13.053 > [127213][V][LoraMesher.cpp:511] sendPackets(): [LoRaMesher] Stack space unused after entering the task: 2164
15:33:13.062 > [127222][V][LoraMesher.cpp:512] sendPackets(): [LoRaMesher] Free heap: 336844
15:33:13.069 > [127229][V][LoraMesher.cpp:518] sendPackets(): [LoRaMesher] Size of Send Packets Queue: 1
15:33:13.077 > [127237][V][LoraMesher.cpp:525] sendPackets(): [LoRaMesher] Send n. 7
15:33:13.083 > [127244][V][LoraMesher.cpp:455] waitBeforeSend(): [LoRaMesher] RandomDelay 965 ms
15:33:13.785 > [127946][V][LoraMesher.cpp:598] sendHelloPacket(): [LoRaMesher] Creating Routing Packet
15:33:13.793 > [127954][V][LoraMesher.cpp:599] sendHelloPacket(): [LoRaMesher] Stack space unused after entering the task: 2324
15:33:13.803 > [127964][V][LoraMesher.cpp:600] sendHelloPacket(): [LoRaMesher] Free heap: 336872
15:33:13.810 > [127971][V][PacketFactory.h:45] createPacket(): [LoRaMesher] Creating packet with 20 bytes
15:33:13.818 > [127979][I][PacketFactory.h:74] createPacket(): [LoRaMesher] Packet created with 20 bytes
15:33:13.826 > [127987][I][LoraMesher.h:659] setPackedForSend(): [LoRaMesher] Adding packet to Q_SP
15:33:13.834 > [127995][I][LoraMesher.h:661] setPackedForSend(): [LoRaMesher] Created packet to Q_SP
15:33:13.841 > [128002][I][LoraMesher.cpp:1061] addToSendOrderedAndNotify(): [LoRaMesher] Added packet to Q_SP, notifying sender task
15:33:14.054 > [128216][V][LoraMesher.cpp:754] printHeaderPacket(): [LoRaMesher] Packet send -- Size: 17 Src: B3F0 Dst: D110 Id: 7 Type: 2 Via: D110 Seq_Id: 0 Num: 0
15:33:14.144 > [128305][V][LoraMesher.cpp:575] sendPackets(): [LoRaMesher] TimeOnAir 63 ms, next message in 0 ms
15:33:14.153 > [128314][I][PacketQueueService.h:80] deleteQueuePacketAndPacket(): [LoRaMesher] Deleting packet
15:33:14.162 > [128323][I][PacketQueueService.h:83] deleteQueuePacketAndPacket(): [LoRaMesher] Deleting packet queue
15:33:14.171 > [128332][V][LoraMesher.cpp:518] sendPackets(): [LoRaMesher] Size of Send Packets Queue: 1
15:33:14.179 > [128340][V][LoraMesher.cpp:525] sendPackets(): [LoRaMesher] Send n. 8
15:33:14.185 > [128346][V][LoraMesher.cpp:455] waitBeforeSend(): [LoRaMesher] RandomDelay 895 ms
15:33:15.086 > [129249][V][LoraMesher.cpp:754] printHeaderPacket(): [LoRaMesher] Packet send -- Size: 20 Src: B3F0 Dst: FFFF Id: 8 Type: 4 Via: 0 Seq_Id: 0 Num: 0
15:33:15.183 > [129345][V][LoraMesher.cpp:575] sendPackets(): [LoRaMesher] TimeOnAir 70 ms, next message in 0 ms
15:33:15.192 > [129354][I][PacketQueueService.h:80] deleteQueuePacketAndPacket(): [LoRaMesher] Deleting packet
15:33:15.200 > [129362][I][PacketQueueService.h:83] deleteQueuePacketAndPacket(): [LoRaMesher] Deleting packet queue
15:33:33.078 > Send packet 7
15:33:33.079 > Sending packet to D110
15:33:33.081 > [147251][V][LoraMesher.h:250] createPacketAndSend(): [LoRaMesher] Creating a packet for send with 8 bytes
15:33:33.091 > [147263][V][PacketFactory.h:45] createPacket(): [LoRaMesher] Creating packet with 17 bytes
15:33:33.100 > [147271][I][PacketFactory.h:74] createPacket(): [LoRaMesher] Packet created with 17 bytes
15:33:33.107 > [147279][I][LoraMesher.h:659] setPackedForSend(): [LoRaMesher] Adding packet to Q_SP
15:33:33.114 > [147287][I][LoraMesher.h:661] setPackedForSend(): [LoRaMesher] Created packet to Q_SP
15:33:33.122 > [147294][I][LoraMesher.cpp:1061] addToSendOrderedAndNotify(): [LoRaMesher] Added packet to Q_SP, notifying sender task
15:33:33.132 > [147305][V][LoraMesher.cpp:511] sendPackets(): [LoRaMesher] Stack space unused after entering the task: 2148
15:33:33.142 > [147314][V][LoraMesher.cpp:512] sendPackets(): [LoRaMesher] Free heap: 336844
15:33:33.149 > [147321][V][LoraMesher.cpp:518] sendPackets(): [LoRaMesher] Size of Send Packets Queue: 1
15:33:33.157 > [147329][V][LoraMesher.cpp:525] sendPackets(): [LoRaMesher] Send n. 9
15:33:33.163 > [147336][V][LoraMesher.cpp:455] waitBeforeSend(): [LoRaMesher] RandomDelay 391 ms
15:33:33.561 > [147734][V][LoraMesher.cpp:754] printHeaderPacket(): [LoRaMesher] Packet send -- Size: 17 Src: B3F0 Dst: D110 Id: 9 Type: 2 Via: D110 Seq_Id: 0 Num: 0
15:33:33.651 > [147823][V][LoraMesher.cpp:575] sendPackets(): [LoRaMesher] TimeOnAir 63 ms, next message in 0 ms
15:33:33.661 > [147832][I][PacketQueueService.h:80] deleteQueuePacketAndPacket(): [LoRaMesher] Deleting packet
15:33:33.668 > [147841][I][PacketQueueService.h:83] deleteQueuePacketAndPacket(): [LoRaMesher] Deleting packet queue
15:33:53.164 > Send packet 8
15:33:53.166 > Sending packet to D110
15:33:53.167 > [167343][V][LoraMesher.h:250] createPacketAndSend(): [LoRaMesher] Creating a packet for send with 8 bytes
15:33:53.176 > [167355][V][PacketFactory.h:45] createPacket(): [LoRaMesher] Creating packet with 17 bytes
15:33:53.184 > [167363][I][PacketFactory.h:74] createPacket(): [LoRaMesher] Packet created with 17 bytes
15:33:53.192 > [167371][I][LoraMesher.h:659] setPackedForSend(): [LoRaMesher] Adding packet to Q_SP
15:33:53.201 > [167379][I][LoraMesher.h:661] setPackedForSend(): [LoRaMesher] Created packet to Q_SP
15:33:53.207 > [167386][I][LoraMesher.cpp:1061] addToSendOrderedAndNotify(): [LoRaMesher] Added packet to Q_SP, notifying sender task
15:33:53.218 > [167397][V][LoraMesher.cpp:511] sendPackets(): [LoRaMesher] Stack space unused after entering the task: 2148
15:33:53.228 > [167406][V][LoraMesher.cpp:512] sendPackets(): [LoRaMesher] Free heap: 336844
15:33:53.235 > [167413][V][LoraMesher.cpp:518] sendPackets(): [LoRaMesher] Size of Send Packets Queue: 1
15:33:53.242 > [167421][V][LoraMesher.cpp:525] sendPackets(): [LoRaMesher] Send n. 10
15:33:53.250 > [167428][V][LoraMesher.cpp:455] waitBeforeSend(): [LoRaMesher] RandomDelay 264 ms
15:33:53.520 > [167699][V][LoraMesher.cpp:754] printHeaderPacket(): [LoRaMesher] Packet send -- Size: 17 Src: B3F0 Dst: D110 Id: 10 Type: 2 Via: D110 Seq_Id: 0 Num: 0
15:33:53.610 > [167788][V][LoraMesher.cpp:575] sendPackets(): [LoRaMesher] TimeOnAir 63 ms, next message in 0 ms
15:33:53.618 > [167797][I][PacketQueueService.h:80] deleteQueuePacketAndPacket(): [LoRaMesher] Deleting packet
15:33:53.627 > [167806][I][PacketQueueService.h:83] deleteQueuePacketAndPacket(): [LoRaMesher] Deleting packet queue
15:34:13.252 > Send packet 9
15:34:13.253 > Sending packet to D110
15:34:13.255 > [187435][V][LoraMesher.h:250] createPacketAndSend(): [LoRaMesher] Creating a packet for send with 8 bytes
15:34:13.265 > [187447][V][PacketFactory.h:45] createPacket(): [LoRaMesher] Creating packet with 17 bytes
15:34:13.273 > [187455][I][PacketFactory.h:74] createPacket(): [LoRaMesher] Packet created with 17 bytes
15:34:13.281 > [187463][I][LoraMesher.h:659] setPackedForSend(): [LoRaMesher] Adding packet to Q_SP
15:34:13.288 > [187471][I][LoraMesher.h:661] setPackedForSend(): [LoRaMesher] Created packet to Q_SP
15:34:13.296 > [187478][I][LoraMesher.cpp:1061] addToSendOrderedAndNotify(): [LoRaMesher] Added packet to Q_SP, notifying sender task
15:34:13.307 > [187489][V][LoraMesher.cpp:511] sendPackets(): [LoRaMesher] Stack space unused after entering the task: 2148
15:34:13.316 > [187498][V][LoraMesher.cpp:512] sendPackets(): [LoRaMesher] Free heap: 336844
15:34:13.323 > [187505][V][LoraMesher.cpp:518] sendPackets(): [LoRaMesher] Size of Send Packets Queue: 1
15:34:13.331 > [187513][V][LoraMesher.cpp:525] sendPackets(): [LoRaMesher] Send n. 11
15:34:13.337 > [187520][V][LoraMesher.cpp:455] waitBeforeSend(): [LoRaMesher] RandomDelay 875 ms
15:34:14.219 > [188402][V][LoraMesher.cpp:754] printHeaderPacket(): [LoRaMesher] Packet send -- Size: 17 Src: B3F0 Dst: D110 Id: 11 Type: 2 Via: D110 Seq_Id: 0 Num: 0
15:34:14.309 > [188492][V][LoraMesher.cpp:575] sendPackets(): [LoRaMesher] TimeOnAir 63 ms, next message in 0 ms
15:34:14.318 > [188500][I][PacketQueueService.h:80] deleteQueuePacketAndPacket(): [LoRaMesher] Deleting packet
15:34:14.326 > [188509][I][PacketQueueService.h:83] deleteQueuePacketAndPacket(): [LoRaMesher] Deleting packet queue
15:34:33.342 > Send packet 10
15:34:33.344 > Sending packet to D110
15:34:33.346 > [207527][V][LoraMesher.h:250] createPacketAndSend(): [LoRaMesher] Creating a packet for send with 8 bytes
15:34:33.355 > [207539][V][PacketFactory.h:45] createPacket(): [LoRaMesher] Creating packet with 17 bytes
15:34:33.363 > [207547][I][PacketFactory.h:74] createPacket(): [LoRaMesher] Packet created with 17 bytes
15:34:33.371 > [207555][I][LoraMesher.h:659] setPackedForSend(): [LoRaMesher] Adding packet to Q_SP
15:34:33.379 > [207563][I][LoraMesher.h:661] setPackedForSend(): [LoRaMesher] Created packet to Q_SP
15:34:33.386 > [207570][I][LoraMesher.cpp:1061] addToSendOrderedAndNotify(): [LoRaMesher] Added packet to Q_SP, notifying sender task
15:34:33.397 > [207581][V][LoraMesher.cpp:511] sendPackets(): [LoRaMesher] Stack space unused after entering the task: 2148
15:34:33.407 > [207591][V][LoraMesher.cpp:512] sendPackets(): [LoRaMesher] Free heap: 336844
15:34:33.414 > [207597][V][LoraMesher.cpp:518] sendPackets(): [LoRaMesher] Size of Send Packets Queue: 1
15:34:33.422 > [207605][V][LoraMesher.cpp:525] sendPackets(): [LoRaMesher] Send n. 12
15:34:33.428 > [207612][V][LoraMesher.cpp:455] waitBeforeSend(): [LoRaMesher] RandomDelay 513 ms
15:34:33.949 > [208133][V][LoraMesher.cpp:754] printHeaderPacket(): [LoRaMesher] Packet send -- Size: 17 Src: B3F0 Dst: D110 Id: 12 Type: 2 Via: D110 Seq_Id: 0 Num: 0
15:34:34.038 > [208223][V][LoraMesher.cpp:575] sendPackets(): [LoRaMesher] TimeOnAir 63 ms, next message in 0 ms
15:34:34.047 > [208231][I][PacketQueueService.h:80] deleteQueuePacketAndPacket(): [LoRaMesher] Deleting packet
15:34:34.056 > [208240][I][PacketQueueService.h:83] deleteQueuePacketAndPacket(): [LoRaMesher] Deleting packet queue
15:34:53.434 > Send packet 11
15:34:53.436 > Sending packet to D110
15:34:53.438 > [227620][V][LoraMesher.h:250] createPacketAndSend(): [LoRaMesher] Creating a packet for send with 8 bytes
15:34:53.447 > [227632][V][PacketFactory.h:45] createPacket(): [LoRaMesher] Creating packet with 17 bytes
15:34:53.455 > [227640][I][PacketFactory.h:74] createPacket(): [LoRaMesher] Packet created with 17 bytes
15:34:53.463 > [227648][I][LoraMesher.h:659] setPackedForSend(): [LoRaMesher] Adding packet to Q_SP
15:34:53.471 > [227656][I][LoraMesher.h:661] setPackedForSend(): [LoRaMesher] Created packet to Q_SP
15:34:53.478 > [227663][I][LoraMesher.cpp:1061] addToSendOrderedAndNotify(): [LoRaMesher] Added packet to Q_SP, notifying sender task
15:34:53.489 > [227674][V][LoraMesher.cpp:511] sendPackets(): [LoRaMesher] Stack space unused after entering the task: 2148
15:34:53.498 > [227684][V][LoraMesher.cpp:512] sendPackets(): [LoRaMesher] Free heap: 336844
15:34:53.505 > [227690][V][LoraMesher.cpp:518] sendPackets(): [LoRaMesher] Size of Send Packets Queue: 1
15:34:53.513 > [227698][V][LoraMesher.cpp:525] sendPackets(): [LoRaMesher] Send n. 13
15:34:53.520 > [227705][V][LoraMesher.cpp:455] waitBeforeSend(): [LoRaMesher] RandomDelay 373 ms
15:34:53.900 > [228086][V][LoraMesher.cpp:754] printHeaderPacket(): [LoRaMesher] Packet send -- Size: 17 Src: B3F0 Dst: D110 Id: 13 Type: 2 Via: D110 Seq_Id: 0 Num: 0
15:34:53.990 > [228176][V][LoraMesher.cpp:575] sendPackets(): [LoRaMesher] TimeOnAir 63 ms, next message in 0 ms
15:34:53.999 > [228184][I][PacketQueueService.h:80] deleteQueuePacketAndPacket(): [LoRaMesher] Deleting packet
15:34:54.008 > [228193][I][PacketQueueService.h:83] deleteQueuePacketAndPacket(): [LoRaMesher] Deleting packet queue
15:35:11.690 > [245872][V][LoraMesher.cpp:378] receivingRoutine(): [LoRaMesher] Stack space unused after entering the task: 2336
15:35:11.701 > [245882][V][LoraMesher.cpp:379] receivingRoutine(): [LoRaMesher] Free heap: 336940
15:35:11.708 > [245890][I][PacketService.cpp:12] createEmptyPacket(): [LoRaMesher] Packet created with 20 bytes
15:35:11.717 > [245898][I][LoraMesher.cpp:392] receivingRoutine(): [LoRaMesher] Receiving LoRa packet: Size: 20 bytes RSSI: -1 SNR: 12
15:35:11.728 > [245909][V][LoraMesher.cpp:647] processPackets(): [LoRaMesher] Size of Received Packets Queue: 1
15:35:11.737 > [245918][V][LoraMesher.cpp:754] printHeaderPacket(): [LoRaMesher] Packet received -- Size: 20 Src: F02C Dst: FFFF Id: 2 Type: 4 Via: 0 Seq_Id: 0 Num: 0
15:35:11.750 > [245931][I][RoutingTableService.cpp:77] processRoute(): [LoRaMesher] Route packet from F02C with size 3
15:35:11.760 > [245941][I][RoutingTableService.cpp:99] resetReceiveSNRRoutePacket(): [LoRaMesher] Reset Receive SNR from F02C: 12
15:35:11.769 > [245951][I][RoutingTableService.cpp:192] printRoutingTable(): [LoRaMesher] Current routing table:
15:35:11.778 > [245960][I][RoutingTableService.cpp:206] printRoutingTable(): [LoRaMesher] 0 - D110 via D110 metric 1 Role 1
15:35:11.788 > [245969][I][RoutingTableService.cpp:206] printRoutingTable(): [LoRaMesher] 1 - F02C via F02C metric 1 Role 0
15:35:11.797 > [245979][I][RoutingTableService.cpp:206] printRoutingTable(): [LoRaMesher] 2 - DE6C via DE6C metric 1 Role 0
15:35:11.807 > [245988][I][PacketQueueService.h:80] deleteQueuePacketAndPacket(): [LoRaMesher] Deleting packet
15:35:11.815 > [245997][I][PacketQueueService.h:83] deleteQueuePacketAndPacket(): [LoRaMesher] Deleting packet queue
15:35:11.825 > [246006][V][LoraMesher.cpp:641] processPackets(): [LoRaMesher] Stack space unused after entering the task: 2040
15:35:11.834 > [246016][V][LoraMesher.cpp:642] processPackets(): [LoRaMesher] Free heap: 336940
15:35:12.505 > [246686][V][LoraMesher.cpp:378] receivingRoutine(): [LoRaMesher] Stack space unused after entering the task: 2336
15:35:12.515 > [246696][V][LoraMesher.cpp:379] receivingRoutine(): [LoRaMesher] Free heap: 336940
15:35:12.523 > [246703][I][PacketService.cpp:12] createEmptyPacket(): [LoRaMesher] Packet created with 20 bytes
15:35:12.532 > [246712][I][LoraMesher.cpp:392] receivingRoutine(): [LoRaMesher] Receiving LoRa packet: Size: 20 bytes RSSI: -26 SNR: 14
15:35:12.543 > [246723][V][LoraMesher.cpp:647] processPackets(): [LoRaMesher] Size of Received Packets Queue: 1
15:35:12.552 > [246732][V][LoraMesher.cpp:754] printHeaderPacket(): [LoRaMesher] Packet received -- Size: 20 Src: DE6C Dst: FFFF Id: 2 Type: 4 Via: 0 Seq_Id: 0 Num: 0
15:35:12.565 > [246746][I][RoutingTableService.cpp:77] processRoute(): [LoRaMesher] Route packet from DE6C with size 3
15:35:12.574 > [246755][I][RoutingTableService.cpp:99] resetReceiveSNRRoutePacket(): [LoRaMesher] Reset Receive SNR from DE6C: 14
15:35:12.584 > [246765][I][RoutingTableService.cpp:192] printRoutingTable(): [LoRaMesher] Current routing table:
15:35:12.593 > [246774][I][RoutingTableService.cpp:206] printRoutingTable(): [LoRaMesher] 0 - D110 via D110 metric 1 Role 1
15:35:12.603 > [246783][I][RoutingTableService.cpp:206] printRoutingTable(): [LoRaMesher] 1 - F02C via F02C metric 1 Role 0
15:35:12.612 > [246793][I][RoutingTableService.cpp:206] printRoutingTable(): [LoRaMesher] 2 - DE6C via DE6C metric 1 Role 0
15:35:12.622 > [246802][I][PacketQueueService.h:80] deleteQueuePacketAndPacket(): [LoRaMesher] Deleting packet
15:35:12.630 > [246811][I][PacketQueueService.h:83] deleteQueuePacketAndPacket(): [LoRaMesher] Deleting packet queue
15:35:12.640 > [246820][V][LoraMesher.cpp:641] processPackets(): [LoRaMesher] Stack space unused after entering the task: 2040
15:35:12.649 > [246830][V][LoraMesher.cpp:642] processPackets(): [LoRaMesher] Free heap: 336940
15:35:13.532 > Send packet 12
15:35:13.533 > Sending packet to D110
15:35:13.535 > [247713][V][LoraMesher.h:250] createPacketAndSend(): [LoRaMesher] Creating a packet for send with 8 bytes
15:35:13.545 > [247725][V][PacketFactory.h:45] createPacket(): [LoRaMesher] Creating packet with 17 bytes
15:35:13.553 > [247733][I][PacketFactory.h:74] createPacket(): [LoRaMesher] Packet created with 17 bytes
15:35:13.561 > [247741][I][LoraMesher.h:659] setPackedForSend(): [LoRaMesher] Adding packet to Q_SP
15:35:13.568 > [247749][I][LoraMesher.h:661] setPackedForSend(): [LoRaMesher] Created packet to Q_SP
15:35:13.576 > [247756][I][LoraMesher.cpp:1061] addToSendOrderedAndNotify(): [LoRaMesher] Added packet to Q_SP, notifying sender task
15:35:13.586 > [247767][V][LoraMesher.cpp:511] sendPackets(): [LoRaMesher] Stack space unused after entering the task: 2148
15:35:13.596 > [247777][V][LoraMesher.cpp:512] sendPackets(): [LoRaMesher] Free heap: 336844
15:35:13.603 > [247783][V][LoraMesher.cpp:518] sendPackets(): [LoRaMesher] Size of Send Packets Queue: 1
15:35:13.611 > [247791][V][LoraMesher.cpp:525] sendPackets(): [LoRaMesher] Send n. 14
15:35:13.617 > [247798][V][LoraMesher.cpp:455] waitBeforeSend(): [LoRaMesher] RandomDelay 622 ms
15:35:13.832 > [248012][V][LoraMesher.cpp:598] sendHelloPacket(): [LoRaMesher] Creating Routing Packet
15:35:13.839 > [248020][V][LoraMesher.cpp:599] sendHelloPacket(): [LoRaMesher] Stack space unused after entering the task: 2324
15:35:13.850 > [248030][V][LoraMesher.cpp:600] sendHelloPacket(): [LoRaMesher] Free heap: 336872
15:35:13.857 > [248037][V][PacketFactory.h:45] createPacket(): [LoRaMesher] Creating packet with 20 bytes
15:35:13.865 > [248045][I][PacketFactory.h:74] createPacket(): [LoRaMesher] Packet created with 20 bytes
15:35:13.873 > [248053][I][LoraMesher.h:659] setPackedForSend(): [LoRaMesher] Adding packet to Q_SP
15:35:13.880 > [248061][I][LoraMesher.h:661] setPackedForSend(): [LoRaMesher] Created packet to Q_SP
15:35:13.888 > [248068][I][LoraMesher.cpp:1061] addToSendOrderedAndNotify(): [LoRaMesher] Added packet to Q_SP, notifying sender task
15:35:14.247 > [248428][V][LoraMesher.cpp:754] printHeaderPacket(): [LoRaMesher] Packet send -- Size: 17 Src: B3F0 Dst: D110 Id: 14 Type: 2 Via: D110 Seq_Id: 0 Num: 0
15:35:14.337 > [248518][V][LoraMesher.cpp:575] sendPackets(): [LoRaMesher] TimeOnAir 63 ms, next message in 0 ms
15:35:14.347 > [248526][I][PacketQueueService.h:80] deleteQueuePacketAndPacket(): [LoRaMesher] Deleting packet
15:35:14.355 > [248535][I][PacketQueueService.h:83] deleteQueuePacketAndPacket(): [LoRaMesher] Deleting packet queue
15:35:14.364 > [248544][V][LoraMesher.cpp:518] sendPackets(): [LoRaMesher] Size of Send Packets Queue: 1
15:35:14.372 > [248552][V][LoraMesher.cpp:525] sendPackets(): [LoRaMesher] Send n. 15
15:35:14.379 > [248558][V][LoraMesher.cpp:455] waitBeforeSend(): [LoRaMesher] RandomDelay 501 ms
15:35:14.887 > [249067][V][LoraMesher.cpp:754] printHeaderPacket(): [LoRaMesher] Packet send -- Size: 20 Src: B3F0 Dst: FFFF Id: 15 Type: 4 Via: 0 Seq_Id: 0 Num: 0
15:35:14.983 > [249163][V][LoraMesher.cpp:575] sendPackets(): [LoRaMesher] TimeOnAir 70 ms, next message in 0 ms
15:35:14.992 > [249172][I][PacketQueueService.h:80] deleteQueuePacketAndPacket(): [LoRaMesher] Deleting packet
15:35:15.001 > [249181][I][PacketQueueService.h:83] deleteQueuePacketAndPacket(): [LoRaMesher] Deleting packet queue
15:35:33.635 > Send packet 13
15:35:33.637 > Sending packet to D110
15:35:33.639 > [267806][V][LoraMesher.h:250] createPacketAndSend(): [LoRaMesher] Creating a packet for send with 8 bytes
15:35:33.648 > [267818][V][PacketFactory.h:45] createPacket(): [LoRaMesher] Creating packet with 17 bytes
15:35:33.656 > [267826][I][PacketFactory.h:74] createPacket(): [LoRaMesher] Packet created with 17 bytes
15:35:33.664 > [267834][I][LoraMesher.h:659] setPackedForSend(): [LoRaMesher] Adding packet to Q_SP
15:35:33.672 > [267842][I][LoraMesher.h:661] setPackedForSend(): [LoRaMesher] Created packet to Q_SP
15:35:33.679 > [267849][I][LoraMesher.cpp:1061] addToSendOrderedAndNotify(): [LoRaMesher] Added packet to Q_SP, notifying sender task
15:35:33.690 > [267860][V][LoraMesher.cpp:511] sendPackets(): [LoRaMesher] Stack space unused after entering the task: 2148
15:35:33.700 > [267870][V][LoraMesher.cpp:512] sendPackets(): [LoRaMesher] Free heap: 336844
15:35:33.707 > [267876][V][LoraMesher.cpp:518] sendPackets(): [LoRaMesher] Size of Send Packets Queue: 1
15:35:33.714 > [267884][V][LoraMesher.cpp:525] sendPackets(): [LoRaMesher] Send n. 16
15:35:33.721 > [267891][V][LoraMesher.cpp:455] waitBeforeSend(): [LoRaMesher] RandomDelay 808 ms
15:35:34.536 > [268707][V][LoraMesher.cpp:754] printHeaderPacket(): [LoRaMesher] Packet send -- Size: 17 Src: B3F0 Dst: D110 Id: 16 Type: 2 Via: D110 Seq_Id: 0 Num: 0
15:35:34.626 > [268797][V][LoraMesher.cpp:575] sendPackets(): [LoRaMesher] TimeOnAir 63 ms, next message in 0 ms
15:35:34.635 > [268805][I][PacketQueueService.h:80] deleteQueuePacketAndPacket(): [LoRaMesher] Deleting packet
15:35:34.644 > [268814][I][PacketQueueService.h:83] deleteQueuePacketAndPacket(): [LoRaMesher] Deleting packet queue
15:35:53.735 > Send packet 14
15:35:53.736 > Sending packet to D110
15:35:53.738 > [287899][V][LoraMesher.h:250] createPacketAndSend(): [LoRaMesher] Creating a packet for send with 8 bytes
15:35:53.749 > [287911][V][PacketFactory.h:45] createPacket(): [LoRaMesher] Creating packet with 17 bytes
15:35:53.757 > [287919][I][PacketFactory.h:74] createPacket(): [LoRaMesher] Packet created with 17 bytes
15:35:53.764 > [287927][I][LoraMesher.h:659] setPackedForSend(): [LoRaMesher] Adding packet to Q_SP
15:35:53.771 > [287935][I][LoraMesher.h:661] setPackedForSend(): [LoRaMesher] Created packet to Q_SP
15:35:53.779 > [287942][I][LoraMesher.cpp:1061] addToSendOrderedAndNotify(): [LoRaMesher] Added packet to Q_SP, notifying sender task
15:35:53.790 > [287953][V][LoraMesher.cpp:511] sendPackets(): [LoRaMesher] Stack space unused after entering the task: 2148
15:35:53.799 > [287963][V][LoraMesher.cpp:512] sendPackets(): [LoRaMesher] Free heap: 336844
15:35:53.807 > [287969][V][LoraMesher.cpp:518] sendPackets(): [LoRaMesher] Size of Send Packets Queue: 1
15:35:53.815 > [287977][V][LoraMesher.cpp:525] sendPackets(): [LoRaMesher] Send n. 17
15:35:53.821 > [287984][V][LoraMesher.cpp:455] waitBeforeSend(): [LoRaMesher] RandomDelay 921 ms
15:35:54.749 > [288913][V][LoraMesher.cpp:754] printHeaderPacket(): [LoRaMesher] Packet send -- Size: 17 Src: B3F0 Dst: D110 Id: 17 Type: 2 Via: D110 Seq_Id: 0 Num: 0
15:35:54.839 > [289002][V][LoraMesher.cpp:575] sendPackets(): [LoRaMesher] TimeOnAir 63 ms, next message in 0 ms
15:35:54.849 > [289011][I][PacketQueueService.h:80] deleteQueuePacketAndPacket(): [LoRaMesher] Deleting packet
15:35:54.857 > [289020][I][PacketQueueService.h:83] deleteQueuePacketAndPacket(): [LoRaMesher] Deleting packet queue
15:36:13.834 > Send packet 15
15:36:13.836 > Sending packet to D110
15:36:13.838 > [307992][V][LoraMesher.h:250] createPacketAndSend(): [LoRaMesher] Creating a packet for send with 8 bytes
15:36:13.846 > [308004][V][PacketFactory.h:45] createPacket(): [LoRaMesher] Creating packet with 17 bytes
15:36:13.855 > [308012][I][PacketFactory.h:74] createPacket(): [LoRaMesher] Packet created with 17 bytes
15:36:13.862 > [308020][I][LoraMesher.h:659] setPackedForSend(): [LoRaMesher] Adding packet to Q_SP
15:36:13.870 > [308028][I][LoraMesher.h:661] setPackedForSend(): [LoRaMesher] Created packet to Q_SP
15:36:13.877 > [308035][I][LoraMesher.cpp:1061] addToSendOrderedAndNotify(): [LoRaMesher] Added packet to Q_SP, notifying sender task
15:36:13.889 > [308046][V][LoraMesher.cpp:511] sendPackets(): [LoRaMesher] Stack space unused after entering the task: 2148
15:36:13.899 > [308056][V][LoraMesher.cpp:512] sendPackets(): [LoRaMesher] Free heap: 336844
15:36:13.905 > [308062][V][LoraMesher.cpp:518] sendPackets(): [LoRaMesher] Size of Send Packets Queue: 1
15:36:13.913 > [308070][V][LoraMesher.cpp:525] sendPackets(): [LoRaMesher] Send n. 18
15:36:13.920 > [308077][V][LoraMesher.cpp:455] waitBeforeSend(): [LoRaMesher] RandomDelay 600 ms
15:36:14.527 > [308685][V][LoraMesher.cpp:754] printHeaderPacket(): [LoRaMesher] Packet send -- Size: 17 Src: B3F0 Dst: D110 Id: 18 Type: 2 Via: D110 Seq_Id: 0 Num: 0
15:36:14.617 > [308775][V][LoraMesher.cpp:575] sendPackets(): [LoRaMesher] TimeOnAir 63 ms, next message in 0 ms
15:36:14.626 > [308783][I][PacketQueueService.h:80] deleteQueuePacketAndPacket(): [LoRaMesher] Deleting packet
15:36:14.635 > [308792][I][PacketQueueService.h:83] deleteQueuePacketAndPacket(): [LoRaMesher] Deleting packet queue
15:36:33.931 > Send packet 16
15:36:33.933 > Sending packet to D110
15:36:33.935 > [328085][V][LoraMesher.h:250] createPacketAndSend(): [LoRaMesher] Creating a packet for send with 8 bytes
15:36:33.944 > [328097][V][PacketFactory.h:45] createPacket(): [LoRaMesher] Creating packet with 17 bytes
15:36:33.952 > [328105][I][PacketFactory.h:74] createPacket(): [LoRaMesher] Packet created with 17 bytes
15:36:33.960 > [328113][I][LoraMesher.h:659] setPackedForSend(): [LoRaMesher] Adding packet to Q_SP
15:36:33.967 > [328121][I][LoraMesher.h:661] setPackedForSend(): [LoRaMesher] Created packet to Q_SP
15:36:33.975 > [328128][I][LoraMesher.cpp:1061] addToSendOrderedAndNotify(): [LoRaMesher] Added packet to Q_SP, notifying sender task
15:36:33.986 > [328139][V][LoraMesher.cpp:511] sendPackets(): [LoRaMesher] Stack space unused after entering the task: 2148
15:36:33.995 > [328149][V][LoraMesher.cpp:512] sendPackets(): [LoRaMesher] Free heap: 336844
15:36:34.003 > [328155][V][LoraMesher.cpp:518] sendPackets(): [LoRaMesher] Size of Send Packets Queue: 1
15:36:34.010 > [328163][V][LoraMesher.cpp:525] sendPackets(): [LoRaMesher] Send n. 19
15:36:34.017 > [328170][V][LoraMesher.cpp:455] waitBeforeSend(): [LoRaMesher] RandomDelay 257 ms
15:36:34.281 > [328435][V][LoraMesher.cpp:754] printHeaderPacket(): [LoRaMesher] Packet send -- Size: 17 Src: B3F0 Dst: D110 Id: 19 Type: 2 Via: D110 Seq_Id: 0 Num: 0
15:36:34.371 > [328524][V][LoraMesher.cpp:575] sendPackets(): [LoRaMesher] TimeOnAir 63 ms, next message in 0 ms
15:36:34.380 > [328533][I][PacketQueueService.h:80] deleteQueuePacketAndPacket(): [LoRaMesher] Deleting packet
15:36:34.389 > [328542][I][PacketQueueService.h:83] deleteQueuePacketAndPacket(): [LoRaMesher] Deleting packet queue
15:36:54.028 > Send packet 17
15:36:54.029 > Sending packet to D110
15:36:54.031 > [348178][V][LoraMesher.h:250] createPacketAndSend(): [LoRaMesher] Creating a packet for send with 8 bytes
15:36:54.040 > [348190][V][PacketFactory.h:45] createPacket(): [LoRaMesher] Creating packet with 17 bytes
15:36:54.049 > [348198][I][PacketFactory.h:74] createPacket(): [LoRaMesher] Packet created with 17 bytes
15:36:54.056 > [348206][I][LoraMesher.h:659] setPackedForSend(): [LoRaMesher] Adding packet to Q_SP
15:36:54.064 > [348214][I][LoraMesher.h:661] setPackedForSend(): [LoRaMesher] Created packet to Q_SP
15:36:54.072 > [348221][I][LoraMesher.cpp:1061] addToSendOrderedAndNotify(): [LoRaMesher] Added packet to Q_SP, notifying sender task
15:36:54.082 > [348232][V][LoraMesher.cpp:511] sendPackets(): [LoRaMesher] Stack space unused after entering the task: 2148
15:36:54.092 > [348242][V][LoraMesher.cpp:512] sendPackets(): [LoRaMesher] Free heap: 336844
15:36:54.099 > [348248][V][LoraMesher.cpp:518] sendPackets(): [LoRaMesher] Size of Send Packets Queue: 1
15:36:54.107 > [348256][V][LoraMesher.cpp:525] sendPackets(): [LoRaMesher] Send n. 20
15:36:54.113 > [348263][V][LoraMesher.cpp:455] waitBeforeSend(): [LoRaMesher] RandomDelay 824 ms
15:36:54.945 > [349095][V][LoraMesher.cpp:754] printHeaderPacket(): [LoRaMesher] Packet send -- Size: 17 Src: B3F0 Dst: D110 Id: 20 Type: 2 Via: D110 Seq_Id: 0 Num: 0
15:36:55.035 > [349185][V][LoraMesher.cpp:575] sendPackets(): [LoRaMesher] TimeOnAir 63 ms, next message in 0 ms
15:36:55.044 > [349193][I][PacketQueueService.h:80] deleteQueuePacketAndPacket(): [LoRaMesher] Deleting packet
15:36:55.052 > [349202][I][PacketQueueService.h:83] deleteQueuePacketAndPacket(): [LoRaMesher] Deleting packet queue
15:37:11.706 > [365853][V][LoraMesher.cpp:378] receivingRoutine(): [LoRaMesher] Stack space unused after entering the task: 2076
15:37:11.716 > [365863][V][LoraMesher.cpp:379] receivingRoutine(): [LoRaMesher] Free heap: 336940
15:37:11.724 > [365871][I][PacketService.cpp:12] createEmptyPacket(): [LoRaMesher] Packet created with 20 bytes
15:37:11.733 > [365880][I][LoraMesher.cpp:392] receivingRoutine(): [LoRaMesher] Receiving LoRa packet: Size: 20 bytes RSSI: -24 SNR: 13
15:37:11.744 > [365891][V][LoraMesher.cpp:647] processPackets(): [LoRaMesher] Size of Received Packets Queue: 1
15:37:11.752 > [365899][V][LoraMesher.cpp:754] printHeaderPacket(): [LoRaMesher] Packet received -- Size: 20 Src: DE6C Dst: FFFF Id: 3 Type: 4 Via: 0 Seq_Id: 0 Num: 0
15:37:11.766 > [365913][I][RoutingTableService.cpp:77] processRoute(): [LoRaMesher] Route packet from DE6C with size 3
15:37:11.775 > [365922][I][RoutingTableService.cpp:99] resetReceiveSNRRoutePacket(): [LoRaMesher] Reset Receive SNR from DE6C: 13
15:37:11.785 > [365932][I][RoutingTableService.cpp:192] printRoutingTable(): [LoRaMesher] Current routing table:
15:37:11.794 > [365941][I][RoutingTableService.cpp:206] printRoutingTable(): [LoRaMesher] 0 - D110 via D110 metric 1 Role 1
15:37:11.804 > [365951][I][RoutingTableService.cpp:206] printRoutingTable(): [LoRaMesher] 1 - F02C via F02C metric 1 Role 0
15:37:11.813 > [365960][I][RoutingTableService.cpp:206] printRoutingTable(): [LoRaMesher] 2 - DE6C via DE6C metric 1 Role 0
15:37:11.823 > [365970][I][PacketQueueService.h:80] deleteQueuePacketAndPacket(): [LoRaMesher] Deleting packet
15:37:11.831 > [365978][I][PacketQueueService.h:83] deleteQueuePacketAndPacket(): [LoRaMesher] Deleting packet queue
15:37:11.840 > [365987][V][LoraMesher.cpp:641] processPackets(): [LoRaMesher] Stack space unused after entering the task: 2040
15:37:11.850 > [365997][V][LoraMesher.cpp:642] processPackets(): [LoRaMesher] Free heap: 336940
15:37:13.142 > [367288][V][LoraMesher.cpp:378] receivingRoutine(): [LoRaMesher] Stack space unused after entering the task: 2076
15:37:13.151 > [367298][V][LoraMesher.cpp:379] receivingRoutine(): [LoRaMesher] Free heap: 336940
15:37:13.159 > [367306][I][PacketService.cpp:12] createEmptyPacket(): [LoRaMesher] Packet created with 20 bytes
15:37:13.167 > [367314][I][LoraMesher.cpp:392] receivingRoutine(): [LoRaMesher] Receiving LoRa packet: Size: 20 bytes RSSI: -1 SNR: 12
15:37:13.179 > [367326][V][LoraMesher.cpp:647] processPackets(): [LoRaMesher] Size of Received Packets Queue: 1
15:37:13.187 > [367334][V][LoraMesher.cpp:754] printHeaderPacket(): [LoRaMesher] Packet received -- Size: 20 Src: F02C Dst: FFFF Id: 3 Type: 4 Via: 0 Seq_Id: 0 Num: 0
15:37:13.201 > [367348][I][RoutingTableService.cpp:77] processRoute(): [LoRaMesher] Route packet from F02C with size 3
15:37:13.210 > [367357][I][RoutingTableService.cpp:99] resetReceiveSNRRoutePacket(): [LoRaMesher] Reset Receive SNR from F02C: 12
15:37:13.220 > [367367][I][RoutingTableService.cpp:192] printRoutingTable(): [LoRaMesher] Current routing table:
15:37:13.229 > [367376][I][RoutingTableService.cpp:206] printRoutingTable(): [LoRaMesher] 0 - D110 via D110 metric 1 Role 1
15:37:13.238 > [367385][I][RoutingTableService.cpp:206] printRoutingTable(): [LoRaMesher] 1 - F02C via F02C metric 1 Role 0
15:37:13.248 > [367395][I][RoutingTableService.cpp:206] printRoutingTable(): [LoRaMesher] 2 - DE6C via DE6C metric 1 Role 0
15:37:13.258 > [367405][I][PacketQueueService.h:80] deleteQueuePacketAndPacket(): [LoRaMesher] Deleting packet
15:37:13.266 > [367413][I][PacketQueueService.h:83] deleteQueuePacketAndPacket(): [LoRaMesher] Deleting packet queue
15:37:13.275 > [367422][V][LoraMesher.cpp:641] processPackets(): [LoRaMesher] Stack space unused after entering the task: 2040
15:37:13.285 > [367432][V][LoraMesher.cpp:642] processPackets(): [LoRaMesher] Free heap: 336940
15:37:13.931 > [368078][V][LoraMesher.cpp:598] sendHelloPacket(): [LoRaMesher] Creating Routing Packet
15:37:13.939 > [368086][V][LoraMesher.cpp:599] sendHelloPacket(): [LoRaMesher] Stack space unused after entering the task: 2324
15:37:13.949 > [368096][V][LoraMesher.cpp:600] sendHelloPacket(): [LoRaMesher] Free heap: 336940
15:37:13.956 > [368103][V][PacketFactory.h:45] createPacket(): [LoRaMesher] Creating packet with 20 bytes
15:37:13.964 > [368111][I][PacketFactory.h:74] createPacket(): [LoRaMesher] Packet created with 20 bytes
15:37:13.972 > [368119][I][LoraMesher.h:659] setPackedForSend(): [LoRaMesher] Adding packet to Q_SP
15:37:13.980 > [368127][I][LoraMesher.h:661] setPackedForSend(): [LoRaMesher] Created packet to Q_SP
15:37:13.987 > [368134][I][LoraMesher.cpp:1061] addToSendOrderedAndNotify(): [LoRaMesher] Added packet to Q_SP, notifying sender task
15:37:13.999 > [368145][V][LoraMesher.cpp:511] sendPackets(): [LoRaMesher] Stack space unused after entering the task: 2148
15:37:14.007 > [368155][V][LoraMesher.cpp:512] sendPackets(): [LoRaMesher] Free heap: 336844
15:37:14.014 > [368161][V][LoraMesher.cpp:518] sendPackets(): [LoRaMesher] Size of Send Packets Queue: 1
15:37:14.022 > [368169][V][LoraMesher.cpp:525] sendPackets(): [LoRaMesher] Send n. 21
15:37:14.030 > [368176][V][LoraMesher.cpp:455] waitBeforeSend(): [LoRaMesher] RandomDelay 872 ms
15:37:14.123 > Send packet 18
15:37:14.125 > Sending packet to D110
15:37:14.127 > [368271][V][LoraMesher.h:250] createPacketAndSend(): [LoRaMesher] Creating a packet for send with 8 bytes
15:37:14.136 > [368283][V][PacketFactory.h:45] createPacket(): [LoRaMesher] Creating packet with 17 bytes
15:37:14.144 > [368291][I][PacketFactory.h:74] createPacket(): [LoRaMesher] Packet created with 17 bytes
15:37:14.152 > [368299][I][LoraMesher.h:659] setPackedForSend(): [LoRaMesher] Adding packet to Q_SP
15:37:14.160 > [368307][I][LoraMesher.h:661] setPackedForSend(): [LoRaMesher] Created packet to Q_SP
15:37:14.168 > [368314][I][LoraMesher.cpp:1061] addToSendOrderedAndNotify(): [LoRaMesher] Added packet to Q_SP, notifying sender task
15:37:14.909 > [369056][V][LoraMesher.cpp:754] printHeaderPacket(): [LoRaMesher] Packet send -- Size: 20 Src: B3F0 Dst: FFFF Id: 21 Type: 4 Via: 0 Seq_Id: 0 Num: 0
15:37:15.006 > [369153][V][LoraMesher.cpp:575] sendPackets(): [LoRaMesher] TimeOnAir 70 ms, next message in 0 ms
15:37:15.015 > [369161][I][PacketQueueService.h:80] deleteQueuePacketAndPacket(): [LoRaMesher] Deleting packet
15:37:15.024 > [369170][I][PacketQueueService.h:83] deleteQueuePacketAndPacket(): [LoRaMesher] Deleting packet queue
15:37:15.033 > [369179][V][LoraMesher.cpp:518] sendPackets(): [LoRaMesher] Size of Send Packets Queue: 1
15:37:15.041 > [369187][V][LoraMesher.cpp:525] sendPackets(): [LoRaMesher] Send n. 22
15:37:15.047 > [369193][V][LoraMesher.cpp:455] waitBeforeSend(): [LoRaMesher] RandomDelay 689 ms
15:37:15.743 > [369890][V][LoraMesher.cpp:754] printHeaderPacket(): [LoRaMesher] Packet send -- Size: 17 Src: B3F0 Dst: D110 Id: 22 Type: 2 Via: D110 Seq_Id: 0 Num: 0
15:37:15.833 > [369979][V][LoraMesher.cpp:575] sendPackets(): [LoRaMesher] TimeOnAir 63 ms, next message in 0 ms
15:37:15.842 > [369988][I][PacketQueueService.h:80] deleteQueuePacketAndPacket(): [LoRaMesher] Deleting packet
15:37:15.850 > [369997][I][PacketQueueService.h:83] deleteQueuePacketAndPacket(): [LoRaMesher] Deleting packet queue
15:37:34.180 > Send packet 19
15:37:34.181 > Sending packet to D110
15:37:34.183 > [388325][V][LoraMesher.h:250] createPacketAndSend(): [LoRaMesher] Creating a packet for send with 8 bytes
15:37:34.193 > [388337][V][PacketFactory.h:45] createPacket(): [LoRaMesher] Creating packet with 17 bytes
15:37:34.201 > [388345][I][PacketFactory.h:74] createPacket(): [LoRaMesher] Packet created with 17 bytes
15:37:34.209 > [388353][I][LoraMesher.h:659] setPackedForSend(): [LoRaMesher] Adding packet to Q_SP
15:37:34.216 > [388361][I][LoraMesher.h:661] setPackedForSend(): [LoRaMesher] Created packet to Q_SP
15:37:34.224 > [388368][I][LoraMesher.cpp:1061] addToSendOrderedAndNotify(): [LoRaMesher] Added packet to Q_SP, notifying sender task
15:37:34.234 > [388379][V][LoraMesher.cpp:511] sendPackets(): [LoRaMesher] Stack space unused after entering the task: 2148
15:37:34.244 > [388389][V][LoraMesher.cpp:512] sendPackets(): [LoRaMesher] Free heap: 336844
15:37:34.251 > [388395][V][LoraMesher.cpp:518] sendPackets(): [LoRaMesher] Size of Send Packets Queue: 1
15:37:34.259 > [388403][V][LoraMesher.cpp:525] sendPackets(): [LoRaMesher] Send n. 23
15:37:34.265 > [388410][V][LoraMesher.cpp:455] waitBeforeSend(): [LoRaMesher] RandomDelay 389 ms
15:37:34.662 > [388807][V][LoraMesher.cpp:754] printHeaderPacket(): [LoRaMesher] Packet send -- Size: 17 Src: B3F0 Dst: D110 Id: 23 Type: 2 Via: D110 Seq_Id: 0 Num: 0
15:37:34.752 > [388897][V][LoraMesher.cpp:575] sendPackets(): [LoRaMesher] TimeOnAir 63 ms, next message in 0 ms
15:37:34.761 > [388905][I][PacketQueueService.h:80] deleteQueuePacketAndPacket(): [LoRaMesher] Deleting packet
15:37:34.769 > [388914][I][PacketQueueService.h:83] deleteQueuePacketAndPacket(): [LoRaMesher] Deleting packet queue
15:37:54.275 > Send packet 20
15:37:54.277 > Sending packet to D110
15:37:54.279 > [408418][V][LoraMesher.h:250] createPacketAndSend(): [LoRaMesher] Creating a packet for send with 8 bytes
15:37:54.288 > [408430][V][PacketFactory.h:45] createPacket(): [LoRaMesher] Creating packet with 17 bytes
15:37:54.296 > [408438][I][PacketFactory.h:74] createPacket(): [LoRaMesher] Packet created with 17 bytes
15:37:54.304 > [408446][I][LoraMesher.h:659] setPackedForSend(): [LoRaMesher] Adding packet to Q_SP
15:37:54.312 > [408454][I][LoraMesher.h:661] setPackedForSend(): [LoRaMesher] Created packet to Q_SP
15:37:54.319 > [408461][I][LoraMesher.cpp:1061] addToSendOrderedAndNotify(): [LoRaMesher] Added packet to Q_SP, notifying sender task
15:37:54.330 > [408472][V][LoraMesher.cpp:511] sendPackets(): [LoRaMesher] Stack space unused after entering the task: 2148
15:37:54.340 > [408482][V][LoraMesher.cpp:512] sendPackets(): [LoRaMesher] Free heap: 336844
15:37:54.347 > [408488][V][LoraMesher.cpp:518] sendPackets(): [LoRaMesher] Size of Send Packets Queue: 1
15:37:54.355 > [408496][V][LoraMesher.cpp:525] sendPackets(): [LoRaMesher] Send n. 24
15:37:54.361 > [408503][V][LoraMesher.cpp:455] waitBeforeSend(): [LoRaMesher] RandomDelay 312 ms
15:37:54.680 > [408823][V][LoraMesher.cpp:754] printHeaderPacket(): [LoRaMesher] Packet send -- Size: 17 Src: B3F0 Dst: D110 Id: 24 Type: 2 Via: D110 Seq_Id: 0 Num: 0
15:37:54.770 > [408913][V][LoraMesher.cpp:575] sendPackets(): [LoRaMesher] TimeOnAir 63 ms, next message in 0 ms
15:37:54.779 > [408921][I][PacketQueueService.h:80] deleteQueuePacketAndPacket(): [LoRaMesher] Deleting packet
15:37:54.788 > [408930][I][PacketQueueService.h:83] deleteQueuePacketAndPacket(): [LoRaMesher] Deleting packet queue
15:38:14.369 > Send packet 21
15:38:14.371 > Sending packet to D110
15:38:14.373 > [428511][V][LoraMesher.h:250] createPacketAndSend(): [LoRaMesher] Creating a packet for send with 8 bytes
15:38:14.383 > [428523][V][PacketFactory.h:45] createPacket(): [LoRaMesher] Creating packet with 17 bytes
15:38:14.391 > [428531][I][PacketFactory.h:74] createPacket(): [LoRaMesher] Packet created with 17 bytes
15:38:14.399 > [428539][I][LoraMesher.h:659] setPackedForSend(): [LoRaMesher] Adding packet to Q_SP
15:38:14.406 > [428547][I][LoraMesher.h:661] setPackedForSend(): [LoRaMesher] Created packet to Q_SP
15:38:14.414 > [428554][I][LoraMesher.cpp:1061] addToSendOrderedAndNotify(): [LoRaMesher] Added packet to Q_SP, notifying sender task
15:38:14.425 > [428565][V][LoraMesher.cpp:511] sendPackets(): [LoRaMesher] Stack space unused after entering the task: 2148
15:38:14.434 > [428575][V][LoraMesher.cpp:512] sendPackets(): [LoRaMesher] Free heap: 336844
15:38:14.441 > [428581][V][LoraMesher.cpp:518] sendPackets(): [LoRaMesher] Size of Send Packets Queue: 1
15:38:14.449 > [428589][V][LoraMesher.cpp:525] sendPackets(): [LoRaMesher] Send n. 25
15:38:14.455 > [428596][V][LoraMesher.cpp:455] waitBeforeSend(): [LoRaMesher] RandomDelay 260 ms
15:38:14.723 > [428864][V][LoraMesher.cpp:754] printHeaderPacket(): [LoRaMesher] Packet send -- Size: 17 Src: B3F0 Dst: D110 Id: 25 Type: 2 Via: D110 Seq_Id: 0 Num: 0
15:38:14.812 > [428954][V][LoraMesher.cpp:575] sendPackets(): [LoRaMesher] TimeOnAir 63 ms, next message in 0 ms
15:38:14.822 > [428962][I][PacketQueueService.h:80] deleteQueuePacketAndPacket(): [LoRaMesher] Deleting packet
15:38:14.830 > [428971][I][PacketQueueService.h:83] deleteQueuePacketAndPacket(): [LoRaMesher] Deleting packet queue
15:38:34.464 > Send packet 22
15:38:34.466 > Sending packet to D110
15:38:34.468 > [448604][V][LoraMesher.h:250] createPacketAndSend(): [LoRaMesher] Creating a packet for send with 8 bytes
15:38:34.477 > [448616][V][PacketFactory.h:45] createPacket(): [LoRaMesher] Creating packet with 17 bytes
15:38:34.485 > [448624][I][PacketFactory.h:74] createPacket(): [LoRaMesher] Packet created with 17 bytes
15:38:34.493 > [448632][I][LoraMesher.h:659] setPackedForSend(): [LoRaMesher] Adding packet to Q_SP
15:38:34.501 > [448640][I][LoraMesher.h:661] setPackedForSend(): [LoRaMesher] Created packet to Q_SP
15:38:34.509 > [448647][I][LoraMesher.cpp:1061] addToSendOrderedAndNotify(): [LoRaMesher] Added packet to Q_SP, notifying sender task
15:38:34.519 > [448658][V][LoraMesher.cpp:511] sendPackets(): [LoRaMesher] Stack space unused after entering the task: 2148
15:38:34.529 > [448668][V][LoraMesher.cpp:512] sendPackets(): [LoRaMesher] Free heap: 336844
15:38:34.536 > [448674][V][LoraMesher.cpp:518] sendPackets(): [LoRaMesher] Size of Send Packets Queue: 1
15:38:34.544 > [448682][V][LoraMesher.cpp:525] sendPackets(): [LoRaMesher] Send n. 26
15:38:34.550 > [448689][V][LoraMesher.cpp:455] waitBeforeSend(): [LoRaMesher] RandomDelay 773 ms
15:38:35.330 > [449470][V][LoraMesher.cpp:754] printHeaderPacket(): [LoRaMesher] Packet send -- Size: 17 Src: B3F0 Dst: D110 Id: 26 Type: 2 Via: D110 Seq_Id: 0 Num: 0
15:38:35.420 > [449560][V][LoraMesher.cpp:575] sendPackets(): [LoRaMesher] TimeOnAir 63 ms, next message in 0 ms
15:38:35.429 > [449568][I][PacketQueueService.h:80] deleteQueuePacketAndPacket(): [LoRaMesher] Deleting packet
15:38:35.438 > [449577][I][PacketQueueService.h:83] deleteQueuePacketAndPacket(): [LoRaMesher] Deleting packet queue
15:38:54.558 > Send packet 23
15:38:54.560 > Sending packet to D110
15:38:54.562 > [468697][V][LoraMesher.h:250] createPacketAndSend(): [LoRaMesher] Creating a packet for send with 8 bytes
15:38:54.571 > [468709][V][PacketFactory.h:45] createPacket(): [LoRaMesher] Creating packet with 17 bytes
15:38:54.579 > [468717][I][PacketFactory.h:74] createPacket(): [LoRaMesher] Packet created with 17 bytes
15:38:54.587 > [468725][I][LoraMesher.h:659] setPackedForSend(): [LoRaMesher] Adding packet to Q_SP
15:38:54.594 > [468733][I][LoraMesher.h:661] setPackedForSend(): [LoRaMesher] Created packet to Q_SP
15:38:54.602 > [468740][I][LoraMesher.cpp:1061] addToSendOrderedAndNotify(): [LoRaMesher] Added packet to Q_SP, notifying sender task
15:38:54.613 > [468751][V][LoraMesher.cpp:511] sendPackets(): [LoRaMesher] Stack space unused after entering the task: 2148
15:38:54.622 > [468761][V][LoraMesher.cpp:512] sendPackets(): [LoRaMesher] Free heap: 336844
15:38:54.630 > [468767][V][LoraMesher.cpp:518] sendPackets(): [LoRaMesher] Size of Send Packets Queue: 1
15:38:54.637 > [468775][V][LoraMesher.cpp:525] sendPackets(): [LoRaMesher] Send n. 27
15:38:54.644 > [468782][V][LoraMesher.cpp:455] waitBeforeSend(): [LoRaMesher] RandomDelay 555 ms
15:38:55.207 > [469345][V][LoraMesher.cpp:754] printHeaderPacket(): [LoRaMesher] Packet send -- Size: 17 Src: B3F0 Dst: D110 Id: 27 Type: 2 Via: D110 Seq_Id: 0 Num: 0
15:38:55.296 > [469435][V][LoraMesher.cpp:575] sendPackets(): [LoRaMesher] TimeOnAir 63 ms, next message in 0 ms
15:38:55.306 > [469443][I][PacketQueueService.h:80] deleteQueuePacketAndPacket(): [LoRaMesher] Deleting packet
15:38:55.314 > [469452][I][PacketQueueService.h:83] deleteQueuePacketAndPacket(): [LoRaMesher] Deleting packet queue
15:39:11.912 > [486049][V][LoraMesher.cpp:378] receivingRoutine(): [LoRaMesher] Stack space unused after entering the task: 2076
15:39:11.923 > [486060][V][LoraMesher.cpp:379] receivingRoutine(): [LoRaMesher] Free heap: 336940
15:39:11.930 > [486067][I][PacketService.cpp:12] createEmptyPacket(): [LoRaMesher] Packet created with 20 bytes
15:39:11.939 > [486076][I][LoraMesher.cpp:392] receivingRoutine(): [LoRaMesher] Receiving LoRa packet: Size: 20 bytes RSSI: -1 SNR: 12
15:39:11.950 > [486087][V][LoraMesher.cpp:647] processPackets(): [LoRaMesher] Size of Received Packets Queue: 1
15:39:11.959 > [486096][V][LoraMesher.cpp:754] printHeaderPacket(): [LoRaMesher] Packet received -- Size: 20 Src: F02C Dst: FFFF Id: 4 Type: 4 Via: 0 Seq_Id: 0 Num: 0
15:39:11.972 > [486109][I][RoutingTableService.cpp:77] processRoute(): [LoRaMesher] Route packet from F02C with size 3
15:39:11.982 > [486118][I][RoutingTableService.cpp:99] resetReceiveSNRRoutePacket(): [LoRaMesher] Reset Receive SNR from F02C: 12
15:39:11.992 > [486128][I][RoutingTableService.cpp:192] printRoutingTable(): [LoRaMesher] Current routing table:
15:39:12.001 > [486137][I][RoutingTableService.cpp:206] printRoutingTable(): [LoRaMesher] 0 - D110 via D110 metric 1 Role 1
15:39:12.010 > [486147][I][RoutingTableService.cpp:206] printRoutingTable(): [LoRaMesher] 1 - F02C via F02C metric 1 Role 0
15:39:12.020 > [486156][I][RoutingTableService.cpp:206] printRoutingTable(): [LoRaMesher] 2 - DE6C via DE6C metric 1 Role 0
15:39:12.029 > [486166][I][PacketQueueService.h:80] deleteQueuePacketAndPacket(): [LoRaMesher] Deleting packet
15:39:12.038 > [486174][I][PacketQueueService.h:83] deleteQueuePacketAndPacket(): [LoRaMesher] Deleting packet queue
15:39:12.047 > [486183][V][LoraMesher.cpp:641] processPackets(): [LoRaMesher] Stack space unused after entering the task: 2040
15:39:12.057 > [486193][V][LoraMesher.cpp:642] processPackets(): [LoRaMesher] Free heap: 336940
15:39:12.893 > [487030][V][LoraMesher.cpp:378] receivingRoutine(): [LoRaMesher] Stack space unused after entering the task: 2076
15:39:12.903 > [487040][V][LoraMesher.cpp:379] receivingRoutine(): [LoRaMesher] Free heap: 336940
15:39:12.911 > [487047][I][PacketService.cpp:12] createEmptyPacket(): [LoRaMesher] Packet created with 20 bytes
15:39:12.919 > [487056][I][LoraMesher.cpp:392] receivingRoutine(): [LoRaMesher] Receiving LoRa packet: Size: 20 bytes RSSI: -25 SNR: 14
15:39:12.931 > [487067][V][LoraMesher.cpp:647] processPackets(): [LoRaMesher] Size of Received Packets Queue: 1
15:39:12.939 > [487076][V][LoraMesher.cpp:754] printHeaderPacket(): [LoRaMesher] Packet received -- Size: 20 Src: DE6C Dst: FFFF Id: 4 Type: 4 Via: 0 Seq_Id: 0 Num: 0
15:39:12.953 > [487089][I][RoutingTableService.cpp:77] processRoute(): [LoRaMesher] Route packet from DE6C with size 3
15:39:12.962 > [487098][I][RoutingTableService.cpp:99] resetReceiveSNRRoutePacket(): [LoRaMesher] Reset Receive SNR from DE6C: 14
15:39:12.972 > [487109][I][RoutingTableService.cpp:192] printRoutingTable(): [LoRaMesher] Current routing table:
15:39:12.981 > [487117][I][RoutingTableService.cpp:206] printRoutingTable(): [LoRaMesher] 0 - D110 via D110 metric 1 Role 1
15:39:12.990 > [487127][I][RoutingTableService.cpp:206] printRoutingTable(): [LoRaMesher] 1 - F02C via F02C metric 1 Role 0
15:39:13.000 > [487137][I][RoutingTableService.cpp:206] printRoutingTable(): [LoRaMesher] 2 - DE6C via DE6C metric 1 Role 0
15:39:13.010 > [487146][I][PacketQueueService.h:80] deleteQueuePacketAndPacket(): [LoRaMesher] Deleting packet
15:39:13.018 > [487155][I][PacketQueueService.h:83] deleteQueuePacketAndPacket(): [LoRaMesher] Deleting packet queue
15:39:13.027 > [487164][V][LoraMesher.cpp:641] processPackets(): [LoRaMesher] Stack space unused after entering the task: 2040
15:39:13.037 > [487174][V][LoraMesher.cpp:642] processPackets(): [LoRaMesher] Free heap: 336940
15:39:14.007 > [488144][V][LoraMesher.cpp:598] sendHelloPacket(): [LoRaMesher] Creating Routing Packet
15:39:14.015 > [488152][V][LoraMesher.cpp:599] sendHelloPacket(): [LoRaMesher] Stack space unused after entering the task: 2324
15:39:14.025 > [488162][V][LoraMesher.cpp:600] sendHelloPacket(): [LoRaMesher] Free heap: 336940
15:39:14.033 > [488169][V][PacketFactory.h:45] createPacket(): [LoRaMesher] Creating packet with 20 bytes
15:39:14.041 > [488177][I][PacketFactory.h:74] createPacket(): [LoRaMesher] Packet created with 20 bytes
15:39:14.049 > [488185][I][LoraMesher.h:659] setPackedForSend(): [LoRaMesher] Adding packet to Q_SP
15:39:14.056 > [488193][I][LoraMesher.h:661] setPackedForSend(): [LoRaMesher] Created packet to Q_SP
15:39:14.064 > [488200][I][LoraMesher.cpp:1061] addToSendOrderedAndNotify(): [LoRaMesher] Added packet to Q_SP, notifying sender task
15:39:14.074 > [488211][V][LoraMesher.cpp:511] sendPackets(): [LoRaMesher] Stack space unused after entering the task: 2116
15:39:14.084 > [488221][V][LoraMesher.cpp:512] sendPackets(): [LoRaMesher] Free heap: 336844
15:39:14.091 > [488227][V][LoraMesher.cpp:518] sendPackets(): [LoRaMesher] Size of Send Packets Queue: 1
15:39:14.099 > [488235][V][LoraMesher.cpp:525] sendPackets(): [LoRaMesher] Send n. 28
15:39:14.105 > [488242][V][LoraMesher.cpp:455] waitBeforeSend(): [LoRaMesher] RandomDelay 371 ms
15:39:14.484 > [488621][V][LoraMesher.cpp:754] printHeaderPacket(): [LoRaMesher] Packet send -- Size: 20 Src: B3F0 Dst: FFFF Id: 28 Type: 4 Via: 0 Seq_Id: 0 Num: 0
15:39:14.581 > [488717][V][LoraMesher.cpp:575] sendPackets(): [LoRaMesher] TimeOnAir 70 ms, next message in 0 ms
15:39:14.590 > [488726][I][PacketQueueService.h:80] deleteQueuePacketAndPacket(): [LoRaMesher] Deleting packet
15:39:14.598 > [488735][I][PacketQueueService.h:83] deleteQueuePacketAndPacket(): [LoRaMesher] Deleting packet queue
15:39:14.653 > Send packet 24
15:39:14.654 > Sending packet to D110
15:39:14.656 > [488790][V][LoraMesher.h:250] createPacketAndSend(): [LoRaMesher] Creating a packet for send with 8 bytes
15:39:14.665 > [488802][V][PacketFactory.h:45] createPacket(): [LoRaMesher] Creating packet with 17 bytes
15:39:14.675 > [488810][I][PacketFactory.h:74] createPacket(): [LoRaMesher] Packet created with 17 bytes
15:39:14.682 > [488818][I][LoraMesher.h:659] setPackedForSend(): [LoRaMesher] Adding packet to Q_SP
15:39:14.689 > [488826][I][LoraMesher.h:661] setPackedForSend(): [LoRaMesher] Created packet to Q_SP
15:39:14.698 > [488833][I][LoraMesher.cpp:1061] addToSendOrderedAndNotify(): [LoRaMesher] Added packet to Q_SP, notifying sender task
15:39:14.707 > [488844][V][LoraMesher.cpp:511] sendPackets(): [LoRaMesher] Stack space unused after entering the task: 2116
15:39:14.717 > [488854][V][LoraMesher.cpp:512] sendPackets(): [LoRaMesher] Free heap: 336844
15:39:14.724 > [488860][V][LoraMesher.cpp:518] sendPackets(): [LoRaMesher] Size of Send Packets Queue: 1
15:39:14.732 > [488868][V][LoraMesher.cpp:525] sendPackets(): [LoRaMesher] Send n. 29
15:39:14.738 > [488875][V][LoraMesher.cpp:455] waitBeforeSend(): [LoRaMesher] RandomDelay 562 ms
15:39:15.308 > [489445][V][LoraMesher.cpp:754] printHeaderPacket(): [LoRaMesher] Packet send -- Size: 17 Src: B3F0 Dst: D110 Id: 29 Type: 2 Via: D110 Seq_Id: 0 Num: 0
15:39:15.398 > [489535][V][LoraMesher.cpp:575] sendPackets(): [LoRaMesher] TimeOnAir 63 ms, next message in 0 ms
15:39:15.407 > [489543][I][PacketQueueService.h:80] deleteQueuePacketAndPacket(): [LoRaMesher] Deleting packet
15:39:15.415 > [489552][I][PacketQueueService.h:83] deleteQueuePacketAndPacket(): [LoRaMesher] Deleting packet queue
15:39:34.744 > Send packet 25
15:39:34.746 > Sending packet to D110
15:39:34.748 > [508883][V][LoraMesher.h:250] createPacketAndSend(): [LoRaMesher] Creating a packet for send with 8 bytes
15:39:34.757 > [508895][V][PacketFactory.h:45] createPacket(): [LoRaMesher] Creating packet with 17 bytes
15:39:34.765 > [508903][I][PacketFactory.h:74] createPacket(): [LoRaMesher] Packet created with 17 bytes
15:39:34.773 > [508911][I][LoraMesher.h:659] setPackedForSend(): [LoRaMesher] Adding packet to Q_SP
15:39:34.781 > [508919][I][LoraMesher.h:661] setPackedForSend(): [LoRaMesher] Created packet to Q_SP
15:39:34.788 > [508926][I][LoraMesher.cpp:1061] addToSendOrderedAndNotify(): [LoRaMesher] Added packet to Q_SP, notifying sender task
15:39:34.799 > [508937][V][LoraMesher.cpp:511] sendPackets(): [LoRaMesher] Stack space unused after entering the task: 2116
15:39:34.808 > [508947][V][LoraMesher.cpp:512] sendPackets(): [LoRaMesher] Free heap: 336844
15:39:34.815 > [508953][V][LoraMesher.cpp:518] sendPackets(): [LoRaMesher] Size of Send Packets Queue: 1
15:39:34.823 > [508961][V][LoraMesher.cpp:525] sendPackets(): [LoRaMesher] Send n. 30
15:39:34.830 > [508968][V][LoraMesher.cpp:455] waitBeforeSend(): [LoRaMesher] RandomDelay 360 ms
15:39:35.197 > [509336][V][LoraMesher.cpp:754] printHeaderPacket(): [LoRaMesher] Packet send -- Size: 17 Src: B3F0 Dst: D110 Id: 30 Type: 2 Via: D110 Seq_Id: 0 Num: 0
15:39:35.287 > [509426][V][LoraMesher.cpp:575] sendPackets(): [LoRaMesher] TimeOnAir 63 ms, next message in 0 ms
15:39:35.296 > [509434][I][PacketQueueService.h:80] deleteQueuePacketAndPacket(): [LoRaMesher] Deleting packet
15:39:35.305 > [509443][I][PacketQueueService.h:83] deleteQueuePacketAndPacket(): [LoRaMesher] Deleting packet queue
15:39:54.834 > Send packet 26
15:39:54.835 > Sending packet to D110
15:39:54.837 > [528976][V][LoraMesher.h:250] createPacketAndSend(): [LoRaMesher] Creating a packet for send with 8 bytes
15:39:54.847 > [528988][V][PacketFactory.h:45] createPacket(): [LoRaMesher] Creating packet with 17 bytes
15:39:54.855 > [528996][I][PacketFactory.h:74] createPacket(): [LoRaMesher] Packet created with 17 bytes
15:39:54.863 > [529004][I][LoraMesher.h:659] setPackedForSend(): [LoRaMesher] Adding packet to Q_SP
15:39:54.870 > [529012][I][LoraMesher.h:661] setPackedForSend(): [LoRaMesher] Created packet to Q_SP
15:39:54.878 > [529019][I][LoraMesher.cpp:1061] addToSendOrderedAndNotify(): [LoRaMesher] Added packet to Q_SP, notifying sender task
15:39:54.888 > [529030][V][LoraMesher.cpp:511] sendPackets(): [LoRaMesher] Stack space unused after entering the task: 2116
15:39:54.898 > [529040][V][LoraMesher.cpp:512] sendPackets(): [LoRaMesher] Free heap: 336844
15:39:54.905 > [529046][V][LoraMesher.cpp:518] sendPackets(): [LoRaMesher] Size of Send Packets Queue: 1
15:39:54.913 > [529054][V][LoraMesher.cpp:525] sendPackets(): [LoRaMesher] Send n. 31
15:39:54.919 > [529061][V][LoraMesher.cpp:455] waitBeforeSend(): [LoRaMesher] RandomDelay 239 ms
15:39:55.166 > [529308][V][LoraMesher.cpp:754] printHeaderPacket(): [LoRaMesher] Packet send -- Size: 17 Src: B3F0 Dst: D110 Id: 31 Type: 2 Via: D110 Seq_Id: 0 Num: 0
15:39:55.256 > [529398][V][LoraMesher.cpp:575] sendPackets(): [LoRaMesher] TimeOnAir 63 ms, next message in 0 ms
15:39:55.265 > [529406][I][PacketQueueService.h:80] deleteQueuePacketAndPacket(): [LoRaMesher] Deleting packet
15:39:55.273 > [529415][I][PacketQueueService.h:83] deleteQueuePacketAndPacket(): [LoRaMesher] Deleting packet queue
15:39:59.243 > [533385][V][LoraMesher.cpp:378] receivingRoutine(): [LoRaMesher] Stack space unused after entering the task: 2076
15:39:59.254 > [533395][V][LoraMesher.cpp:379] receivingRoutine(): [LoRaMesher] Free heap: 336940
15:39:59.261 > [533403][I][PacketService.cpp:12] createEmptyPacket(): [LoRaMesher] Packet created with 8 bytes
15:39:59.270 > [533411][I][LoraMesher.cpp:392] receivingRoutine(): [LoRaMesher] Receiving LoRa packet: Size: 8 bytes RSSI: -84 SNR: -4
15:39:59.281 > [533422][V][LoraMesher.cpp:647] processPackets(): [LoRaMesher] Size of Received Packets Queue: 1
15:39:59.290 > [533431][V][LoraMesher.cpp:754] printHeaderPacket(): [LoRaMesher] Packet received -- Size: 8 Src: C998 Dst: FFFF Id: 0 Type: 4 Via: 0 Seq_Id: 0 Num: 0
15:39:59.303 > [533444][I][RoutingTableService.cpp:77] processRoute(): [LoRaMesher] Route packet from C998 with size 0
15:39:59.312 > [533454][I][RoutingTableService.cpp:156] addNodeToRoutingTable(): [LoRaMesher] New route added: C998 via C998 metric 1, role 0
15:39:59.323 > [533465][I][RoutingTableService.cpp:99] resetReceiveSNRRoutePacket(): [LoRaMesher] Reset Receive SNR from C998: -4
15:39:59.333 > [533475][I][RoutingTableService.cpp:192] printRoutingTable(): [LoRaMesher] Current routing table:
15:39:59.342 > [533484][I][RoutingTableService.cpp:206] printRoutingTable(): [LoRaMesher] 0 - D110 via D110 metric 1 Role 1
15:39:59.352 > [533493][I][RoutingTableService.cpp:206] printRoutingTable(): [LoRaMesher] 1 - F02C via F02C metric 1 Role 0
15:39:59.361 > [533503][I][RoutingTableService.cpp:206] printRoutingTable(): [LoRaMesher] 2 - DE6C via DE6C metric 1 Role 0
15:39:59.371 > [533513][I][RoutingTableService.cpp:206] printRoutingTable(): [LoRaMesher] 3 - C998 via C998 metric 1 Role 0
15:39:59.381 > [533522][I][PacketQueueService.h:80] deleteQueuePacketAndPacket(): [LoRaMesher] Deleting packet
15:39:59.389 > [533531][I][PacketQueueService.h:83] deleteQueuePacketAndPacket(): [LoRaMesher] Deleting packet queue
15:39:59.398 > [533540][V][LoraMesher.cpp:641] processPackets(): [LoRaMesher] Stack space unused after entering the task: 2040
15:39:59.408 > [533550][V][LoraMesher.cpp:642] processPackets(): [LoRaMesher] Free heap: 336876
15:40:14.925 > Send packet 27
15:40:14.927 > Sending packet to D110
15:40:14.929 > [549069][V][LoraMesher.h:250] createPacketAndSend(): [LoRaMesher] Creating a packet for send with 8 bytes
15:40:14.938 > [549081][V][PacketFactory.h:45] createPacket(): [LoRaMesher] Creating packet with 17 bytes
15:40:14.945 > [549089][I][PacketFactory.h:74] createPacket(): [LoRaMesher] Packet created with 17 bytes
15:40:14.954 > [549097][I][LoraMesher.h:659] setPackedForSend(): [LoRaMesher] Adding packet to Q_SP
15:40:14.962 > [549105][I][LoraMesher.h:661] setPackedForSend(): [LoRaMesher] Created packet to Q_SP
15:40:14.968 > [549112][I][LoraMesher.cpp:1061] addToSendOrderedAndNotify(): [LoRaMesher] Added packet to Q_SP, notifying sender task
15:40:14.980 > [549123][V][LoraMesher.cpp:511] sendPackets(): [LoRaMesher] Stack space unused after entering the task: 2116
15:40:14.989 > [549133][V][LoraMesher.cpp:512] sendPackets(): [LoRaMesher] Free heap: 336780
15:40:14.996 > [549139][V][LoraMesher.cpp:518] sendPackets(): [LoRaMesher] Size of Send Packets Queue: 1
15:40:15.004 > [549147][V][LoraMesher.cpp:525] sendPackets(): [LoRaMesher] Send n. 32
15:40:15.011 > [549154][V][LoraMesher.cpp:455] waitBeforeSend(): [LoRaMesher] RandomDelay 1105 ms
15:40:16.123 > [550267][V][LoraMesher.cpp:754] printHeaderPacket(): [LoRaMesher] Packet send -- Size: 17 Src: B3F0 Dst: D110 Id: 32 Type: 2 Via: D110 Seq_Id: 0 Num: 0
15:40:16.213 > [550357][V][LoraMesher.cpp:575] sendPackets(): [LoRaMesher] TimeOnAir 63 ms, next message in 0 ms
15:40:16.221 > [550365][I][PacketQueueService.h:80] deleteQueuePacketAndPacket(): [LoRaMesher] Deleting packet
15:40:16.230 > [550374][I][PacketQueueService.h:83] deleteQueuePacketAndPacket(): [LoRaMesher] Deleting packet queue
15:40:35.016 > Send packet 28
15:40:35.017 > Sending packet to D110
15:40:35.019 > [569162][V][LoraMesher.h:250] createPacketAndSend(): [LoRaMesher] Creating a packet for send with 8 bytes
15:40:35.029 > [569174][V][PacketFactory.h:45] createPacket(): [LoRaMesher] Creating packet with 17 bytes
15:40:35.037 > [569182][I][PacketFactory.h:74] createPacket(): [LoRaMesher] Packet created with 17 bytes
15:40:35.045 > [569190][I][LoraMesher.h:659] setPackedForSend(): [LoRaMesher] Adding packet to Q_SP
15:40:35.052 > [569198][I][LoraMesher.h:661] setPackedForSend(): [LoRaMesher] Created packet to Q_SP
15:40:35.060 > [569205][I][LoraMesher.cpp:1061] addToSendOrderedAndNotify(): [LoRaMesher] Added packet to Q_SP, notifying sender task
15:40:35.071 > [569216][V][LoraMesher.cpp:511] sendPackets(): [LoRaMesher] Stack space unused after entering the task: 2116
15:40:35.080 > [569226][V][LoraMesher.cpp:512] sendPackets(): [LoRaMesher] Free heap: 336780
15:40:35.087 > [569232][V][LoraMesher.cpp:518] sendPackets(): [LoRaMesher] Size of Send Packets Queue: 1
15:40:35.095 > [569240][V][LoraMesher.cpp:525] sendPackets(): [LoRaMesher] Send n. 33
15:40:35.101 > [569247][V][LoraMesher.cpp:455] waitBeforeSend(): [LoRaMesher] RandomDelay 1155 ms
15:40:36.264 > [570410][V][LoraMesher.cpp:754] printHeaderPacket(): [LoRaMesher] Packet send -- Size: 17 Src: B3F0 Dst: D110 Id: 33 Type: 2 Via: D110 Seq_Id: 0 Num: 0
15:40:36.354 > [570500][V][LoraMesher.cpp:575] sendPackets(): [LoRaMesher] TimeOnAir 63 ms, next message in 0 ms
15:40:36.363 > [570508][I][PacketQueueService.h:80] deleteQueuePacketAndPacket(): [LoRaMesher] Deleting packet
15:40:36.371 > [570517][I][PacketQueueService.h:83] deleteQueuePacketAndPacket(): [LoRaMesher] Deleting packet queue
15:40:55.107 > Send packet 29
15:40:55.126 > Sending packet to D110
15:40:55.126 > [589255][V][LoraMesher.h:250] createPacketAndSend(): [LoRaMesher] Creating a packet for send with 8 bytes
15:40:55.126 > [589267][V][PacketFactory.h:45] createPacket(): [LoRaMesher] Creating packet with 17 bytes
15:40:55.128 > [589275][I][PacketFactory.h:74] createPacket(): [LoRaMesher] Packet created with 17 bytes
15:40:55.136 > [589283][I][LoraMesher.h:659] setPackedForSend(): [LoRaMesher] Adding packet to Q_SP
15:40:55.144 > [589291][I][LoraMesher.h:661] setPackedForSend(): [LoRaMesher] Created packet to Q_SP
15:40:55.152 > [589298][I][LoraMesher.cpp:1061] addToSendOrderedAndNotify(): [LoRaMesher] Added packet to Q_SP, notifying sender task
15:40:55.162 > [589309][V][LoraMesher.cpp:511] sendPackets(): [LoRaMesher] Stack space unused after entering the task: 2116
15:40:55.172 > [589319][V][LoraMesher.cpp:512] sendPackets(): [LoRaMesher] Free heap: 336780
15:40:55.179 > [589325][V][LoraMesher.cpp:518] sendPackets(): [LoRaMesher] Size of Send Packets Queue: 1
15:40:55.187 > [589333][V][LoraMesher.cpp:525] sendPackets(): [LoRaMesher] Send n. 34
15:40:55.193 > [589340][V][LoraMesher.cpp:455] waitBeforeSend(): [LoRaMesher] RandomDelay 338 ms
15:40:55.539 > [589686][V][LoraMesher.cpp:754] printHeaderPacket(): [LoRaMesher] Packet send -- Size: 17 Src: B3F0 Dst: D110 Id: 34 Type: 2 Via: D110 Seq_Id: 0 Num: 0
15:40:55.628 > [589776][V][LoraMesher.cpp:575] sendPackets(): [LoRaMesher] TimeOnAir 63 ms, next message in 0 ms
15:40:55.637 > [589784][I][PacketQueueService.h:80] deleteQueuePacketAndPacket(): [LoRaMesher] Deleting packet
15:40:55.646 > [589793][I][PacketQueueService.h:83] deleteQueuePacketAndPacket(): [LoRaMesher] Deleting packet queue
15:41:11.802 > [605950][V][LoraMesher.cpp:694] routingTableManager(): [LoRaMesher] Stack space unused after entering the task: 2296
15:41:11.812 > [605960][V][LoraMesher.cpp:695] routingTableManager(): [LoRaMesher] Free heap: 336876
15:41:11.820 > [605968][I][RoutingTableService.cpp:216] manageTimeoutRoutingTable(): [LoRaMesher] Checking routes timeout
15:41:11.830 > [605977][I][RoutingTableService.cpp:192] printRoutingTable(): [LoRaMesher] Current routing table:
15:41:11.838 > [605986][I][RoutingTableService.cpp:206] printRoutingTable(): [LoRaMesher] 0 - D110 via D110 metric 1 Role 1
15:41:11.849 > [605996][I][RoutingTableService.cpp:206] printRoutingTable(): [LoRaMesher] 1 - F02C via F02C metric 1 Role 0
15:41:11.857 > [606005][I][RoutingTableService.cpp:206] printRoutingTable(): [LoRaMesher] 2 - DE6C via DE6C metric 1 Role 0
15:41:11.867 > [606015][I][RoutingTableService.cpp:206] printRoutingTable(): [LoRaMesher] 3 - C998 via C998 metric 1 Role 0
15:41:12.551 > [606699][V][LoraMesher.cpp:378] receivingRoutine(): [LoRaMesher] Stack space unused after entering the task: 2076
15:41:12.561 > [606709][V][LoraMesher.cpp:379] receivingRoutine(): [LoRaMesher] Free heap: 336876
15:41:12.569 > [606717][I][PacketService.cpp:12] createEmptyPacket(): [LoRaMesher] Packet created with 20 bytes
15:41:12.578 > [606725][I][LoraMesher.cpp:392] receivingRoutine(): [LoRaMesher] Receiving LoRa packet: Size: 20 bytes RSSI: -19 SNR: 7
15:41:12.588 > [606737][V][LoraMesher.cpp:647] processPackets(): [LoRaMesher] Size of Received Packets Queue: 1
15:41:12.597 > [606745][V][LoraMesher.cpp:754] printHeaderPacket(): [LoRaMesher] Packet received -- Size: 20 Src: DE6C Dst: FFFF Id: 5 Type: 4 Via: 0 Seq_Id: 0 Num: 0
15:41:12.611 > [606759][I][RoutingTableService.cpp:77] processRoute(): [LoRaMesher] Route packet from DE6C with size 3
15:41:12.620 > [606768][I][RoutingTableService.cpp:99] resetReceiveSNRRoutePacket(): [LoRaMesher] Reset Receive SNR from DE6C: 7
15:41:12.630 > [606778][I][RoutingTableService.cpp:192] printRoutingTable(): [LoRaMesher] Current routing table:
15:41:12.638 > [606787][I][RoutingTableService.cpp:206] printRoutingTable(): [LoRaMesher] 0 - D110 via D110 metric 1 Role 1
15:41:12.649 > [606796][I][RoutingTableService.cpp:206] printRoutingTable(): [LoRaMesher] 1 - F02C via F02C metric 1 Role 0
15:41:12.659 > [606806][I][RoutingTableService.cpp:206] printRoutingTable(): [LoRaMesher] 2 - DE6C via DE6C metric 1 Role 0
15:41:12.668 > [606815][I][RoutingTableService.cpp:206] printRoutingTable(): [LoRaMesher] 3 - C998 via C998 metric 1 Role 0
15:41:12.678 > [606825][I][PacketQueueService.h:80] deleteQueuePacketAndPacket(): [LoRaMesher] Deleting packet
15:41:12.686 > [606834][I][PacketQueueService.h:83] deleteQueuePacketAndPacket(): [LoRaMesher] Deleting packet queue
15:41:12.696 > [606843][V][LoraMesher.cpp:641] processPackets(): [LoRaMesher] Stack space unused after entering the task: 2040
15:41:12.705 > [606853][V][LoraMesher.cpp:642] processPackets(): [LoRaMesher] Free heap: 336876
15:41:14.062 > [608210][V][LoraMesher.cpp:598] sendHelloPacket(): [LoRaMesher] Creating Routing Packet
15:41:14.070 > [608218][V][LoraMesher.cpp:599] sendHelloPacket(): [LoRaMesher] Stack space unused after entering the task: 2324
15:41:14.080 > [608228][V][LoraMesher.cpp:600] sendHelloPacket(): [LoRaMesher] Free heap: 336876
15:41:14.087 > [608235][V][PacketFactory.h:45] createPacket(): [LoRaMesher] Creating packet with 24 bytes
15:41:14.095 > [608243][I][PacketFactory.h:74] createPacket(): [LoRaMesher] Packet created with 24 bytes
15:41:14.103 > [608251][I][LoraMesher.h:659] setPackedForSend(): [LoRaMesher] Adding packet to Q_SP
15:41:14.111 > [608259][I][LoraMesher.h:661] setPackedForSend(): [LoRaMesher] Created packet to Q_SP
15:41:14.119 > [608266][I][LoraMesher.cpp:1061] addToSendOrderedAndNotify(): [LoRaMesher] Added packet to Q_SP, notifying sender task
15:41:14.129 > [608277][V][LoraMesher.cpp:511] sendPackets(): [LoRaMesher] Stack space unused after entering the task: 2116
15:41:14.138 > [608287][V][LoraMesher.cpp:512] sendPackets(): [LoRaMesher] Free heap: 336776
15:41:14.145 > [608293][V][LoraMesher.cpp:518] sendPackets(): [LoRaMesher] Size of Send Packets Queue: 1
15:41:14.153 > [608301][V][LoraMesher.cpp:525] sendPackets(): [LoRaMesher] Send n. 35
15:41:14.160 > [608308][V][LoraMesher.cpp:455] waitBeforeSend(): [LoRaMesher] RandomDelay 353 ms
15:41:14.520 > [608669][V][LoraMesher.cpp:754] printHeaderPacket(): [LoRaMesher] Packet send -- Size: 24 Src: B3F0 Dst: FFFF Id: 35 Type: 4 Via: 0 Seq_Id: 0 Num: 0
15:41:14.624 > [608773][V][LoraMesher.cpp:575] sendPackets(): [LoRaMesher] TimeOnAir 78 ms, next message in 0 ms
15:41:14.633 > [608781][I][PacketQueueService.h:80] deleteQueuePacketAndPacket(): [LoRaMesher] Deleting packet
15:41:14.642 > [608790][I][PacketQueueService.h:83] deleteQueuePacketAndPacket(): [LoRaMesher] Deleting packet queue
15:41:15.199 > Send packet 30
15:41:15.201 > Sending packet to D110
15:41:15.203 > [609348][V][LoraMesher.h:250] createPacketAndSend(): [LoRaMesher] Creating a packet for send with 8 bytes
15:41:15.213 > [609360][V][PacketFactory.h:45] createPacket(): [LoRaMesher] Creating packet with 17 bytes
15:41:15.220 > [609368][I][PacketFactory.h:74] createPacket(): [LoRaMesher] Packet created with 17 bytes
15:41:15.228 > [609376][I][LoraMesher.h:659] setPackedForSend(): [LoRaMesher] Adding packet to Q_SP
15:41:15.235 > [609384][I][LoraMesher.h:661] setPackedForSend(): [LoRaMesher] Created packet to Q_SP
15:41:15.243 > [609391][I][LoraMesher.cpp:1061] addToSendOrderedAndNotify(): [LoRaMesher] Added packet to Q_SP, notifying sender task
15:41:15.254 > [609402][V][LoraMesher.cpp:511] sendPackets(): [LoRaMesher] Stack space unused after entering the task: 2116
15:41:15.263 > [609412][V][LoraMesher.cpp:512] sendPackets(): [LoRaMesher] Free heap: 336780
15:41:15.270 > [609418][V][LoraMesher.cpp:518] sendPackets(): [LoRaMesher] Size of Send Packets Queue: 1
15:41:15.278 > [609426][V][LoraMesher.cpp:525] sendPackets(): [LoRaMesher] Send n. 36
15:41:15.285 > [609433][V][LoraMesher.cpp:455] waitBeforeSend(): [LoRaMesher] RandomDelay 399 ms
15:41:15.691 > [609840][V][LoraMesher.cpp:754] printHeaderPacket(): [LoRaMesher] Packet send -- Size: 17 Src: B3F0 Dst: D110 Id: 36 Type: 2 Via: D110 Seq_Id: 0 Num: 0
15:41:15.781 > [609930][V][LoraMesher.cpp:575] sendPackets(): [LoRaMesher] TimeOnAir 63 ms, next message in 0 ms
15:41:15.790 > [609938][I][PacketQueueService.h:80] deleteQueuePacketAndPacket(): [LoRaMesher] Deleting packet
15:41:15.799 > [609947][I][PacketQueueService.h:83] deleteQueuePacketAndPacket(): [LoRaMesher] Deleting packet queue
15:41:35.291 > Send packet 31
15:41:35.293 > Sending packet to D110
15:41:35.295 > [629441][V][LoraMesher.h:250] createPacketAndSend(): [LoRaMesher] Creating a packet for send with 8 bytes
15:41:35.304 > [629453][V][PacketFactory.h:45] createPacket(): [LoRaMesher] Creating packet with 17 bytes
15:41:35.313 > [629461][I][PacketFactory.h:74] createPacket(): [LoRaMesher] Packet created with 17 bytes
15:41:35.321 > [629469][I][LoraMesher.h:659] setPackedForSend(): [LoRaMesher] Adding packet to Q_SP
15:41:35.328 > [629477][I][LoraMesher.h:661] setPackedForSend(): [LoRaMesher] Created packet to Q_SP
15:41:35.336 > [629484][I][LoraMesher.cpp:1061] addToSendOrderedAndNotify(): [LoRaMesher] Added packet to Q_SP, notifying sender task
15:41:35.346 > [629495][V][LoraMesher.cpp:511] sendPackets(): [LoRaMesher] Stack space unused after entering the task: 2116
15:41:35.356 > [629505][V][LoraMesher.cpp:512] sendPackets(): [LoRaMesher] Free heap: 336780
15:41:35.363 > [629511][V][LoraMesher.cpp:518] sendPackets(): [LoRaMesher] Size of Send Packets Queue: 1
15:41:35.371 > [629519][V][LoraMesher.cpp:525] sendPackets(): [LoRaMesher] Send n. 37
15:41:35.377 > [629526][V][LoraMesher.cpp:455] waitBeforeSend(): [LoRaMesher] RandomDelay 1001 ms
15:41:36.386 > [630535][V][LoraMesher.cpp:754] printHeaderPacket(): [LoRaMesher] Packet send -- Size: 17 Src: B3F0 Dst: D110 Id: 37 Type: 2 Via: D110 Seq_Id: 0 Num: 0
15:41:36.475 > [630625][V][LoraMesher.cpp:575] sendPackets(): [LoRaMesher] TimeOnAir 63 ms, next message in 0 ms
15:41:36.485 > [630633][I][PacketQueueService.h:80] deleteQueuePacketAndPacket(): [LoRaMesher] Deleting packet
15:41:36.493 > [630642][I][PacketQueueService.h:83] deleteQueuePacketAndPacket(): [LoRaMesher] Deleting packet queue
15:41:55.384 > Send packet 32
15:41:55.386 > Sending packet to D110
15:41:55.388 > [649534][V][LoraMesher.h:250] createPacketAndSend(): [LoRaMesher] Creating a packet for send with 8 bytes
15:41:55.397 > [649546][V][PacketFactory.h:45] createPacket(): [LoRaMesher] Creating packet with 17 bytes
15:41:55.405 > [649554][I][PacketFactory.h:74] createPacket(): [LoRaMesher] Packet created with 17 bytes
15:41:55.413 > [649562][I][LoraMesher.h:659] setPackedForSend(): [LoRaMesher] Adding packet to Q_SP
15:41:55.420 > [649570][I][LoraMesher.h:661] setPackedForSend(): [LoRaMesher] Created packet to Q_SP
15:41:55.428 > [649577][I][LoraMesher.cpp:1061] addToSendOrderedAndNotify(): [LoRaMesher] Added packet to Q_SP, notifying sender task
15:41:55.439 > [649588][V][LoraMesher.cpp:511] sendPackets(): [LoRaMesher] Stack space unused after entering the task: 2116
15:41:55.448 > [649598][V][LoraMesher.cpp:512] sendPackets(): [LoRaMesher] Free heap: 336780
15:41:55.455 > [649604][V][LoraMesher.cpp:518] sendPackets(): [LoRaMesher] Size of Send Packets Queue: 1
15:41:55.463 > [649612][V][LoraMesher.cpp:525] sendPackets(): [LoRaMesher] Send n. 38
15:41:55.470 > [649619][V][LoraMesher.cpp:455] waitBeforeSend(): [LoRaMesher] RandomDelay 867 ms
15:41:56.344 > [650494][V][LoraMesher.cpp:754] printHeaderPacket(): [LoRaMesher] Packet send -- Size: 17 Src: B3F0 Dst: D110 Id: 38 Type: 2 Via: D110 Seq_Id: 0 Num: 0
15:41:56.434 > [650584][V][LoraMesher.cpp:575] sendPackets(): [LoRaMesher] TimeOnAir 63 ms, next message in 0 ms
15:41:56.443 > [650592][I][PacketQueueService.h:80] deleteQueuePacketAndPacket(): [LoRaMesher] Deleting packet
15:41:56.452 > [650601][I][PacketQueueService.h:83] deleteQueuePacketAndPacket(): [LoRaMesher] Deleting packet queue
15:41:59.791 > [653941][V][LoraMesher.cpp:378] receivingRoutine(): [LoRaMesher] Stack space unused after entering the task: 2076
15:41:59.802 > [653951][V][LoraMesher.cpp:379] receivingRoutine(): [LoRaMesher] Free heap: 336876
15:41:59.809 > [653959][I][PacketService.cpp:12] createEmptyPacket(): [LoRaMesher] Packet created with 24 bytes
15:41:59.819 > [653968][I][LoraMesher.cpp:392] receivingRoutine(): [LoRaMesher] Receiving LoRa packet: Size: 24 bytes RSSI: -83 SNR: -4
15:41:59.830 > [653979][V][LoraMesher.cpp:647] processPackets(): [LoRaMesher] Size of Received Packets Queue: 1
15:41:59.839 > [653988][V][LoraMesher.cpp:754] printHeaderPacket(): [LoRaMesher] Packet received -- Size: 24 Src: C998 Dst: FFFF Id: 1 Type: 4 Via: 0 Seq_Id: 0 Num: 0
15:41:59.852 > [654001][I][RoutingTableService.cpp:77] processRoute(): [LoRaMesher] Route packet from C998 with size 4
15:41:59.861 > [654010][I][RoutingTableService.cpp:99] resetReceiveSNRRoutePacket(): [LoRaMesher] Reset Receive SNR from C998: -4
15:41:59.871 > [654020][I][RoutingTableService.cpp:192] printRoutingTable(): [LoRaMesher] Current routing table:
15:41:59.880 > [654029][I][RoutingTableService.cpp:206] printRoutingTable(): [LoRaMesher] 0 - D110 via D110 metric 1 Role 1
15:41:59.889 > [654039][I][RoutingTableService.cpp:206] printRoutingTable(): [LoRaMesher] 1 - F02C via F02C metric 1 Role 0
15:41:59.899 > [654048][I][RoutingTableService.cpp:206] printRoutingTable(): [LoRaMesher] 2 - DE6C via DE6C metric 1 Role 0
15:41:59.909 > [654058][I][RoutingTableService.cpp:206] printRoutingTable(): [LoRaMesher] 3 - C998 via C998 metric 1 Role 0
15:41:59.918 > [654068][I][PacketQueueService.h:80] deleteQueuePacketAndPacket(): [LoRaMesher] Deleting packet
15:41:59.927 > [654076][I][PacketQueueService.h:83] deleteQueuePacketAndPacket(): [LoRaMesher] Deleting packet queue
15:41:59.936 > [654085][V][LoraMesher.cpp:641] processPackets(): [LoRaMesher] Stack space unused after entering the task: 2040
15:41:59.946 > [654095][V][LoraMesher.cpp:642] processPackets(): [LoRaMesher] Free heap: 336876
15:42:15.476 > Send packet 33
15:42:15.477 > Sending packet to D110
15:42:15.479 > [669627][V][LoraMesher.h:250] createPacketAndSend(): [LoRaMesher] Creating a packet for send with 8 bytes
15:42:15.489 > [669639][V][PacketFactory.h:45] createPacket(): [LoRaMesher] Creating packet with 17 bytes
15:42:15.498 > [669647][I][PacketFactory.h:74] createPacket(): [LoRaMesher] Packet created with 17 bytes
15:42:15.506 > [669655][I][LoraMesher.h:659] setPackedForSend(): [LoRaMesher] Adding packet to Q_SP
15:42:15.512 > [669663][I][LoraMesher.h:661] setPackedForSend(): [LoRaMesher] Created packet to Q_SP
15:42:15.521 > [669670][I][LoraMesher.cpp:1061] addToSendOrderedAndNotify(): [LoRaMesher] Added packet to Q_SP, notifying sender task
15:42:15.530 > [669681][V][LoraMesher.cpp:511] sendPackets(): [LoRaMesher] Stack space unused after entering the task: 2116
15:42:15.540 > [669691][V][LoraMesher.cpp:512] sendPackets(): [LoRaMesher] Free heap: 336780
15:42:15.547 > [669697][V][LoraMesher.cpp:518] sendPackets(): [LoRaMesher] Size of Send Packets Queue: 1
15:42:15.555 > [669705][V][LoraMesher.cpp:525] sendPackets(): [LoRaMesher] Send n. 39
15:42:15.561 > [669712][V][LoraMesher.cpp:455] waitBeforeSend(): [LoRaMesher] RandomDelay 699 ms
15:42:16.268 > [670419][V][LoraMesher.cpp:754] printHeaderPacket(): [LoRaMesher] Packet send -- Size: 17 Src: B3F0 Dst: D110 Id: 39 Type: 2 Via: D110 Seq_Id: 0 Num: 0
15:42:16.358 > [670509][V][LoraMesher.cpp:575] sendPackets(): [LoRaMesher] TimeOnAir 63 ms, next message in 0 ms
15:42:16.367 > [670517][I][PacketQueueService.h:80] deleteQueuePacketAndPacket(): [LoRaMesher] Deleting packet
15:42:16.375 > [670526][I][PacketQueueService.h:83] deleteQueuePacketAndPacket(): [LoRaMesher] Deleting packet queue
15:42:35.569 > Send packet 34
15:42:35.570 > Sending packet to D110
15:42:35.572 > [689720][V][LoraMesher.h:250] createPacketAndSend(): [LoRaMesher] Creating a packet for send with 8 bytes
15:42:35.582 > [689732][V][PacketFactory.h:45] createPacket(): [LoRaMesher] Creating packet with 17 bytes
15:42:35.590 > [689740][I][PacketFactory.h:74] createPacket(): [LoRaMesher] Packet created with 17 bytes
15:42:35.597 > [689748][I][LoraMesher.h:659] setPackedForSend(): [LoRaMesher] Adding packet to Q_SP
15:42:35.605 > [689756][I][LoraMesher.h:661] setPackedForSend(): [LoRaMesher] Created packet to Q_SP
15:42:35.612 > [689763][I][LoraMesher.cpp:1061] addToSendOrderedAndNotify(): [LoRaMesher] Added packet to Q_SP, notifying sender task
15:42:35.623 > [689774][V][LoraMesher.cpp:511] sendPackets(): [LoRaMesher] Stack space unused after entering the task: 2116
15:42:35.633 > [689784][V][LoraMesher.cpp:512] sendPackets(): [LoRaMesher] Free heap: 336780
15:42:35.640 > [689790][V][LoraMesher.cpp:518] sendPackets(): [LoRaMesher] Size of Send Packets Queue: 1
15:42:35.648 > [689798][V][LoraMesher.cpp:525] sendPackets(): [LoRaMesher] Send n. 40
15:42:35.654 > [689805][V][LoraMesher.cpp:455] waitBeforeSend(): [LoRaMesher] RandomDelay 903 ms
15:42:36.565 > [690716][V][LoraMesher.cpp:754] printHeaderPacket(): [LoRaMesher] Packet send -- Size: 17 Src: B3F0 Dst: D110 Id: 40 Type: 2 Via: D110 Seq_Id: 0 Num: 0
15:42:36.655 > [690806][V][LoraMesher.cpp:575] sendPackets(): [LoRaMesher] TimeOnAir 63 ms, next message in 0 ms
15:42:36.664 > [690814][I][PacketQueueService.h:80] deleteQueuePacketAndPacket(): [LoRaMesher] Deleting packet
15:42:36.673 > [690823][I][PacketQueueService.h:83] deleteQueuePacketAndPacket(): [LoRaMesher] Deleting packet queue
15:42:55.661 > Send packet 35
15:42:55.663 > Sending packet to D110
15:42:55.665 > [709813][V][LoraMesher.h:250] createPacketAndSend(): [LoRaMesher] Creating a packet for send with 8 bytes
15:42:55.675 > [709825][V][PacketFactory.h:45] createPacket(): [LoRaMesher] Creating packet with 17 bytes
15:42:55.683 > [709833][I][PacketFactory.h:74] createPacket(): [LoRaMesher] Packet created with 17 bytes
15:42:55.691 > [709841][I][LoraMesher.h:659] setPackedForSend(): [LoRaMesher] Adding packet to Q_SP
15:42:55.698 > [709849][I][LoraMesher.h:661] setPackedForSend(): [LoRaMesher] Created packet to Q_SP
15:42:55.706 > [709856][I][LoraMesher.cpp:1061] addToSendOrderedAndNotify(): [LoRaMesher] Added packet to Q_SP, notifying sender task
15:42:55.717 > [709867][V][LoraMesher.cpp:511] sendPackets(): [LoRaMesher] Stack space unused after entering the task: 2116
15:42:55.726 > [709877][V][LoraMesher.cpp:512] sendPackets(): [LoRaMesher] Free heap: 336780
15:42:55.733 > [709883][V][LoraMesher.cpp:518] sendPackets(): [LoRaMesher] Size of Send Packets Queue: 1
15:42:55.741 > [709891][V][LoraMesher.cpp:525] sendPackets(): [LoRaMesher] Send n. 41
15:42:55.747 > [709898][V][LoraMesher.cpp:455] waitBeforeSend(): [LoRaMesher] RandomDelay 547 ms
15:42:56.302 > [710453][V][LoraMesher.cpp:754] printHeaderPacket(): [LoRaMesher] Packet send -- Size: 17 Src: B3F0 Dst: D110 Id: 41 Type: 2 Via: D110 Seq_Id: 0 Num: 0
15:42:56.392 > [710543][V][LoraMesher.cpp:575] sendPackets(): [LoRaMesher] TimeOnAir 63 ms, next message in 0 ms
15:42:56.401 > [710551][I][PacketQueueService.h:80] deleteQueuePacketAndPacket(): [LoRaMesher] Deleting packet
15:42:56.409 > [710560][I][PacketQueueService.h:83] deleteQueuePacketAndPacket(): [LoRaMesher] Deleting packet queue
15:43:11.920 > [726071][V][LoraMesher.cpp:378] receivingRoutine(): [LoRaMesher] Stack space unused after entering the task: 2076
15:43:11.930 > [726081][V][LoraMesher.cpp:379] receivingRoutine(): [LoRaMesher] Free heap: 336876
15:43:11.938 > [726088][I][PacketService.cpp:12] createEmptyPacket(): [LoRaMesher] Packet created with 24 bytes
15:43:11.946 > [726097][I][LoraMesher.cpp:392] receivingRoutine(): [LoRaMesher] Receiving LoRa packet: Size: 24 bytes RSSI: -20 SNR: 13
15:43:11.958 > [726108][V][LoraMesher.cpp:647] processPackets(): [LoRaMesher] Size of Received Packets Queue: 1
15:43:11.966 > [726117][V][LoraMesher.cpp:754] printHeaderPacket(): [LoRaMesher] Packet received -- Size: 24 Src: DE6C Dst: FFFF Id: 6 Type: 4 Via: 0 Seq_Id: 0 Num: 0
15:43:11.980 > [726130][I][RoutingTableService.cpp:77] processRoute(): [LoRaMesher] Route packet from DE6C with size 4
15:43:11.989 > [726140][I][RoutingTableService.cpp:99] resetReceiveSNRRoutePacket(): [LoRaMesher] Reset Receive SNR from DE6C: 13
15:43:11.999 > [726150][I][RoutingTableService.cpp:192] printRoutingTable(): [LoRaMesher] Current routing table:
15:43:12.008 > [726158][I][RoutingTableService.cpp:206] printRoutingTable(): [LoRaMesher] 0 - D110 via D110 metric 1 Role 1
15:43:12.017 > [726168][I][RoutingTableService.cpp:206] printRoutingTable(): [LoRaMesher] 1 - F02C via F02C metric 1 Role 0
15:43:12.027 > [726178][I][RoutingTableService.cpp:206] printRoutingTable(): [LoRaMesher] 2 - DE6C via DE6C metric 1 Role 0
15:43:12.037 > [726187][I][RoutingTableService.cpp:206] printRoutingTable(): [LoRaMesher] 3 - C998 via C998 metric 1 Role 0
15:43:12.046 > [726197][I][PacketQueueService.h:80] deleteQueuePacketAndPacket(): [LoRaMesher] Deleting packet
15:43:12.055 > [726205][I][PacketQueueService.h:83] deleteQueuePacketAndPacket(): [LoRaMesher] Deleting packet queue
15:43:12.064 > [726214][V][LoraMesher.cpp:641] processPackets(): [LoRaMesher] Stack space unused after entering the task: 2040
15:43:12.074 > [726224][V][LoraMesher.cpp:642] processPackets(): [LoRaMesher] Free heap: 336876
15:43:12.545 > [726696][V][LoraMesher.cpp:378] receivingRoutine(): [LoRaMesher] Stack space unused after entering the task: 2076
15:43:12.556 > [726707][V][LoraMesher.cpp:379] receivingRoutine(): [LoRaMesher] Free heap: 336876
15:43:12.563 > [726714][I][PacketService.cpp:12] createEmptyPacket(): [LoRaMesher] Packet created with 24 bytes
15:43:12.572 > [726723][I][LoraMesher.cpp:392] receivingRoutine(): [LoRaMesher] Receiving LoRa packet: Size: 24 bytes RSSI: -22 SNR: 14
15:43:12.583 > [726734][V][LoraMesher.cpp:647] processPackets(): [LoRaMesher] Size of Received Packets Queue: 1
15:43:12.592 > [726743][V][LoraMesher.cpp:754] printHeaderPacket(): [LoRaMesher] Packet received -- Size: 24 Src: D110 Dst: FFFF Id: 6 Type: 4 Via: 0 Seq_Id: 0 Num: 0
15:43:12.605 > [726756][I][RoutingTableService.cpp:77] processRoute(): [LoRaMesher] Route packet from D110 with size 4
15:43:12.615 > [726765][I][RoutingTableService.cpp:99] resetReceiveSNRRoutePacket(): [LoRaMesher] Reset Receive SNR from D110: 14
15:43:12.625 > [726776][I][RoutingTableService.cpp:192] printRoutingTable(): [LoRaMesher] Current routing table:
15:43:12.634 > [726784][I][RoutingTableService.cpp:206] printRoutingTable(): [LoRaMesher] 0 - D110 via D110 metric 1 Role 1
15:43:12.643 > [726794][I][RoutingTableService.cpp:206] printRoutingTable(): [LoRaMesher] 1 - F02C via F02C metric 1 Role 0
15:43:12.653 > [726803][I][RoutingTableService.cpp:206] printRoutingTable(): [LoRaMesher] 2 - DE6C via DE6C metric 1 Role 0
15:43:12.662 > [726813][I][RoutingTableService.cpp:206] printRoutingTable(): [LoRaMesher] 3 - C998 via C998 metric 1 Role 0
15:43:12.672 > [726823][I][PacketQueueService.h:80] deleteQueuePacketAndPacket(): [LoRaMesher] Deleting packet
15:43:12.681 > [726831][I][PacketQueueService.h:83] deleteQueuePacketAndPacket(): [LoRaMesher] Deleting packet queue
15:43:12.690 > [726840][V][LoraMesher.cpp:641] processPackets(): [LoRaMesher] Stack space unused after entering the task: 2040
15:43:12.700 > [726850][V][LoraMesher.cpp:642] processPackets(): [LoRaMesher] Free heap: 336876
15:43:13.720 > [727871][V][LoraMesher.cpp:378] receivingRoutine(): [LoRaMesher] Stack space unused after entering the task: 2076
15:43:13.730 > [727881][V][LoraMesher.cpp:379] receivingRoutine(): [LoRaMesher] Free heap: 336876
15:43:13.738 > [727889][I][PacketService.cpp:12] createEmptyPacket(): [LoRaMesher] Packet created with 24 bytes
15:43:13.747 > [727897][I][LoraMesher.cpp:392] receivingRoutine(): [LoRaMesher] Receiving LoRa packet: Size: 24 bytes RSSI: -1 SNR: 13
15:43:13.758 > [727909][V][LoraMesher.cpp:647] processPackets(): [LoRaMesher] Size of Received Packets Queue: 1
15:43:13.767 > [727917][V][LoraMesher.cpp:754] printHeaderPacket(): [LoRaMesher] Packet received -- Size: 24 Src: F02C Dst: FFFF Id: 6 Type: 4 Via: 0 Seq_Id: 0 Num: 0
15:43:13.780 > [727931][I][RoutingTableService.cpp:77] processRoute(): [LoRaMesher] Route packet from F02C with size 4
15:43:13.789 > [727940][I][RoutingTableService.cpp:99] resetReceiveSNRRoutePacket(): [LoRaMesher] Reset Receive SNR from F02C: 13
15:43:13.799 > [727950][I][RoutingTableService.cpp:192] printRoutingTable(): [LoRaMesher] Current routing table:
15:43:13.809 > [727959][I][RoutingTableService.cpp:206] printRoutingTable(): [LoRaMesher] 0 - D110 via D110 metric 1 Role 1
15:43:13.818 > [727968][I][RoutingTableService.cpp:206] printRoutingTable(): [LoRaMesher] 1 - F02C via F02C metric 1 Role 0
15:43:13.827 > [727978][I][RoutingTableService.cpp:206] printRoutingTable(): [LoRaMesher] 2 - DE6C via DE6C metric 1 Role 0
15:43:13.837 > [727988][I][RoutingTableService.cpp:206] printRoutingTable(): [LoRaMesher] 3 - C998 via C998 metric 1 Role 0
15:43:13.847 > [727997][I][PacketQueueService.h:80] deleteQueuePacketAndPacket(): [LoRaMesher] Deleting packet
15:43:13.855 > [728006][I][PacketQueueService.h:83] deleteQueuePacketAndPacket(): [LoRaMesher] Deleting packet queue
15:43:13.864 > [728015][V][LoraMesher.cpp:641] processPackets(): [LoRaMesher] Stack space unused after entering the task: 2040
15:43:13.874 > [728025][V][LoraMesher.cpp:642] processPackets(): [LoRaMesher] Free heap: 336876
15:43:14.125 > [728276][V][LoraMesher.cpp:598] sendHelloPacket(): [LoRaMesher] Creating Routing Packet
15:43:14.133 > [728284][V][LoraMesher.cpp:599] sendHelloPacket(): [LoRaMesher] Stack space unused after entering the task: 2324
15:43:14.143 > [728294][V][LoraMesher.cpp:600] sendHelloPacket(): [LoRaMesher] Free heap: 336876
15:43:14.150 > [728301][V][PacketFactory.h:45] createPacket(): [LoRaMesher] Creating packet with 24 bytes
15:43:14.159 > [728309][I][PacketFactory.h:74] createPacket(): [LoRaMesher] Packet created with 24 bytes
15:43:14.166 > [728317][I][LoraMesher.h:659] setPackedForSend(): [LoRaMesher] Adding packet to Q_SP
15:43:14.174 > [728325][I][LoraMesher.h:661] setPackedForSend(): [LoRaMesher] Created packet to Q_SP
15:43:14.182 > [728332][I][LoraMesher.cpp:1061] addToSendOrderedAndNotify(): [LoRaMesher] Added packet to Q_SP, notifying sender task
15:43:14.192 > [728343][V][LoraMesher.cpp:511] sendPackets(): [LoRaMesher] Stack space unused after entering the task: 2116
15:43:14.202 > [728353][V][LoraMesher.cpp:512] sendPackets(): [LoRaMesher] Free heap: 336776
15:43:14.209 > [728359][V][LoraMesher.cpp:518] sendPackets(): [LoRaMesher] Size of Send Packets Queue: 1
15:43:14.217 > [728367][V][LoraMesher.cpp:525] sendPackets(): [LoRaMesher] Send n. 42
15:43:14.223 > [728374][V][LoraMesher.cpp:455] waitBeforeSend(): [LoRaMesher] RandomDelay 365 ms
15:43:14.595 > [728747][V][LoraMesher.cpp:754] printHeaderPacket(): [LoRaMesher] Packet send -- Size: 24 Src: B3F0 Dst: FFFF Id: 42 Type: 4 Via: 0 Seq_Id: 0 Num: 0
15:43:14.699 > [728851][V][LoraMesher.cpp:575] sendPackets(): [LoRaMesher] TimeOnAir 78 ms, next message in 0 ms
15:43:14.709 > [728859][I][PacketQueueService.h:80] deleteQueuePacketAndPacket(): [LoRaMesher] Deleting packet
15:43:14.717 > [728868][I][PacketQueueService.h:83] deleteQueuePacketAndPacket(): [LoRaMesher] Deleting packet queue
15:43:15.755 > Send packet 36
15:43:15.756 > Sending packet to D110
15:43:15.758 > [729906][V][LoraMesher.h:250] createPacketAndSend(): [LoRaMesher] Creating a packet for send with 8 bytes
15:43:15.767 > [729918][V][PacketFactory.h:45] createPacket(): [LoRaMesher] Creating packet with 17 bytes
15:43:15.775 > [729926][I][PacketFactory.h:74] createPacket(): [LoRaMesher] Packet created with 17 bytes
15:43:15.783 > [729934][I][LoraMesher.h:659] setPackedForSend(): [LoRaMesher] Adding packet to Q_SP
15:43:15.791 > [729942][I][LoraMesher.h:661] setPackedForSend(): [LoRaMesher] Created packet to Q_SP
15:43:15.799 > [729949][I][LoraMesher.cpp:1061] addToSendOrderedAndNotify(): [LoRaMesher] Added packet to Q_SP, notifying sender task
15:43:15.809 > [729960][V][LoraMesher.cpp:511] sendPackets(): [LoRaMesher] Stack space unused after entering the task: 2116
15:43:15.819 > [729970][V][LoraMesher.cpp:512] sendPackets(): [LoRaMesher] Free heap: 336780
15:43:15.826 > [729976][V][LoraMesher.cpp:518] sendPackets(): [LoRaMesher] Size of Send Packets Queue: 1
15:43:15.834 > [729984][V][LoraMesher.cpp:525] sendPackets(): [LoRaMesher] Send n. 43
15:43:15.840 > [729991][V][LoraMesher.cpp:455] waitBeforeSend(): [LoRaMesher] RandomDelay 990 ms
15:43:16.837 > [730989][V][LoraMesher.cpp:754] printHeaderPacket(): [LoRaMesher] Packet send -- Size: 17 Src: B3F0 Dst: D110 Id: 43 Type: 2 Via: D110 Seq_Id: 0 Num: 0
15:43:16.927 > [731079][V][LoraMesher.cpp:575] sendPackets(): [LoRaMesher] TimeOnAir 63 ms, next message in 0 ms
15:43:16.937 > [731087][I][PacketQueueService.h:80] deleteQueuePacketAndPacket(): [LoRaMesher] Deleting packet
15:43:16.945 > [731096][I][PacketQueueService.h:83] deleteQueuePacketAndPacket(): [LoRaMesher] Deleting packet queue
15:43:35.847 > Send packet 37
15:43:35.849 > Sending packet to D110
15:43:35.851 > [749999][V][LoraMesher.h:250] createPacketAndSend(): [LoRaMesher] Creating a packet for send with 8 bytes
15:43:35.860 > [750011][V][PacketFactory.h:45] createPacket(): [LoRaMesher] Creating packet with 17 bytes
15:43:35.868 > [750019][I][PacketFactory.h:74] createPacket(): [LoRaMesher] Packet created with 17 bytes
15:43:35.876 > [750027][I][LoraMesher.h:659] setPackedForSend(): [LoRaMesher] Adding packet to Q_SP
15:43:35.884 > [750035][I][LoraMesher.h:661] setPackedForSend(): [LoRaMesher] Created packet to Q_SP
15:43:35.891 > [750042][I][LoraMesher.cpp:1061] addToSendOrderedAndNotify(): [LoRaMesher] Added packet to Q_SP, notifying sender task
15:43:35.902 > [750053][V][LoraMesher.cpp:511] sendPackets(): [LoRaMesher] Stack space unused after entering the task: 2116
15:43:35.911 > [750063][V][LoraMesher.cpp:512] sendPackets(): [LoRaMesher] Free heap: 336780
15:43:35.918 > [750069][V][LoraMesher.cpp:518] sendPackets(): [LoRaMesher] Size of Send Packets Queue: 1
15:43:35.926 > [750077][V][LoraMesher.cpp:525] sendPackets(): [LoRaMesher] Send n. 44
15:43:35.933 > [750084][V][LoraMesher.cpp:455] waitBeforeSend(): [LoRaMesher] RandomDelay 792 ms
15:43:36.732 > [750884][V][LoraMesher.cpp:754] printHeaderPacket(): [LoRaMesher] Packet send -- Size: 17 Src: B3F0 Dst: D110 Id: 44 Type: 2 Via: D110 Seq_Id: 0 Num: 0
15:43:36.822 > [750974][V][LoraMesher.cpp:575] sendPackets(): [LoRaMesher] TimeOnAir 63 ms, next message in 0 ms
15:43:36.831 > [750982][I][PacketQueueService.h:80] deleteQueuePacketAndPacket(): [LoRaMesher] Deleting packet
15:43:36.840 > [750991][I][PacketQueueService.h:83] deleteQueuePacketAndPacket(): [LoRaMesher] Deleting packet queue
15:43:55.941 > Send packet 38
15:43:55.942 > Sending packet to D110
15:43:55.944 > [770092][V][LoraMesher.h:250] createPacketAndSend(): [LoRaMesher] Creating a packet for send with 8 bytes
15:43:55.954 > [770104][V][PacketFactory.h:45] createPacket(): [LoRaMesher] Creating packet with 17 bytes
15:43:55.962 > [770112][I][PacketFactory.h:74] createPacket(): [LoRaMesher] Packet created with 17 bytes
15:43:55.970 > [770120][I][LoraMesher.h:659] setPackedForSend(): [LoRaMesher] Adding packet to Q_SP
15:43:55.977 > [770128][I][LoraMesher.h:661] setPackedForSend(): [LoRaMesher] Created packet to Q_SP
15:43:55.985 > [770135][I][LoraMesher.cpp:1061] addToSendOrderedAndNotify(): [LoRaMesher] Added packet to Q_SP, notifying sender task
15:43:55.995 > [770146][V][LoraMesher.cpp:511] sendPackets(): [LoRaMesher] Stack space unused after entering the task: 2116
15:43:56.005 > [770156][V][LoraMesher.cpp:512] sendPackets(): [LoRaMesher] Free heap: 336780
15:43:56.012 > [770162][V][LoraMesher.cpp:518] sendPackets(): [LoRaMesher] Size of Send Packets Queue: 1
15:43:56.020 > [770170][V][LoraMesher.cpp:525] sendPackets(): [LoRaMesher] Send n. 45
15:43:56.026 > [770177][V][LoraMesher.cpp:455] waitBeforeSend(): [LoRaMesher] RandomDelay 445 ms
15:43:56.478 > [770630][V][LoraMesher.cpp:754] printHeaderPacket(): [LoRaMesher] Packet send -- Size: 17 Src: B3F0 Dst: D110 Id: 45 Type: 2 Via: D110 Seq_Id: 0 Num: 0
15:43:56.568 > [770720][V][LoraMesher.cpp:575] sendPackets(): [LoRaMesher] TimeOnAir 63 ms, next message in 0 ms
15:43:56.578 > [770728][I][PacketQueueService.h:80] deleteQueuePacketAndPacket(): [LoRaMesher] Deleting packet
15:43:56.586 > [770737][I][PacketQueueService.h:83] deleteQueuePacketAndPacket(): [LoRaMesher] Deleting packet queue
15:43:59.993 > [774144][V][LoraMesher.cpp:378] receivingRoutine(): [LoRaMesher] Stack space unused after entering the task: 2076
15:44:00.004 > [774154][V][LoraMesher.cpp:379] receivingRoutine(): [LoRaMesher] Free heap: 336876
15:44:00.011 > [774162][I][PacketService.cpp:12] createEmptyPacket(): [LoRaMesher] Packet created with 24 bytes
15:44:00.020 > [774171][I][LoraMesher.cpp:392] receivingRoutine(): [LoRaMesher] Receiving LoRa packet: Size: 24 bytes RSSI: -80 SNR: 0
15:44:00.031 > [774182][V][LoraMesher.cpp:647] processPackets(): [LoRaMesher] Size of Received Packets Queue: 1
15:44:00.040 > [774190][V][LoraMesher.cpp:754] printHeaderPacket(): [LoRaMesher] Packet received -- Size: 24 Src: C998 Dst: FFFF Id: 2 Type: 4 Via: 0 Seq_Id: 0 Num: 0
15:44:00.053 > [774204][I][RoutingTableService.cpp:77] processRoute(): [LoRaMesher] Route packet from C998 with size 4
15:44:00.062 > [774213][I][RoutingTableService.cpp:99] resetReceiveSNRRoutePacket(): [LoRaMesher] Reset Receive SNR from C998: 0
15:44:00.072 > [774223][I][RoutingTableService.cpp:192] printRoutingTable(): [LoRaMesher] Current routing table:
15:44:00.081 > [774232][I][RoutingTableService.cpp:206] printRoutingTable(): [LoRaMesher] 0 - D110 via D110 metric 1 Role 1
15:44:00.091 > [774241][I][RoutingTableService.cpp:206] printRoutingTable(): [LoRaMesher] 1 - F02C via F02C metric 1 Role 0
15:44:00.100 > [774251][I][RoutingTableService.cpp:206] printRoutingTable(): [LoRaMesher] 2 - DE6C via DE6C metric 1 Role 0
15:44:00.110 > [774261][I][RoutingTableService.cpp:206] printRoutingTable(): [LoRaMesher] 3 - C998 via C998 metric 1 Role 0
15:44:00.120 > [774270][I][PacketQueueService.h:80] deleteQueuePacketAndPacket(): [LoRaMesher] Deleting packet
15:44:00.128 > [774279][I][PacketQueueService.h:83] deleteQueuePacketAndPacket(): [LoRaMesher] Deleting packet queue
15:44:00.137 > [774288][V][LoraMesher.cpp:641] processPackets(): [LoRaMesher] Stack space unused after entering the task: 2040
15:44:00.147 > [774298][V][LoraMesher.cpp:642] processPackets(): [LoRaMesher] Free heap: 336876
15:44:16.033 > Send packet 39
15:44:16.035 > Sending packet to D110
15:44:16.037 > [790185][V][LoraMesher.h:250] createPacketAndSend(): [LoRaMesher] Creating a packet for send with 8 bytes
15:44:16.046 > [790197][V][PacketFactory.h:45] createPacket(): [LoRaMesher] Creating packet with 17 bytes
15:44:16.054 > [790205][I][PacketFactory.h:74] createPacket(): [LoRaMesher] Packet created with 17 bytes
15:44:16.062 > [790213][I][LoraMesher.h:659] setPackedForSend(): [LoRaMesher] Adding packet to Q_SP
15:44:16.070 > [790221][I][LoraMesher.h:661] setPackedForSend(): [LoRaMesher] Created packet to Q_SP
15:44:16.077 > [790228][I][LoraMesher.cpp:1061] addToSendOrderedAndNotify(): [LoRaMesher] Added packet to Q_SP, notifying sender task
15:44:16.088 > [790239][V][LoraMesher.cpp:511] sendPackets(): [LoRaMesher] Stack space unused after entering the task: 2116
15:44:16.098 > [790249][V][LoraMesher.cpp:512] sendPackets(): [LoRaMesher] Free heap: 336780
15:44:16.104 > [790255][V][LoraMesher.cpp:518] sendPackets(): [LoRaMesher] Size of Send Packets Queue: 1
15:44:16.112 > [790263][V][LoraMesher.cpp:525] sendPackets(): [LoRaMesher] Send n. 46
15:44:16.119 > [790270][V][LoraMesher.cpp:455] waitBeforeSend(): [LoRaMesher] RandomDelay 984 ms
15:44:17.111 > [791262][V][LoraMesher.cpp:754] printHeaderPacket(): [LoRaMesher] Packet send -- Size: 17 Src: B3F0 Dst: D110 Id: 46 Type: 2 Via: D110 Seq_Id: 0 Num: 0
15:44:17.200 > [791352][V][LoraMesher.cpp:575] sendPackets(): [LoRaMesher] TimeOnAir 63 ms, next message in 0 ms
15:44:17.209 > [791360][I][PacketQueueService.h:80] deleteQueuePacketAndPacket(): [LoRaMesher] Deleting packet
15:44:17.218 > [791369][I][PacketQueueService.h:83] deleteQueuePacketAndPacket(): [LoRaMesher] Deleting packet queue
15:44:36.127 > Send packet 40
15:44:36.128 > Sending packet to D110
15:44:36.130 > [810278][V][LoraMesher.h:250] createPacketAndSend(): [LoRaMesher] Creating a packet for send with 8 bytes
15:44:36.140 > [810290][V][PacketFactory.h:45] createPacket(): [LoRaMesher] Creating packet with 17 bytes
15:44:36.148 > [810298][I][PacketFactory.h:74] createPacket(): [LoRaMesher] Packet created with 17 bytes
15:44:36.156 > [810306][I][LoraMesher.h:659] setPackedForSend(): [LoRaMesher] Adding packet to Q_SP
15:44:36.163 > [810314][I][LoraMesher.h:661] setPackedForSend(): [LoRaMesher] Created packet to Q_SP
15:44:36.171 > [810321][I][LoraMesher.cpp:1061] addToSendOrderedAndNotify(): [LoRaMesher] Added packet to Q_SP, notifying sender task
15:44:36.181 > [810332][V][LoraMesher.cpp:511] sendPackets(): [LoRaMesher] Stack space unused after entering the task: 2116
15:44:36.191 > [810342][V][LoraMesher.cpp:512] sendPackets(): [LoRaMesher] Free heap: 336780
15:44:36.198 > [810348][V][LoraMesher.cpp:518] sendPackets(): [LoRaMesher] Size of Send Packets Queue: 1
15:44:36.206 > [810356][V][LoraMesher.cpp:525] sendPackets(): [LoRaMesher] Send n. 47
15:44:36.212 > [810363][V][LoraMesher.cpp:455] waitBeforeSend(): [LoRaMesher] RandomDelay 341 ms
15:44:36.561 > [810712][V][LoraMesher.cpp:754] printHeaderPacket(): [LoRaMesher] Packet send -- Size: 17 Src: B3F0 Dst: D110 Id: 47 Type: 2 Via: D110 Seq_Id: 0 Num: 0
15:44:36.651 > [810802][V][LoraMesher.cpp:575] sendPackets(): [LoRaMesher] TimeOnAir 63 ms, next message in 0 ms
15:44:36.660 > [810810][I][PacketQueueService.h:80] deleteQueuePacketAndPacket(): [LoRaMesher] Deleting packet
15:44:36.668 > [810819][I][PacketQueueService.h:83] deleteQueuePacketAndPacket(): [LoRaMesher] Deleting packet queue
15:44:56.220 > Send packet 41
15:44:56.222 > Sending packet to D110
15:44:56.224 > [830371][V][LoraMesher.h:250] createPacketAndSend(): [LoRaMesher] Creating a packet for send with 8 bytes
15:44:56.233 > [830383][V][PacketFactory.h:45] createPacket(): [LoRaMesher] Creating packet with 17 bytes
15:44:56.241 > [830391][I][PacketFactory.h:74] createPacket(): [LoRaMesher] Packet created with 17 bytes
15:44:56.249 > [830399][I][LoraMesher.h:659] setPackedForSend(): [LoRaMesher] Adding packet to Q_SP
15:44:56.257 > [830407][I][LoraMesher.h:661] setPackedForSend(): [LoRaMesher] Created packet to Q_SP
15:44:56.264 > [830414][I][LoraMesher.cpp:1061] addToSendOrderedAndNotify(): [LoRaMesher] Added packet to Q_SP, notifying sender task
15:44:56.275 > [830425][V][LoraMesher.cpp:511] sendPackets(): [LoRaMesher] Stack space unused after entering the task: 2116
15:44:56.285 > [830435][V][LoraMesher.cpp:512] sendPackets(): [LoRaMesher] Free heap: 336780
15:44:56.292 > [830441][V][LoraMesher.cpp:518] sendPackets(): [LoRaMesher] Size of Send Packets Queue: 1
15:44:56.300 > [830449][V][LoraMesher.cpp:525] sendPackets(): [LoRaMesher] Send n. 48
15:44:56.306 > [830456][V][LoraMesher.cpp:455] waitBeforeSend(): [LoRaMesher] RandomDelay 531 ms
15:44:56.844 > [830995][V][LoraMesher.cpp:754] printHeaderPacket(): [LoRaMesher] Packet send -- Size: 17 Src: B3F0 Dst: D110 Id: 48 Type: 2 Via: D110 Seq_Id: 0 Num: 0
15:44:56.934 > [831085][V][LoraMesher.cpp:575] sendPackets(): [LoRaMesher] TimeOnAir 63 ms, next message in 0 ms
15:44:56.943 > [831093][I][PacketQueueService.h:80] deleteQueuePacketAndPacket(): [LoRaMesher] Deleting packet
15:44:56.952 > [831102][I][PacketQueueService.h:83] deleteQueuePacketAndPacket(): [LoRaMesher] Deleting packet queue
15:45:12.075 > [846225][V][LoraMesher.cpp:378] receivingRoutine(): [LoRaMesher] Stack space unused after entering the task: 2076
15:45:12.085 > [846235][V][LoraMesher.cpp:379] receivingRoutine(): [LoRaMesher] Free heap: 336876
15:45:12.092 > [846243][I][PacketService.cpp:12] createEmptyPacket(): [LoRaMesher] Packet created with 24 bytes
15:45:12.102 > [846251][I][LoraMesher.cpp:392] receivingRoutine(): [LoRaMesher] Receiving LoRa packet: Size: 24 bytes RSSI: -21 SNR: 13
15:45:12.112 > [846263][V][LoraMesher.cpp:647] processPackets(): [LoRaMesher] Size of Received Packets Queue: 1
15:45:12.121 > [846271][V][LoraMesher.cpp:754] printHeaderPacket(): [LoRaMesher] Packet received -- Size: 24 Src: D110 Dst: FFFF Id: 7 Type: 4 Via: 0 Seq_Id: 0 Num: 0
15:45:12.135 > [846285][I][RoutingTableService.cpp:77] processRoute(): [LoRaMesher] Route packet from D110 with size 4
15:45:12.144 > [846294][I][RoutingTableService.cpp:99] resetReceiveSNRRoutePacket(): [LoRaMesher] Reset Receive SNR from D110: 13
15:45:12.154 > [846304][I][RoutingTableService.cpp:192] printRoutingTable(): [LoRaMesher] Current routing table:
15:45:12.163 > [846313][I][RoutingTableService.cpp:206] printRoutingTable(): [LoRaMesher] 0 - D110 via D110 metric 1 Role 1
15:45:12.172 > [846322][I][RoutingTableService.cpp:206] printRoutingTable(): [LoRaMesher] 1 - F02C via F02C metric 1 Role 0
15:45:12.182 > [846332][I][RoutingTableService.cpp:206] printRoutingTable(): [LoRaMesher] 2 - DE6C via DE6C metric 1 Role 0
15:45:12.191 > [846342][I][RoutingTableService.cpp:206] printRoutingTable(): [LoRaMesher] 3 - C998 via C998 metric 1 Role 0
15:45:12.201 > [846351][I][PacketQueueService.h:80] deleteQueuePacketAndPacket(): [LoRaMesher] Deleting packet
15:45:12.210 > [846360][I][PacketQueueService.h:83] deleteQueuePacketAndPacket(): [LoRaMesher] Deleting packet queue
15:45:12.219 > [846369][V][LoraMesher.cpp:641] processPackets(): [LoRaMesher] Stack space unused after entering the task: 2040
15:45:12.229 > [846379][V][LoraMesher.cpp:642] processPackets(): [LoRaMesher] Free heap: 336876
15:45:13.411 > [847561][V][LoraMesher.cpp:378] receivingRoutine(): [LoRaMesher] Stack space unused after entering the task: 2076
15:45:13.421 > [847571][V][LoraMesher.cpp:379] receivingRoutine(): [LoRaMesher] Free heap: 336876
15:45:13.428 > [847579][I][PacketService.cpp:12] createEmptyPacket(): [LoRaMesher] Packet created with 24 bytes
15:45:13.437 > [847587][I][LoraMesher.cpp:392] receivingRoutine(): [LoRaMesher] Receiving LoRa packet: Size: 24 bytes RSSI: -20 SNR: 12
15:45:13.448 > [847599][V][LoraMesher.cpp:647] processPackets(): [LoRaMesher] Size of Received Packets Queue: 1
15:45:13.457 > [847607][V][LoraMesher.cpp:754] printHeaderPacket(): [LoRaMesher] Packet received -- Size: 24 Src: DE6C Dst: FFFF Id: 7 Type: 4 Via: 0 Seq_Id: 0 Num: 0
15:45:13.470 > [847621][I][RoutingTableService.cpp:77] processRoute(): [LoRaMesher] Route packet from DE6C with size 4
15:45:13.480 > [847630][I][RoutingTableService.cpp:99] resetReceiveSNRRoutePacket(): [LoRaMesher] Reset Receive SNR from DE6C: 12
15:45:13.490 > [847640][I][RoutingTableService.cpp:192] printRoutingTable(): [LoRaMesher] Current routing table:
15:45:13.499 > [847649][I][RoutingTableService.cpp:206] printRoutingTable(): [LoRaMesher] 0 - D110 via D110 metric 1 Role 1
15:45:13.508 > [847658][I][RoutingTableService.cpp:206] printRoutingTable(): [LoRaMesher] 1 - F02C via F02C metric 1 Role 0
15:45:13.518 > [847668][I][RoutingTableService.cpp:206] printRoutingTable(): [LoRaMesher] 2 - DE6C via DE6C metric 1 Role 0
15:45:13.527 > [847678][I][RoutingTableService.cpp:206] printRoutingTable(): [LoRaMesher] 3 - C998 via C998 metric 1 Role 0
15:45:13.537 > [847687][I][PacketQueueService.h:80] deleteQueuePacketAndPacket(): [LoRaMesher] Deleting packet
15:45:13.545 > [847696][I][PacketQueueService.h:83] deleteQueuePacketAndPacket(): [LoRaMesher] Deleting packet queue
15:45:13.555 > [847705][V][LoraMesher.cpp:641] processPackets(): [LoRaMesher] Stack space unused after entering the task: 2040
15:45:13.564 > [847715][V][LoraMesher.cpp:642] processPackets(): [LoRaMesher] Free heap: 336876
15:45:14.191 > [848342][V][LoraMesher.cpp:598] sendHelloPacket(): [LoRaMesher] Creating Routing Packet
15:45:14.200 > [848350][V][LoraMesher.cpp:599] sendHelloPacket(): [LoRaMesher] Stack space unused after entering the task: 2324
15:45:14.210 > [848360][V][LoraMesher.cpp:600] sendHelloPacket(): [LoRaMesher] Free heap: 336876
15:45:14.217 > [848367][V][PacketFactory.h:45] createPacket(): [LoRaMesher] Creating packet with 24 bytes
15:45:14.225 > [848375][I][PacketFactory.h:74] createPacket(): [LoRaMesher] Packet created with 24 bytes
15:45:14.233 > [848383][I][LoraMesher.h:659] setPackedForSend(): [LoRaMesher] Adding packet to Q_SP
15:45:14.240 > [848391][I][LoraMesher.h:661] setPackedForSend(): [LoRaMesher] Created packet to Q_SP
15:45:14.248 > [848398][I][LoraMesher.cpp:1061] addToSendOrderedAndNotify(): [LoRaMesher] Added packet to Q_SP, notifying sender task
15:45:14.259 > [848409][V][LoraMesher.cpp:511] sendPackets(): [LoRaMesher] Stack space unused after entering the task: 2116
15:45:14.268 > [848419][V][LoraMesher.cpp:512] sendPackets(): [LoRaMesher] Free heap: 336776
15:45:14.275 > [848425][V][LoraMesher.cpp:518] sendPackets(): [LoRaMesher] Size of Send Packets Queue: 1
15:45:14.283 > [848433][V][LoraMesher.cpp:525] sendPackets(): [LoRaMesher] Send n. 49
15:45:14.290 > [848440][V][LoraMesher.cpp:455] waitBeforeSend(): [LoRaMesher] RandomDelay 1191 ms
15:45:14.317 > [848467][V][LoraMesher.cpp:378] receivingRoutine(): [LoRaMesher] Stack space unused after entering the task: 2076
15:45:14.327 > [848477][V][LoraMesher.cpp:379] receivingRoutine(): [LoRaMesher] Free heap: 336804
15:45:14.335 > [848485][I][PacketService.cpp:12] createEmptyPacket(): [LoRaMesher] Packet created with 24 bytes
15:45:14.344 > [848494][I][LoraMesher.cpp:392] receivingRoutine(): [LoRaMesher] Receiving LoRa packet: Size: 24 bytes RSSI: -1 SNR: 13
15:45:14.355 > [848505][V][LoraMesher.cpp:647] processPackets(): [LoRaMesher] Size of Received Packets Queue: 1
15:45:14.363 > [848514][V][LoraMesher.cpp:754] printHeaderPacket(): [LoRaMesher] Packet received -- Size: 24 Src: F02C Dst: FFFF Id: 8 Type: 4 Via: 0 Seq_Id: 0 Num: 0
15:45:14.377 > [848527][I][RoutingTableService.cpp:77] processRoute(): [LoRaMesher] Route packet from F02C with size 4
15:45:14.386 > [848536][I][RoutingTableService.cpp:99] resetReceiveSNRRoutePacket(): [LoRaMesher] Reset Receive SNR from F02C: 13
15:45:14.396 > [848546][I][RoutingTableService.cpp:192] printRoutingTable(): [LoRaMesher] Current routing table:
15:45:14.405 > [848555][I][RoutingTableService.cpp:206] printRoutingTable(): [LoRaMesher] 0 - D110 via D110 metric 1 Role 1
15:45:14.414 > [848565][I][RoutingTableService.cpp:206] printRoutingTable(): [LoRaMesher] 1 - F02C via F02C metric 1 Role 0
15:45:14.424 > [848574][I][RoutingTableService.cpp:206] printRoutingTable(): [LoRaMesher] 2 - DE6C via DE6C metric 1 Role 0
15:45:14.434 > [848584][I][RoutingTableService.cpp:206] printRoutingTable(): [LoRaMesher] 3 - C998 via C998 metric 1 Role 0
15:45:14.443 > [848594][I][PacketQueueService.h:80] deleteQueuePacketAndPacket(): [LoRaMesher] Deleting packet
15:45:14.452 > [848602][I][PacketQueueService.h:83] deleteQueuePacketAndPacket(): [LoRaMesher] Deleting packet queue
15:45:14.461 > [848611][V][LoraMesher.cpp:641] processPackets(): [LoRaMesher] Stack space unused after entering the task: 2040
15:45:14.471 > [848621][V][LoraMesher.cpp:642] processPackets(): [LoRaMesher] Free heap: 336804
15:45:15.494 > [849644][V][LoraMesher.cpp:462] waitBeforeSend(): [LoRaMesher] Preamble detected while waiting 1
15:45:15.503 > [849653][V][LoraMesher.cpp:455] waitBeforeSend(): [LoRaMesher] RandomDelay 1120 ms
15:45:16.313 > Send packet 42
15:45:16.314 > Sending packet to D110
15:45:16.316 > [850464][V][LoraMesher.h:250] createPacketAndSend(): [LoRaMesher] Creating a packet for send with 8 bytes
15:45:16.326 > [850476][V][PacketFactory.h:45] createPacket(): [LoRaMesher] Creating packet with 17 bytes
15:45:16.334 > [850484][I][PacketFactory.h:74] createPacket(): [LoRaMesher] Packet created with 17 bytes
15:45:16.342 > [850492][I][LoraMesher.h:659] setPackedForSend(): [LoRaMesher] Adding packet to Q_SP
15:45:16.349 > [850500][I][LoraMesher.h:661] setPackedForSend(): [LoRaMesher] Created packet to Q_SP
15:45:16.357 > [850507][I][LoraMesher.cpp:1061] addToSendOrderedAndNotify(): [LoRaMesher] Added packet to Q_SP, notifying sender task
15:45:16.630 > [850781][V][LoraMesher.cpp:754] printHeaderPacket(): [LoRaMesher] Packet send -- Size: 24 Src: B3F0 Dst: FFFF Id: 49 Type: 4 Via: 0 Seq_Id: 0 Num: 0
15:45:16.734 > [850885][V][LoraMesher.cpp:575] sendPackets(): [LoRaMesher] TimeOnAir 78 ms, next message in 0 ms
15:45:16.743 > [850893][I][PacketQueueService.h:80] deleteQueuePacketAndPacket(): [LoRaMesher] Deleting packet
15:45:16.752 > [850902][I][PacketQueueService.h:83] deleteQueuePacketAndPacket(): [LoRaMesher] Deleting packet queue
15:45:16.761 > [850911][V][LoraMesher.cpp:518] sendPackets(): [LoRaMesher] Size of Send Packets Queue: 1
15:45:16.769 > [850919][V][LoraMesher.cpp:525] sendPackets(): [LoRaMesher] Send n. 50
15:45:16.775 > [850925][V][LoraMesher.cpp:455] waitBeforeSend(): [LoRaMesher] RandomDelay 588 ms
15:45:17.370 > [851521][V][LoraMesher.cpp:754] printHeaderPacket(): [LoRaMesher] Packet send -- Size: 17 Src: B3F0 Dst: D110 Id: 50 Type: 2 Via: D110 Seq_Id: 0 Num: 0
15:45:17.460 > [851610][V][LoraMesher.cpp:575] sendPackets(): [LoRaMesher] TimeOnAir 63 ms, next message in 0 ms
15:45:17.469 > [851619][I][PacketQueueService.h:80] deleteQueuePacketAndPacket(): [LoRaMesher] Deleting packet
15:45:17.477 > [851628][I][PacketQueueService.h:83] deleteQueuePacketAndPacket(): [LoRaMesher] Deleting packet queue
15:45:36.368 > Send packet 43
15:45:36.369 > Sending packet to D110
15:45:36.371 > [870518][V][LoraMesher.h:250] createPacketAndSend(): [LoRaMesher] Creating a packet for send with 8 bytes
15:45:36.380 > [870530][V][PacketFactory.h:45] createPacket(): [LoRaMesher] Creating packet with 17 bytes
15:45:36.388 > [870538][I][PacketFactory.h:74] createPacket(): [LoRaMesher] Packet created with 17 bytes
15:45:36.396 > [870546][I][LoraMesher.h:659] setPackedForSend(): [LoRaMesher] Adding packet to Q_SP
15:45:36.404 > [870554][I][LoraMesher.h:661] setPackedForSend(): [LoRaMesher] Created packet to Q_SP
15:45:36.412 > [870561][I][LoraMesher.cpp:1061] addToSendOrderedAndNotify(): [LoRaMesher] Added packet to Q_SP, notifying sender task
15:45:36.422 > [870572][V][LoraMesher.cpp:511] sendPackets(): [LoRaMesher] Stack space unused after entering the task: 2116
15:45:36.432 > [870582][V][LoraMesher.cpp:512] sendPackets(): [LoRaMesher] Free heap: 336780
15:45:36.439 > [870588][V][LoraMesher.cpp:518] sendPackets(): [LoRaMesher] Size of Send Packets Queue: 1
15:45:36.447 > [870596][V][LoraMesher.cpp:525] sendPackets(): [LoRaMesher] Send n. 51
15:45:36.453 > [870603][V][LoraMesher.cpp:455] waitBeforeSend(): [LoRaMesher] RandomDelay 297 ms
15:45:36.757 > [870908][V][LoraMesher.cpp:754] printHeaderPacket(): [LoRaMesher] Packet send -- Size: 17 Src: B3F0 Dst: D110 Id: 51 Type: 2 Via: D110 Seq_Id: 0 Num: 0
15:45:36.847 > [870998][V][LoraMesher.cpp:575] sendPackets(): [LoRaMesher] TimeOnAir 63 ms, next message in 0 ms
15:45:36.856 > [871006][I][PacketQueueService.h:80] deleteQueuePacketAndPacket(): [LoRaMesher] Deleting packet
15:45:36.865 > [871015][I][PacketQueueService.h:83] deleteQueuePacketAndPacket(): [LoRaMesher] Deleting packet queue
15:45:56.461 > Send packet 44
15:45:56.463 > Sending packet to D110
15:45:56.465 > [890611][V][LoraMesher.h:250] createPacketAndSend(): [LoRaMesher] Creating a packet for send with 8 bytes
15:45:56.474 > [890623][V][PacketFactory.h:45] createPacket(): [LoRaMesher] Creating packet with 17 bytes
15:45:56.482 > [890631][I][PacketFactory.h:74] createPacket(): [LoRaMesher] Packet created with 17 bytes
15:45:56.490 > [890639][I][LoraMesher.h:659] setPackedForSend(): [LoRaMesher] Adding packet to Q_SP
15:45:56.498 > [890647][I][LoraMesher.h:661] setPackedForSend(): [LoRaMesher] Created packet to Q_SP
15:45:56.505 > [890654][I][LoraMesher.cpp:1061] addToSendOrderedAndNotify(): [LoRaMesher] Added packet to Q_SP, notifying sender task
15:45:56.516 > [890665][V][LoraMesher.cpp:511] sendPackets(): [LoRaMesher] Stack space unused after entering the task: 2116
15:45:56.525 > [890675][V][LoraMesher.cpp:512] sendPackets(): [LoRaMesher] Free heap: 336780
15:45:56.532 > [890681][V][LoraMesher.cpp:518] sendPackets(): [LoRaMesher] Size of Send Packets Queue: 1
15:45:56.540 > [890689][V][LoraMesher.cpp:525] sendPackets(): [LoRaMesher] Send n. 52
15:45:56.547 > [890696][V][LoraMesher.cpp:455] waitBeforeSend(): [LoRaMesher] RandomDelay 875 ms
15:45:57.429 > [891579][V][LoraMesher.cpp:754] printHeaderPacket(): [LoRaMesher] Packet send -- Size: 17 Src: B3F0 Dst: D110 Id: 52 Type: 2 Via: D110 Seq_Id: 0 Num: 0
15:45:57.519 > [891669][V][LoraMesher.cpp:575] sendPackets(): [LoRaMesher] TimeOnAir 63 ms, next message in 0 ms
15:45:57.528 > [891677][I][PacketQueueService.h:80] deleteQueuePacketAndPacket(): [LoRaMesher] Deleting packet
15:45:57.537 > [891686][I][PacketQueueService.h:83] deleteQueuePacketAndPacket(): [LoRaMesher] Deleting packet queue
15:46:00.012 > [894162][V][LoraMesher.cpp:378] receivingRoutine(): [LoRaMesher] Stack space unused after entering the task: 2076
15:46:00.023 > [894172][V][LoraMesher.cpp:379] receivingRoutine(): [LoRaMesher] Free heap: 336876
15:46:00.030 > [894180][I][PacketService.cpp:12] createEmptyPacket(): [LoRaMesher] Packet created with 24 bytes
15:46:00.039 > [894188][I][LoraMesher.cpp:392] receivingRoutine(): [LoRaMesher] Receiving LoRa packet: Size: 24 bytes RSSI: -86 SNR: -5
15:46:00.051 > [894200][V][LoraMesher.cpp:647] processPackets(): [LoRaMesher] Size of Received Packets Queue: 1
15:46:00.059 > [894208][V][LoraMesher.cpp:754] printHeaderPacket(): [LoRaMesher] Packet received -- Size: 24 Src: C998 Dst: FFFF Id: 3 Type: 4 Via: 0 Seq_Id: 0 Num: 0
15:46:00.073 > [894222][I][RoutingTableService.cpp:77] processRoute(): [LoRaMesher] Route packet from C998 with size 4
15:46:00.082 > [894231][I][RoutingTableService.cpp:99] resetReceiveSNRRoutePacket(): [LoRaMesher] Reset Receive SNR from C998: -5
15:46:00.092 > [894241][I][RoutingTableService.cpp:192] printRoutingTable(): [LoRaMesher] Current routing table:
15:46:00.101 > [894250][I][RoutingTableService.cpp:206] printRoutingTable(): [LoRaMesher] 0 - D110 via D110 metric 1 Role 1
15:46:00.110 > [894259][I][RoutingTableService.cpp:206] printRoutingTable(): [LoRaMesher] 1 - F02C via F02C metric 1 Role 0
15:46:00.120 > [894269][I][RoutingTableService.cpp:206] printRoutingTable(): [LoRaMesher] 2 - DE6C via DE6C metric 1 Role 0
15:46:00.130 > [894279][I][RoutingTableService.cpp:206] printRoutingTable(): [LoRaMesher] 3 - C998 via C998 metric 1 Role 0
15:46:00.139 > [894288][I][PacketQueueService.h:80] deleteQueuePacketAndPacket(): [LoRaMesher] Deleting packet
15:46:00.148 > [894297][I][PacketQueueService.h:83] deleteQueuePacketAndPacket(): [LoRaMesher] Deleting packet queue
15:46:00.157 > [894306][V][LoraMesher.cpp:641] processPackets(): [LoRaMesher] Stack space unused after entering the task: 2040
15:46:00.167 > [894316][V][LoraMesher.cpp:642] processPackets(): [LoRaMesher] Free heap: 336876
15:46:16.554 > Send packet 45
15:46:16.556 > Sending packet to D110
15:46:16.558 > [910704][V][LoraMesher.h:250] createPacketAndSend(): [LoRaMesher] Creating a packet for send with 8 bytes
15:46:16.568 > [910716][V][PacketFactory.h:45] createPacket(): [LoRaMesher] Creating packet with 17 bytes
15:46:16.576 > [910724][I][PacketFactory.h:74] createPacket(): [LoRaMesher] Packet created with 17 bytes
15:46:16.583 > [910732][I][LoraMesher.h:659] setPackedForSend(): [LoRaMesher] Adding packet to Q_SP
15:46:16.591 > [910740][I][LoraMesher.h:661] setPackedForSend(): [LoRaMesher] Created packet to Q_SP
15:46:16.599 > [910747][I][LoraMesher.cpp:1061] addToSendOrderedAndNotify(): [LoRaMesher] Added packet to Q_SP, notifying sender task
15:46:16.609 > [910758][V][LoraMesher.cpp:511] sendPackets(): [LoRaMesher] Stack space unused after entering the task: 2116
15:46:16.619 > [910768][V][LoraMesher.cpp:512] sendPackets(): [LoRaMesher] Free heap: 336780
15:46:16.626 > [910774][V][LoraMesher.cpp:518] sendPackets(): [LoRaMesher] Size of Send Packets Queue: 1
15:46:16.634 > [910782][V][LoraMesher.cpp:525] sendPackets(): [LoRaMesher] Send n. 53
15:46:16.640 > [910789][V][LoraMesher.cpp:455] waitBeforeSend(): [LoRaMesher] RandomDelay 1092 ms
15:46:17.739 > [911889][V][LoraMesher.cpp:754] printHeaderPacket(): [LoRaMesher] Packet send -- Size: 17 Src: B3F0 Dst: D110 Id: 53 Type: 2 Via: D110 Seq_Id: 0 Num: 0
15:46:17.829 > [911979][V][LoraMesher.cpp:575] sendPackets(): [LoRaMesher] TimeOnAir 63 ms, next message in 0 ms
15:46:17.839 > [911987][I][PacketQueueService.h:80] deleteQueuePacketAndPacket(): [LoRaMesher] Deleting packet
15:46:17.847 > [911996][I][PacketQueueService.h:83] deleteQueuePacketAndPacket(): [LoRaMesher] Deleting packet queue
15:46:36.647 > Send packet 46
15:46:36.649 > Sending packet to D110
15:46:36.651 > [930797][V][LoraMesher.h:250] createPacketAndSend(): [LoRaMesher] Creating a packet for send with 8 bytes
15:46:36.660 > [930809][V][PacketFactory.h:45] createPacket(): [LoRaMesher] Creating packet with 17 bytes
15:46:36.668 > [930817][I][PacketFactory.h:74] createPacket(): [LoRaMesher] Packet created with 17 bytes
15:46:36.676 > [930825][I][LoraMesher.h:659] setPackedForSend(): [LoRaMesher] Adding packet to Q_SP
15:46:36.684 > [930833][I][LoraMesher.h:661] setPackedForSend(): [LoRaMesher] Created packet to Q_SP
15:46:36.691 > [930840][I][LoraMesher.cpp:1061] addToSendOrderedAndNotify(): [LoRaMesher] Added packet to Q_SP, notifying sender task
15:46:36.702 > [930851][V][LoraMesher.cpp:511] sendPackets(): [LoRaMesher] Stack space unused after entering the task: 2116
15:46:36.712 > [930861][V][LoraMesher.cpp:512] sendPackets(): [LoRaMesher] Free heap: 336780
15:46:36.718 > [930867][V][LoraMesher.cpp:518] sendPackets(): [LoRaMesher] Size of Send Packets Queue: 1
15:46:36.726 > [930875][V][LoraMesher.cpp:525] sendPackets(): [LoRaMesher] Send n. 54
15:46:36.733 > [930882][V][LoraMesher.cpp:455] waitBeforeSend(): [LoRaMesher] RandomDelay 613 ms
15:46:37.354 > [931503][V][LoraMesher.cpp:754] printHeaderPacket(): [LoRaMesher] Packet send -- Size: 17 Src: B3F0 Dst: D110 Id: 54 Type: 2 Via: D110 Seq_Id: 0 Num: 0
15:46:37.443 > [931593][V][LoraMesher.cpp:575] sendPackets(): [LoRaMesher] TimeOnAir 63 ms, next message in 0 ms
15:46:37.452 > [931601][I][PacketQueueService.h:80] deleteQueuePacketAndPacket(): [LoRaMesher] Deleting packet
15:46:37.462 > [931610][I][PacketQueueService.h:83] deleteQueuePacketAndPacket(): [LoRaMesher] Deleting packet queue
15:46:56.741 > Send packet 47
15:46:56.742 > Sending packet to D110
15:46:56.744 > [950890][V][LoraMesher.h:250] createPacketAndSend(): [LoRaMesher] Creating a packet for send with 8 bytes
15:46:56.754 > [950902][V][PacketFactory.h:45] createPacket(): [LoRaMesher] Creating packet with 17 bytes
15:46:56.762 > [950910][I][PacketFactory.h:74] createPacket(): [LoRaMesher] Packet created with 17 bytes
15:46:56.770 > [950918][I][LoraMesher.h:659] setPackedForSend(): [LoRaMesher] Adding packet to Q_SP
15:46:56.777 > [950926][I][LoraMesher.h:661] setPackedForSend(): [LoRaMesher] Created packet to Q_SP
15:46:56.785 > [950933][I][LoraMesher.cpp:1061] addToSendOrderedAndNotify(): [LoRaMesher] Added packet to Q_SP, notifying sender task
15:46:56.795 > [950944][V][LoraMesher.cpp:511] sendPackets(): [LoRaMesher] Stack space unused after entering the task: 2116
15:46:56.805 > [950954][V][LoraMesher.cpp:512] sendPackets(): [LoRaMesher] Free heap: 336780
15:46:56.812 > [950960][V][LoraMesher.cpp:518] sendPackets(): [LoRaMesher] Size of Send Packets Queue: 1
15:46:56.820 > [950968][V][LoraMesher.cpp:525] sendPackets(): [LoRaMesher] Send n. 55
15:46:56.826 > [950975][V][LoraMesher.cpp:455] waitBeforeSend(): [LoRaMesher] RandomDelay 653 ms
15:46:57.487 > [951636][V][LoraMesher.cpp:754] printHeaderPacket(): [LoRaMesher] Packet send -- Size: 17 Src: B3F0 Dst: D110 Id: 55 Type: 2 Via: D110 Seq_Id: 0 Num: 0
15:46:57.577 > [951726][V][LoraMesher.cpp:575] sendPackets(): [LoRaMesher] TimeOnAir 63 ms, next message in 0 ms
15:46:57.586 > [951734][I][PacketQueueService.h:80] deleteQueuePacketAndPacket(): [LoRaMesher] Deleting packet
15:46:57.594 > [951743][I][PacketQueueService.h:83] deleteQueuePacketAndPacket(): [LoRaMesher] Deleting packet queue
15:47:12.157 > [966306][V][LoraMesher.cpp:378] receivingRoutine(): [LoRaMesher] Stack space unused after entering the task: 2076
15:47:12.168 > [966316][V][LoraMesher.cpp:379] receivingRoutine(): [LoRaMesher] Free heap: 336876
15:47:12.176 > [966323][I][PacketService.cpp:12] createEmptyPacket(): [LoRaMesher] Packet created with 24 bytes
15:47:12.184 > [966332][I][LoraMesher.cpp:392] receivingRoutine(): [LoRaMesher] Receiving LoRa packet: Size: 24 bytes RSSI: -1 SNR: 12
15:47:12.195 > [966343][V][LoraMesher.cpp:647] processPackets(): [LoRaMesher] Size of Received Packets Queue: 1
15:47:12.204 > [966352][V][LoraMesher.cpp:754] printHeaderPacket(): [LoRaMesher] Packet received -- Size: 24 Src: F02C Dst: FFFF Id: 9 Type: 4 Via: 0 Seq_Id: 0 Num: 0
15:47:12.218 > [966365][I][RoutingTableService.cpp:77] processRoute(): [LoRaMesher] Route packet from F02C with size 4
15:47:12.227 > [966375][I][RoutingTableService.cpp:99] resetReceiveSNRRoutePacket(): [LoRaMesher] Reset Receive SNR from F02C: 12
15:47:12.237 > [966385][I][RoutingTableService.cpp:192] printRoutingTable(): [LoRaMesher] Current routing table:
15:47:12.246 > [966393][I][RoutingTableService.cpp:206] printRoutingTable(): [LoRaMesher] 0 - D110 via D110 metric 1 Role 1
15:47:12.255 > [966403][I][RoutingTableService.cpp:206] printRoutingTable(): [LoRaMesher] 1 - F02C via F02C metric 1 Role 0
15:47:12.265 > [966413][I][RoutingTableService.cpp:206] printRoutingTable(): [LoRaMesher] 2 - DE6C via DE6C metric 1 Role 0
15:47:12.275 > [966422][I][RoutingTableService.cpp:206] printRoutingTable(): [LoRaMesher] 3 - C998 via C998 metric 1 Role 0
15:47:12.284 > [966432][I][PacketQueueService.h:80] deleteQueuePacketAndPacket(): [LoRaMesher] Deleting packet
15:47:12.293 > [966440][I][PacketQueueService.h:83] deleteQueuePacketAndPacket(): [LoRaMesher] Deleting packet queue
15:47:12.302 > [966449][V][LoraMesher.cpp:641] processPackets(): [LoRaMesher] Stack space unused after entering the task: 2040
15:47:12.312 > [966459][V][LoraMesher.cpp:642] processPackets(): [LoRaMesher] Free heap: 336876
15:47:13.121 > [967269][V][LoraMesher.cpp:378] receivingRoutine(): [LoRaMesher] Stack space unused after entering the task: 2076
15:47:13.132 > [967280][V][LoraMesher.cpp:379] receivingRoutine(): [LoRaMesher] Free heap: 336876
15:47:13.139 > [967287][I][PacketService.cpp:12] createEmptyPacket(): [LoRaMesher] Packet created with 24 bytes
15:47:13.148 > [967296][I][LoraMesher.cpp:392] receivingRoutine(): [LoRaMesher] Receiving LoRa packet: Size: 24 bytes RSSI: -20 SNR: 13
15:47:13.159 > [967307][V][LoraMesher.cpp:647] processPackets(): [LoRaMesher] Size of Received Packets Queue: 1
15:47:13.168 > [967316][V][LoraMesher.cpp:754] printHeaderPacket(): [LoRaMesher] Packet received -- Size: 24 Src: DE6C Dst: FFFF Id: 9 Type: 4 Via: 0 Seq_Id: 0 Num: 0
15:47:13.181 > [967329][I][RoutingTableService.cpp:77] processRoute(): [LoRaMesher] Route packet from DE6C with size 4
15:47:13.191 > [967338][I][RoutingTableService.cpp:99] resetReceiveSNRRoutePacket(): [LoRaMesher] Reset Receive SNR from DE6C: 13
15:47:13.201 > [967349][I][RoutingTableService.cpp:192] printRoutingTable(): [LoRaMesher] Current routing table:
15:47:13.209 > [967357][I][RoutingTableService.cpp:206] printRoutingTable(): [LoRaMesher] 0 - D110 via D110 metric 1 Role 1
15:47:13.219 > [967367][I][RoutingTableService.cpp:206] printRoutingTable(): [LoRaMesher] 1 - F02C via F02C metric 1 Role 0
15:47:13.229 > [967376][I][RoutingTableService.cpp:206] printRoutingTable(): [LoRaMesher] 2 - DE6C via DE6C metric 1 Role 0
15:47:13.238 > [967386][I][RoutingTableService.cpp:206] printRoutingTable(): [LoRaMesher] 3 - C998 via C998 metric 1 Role 0
15:47:13.248 > [967396][I][PacketQueueService.h:80] deleteQueuePacketAndPacket(): [LoRaMesher] Deleting packet
15:47:13.256 > [967404][I][PacketQueueService.h:83] deleteQueuePacketAndPacket(): [LoRaMesher] Deleting packet queue
15:47:13.265 > [967413][V][LoraMesher.cpp:641] processPackets(): [LoRaMesher] Stack space unused after entering the task: 2040
15:47:13.275 > [967423][V][LoraMesher.cpp:642] processPackets(): [LoRaMesher] Free heap: 336876
15:47:14.260 > [968408][V][LoraMesher.cpp:598] sendHelloPacket(): [LoRaMesher] Creating Routing Packet
15:47:14.268 > [968416][V][LoraMesher.cpp:599] sendHelloPacket(): [LoRaMesher] Stack space unused after entering the task: 2324
15:47:14.278 > [968426][V][LoraMesher.cpp:600] sendHelloPacket(): [LoRaMesher] Free heap: 336876
15:47:14.285 > [968433][V][PacketFactory.h:45] createPacket(): [LoRaMesher] Creating packet with 24 bytes
15:47:14.293 > [968441][I][PacketFactory.h:74] createPacket(): [LoRaMesher] Packet created with 24 bytes
15:47:14.301 > [968449][I][LoraMesher.h:659] setPackedForSend(): [LoRaMesher] Adding packet to Q_SP
15:47:14.309 > [968457][I][LoraMesher.h:661] setPackedForSend(): [LoRaMesher] Created packet to Q_SP
15:47:14.317 > [968464][I][LoraMesher.cpp:1061] addToSendOrderedAndNotify(): [LoRaMesher] Added packet to Q_SP, notifying sender task
15:47:14.327 > [968475][V][LoraMesher.cpp:511] sendPackets(): [LoRaMesher] Stack space unused after entering the task: 2116
15:47:14.337 > [968485][V][LoraMesher.cpp:512] sendPackets(): [LoRaMesher] Free heap: 336776
15:47:14.344 > [968491][V][LoraMesher.cpp:518] sendPackets(): [LoRaMesher] Size of Send Packets Queue: 1
15:47:14.352 > [968499][V][LoraMesher.cpp:525] sendPackets(): [LoRaMesher] Send n. 56
15:47:14.358 > [968506][V][LoraMesher.cpp:455] waitBeforeSend(): [LoRaMesher] RandomDelay 1121 ms
15:47:15.315 > [969462][V][LoraMesher.cpp:378] receivingRoutine(): [LoRaMesher] Stack space unused after entering the task: 2076
15:47:15.325 > [969472][V][LoraMesher.cpp:379] receivingRoutine(): [LoRaMesher] Free heap: 336804
15:47:15.332 > [969480][I][PacketService.cpp:12] createEmptyPacket(): [LoRaMesher] Packet created with 24 bytes
15:47:15.341 > [969489][I][LoraMesher.cpp:392] receivingRoutine(): [LoRaMesher] Receiving LoRa packet: Size: 24 bytes RSSI: -20 SNR: 13
15:47:15.352 > [969500][V][LoraMesher.cpp:647] processPackets(): [LoRaMesher] Size of Received Packets Queue: 1
15:47:15.361 > [969509][V][LoraMesher.cpp:754] printHeaderPacket(): [LoRaMesher] Packet received -- Size: 24 Src: D110 Dst: FFFF Id: 8 Type: 4 Via: 0 Seq_Id: 0 Num: 0
15:47:15.374 > [969522][I][RoutingTableService.cpp:77] processRoute(): [LoRaMesher] Route packet from D110 with size 4
15:47:15.384 > [969531][I][RoutingTableService.cpp:99] resetReceiveSNRRoutePacket(): [LoRaMesher] Reset Receive SNR from D110: 13
15:47:15.394 > [969542][I][RoutingTableService.cpp:192] printRoutingTable(): [LoRaMesher] Current routing table:
15:47:15.402 > [969550][I][RoutingTableService.cpp:206] printRoutingTable(): [LoRaMesher] 0 - D110 via D110 metric 1 Role 1
15:47:15.412 > [969560][I][RoutingTableService.cpp:206] printRoutingTable(): [LoRaMesher] 1 - F02C via F02C metric 1 Role 0
15:47:15.422 > [969569][I][RoutingTableService.cpp:206] printRoutingTable(): [LoRaMesher] 2 - DE6C via DE6C metric 1 Role 0
15:47:15.431 > [969579][I][RoutingTableService.cpp:206] printRoutingTable(): [LoRaMesher] 3 - C998 via C998 metric 1 Role 0
15:47:15.441 > [969589][I][PacketQueueService.h:80] deleteQueuePacketAndPacket(): [LoRaMesher] Deleting packet
15:47:15.449 > [969597][I][PacketQueueService.h:83] deleteQueuePacketAndPacket(): [LoRaMesher] Deleting packet queue
15:47:15.458 > [969606][V][LoraMesher.cpp:641] processPackets(): [LoRaMesher] Stack space unused after entering the task: 2040
15:47:15.468 > [969616][V][LoraMesher.cpp:642] processPackets(): [LoRaMesher] Free heap: 336804
15:47:15.492 > [969640][V][LoraMesher.cpp:462] waitBeforeSend(): [LoRaMesher] Preamble detected while waiting 1
15:47:15.501 > [969649][V][LoraMesher.cpp:455] waitBeforeSend(): [LoRaMesher] RandomDelay 1014 ms
15:47:16.522 > [970671][V][LoraMesher.cpp:754] printHeaderPacket(): [LoRaMesher] Packet send -- Size: 24 Src: B3F0 Dst: FFFF Id: 56 Type: 4 Via: 0 Seq_Id: 0 Num: 0
15:47:16.626 > [970775][V][LoraMesher.cpp:575] sendPackets(): [LoRaMesher] TimeOnAir 78 ms, next message in 0 ms
15:47:16.635 > [970783][I][PacketQueueService.h:80] deleteQueuePacketAndPacket(): [LoRaMesher] Deleting packet
15:47:16.644 > [970792][I][PacketQueueService.h:83] deleteQueuePacketAndPacket(): [LoRaMesher] Deleting packet queue
15:47:16.834 > Send packet 48
15:47:16.836 > Sending packet to D110
15:47:16.838 > [970983][V][LoraMesher.h:250] createPacketAndSend(): [LoRaMesher] Creating a packet for send with 8 bytes
15:47:16.847 > [970995][V][PacketFactory.h:45] createPacket(): [LoRaMesher] Creating packet with 17 bytes
15:47:16.855 > [971003][I][PacketFactory.h:74] createPacket(): [LoRaMesher] Packet created with 17 bytes
15:47:16.863 > [971011][I][LoraMesher.h:659] setPackedForSend(): [LoRaMesher] Adding packet to Q_SP
15:47:16.871 > [971019][I][LoraMesher.h:661] setPackedForSend(): [LoRaMesher] Created packet to Q_SP
15:47:16.878 > [971026][I][LoraMesher.cpp:1061] addToSendOrderedAndNotify(): [LoRaMesher] Added packet to Q_SP, notifying sender task
15:47:16.889 > [971037][V][LoraMesher.cpp:511] sendPackets(): [LoRaMesher] Stack space unused after entering the task: 2116
15:47:16.899 > [971047][V][LoraMesher.cpp:512] sendPackets(): [LoRaMesher] Free heap: 336780
15:47:16.906 > [971053][V][LoraMesher.cpp:518] sendPackets(): [LoRaMesher] Size of Send Packets Queue: 1
15:47:16.914 > [971061][V][LoraMesher.cpp:525] sendPackets(): [LoRaMesher] Send n. 57
15:47:16.920 > [971068][V][LoraMesher.cpp:455] waitBeforeSend(): [LoRaMesher] RandomDelay 941 ms
15:47:17.868 > [972017][V][LoraMesher.cpp:754] printHeaderPacket(): [LoRaMesher] Packet send -- Size: 17 Src: B3F0 Dst: D110 Id: 57 Type: 2 Via: D110 Seq_Id: 0 Num: 0
15:47:17.958 > [972107][V][LoraMesher.cpp:575] sendPackets(): [LoRaMesher] TimeOnAir 63 ms, next message in 0 ms
15:47:17.967 > [972115][I][PacketQueueService.h:80] deleteQueuePacketAndPacket(): [LoRaMesher] Deleting packet
15:47:17.976 > [972124][I][PacketQueueService.h:83] deleteQueuePacketAndPacket(): [LoRaMesher] Deleting packet queue
15:47:36.928 > Send packet 49
15:47:36.929 > Sending packet to D110
15:47:36.931 > [991076][V][LoraMesher.h:250] createPacketAndSend(): [LoRaMesher] Creating a packet for send with 8 bytes
15:47:36.941 > [991088][V][PacketFactory.h:45] createPacket(): [LoRaMesher] Creating packet with 17 bytes
15:47:36.949 > [991096][I][PacketFactory.h:74] createPacket(): [LoRaMesher] Packet created with 17 bytes
15:47:36.957 > [991104][I][LoraMesher.h:659] setPackedForSend(): [LoRaMesher] Adding packet to Q_SP
15:47:36.964 > [991112][I][LoraMesher.h:661] setPackedForSend(): [LoRaMesher] Created packet to Q_SP
15:47:36.972 > [991119][I][LoraMesher.cpp:1061] addToSendOrderedAndNotify(): [LoRaMesher] Added packet to Q_SP, notifying sender task
15:47:36.983 > [991130][V][LoraMesher.cpp:511] sendPackets(): [LoRaMesher] Stack space unused after entering the task: 2116
15:47:36.992 > [991140][V][LoraMesher.cpp:512] sendPackets(): [LoRaMesher] Free heap: 336780
15:47:36.999 > [991146][V][LoraMesher.cpp:518] sendPackets(): [LoRaMesher] Size of Send Packets Queue: 1
15:47:37.007 > [991154][V][LoraMesher.cpp:525] sendPackets(): [LoRaMesher] Send n. 58
15:47:37.013 > [991161][V][LoraMesher.cpp:455] waitBeforeSend(): [LoRaMesher] RandomDelay 388 ms
15:47:37.409 > [991557][V][LoraMesher.cpp:754] printHeaderPacket(): [LoRaMesher] Packet send -- Size: 17 Src: B3F0 Dst: D110 Id: 58 Type: 2 Via: D110 Seq_Id: 0 Num: 0
15:47:37.499 > [991646][V][LoraMesher.cpp:575] sendPackets(): [LoRaMesher] TimeOnAir 63 ms, next message in 0 ms
15:47:37.508 > [991655][I][PacketQueueService.h:80] deleteQueuePacketAndPacket(): [LoRaMesher] Deleting packet
15:47:37.516 > [991664][I][PacketQueueService.h:83] deleteQueuePacketAndPacket(): [LoRaMesher] Deleting packet queue
15:47:57.018 > Send packet 50
15:47:57.020 > Sending packet to D110
15:47:57.022 > [1011169][V][LoraMesher.h:250] createPacketAndSend(): [LoRaMesher] Creating a packet for send with 8 bytes
15:47:57.031 > [1011181][V][PacketFactory.h:45] createPacket(): [LoRaMesher] Creating packet with 17 bytes
15:47:57.039 > [1011189][I][PacketFactory.h:74] createPacket(): [LoRaMesher] Packet created with 17 bytes
15:47:57.048 > [1011197][I][LoraMesher.h:659] setPackedForSend(): [LoRaMesher] Adding packet to Q_SP
15:47:57.055 > [1011205][I][LoraMesher.h:661] setPackedForSend(): [LoRaMesher] Created packet to Q_SP
15:47:57.062 > [1011213][I][LoraMesher.cpp:1061] addToSendOrderedAndNotify(): [LoRaMesher] Added packet to Q_SP, notifying sender task
15:47:57.073 > [1011223][V][LoraMesher.cpp:511] sendPackets(): [LoRaMesher] Stack space unused after entering the task: 2116
15:47:57.083 > [1011233][V][LoraMesher.cpp:512] sendPackets(): [LoRaMesher] Free heap: 336780
15:47:57.089 > [1011240][V][LoraMesher.cpp:518] sendPackets(): [LoRaMesher] Size of Send Packets Queue: 1
15:47:57.098 > [1011248][V][LoraMesher.cpp:525] sendPackets(): [LoRaMesher] Send n. 59
15:47:57.104 > [1011255][V][LoraMesher.cpp:455] waitBeforeSend(): [LoRaMesher] RandomDelay 1091 ms
15:47:58.202 > [1012354][V][LoraMesher.cpp:754] printHeaderPacket(): [LoRaMesher] Packet send -- Size: 17 Src: B3F0 Dst: D110 Id: 59 Type: 2 Via: D110 Seq_Id: 0 Num: 0
15:47:58.292 > [1012444][V][LoraMesher.cpp:575] sendPackets(): [LoRaMesher] TimeOnAir 63 ms, next message in 0 ms
15:47:58.302 > [1012452][I][PacketQueueService.h:80] deleteQueuePacketAndPacket(): [LoRaMesher] Deleting packet
15:47:58.310 > [1012461][I][PacketQueueService.h:83] deleteQueuePacketAndPacket(): [LoRaMesher] Deleting packet queue
15:48:00.715 > [1014868][V][LoraMesher.cpp:378] receivingRoutine(): [LoRaMesher] Stack space unused after entering the task: 2076
15:48:00.725 > [1014878][V][LoraMesher.cpp:379] receivingRoutine(): [LoRaMesher] Free heap: 336876
15:48:00.733 > [1014886][I][PacketService.cpp:12] createEmptyPacket(): [LoRaMesher] Packet created with 24 bytes
15:48:00.742 > [1014895][I][LoraMesher.cpp:392] receivingRoutine(): [LoRaMesher] Receiving LoRa packet: Size: 24 bytes RSSI: -84 SNR: -4
15:48:00.753 > [1014906][V][LoraMesher.cpp:647] processPackets(): [LoRaMesher] Size of Received Packets Queue: 1
15:48:00.762 > [1014915][V][LoraMesher.cpp:754] printHeaderPacket(): [LoRaMesher] Packet received -- Size: 24 Src: C998 Dst: FFFF Id: 4 Type: 4 Via: 0 Seq_Id: 0 Num: 0
15:48:00.775 > [1014928][I][RoutingTableService.cpp:77] processRoute(): [LoRaMesher] Route packet from C998 with size 4
15:48:00.785 > [1014938][I][RoutingTableService.cpp:99] resetReceiveSNRRoutePacket(): [LoRaMesher] Reset Receive SNR from C998: -4
15:48:00.795 > [1014948][I][RoutingTableService.cpp:192] printRoutingTable(): [LoRaMesher] Current routing table:
15:48:00.804 > [1014957][I][RoutingTableService.cpp:206] printRoutingTable(): [LoRaMesher] 0 - D110 via D110 metric 1 Role 1
15:48:00.814 > [1014966][I][RoutingTableService.cpp:206] printRoutingTable(): [LoRaMesher] 1 - F02C via F02C metric 1 Role 0
15:48:00.823 > [1014976][I][RoutingTableService.cpp:206] printRoutingTable(): [LoRaMesher] 2 - DE6C via DE6C metric 1 Role 0
15:48:00.833 > [1014986][I][RoutingTableService.cpp:206] printRoutingTable(): [LoRaMesher] 3 - C998 via C998 metric 1 Role 0
15:48:00.843 > [1014995][I][PacketQueueService.h:80] deleteQueuePacketAndPacket(): [LoRaMesher] Deleting packet
15:48:00.851 > [1015004][I][PacketQueueService.h:83] deleteQueuePacketAndPacket(): [LoRaMesher] Deleting packet queue
15:48:00.860 > [1015013][V][LoraMesher.cpp:641] processPackets(): [LoRaMesher] Stack space unused after entering the task: 2040
15:48:00.870 > [1015023][V][LoraMesher.cpp:642] processPackets(): [LoRaMesher] Free heap: 336876
15:48:17.098 > Send packet 51
15:48:17.100 > Sending packet to D110
15:48:17.102 > [1031263][V][LoraMesher.h:250] createPacketAndSend(): [LoRaMesher] Creating a packet for send with 8 bytes
15:48:17.111 > [1031275][V][PacketFactory.h:45] createPacket(): [LoRaMesher] Creating packet with 17 bytes
15:48:17.119 > [1031283][I][PacketFactory.h:74] createPacket(): [LoRaMesher] Packet created with 17 bytes
15:48:17.127 > [1031291][I][LoraMesher.h:659] setPackedForSend(): [LoRaMesher] Adding packet to Q_SP
15:48:17.135 > [1031299][I][LoraMesher.h:661] setPackedForSend(): [LoRaMesher] Created packet to Q_SP
15:48:17.143 > [1031307][I][LoraMesher.cpp:1061] addToSendOrderedAndNotify(): [LoRaMesher] Added packet to Q_SP, notifying sender task
15:48:17.153 > [1031317][V][LoraMesher.cpp:511] sendPackets(): [LoRaMesher] Stack space unused after entering the task: 2116
15:48:17.163 > [1031327][V][LoraMesher.cpp:512] sendPackets(): [LoRaMesher] Free heap: 336780
15:48:17.170 > [1031334][V][LoraMesher.cpp:518] sendPackets(): [LoRaMesher] Size of Send Packets Queue: 1
15:48:17.178 > [1031342][V][LoraMesher.cpp:525] sendPackets(): [LoRaMesher] Send n. 60
15:48:17.185 > [1031349][V][LoraMesher.cpp:455] waitBeforeSend(): [LoRaMesher] RandomDelay 281 ms
15:48:17.472 > [1031638][V][LoraMesher.cpp:754] printHeaderPacket(): [LoRaMesher] Packet send -- Size: 17 Src: B3F0 Dst: D110 Id: 60 Type: 2 Via: D110 Seq_Id: 0 Num: 0
15:48:17.562 > [1031728][V][LoraMesher.cpp:575] sendPackets(): [LoRaMesher] TimeOnAir 63 ms, next message in 0 ms
15:48:17.572 > [1031736][I][PacketQueueService.h:80] deleteQueuePacketAndPacket(): [LoRaMesher] Deleting packet
15:48:17.580 > [1031745][I][PacketQueueService.h:83] deleteQueuePacketAndPacket(): [LoRaMesher] Deleting packet queue
15:48:37.179 > Send packet 52
15:48:37.181 > Sending packet to D110
15:48:37.183 > [1051357][V][LoraMesher.h:250] createPacketAndSend(): [LoRaMesher] Creating a packet for send with 8 bytes
15:48:37.193 > [1051369][V][PacketFactory.h:45] createPacket(): [LoRaMesher] Creating packet with 17 bytes
15:48:37.201 > [1051377][I][PacketFactory.h:74] createPacket(): [LoRaMesher] Packet created with 17 bytes
15:48:37.209 > [1051385][I][LoraMesher.h:659] setPackedForSend(): [LoRaMesher] Adding packet to Q_SP
15:48:37.216 > [1051393][I][LoraMesher.h:661] setPackedForSend(): [LoRaMesher] Created packet to Q_SP
15:48:37.224 > [1051401][I][LoraMesher.cpp:1061] addToSendOrderedAndNotify(): [LoRaMesher] Added packet to Q_SP, notifying sender task
15:48:37.235 > [1051411][V][LoraMesher.cpp:511] sendPackets(): [LoRaMesher] Stack space unused after entering the task: 2116
15:48:37.246 > [1051421][V][LoraMesher.cpp:512] sendPackets(): [LoRaMesher] Free heap: 336780
15:48:37.252 > [1051428][V][LoraMesher.cpp:518] sendPackets(): [LoRaMesher] Size of Send Packets Queue: 1
15:48:37.260 > [1051436][V][LoraMesher.cpp:525] sendPackets(): [LoRaMesher] Send n. 61
15:48:37.266 > [1051443][V][LoraMesher.cpp:455] waitBeforeSend(): [LoRaMesher] RandomDelay 589 ms
15:48:37.862 > [1052040][V][LoraMesher.cpp:754] printHeaderPacket(): [LoRaMesher] Packet send -- Size: 17 Src: B3F0 Dst: D110 Id: 61 Type: 2 Via: D110 Seq_Id: 0 Num: 0
15:48:37.952 > [1052130][V][LoraMesher.cpp:575] sendPackets(): [LoRaMesher] TimeOnAir 63 ms, next message in 0 ms
15:48:37.961 > [1052138][I][PacketQueueService.h:80] deleteQueuePacketAndPacket(): [LoRaMesher] Deleting packet
15:48:37.969 > [1052147][I][PacketQueueService.h:83] deleteQueuePacketAndPacket(): [LoRaMesher] Deleting packet queue
15:48:57.263 > Send packet 53
15:48:57.264 > Sending packet to D110
15:48:57.266 > [1071451][V][LoraMesher.h:250] createPacketAndSend(): [LoRaMesher] Creating a packet for send with 8 bytes
15:48:57.275 > [1071463][V][PacketFactory.h:45] createPacket(): [LoRaMesher] Creating packet with 17 bytes
15:48:57.283 > [1071471][I][PacketFactory.h:74] createPacket(): [LoRaMesher] Packet created with 17 bytes
15:48:57.291 > [1071479][I][LoraMesher.h:659] setPackedForSend(): [LoRaMesher] Adding packet to Q_SP
15:48:57.299 > [1071487][I][LoraMesher.h:661] setPackedForSend(): [LoRaMesher] Created packet to Q_SP
15:48:57.307 > [1071495][I][LoraMesher.cpp:1061] addToSendOrderedAndNotify(): [LoRaMesher] Added packet to Q_SP, notifying sender task
15:48:57.317 > [1071505][V][LoraMesher.cpp:511] sendPackets(): [LoRaMesher] Stack space unused after entering the task: 2116
15:48:57.327 > [1071515][V][LoraMesher.cpp:512] sendPackets(): [LoRaMesher] Free heap: 336780
15:48:57.334 > [1071522][V][LoraMesher.cpp:518] sendPackets(): [LoRaMesher] Size of Send Packets Queue: 1
15:48:57.342 > [1071530][V][LoraMesher.cpp:525] sendPackets(): [LoRaMesher] Send n. 62
15:48:57.349 > [1071537][V][LoraMesher.cpp:455] waitBeforeSend(): [LoRaMesher] RandomDelay 628 ms
15:48:57.984 > [1072173][V][LoraMesher.cpp:754] printHeaderPacket(): [LoRaMesher] Packet send -- Size: 17 Src: B3F0 Dst: D110 Id: 62 Type: 2 Via: D110 Seq_Id: 0 Num: 0
15:48:58.074 > [1072263][V][LoraMesher.cpp:575] sendPackets(): [LoRaMesher] TimeOnAir 63 ms, next message in 0 ms
15:48:58.083 > [1072271][I][PacketQueueService.h:80] deleteQueuePacketAndPacket(): [LoRaMesher] Deleting packet
15:48:58.092 > [1072280][I][PacketQueueService.h:83] deleteQueuePacketAndPacket(): [LoRaMesher] Deleting packet queue
15:49:12.105 > [1086300][V][LoraMesher.cpp:378] receivingRoutine(): [LoRaMesher] Stack space unused after entering the task: 2076
15:49:12.116 > [1086310][V][LoraMesher.cpp:379] receivingRoutine(): [LoRaMesher] Free heap: 336876
15:49:12.124 > [1086318][I][PacketService.cpp:12] createEmptyPacket(): [LoRaMesher] Packet created with 24 bytes
15:49:12.133 > [1086327][I][LoraMesher.cpp:392] receivingRoutine(): [LoRaMesher] Receiving LoRa packet: Size: 24 bytes RSSI: -1 SNR: 13
15:49:12.144 > [1086338][V][LoraMesher.cpp:647] processPackets(): [LoRaMesher] Size of Received Packets Queue: 1
15:49:12.152 > [1086347][V][LoraMesher.cpp:754] printHeaderPacket(): [LoRaMesher] Packet received -- Size: 24 Src: F02C Dst: FFFF Id: 10 Type: 4 Via: 0 Seq_Id: 0 Num: 0
15:49:12.166 > [1086360][I][RoutingTableService.cpp:77] processRoute(): [LoRaMesher] Route packet from F02C with size 4
15:49:12.175 > [1086370][I][RoutingTableService.cpp:99] resetReceiveSNRRoutePacket(): [LoRaMesher] Reset Receive SNR from F02C: 13
15:49:12.186 > [1086380][I][RoutingTableService.cpp:192] printRoutingTable(): [LoRaMesher] Current routing table:
15:49:12.194 > [1086389][I][RoutingTableService.cpp:206] printRoutingTable(): [LoRaMesher] 0 - D110 via D110 metric 1 Role 1
15:49:12.204 > [1086398][I][RoutingTableService.cpp:206] printRoutingTable(): [LoRaMesher] 1 - F02C via F02C metric 1 Role 0
15:49:12.214 > [1086408][I][RoutingTableService.cpp:206] printRoutingTable(): [LoRaMesher] 2 - DE6C via DE6C metric 1 Role 0
15:49:12.224 > [1086418][I][RoutingTableService.cpp:206] printRoutingTable(): [LoRaMesher] 3 - C998 via C998 metric 1 Role 0
15:49:12.233 > [1086428][I][PacketQueueService.h:80] deleteQueuePacketAndPacket(): [LoRaMesher] Deleting packet
15:49:12.242 > [1086436][I][PacketQueueService.h:83] deleteQueuePacketAndPacket(): [LoRaMesher] Deleting packet queue
15:49:12.251 > [1086445][V][LoraMesher.cpp:641] processPackets(): [LoRaMesher] Stack space unused after entering the task: 2040
15:49:12.261 > [1086455][V][LoraMesher.cpp:642] processPackets(): [LoRaMesher] Free heap: 336876
15:49:12.869 > [1087064][V][LoraMesher.cpp:378] receivingRoutine(): [LoRaMesher] Stack space unused after entering the task: 2076
15:49:12.879 > [1087074][V][LoraMesher.cpp:379] receivingRoutine(): [LoRaMesher] Free heap: 336876
15:49:12.886 > [1087082][I][PacketService.cpp:12] createEmptyPacket(): [LoRaMesher] Packet created with 24 bytes
15:49:12.895 > [1087091][I][LoraMesher.cpp:392] receivingRoutine(): [LoRaMesher] Receiving LoRa packet: Size: 24 bytes RSSI: -25 SNR: 14
15:49:12.907 > [1087102][V][LoraMesher.cpp:647] processPackets(): [LoRaMesher] Size of Received Packets Queue: 1
15:49:12.915 > [1087111][V][LoraMesher.cpp:754] printHeaderPacket(): [LoRaMesher] Packet received -- Size: 24 Src: D110 Dst: FFFF Id: 9 Type: 4 Via: 0 Seq_Id: 0 Num: 0
15:49:12.929 > [1087124][I][RoutingTableService.cpp:77] processRoute(): [LoRaMesher] Route packet from D110 with size 4
15:49:12.938 > [1087133][I][RoutingTableService.cpp:99] resetReceiveSNRRoutePacket(): [LoRaMesher] Reset Receive SNR from D110: 14
15:49:12.948 > [1087144][I][RoutingTableService.cpp:192] printRoutingTable(): [LoRaMesher] Current routing table:
15:49:12.957 > [1087153][I][RoutingTableService.cpp:206] printRoutingTable(): [LoRaMesher] 0 - D110 via D110 metric 1 Role 1
15:49:12.967 > [1087162][I][RoutingTableService.cpp:206] printRoutingTable(): [LoRaMesher] 1 - F02C via F02C metric 1 Role 0
15:49:12.977 > [1087172][I][RoutingTableService.cpp:206] printRoutingTable(): [LoRaMesher] 2 - DE6C via DE6C metric 1 Role 0
15:49:12.987 > [1087182][I][RoutingTableService.cpp:206] printRoutingTable(): [LoRaMesher] 3 - C998 via C998 metric 1 Role 0
15:49:12.996 > [1087191][I][PacketQueueService.h:80] deleteQueuePacketAndPacket(): [LoRaMesher] Deleting packet
15:49:13.006 > [1087200][I][PacketQueueService.h:83] deleteQueuePacketAndPacket(): [LoRaMesher] Deleting packet queue
15:49:13.014 > [1087209][V][LoraMesher.cpp:641] processPackets(): [LoRaMesher] Stack space unused after entering the task: 2040
15:49:13.024 > [1087219][V][LoraMesher.cpp:642] processPackets(): [LoRaMesher] Free heap: 336876
15:49:13.818 > [1088014][V][LoraMesher.cpp:378] receivingRoutine(): [LoRaMesher] Stack space unused after entering the task: 2076
15:49:13.829 > [1088024][V][LoraMesher.cpp:379] receivingRoutine(): [LoRaMesher] Free heap: 336876
15:49:13.836 > [1088032][I][PacketService.cpp:12] createEmptyPacket(): [LoRaMesher] Packet created with 24 bytes
15:49:13.845 > [1088041][I][LoraMesher.cpp:392] receivingRoutine(): [LoRaMesher] Receiving LoRa packet: Size: 24 bytes RSSI: -22 SNR: 13
15:49:13.857 > [1088052][V][LoraMesher.cpp:647] processPackets(): [LoRaMesher] Size of Received Packets Queue: 1
15:49:13.865 > [1088061][V][LoraMesher.cpp:754] printHeaderPacket(): [LoRaMesher] Packet received -- Size: 24 Src: DE6C Dst: FFFF Id: 10 Type: 4 Via: 0 Seq_Id: 0 Num: 0
15:49:13.879 > [1088074][I][RoutingTableService.cpp:77] processRoute(): [LoRaMesher] Route packet from DE6C with size 4
15:49:13.888 > [1088084][I][RoutingTableService.cpp:99] resetReceiveSNRRoutePacket(): [LoRaMesher] Reset Receive SNR from DE6C: 13
15:49:13.899 > [1088094][I][RoutingTableService.cpp:192] printRoutingTable(): [LoRaMesher] Current routing table:
15:49:13.907 > [1088103][I][RoutingTableService.cpp:206] printRoutingTable(): [LoRaMesher] 0 - D110 via D110 metric 1 Role 1
15:49:13.917 > [1088112][I][RoutingTableService.cpp:206] printRoutingTable(): [LoRaMesher] 1 - F02C via F02C metric 1 Role 0
15:49:13.927 > [1088122][I][RoutingTableService.cpp:206] printRoutingTable(): [LoRaMesher] 2 - DE6C via DE6C metric 1 Role 0
15:49:13.936 > [1088132][I][RoutingTableService.cpp:206] printRoutingTable(): [LoRaMesher] 3 - C998 via C998 metric 1 Role 0
15:49:13.946 > [1088141][I][PacketQueueService.h:80] deleteQueuePacketAndPacket(): [LoRaMesher] Deleting packet
15:49:13.955 > [1088150][I][PacketQueueService.h:83] deleteQueuePacketAndPacket(): [LoRaMesher] Deleting packet queue
15:49:13.964 > [1088159][V][LoraMesher.cpp:641] processPackets(): [LoRaMesher] Stack space unused after entering the task: 2040
15:49:13.974 > [1088169][V][LoraMesher.cpp:642] processPackets(): [LoRaMesher] Free heap: 336876
15:49:14.278 > [1088474][V][LoraMesher.cpp:598] sendHelloPacket(): [LoRaMesher] Creating Routing Packet
15:49:14.287 > [1088482][V][LoraMesher.cpp:599] sendHelloPacket(): [LoRaMesher] Stack space unused after entering the task: 2324
15:49:14.297 > [1088492][V][LoraMesher.cpp:600] sendHelloPacket(): [LoRaMesher] Free heap: 336876
15:49:14.304 > [1088499][V][PacketFactory.h:45] createPacket(): [LoRaMesher] Creating packet with 24 bytes
15:49:14.312 > [1088508][I][PacketFactory.h:74] createPacket(): [LoRaMesher] Packet created with 24 bytes
15:49:14.320 > [1088516][I][LoraMesher.h:659] setPackedForSend(): [LoRaMesher] Adding packet to Q_SP
15:49:14.328 > [1088523][I][LoraMesher.h:661] setPackedForSend(): [LoRaMesher] Created packet to Q_SP
15:49:14.336 > [1088531][I][LoraMesher.cpp:1061] addToSendOrderedAndNotify(): [LoRaMesher] Added packet to Q_SP, notifying sender task
15:49:14.346 > [1088542][V][LoraMesher.cpp:511] sendPackets(): [LoRaMesher] Stack space unused after entering the task: 2116
15:49:14.356 > [1088551][V][LoraMesher.cpp:512] sendPackets(): [LoRaMesher] Free heap: 336776
15:49:14.363 > [1088558][V][LoraMesher.cpp:518] sendPackets(): [LoRaMesher] Size of Send Packets Queue: 1
15:49:14.371 > [1088566][V][LoraMesher.cpp:525] sendPackets(): [LoRaMesher] Send n. 63
15:49:14.377 > [1088573][V][LoraMesher.cpp:455] waitBeforeSend(): [LoRaMesher] RandomDelay 1043 ms
15:49:15.427 > [1089624][V][LoraMesher.cpp:754] printHeaderPacket(): [LoRaMesher] Packet send -- Size: 24 Src: B3F0 Dst: FFFF Id: 63 Type: 4 Via: 0 Seq_Id: 0 Num: 0
15:49:15.531 > [1089728][V][LoraMesher.cpp:575] sendPackets(): [LoRaMesher] TimeOnAir 78 ms, next message in 0 ms
15:49:15.540 > [1089737][I][PacketQueueService.h:80] deleteQueuePacketAndPacket(): [LoRaMesher] Deleting packet
15:49:15.549 > [1089745][I][PacketQueueService.h:83] deleteQueuePacketAndPacket(): [LoRaMesher] Deleting packet queue
15:49:17.347 > Send packet 54
15:49:17.348 > Sending packet to D110
15:49:17.351 > [1091545][V][LoraMesher.h:250] createPacketAndSend(): [LoRaMesher] Creating a packet for send with 8 bytes
15:49:17.361 > [1091557][V][PacketFactory.h:45] createPacket(): [LoRaMesher] Creating packet with 17 bytes
15:49:17.368 > [1091565][I][PacketFactory.h:74] createPacket(): [LoRaMesher] Packet created with 17 bytes
15:49:17.376 > [1091573][I][LoraMesher.h:659] setPackedForSend(): [LoRaMesher] Adding packet to Q_SP
15:49:17.384 > [1091581][I][LoraMesher.h:661] setPackedForSend(): [LoRaMesher] Created packet to Q_SP
15:49:17.392 > [1091589][I][LoraMesher.cpp:1061] addToSendOrderedAndNotify(): [LoRaMesher] Added packet to Q_SP, notifying sender task
15:49:17.403 > [1091599][V][LoraMesher.cpp:511] sendPackets(): [LoRaMesher] Stack space unused after entering the task: 2116
15:49:17.412 > [1091609][V][LoraMesher.cpp:512] sendPackets(): [LoRaMesher] Free heap: 336780
15:49:17.420 > [1091616][V][LoraMesher.cpp:518] sendPackets(): [LoRaMesher] Size of Send Packets Queue: 1
15:49:17.427 > [1091624][V][LoraMesher.cpp:525] sendPackets(): [LoRaMesher] Send n. 64
15:49:17.433 > [1091631][V][LoraMesher.cpp:455] waitBeforeSend(): [LoRaMesher] RandomDelay 1007 ms
15:49:18.448 > [1092646][V][LoraMesher.cpp:754] printHeaderPacket(): [LoRaMesher] Packet send -- Size: 17 Src: B3F0 Dst: D110 Id: 64 Type: 2 Via: D110 Seq_Id: 0 Num: 0
15:49:18.538 > [1092736][V][LoraMesher.cpp:575] sendPackets(): [LoRaMesher] TimeOnAir 63 ms, next message in 0 ms
15:49:18.547 > [1092744][I][PacketQueueService.h:80] deleteQueuePacketAndPacket(): [LoRaMesher] Deleting packet
15:49:18.556 > [1092753][I][PacketQueueService.h:83] deleteQueuePacketAndPacket(): [LoRaMesher] Deleting packet queue
15:49:37.433 > Send packet 55
15:49:37.435 > Sending packet to D110
15:49:37.437 > [1111639][V][LoraMesher.h:250] createPacketAndSend(): [LoRaMesher] Creating a packet for send with 8 bytes
15:49:37.446 > [1111651][V][PacketFactory.h:45] createPacket(): [LoRaMesher] Creating packet with 17 bytes
15:49:37.455 > [1111659][I][PacketFactory.h:74] createPacket(): [LoRaMesher] Packet created with 17 bytes
15:49:37.463 > [1111667][I][LoraMesher.h:659] setPackedForSend(): [LoRaMesher] Adding packet to Q_SP
15:49:37.470 > [1111675][I][LoraMesher.h:661] setPackedForSend(): [LoRaMesher] Created packet to Q_SP
15:49:37.478 > [1111683][I][LoraMesher.cpp:1061] addToSendOrderedAndNotify(): [LoRaMesher] Added packet to Q_SP, notifying sender task
15:49:37.489 > [1111693][V][LoraMesher.cpp:511] sendPackets(): [LoRaMesher] Stack space unused after entering the task: 2116
15:49:37.498 > [1111703][V][LoraMesher.cpp:512] sendPackets(): [LoRaMesher] Free heap: 336780
15:49:37.506 > [1111710][V][LoraMesher.cpp:518] sendPackets(): [LoRaMesher] Size of Send Packets Queue: 1
15:49:37.513 > [1111718][V][LoraMesher.cpp:525] sendPackets(): [LoRaMesher] Send n. 65
15:49:37.520 > [1111725][V][LoraMesher.cpp:455] waitBeforeSend(): [LoRaMesher] RandomDelay 451 ms
15:49:37.978 > [1112184][V][LoraMesher.cpp:754] printHeaderPacket(): [LoRaMesher] Packet send -- Size: 17 Src: B3F0 Dst: D110 Id: 65 Type: 2 Via: D110 Seq_Id: 0 Num: 0
15:49:38.068 > [1112274][V][LoraMesher.cpp:575] sendPackets(): [LoRaMesher] TimeOnAir 63 ms, next message in 0 ms
15:49:38.077 > [1112282][I][PacketQueueService.h:80] deleteQueuePacketAndPacket(): [LoRaMesher] Deleting packet
15:49:38.086 > [1112291][I][PacketQueueService.h:83] deleteQueuePacketAndPacket(): [LoRaMesher] Deleting packet queue
15:49:57.520 > Send packet 56
15:49:57.522 > Sending packet to D110
15:49:57.524 > [1131733][V][LoraMesher.h:250] createPacketAndSend(): [LoRaMesher] Creating a packet for send with 8 bytes
15:49:57.533 > [1131745][V][PacketFactory.h:45] createPacket(): [LoRaMesher] Creating packet with 17 bytes
15:49:57.541 > [1131753][I][PacketFactory.h:74] createPacket(): [LoRaMesher] Packet created with 17 bytes
15:49:57.549 > [1131761][I][LoraMesher.h:659] setPackedForSend(): [LoRaMesher] Adding packet to Q_SP
15:49:57.557 > [1131769][I][LoraMesher.h:661] setPackedForSend(): [LoRaMesher] Created packet to Q_SP
15:49:57.564 > [1131777][I][LoraMesher.cpp:1061] addToSendOrderedAndNotify(): [LoRaMesher] Added packet to Q_SP, notifying sender task
15:49:57.575 > [1131787][V][LoraMesher.cpp:511] sendPackets(): [LoRaMesher] Stack space unused after entering the task: 2116
15:49:57.585 > [1131797][V][LoraMesher.cpp:512] sendPackets(): [LoRaMesher] Free heap: 336780
15:49:57.592 > [1131804][V][LoraMesher.cpp:518] sendPackets(): [LoRaMesher] Size of Send Packets Queue: 1
15:49:57.600 > [1131812][V][LoraMesher.cpp:525] sendPackets(): [LoRaMesher] Send n. 66
15:49:57.606 > [1131819][V][LoraMesher.cpp:455] waitBeforeSend(): [LoRaMesher] RandomDelay 474 ms
15:49:58.088 > [1132301][V][LoraMesher.cpp:754] printHeaderPacket(): [LoRaMesher] Packet send -- Size: 17 Src: B3F0 Dst: D110 Id: 66 Type: 2 Via: D110 Seq_Id: 0 Num: 0
15:49:58.178 > [1132391][V][LoraMesher.cpp:575] sendPackets(): [LoRaMesher] TimeOnAir 63 ms, next message in 0 ms
15:49:58.187 > [1132399][I][PacketQueueService.h:80] deleteQueuePacketAndPacket(): [LoRaMesher] Deleting packet
15:49:58.196 > [1132408][I][PacketQueueService.h:83] deleteQueuePacketAndPacket(): [LoRaMesher] Deleting packet queue
15:50:00.735 > [1134949][V][LoraMesher.cpp:378] receivingRoutine(): [LoRaMesher] Stack space unused after entering the task: 2076
15:50:00.746 > [1134959][V][LoraMesher.cpp:379] receivingRoutine(): [LoRaMesher] Free heap: 336876
15:50:00.753 > [1134967][I][PacketService.cpp:12] createEmptyPacket(): [LoRaMesher] Packet created with 24 bytes
15:50:00.762 > [1134976][I][LoraMesher.cpp:392] receivingRoutine(): [LoRaMesher] Receiving LoRa packet: Size: 24 bytes RSSI: -86 SNR: -6
15:50:00.774 > [1134987][V][LoraMesher.cpp:647] processPackets(): [LoRaMesher] Size of Received Packets Queue: 1
15:50:00.782 > [1134996][V][LoraMesher.cpp:754] printHeaderPacket(): [LoRaMesher] Packet received -- Size: 24 Src: C998 Dst: FFFF Id: 5 Type: 4 Via: 0 Seq_Id: 0 Num: 0
15:50:00.796 > [1135009][I][RoutingTableService.cpp:77] processRoute(): [LoRaMesher] Route packet from C998 with size 4
15:50:00.805 > [1135018][I][RoutingTableService.cpp:99] resetReceiveSNRRoutePacket(): [LoRaMesher] Reset Receive SNR from C998: -6
15:50:00.815 > [1135029][I][RoutingTableService.cpp:192] printRoutingTable(): [LoRaMesher] Current routing table:
15:50:00.824 > [1135037][I][RoutingTableService.cpp:206] printRoutingTable(): [LoRaMesher] 0 - D110 via D110 metric 1 Role 1
15:50:00.834 > [1135047][I][RoutingTableService.cpp:206] printRoutingTable(): [LoRaMesher] 1 - F02C via F02C metric 1 Role 0
15:50:00.844 > [1135057][I][RoutingTableService.cpp:206] printRoutingTable(): [LoRaMesher] 2 - DE6C via DE6C metric 1 Role 0
15:50:00.853 > [1135067][I][RoutingTableService.cpp:206] printRoutingTable(): [LoRaMesher] 3 - C998 via C998 metric 1 Role 0
15:50:00.863 > [1135076][I][PacketQueueService.h:80] deleteQueuePacketAndPacket(): [LoRaMesher] Deleting packet
15:50:00.872 > [1135085][I][PacketQueueService.h:83] deleteQueuePacketAndPacket(): [LoRaMesher] Deleting packet queue
15:50:00.881 > [1135094][V][LoraMesher.cpp:641] processPackets(): [LoRaMesher] Stack space unused after entering the task: 2040
15:50:00.891 > [1135104][V][LoraMesher.cpp:642] processPackets(): [LoRaMesher] Free heap: 336876
15:50:17.608 > Send packet 57
15:50:17.609 > Sending packet to D110
15:50:17.611 > [1151827][V][LoraMesher.h:250] createPacketAndSend(): [LoRaMesher] Creating a packet for send with 8 bytes
15:50:17.621 > [1151839][V][PacketFactory.h:45] createPacket(): [LoRaMesher] Creating packet with 17 bytes
15:50:17.629 > [1151847][I][PacketFactory.h:74] createPacket(): [LoRaMesher] Packet created with 17 bytes
15:50:17.637 > [1151855][I][LoraMesher.h:659] setPackedForSend(): [LoRaMesher] Adding packet to Q_SP
15:50:17.644 > [1151863][I][LoraMesher.h:661] setPackedForSend(): [LoRaMesher] Created packet to Q_SP
15:50:17.652 > [1151871][I][LoraMesher.cpp:1061] addToSendOrderedAndNotify(): [LoRaMesher] Added packet to Q_SP, notifying sender task
15:50:17.663 > [1151881][V][LoraMesher.cpp:511] sendPackets(): [LoRaMesher] Stack space unused after entering the task: 2116
15:50:17.672 > [1151891][V][LoraMesher.cpp:512] sendPackets(): [LoRaMesher] Free heap: 336780
15:50:17.679 > [1151898][V][LoraMesher.cpp:518] sendPackets(): [LoRaMesher] Size of Send Packets Queue: 1
15:50:17.688 > [1151906][V][LoraMesher.cpp:525] sendPackets(): [LoRaMesher] Send n. 67
15:50:17.694 > [1151913][V][LoraMesher.cpp:455] waitBeforeSend(): [LoRaMesher] RandomDelay 267 ms
15:50:17.969 > [1152188][V][LoraMesher.cpp:754] printHeaderPacket(): [LoRaMesher] Packet send -- Size: 17 Src: B3F0 Dst: D110 Id: 67 Type: 2 Via: D110 Seq_Id: 0 Num: 0
15:50:18.058 > [1152278][V][LoraMesher.cpp:575] sendPackets(): [LoRaMesher] TimeOnAir 63 ms, next message in 0 ms
15:50:18.068 > [1152286][I][PacketQueueService.h:80] deleteQueuePacketAndPacket(): [LoRaMesher] Deleting packet
15:50:18.076 > [1152295][I][PacketQueueService.h:83] deleteQueuePacketAndPacket(): [LoRaMesher] Deleting packet queue
15:50:37.696 > Send packet 58
15:50:37.698 > Sending packet to D110
15:50:37.700 > [1171921][V][LoraMesher.h:250] createPacketAndSend(): [LoRaMesher] Creating a packet for send with 8 bytes
15:50:37.709 > [1171933][V][PacketFactory.h:45] createPacket(): [LoRaMesher] Creating packet with 17 bytes
15:50:37.717 > [1171941][I][PacketFactory.h:74] createPacket(): [LoRaMesher] Packet created with 17 bytes
15:50:37.725 > [1171949][I][LoraMesher.h:659] setPackedForSend(): [LoRaMesher] Adding packet to Q_SP
15:50:37.733 > [1171957][I][LoraMesher.h:661] setPackedForSend(): [LoRaMesher] Created packet to Q_SP
15:50:37.741 > [1171965][I][LoraMesher.cpp:1061] addToSendOrderedAndNotify(): [LoRaMesher] Added packet to Q_SP, notifying sender task
15:50:37.751 > [1171975][V][LoraMesher.cpp:511] sendPackets(): [LoRaMesher] Stack space unused after entering the task: 2116
15:50:37.761 > [1171985][V][LoraMesher.cpp:512] sendPackets(): [LoRaMesher] Free heap: 336780
15:50:37.768 > [1171992][V][LoraMesher.cpp:518] sendPackets(): [LoRaMesher] Size of Send Packets Queue: 1
15:50:37.776 > [1172000][V][LoraMesher.cpp:525] sendPackets(): [LoRaMesher] Send n. 68
15:50:37.783 > [1172007][V][LoraMesher.cpp:455] waitBeforeSend(): [LoRaMesher] RandomDelay 1115 ms
15:50:38.905 > [1173130][V][LoraMesher.cpp:754] printHeaderPacket(): [LoRaMesher] Packet send -- Size: 17 Src: B3F0 Dst: D110 Id: 68 Type: 2 Via: D110 Seq_Id: 0 Num: 0
15:50:38.995 > [1173220][V][LoraMesher.cpp:575] sendPackets(): [LoRaMesher] TimeOnAir 63 ms, next message in 0 ms
15:50:39.004 > [1173228][I][PacketQueueService.h:80] deleteQueuePacketAndPacket(): [LoRaMesher] Deleting packet
15:50:39.013 > [1173237][I][PacketQueueService.h:83] deleteQueuePacketAndPacket(): [LoRaMesher] Deleting packet queue
15:50:57.785 > Send packet 59
15:50:57.787 > Sending packet to D110
15:50:57.788 > [1192015][V][LoraMesher.h:250] createPacketAndSend(): [LoRaMesher] Creating a packet for send with 8 bytes
15:50:57.798 > [1192027][V][PacketFactory.h:45] createPacket(): [LoRaMesher] Creating packet with 17 bytes
15:50:57.806 > [1192035][I][PacketFactory.h:74] createPacket(): [LoRaMesher] Packet created with 17 bytes
15:50:57.814 > [1192043][I][LoraMesher.h:659] setPackedForSend(): [LoRaMesher] Adding packet to Q_SP
15:50:57.821 > [1192051][I][LoraMesher.h:661] setPackedForSend(): [LoRaMesher] Created packet to Q_SP
15:50:57.829 > [1192059][I][LoraMesher.cpp:1061] addToSendOrderedAndNotify(): [LoRaMesher] Added packet to Q_SP, notifying sender task
15:50:57.840 > [1192069][V][LoraMesher.cpp:511] sendPackets(): [LoRaMesher] Stack space unused after entering the task: 2116
15:50:57.850 > [1192079][V][LoraMesher.cpp:512] sendPackets(): [LoRaMesher] Free heap: 336780
15:50:57.857 > [1192086][V][LoraMesher.cpp:518] sendPackets(): [LoRaMesher] Size of Send Packets Queue: 1
15:50:57.865 > [1192094][V][LoraMesher.cpp:525] sendPackets(): [LoRaMesher] Send n. 69
15:50:57.871 > [1192101][V][LoraMesher.cpp:455] waitBeforeSend(): [LoRaMesher] RandomDelay 388 ms
15:50:58.267 > [1192497][V][LoraMesher.cpp:754] printHeaderPacket(): [LoRaMesher] Packet send -- Size: 17 Src: B3F0 Dst: D110 Id: 69 Type: 2 Via: D110 Seq_Id: 0 Num: 0
15:50:58.357 > [1192587][V][LoraMesher.cpp:575] sendPackets(): [LoRaMesher] TimeOnAir 63 ms, next message in 0 ms
15:50:58.366 > [1192595][I][PacketQueueService.h:80] deleteQueuePacketAndPacket(): [LoRaMesher] Deleting packet
15:50:58.374 > [1192604][I][PacketQueueService.h:83] deleteQueuePacketAndPacket(): [LoRaMesher] Deleting packet queue
15:51:11.791 > [1206024][V][LoraMesher.cpp:694] routingTableManager(): [LoRaMesher] Stack space unused after entering the task: 2296
15:51:11.803 > [1206034][V][LoraMesher.cpp:695] routingTableManager(): [LoRaMesher] Free heap: 336876
15:51:11.810 > [1206042][I][RoutingTableService.cpp:216] manageTimeoutRoutingTable(): [LoRaMesher] Checking routes timeout
15:51:11.820 > [1206052][I][RoutingTableService.cpp:192] printRoutingTable(): [LoRaMesher] Current routing table:
15:51:11.829 > [1206061][I][RoutingTableService.cpp:206] printRoutingTable(): [LoRaMesher] 0 - D110 via D110 metric 1 Role 1
15:51:11.838 > [1206070][I][RoutingTableService.cpp:206] printRoutingTable(): [LoRaMesher] 1 - F02C via F02C metric 1 Role 0
15:51:11.847 > [1206080][I][RoutingTableService.cpp:206] printRoutingTable(): [LoRaMesher] 2 - DE6C via DE6C metric 1 Role 0
15:51:11.858 > [1206090][I][RoutingTableService.cpp:206] printRoutingTable(): [LoRaMesher] 3 - C998 via C998 metric 1 Role 0
15:51:12.419 > [1206652][V][LoraMesher.cpp:378] receivingRoutine(): [LoRaMesher] Stack space unused after entering the task: 2076
15:51:12.430 > [1206662][V][LoraMesher.cpp:379] receivingRoutine(): [LoRaMesher] Free heap: 336876
15:51:12.437 > [1206669][I][PacketService.cpp:12] createEmptyPacket(): [LoRaMesher] Packet created with 24 bytes
15:51:12.446 > [1206678][I][LoraMesher.cpp:392] receivingRoutine(): [LoRaMesher] Receiving LoRa packet: Size: 24 bytes RSSI: -1 SNR: 9
15:51:12.457 > [1206689][W][LoraMesher.cpp:403] receivingRoutine(): [LoRaMesher] Reading packet data gave error: -7
15:51:14.308 > [1208541][V][LoraMesher.cpp:598] sendHelloPacket(): [LoRaMesher] Creating Routing Packet
15:51:14.316 > [1208549][V][LoraMesher.cpp:599] sendHelloPacket(): [LoRaMesher] Stack space unused after entering the task: 2196
15:51:14.326 > [1208559][V][LoraMesher.cpp:600] sendHelloPacket(): [LoRaMesher] Free heap: 336876
15:51:14.334 > [1208566][V][PacketFactory.h:45] createPacket(): [LoRaMesher] Creating packet with 24 bytes
15:51:14.342 > [1208575][I][PacketFactory.h:74] createPacket(): [LoRaMesher] Packet created with 24 bytes
15:51:14.350 > [1208583][I][LoraMesher.h:659] setPackedForSend(): [LoRaMesher] Adding packet to Q_SP
15:51:14.357 > [1208590][I][LoraMesher.h:661] setPackedForSend(): [LoRaMesher] Created packet to Q_SP
15:51:14.365 > [1208598][I][LoraMesher.cpp:1061] addToSendOrderedAndNotify(): [LoRaMesher] Added packet to Q_SP, notifying sender task
15:51:14.376 > [1208609][V][LoraMesher.cpp:511] sendPackets(): [LoRaMesher] Stack space unused after entering the task: 2116
15:51:14.386 > [1208618][V][LoraMesher.cpp:512] sendPackets(): [LoRaMesher] Free heap: 336776
15:51:14.393 > [1208625][V][LoraMesher.cpp:518] sendPackets(): [LoRaMesher] Size of Send Packets Queue: 1
15:51:14.401 > [1208634][V][LoraMesher.cpp:525] sendPackets(): [LoRaMesher] Send n. 70
15:51:14.407 > [1208640][V][LoraMesher.cpp:455] waitBeforeSend(): [LoRaMesher] RandomDelay 289 ms
15:51:14.704 > [1208937][V][LoraMesher.cpp:754] printHeaderPacket(): [LoRaMesher] Packet send -- Size: 24 Src: B3F0 Dst: FFFF Id: 70 Type: 4 Via: 0 Seq_Id: 0 Num: 0
15:51:14.807 > [1209041][V][LoraMesher.cpp:575] sendPackets(): [LoRaMesher] TimeOnAir 78 ms, next message in 0 ms
15:51:14.817 > [1209050][I][PacketQueueService.h:80] deleteQueuePacketAndPacket(): [LoRaMesher] Deleting packet
15:51:14.825 > [1209058][I][PacketQueueService.h:83] deleteQueuePacketAndPacket(): [LoRaMesher] Deleting packet queue
15:51:17.875 > Send packet 60
15:51:17.877 > Sending packet to D110
15:51:17.879 > [1212109][V][LoraMesher.h:250] createPacketAndSend(): [LoRaMesher] Creating a packet for send with 8 bytes
15:51:17.888 > [1212121][V][PacketFactory.h:45] createPacket(): [LoRaMesher] Creating packet with 17 bytes
15:51:17.895 > [1212129][I][PacketFactory.h:74] createPacket(): [LoRaMesher] Packet created with 17 bytes
15:51:17.903 > [1212137][I][LoraMesher.h:659] setPackedForSend(): [LoRaMesher] Adding packet to Q_SP
15:51:17.911 > [1212145][I][LoraMesher.h:661] setPackedForSend(): [LoRaMesher] Created packet to Q_SP
15:51:17.919 > [1212153][I][LoraMesher.cpp:1061] addToSendOrderedAndNotify(): [LoRaMesher] Added packet to Q_SP, notifying sender task
15:51:17.929 > [1212163][V][LoraMesher.cpp:511] sendPackets(): [LoRaMesher] Stack space unused after entering the task: 2116
15:51:17.939 > [1212173][V][LoraMesher.cpp:512] sendPackets(): [LoRaMesher] Free heap: 336780
15:51:17.946 > [1212180][V][LoraMesher.cpp:518] sendPackets(): [LoRaMesher] Size of Send Packets Queue: 1
15:51:17.954 > [1212188][V][LoraMesher.cpp:525] sendPackets(): [LoRaMesher] Send n. 71
15:51:17.961 > [1212195][V][LoraMesher.cpp:455] waitBeforeSend(): [LoRaMesher] RandomDelay 259 ms
15:51:18.228 > [1212462][V][LoraMesher.cpp:754] printHeaderPacket(): [LoRaMesher] Packet send -- Size: 17 Src: B3F0 Dst: D110 Id: 71 Type: 2 Via: D110 Seq_Id: 0 Num: 0
15:51:18.318 > [1212552][V][LoraMesher.cpp:575] sendPackets(): [LoRaMesher] TimeOnAir 63 ms, next message in 0 ms
15:51:18.326 > [1212560][I][PacketQueueService.h:80] deleteQueuePacketAndPacket(): [LoRaMesher] Deleting packet
15:51:18.335 > [1212569][I][PacketQueueService.h:83] deleteQueuePacketAndPacket(): [LoRaMesher] Deleting packet queue
15:51:37.964 > Send packet 61
15:51:37.966 > Sending packet to D110
15:51:37.968 > [1232203][V][LoraMesher.h:250] createPacketAndSend(): [LoRaMesher] Creating a packet for send with 8 bytes
15:51:37.978 > [1232215][V][PacketFactory.h:45] createPacket(): [LoRaMesher] Creating packet with 17 bytes
15:51:37.986 > [1232223][I][PacketFactory.h:74] createPacket(): [LoRaMesher] Packet created with 17 bytes
15:51:37.994 > [1232231][I][LoraMesher.h:659] setPackedForSend(): [LoRaMesher] Adding packet to Q_SP
15:51:38.002 > [1232239][I][LoraMesher.h:661] setPackedForSend(): [LoRaMesher] Created packet to Q_SP
15:51:38.009 > [1232247][I][LoraMesher.cpp:1061] addToSendOrderedAndNotify(): [LoRaMesher] Added packet to Q_SP, notifying sender task
15:51:38.020 > [1232257][V][LoraMesher.cpp:511] sendPackets(): [LoRaMesher] Stack space unused after entering the task: 2116
15:51:38.030 > [1232267][V][LoraMesher.cpp:512] sendPackets(): [LoRaMesher] Free heap: 336780
15:51:38.037 > [1232274][V][LoraMesher.cpp:518] sendPackets(): [LoRaMesher] Size of Send Packets Queue: 1
15:51:38.045 > [1232282][V][LoraMesher.cpp:525] sendPackets(): [LoRaMesher] Send n. 72
15:51:38.051 > [1232289][V][LoraMesher.cpp:455] waitBeforeSend(): [LoRaMesher] RandomDelay 716 ms
15:51:38.775 > [1233013][V][LoraMesher.cpp:754] printHeaderPacket(): [LoRaMesher] Packet send -- Size: 17 Src: B3F0 Dst: D110 Id: 72 Type: 2 Via: D110 Seq_Id: 0 Num: 0
15:51:38.864 > [1233103][V][LoraMesher.cpp:575] sendPackets(): [LoRaMesher] TimeOnAir 63 ms, next message in 0 ms
15:51:38.874 > [1233111][I][PacketQueueService.h:80] deleteQueuePacketAndPacket(): [LoRaMesher] Deleting packet
15:51:38.883 > [1233120][I][PacketQueueService.h:83] deleteQueuePacketAndPacket(): [LoRaMesher] Deleting packet queue
15:51:58.055 > Send packet 62
15:51:58.057 > Sending packet to D110
15:51:58.059 > [1252297][V][LoraMesher.h:250] createPacketAndSend(): [LoRaMesher] Creating a packet for send with 8 bytes
15:51:58.068 > [1252309][V][PacketFactory.h:45] createPacket(): [LoRaMesher] Creating packet with 17 bytes
15:51:58.077 > [1252317][I][PacketFactory.h:74] createPacket(): [LoRaMesher] Packet created with 17 bytes
15:51:58.085 > [1252325][I][LoraMesher.h:659] setPackedForSend(): [LoRaMesher] Adding packet to Q_SP
15:51:58.092 > [1252333][I][LoraMesher.h:661] setPackedForSend(): [LoRaMesher] Created packet to Q_SP
15:51:58.100 > [1252341][I][LoraMesher.cpp:1061] addToSendOrderedAndNotify(): [LoRaMesher] Added packet to Q_SP, notifying sender task
15:51:58.111 > [1252351][V][LoraMesher.cpp:511] sendPackets(): [LoRaMesher] Stack space unused after entering the task: 2068
15:51:58.120 > [1252361][V][LoraMesher.cpp:512] sendPackets(): [LoRaMesher] Free heap: 336780
15:51:58.127 > [1252368][V][LoraMesher.cpp:518] sendPackets(): [LoRaMesher] Size of Send Packets Queue: 1
15:51:58.135 > [1252376][V][LoraMesher.cpp:525] sendPackets(): [LoRaMesher] Send n. 73
15:51:58.142 > [1252383][V][LoraMesher.cpp:455] waitBeforeSend(): [LoRaMesher] RandomDelay 388 ms
15:51:58.537 > [1252779][V][LoraMesher.cpp:754] printHeaderPacket(): [LoRaMesher] Packet send -- Size: 17 Src: B3F0 Dst: D110 Id: 73 Type: 2 Via: D110 Seq_Id: 0 Num: 0
15:51:58.627 > [1252869][V][LoraMesher.cpp:575] sendPackets(): [LoRaMesher] TimeOnAir 63 ms, next message in 0 ms
15:51:58.637 > [1252877][I][PacketQueueService.h:80] deleteQueuePacketAndPacket(): [LoRaMesher] Deleting packet
15:51:58.645 > [1252886][I][PacketQueueService.h:83] deleteQueuePacketAndPacket(): [LoRaMesher] Deleting packet queue
15:52:00.046 > [1254288][V][LoraMesher.cpp:378] receivingRoutine(): [LoRaMesher] Stack space unused after entering the task: 2076
15:52:00.056 > [1254298][V][LoraMesher.cpp:379] receivingRoutine(): [LoRaMesher] Free heap: 336876
15:52:00.064 > [1254306][I][PacketService.cpp:12] createEmptyPacket(): [LoRaMesher] Packet created with 24 bytes
15:52:00.073 > [1254314][I][LoraMesher.cpp:392] receivingRoutine(): [LoRaMesher] Receiving LoRa packet: Size: 24 bytes RSSI: -87 SNR: -7
15:52:00.084 > [1254326][V][LoraMesher.cpp:647] processPackets(): [LoRaMesher] Size of Received Packets Queue: 1
15:52:00.093 > [1254334][V][LoraMesher.cpp:754] printHeaderPacket(): [LoRaMesher] Packet received -- Size: 24 Src: C998 Dst: FFFF Id: 6 Type: 4 Via: 0 Seq_Id: 0 Num: 0
15:52:00.106 > [1254348][I][RoutingTableService.cpp:77] processRoute(): [LoRaMesher] Route packet from C998 with size 4
15:52:00.116 > [1254357][I][RoutingTableService.cpp:99] resetReceiveSNRRoutePacket(): [LoRaMesher] Reset Receive SNR from C998: -7
15:52:00.127 > [1254368][I][RoutingTableService.cpp:192] printRoutingTable(): [LoRaMesher] Current routing table:
15:52:00.135 > [1254376][I][RoutingTableService.cpp:206] printRoutingTable(): [LoRaMesher] 0 - D110 via D110 metric 1 Role 1
15:52:00.144 > [1254386][I][RoutingTableService.cpp:206] printRoutingTable(): [LoRaMesher] 1 - F02C via F02C metric 1 Role 0
15:52:00.154 > [1254396][I][RoutingTableService.cpp:206] printRoutingTable(): [LoRaMesher] 2 - DE6C via DE6C metric 1 Role 0
15:52:00.165 > [1254406][I][RoutingTableService.cpp:206] printRoutingTable(): [LoRaMesher] 3 - C998 via C998 metric 1 Role 0
15:52:00.173 > [1254415][I][PacketQueueService.h:80] deleteQueuePacketAndPacket(): [LoRaMesher] Deleting packet
15:52:00.182 > [1254424][I][PacketQueueService.h:83] deleteQueuePacketAndPacket(): [LoRaMesher] Deleting packet queue
15:52:00.191 > [1254433][V][LoraMesher.cpp:641] processPackets(): [LoRaMesher] Stack space unused after entering the task: 2040
15:52:00.201 > [1254443][V][LoraMesher.cpp:642] processPackets(): [LoRaMesher] Free heap: 336876
15:52:18.146 > Send packet 63
15:52:18.148 > Sending packet to D110
15:52:18.150 > [1272391][V][LoraMesher.h:250] createPacketAndSend(): [LoRaMesher] Creating a packet for send with 8 bytes
15:52:18.159 > [1272403][V][PacketFactory.h:45] createPacket(): [LoRaMesher] Creating packet with 17 bytes
15:52:18.167 > [1272411][I][PacketFactory.h:74] createPacket(): [LoRaMesher] Packet created with 17 bytes
15:52:18.175 > [1272419][I][LoraMesher.h:659] setPackedForSend(): [LoRaMesher] Adding packet to Q_SP
15:52:18.183 > [1272427][I][LoraMesher.h:661] setPackedForSend(): [LoRaMesher] Created packet to Q_SP
15:52:18.191 > [1272435][I][LoraMesher.cpp:1061] addToSendOrderedAndNotify(): [LoRaMesher] Added packet to Q_SP, notifying sender task
15:52:18.201 > [1272445][V][LoraMesher.cpp:511] sendPackets(): [LoRaMesher] Stack space unused after entering the task: 2068
15:52:18.211 > [1272455][V][LoraMesher.cpp:512] sendPackets(): [LoRaMesher] Free heap: 336780
15:52:18.218 > [1272462][V][LoraMesher.cpp:518] sendPackets(): [LoRaMesher] Size of Send Packets Queue: 1
15:52:18.226 > [1272470][V][LoraMesher.cpp:525] sendPackets(): [LoRaMesher] Send n. 74
15:52:18.232 > [1272477][V][LoraMesher.cpp:455] waitBeforeSend(): [LoRaMesher] RandomDelay 1040 ms
15:52:19.280 > [1273525][V][LoraMesher.cpp:754] printHeaderPacket(): [LoRaMesher] Packet send -- Size: 17 Src: B3F0 Dst: D110 Id: 74 Type: 2 Via: D110 Seq_Id: 0 Num: 0
15:52:19.370 > [1273615][V][LoraMesher.cpp:575] sendPackets(): [LoRaMesher] TimeOnAir 63 ms, next message in 0 ms
15:52:19.379 > [1273623][I][PacketQueueService.h:80] deleteQueuePacketAndPacket(): [LoRaMesher] Deleting packet
15:52:19.388 > [1273632][I][PacketQueueService.h:83] deleteQueuePacketAndPacket(): [LoRaMesher] Deleting packet queue
15:52:38.237 > Send packet 64
15:52:38.238 > Sending packet to D110
15:52:38.241 > [1292485][V][LoraMesher.h:250] createPacketAndSend(): [LoRaMesher] Creating a packet for send with 8 bytes
15:52:38.250 > [1292497][V][PacketFactory.h:45] createPacket(): [LoRaMesher] Creating packet with 17 bytes
15:52:38.258 > [1292505][I][PacketFactory.h:74] createPacket(): [LoRaMesher] Packet created with 17 bytes
15:52:38.266 > [1292513][I][LoraMesher.h:659] setPackedForSend(): [LoRaMesher] Adding packet to Q_SP
15:52:38.273 > [1292521][I][LoraMesher.h:661] setPackedForSend(): [LoRaMesher] Created packet to Q_SP
15:52:38.281 > [1292529][I][LoraMesher.cpp:1061] addToSendOrderedAndNotify(): [LoRaMesher] Added packet to Q_SP, notifying sender task
15:52:38.292 > [1292539][V][LoraMesher.cpp:511] sendPackets(): [LoRaMesher] Stack space unused after entering the task: 2068
15:52:38.301 > [1292549][V][LoraMesher.cpp:512] sendPackets(): [LoRaMesher] Free heap: 336780
15:52:38.308 > [1292556][V][LoraMesher.cpp:518] sendPackets(): [LoRaMesher] Size of Send Packets Queue: 1
15:52:38.317 > [1292564][V][LoraMesher.cpp:525] sendPackets(): [LoRaMesher] Send n. 75
15:52:38.323 > [1292571][V][LoraMesher.cpp:455] waitBeforeSend(): [LoRaMesher] RandomDelay 832 ms
15:52:39.163 > [1293411][V][LoraMesher.cpp:754] printHeaderPacket(): [LoRaMesher] Packet send -- Size: 17 Src: B3F0 Dst: D110 Id: 75 Type: 2 Via: D110 Seq_Id: 0 Num: 0
15:52:39.253 > [1293501][V][LoraMesher.cpp:575] sendPackets(): [LoRaMesher] TimeOnAir 63 ms, next message in 0 ms
15:52:39.262 > [1293509][I][PacketQueueService.h:80] deleteQueuePacketAndPacket(): [LoRaMesher] Deleting packet
15:52:39.270 > [1293518][I][PacketQueueService.h:83] deleteQueuePacketAndPacket(): [LoRaMesher] Deleting packet queue
15:52:58.328 > Send packet 65
15:52:58.330 > Sending packet to D110
15:52:58.332 > [1312579][V][LoraMesher.h:250] createPacketAndSend(): [LoRaMesher] Creating a packet for send with 8 bytes
15:52:58.341 > [1312591][V][PacketFactory.h:45] createPacket(): [LoRaMesher] Creating packet with 17 bytes
15:52:58.349 > [1312599][I][PacketFactory.h:74] createPacket(): [LoRaMesher] Packet created with 17 bytes
15:52:58.357 > [1312607][I][LoraMesher.h:659] setPackedForSend(): [LoRaMesher] Adding packet to Q_SP
15:52:58.365 > [1312615][I][LoraMesher.h:661] setPackedForSend(): [LoRaMesher] Created packet to Q_SP
15:52:58.373 > [1312623][I][LoraMesher.cpp:1061] addToSendOrderedAndNotify(): [LoRaMesher] Added packet to Q_SP, notifying sender task
15:52:58.383 > [1312633][V][LoraMesher.cpp:511] sendPackets(): [LoRaMesher] Stack space unused after entering the task: 2068
15:52:58.393 > [1312643][V][LoraMesher.cpp:512] sendPackets(): [LoRaMesher] Free heap: 336780
15:52:58.400 > [1312650][V][LoraMesher.cpp:518] sendPackets(): [LoRaMesher] Size of Send Packets Queue: 1
15:52:58.408 > [1312658][V][LoraMesher.cpp:525] sendPackets(): [LoRaMesher] Send n. 76
15:52:58.415 > [1312665][V][LoraMesher.cpp:455] waitBeforeSend(): [LoRaMesher] RandomDelay 471 ms
15:52:58.893 > [1313144][V][LoraMesher.cpp:754] printHeaderPacket(): [LoRaMesher] Packet send -- Size: 17 Src: B3F0 Dst: D110 Id: 76 Type: 2 Via: D110 Seq_Id: 0 Num: 0
15:52:58.983 > [1313234][V][LoraMesher.cpp:575] sendPackets(): [LoRaMesher] TimeOnAir 63 ms, next message in 0 ms
15:52:58.992 > [1313242][I][PacketQueueService.h:80] deleteQueuePacketAndPacket(): [LoRaMesher] Deleting packet
15:52:59.001 > [1313251][I][PacketQueueService.h:83] deleteQueuePacketAndPacket(): [LoRaMesher] Deleting packet queue
15:53:12.087 > [1326339][V][LoraMesher.cpp:378] receivingRoutine(): [LoRaMesher] Stack space unused after entering the task: 2076
15:53:12.098 > [1326349][V][LoraMesher.cpp:379] receivingRoutine(): [LoRaMesher] Free heap: 336876
15:53:12.105 > [1326357][I][PacketService.cpp:12] createEmptyPacket(): [LoRaMesher] Packet created with 24 bytes
15:53:12.114 > [1326365][I][LoraMesher.cpp:392] receivingRoutine(): [LoRaMesher] Receiving LoRa packet: Size: 24 bytes RSSI: -22 SNR: 13
15:53:12.125 > [1326377][V][LoraMesher.cpp:647] processPackets(): [LoRaMesher] Size of Received Packets Queue: 1
15:53:12.134 > [1326385][V][LoraMesher.cpp:754] printHeaderPacket(): [LoRaMesher] Packet received -- Size: 24 Src: DE6C Dst: FFFF Id: 12 Type: 4 Via: 0 Seq_Id: 0 Num: 0
15:53:12.148 > [1326399][I][RoutingTableService.cpp:77] processRoute(): [LoRaMesher] Route packet from DE6C with size 4
15:53:12.157 > [1326408][I][RoutingTableService.cpp:99] resetReceiveSNRRoutePacket(): [LoRaMesher] Reset Receive SNR from DE6C: 13
15:53:12.167 > [1326419][I][RoutingTableService.cpp:192] printRoutingTable(): [LoRaMesher] Current routing table:
15:53:12.176 > [1326427][I][RoutingTableService.cpp:206] printRoutingTable(): [LoRaMesher] 0 - D110 via D110 metric 1 Role 1
15:53:12.186 > [1326437][I][RoutingTableService.cpp:206] printRoutingTable(): [LoRaMesher] 1 - F02C via F02C metric 1 Role 0
15:53:12.195 > [1326447][I][RoutingTableService.cpp:206] printRoutingTable(): [LoRaMesher] 2 - DE6C via DE6C metric 1 Role 0
15:53:12.205 > [1326457][I][RoutingTableService.cpp:206] printRoutingTable(): [LoRaMesher] 3 - C998 via C998 metric 1 Role 0
15:53:12.215 > [1326466][I][PacketQueueService.h:80] deleteQueuePacketAndPacket(): [LoRaMesher] Deleting packet
15:53:12.223 > [1326475][I][PacketQueueService.h:83] deleteQueuePacketAndPacket(): [LoRaMesher] Deleting packet queue
15:53:12.233 > [1326484][V][LoraMesher.cpp:641] processPackets(): [LoRaMesher] Stack space unused after entering the task: 2040
15:53:12.243 > [1326494][V][LoraMesher.cpp:642] processPackets(): [LoRaMesher] Free heap: 336876
15:53:13.204 > [1327456][V][LoraMesher.cpp:378] receivingRoutine(): [LoRaMesher] Stack space unused after entering the task: 2076
15:53:13.215 > [1327466][V][LoraMesher.cpp:379] receivingRoutine(): [LoRaMesher] Free heap: 336876
15:53:13.222 > [1327474][I][PacketService.cpp:12] createEmptyPacket(): [LoRaMesher] Packet created with 24 bytes
15:53:13.231 > [1327483][I][LoraMesher.cpp:392] receivingRoutine(): [LoRaMesher] Receiving LoRa packet: Size: 24 bytes RSSI: -30 SNR: 13
15:53:13.242 > [1327494][V][LoraMesher.cpp:647] processPackets(): [LoRaMesher] Size of Received Packets Queue: 1
15:53:13.251 > [1327503][V][LoraMesher.cpp:754] printHeaderPacket(): [LoRaMesher] Packet received -- Size: 24 Src: D110 Dst: FFFF Id: 11 Type: 4 Via: 0 Seq_Id: 0 Num: 0
15:53:13.265 > [1327516][I][RoutingTableService.cpp:77] processRoute(): [LoRaMesher] Route packet from D110 with size 4
15:53:13.274 > [1327526][I][RoutingTableService.cpp:99] resetReceiveSNRRoutePacket(): [LoRaMesher] Reset Receive SNR from D110: 13
15:53:13.284 > [1327536][I][RoutingTableService.cpp:192] printRoutingTable(): [LoRaMesher] Current routing table:
15:53:13.293 > [1327545][I][RoutingTableService.cpp:206] printRoutingTable(): [LoRaMesher] 0 - D110 via D110 metric 1 Role 1
15:53:13.303 > [1327554][I][RoutingTableService.cpp:206] printRoutingTable(): [LoRaMesher] 1 - F02C via F02C metric 1 Role 0
15:53:13.312 > [1327564][I][RoutingTableService.cpp:206] printRoutingTable(): [LoRaMesher] 2 - DE6C via DE6C metric 1 Role 0
15:53:13.322 > [1327574][I][RoutingTableService.cpp:206] printRoutingTable(): [LoRaMesher] 3 - C998 via C998 metric 1 Role 0
15:53:13.332 > [1327583][I][PacketQueueService.h:80] deleteQueuePacketAndPacket(): [LoRaMesher] Deleting packet
15:53:13.341 > [1327592][I][PacketQueueService.h:83] deleteQueuePacketAndPacket(): [LoRaMesher] Deleting packet queue
15:53:13.350 > [1327601][V][LoraMesher.cpp:641] processPackets(): [LoRaMesher] Stack space unused after entering the task: 2040
15:53:13.360 > [1327611][V][LoraMesher.cpp:642] processPackets(): [LoRaMesher] Free heap: 336876
15:53:14.356 > [1328608][V][LoraMesher.cpp:598] sendHelloPacket(): [LoRaMesher] Creating Routing Packet
15:53:14.364 > [1328616][V][LoraMesher.cpp:599] sendHelloPacket(): [LoRaMesher] Stack space unused after entering the task: 2196
15:53:14.374 > [1328623][V][LoraMesher.cpp:378] receivingRoutine(): [LoRaMesher] Stack space unused after entering the task: 2076
15:53:14.385 > [132[81633268]6[3V6]][[LVo]r[aLMoersahMeers.hceprp.:c6p0p0:]3 7s9e]n drHeecleliovPiancgkReotu(t)i:n e[(L)o:R a[MLeosRhaeMre]s hFerre hrep:h3ap8 636876
15:53:14.397 > [1328649][V][PacketFactory.h:45] createPacket(): [LoRaMesher] Creating packet with 24 bytes
15:53:14.406 > [1328650][I][PacketService.cpp:12] createEmptyPacket(): [LoRaMesher] Packet created with 24 bytes
15:53:14.414 > [1328666][I][PacketFactory.h:74] createPacket(): [LoRaMesher] Packet created with 24 bytes
15:53:14.422 > [1328666][I][LoraMesher.cpp:392] receivingRoutine(): [LoRaMesher] Receiving LoRa packet: Size: 24 bytes RSSI: 0 SNR: 13
15:53:14.432 > [1328685][I][LoraMesher.h:659] setPackedForSend(): [LoRaMesher] Adding packet to Q_SP
15:53:14.440 > [1328692][I][LoraMesher.h:661] setPackedForSend(): [LoRaMesher] Created packet to Q_SP
15:53:14.448 > [1328700][I][LoraMesher.cpp:1061] addToSendOrderedAndNotify(): [LoRaMesher] Added packet to Q_SP, notifying sender task
15:53:14.458 > [1328711][V][LoraMesher.cpp:647] processPackets(): [LoRaMesher] Size of Received Packets Queue: 1
15:53:14.467 > [1328711][V][LoraMesher.cpp:511] sendPackets(): [LoRaMesher] Stack space unused after entering the task: 2068
15:53:14.477 > [1328729][V][LoraMesher.cpp:512] sendPackets(): [LoRaMesher] Free heap: 336696[1
15:53:14.484 > 328729][V][LoraMesher.cpp:754] printHeaderPacket(): [LoRaMesher] Packet received -- Size: 24 Src: F02C Dst: FFFF Id: 12 Type: 4 Via: 0 Seq_Id: 0 Num: 0
15:53:14.497 > [1328750][V][LoraM[e1s3h2e8r7.5c0p]p[:I5]1[8R]o usteinndgPTaacbkleetSse(r)v:i c[eL.ocRpapM:e7s7h]e rp]r oSciezses Roofu tSee(n)d: PaLoRtsesheu]  1
15:53:14.510 > e packet from F02C with size 4
15:53:14.513 > [1328765][V][LoraMesher.cpp:525] sendP[a1c3k2e8t7s6(5)]:[ I[]L[oRRoauMteisnhgeTra]b lSeeSnedr vni.c e7.7cp
15:53:14.522 > p:99] resetReceiveSNRRoutePacket(): [LoRaMesher] Reset Receive SNR from F02C: 13
15:53:14.529 > [1328782][V][Lor[a1M3e2s8h7e8r2.]c[pIp]:[4R5o5u]t iwnagiTtaBbelfeoSreerSveincde(.)c:p p[:L1o9R2a]M epsrhienrt]R oRuatnidnogmTDaeblae 5:2[LsaMesher] Current routing table:
15:53:14.545 > [1328797][I][RoutingTableService.cpp:206] printRoutingTable(): [LoRaMesher] 0 - D110 via D110 metric 1 Role 1
15:53:14.554 > [1328807][I][RoutingTableService.cpp:206] printRoutingTable(): [LoRaMesher] 1 - F02C via F02C metric 1 Role 0
15:53:14.564 > [1328816][I][RoutingTableService.cpp:206] printRoutingTable(): [LoRaMesher] 2 - DE6C via DE6C metric 1 Role 0
15:53:14.574 > [1328826][I][RoutingTableService.cpp:206] printRoutingTable(): [LoRaMesher] 3 - C998 via C998 metric 1 Role 0
15:53:14.583 > [1328836][I][PacketQueueService.h:80] deleteQueuePacketAndPacket(): [LoRaMesher] Deleting packet
15:53:14.592 > [1328844][I][PacketQueueService.h:83] deleteQueuePacketAndPacket(): [LoRaMesher] Deleting packet queue
15:53:14.602 > [1328853][V][LoraMesher.cpp:641] processPackets(): [LoRaMesher] Stack space unused after entering the task: 2040
15:53:14.611 > [1328864][V][LoraMesher.cpp:642] processPackets(): [LoRaMesher] Free heap: 336796
15:53:15.106 > [1329359][V][LoraMesher.cpp:754] printHeaderPacket(): [LoRaMesher] Packet send -- Size: 24 Src: B3F0 Dst: FFFF Id: 77 Type: 4 Via: 0 Seq_Id: 0 Num: 0
15:53:15.210 > [1329463][V][LoraMesher.cpp:575] sendPackets(): [LoRaMesher] TimeOnAir 78 ms, next message in 0 ms
15:53:15.220 > [1329472][I][PacketQueueService.h:80] deleteQueuePacketAndPacket(): [LoRaMesher] Deleting packet
15:53:15.228 > [1329480][I][PacketQueueService.h:83] deleteQueuePacketAndPacket(): [LoRaMesher] Deleting packet queue
15:53:18.420 > Send packet 66
15:53:18.421 > Sending packet to D110
15:53:18.423 > [1332673][V][LoraMesher.h:250] createPacketAndSend(): [LoRaMesher] Creating a packet for send with 8 bytes
15:53:18.433 > [1332685][V][PacketFactory.h:45] createPacket(): [LoRaMesher] Creating packet with 17 bytes
15:53:18.441 > [1332693][I][PacketFactory.h:74] createPacket(): [LoRaMesher] Packet created with 17 bytes
15:53:18.449 > [1332701][I][LoraMesher.h:659] setPackedForSend(): [LoRaMesher] Adding packet to Q_SP
15:53:18.457 > [1332709][I][LoraMesher.h:661] setPackedForSend(): [LoRaMesher] Created packet to Q_SP
15:53:18.464 > [1332717][I][LoraMesher.cpp:1061] addToSendOrderedAndNotify(): [LoRaMesher] Added packet to Q_SP, notifying sender task
15:53:18.475 > [1332727][V][LoraMesher.cpp:511] sendPackets(): [LoRaMesher] Stack space unused after entering the task: 2068
15:53:18.485 > [1332737][V][LoraMesher.cpp:512] sendPackets(): [LoRaMesher] Free heap: 336780
15:53:18.492 > [1332744][V][LoraMesher.cpp:518] sendPackets(): [LoRaMesher] Size of Send Packets Queue: 1
15:53:18.500 > [1332752][V][LoraMesher.cpp:525] sendPackets(): [LoRaMesher] Send n. 78
15:53:18.506 > [1332759][V][LoraMesher.cpp:455] waitBeforeSend(): [LoRaMesher] RandomDelay 707 ms
15:53:19.221 > [1333474][V][LoraMesher.cpp:754] printHeaderPacket(): [LoRaMesher] Packet send -- Size: 17 Src: B3F0 Dst: D110 Id: 78 Type: 2 Via: D110 Seq_Id: 0 Num: 0
15:53:19.311 > [1333564][V][LoraMesher.cpp:575] sendPackets(): [LoRaMesher] TimeOnAir 63 ms, next message in 0 ms
15:53:19.320 > [1333572][I][PacketQueueService.h:80] deleteQueuePacketAndPacket(): [LoRaMesher] Deleting packet
15:53:19.328 > [1333581][I][PacketQueueService.h:83] deleteQueuePacketAndPacket(): [LoRaMesher] Deleting packet queue
15:53:38.511 > Send packet 67
15:53:38.513 > Sending packet to D110
15:53:38.515 > [1352767][V][LoraMesher.h:250] createPacketAndSend(): [LoRaMesher] Creating a packet for send with 8 bytes
15:53:38.524 > [1352779][V][PacketFactory.h:45] createPacket(): [LoRaMesher] Creating packet with 17 bytes
15:53:38.532 > [1352787][I][PacketFactory.h:74] createPacket(): [LoRaMesher] Packet created with 17 bytes
15:53:38.540 > [1352795][I][LoraMesher.h:659] setPackedForSend(): [LoRaMesher] Adding packet to Q_SP
15:53:38.548 > [1352803][I][LoraMesher.h:661] setPackedForSend(): [LoRaMesher] Created packet to Q_SP
15:53:38.556 > [1352811][I][LoraMesher.cpp:1061] addToSendOrderedAndNotify(): [LoRaMesher] Added packet to Q_SP, notifying sender task
15:53:38.566 > [1352821][V][LoraMesher.cpp:511] sendPackets(): [LoRaMesher] Stack space unused after entering the task: 2068
15:53:38.576 > [1352831][V][LoraMesher.cpp:512] sendPackets(): [LoRaMesher] Free heap: 336780
15:53:38.583 > [1352838][V][LoraMesher.cpp:518] sendPackets(): [LoRaMesher] Size of Send Packets Queue: 1
15:53:38.591 > [1352846][V][LoraMesher.cpp:525] sendPackets(): [LoRaMesher] Send n. 79
15:53:38.598 > [1352853][V][LoraMesher.cpp:455] waitBeforeSend(): [LoRaMesher] RandomDelay 563 ms
15:53:39.168 > [1353424][V][LoraMesher.cpp:754] printHeaderPacket(): [LoRaMesher] Packet send -- Size: 17 Src: B3F0 Dst: D110 Id: 79 Type: 2 Via: D110 Seq_Id: 0 Num: 0
15:53:39.258 > [1353514][V][LoraMesher.cpp:575] sendPackets(): [LoRaMesher] TimeOnAir 63 ms, next message in 0 ms
15:53:39.267 > [1353522][I][PacketQueueService.h:80] deleteQueuePacketAndPacket(): [LoRaMesher] Deleting packet
15:53:39.276 > [1353531][I][PacketQueueService.h:83] deleteQueuePacketAndPacket(): [LoRaMesher] Deleting packet queue
15:53:58.603 > Send packet 68
15:53:58.604 > Sending packet to D110
15:53:58.606 > [1372861][V][LoraMesher.h:250] createPacketAndSend(): [LoRaMesher] Creating a packet for send with 8 bytes
15:53:58.616 > [1372873][V][PacketFactory.h:45] createPacket(): [LoRaMesher] Creating packet with 17 bytes
15:53:58.624 > [1372881][I][PacketFactory.h:74] createPacket(): [LoRaMesher] Packet created with 17 bytes
15:53:58.632 > [1372889][I][LoraMesher.h:659] setPackedForSend(): [LoRaMesher] Adding packet to Q_SP
15:53:58.640 > [1372897][I][LoraMesher.h:661] setPackedForSend(): [LoRaMesher] Created packet to Q_SP
15:53:58.647 > [1372905][I][LoraMesher.cpp:1061] addToSendOrderedAndNotify(): [LoRaMesher] Added packet to Q_SP, notifying sender task
15:53:58.658 > [1372915][V][LoraMesher.cpp:511] sendPackets(): [LoRaMesher] Stack space unused after entering the task: 2068
15:53:58.668 > [1372925][V][LoraMesher.cpp:512] sendPackets(): [LoRaMesher] Free heap: 336780
15:53:58.675 > [1372932][V][LoraMesher.cpp:518] sendPackets(): [LoRaMesher] Size of Send Packets Queue: 1
15:53:58.683 > [1372940][V][LoraMesher.cpp:525] sendPackets(): [LoRaMesher] Send n. 80
15:53:58.689 > [1372947][V][LoraMesher.cpp:455] waitBeforeSend(): [LoRaMesher] RandomDelay 440 ms
15:53:59.137 > [1373395][V][LoraMesher.cpp:754] printHeaderPacket(): [LoRaMesher] Packet send -- Size: 17 Src: B3F0 Dst: D110 Id: 80 Type: 2 Via: D110 Seq_Id: 0 Num: 0
15:53:59.227 > [1373485][V][LoraMesher.cpp:575] sendPackets(): [LoRaMesher] TimeOnAir 63 ms, next message in 0 ms
15:53:59.236 > [1373493][I][PacketQueueService.h:80] deleteQueuePacketAndPacket(): [LoRaMesher] Deleting packet
15:53:59.246 > [1373502][I][PacketQueueService.h:83] deleteQueuePacketAndPacket(): [LoRaMesher] Deleting packet queue
15:54:00.060 > [1374318][V][LoraMesher.cpp:378] receivingRoutine(): [LoRaMesher] Stack space unused after entering the task: 2076
15:54:00.070 > [1374328][V][LoraMesher.cpp:379] receivingRoutine(): [LoRaMesher] Free heap: 336876
15:54:00.079 > [1374335][I][PacketService.cpp:12] createEmptyPacket(): [LoRaMesher] Packet created with 24 bytes
15:54:00.087 > [1374344][I][LoraMesher.cpp:392] receivingRoutine(): [LoRaMesher] Receiving LoRa packet: Size: 24 bytes RSSI: -82 SNR: -3
15:54:00.098 > [1374356][V][LoraMesher.cpp:647] processPackets(): [LoRaMesher] Size of Received Packets Queue: 1
15:54:00.107 > [1374364][V][LoraMesher.cpp:754] printHeaderPacket(): [LoRaMesher] Packet received -- Size: 24 Src: C998 Dst: FFFF Id: 7 Type: 4 Via: 0 Seq_Id: 0 Num: 0
15:54:00.121 > [1374378][I][RoutingTableService.cpp:77] processRoute(): [LoRaMesher] Route packet from C998 with size 4
15:54:00.130 > [1374387][I][RoutingTableService.cpp:99] resetReceiveSNRRoutePacket(): [LoRaMesher] Reset Receive SNR from C998: -3
15:54:00.141 > [1374398][I][RoutingTableService.cpp:192] printRoutingTable(): [LoRaMesher] Current routing table:
15:54:00.149 > [1374406][I][RoutingTableService.cpp:206] printRoutingTable(): [LoRaMesher] 0 - D110 via D110 metric 1 Role 1
15:54:00.159 > [1374416][I][RoutingTableService.cpp:206] printRoutingTable(): [LoRaMesher] 1 - F02C via F02C metric 1 Role 0
15:54:00.169 > [1374426][I][RoutingTableService.cpp:206] printRoutingTable(): [LoRaMesher] 2 - DE6C via DE6C metric 1 Role 0
15:54:00.178 > [1374435][I][RoutingTableService.cpp:206] printRoutingTable(): [LoRaMesher] 3 - C998 via C998 metric 1 Role 0
15:54:00.188 > [1374445][I][PacketQueueService.h:80] deleteQueuePacketAndPacket(): [LoRaMesher] Deleting packet
15:54:00.196 > [1374454][I][PacketQueueService.h:83] deleteQueuePacketAndPacket(): [LoRaMesher] Deleting packet queue
15:54:00.206 > [1374463][V][LoraMesher.cpp:641] processPackets(): [LoRaMesher] Stack space unused after entering the task: 2040
15:54:00.215 > [1374473][V][LoraMesher.cpp:642] processPackets(): [LoRaMesher] Free heap: 336876
15:54:18.695 > Send packet 69
15:54:18.697 > Sending packet to D110
15:54:18.699 > [1392955][V][LoraMesher.h:250] createPacketAndSend(): [LoRaMesher] Creating a packet for send with 8 bytes
15:54:18.708 > [1392967][V][PacketFactory.h:45] createPacket(): [LoRaMesher] Creating packet with 17 bytes
15:54:18.717 > [1392975][I][PacketFactory.h:74] createPacket(): [LoRaMesher] Packet created with 17 bytes
15:54:18.725 > [1392983][I][LoraMesher.h:659] setPackedForSend(): [LoRaMesher] Adding packet to Q_SP
15:54:18.732 > [1392991][I][LoraMesher.h:661] setPackedForSend(): [LoRaMesher] Created packet to Q_SP
15:54:18.740 > [1392999][I][LoraMesher.cpp:1061] addToSendOrderedAndNotify(): [LoRaMesher] Added packet to Q_SP, notifying sender task
15:54:18.751 > [1393009][V][LoraMesher.cpp:511] sendPackets(): [LoRaMesher] Stack space unused after entering the task: 2068
15:54:18.760 > [1393019][V][LoraMesher.cpp:512] sendPackets(): [LoRaMesher] Free heap: 336780
15:54:18.767 > [1393026][V][LoraMesher.cpp:518] sendPackets(): [LoRaMesher] Size of Send Packets Queue: 1
15:54:18.775 > [1393034][V][LoraMesher.cpp:525] sendPackets(): [LoRaMesher] Send n. 81
15:54:18.782 > [1393041][V][LoraMesher.cpp:455] waitBeforeSend(): [LoRaMesher] RandomDelay 378 ms
15:54:19.167 > [1393427][V][LoraMesher.cpp:754] printHeaderPacket(): [LoRaMesher] Packet send -- Size: 17 Src: B3F0 Dst: D110 Id: 81 Type: 2 Via: D110 Seq_Id: 0 Num: 0
15:54:19.257 > [1393517][V][LoraMesher.cpp:575] sendPackets(): [LoRaMesher] TimeOnAir 63 ms, next message in 0 ms
15:54:19.267 > [1393525][I][PacketQueueService.h:80] deleteQueuePacketAndPacket(): [LoRaMesher] Deleting packet
15:54:19.275 > [1393534][I][PacketQueueService.h:83] deleteQueuePacketAndPacket(): [LoRaMesher] Deleting packet queue
15:54:38.787 > Send packet 70
15:54:38.789 > Sending packet to D110
15:54:38.791 > [1413049][V][LoraMesher.h:250] createPacketAndSend(): [LoRaMesher] Creating a packet for send with 8 bytes
15:54:38.800 > [1413061][V][PacketFactory.h:45] createPacket(): [LoRaMesher] Creating packet with 17 bytes
15:54:38.808 > [1413069][I][PacketFactory.h:74] createPacket(): [LoRaMesher] Packet created with 17 bytes
15:54:38.816 > [1413077][I][LoraMesher.h:659] setPackedForSend(): [LoRaMesher] Adding packet to Q_SP
15:54:38.824 > [1413085][I][LoraMesher.h:661] setPackedForSend(): [LoRaMesher] Created packet to Q_SP
15:54:38.832 > [1413093][I][LoraMesher.cpp:1061] addToSendOrderedAndNotify(): [LoRaMesher] Added packet to Q_SP, notifying sender task
15:54:38.842 > [1413103][V][LoraMesher.cpp:511] sendPackets(): [LoRaMesher] Stack space unused after entering the task: 2068
15:54:38.852 > [1413113][V][LoraMesher.cpp:512] sendPackets(): [LoRaMesher] Free heap: 336780
15:54:38.859 > [1413120][V][LoraMesher.cpp:518] sendPackets(): [LoRaMesher] Size of Send Packets Queue: 1
15:54:38.867 > [1413128][V][LoraMesher.cpp:525] sendPackets(): [LoRaMesher] Send n. 82
15:54:38.873 > [1413135][V][LoraMesher.cpp:455] waitBeforeSend(): [LoRaMesher] RandomDelay 391 ms
15:54:39.272 > [1413534][V][LoraMesher.cpp:754] printHeaderPacket(): [LoRaMesher] Packet send -- Size: 17 Src: B3F0 Dst: D110 Id: 82 Type: 2 Via: D110 Seq_Id: 0 Num: 0
15:54:39.362 > [1413624][V][LoraMesher.cpp:575] sendPackets(): [LoRaMesher] TimeOnAir 63 ms, next message in 0 ms
15:54:39.371 > [1413632][I][PacketQueueService.h:80] deleteQueuePacketAndPacket(): [LoRaMesher] Deleting packet
15:54:39.380 > [1413641][I][PacketQueueService.h:83] deleteQueuePacketAndPacket(): [LoRaMesher] Deleting packet queue
15:54:58.879 > Send packet 71
15:54:58.881 > Sending packet to D110
15:54:58.883 > [1433143][V][LoraMesher.h:250] createPacketAndSend(): [LoRaMesher] Creating a packet for send with 8 bytes
15:54:58.893 > [1433155][V][PacketFactory.h:45] createPacket(): [LoRaMesher] Creating packet with 17 bytes
15:54:58.901 > [1433163][I][PacketFactory.h:74] createPacket(): [LoRaMesher] Packet created with 17 bytes
15:54:58.909 > [1433171][I][LoraMesher.h:659] setPackedForSend(): [LoRaMesher] Adding packet to Q_SP
15:54:58.916 > [1433179][I][LoraMesher.h:661] setPackedForSend(): [LoRaMesher] Created packet to Q_SP
15:54:58.924 > [1433187][I][LoraMesher.cpp:1061] addToSendOrderedAndNotify(): [LoRaMesher] Added packet to Q_SP, notifying sender task
15:54:58.935 > [1433197][V][LoraMesher.cpp:511] sendPackets(): [LoRaMesher] Stack space unused after entering the task: 2068
15:54:58.945 > [1433207][V][LoraMesher.cpp:512] sendPackets(): [LoRaMesher] Free heap: 336780
15:54:58.952 > [1433214][V][LoraMesher.cpp:518] sendPackets(): [LoRaMesher] Size of Send Packets Queue: 1
15:54:58.960 > [1433222][V][LoraMesher.cpp:525] sendPackets(): [LoRaMesher] Send n. 83
15:54:58.966 > [1433229][V][LoraMesher.cpp:455] waitBeforeSend(): [LoRaMesher] RandomDelay 953 ms
15:54:59.926 > [1434190][V][LoraMesher.cpp:754] printHeaderPacket(): [LoRaMesher] Packet send -- Size: 17 Src: B3F0 Dst: D110 Id: 83 Type: 2 Via: D110 Seq_Id: 0 Num: 0
15:55:00.016 > [1434280][V][LoraMesher.cpp:575] sendPackets(): [LoRaMesher] TimeOnAir 63 ms, next message in 0 ms
15:55:00.026 > [1434288][I][PacketQueueService.h:80] deleteQueuePacketAndPacket(): [LoRaMesher] Deleting packet
15:55:00.034 > [1434297][I][PacketQueueService.h:83] deleteQueuePacketAndPacket(): [LoRaMesher] Deleting packet queue
15:55:12.170 > [1446435][V][LoraMesher.cpp:378] receivingRoutine(): [LoRaMesher] Stack space unused after entering the task: 2076
15:55:12.181 > [1446445][V][LoraMesher.cpp:379] receivingRoutine(): [LoRaMesher] Free heap: 336876
15:55:12.189 > [1446453][I][PacketService.cpp:12] createEmptyPacket(): [LoRaMesher] Packet created with 24 bytes
15:55:12.198 > [1446462][I][LoraMesher.cpp:392] receivingRoutine(): [LoRaMesher] Receiving LoRa packet: Size: 24 bytes RSSI: -1 SNR: 13
15:55:12.209 > [1446473][V][LoraMesher.cpp:647] processPackets(): [LoRaMesher] Size of Received Packets Queue: 1
15:55:12.218 > [1446481][V][LoraMesher.cpp:754] printHeaderPacket(): [LoRaMesher] Packet received -- Size: 24 Src: F02C Dst: FFFF Id: 13 Type: 4 Via: 0 Seq_Id: 0 Num: 0
15:55:12.231 > [1446495][I][RoutingTableService.cpp:77] processRoute(): [LoRaMesher] Route packet from F02C with size 4
15:55:12.241 > [1446504][I][RoutingTableService.cpp:99] resetReceiveSNRRoutePacket(): [LoRaMesher] Reset Receive SNR from F02C: 13
15:55:12.251 > [1446515][I][RoutingTableService.cpp:192] printRoutingTable(): [LoRaMesher] Current routing table:
15:55:12.260 > [1446523][I][RoutingTableService.cpp:206] printRoutingTable(): [LoRaMesher] 0 - D110 via D110 metric 1 Role 1
15:55:12.269 > [1446533][I][RoutingTableService.cpp:206] printRoutingTable(): [LoRaMesher] 1 - F02C via F02C metric 1 Role 0
15:55:12.279 > [1446543][I][RoutingTableService.cpp:206] printRoutingTable(): [LoRaMesher] 2 - DE6C via DE6C metric 1 Role 0
15:55:12.289 > [1446553][I][RoutingTableService.cpp:206] printRoutingTable(): [LoRaMesher] 3 - C998 via C998 metric 1 Role 0
15:55:12.298 > [1446562][I][PacketQueueService.h:80] deleteQueuePacketAndPacket(): [LoRaMesher] Deleting packet
15:55:12.307 > [1446571][I][PacketQueueService.h:83] deleteQueuePacketAndPacket(): [LoRaMesher] Deleting packet queue
15:55:12.316 > [1446580][V][LoraMesher.cpp:641] processPackets(): [LoRaMesher] Stack space unused after entering the task: 2040
15:55:12.326 > [1446590][V][LoraMesher.cpp:642] processPackets(): [LoRaMesher] Free heap: 336876
15:55:12.890 > [1447154][V][LoraMesher.cpp:378] receivingRoutine(): [LoRaMesher] Stack space unused after entering the task: 2076
15:55:12.901 > [1447165][V][LoraMesher.cpp:379] receivingRoutine(): [LoRaMesher] Free heap: 336876
15:55:12.908 > [1447172][I][PacketService.cpp:12] createEmptyPacket(): [LoRaMesher] Packet created with 24 bytes
15:55:12.917 > [1447181][I][LoraMesher.cpp:392] receivingRoutine(): [LoRaMesher] Receiving LoRa packet: Size: 24 bytes RSSI: -26 SNR: 1
15:55:12.928 > [1447192][W][LoraMesher.cpp:403] receivingRoutine(): [LoRaMesher] Reading packet data gave error: -7
15:55:14.445 > [1448710][V][LoraMesher.cpp:598] sendHelloPacket(): [LoRaMesher] Creating Routing Packet
15:55:14.454 > [1448718][V][LoraMesher.cpp:599] sendHelloPacket(): [LoRaMesher] Stack space unused after entering the task: 2196
15:55:14.464 > [1448728][V][LoraMesher.cpp:600] sendHelloPacket(): [LoRaMesher] Free heap: 336876
15:55:14.472 > [1448735][V][PacketFactory.h:45] createPacket(): [LoRaMesher] Creating packet with 24 bytes
15:55:14.480 > [1448744][I][PacketFactory.h:74] createPacket(): [LoRaMesher] Packet created with 24 bytes
15:55:14.488 > [1448752][I][LoraMesher.h:659] setPackedForSend(): [LoRaMesher] Adding packet to Q_SP
15:55:14.495 > [1448759][I][LoraMesher.h:661] setPackedForSend(): [LoRaMesher] Created packet to Q_SP
15:55:14.503 > [1448767][I][LoraMesher.cpp:1061] addToSendOrderedAndNotify(): [LoRaMesher] Added packet to Q_SP, notifying sender task
15:55:14.514 > [1448778][V][LoraMesher.cpp:511] sendPackets(): [LoRaMesher] Stack space unused after entering the task: 2068
15:55:14.523 > [1448787][V][LoraMesher.cpp:512] sendPackets(): [LoRaMesher] Free heap: 336776
15:55:14.530 > [1448794][V][LoraMesher.cpp:518] sendPackets(): [LoRaMesher] Size of Send Packets Queue: 1
15:55:14.539 > [1448803][V][LoraMesher.cpp:525] sendPackets(): [LoRaMesher] Send n. 84
15:55:14.545 > [1448809][V][LoraMesher.cpp:455] waitBeforeSend(): [LoRaMesher] RandomDelay 290 ms
15:55:14.842 > [1449107][V][LoraMesher.cpp:754] printHeaderPacket(): [LoRaMesher] Packet send -- Size: 24 Src: B3F0 Dst: FFFF Id: 84 Type: 4 Via: 0 Seq_Id: 0 Num: 0
15:55:14.946 > [1449211][V][LoraMesher.cpp:575] sendPackets(): [LoRaMesher] TimeOnAir 78 ms, next message in 0 ms
15:55:14.956 > [1449220][I][PacketQueueService.h:80] deleteQueuePacketAndPacket(): [LoRaMesher] Deleting packet
15:55:14.964 > [1449228][I][PacketQueueService.h:83] deleteQueuePacketAndPacket(): [LoRaMesher] Deleting packet queue
15:55:18.971 > Send packet 72
15:55:18.974 > Sending packet to D110
15:55:18.976 > [1453237][V][LoraMesher.h:250] createPacketAndSend(): [LoRaMesher] Creating a packet for send with 8 bytes
15:55:18.985 > [1453249][V][PacketFactory.h:45] createPacket(): [LoRaMesher] Creating packet with 17 bytes
15:55:18.993 > [1453257][I][PacketFactory.h:74] createPacket(): [LoRaMesher] Packet created with 17 bytes
15:55:19.001 > [1453265][I][LoraMesher.h:659] setPackedForSend(): [LoRaMesher] Adding packet to Q_SP
15:55:19.008 > [1453273][I][LoraMesher.h:661] setPackedForSend(): [LoRaMesher] Created packet to Q_SP
15:55:19.017 > [1453281][I][LoraMesher.cpp:1061] addToSendOrderedAndNotify(): [LoRaMesher] Added packet to Q_SP, notifying sender task
15:55:19.027 > [1453291][V][LoraMesher.cpp:511] sendPackets(): [LoRaMesher] Stack space unused after entering the task: 2068
15:55:19.036 > [1453301][V][LoraMesher.cpp:512] sendPackets(): [LoRaMesher] Free heap: 336780
15:55:19.043 > [1453308][V][LoraMesher.cpp:518] sendPackets(): [LoRaMesher] Size of Send Packets Queue: 1
15:55:19.051 > [1453316][V][LoraMesher.cpp:525] sendPackets(): [LoRaMesher] Send n. 85
15:55:19.058 > [1453323][V][LoraMesher.cpp:455] waitBeforeSend(): [LoRaMesher] RandomDelay 876 ms
15:55:19.941 > [1454207][V][LoraMesher.cpp:754] printHeaderPacket(): [LoRaMesher] Packet send -- Size: 17 Src: B3F0 Dst: D110 Id: 85 Type: 2 Via: D110 Seq_Id: 0 Num: 0
15:55:20.032 > [1454297][V][LoraMesher.cpp:575] sendPackets(): [LoRaMesher] TimeOnAir 63 ms, next message in 0 ms
15:55:20.040 > [1454305][I][PacketQueueService.h:80] deleteQueuePacketAndPacket(): [LoRaMesher] Deleting packet
15:55:20.049 > [1454314][I][PacketQueueService.h:83] deleteQueuePacketAndPacket(): [LoRaMesher] Deleting packet queue
15:55:39.064 > Send packet 73
15:55:39.065 > Sending packet to D110
15:55:39.067 > [1473331][V][LoraMesher.h:250] createPacketAndSend(): [LoRaMesher] Creating a packet for send with 8 bytes
15:55:39.078 > [1473343][V][PacketFactory.h:45] createPacket(): [LoRaMesher] Creating packet with 17 bytes
15:55:39.085 > [1473351][I][PacketFactory.h:74] createPacket(): [LoRaMesher] Packet created with 17 bytes
15:55:39.093 > [1473359][I][LoraMesher.h:659] setPackedForSend(): [LoRaMesher] Adding packet to Q_SP
15:55:39.101 > [1473367][I][LoraMesher.h:661] setPackedForSend(): [LoRaMesher] Created packet to Q_SP
15:55:39.108 > [1473375][I][LoraMesher.cpp:1061] addToSendOrderedAndNotify(): [LoRaMesher] Added packet to Q_SP, notifying sender task
15:55:39.119 > [1473385][V][LoraMesher.cpp:511] sendPackets(): [LoRaMesher] Stack space unused after entering the task: 2068
15:55:39.129 > [1473395][V][LoraMesher.cpp:512] sendPackets(): [LoRaMesher] Free heap: 336780
15:55:39.136 > [1473402][V][LoraMesher.cpp:518] sendPackets(): [LoRaMesher] Size of Send Packets Queue: 1
15:55:39.144 > [1473410][V][LoraMesher.cpp:525] sendPackets(): [LoRaMesher] Send n. 86
15:55:39.150 > [1473417][V][LoraMesher.cpp:455] waitBeforeSend(): [LoRaMesher] RandomDelay 703 ms
15:55:39.861 > [1474128][V][LoraMesher.cpp:754] printHeaderPacket(): [LoRaMesher] Packet send -- Size: 17 Src: B3F0 Dst: D110 Id: 86 Type: 2 Via: D110 Seq_Id: 0 Num: 0
15:55:39.951 > [1474218][V][LoraMesher.cpp:575] sendPackets(): [LoRaMesher] TimeOnAir 63 ms, next message in 0 ms
15:55:39.960 > [1474226][I][PacketQueueService.h:80] deleteQueuePacketAndPacket(): [LoRaMesher] Deleting packet
15:55:39.968 > [1474235][I][PacketQueueService.h:83] deleteQueuePacketAndPacket(): [LoRaMesher] Deleting packet queue
15:55:59.156 > Send packet 74
15:55:59.158 > Sending packet to D110
15:55:59.160 > [1493425][V][LoraMesher.h:250] createPacketAndSend(): [LoRaMesher] Creating a packet for send with 8 bytes
15:55:59.169 > [1493437][V][PacketFactory.h:45] createPacket(): [LoRaMesher] Creating packet with 17 bytes
15:55:59.177 > [1493445][I][PacketFactory.h:74] createPacket(): [LoRaMesher] Packet created with 17 bytes
15:55:59.185 > [1493453][I][LoraMesher.h:659] setPackedForSend(): [LoRaMesher] Adding packet to Q_SP
15:55:59.193 > [1493461][I][LoraMesher.h:661] setPackedForSend(): [LoRaMesher] Created packet to Q_SP
15:55:59.201 > [1493469][I][LoraMesher.cpp:1061] addToSendOrderedAndNotify(): [LoRaMesher] Added packet to Q_SP, notifying sender task
15:55:59.212 > [1493479][V][LoraMesher.cpp:511] sendPackets(): [LoRaMesher] Stack space unused after entering the task: 2068
15:55:59.221 > [1493489][V][LoraMesher.cpp:512] sendPackets(): [LoRaMesher] Free heap: 336780
15:55:59.228 > [1493496][V][LoraMesher.cpp:518] sendPackets(): [LoRaMesher] Size of Send Packets Queue: 1
15:55:59.236 > [1493504][V][LoraMesher.cpp:525] sendPackets(): [LoRaMesher] Send n. 87
15:55:59.243 > [1493511][V][LoraMesher.cpp:455] waitBeforeSend(): [LoRaMesher] RandomDelay 930 ms
15:56:00.180 > [1494449][V][LoraMesher.cpp:754] printHeaderPacket(): [LoRaMesher] Packet send -- Size: 17 Src: B3F0 Dst: D110 Id: 87 Type: 2 Via: D110 Seq_Id: 0 Num: 0
15:56:00.270 > [1494539][V][LoraMesher.cpp:575] sendPackets(): [LoRaMesher] TimeOnAir 63 ms, next message in 0 ms
15:56:00.280 > [1494547][I][PacketQueueService.h:80] deleteQueuePacketAndPacket(): [LoRaMesher] Deleting packet
15:56:00.288 > [1494556][I][PacketQueueService.h:83] deleteQueuePacketAndPacket(): [LoRaMesher] Deleting packet queue
15:56:01.752 > [1496020][V][LoraMesher.cpp:378] receivingRoutine(): [LoRaMesher] Stack space unused after entering the task: 2076
15:56:01.765 > [1496031][V][LoraMesher.cpp:379] receivingRoutine(): [LoRaMesher] Free heap: 336876
15:56:01.770 > [1496038][I][PacketService.cpp:12] createEmptyPacket(): [LoRaMesher] Packet created with 24 bytes
15:56:01.779 > [1496047][I][LoraMesher.cpp:392] receivingRoutine(): [LoRaMesher] Receiving LoRa packet: Size: 24 bytes RSSI: -81 SNR: 0
15:56:01.790 > [1496058][V][LoraMesher.cpp:647] processPackets(): [LoRaMesher] Size of Received Packets Queue: 1
15:56:01.799 > [1496067][V][LoraMesher.cpp:754] printHeaderPacket(): [LoRaMesher] Packet received -- Size: 24 Src: C998 Dst: FFFF Id: 8 Type: 4 Via: 0 Seq_Id: 0 Num: 0
15:56:01.813 > [1496081][I][RoutingTableService.cpp:77] processRoute(): [LoRaMesher] Route packet from C998 with size 4
15:56:01.822 > [1496090][I][RoutingTableService.cpp:99] resetReceiveSNRRoutePacket(): [LoRaMesher] Reset Receive SNR from C998: 0
15:56:01.832 > [1496100][I][RoutingTableService.cpp:192] printRoutingTable(): [LoRaMesher] Current routing table:
15:56:01.841 > [1496109][I][RoutingTableService.cpp:206] printRoutingTable(): [LoRaMesher] 0 - D110 via D110 metric 1 Role 1
15:56:01.851 > [1496119][I][RoutingTableService.cpp:206] printRoutingTable(): [LoRaMesher] 1 - F02C via F02C metric 1 Role 0
15:56:01.860 > [1496128][I][RoutingTableService.cpp:206] printRoutingTable(): [LoRaMesher] 2 - DE6C via DE6C metric 1 Role 0
15:56:01.870 > [1496138][I][RoutingTableService.cpp:206] printRoutingTable(): [LoRaMesher] 3 - C998 via C998 metric 1 Role 0
15:56:01.880 > [1496148][I][PacketQueueService.h:80] deleteQueuePacketAndPacket(): [LoRaMesher] Deleting packet
15:56:01.888 > [1496156][I][PacketQueueService.h:83] deleteQueuePacketAndPacket(): [LoRaMesher] Deleting packet queue
15:56:01.898 > [1496165][V][LoraMesher.cpp:641] processPackets(): [LoRaMesher] Stack space unused after entering the task: 2040
15:56:01.908 > [1496175][V][LoraMesher.cpp:642] processPackets(): [LoRaMesher] Free heap: 336876
15:56:19.249 > Send packet 75
15:56:19.250 > Sending packet to D110
15:56:19.252 > [1513519][V][LoraMesher.h:250] createPacketAndSend(): [LoRaMesher] Creating a packet for send with 8 bytes
15:56:19.263 > [1513531][V][PacketFactory.h:45] createPacket(): [LoRaMesher] Creating packet with 17 bytes
15:56:19.270 > [1513539][I][PacketFactory.h:74] createPacket(): [LoRaMesher] Packet created with 17 bytes
15:56:19.278 > [1513547][I][LoraMesher.h:659] setPackedForSend(): [LoRaMesher] Adding packet to Q_SP
15:56:19.286 > [1513555][I][LoraMesher.h:661] setPackedForSend(): [LoRaMesher] Created packet to Q_SP
15:56:19.293 > [1513563][I][LoraMesher.cpp:1061] addToSendOrderedAndNotify(): [LoRaMesher] Added packet to Q_SP, notifying sender task
15:56:19.304 > [1513573][V][LoraMesher.cpp:511] sendPackets(): [LoRaMesher] Stack space unused after entering the task: 2068
15:56:19.314 > [1513583][V][LoraMesher.cpp:512] sendPackets(): [LoRaMesher] Free heap: 336780
15:56:19.321 > [1513590][V][LoraMesher.cpp:518] sendPackets(): [LoRaMesher] Size of Send Packets Queue: 1
15:56:19.329 > [1513598][V][LoraMesher.cpp:525] sendPackets(): [LoRaMesher] Send n. 88
15:56:19.335 > [1513605][V][LoraMesher.cpp:455] waitBeforeSend(): [LoRaMesher] RandomDelay 489 ms
15:56:19.832 > [1514102][V][LoraMesher.cpp:754] printHeaderPacket(): [LoRaMesher] Packet send -- Size: 17 Src: B3F0 Dst: D110 Id: 88 Type: 2 Via: D110 Seq_Id: 0 Num: 0
15:56:19.922 > [1514192][V][LoraMesher.cpp:575] sendPackets(): [LoRaMesher] TimeOnAir 63 ms, next message in 0 ms
15:56:19.931 > [1514200][I][PacketQueueService.h:80] deleteQueuePacketAndPacket(): [LoRaMesher] Deleting packet
15:56:19.940 > [1514209][I][PacketQueueService.h:83] deleteQueuePacketAndPacket(): [LoRaMesher] Deleting packet queue
15:56:39.341 > Send packet 76
15:56:39.343 > Sending packet to D110
15:56:39.345 > [1533613][V][LoraMesher.h:250] createPacketAndSend(): [LoRaMesher] Creating a packet for send with 8 bytes
15:56:39.354 > [1533625][V][PacketFactory.h:45] createPacket(): [LoRaMesher] Creating packet with 17 bytes
15:56:39.363 > [1533633][I][PacketFactory.h:74] createPacket(): [LoRaMesher] Packet created with 17 bytes
15:56:39.371 > [1533641][I][LoraMesher.h:659] setPackedForSend(): [LoRaMesher] Adding packet to Q_SP
15:56:39.378 > [1533649][I][LoraMesher.h:661] setPackedForSend(): [LoRaMesher] Created packet to Q_SP
15:56:39.386 > [1533657][I][LoraMesher.cpp:1061] addToSendOrderedAndNotify(): [LoRaMesher] Added packet to Q_SP, notifying sender task
15:56:39.397 > [1533667][V][LoraMesher.cpp:511] sendPackets(): [LoRaMesher] Stack space unused after entering the task: 2068
15:56:39.406 > [1533677][V][LoraMesher.cpp:512] sendPackets(): [LoRaMesher] Free heap: 336780
15:56:39.413 > [1533684][V][LoraMesher.cpp:518] sendPackets(): [LoRaMesher] Size of Send Packets Queue: 1
15:56:39.421 > [1533692][V][LoraMesher.cpp:525] sendPackets(): [LoRaMesher] Send n. 89
15:56:39.428 > [1533699][V][LoraMesher.cpp:455] waitBeforeSend(): [LoRaMesher] RandomDelay 560 ms
15:56:39.995 > [1534267][V][LoraMesher.cpp:754] printHeaderPacket(): [LoRaMesher] Packet send -- Size: 17 Src: B3F0 Dst: D110 Id: 89 Type: 2 Via: D110 Seq_Id: 0 Num: 0
15:56:40.085 > [1534357][V][LoraMesher.cpp:575] sendPackets(): [LoRaMesher] TimeOnAir 63 ms, next message in 0 ms
15:56:40.095 > [1534365][I][PacketQueueService.h:80] deleteQueuePacketAndPacket(): [LoRaMesher] Deleting packet
15:56:40.103 > [1534374][I][PacketQueueService.h:83] deleteQueuePacketAndPacket(): [LoRaMesher] Deleting packet queue
15:56:59.433 > Send packet 77
15:56:59.436 > Sending packet to D110
15:56:59.438 > [1553707][V][LoraMesher.h:250] createPacketAndSend(): [LoRaMesher] Creating a packet for send with 8 bytes
15:56:59.447 > [1553719][V][PacketFactory.h:45] createPacket(): [LoRaMesher] Creating packet with 17 bytes
15:56:59.455 > [1553727][I][PacketFactory.h:74] createPacket(): [LoRaMesher] Packet created with 17 bytes
15:56:59.463 > [1553735][I][LoraMesher.h:659] setPackedForSend(): [LoRaMesher] Adding packet to Q_SP
15:56:59.471 > [1553743][I][LoraMesher.h:661] setPackedForSend(): [LoRaMesher] Created packet to Q_SP
15:56:59.479 > [1553751][I][LoraMesher.cpp:1061] addToSendOrderedAndNotify(): [LoRaMesher] Added packet to Q_SP, notifying sender task
15:56:59.489 > [1553761][V][LoraMesher.cpp:511] sendPackets(): [LoRaMesher] Stack space unused after entering the task: 2068
15:56:59.499 > [1553771][V][LoraMesher.cpp:512] sendPackets(): [LoRaMesher] Free heap: 336780
15:56:59.506 > [1553778][V][LoraMesher.cpp:518] sendPackets(): [LoRaMesher] Size of Send Packets Queue: 1
15:56:59.514 > [1553786][V][LoraMesher.cpp:525] sendPackets(): [LoRaMesher] Send n. 90
15:56:59.521 > [1553793][V][LoraMesher.cpp:455] waitBeforeSend(): [LoRaMesher] RandomDelay 498 ms
15:57:00.026 > [1554299][V][LoraMesher.cpp:754] printHeaderPacket(): [LoRaMesher] Packet send -- Size: 17 Src: B3F0 Dst: D110 Id: 90 Type: 2 Via: D110 Seq_Id: 0 Num: 0
15:57:00.116 > [1554389][V][LoraMesher.cpp:575] sendPackets(): [LoRaMesher] TimeOnAir 63 ms, next message in 0 ms
15:57:00.125 > [1554397][I][PacketQueueService.h:80] deleteQueuePacketAndPacket(): [LoRaMesher] Deleting packet
15:57:00.134 > [1554406][I][PacketQueueService.h:83] deleteQueuePacketAndPacket(): [LoRaMesher] Deleting packet queue
15:57:12.329 > [1566574][V][LoraMesher.cpp:378] receivingRoutine(): [LoRaMesher] Stack space unused after entering the task: 2076
15:57:12.340 > [1566585][V][LoraMesher.cpp:379] receivingRoutine(): [LoRaMesher] Free heap: 336876
15:57:12.348 > [1566592][I][PacketService.cpp:12] createEmptyPacket(): [LoRaMesher] Packet created with 24 bytes
15:57:12.357 > [1566601][I][LoraMesher.cpp:392] receivingRoutine(): [LoRaMesher] Receiving LoRa packet: Size: 24 bytes RSSI: -26 SNR: 13
15:57:12.367 > [1566612][V][LoraMesher.cpp:647] processPackets(): [LoRaMesher] Size of Received Packets Queue: 1
15:57:12.377 > [1566621][V][LoraMesher.cpp:754] printHeaderPacket(): [LoRaMesher] Packet received -- Size: 24 Src: DE6C Dst: FFFF Id: 14 Type: 4 Via: 0 Seq_Id: 0 Num: 0
15:57:12.390 > [1566635][I][RoutingTableService.cpp:77] processRoute(): [LoRaMesher] Route packet from DE6C with size 4
15:57:12.401 > [1566644][I][RoutingTableService.cpp:99] resetReceiveSNRRoutePacket(): [LoRaMesher] Reset Receive SNR from DE6C: 13
15:57:12.410 > [1566654][I][RoutingTableService.cpp:192] printRoutingTable(): [LoRaMesher] Current routing table:
15:57:12.419 > [1566663][I][RoutingTableService.cpp:206] printRoutingTable(): [LoRaMesher] 0 - D110 via D110 metric 1 Role 1
15:57:12.428 > [1566673][I][RoutingTableService.cpp:206] printRoutingTable(): [LoRaMesher] 1 - F02C via F02C metric 1 Role 0
15:57:12.438 > [1566683][I][RoutingTableService.cpp:206] printRoutingTable(): [LoRaMesher] 2 - DE6C via DE6C metric 1 Role 0
15:57:12.448 > [1566692][I][RoutingTableService.cpp:206] printRoutingTable(): [LoRaMesher] 3 - C998 via C998 metric 1 Role 0
15:57:12.458 > [1566702][I][PacketQueueService.h:80] deleteQueuePacketAndPacket(): [LoRaMesher] Deleting packet
15:57:12.468 > [1566711][I][PacketQueueService.h:83] deleteQueuePacketAndPacket(): [LoRaMesher] Deleting packet queue
15:57:12.475 > [1566720][V][LoraMesher.cpp:641] processPackets(): [LoRaMesher] Stack space unused after entering the task: 2040
15:57:12.485 > [1566730][V][LoraMesher.cpp:642] processPackets(): [LoRaMesher] Free heap: 336876
15:57:13.291 > [1567534][V][LoraMesher.cpp:378] receivingRoutine(): [LoRaMesher] Stack space unused after entering the task: 2076
15:57:13.302 > [1567544][V][LoraMesher.cpp:379] receivingRoutine(): [LoRaMesher] Free heap: 336876
15:57:13.309 > [1567552][I][PacketService.cpp:12] createEmptyPacket(): [LoRaMesher] Packet created with 24 bytes
15:57:13.320 > [1567561][I][LoraMesher.cpp:392] receivingRoutine(): [LoRaMesher] Receiving LoRa packet: Size: 24 bytes RSSI: -29 SNR: 14
15:57:13.329 > [1567572][V][LoraMesher.cpp:647] processPackets(): [LoRaMesher] Size of Received Packets Queue: 1
15:57:13.338 > [1567581][V][LoraMesher.cpp:754] printHeaderPacket(): [LoRaMesher] Packet received -- Size: 24 Src: D110 Dst: FFFF Id: 13 Type: 4 Via: 0 Seq_Id: 0 Num: 0
15:57:13.354 > [1567594][I][RoutingTableService.cpp:77] processRoute(): [LoRaMesher] Route packet from D110 with size 4
15:57:13.361 > [1567604][I][RoutingTableService.cpp:99] resetReceiveSNRRoutePacket(): [LoRaMesher] Reset Receive SNR from D110: 14
15:57:13.372 > [1567614][I][RoutingTableService.cpp:192] printRoutingTable(): [LoRaMesher] Current routing table:
15:57:13.380 > [1567623][I][RoutingTableService.cpp:206] printRoutingTable(): [LoRaMesher] 0 - D110 via D110 metric 1 Role 1
15:57:13.394 > [1567632][I][RoutingTableService.cpp:206] printRoutingTable(): [LoRaMesher] 1 - F02C via F02C metric 1 Role 0
15:57:13.401 > [1567642][I][RoutingTableService.cpp:206] printRoutingTable(): [LoRaMesher] 2 - DE6C via DE6C metric 1 Role 0
15:57:13.409 > [1567652][I][RoutingTableService.cpp:206] printRoutingTable(): [LoRaMesher] 3 - C998 via C998 metric 1 Role 0
15:57:13.419 > [1567661][I][PacketQueueService.h:80] deleteQueuePacketAndPacket(): [LoRaMesher] Deleting packet
15:57:13.428 > [1567670][I][PacketQueueService.h:83] deleteQueuePacketAndPacket(): [LoRaMesher] Deleting packet queue
15:57:13.437 > [1567679][V][LoraMesher.cpp:641] processPackets(): [LoRaMesher] Stack space unused after entering the task: 2040
15:57:13.447 > [1567689][V][LoraMesher.cpp:642] processPackets(): [LoRaMesher] Free heap: 336876
15:57:14.497 > [1568738][V][LoraMesher.cpp:378] receivingRoutine(): [LoRaMesher] Stack space unused after entering the task: 2076
15:57:14.508 > [1568748][V][LoraMesher.cpp:379] receivingRoutine(): [LoRaMesher] Free heap: 336876
15:57:14.517 > [1568756][I][PacketService.cpp:12] createEmptyPacket(): [LoRaMesher] Packet created with 24 bytes
15:57:14.524 > [1568765][I][LoraMesher.cpp:392] receivingRoutine(): [LoRaMesher] Receiving LoRa packet: Size: 24 bytes RSSI: -2 SNR: 13
15:57:14.536 > [1568776][V][LoraMesher.cpp:647] processPackets(): [LoRaMesher] Size of Received Packets Queue: 1
15:57:14.544 > [1568777][V][LoraMesher.cpp:598] sendHelloPacket(): [LoRaMesher] Creating Routing Packet
15:57:14.552 > [1568792][V][LoraMesher.cpp:599] sendHelloPacket(): [LoRaMesher] Stack space unused after entering the task: 2196
15:57:14.562 > [1568803][V][LoraMesher.cpp:600] sendHelloPacket(): [LoRaMesher] Free heap: 336776
15:57:14.570 > [1568810][V][PacketFactory.h:45] createPacket(): [LoRaMesher] Creating packet with 24 bytes
15:57:14.578 > [1568818][I][PacketFactory.h:74] createPacket(): [LoRaMesher] Packet created with 24 bytes
15:57:14.586 > [1568826][I][LoraMesher.h:659] setPackedForSend(): [LoRaMesher] Adding packet to Q_SP
15:57:14.593 > [1568834][I][LoraMesher.h:661] setPackedForSend(): [LoRaMesher] Created packet to Q_SP
15:57:14.602 > [1568842][I][LoraMesher.cpp:1061] addToSendOrderedAndNotify(): [LoRaMesher] Added packet to Q_SP, notifying sender task
15:57:14.613 > [1568852][V[]1[5L6o8r8a5M2e]s[hVe]r[.Lcoprpa:M7e5s4h]e rp.rcipnpt:H5e1a1d]e rsPeancdkPeatc(k)e:t s[(L)o:R a[MLeosRhaeMre]s hPearc]kSt ck epaed un Sez :ft4  rcteF0ng Dhe: asFF Id:84 Type: 4 Via: 0 Seq_Id: 0 Num: 0
15:57:14.632 > [156[81857618]8[7V1]][[LIo]r[aRMoeusthienrg.Tcapbpl:e5S1e2r]v isceen.dcPpapc:k7e7t]s (p)r:o c[eLsosRRaoMuetseh(e)r:]  [FLroeRea Mhesp:r33Ro04
15:57:14.643 > packet from F02C with size 4
15:57:14.647 > [1568886][V][LoraMesher.cpp:518[]1 5s6e8n8d8P6a]c[kIe]t[sR(o)u:t i[nLgoTRaabMleesSheerrv]i cSei.zcep po:f9 9S]e nrde sPeatcRkeecteiveSeRR: 1ePacket(): [LoRaMesher] Reset Receive SNR from F02C: 13
15:57:14.664 > [1568903][V][LoraMesher.cpp:52[51]5 6s8e9n0d3P]a[cIk]e[tRso(u)t:i n[gLToaRbalMeeSsehrevri]c eS.ecnpdp :n1.9 29]1 p
15:57:14.674 > rintRoutingTable(): [LoRaMesher] Current routing table:
15:57:14.679 > [1568[911586]8[9V1]8[]L[oIr]a[MReosuhteirn.gcTpapb:l4e5S5e]r vwiaciet.Bcepfpo:r2e0S6e]n dp(r)i:n t[RLoouRtaiMnegsThaebrl]e (R)a:n [ooRelash97] 0 
15:57:14.692 > D110 via D110 metric 1 Role 1
15:57:14.694 > [1568934][I][RoutingTableService.cpp:206] printRoutingTable(): [LoRaMesher] 1 - F02C via F02C metric 1 Role 0
15:57:14.704 > [1568944][I][RoutingTableService.cpp:206] printRoutingTable(): [LoRaMesher] 2 - DE6C via DE6C metric 1 Role 0
15:57:14.714 > [1568953][I][RoutingTableService.cpp:206] printRoutingTable(): [LoRaMesher] 3 - C998 via C998 metric 1 Role 0
15:57:14.724 > [1568963][I][PacketQueueService.h:80] deleteQueuePacketAndPacket(): [LoRaMesher] Deleting packet
15:57:14.732 > [1568972][I][PacketQueueService.h:83] deleteQueuePacketAndPacket(): [LoRaMesher] Deleting packet queue
15:57:14.741 > [1568981][V][LoraMesher.cpp:641] processPackets(): [LoRaMesher] Stack space unused after entering the task: 2040
15:57:14.751 > [1568991][V][LoraMesher.cpp:642] processPackets(): [LoRaMesher] Free heap: 336804
15:57:15.671 > [1569910][V][LoraMesher.cpp:754] printHeaderPacket(): [LoRaMesher] Packet send -- Size: 24 Src: B3F0 Dst: FFFF Id: 91 Type: 4 Via: 0 Seq_Id: 0 Num: 0
15:57:15.776 > [1570014][V][LoraMesher.cpp:575] sendPackets(): [LoRaMesher] TimeOnAir 78 ms, next message in 0 ms
15:57:15.785 > [1570022][I][PacketQueueService.h:80] deleteQueuePacketAndPacket(): [LoRaMesher] Deleting packet
15:57:15.794 > [1570031][I][PacketQueueService.h:83] deleteQueuePacketAndPacket(): [LoRaMesher] Deleting packet queue
15:57:19.570 > Send packet 78
15:57:19.572 > Sending packet to D110
15:57:19.574 > [1573801][V][LoraMesher.h:250] createPacketAndSend(): [LoRaMesher] Creating a packet for send with 8 bytes
15:57:19.584 > [1573813][V][PacketFactory.h:45] createPacket(): [LoRaMesher] Creating packet with 17 bytes
15:57:19.592 > [1573821][I][PacketFactory.h:74] createPacket(): [LoRaMesher] Packet created with 17 bytes
15:57:19.600 > [1573829][I][LoraMesher.h:659] setPackedForSend(): [LoRaMesher] Adding packet to Q_SP
15:57:19.607 > [1573837][I][LoraMesher.h:661] setPackedForSend(): [LoRaMesher] Created packet to Q_SP
15:57:19.615 > [1573845][I][LoraMesher.cpp:1061] addToSendOrderedAndNotify(): [LoRaMesher] Added packet to Q_SP, notifying sender task
15:57:19.626 > [1573855][V][LoraMesher.cpp:511] sendPackets(): [LoRaMesher] Stack space unused after entering the task: 2020
15:57:19.636 > [1573865][V][LoraMesher.cpp:512] sendPackets(): [LoRaMesher] Free heap: 336780
15:57:19.643 > [1573872][V][LoraMesher.cpp:518] sendPackets(): [LoRaMesher] Size of Send Packets Queue: 1
15:57:19.651 > [1573880][V][LoraMesher.cpp:525] sendPackets(): [LoRaMesher] Send n. 92
15:57:19.657 > [1573887][V][LoraMesher.cpp:455] waitBeforeSend(): [LoRaMesher] RandomDelay 1114 ms
15:57:20.781 > [1575009][V][LoraMesher.cpp:754] printHeaderPacket(): [LoRaMesher] Packet send -- Size: 17 Src: B3F0 Dst: D110 Id: 92 Type: 2 Via: D110 Seq_Id: 0 Num: 0
15:57:20.871 > [1575099][V][LoraMesher.cpp:575] sendPackets(): [LoRaMesher] TimeOnAir 63 ms, next message in 0 ms
15:57:20.881 > [1575107][I][PacketQueueService.h:80] deleteQueuePacketAndPacket(): [LoRaMesher] Deleting packet
15:57:20.889 > [1575116][I][PacketQueueService.h:83] deleteQueuePacketAndPacket(): [LoRaMesher] Deleting packet queue
15:57:39.700 > Send packet 79
15:57:39.702 > Sending packet to D110
15:57:39.704 > [1593895][V][LoraMesher.h:250] createPacketAndSend(): [LoRaMesher] Creating a packet for send with 8 bytes
15:57:39.713 > [1593907][V][PacketFactory.h:45] createPacket(): [LoRaMesher] Creating packet with 17 bytes
15:57:39.721 > [1593915][I][PacketFactory.h:74] createPacket(): [LoRaMesher] Packet created with 17 bytes
15:57:39.729 > [1593923][I][LoraMesher.h:659] setPackedForSend(): [LoRaMesher] Adding packet to Q_SP
15:57:39.737 > [1593931][I][LoraMesher.h:661] setPackedForSend(): [LoRaMesher] Created packet to Q_SP
15:57:39.745 > [1593939][I][LoraMesher.cpp:1061] addToSendOrderedAndNotify(): [LoRaMesher] Added packet to Q_SP, notifying sender task
15:57:39.755 > [1593949][V][LoraMesher.cpp:511] sendPackets(): [LoRaMesher] Stack space unused after entering the task: 2020
15:57:39.765 > [1593959][V][LoraMesher.cpp:512] sendPackets(): [LoRaMesher] Free heap: 336780
15:57:39.772 > [1593966][V][LoraMesher.cpp:518] sendPackets(): [LoRaMesher] Size of Send Packets Queue: 1
15:57:39.780 > [1593974][V][LoraMesher.cpp:525] sendPackets(): [LoRaMesher] Send n. 93
15:57:39.787 > [1593981][V][LoraMesher.cpp:455] waitBeforeSend(): [LoRaMesher] RandomDelay 912 ms
15:57:40.707 > [1594901][V][LoraMesher.cpp:754] printHeaderPacket(): [LoRaMesher] Packet send -- Size: 17 Src: B3F0 Dst: D110 Id: 93 Type: 2 Via: D110 Seq_Id: 0 Num: 0
15:57:40.798 > [1594991][V][LoraMesher.cpp:575] sendPackets(): [LoRaMesher] TimeOnAir 63 ms, next message in 0 ms
15:57:40.806 > [1594999][I][PacketQueueService.h:80] deleteQueuePacketAndPacket(): [LoRaMesher] Deleting packet
15:57:40.815 > [1595008][I][PacketQueueService.h:83] deleteQueuePacketAndPacket(): [LoRaMesher] Deleting packet queue
15:57:59.821 > Send packet 80
15:57:59.822 > Sending packet to D110
15:57:59.824 > [1613989][V][LoraMesher.h:250] createPacketAndSend(): [LoRaMesher] Creating a packet for send with 8 bytes
15:57:59.834 > [1614001][V][PacketFactory.h:45] createPacket(): [LoRaMesher] Creating packet with 17 bytes
15:57:59.842 > [1614009][I][PacketFactory.h:74] createPacket(): [LoRaMesher] Packet created with 17 bytes
15:57:59.850 > [1614017][I][LoraMesher.h:659] setPackedForSend(): [LoRaMesher] Adding packet to Q_SP
15:57:59.858 > [1614025][I][LoraMesher.h:661] setPackedForSend(): [LoRaMesher] Created packet to Q_SP
15:57:59.865 > [1614033][I][LoraMesher.cpp:1061] addToSendOrderedAndNotify(): [LoRaMesher] Added packet to Q_SP, notifying sender task
15:57:59.876 > [1614043][V][LoraMesher.cpp:511] sendPackets(): [LoRaMesher] Stack space unused after entering the task: 2020
15:57:59.886 > [1614053][V][LoraMesher.cpp:512] sendPackets(): [LoRaMesher] Free heap: 336780
15:57:59.893 > [1614060][V][LoraMesher.cpp:518] sendPackets(): [LoRaMesher] Size of Send Packets Queue: 1
15:57:59.901 > [1614068][V][LoraMesher.cpp:525] sendPackets(): [LoRaMesher] Send n. 94
15:57:59.907 > [1614075][V][LoraMesher.cpp:455] waitBeforeSend(): [LoRaMesher] RandomDelay 485 ms
15:58:00.401 > [1614568][V][LoraMesher.cpp:754] printHeaderPacket(): [LoRaMesher] Packet send -- Size: 17 Src: B3F0 Dst: D110 Id: 94 Type: 2 Via: D110 Seq_Id: 0 Num: 0
15:58:00.491 > [1614658][V][LoraMesher.cpp:575] sendPackets(): [LoRaMesher] TimeOnAir 63 ms, next message in 0 ms
15:58:00.500 > [1614666][I][PacketQueueService.h:80] deleteQueuePacketAndPacket(): [LoRaMesher] Deleting packet
15:58:00.509 > [1614675][I][PacketQueueService.h:83] deleteQueuePacketAndPacket(): [LoRaMesher] Deleting packet queue
15:58:01.496 > [1615661][V][LoraMesher.cpp:378] receivingRoutine(): [LoRaMesher] Stack space unused after entering the task: 2076
15:58:01.506 > [1615672][V][LoraMesher.cpp:379] receivingRoutine(): [LoRaMesher] Free heap: 336876
15:58:01.514 > [1615679][I][PacketService.cpp:12] createEmptyPacket(): [LoRaMesher] Packet created with 24 bytes
15:58:01.523 > [1615688][I][LoraMesher.cpp:392] receivingRoutine(): [LoRaMesher] Receiving LoRa packet: Size: 24 bytes RSSI: -81 SNR: -2
15:58:01.534 > [1615699][V][LoraMesher.cpp:647] processPackets(): [LoRaMesher] Size of Received Packets Queue: 1
15:58:01.543 > [1615708][V][LoraMesher.cpp:754] printHeaderPacket(): [LoRaMesher] Packet received -- Size: 24 Src: C998 Dst: FFFF Id: 9 Type: 4 Via: 0 Seq_Id: 0 Num: 0
15:58:01.556 > [1615722][I][RoutingTableService.cpp:77] processRoute(): [LoRaMesher] Route packet from C998 with size 4
15:58:01.566 > [1615731][I][RoutingTableService.cpp:99] resetReceiveSNRRoutePacket(): [LoRaMesher] Reset Receive SNR from C998: -2
15:58:01.576 > [1615741][I][RoutingTableService.cpp:192] printRoutingTable(): [LoRaMesher] Current routing table:
15:58:01.585 > [1615750][I][RoutingTableService.cpp:206] printRoutingTable(): [LoRaMesher] 0 - D110 via D110 metric 1 Role 1
15:58:01.594 > [1615760][I][RoutingTableService.cpp:206] printRoutingTable(): [LoRaMesher] 1 - F02C via F02C metric 1 Role 0
15:58:01.604 > [1615770][I][RoutingTableService.cpp:206] printRoutingTable(): [LoRaMesher] 2 - DE6C via DE6C metric 1 Role 0
15:58:01.614 > [1615779][I][RoutingTableService.cpp:206] printRoutingTable(): [LoRaMesher] 3 - C998 via C998 metric 1 Role 0
15:58:01.624 > [1615789][I][PacketQueueService.h:80] deleteQueuePacketAndPacket(): [LoRaMesher] Deleting packet
15:58:01.632 > [1615798][I][PacketQueueService.h:83] deleteQueuePacketAndPacket(): [LoRaMesher] Deleting packet queue
15:58:01.641 > [1615807][V][LoraMesher.cpp:641] processPackets(): [LoRaMesher] Stack space unused after entering the task: 2040
15:58:01.651 > [1615817][V][LoraMesher.cpp:642] processPackets(): [LoRaMesher] Free heap: 336876
15:58:19.936 > Send packet 81
15:58:19.938 > Sending packet to D110
15:58:19.940 > [1634083][V][LoraMesher.h:250] createPacketAndSend(): [LoRaMesher] Creating a packet for send with 8 bytes
15:58:19.949 > [1634095][V][PacketFactory.h:45] createPacket(): [LoRaMesher] Creating packet with 17 bytes
15:58:19.958 > [1634103][I][PacketFactory.h:74] createPacket(): [LoRaMesher] Packet created with 17 bytes
15:58:19.966 > [1634111][I][LoraMesher.h:659] setPackedForSend(): [LoRaMesher] Adding packet to Q_SP
15:58:19.973 > [1634119][I][LoraMesher.h:661] setPackedForSend(): [LoRaMesher] Created packet to Q_SP
15:58:19.981 > [1634127][I][LoraMesher.cpp:1061] addToSendOrderedAndNotify(): [LoRaMesher] Added packet to Q_SP, notifying sender task
15:58:19.992 > [1634137][V][LoraMesher.cpp:511] sendPackets(): [LoRaMesher] Stack space unused after entering the task: 2020
15:58:20.001 > [1634147][V][LoraMesher.cpp:512] sendPackets(): [LoRaMesher] Free heap: 336780
15:58:20.008 > [1634154][V][LoraMesher.cpp:518] sendPackets(): [LoRaMesher] Size of Send Packets Queue: 1
15:58:20.016 > [1634162][V][LoraMesher.cpp:525] sendPackets(): [LoRaMesher] Send n. 95
15:58:20.023 > [1634169][V][LoraMesher.cpp:455] waitBeforeSend(): [LoRaMesher] RandomDelay 440 ms
15:58:20.470 > [1634617][V][LoraMesher.cpp:754] printHeaderPacket(): [LoRaMesher] Packet send -- Size: 17 Src: B3F0 Dst: D110 Id: 95 Type: 2 Via: D110 Seq_Id: 0 Num: 0
15:58:20.561 > [1634707][V][LoraMesher.cpp:575] sendPackets(): [LoRaMesher] TimeOnAir 63 ms, next message in 0 ms
15:58:20.570 > [1634715][I][PacketQueueService.h:80] deleteQueuePacketAndPacket(): [LoRaMesher] Deleting packet
15:58:20.578 > [1634724][I][PacketQueueService.h:83] deleteQueuePacketAndPacket(): [LoRaMesher] Deleting packet queue
15:58:40.047 > Send packet 82
15:58:40.048 > Sending packet to D110
15:58:40.050 > [1654177][V][LoraMesher.h:250] createPacketAndSend(): [LoRaMesher] Creating a packet for send with 8 bytes
15:58:40.060 > [1654189][V][PacketFactory.h:45] createPacket(): [LoRaMesher] Creating packet with 17 bytes
15:58:40.068 > [1654197][I][PacketFactory.h:74] createPacket(): [LoRaMesher] Packet created with 17 bytes
15:58:40.076 > [1654205][I][LoraMesher.h:659] setPackedForSend(): [LoRaMesher] Adding packet to Q_SP
15:58:40.084 > [1654213][I][LoraMesher.h:661] setPackedForSend(): [LoRaMesher] Created packet to Q_SP
15:58:40.091 > [1654221][I][LoraMesher.cpp:1061] addToSendOrderedAndNotify(): [LoRaMesher] Added packet to Q_SP, notifying sender task
15:58:40.102 > [1654231][V][LoraMesher.cpp:511] sendPackets(): [LoRaMesher] Stack space unused after entering the task: 2020
15:58:40.112 > [1654241][V][LoraMesher.cpp:512] sendPackets(): [LoRaMesher] Free heap: 336780
15:58:40.119 > [1654248][V][LoraMesher.cpp:518] sendPackets(): [LoRaMesher] Size of Send Packets Queue: 1
15:58:40.127 > [1654256][V][LoraMesher.cpp:525] sendPackets(): [LoRaMesher] Send n. 96
15:58:40.133 > [1654263][V][LoraMesher.cpp:455] waitBeforeSend(): [LoRaMesher] RandomDelay 406 ms
15:58:40.547 > [1654677][V][LoraMesher.cpp:754] printHeaderPacket(): [LoRaMesher] Packet send -- Size: 17 Src: B3F0 Dst: D110 Id: 96 Type: 2 Via: D110 Seq_Id: 0 Num: 0
15:58:40.637 > [1654767][V][LoraMesher.cpp:575] sendPackets(): [LoRaMesher] TimeOnAir 63 ms, next message in 0 ms
15:58:40.646 > [1654775][I][PacketQueueService.h:80] deleteQueuePacketAndPacket(): [LoRaMesher] Deleting packet
15:58:40.655 > [1654784][I][PacketQueueService.h:83] deleteQueuePacketAndPacket(): [LoRaMesher] Deleting packet queue
15:59:00.154 > Send packet 83
15:59:00.155 > Sending packet to D110
15:59:00.157 > [1674271][V][LoraMesher.h:250] createPacketAndSend(): [LoRaMesher] Creating a packet for send with 8 bytes
15:59:00.166 > [1674283][V][PacketFactory.h:45] createPacket(): [LoRaMesher] Creating packet with 17 bytes
15:59:00.175 > [1674291][I][PacketFactory.h:74] createPacket(): [LoRaMesher] Packet created with 17 bytes
15:59:00.184 > [1674299][I][LoraMesher.h:659] setPackedForSend(): [LoRaMesher] Adding packet to Q_SP
15:59:00.190 > [1674307][I][LoraMesher.h:661] setPackedForSend(): [LoRaMesher] Created packet to Q_SP
15:59:00.198 > [1674315][I][LoraMesher.cpp:1061] addToSendOrderedAndNotify(): [LoRaMesher] Added packet to Q_SP, notifying sender task
15:59:00.209 > [1674325][V][LoraMesher.cpp:511] sendPackets(): [LoRaMesher] Stack space unused after entering the task: 2020
15:59:00.218 > [1674335][V][LoraMesher.cpp:512] sendPackets(): [LoRaMesher] Free heap: 336780
15:59:00.226 > [1674342][V][LoraMesher.cpp:518] sendPackets(): [LoRaMesher] Size of Send Packets Queue: 1
15:59:00.234 > [1674350][V][LoraMesher.cpp:525] sendPackets(): [LoRaMesher] Send n. 97
15:59:00.241 > [1674357][V][LoraMesher.cpp:455] waitBeforeSend(): [LoRaMesher] RandomDelay 532 ms
15:59:00.780 > [1674897][V][LoraMesher.cpp:754] printHeaderPacket(): [LoRaMesher] Packet send -- Size: 17 Src: B3F0 Dst: D110 Id: 97 Type: 2 Via: D110 Seq_Id: 0 Num: 0
15:59:00.870 > [1674987][V][LoraMesher.cpp:575] sendPackets(): [LoRaMesher] TimeOnAir 63 ms, next message in 0 ms
15:59:00.880 > [1674995][I][PacketQueueService.h:80] deleteQueuePacketAndPacket(): [LoRaMesher] Deleting packet
15:59:00.888 > [1675004][I][PacketQueueService.h:83] deleteQueuePacketAndPacket(): [LoRaMesher] Deleting packet queue
15:59:12.582 > [1686691][V][LoraMesher.cpp:378] receivingRoutine(): [LoRaMesher] Stack space unused after entering the task: 2076
15:59:12.594 > [1686702][V][LoraMesher.cpp:379] receivingRoutine(): [LoRaMesher] Free heap: 336876
15:59:12.600 > [1686709][I][PacketService.cpp:12] createEmptyPacket(): [LoRaMesher] Packet created with 24 bytes
15:59:12.609 > [1686718][I][LoraMesher.cpp:392] receivingRoutine(): [LoRaMesher] Receiving LoRa packet: Size: 24 bytes RSSI: -31 SNR: 12
15:59:12.622 > [1686729][V][LoraMesher.cpp:647] processPackets(): [LoRaMesher] Size of Received Packets Queue: 1
15:59:12.629 > [1686738][V][LoraMesher.cpp:754] printHeaderPacket(): [LoRaMesher] Packet received -- Size: 24 Src: D110 Dst: FFFF Id: 14 Type: 4 Via: 0 Seq_Id: 0 Num: 0
15:59:12.643 > [1686752][I][RoutingTableService.cpp:77] processRoute(): [LoRaMesher] Route packet from D110 with size 4
15:59:12.652 > [1686761][I][RoutingTableService.cpp:99] resetReceiveSNRRoutePacket(): [LoRaMesher] Reset Receive SNR from D110: 12
15:59:12.662 > [1686771][I][RoutingTableService.cpp:192] printRoutingTable(): [LoRaMesher] Current routing table:
15:59:12.671 > [1686780][I][RoutingTableService.cpp:206] printRoutingTable(): [LoRaMesher] 0 - D110 via D110 metric 1 Role 1
15:59:12.681 > [1686790][I][RoutingTableService.cpp:206] printRoutingTable(): [LoRaMesher] 1 - F02C via F02C metric 1 Role 0
15:59:12.691 > [1686800][I][RoutingTableService.cpp:206] printRoutingTable(): [LoRaMesher] 2 - DE6C via DE6C metric 1 Role 0
15:59:12.700 > [1686809][I][RoutingTableService.cpp:206] printRoutingTable(): [LoRaMesher] 3 - C998 via C998 metric 1 Role 0
15:59:12.710 > [1686819][I][PacketQueueService.h:80] deleteQueuePacketAndPacket(): [LoRaMesher] Deleting packet
15:59:12.719 > [1686828][I][PacketQueueService.h:83] deleteQueuePacketAndPacket(): [LoRaMesher] Deleting packet queue
15:59:12.728 > [1686837][V][LoraMesher.cpp:641] processPackets(): [LoRaMesher] Stack space unused after entering the task: 2040
15:59:12.738 > [1686847][V][LoraMesher.cpp:642] processPackets(): [LoRaMesher] Free heap: 336876
15:59:13.973 > [1688082][V][LoraMesher.cpp:378] receivingRoutine(): [LoRaMesher] Stack space unused after entering the task: 2076
15:59:13.984 > [1688092][V][LoraMesher.cpp:379] receivingRoutine(): [LoRaMesher] Free heap: 336876
15:59:13.992 > [1688100][I][PacketService.cpp:12] createEmptyPacket(): [LoRaMesher] Packet created with 24 bytes
15:59:14.001 > [1688108][I][LoraMesher.cpp:392] receivingRoutine(): [LoRaMesher] Receiving LoRa packet: Size: 24 bytes RSSI: -25 SNR: 12
15:59:14.011 > [1688120][V][LoraMesher.cpp:647] processPackets(): [LoRaMesher] Size of Received Packets Queue: 1
15:59:14.021 > [1688129][V][LoraMesher.cpp:754] printHeaderPacket(): [LoRaMesher] Packet received -- Size: 24 Src: DE6C Dst: FFFF Id: 15 Type: 4 Via: 0 Seq_Id: 0 Num: 0
15:59:14.034 > [1688142][I][RoutingTableService.cpp:77] processRoute(): [LoRaMesher] Route packet from DE6C with size 4
15:59:14.043 > [1688151][I][RoutingTableService.cpp:99] resetReceiveSNRRoutePacket(): [LoRaMesher] Reset Receive SNR from DE6C: 12
15:59:14.054 > [1688162][I][RoutingTableService.cpp:192] printRoutingTable(): [LoRaMesher] Current routing table:
15:59:14.061 > [1688170][I][RoutingTableService.cpp:206] printRoutingTable(): [LoRaMesher] 0 - D110 via D110 metric 1 Role 1
15:59:14.072 > [1688180][I][RoutingTableService.cpp:206] printRoutingTable(): [LoRaMesher] 1 - F02C via F02C metric 1 Role 0
15:59:14.082 > [1688190][I][RoutingTableService.cpp:206] printRoutingTable(): [LoRaMesher] 2 - DE6C via DE6C metric 1 Role 0
15:59:14.092 > [1688200][I][RoutingTableService.cpp:206] printRoutingTable(): [LoRaMesher] 3 - C998 via C998 metric 1 Role 0
15:59:14.101 > [1688209][I][PacketQueueService.h:80] deleteQueuePacketAndPacket(): [LoRaMesher] Deleting packet
15:59:14.110 > [1688218][I][PacketQueueService.h:83] deleteQueuePacketAndPacket(): [LoRaMesher] Deleting packet queue
15:59:14.119 > [1688227][V][LoraMesher.cpp:641] processPackets(): [LoRaMesher] Stack space unused after entering the task: 2040
15:59:14.129 > [1688237][V][LoraMesher.cpp:642] processPackets(): [LoRaMesher] Free heap: 336876
15:59:14.634 > [1688742][V][LoraMesher.cpp:378] receivingRoutine(): [LoRaMesher] Stack space unused after entering the task: 2076
15:59:14.646 > [1688753][V][LoraMesher.cpp:379] receivingRoutine(): [LoRaMesher] Free heap: 336876
15:59:14.653 > [1688760][I][PacketService.cpp:12] createEmptyPacket(): [LoRaMesher] Packet created with 24 bytes
15:59:14.661 > [1688769][I][LoraMesher.cpp:392] receivingRoutine(): [LoRaMesher] Receiving LoRa packet: Size: 24 bytes RSSI: -2 SNR: 13
15:59:14.672 > [1688780][V][LoraMesher.cpp:647] processPackets(): [LoRaMesher] Size of Received Packets Queue: 1
15:59:14.681 > [1688789][V][LoraMesher.cpp:754] printHeaderPacket(): [LoRaMesher] Packet received -- Size: 24 Src: F02C Dst: FFFF Id: 15 Type: 4 Via: 0 Seq_Id: 0 Num: 0
15:59:14.695 > [1688803][I][RoutingTableService.cpp:77] processRoute(): [LoRaMesher] Route packet from F02C with size 4
15:59:14.704 > [1688812][I][RoutingTableService.cpp:99] resetReceiveSNRRoutePacket(): [LoRaMesher] Reset Receive SNR from F02C: 13
15:59:14.714 > [1688822][I][RoutingTableService.cpp:192] printRoutingTable(): [LoRaMesher] Current routing table:
15:59:14.723 > [1688831][I][RoutingTableService.cpp:206] printRoutingTable(): [LoRaMesher] 0 - D110 via D110 metric 1 Role 1
15:59:14.733 > [1688841][I][RoutingTableService.cpp:206] printRoutingTable(): [LoRaMesher] 1 - F02C via F02C metric 1 Role 0
15:59:14.742 > [1688850][I][RoutingTableService.cpp:206] printRoutingTable(): [LoRaMesher] 2 - DE6C via DE6C metric 1 Role 0
15:59:14.752 > [1688852][V][LoraMesher.cpp:598] sendHelloPacket(): [LoRaMesher] Creating Routing Packet
15:59:14.760 > [1688868][V][LoraMesher.cpp:599] sendHelloPacket(): [LoRaMesher] Stack space unused after entering the task: 2196
15:59:14.770 > [1688878][V][LoraMesher.cpp:600] sendHelloPacket(): [LoRaMesher] Free heap: 336804
15:59:14.777 > [1688885][I][RoutingTableService.cpp:206] printRoutingTable(): [LoRaMesher] 3 - C998 via C998 metric 1 Role 0
15:59:14.787 > [1688895][W][LinkedQueue.hpp:273] setInUse(): [LoRaMesher] List in Use Alert
15:59:14.794 > [1688902][V][PacketFactory.h:45] createPacket(): [LoRaMesher] Creating packet with 24 bytes
15:59:14.802 > [1688910][I][PacketFactory.h:74] createPacket(): [LoRaMesher] Packet created with 24 bytes
15:59:14.810 > [1688918][I][LoraMesher.h:659] setPackedForSend(): [LoRaMesher] Adding packet to Q_SP
15:59:14.818 > [1688926][I][LoraMesher.h:661] setPackedForSend(): [LoRaMesher] Created packet to Q_SP
15:59:14.825 > [1688933][I][LoraMesher.cpp:1061] addToSendOrderedAndNotify(): [LoRaMesher] Added packet to Q_SP, notifying sender task
15:59:14.836 > [1688944][I][PacketQueueService.h:80] deleteQueuePacketAndPacket(): [LoRaMesher] Deleting packet
15:59:14.845 > [1688944][V][LoraMesher.cpp:511] sendPackets(): [LoRaMesher] Stack space unused after entering the task: 2020
15:59:14.854 > [1688962][I][Pa[c1k6e8t8Q9u6e2u]e[SVe]r[vLiocrea.Mhe:s8h3e]r .dceplpe:t5e1Q2u]e useePnadcPkaectkAentdsP(a)c:k e[tL(o)R:a M[eLsohRerM Fhee]heele 3ng7p4cket queue
15:59:14.868 > [1688976][V][LoraMesher.cpp:518] sendPackets(): [LoRaMesher] Size of Send Packets Queue: 1
15:59:14.876 > [1688976][V][LoraMesher.cpp:641] processPackets(): [LoRaMesher] Stack space unused after entering the task: 2040
15:59:14.886 > [[11668888999944]][[VV]][[LLoraMesher.ocrpapM:e6s4h2e]r .pcrpopc:e5s2s5P]a cskeentdsP(a)c:k e[tLso(R)a:M e[sLhoeRra]M eFsrheeer ]h Sp:d 3. 08
15:59:14.899 > [1689007][V][LoraMesher.cpp:455] waitBeforeSend(): [LoRaMesher] RandomDelay 254 ms
15:59:15.160 > [1689269][V][LoraMesher.cpp:754] printHeaderPacket(): [LoRaMesher] Packet send -- Size: 24 Src: B3F0 Dst: FFFF Id: 98 Type: 4 Via: 0 Seq_Id: 0 Num: 0
15:59:15.264 > [1689373][V][LoraMesher.cpp:575] sendPackets(): [LoRaMesher] TimeOnAir 78 ms, next message in 0 ms
15:59:15.273 > [1689382][I][PacketQueueService.h:80] deleteQueuePacketAndPacket(): [LoRaMesher] Deleting packet
15:59:15.282 > [1689390][I][PacketQueueService.h:83] deleteQueuePacketAndPacket(): [LoRaMesher] Deleting packet queue
15:59:20.259 > Send packet 84
15:59:20.261 > Sending packet to D110
15:59:20.263 > [1694365][V][LoraMesher.h:250] createPacketAndSend(): [LoRaMesher] Creating a packet for send with 8 bytes
15:59:20.272 > [1694377][V][PacketFactory.h:45] createPacket(): [LoRaMesher] Creating packet with 17 bytes
15:59:20.282 > [1694385][I][PacketFactory.h:74] createPacket(): [LoRaMesher] Packet created with 17 bytes
15:59:20.289 > [1694393][I][LoraMesher.h:659] setPackedForSend(): [LoRaMesher] Adding packet to Q_SP
15:59:20.296 > [1694401][I][LoraMesher.h:661] setPackedForSend(): [LoRaMesher] Created packet to Q_SP
15:59:20.304 > [1694409][I][LoraMesher.cpp:1061] addToSendOrderedAndNotify(): [LoRaMesher] Added packet to Q_SP, notifying sender task
15:59:20.314 > [1694419][V][LoraMesher.cpp:511] sendPackets(): [LoRaMesher] Stack space unused after entering the task: 2020
15:59:20.324 > [1694429][V][LoraMesher.cpp:512] sendPackets(): [LoRaMesher] Free heap: 336780
15:59:20.331 > [1694436][V][LoraMesher.cpp:518] sendPackets(): [LoRaMesher] Size of Send Packets Queue: 1
15:59:20.339 > [1694444][V][LoraMesher.cpp:525] sendPackets(): [LoRaMesher] Send n. 99
15:59:20.346 > [1694451][V][LoraMesher.cpp:455] waitBeforeSend(): [LoRaMesher] RandomDelay 1165 ms
15:59:21.521 > [1695624][V][LoraMesher.cpp:754] printHeaderPacket(): [LoRaMesher] Packet send -- Size: 17 Src: B3F0 Dst: D110 Id: 99 Type: 2 Via: D110 Seq_Id: 0 Num: 0
15:59:21.609 > [1695714][V][LoraMesher.cpp:575] sendPackets(): [LoRaMesher] TimeOnAir 63 ms, next message in 0 ms
15:59:21.618 > [1695722][I][PacketQueueService.h:80] deleteQueuePacketAndPacket(): [LoRaMesher] Deleting packet
15:59:21.627 > [1695731][I][PacketQueueService.h:83] deleteQueuePacketAndPacket(): [LoRaMesher] Deleting packet queue
15:59:40.362 > Send packet 85
15:59:40.364 > Sending packet to D110
15:59:40.366 > [1714459][V][LoraMesher.h:250] createPacketAndSend(): [LoRaMesher] Creating a packet for send with 8 bytes
15:59:40.376 > [1714471][V][PacketFactory.h:45] createPacket(): [LoRaMesher] Creating packet with 17 bytes
15:59:40.384 > [1714479][I][PacketFactory.h:74] createPacket(): [LoRaMesher] Packet created with 17 bytes
15:59:40.391 > [1714487][I][LoraMesher.h:659] setPackedForSend(): [LoRaMesher] Adding packet to Q_SP
15:59:40.398 > [1714495][I][LoraMesher.h:661] setPackedForSend(): [LoRaMesher] Created packet to Q_SP
15:59:40.407 > [1714503][I][LoraMesher.cpp:1061] addToSendOrderedAndNotify(): [LoRaMesher] Added packet to Q_SP, notifying sender task
15:59:40.418 > [1714513][V][LoraMesher.cpp:511] sendPackets(): [LoRaMesher] Stack space unused after entering the task: 2020
15:59:40.428 > [1714523][V][LoraMesher.cpp:512] sendPackets(): [LoRaMesher] Free heap: 336780
15:59:40.435 > [1714530][V][LoraMesher.cpp:518] sendPackets(): [LoRaMesher] Size of Send Packets Queue: 1
15:59:40.443 > [1714538][V][LoraMesher.cpp:525] sendPackets(): [LoRaMesher] Send n. 100
15:59:40.449 > [1714545][V][LoraMesher.cpp:455] waitBeforeSend(): [LoRaMesher] RandomDelay 1069 ms
15:59:41.526 > [1715622][V][LoraMesher.cpp:754] printHeaderPacket(): [LoRaMesher] Packet send -- Size: 17 Src: B3F0 Dst: D110 Id: 100 Type: 2 Via: D110 Seq_Id: 0 Num: 0
15:59:41.616 > [1715712][V][LoraMesher.cpp:575] sendPackets(): [LoRaMesher] TimeOnAir 63 ms, next message in 0 ms
15:59:41.625 > [1715721][I][PacketQueueService.h:80] deleteQueuePacketAndPacket(): [LoRaMesher] Deleting packet
15:59:41.634 > [1715729][I][PacketQueueService.h:83] deleteQueuePacketAndPacket(): [LoRaMesher] Deleting packet queue
16:00:00.464 > Send packet 86
16:00:00.466 > Sending packet to D110
16:00:00.468 > [1734553][V][LoraMesher.h:250] createPacketAndSend(): [LoRaMesher] Creating a packet for send with 8 bytes
16:00:00.477 > [1734565][V][PacketFactory.h:45] createPacket(): [LoRaMesher] Creating packet with 17 bytes
16:00:00.485 > [1734573][I][PacketFactory.h:74] createPacket(): [LoRaMesher] Packet created with 17 bytes
16:00:00.493 > [1734581][I][LoraMesher.h:659] setPackedForSend(): [LoRaMesher] Adding packet to Q_SP
16:00:00.501 > [1734589][I][LoraMesher.h:661] setPackedForSend(): [LoRaMesher] Created packet to Q_SP
16:00:00.509 > [1734597][I][LoraMesher.cpp:1061] addToSendOrderedAndNotify(): [LoRaMesher] Added packet to Q_SP, notifying sender task
16:00:00.519 > [1734607][V][LoraMesher.cpp:511] sendPackets(): [LoRaMesher] Stack space unused after entering the task: 2020
16:00:00.529 > [1734617][V][LoraMesher.cpp:512] sendPackets(): [LoRaMesher] Free heap: 336780
16:00:00.536 > [1734624][V][LoraMesher.cpp:518] sendPackets(): [LoRaMesher] Size of Send Packets Queue: 1
16:00:00.544 > [1734632][V][LoraMesher.cpp:525] sendPackets(): [LoRaMesher] Send n. 101
16:00:00.551 > [1734639][V][LoraMesher.cpp:455] waitBeforeSend(): [LoRaMesher] RandomDelay 746 ms
16:00:01.186 > [1735274][V][LoraMesher.cpp:378] receivingRoutine(): [LoRaMesher] Stack space unused after entering the task: 2076
16:00:01.197 > [1735285][V][LoraMesher.cpp:379] receivingRoutine(): [LoRaMesher] Free heap: 336808
16:00:01.204 > [1735292][I][PacketService.cpp:12] createEmptyPacket(): [LoRaMesher] Packet created with 24 bytes
16:00:01.214 > [1735301][I][LoraMesher.cpp:392] receivingRoutine(): [LoRaMesher] Receiving LoRa packet: Size: 24 bytes RSSI: -81 SNR: 0
16:00:01.225 > [1735312][V][LoraMesher.cpp:647] processPackets(): [LoRaMesher] Size of Received Packets Queue: 1
16:00:01.233 > [1735321][V][LoraMesher.cpp:754] printHeaderPacket(): [LoRaMesher] Packet received -- Size: 24 Src: C998 Dst: FFFF Id: 10 Type: 4 Via: 0 Seq_Id: 0 Num: 0
16:00:01.247 > [1735335][I][RoutingTableService.cpp:77] processRoute(): [LoRaMesher] Route packet from C998 with size 4
16:00:01.256 > [1735344][I][RoutingTableService.cpp:99] resetReceiveSNRRoutePacket(): [LoRaMesher] Reset Receive SNR from C998: 0
16:00:01.266 > [1735354][I][RoutingTableService.cpp:192] printRoutingTable(): [LoRaMesher] Current routing table:
16:00:01.275 > [1735363][I][RoutingTableService.cpp:206] printRoutingTable(): [LoRaMesher] 0 - D110 via D110 metric 1 Role 1
16:00:01.285 > [1735373][I][RoutingTableService.cpp:206] printRoutingTable(): [LoRaMesher] 1 - F02C via F02C metric 1 Role 0
16:00:01.296 > [1735383][I][RoutingTableService.cpp:206] printRoutingTable(): [LoRaMesher] 2 - DE6C via DE6C metric 1 Role 0
16:00:01.304 > [1735392][I][RoutingTableService.cpp:206] printRoutingTable(): [LoRaMesher] 3 - C998 via C998 metric 1 Role 0
16:00:01.314 > [1735398][V][LoraMesher.cpp:462] waitBeforeSend(): [LoRaMesher] Preamble detected while waiting 1
16:00:01.323 > [1735411][I][Pa[c1k7e3t5Q4u1e1u]e[SVe]r[vLiocrea.Mhe:s8h0e]r .dceplpe:t4e5Q5u]e uweaPiatcBkeeftoArnedSPeancdk(e)t:( )[:L o[RLaoMReshesh R] delDtiny pac mt
16:00:01.336 > [1735424][I][PacketQueueService.h:83] deleteQueuePacketAndPacket(): [LoRaMesher] Deleting packet queue
16:00:01.345 > [1735433][V][LoraMesher.cpp:641] processPackets(): [LoRaMesher] Stack space unused after entering the task: 2040
16:00:01.355 > [1735443][V][LoraMesher.cpp:642] processPackets(): [LoRaMesher] Free heap: 336808
16:00:02.110 > [1736198][V][LoraMesher.cpp:754] printHeaderPacket(): [LoRaMesher] Packet send -- Size: 17 Src: B3F0 Dst: D110 Id: 101 Type: 2 Via: D110 Seq_Id: 0 Num: 0
16:00:02.200 > [1736288][V][LoraMesher.cpp:575] sendPackets(): [LoRaMesher] TimeOnAir 63 ms, next message in 0 ms
16:00:02.209 > [1736296][I][PacketQueueService.h:80] deleteQueuePacketAndPacket(): [LoRaMesher] Deleting packet
16:00:02.218 > [1736305][I][PacketQueueService.h:83] deleteQueuePacketAndPacket(): [LoRaMesher] Deleting packet queue
