15:31:32.166 > [ 29120][V][LoraMesher.cpp:378] receivingRoutine(): [LoRaMesher] Stack space unused after entering the task: 2184
15:31:32.176 > [ 29130][V][LoraMesher.cpp:379] receivingRoutine(): [LoRaMesher] Free heap: 336336
15:31:32.184 > [ 29137][I][PacketService.cpp:12] createEmptyPacket(): [LoRaMesher] Packet created with 17 bytes
15:31:32.193 > [ 29146][I][LoraMesher.cpp:392] receivingRoutine(): [LoRaMesher] Receiving LoRa packet: Size: 17 bytes RSSI: -24 SNR: 13
15:31:32.204 > [ 29157][V][LoraMesher.cpp:647] processPackets(): [LoRaMesher] Size of Received Packets Queue: 1
15:31:32.213 > [ 29166][V][LoraMesher.cpp:754] printHeaderPacket(): [LoRaMesher] Packet received -- Size: 17 Src: B3F0 Dst: FFFF Id: 2 Type: 2 Via: F000 Seq_Id: 0 Num: 0
15:31:32.226 > [ 29180][I][LoraMesher.cpp:854] processDataPacket(): [LoRaMesher] Data packet from B3F0, destination FFFF, via F000
15:31:32.236 > [ 29190][V][LoraMesher.cpp:865] processDataPacket(): [LoRaMesher] Data packet from B3F0 BROADCAST
15:31:32.245 > [ 29199][V][LoraMesher.cpp:893] processDataPacketForMe(): [LoRaMesher] Data Packet received
15:31:32.253 > [ 29207][I][PacketQueueService.h:80] deleteQueuePacketAndPacket(): [LoRaMesher] Deleting packet
15:31:32.262 > [ 29215][I][PacketQueueService.h:83] deleteQueuePacketAndPacket(): [LoRaMesher] Deleting packet queue
15:31:32.271 > [ 29224][V][LoraMesher.cpp:641] processPackets(): [LoRaMesher] Stack space unused after entering the task: 2072
15:31:32.281 > [ 29234][V][LoraMesher.cpp:642] processPackets(): [LoRaMesher] Free heap: 336276
15:31:32.452 > ReceivedUserData_TaskHandle notify received
15:31:32.456 > Queue receiveUserData size: 1
15:31:32.459 > Packet arrived from B3F0 with size 8
15:31:32.462 > DATA:1 b3f0
15:31:52.360 > [ 49320][V][LoraMesher.cpp:378] receivingRoutine(): [LoRaMesher] Stack space unused after entering the task: 2184
15:31:52.371 > [ 49330][V][LoraMesher.cpp:379] receivingRoutine(): [LoRaMesher] Free heap: 336336
15:31:52.378 > [ 49338][I][PacketService.cpp:12] createEmptyPacket(): [LoRaMesher] Packet created with 17 bytes
15:31:52.387 > [ 49347][I][LoraMesher.cpp:392] receivingRoutine(): [LoRaMesher] Receiving LoRa packet: Size: 17 bytes RSSI: -24 SNR: 12
15:31:52.398 > [ 49358][V][LoraMesher.cpp:647] processPackets(): [LoRaMesher] Size of Received Packets Queue: 1
15:31:52.407 > [ 49366][V][LoraMesher.cpp:754] printHeaderPacket(): [LoRaMesher] Packet received -- Size: 17 Src: B3F0 Dst: FFFF Id: 3 Type: 2 Via: F000 Seq_Id: 0 Num: 0
15:31:52.421 > [ 49380][I][LoraMesher.cpp:854] processDataPacket(): [LoRaMesher] Data packet from B3F0, destination FFFF, via F000
15:31:52.431 > [ 49390][V][LoraMesher.cpp:865] processDataPacket(): [LoRaMesher] Data packet from B3F0 BROADCAST
15:31:52.440 > [ 49399][V][LoraMesher.cpp:893] processDataPacketForMe(): [LoRaMesher] Data Packet received
15:31:52.448 > [ 49407][I][PacketQueueService.h:80] deleteQueuePacketAndPacket(): [LoRaMesher] Deleting packet
15:31:52.456 > [ 49416][I][PacketQueueService.h:83] deleteQueuePacketAndPacket(): [LoRaMesher] Deleting packet queue
15:31:52.465 > [ 49425][V][LoraMesher.cpp:641] processPackets(): [LoRaMesher] Stack space unused after entering the task: 2072
15:31:52.475 > [ 49435][V][LoraMesher.cpp:642] processPackets(): [LoRaMesher] Free heap: 336276
15:31:52.647 > ReceivedUserData_TaskHandle notify received
15:31:52.652 > Queue receiveUserData size: 1
15:31:52.654 > Packet arrived from B3F0 with size 8
15:31:52.657 > DATA:2 b3f0
15:32:12.574 > [ 69520][V][LoraMesher.cpp:378] receivingRoutine(): [LoRaMesher] Stack space unused after entering the task: 2184
15:32:12.584 > [ 69531][V][LoraMesher.cpp:379] receivingRoutine(): [LoRaMesher] Free heap: 336336
15:32:12.592 > [ 69538][I][PacketService.cpp:12] createEmptyPacket(): [LoRaMesher] Packet created with 17 bytes
15:32:12.601 > [ 69547][I][LoraMesher.cpp:392] receivingRoutine(): [LoRaMesher] Receiving LoRa packet: Size: 17 bytes RSSI: -25 SNR: 13
15:32:12.612 > [ 69558][V][LoraMesher.cpp:647] processPackets(): [LoRaMesher] Size of Received Packets Queue: 1
15:32:12.621 > [ 69567][V][LoraMesher.cpp:754] printHeaderPacket(): [LoRaMesher] Packet received -- Size: 17 Src: B3F0 Dst: FFFF Id: 4 Type: 2 Via: F000 Seq_Id: 0 Num: 0
15:32:12.634 > [ 69580][I][LoraMesher.cpp:854] processDataPacket(): [LoRaMesher] Data packet from B3F0, destination FFFF, via F000
15:32:12.644 > [ 69591][V][LoraMesher.cpp:865] processDataPacket(): [LoRaMesher] Data packet from B3F0 BROADCAST
15:32:12.653 > [ 69599][V][LoraMesher.cpp:893] processDataPacketForMe(): [LoRaMesher] Data Packet received
15:32:12.661 > [ 69607][I][PacketQueueService.h:80] deleteQueuePacketAndPacket(): [LoRaMesher] Deleting packet
15:32:12.670 > [ 69616][I][PacketQueueService.h:83] deleteQueuePacketAndPacket(): [LoRaMesher] Deleting packet queue
15:32:12.679 > [ 69625][V][LoraMesher.cpp:641] processPackets(): [LoRaMesher] Stack space unused after entering the task: 2072
15:32:12.689 > [ 69635][V][LoraMesher.cpp:642] processPackets(): [LoRaMesher] Free heap: 336276
15:32:12.860 > ReceivedUserData_TaskHandle notify received
15:32:12.865 > Queue receiveUserData size: 1
15:32:12.867 > Packet arrived from B3F0 with size 8
15:32:12.870 > DATA:3 b3f0
15:32:32.781 > [ 89721][V][LoraMesher.cpp:378] receivingRoutine(): [LoRaMesher] Stack space unused after entering the task: 2184
15:32:32.791 > [ 89731][V][LoraMesher.cpp:379] receivingRoutine(): [LoRaMesher] Free heap: 336336
15:32:32.799 > [ 89739][I][PacketService.cpp:12] createEmptyPacket(): [LoRaMesher] Packet created with 17 bytes
15:32:32.807 > [ 89747][I][LoraMesher.cpp:392] receivingRoutine(): [LoRaMesher] Receiving LoRa packet: Size: 17 bytes RSSI: -25 SNR: 13
15:32:32.819 > [ 89759][V][LoraMesher.cpp:647] processPackets(): [LoRaMesher] Size of Received Packets Queue: 1
15:32:32.827 > [ 89767][V][LoraMesher.cpp:754] printHeaderPacket(): [LoRaMesher] Packet received -- Size: 17 Src: B3F0 Dst: FFFF Id: 5 Type: 2 Via: F000 Seq_Id: 0 Num: 0
15:32:32.841 > [ 89781][I][LoraMesher.cpp:854] processDataPacket(): [LoRaMesher] Data packet from B3F0, destination FFFF, via F000
15:32:32.851 > [ 89791][V][LoraMesher.cpp:865] processDataPacket(): [LoRaMesher] Data packet from B3F0 BROADCAST
15:32:32.860 > [ 89800][V][LoraMesher.cpp:893] processDataPacketForMe(): [LoRaMesher] Data Packet received
15:32:32.868 > [ 89808][I][PacketQueueService.h:80] deleteQueuePacketAndPacket(): [LoRaMesher] Deleting packet
15:32:32.876 > [ 89816][I][PacketQueueService.h:83] deleteQueuePacketAndPacket(): [LoRaMesher] Deleting packet queue
15:32:32.885 > [ 89825][V][LoraMesher.cpp:641] processPackets(): [LoRaMesher] Stack space unused after entering the task: 2072
15:32:32.895 > [ 89835][V][LoraMesher.cpp:642] processPackets(): [LoRaMesher] Free heap: 336276
15:32:33.067 > ReceivedUserData_TaskHandle notify received
15:32:33.071 > Queue receiveUserData size: 1
15:32:33.073 > Packet arrived from B3F0 with size 8
15:32:33.077 > DATA:4 b3f0
15:32:52.985 > [109921][V][LoraMesher.cpp:378] receivingRoutine(): [LoRaMesher] Stack space unused after entering the task: 2184
15:32:52.996 > [109932][V][LoraMesher.cpp:379] receivingRoutine(): [LoRaMesher] Free heap: 336336
15:32:53.003 > [109939][I][PacketService.cpp:12] createEmptyPacket(): [LoRaMesher] Packet created with 17 bytes
15:32:53.012 > [109948][I][LoraMesher.cpp:392] receivingRoutine(): [LoRaMesher] Receiving LoRa packet: Size: 17 bytes RSSI: -27 SNR: 13
15:32:53.023 > [109959][V][LoraMesher.cpp:647] processPackets(): [LoRaMesher] Size of Received Packets Queue: 1
15:32:53.032 > [109968][V][LoraMesher.cpp:754] printHeaderPacket(): [LoRaMesher] Packet received -- Size: 17 Src: B3F0 Dst: FFFF Id: 6 Type: 2 Via: F000 Seq_Id: 0 Num: 0
15:32:53.045 > [109981][I][LoraMesher.cpp:854] processDataPacket(): [LoRaMesher] Data packet from B3F0, destination FFFF, via F000
15:32:53.056 > [109992][V][LoraMesher.cpp:865] processDataPacket(): [LoRaMesher] Data packet from B3F0 BROADCAST
15:32:53.064 > [110000][V][LoraMesher.cpp:893] processDataPacketForMe(): [LoRaMesher] Data Packet received
15:32:53.072 > [110008][I][PacketQueueService.h:80] deleteQueuePacketAndPacket(): [LoRaMesher] Deleting packet
15:32:53.081 > [110017][I][PacketQueueService.h:83] deleteQueuePacketAndPacket(): [LoRaMesher] Deleting packet queue
15:32:53.090 > [110026][V][LoraMesher.cpp:641] processPackets(): [LoRaMesher] Stack space unused after entering the task: 2072
15:32:53.100 > [110036][V][LoraMesher.cpp:642] processPackets(): [LoRaMesher] Free heap: 336276
15:32:53.271 > ReceivedUserData_TaskHandle notify received
15:32:53.276 > Queue receiveUserData size: 1
15:32:53.279 > Packet arrived from B3F0 with size 8
15:32:53.282 > DATA:5 b3f0
15:33:11.000 > [127953][V][LoraMesher.cpp:598] sendHelloPacket(): [LoRaMesher] Creating Routing Packet
15:33:11.008 > [127961][V][LoraMesher.cpp:599] sendHelloPacket(): [LoRaMesher] Stack space unused after entering the task: 2328
15:33:11.018 > [127971][V][LoraMesher.cpp:600] sendHelloPacket(): [LoRaMesher] Free heap: 336336
15:33:11.025 > [127978][V][PacketFactory.h:45] createPacket(): [LoRaMesher] Creating packet with 12 bytes
15:33:11.033 > [127986][I][PacketFactory.h:74] createPacket(): [LoRaMesher] Packet created with 12 bytes
15:33:11.041 > [127994][I][LoraMesher.h:659] setPackedForSend(): [LoRaMesher] Adding packet to Q_SP
15:33:11.049 > [128002][I][LoraMesher.h:661] setPackedForSend(): [LoRaMesher] Created packet to Q_SP
15:33:11.057 > [128009][I][LoraMesher.cpp:1061] addToSendOrderedAndNotify(): [LoRaMesher] Added packet to Q_SP, notifying sender task
15:33:11.067 > [128020][V][LoraMesher.cpp:511] sendPackets(): [LoRaMesher] Stack space unused after entering the task: 2260
15:33:11.077 > [128030][V][LoraMesher.cpp:512] sendPackets(): [LoRaMesher] Free heap: 336248
15:33:11.084 > [128037][V][LoraMesher.cpp:518] sendPackets(): [LoRaMesher] Size of Send Packets Queue: 1
15:33:11.092 > [128044][V][LoraMesher.cpp:525] sendPackets(): [LoRaMesher] Send n. 1
15:33:11.098 > [128051][V][LoraMesher.cpp:455] waitBeforeSend(): [LoRaMesher] RandomDelay 794 ms
15:33:11.601 > [128554][V][LoraMesher.cpp:378] receivingRoutine(): [LoRaMesher] Stack space unused after entering the task: 2152
15:33:11.612 > [128564][V][LoraMesher.cpp:379] receivingRoutine(): [LoRaMesher] Free heap: 336276
15:33:11.619 > [128572][I][PacketService.cpp:12] createEmptyPacket(): [LoRaMesher] Packet created with 12 bytes
15:33:11.628 > [128581][I][LoraMesher.cpp:392] receivingRoutine(): [LoRaMesher] Receiving LoRa packet: Size: 12 bytes RSSI: -19 SNR: 12
15:33:11.639 > [128592][V][LoraMesher.cpp:647] processPackets(): [LoRaMesher] Size of Received Packets Queue: 1
15:33:11.649 > [128600][V][LoraMesher.cpp:754] printHeaderPacket(): [LoRaMesher] Packet received -- Size: 12 Src: D110 Dst: FFFF Id: 1 Type: 4 Via: 0 Seq_Id: 0 Num: 0
15:33:11.661 > [128614][I][RoutingTableService.cpp:77] processRoute(): [LoRaMesher] Route packet from D110 with size 1
15:33:11.670 > [128623][I][RoutingTableService.cpp:156] addNodeToRoutingTable(): [LoRaMesher] New route added: D110 via D110 metric 1, role 1
15:33:11.682 > [128634][I][RoutingTableService.cpp:99] resetReceiveSNRRoutePacket(): [LoRaMesher] Reset Receive SNR from D110: 12
15:33:11.692 > [128645][I][RoutingTableService.cpp:192] printRoutingTable(): [LoRaMesher] Current routing table:
15:33:11.700 > [128653][I][RoutingTableService.cpp:206] printRoutingTable(): [LoRaMesher] 0 - B3F0 via B3F0 metric 1 Role 0
15:33:11.710 > [128663][I][RoutingTableService.cpp:206] printRoutingTable(): [LoRaMesher] 1 - D110 via D110 metric 1 Role 1
15:33:11.720 > [128672][I][PacketQueueService.h:80] deleteQueuePacketAndPacket(): [LoRaMesher] Deleting packet
15:33:11.728 > [128681][I][PacketQueueService.h:83] deleteQueuePacketAndPacket(): [LoRaMesher] Deleting packet queue
15:33:11.737 > [128690][V][LoraMesher.cpp:641] processPackets(): [LoRaMesher] Stack space unused after entering the task: 2072
15:33:11.747 > [128700][V][LoraMesher.cpp:642] processPackets(): [LoRaMesher] Free heap: 336212
15:33:11.754 > [128704][V][LoraMesher.cpp:378] receivingRoutine(): [LoRaMesher] Stack space unused after entering the task: 2152
15:33:11.764 > [128717][V][LoraMesher.cpp:379] receivingRoutine(): [LoRaMesher] Free heap: 336212
15:33:11.772 > [128725][I][PacketService.cpp:12] createEmptyPacket(): [LoRaMesher] Packet created with 12 bytes
15:33:11.781 > [128733][I][LoraMesher.cpp:392] receivingRoutine(): [LoRaMesher] Receiving LoRa packet: Size: 12 bytes RSSI: -5 SNR: 12
15:33:11.792 > [128744][V][LoraMesher.cpp:647] processPackets(): [LoRaMesher] Size of Received Packets Queue: 1
15:33:11.800 > [128753][V][LoraMesher.cpp:754] printHeaderPacket(): [LoRaMesher] Packet received -- Size: 12 Src: F02C Dst: FFFF Id: 1 Type: 4 Via: 0 Seq_Id: 0 Num: 0
15:33:11.814 > [128766][I][RoutingTableService.cpp:77] processRoute(): [LoRaMesher] Route packet from F02C with size 1
15:33:11.823 > [128776][I][RoutingTableService.cpp:156] addNodeToRoutingTable(): [LoRaMesher] New route added: F02C via F02C metric 1, role 0
15:33:11.834 > [128787][I][RoutingTableService.cpp:99] resetReceiveSNRRoutePacket(): [LoRaMesher] Reset Receive SNR from F02C: 12
15:33:11.843 > [128797][I][RoutingTableService.cpp:192] printRoutingTable(): [LoRaMesher] Current routing table:
15:33:11.853 > [128806][I][RoutingTableService.cpp:206] printRoutingTable(): [LoRaMesher] 0 - B3F0 via B3F0 metric 1 Role 0
15:33:11.862 > [128815][I][RoutingTableService.cpp:206] printRoutingTable(): [LoRaMesher] 1 - D110 via D110 metric 1 Role 1
15:33:11.872 > [128825][I][RoutingTableService.cpp:206] printRoutingTable(): [LoRaMesher] 2 - F02C via F02C metric 1 Role 0
15:33:11.882 > [128835][I][PacketQueueService.h:80] deleteQueuePacketAndPacket(): [LoRaMesher] Deleting packet
15:33:11.889 > [128843][I][PacketQueueService.h:83] deleteQueuePacketAndPacket(): [LoRaMesher] Deleting packet queue
15:33:11.904 > [128858][V][LoraMesher.cpp:462] waitBeforeSend(): [LoRaMesher] Preamble detected while waiting 1
15:33:11.914 > [128866][V][LoraMesher.cpp:455] waitBeforeSend(): [LoRaMesher] RandomDelay 815 ms
15:33:11.921 > [128874][V][LoraMesher.cpp:641] processPackets(): [LoRaMesher] Stack space unused after entering the task: 2056
15:33:11.930 > [128884][V][LoraMesher.cpp:642] processPackets(): [LoRaMesher] Free heap: 336148
15:33:12.734 > [129688][V][LoraMesher.cpp:754] printHeaderPacket(): [LoRaMesher] Packet send -- Size: 12 Src: DE6C Dst: FFFF Id: 1 Type: 4 Via: 0 Seq_Id: 0 Num: 0
15:33:12.809 > [129763][V][LoraMesher.cpp:575] sendPackets(): [LoRaMesher] TimeOnAir 49 ms, next message in 0 ms
15:33:12.818 > [129772][I][PacketQueueService.h:80] deleteQueuePacketAndPacket(): [LoRaMesher] Deleting packet
15:33:12.827 > [129780][I][PacketQueueService.h:83] deleteQueuePacketAndPacket(): [LoRaMesher] Deleting packet queue
15:33:14.139 > [131094][V][LoraMesher.cpp:378] receivingRoutine(): [LoRaMesher] Stack space unused after entering the task: 2152
15:33:14.149 > [131104][V][LoraMesher.cpp:379] receivingRoutine(): [LoRaMesher] Free heap: 336208
15:33:14.157 > [131111][I][PacketService.cpp:12] createEmptyPacket(): [LoRaMesher] Packet created with 17 bytes
15:33:14.165 > [131120][I][LoraMesher.cpp:392] receivingRoutine(): [LoRaMesher] Receiving LoRa packet: Size: 17 bytes RSSI: -22 SNR: 13
15:33:14.177 > [131131][V][LoraMesher.cpp:647] processPackets(): [LoRaMesher] Size of Received Packets Queue: 1
15:33:14.185 > [131140][V][LoraMesher.cpp:754] printHeaderPacket(): [LoRaMesher] Packet received -- Size: 17 Src: B3F0 Dst: D110 Id: 7 Type: 2 Via: D110 Seq_Id: 0 Num: 0
15:33:14.199 > [131154][I][LoraMesher.cpp:854] processDataPacket(): [LoRaMesher] Data packet from B3F0, destination D110, via D110
15:33:14.209 > [131164][V][LoraMesher.cpp:878] processDataPacket(): [LoRaMesher] Packet not for me, deleting it
15:33:14.218 > [131172][I][PacketQueueService.h:80] deleteQueuePacketAndPacket(): [LoRaMesher] Deleting packet
15:33:14.226 > [131181][I][PacketQueueService.h:83] deleteQueuePacketAndPacket(): [LoRaMesher] Deleting packet queue
15:33:14.235 > [131190][V][LoraMesher.cpp:641] processPackets(): [LoRaMesher] Stack space unused after entering the task: 2056
15:33:14.245 > [131200][V][LoraMesher.cpp:642] processPackets(): [LoRaMesher] Free heap: 336208
15:33:15.178 > [132133][V][LoraMesher.cpp:378] receivingRoutine(): [LoRaMesher] Stack space unused after entering the task: 2152
15:33:15.188 > [132144][V][LoraMesher.cpp:379] receivingRoutine(): [LoRaMesher] Free heap: 336208
15:33:15.195 > [132151][I][PacketService.cpp:12] createEmptyPacket(): [LoRaMesher] Packet created with 20 bytes
15:33:15.204 > [132160][I][LoraMesher.cpp:392] receivingRoutine(): [LoRaMesher] Receiving LoRa packet: Size: 20 bytes RSSI: -24 SNR: 12
15:33:15.215 > [132171][V][LoraMesher.cpp:647] processPackets(): [LoRaMesher] Size of Received Packets Queue: 1
15:33:15.224 > [132180][V][LoraMesher.cpp:754] printHeaderPacket(): [LoRaMesher] Packet received -- Size: 20 Src: B3F0 Dst: FFFF Id: 8 Type: 4 Via: 0 Seq_Id: 0 Num: 0
15:33:15.237 > [132193][I][RoutingTableService.cpp:77] processRoute(): [LoRaMesher] Route packet from B3F0 with size 3
15:33:15.247 > [132202][I][RoutingTableService.cpp:99] resetReceiveSNRRoutePacket(): [LoRaMesher] Reset Receive SNR from B3F0: 12
15:33:15.257 > [132213][I][RoutingTableService.cpp:192] printRoutingTable(): [LoRaMesher] Current routing table:
15:33:15.265 > [132221][I][RoutingTableService.cpp:206] printRoutingTable(): [LoRaMesher] 0 - B3F0 via B3F0 metric 1 Role 0
15:33:15.275 > [132231][I][RoutingTableService.cpp:206] printRoutingTable(): [LoRaMesher] 1 - D110 via D110 metric 1 Role 1
15:33:15.285 > [132240][I][RoutingTableService.cpp:206] printRoutingTable(): [LoRaMesher] 2 - F02C via F02C metric 1 Role 0
15:33:15.294 > [132250][I][PacketQueueService.h:80] deleteQueuePacketAndPacket(): [LoRaMesher] Deleting packet
15:33:15.303 > [132259][I][PacketQueueService.h:83] deleteQueuePacketAndPacket(): [LoRaMesher] Deleting packet queue
15:33:15.312 > [132268][V][LoraMesher.cpp:641] processPackets(): [LoRaMesher] Stack space unused after entering the task: 2056
15:33:15.322 > [132278][V][LoraMesher.cpp:642] processPackets(): [LoRaMesher] Free heap: 336208
15:33:33.645 > [150611][V][LoraMesher.cpp:378] receivingRoutine(): [LoRaMesher] Stack space unused after entering the task: 2152
15:33:33.656 > [150621][V][LoraMesher.cpp:379] receivingRoutine(): [LoRaMesher] Free heap: 336208
15:33:33.663 > [150629][I][PacketService.cpp:12] createEmptyPacket(): [LoRaMesher] Packet created with 17 bytes
15:33:33.672 > [150638][I][LoraMesher.cpp:392] receivingRoutine(): [LoRaMesher] Receiving LoRa packet: Size: 17 bytes RSSI: -21 SNR: 13
15:33:33.683 > [150649][V][LoraMesher.cpp:647] processPackets(): [LoRaMesher] Size of Received Packets Queue: 1
15:33:33.692 > [150657][V][LoraMesher.cpp:754] printHeaderPacket(): [LoRaMesher] Packet received -- Size: 17 Src: B3F0 Dst: D110 Id: 9 Type: 2 Via: D110 Seq_Id: 0 Num: 0
15:33:33.705 > [150671][I][LoraMesher.cpp:854] processDataPacket(): [LoRaMesher] Data packet from B3F0, destination D110, via D110
15:33:33.716 > [150681][V][LoraMesher.cpp:878] processDataPacket(): [LoRaMesher] Packet not for me, deleting it
15:33:33.724 > [150690][I][PacketQueueService.h:80] deleteQueuePacketAndPacket(): [LoRaMesher] Deleting packet
15:33:33.733 > [150698][I][PacketQueueService.h:83] deleteQueuePacketAndPacket(): [LoRaMesher] Deleting packet queue
15:33:33.742 > [150707][V][LoraMesher.cpp:641] processPackets(): [LoRaMesher] Stack space unused after entering the task: 2056
15:33:33.753 > [150717][V][LoraMesher.cpp:642] processPackets(): [LoRaMesher] Free heap: 336208
15:33:53.605 > [170576][V][LoraMesher.cpp:378] receivingRoutine(): [LoRaMesher] Stack space unused after entering the task: 2152
15:33:53.614 > [170586][V][LoraMesher.cpp:379] receivingRoutine(): [LoRaMesher] Free heap: 336208
15:33:53.622 > [170593][I][PacketService.cpp:12] createEmptyPacket(): [LoRaMesher] Packet created with 17 bytes
15:33:53.631 > [170602][I][LoraMesher.cpp:392] receivingRoutine(): [LoRaMesher] Receiving LoRa packet: Size: 17 bytes RSSI: -24 SNR: 12
15:33:53.642 > [170613][V][LoraMesher.cpp:647] processPackets(): [LoRaMesher] Size of Received Packets Queue: 1
15:33:53.650 > [170622][V][LoraMesher.cpp:754] printHeaderPacket(): [LoRaMesher] Packet received -- Size: 17 Src: B3F0 Dst: D110 Id: 10 Type: 2 Via: D110 Seq_Id: 0 Num: 0
15:33:53.664 > [170636][I][LoraMesher.cpp:854] processDataPacket(): [LoRaMesher] Data packet from B3F0, destination D110, via D110
15:33:53.674 > [170646][V][LoraMesher.cpp:878] processDataPacket(): [LoRaMesher] Packet not for me, deleting it
15:33:53.683 > [170654][I][PacketQueueService.h:80] deleteQueuePacketAndPacket(): [LoRaMesher] Deleting packet
15:33:53.691 > [170663][I][PacketQueueService.h:83] deleteQueuePacketAndPacket(): [LoRaMesher] Deleting packet queue
15:33:53.701 > [170672][V][LoraMesher.cpp:641] processPackets(): [LoRaMesher] Stack space unused after entering the task: 2056
15:33:53.710 > [170682][V][LoraMesher.cpp:642] processPackets(): [LoRaMesher] Free heap: 336208
15:34:14.304 > [191278][V][LoraMesher.cpp:378] receivingRoutine(): [LoRaMesher] Stack space unused after entering the task: 2152
15:34:14.314 > [191288][V][LoraMesher.cpp:379] receivingRoutine(): [LoRaMesher] Free heap: 336208
15:34:14.321 > [191296][I][PacketService.cpp:12] createEmptyPacket(): [LoRaMesher] Packet created with 17 bytes
15:34:14.330 > [191305][I][LoraMesher.cpp:392] receivingRoutine(): [LoRaMesher] Receiving LoRa packet: Size: 17 bytes RSSI: -23 SNR: 12
15:34:14.341 > [191316][V][LoraMesher.cpp:647] processPackets(): [LoRaMesher] Size of Received Packets Queue: 1
15:34:14.350 > [191324][V][LoraMesher.cpp:754] printHeaderPacket(): [LoRaMesher] Packet received -- Size: 17 Src: B3F0 Dst: D110 Id: 11 Type: 2 Via: D110 Seq_Id: 0 Num: 0
15:34:14.364 > [191338][I][LoraMesher.cpp:854] processDataPacket(): [LoRaMesher] Data packet from B3F0, destination D110, via D110
15:34:14.374 > [191348][V][LoraMesher.cpp:878] processDataPacket(): [LoRaMesher] Packet not for me, deleting it
15:34:14.383 > [191357][I][PacketQueueService.h:80] deleteQueuePacketAndPacket(): [LoRaMesher] Deleting packet
15:34:14.391 > [191365][I][PacketQueueService.h:83] deleteQueuePacketAndPacket(): [LoRaMesher] Deleting packet queue
15:34:14.400 > [191374][V][LoraMesher.cpp:641] processPackets(): [LoRaMesher] Stack space unused after entering the task: 2056
15:34:14.410 > [191384][V][LoraMesher.cpp:642] processPackets(): [LoRaMesher] Free heap: 336208
15:34:34.033 > [211009][V][LoraMesher.cpp:378] receivingRoutine(): [LoRaMesher] Stack space unused after entering the task: 2152
15:34:34.043 > [211019][V][LoraMesher.cpp:379] receivingRoutine(): [LoRaMesher] Free heap: 336208
15:34:34.050 > [211026][I][PacketService.cpp:12] createEmptyPacket(): [LoRaMesher] Packet created with 17 bytes
15:34:34.060 > [211035][I][LoraMesher.cpp:392] receivingRoutine(): [LoRaMesher] Receiving LoRa packet: Size: 17 bytes RSSI: -23 SNR: 13
15:34:34.070 > [211046][V][LoraMesher.cpp:647] processPackets(): [LoRaMesher] Size of Received Packets Queue: 1
15:34:34.080 > [211055][V][LoraMesher.cpp:754] printHeaderPacket(): [LoRaMesher] Packet received -- Size: 17 Src: B3F0 Dst: D110 Id: 12 Type: 2 Via: D110 Seq_Id: 0 Num: 0
15:34:34.093 > [211069][I][LoraMesher.cpp:854] processDataPacket(): [LoRaMesher] Data packet from B3F0, destination D110, via D110
15:34:34.103 > [211079][V][LoraMesher.cpp:878] processDataPacket(): [LoRaMesher] Packet not for me, deleting it
15:34:34.112 > [211087][I][PacketQueueService.h:80] deleteQueuePacketAndPacket(): [LoRaMesher] Deleting packet
15:34:34.120 > [211096][I][PacketQueueService.h:83] deleteQueuePacketAndPacket(): [LoRaMesher] Deleting packet queue
15:34:34.129 > [211105][V][LoraMesher.cpp:641] processPackets(): [LoRaMesher] Stack space unused after entering the task: 2056
15:34:34.139 > [211115][V][LoraMesher.cpp:642] processPackets(): [LoRaMesher] Free heap: 336208
15:34:53.985 > [230961][V][LoraMesher.cpp:378] receivingRoutine(): [LoRaMesher] Stack space unused after entering the task: 2152
15:34:53.995 > [230971][V][LoraMesher.cpp:379] receivingRoutine(): [LoRaMesher] Free heap: 336208
15:34:54.003 > [230979][I][PacketService.cpp:12] createEmptyPacket(): [LoRaMesher] Packet created with 17 bytes
15:34:54.011 > [230987][I][LoraMesher.cpp:392] receivingRoutine(): [LoRaMesher] Receiving LoRa packet: Size: 17 bytes RSSI: -22 SNR: 12
15:34:54.023 > [230999][V][LoraMesher.cpp:647] processPackets(): [LoRaMesher] Size of Received Packets Queue: 1
15:34:54.031 > [231007][V][LoraMesher.cpp:754] printHeaderPacket(): [LoRaMesher] Packet received -- Size: 17 Src: B3F0 Dst: D110 Id: 13 Type: 2 Via: D110 Seq_Id: 0 Num: 0
15:34:54.045 > [231021][I][LoraMesher.cpp:854] processDataPacket(): [LoRaMesher] Data packet from B3F0, destination D110, via D110
15:34:54.055 > [231031][V][LoraMesher.cpp:878] processDataPacket(): [LoRaMesher] Packet not for me, deleting it
15:34:54.064 > [231040][I][PacketQueueService.h:80] deleteQueuePacketAndPacket(): [LoRaMesher] Deleting packet
15:34:54.072 > [231048][I][PacketQueueService.h:83] deleteQueuePacketAndPacket(): [LoRaMesher] Deleting packet queue
15:34:54.081 > [231057][V][LoraMesher.cpp:641] processPackets(): [LoRaMesher] Stack space unused after entering the task: 2056
15:34:54.091 > [231067][V][LoraMesher.cpp:642] processPackets(): [LoRaMesher] Free heap: 336208
15:35:11.047 > [248020][V][LoraMesher.cpp:598] sendHelloPacket(): [LoRaMesher] Creating Routing Packet
15:35:11.056 > [248028][V][LoraMesher.cpp:599] sendHelloPacket(): [LoRaMesher] Stack space unused after entering the task: 2328
15:35:11.066 > [248038][V][LoraMesher.cpp:600] sendHelloPacket(): [LoRaMesher] Free heap: 336208
15:35:11.073 > [248045][V][PacketFactory.h:45] createPacket(): [LoRaMesher] Creating packet with 20 bytes
15:35:11.081 > [248053][I][PacketFactory.h:74] createPacket(): [LoRaMesher] Packet created with 20 bytes
15:35:11.089 > [248061][I][LoraMesher.h:659] setPackedForSend(): [LoRaMesher] Adding packet to Q_SP
15:35:11.097 > [248069][I][LoraMesher.h:661] setPackedForSend(): [LoRaMesher] Created packet to Q_SP
15:35:11.104 > [248076][I][LoraMesher.cpp:1061] addToSendOrderedAndNotify(): [LoRaMesher] Added packet to Q_SP, notifying sender task
15:35:11.115 > [248087][V][LoraMesher.cpp:511] sendPackets(): [LoRaMesher] Stack space unused after entering the task: 2148
15:35:11.125 > [248097][V][LoraMesher.cpp:512] sendPackets(): [LoRaMesher] Free heap: 336112
15:35:11.132 > [248103][V][LoraMesher.cpp:518] sendPackets(): [LoRaMesher] Size of Send Packets Queue: 1
15:35:11.139 > [248111][V][LoraMesher.cpp:525] sendPackets(): [LoRaMesher] Send n. 2
15:35:11.146 > [248118][V][LoraMesher.cpp:455] waitBeforeSend(): [LoRaMesher] RandomDelay 638 ms
15:35:11.690 > [248662][V][LoraMesher.cpp:378] receivingRoutine(): [LoRaMesher] Stack space unused after entering the task: 2152
15:35:11.701 > [248672][V][LoraMesher.cpp:379] receivingRoutine(): [LoRaMesher] Free heap: 336140
15:35:11.708 > [248680][I][PacketService.cpp:12] createEmptyPacket(): [LoRaMesher] Packet created with 20 bytes
15:35:11.717 > [248689][I][LoraMesher.cpp:392] receivingRoutine(): [LoRaMesher] Receiving LoRa packet: Size: 20 bytes RSSI: -4 SNR: 12
15:35:11.728 > [248700][V][LoraMesher.cpp:647] processPackets(): [LoRaMesher] Size of Received Packets Queue: 1
15:35:11.737 > [248709][V][LoraMesher.cpp:754] printHeaderPacket(): [LoRaMesher] Packet received -- Size: 20 Src: F02C Dst: FFFF Id: 2 Type: 4 Via: 0 Seq_Id: 0 Num: 0
15:35:11.751 > [248722][I][RoutingTableService.cpp:77] processRoute(): [LoRaMesher] Route packet from F02C with size 3
15:35:11.759 > [248731][I][RoutingTableService.cpp:99] resetReceiveSNRRoutePacket(): [LoRaMesher] Reset Receive SNR from F02C: 12
15:35:11.769 > [248741][I][RoutingTableService.cpp:192] printRoutingTable(): [LoRaMesher] Current routing table:
15:35:11.778 > [248750][I][RoutingTableService.cpp:206] printRoutingTable(): [LoRaMesher] 0 - B3F0 via B3F0 metric 1 Role 0
15:35:11.788 > [248760][I][RoutingTableService.cpp:206] printRoutingTable(): [LoRaMesher] 1 - D110 via D110 metric 1 Role 1
15:35:11.797 > [248768][V][LoraMesher.cpp:462] waitBeforeSend(): [LoRaMesher] Preamble detected while waiting 1
15:35:11.806 > [248778][V][LoraMesher.cpp:455] waitBeforeSend(): [LoRaMesher] RandomDelay 600 ms
15:35:11.813 > [248785][I][RoutingTableService.cpp:206] printRoutingTable(): [LoRaMesher] 2 - F02C via F02C metric 1 Role 0
15:35:11.823 > [248795][I][PacketQueueService.h:80] deleteQueuePacketAndPacket(): [LoRaMesher] Deleting packet
15:35:11.831 > [248803][I][PacketQueueService.h:83] deleteQueuePacketAndPacket(): [LoRaMesher] Deleting packet queue
15:35:11.840 > [248812][V][LoraMesher.cpp:641] processPackets(): [LoRaMesher] Stack space unused after entering the task: 2056
15:35:11.850 > [248822][V][LoraMesher.cpp:642] processPackets(): [LoRaMesher] Free heap: 336140
15:35:12.414 > [249385][V][LoraMesher.cpp:754] printHeaderPacket(): [LoRaMesher] Packet send -- Size: 20 Src: DE6C Dst: FFFF Id: 2 Type: 4 Via: 0 Seq_Id: 0 Num: 0
15:35:12.510 > [249482][V][LoraMesher.cpp:575] sendPackets(): [LoRaMesher] TimeOnAir 70 ms, next message in 0 ms
15:35:12.519 > [249490][I][PacketQueueService.h:80] deleteQueuePacketAndPacket(): [LoRaMesher] Deleting packet
15:35:12.528 > [249499][I][PacketQueueService.h:83] deleteQueuePacketAndPacket(): [LoRaMesher] Deleting packet queue
15:35:14.332 > [251302][V][LoraMesher.cpp:378] receivingRoutine(): [LoRaMesher] Stack space unused after entering the task: 2136
15:35:14.343 > [251313][V][LoraMesher.cpp:379] receivingRoutine(): [LoRaMesher] Free heap: 336208
15:35:14.350 > [251320][I][PacketService.cpp:12] createEmptyPacket(): [LoRaMesher] Packet created with 17 bytes
15:35:14.359 > [251329][I][LoraMesher.cpp:392] receivingRoutine(): [LoRaMesher] Receiving LoRa packet: Size: 17 bytes RSSI: -23 SNR: 13
15:35:14.370 > [251340][V][LoraMesher.cpp:647] processPackets(): [LoRaMesher] Size of Received Packets Queue: 1
15:35:14.379 > [251349][V][LoraMesher.cpp:754] printHeaderPacket(): [LoRaMesher] Packet received -- Size: 17 Src: B3F0 Dst: D110 Id: 14 Type: 2 Via: D110 Seq_Id: 0 Num: 0
15:35:14.392 > [251362][I][LoraMesher.cpp:854] processDataPacket(): [LoRaMesher] Data packet from B3F0, destination D110, via D110
15:35:14.403 > [251373][V][LoraMesher.cpp:878] processDataPacket(): [LoRaMesher] Packet not for me, deleting it
15:35:14.411 > [251381][I][PacketQueueService.h:80] deleteQueuePacketAndPacket(): [LoRaMesher] Deleting packet
15:35:14.420 > [251390][I][PacketQueueService.h:83] deleteQueuePacketAndPacket(): [LoRaMesher] Deleting packet queue
15:35:14.429 > [251399][V][LoraMesher.cpp:641] processPackets(): [LoRaMesher] Stack space unused after entering the task: 2056
15:35:14.439 > [251409][V][LoraMesher.cpp:642] processPackets(): [LoRaMesher] Free heap: 336208
15:35:14.978 > [251948][V][LoraMesher.cpp:378] receivingRoutine(): [LoRaMesher] Stack space unused after entering the task: 2136
15:35:14.988 > [251958][V][LoraMesher.cpp:379] receivingRoutine(): [LoRaMesher] Free heap: 336208
15:35:14.996 > [251966][I][PacketService.cpp:12] createEmptyPacket(): [LoRaMesher] Packet created with 20 bytes
15:35:15.005 > [251975][I][LoraMesher.cpp:392] receivingRoutine(): [LoRaMesher] Receiving LoRa packet: Size: 20 bytes RSSI: -24 SNR: 13
15:35:15.016 > [251986][V][LoraMesher.cpp:647] processPackets(): [LoRaMesher] Size of Received Packets Queue: 1
15:35:15.025 > [251994][V][LoraMesher.cpp:754] printHeaderPacket(): [LoRaMesher] Packet received -- Size: 20 Src: B3F0 Dst: FFFF Id: 15 Type: 4 Via: 0 Seq_Id: 0 Num: 0
15:35:15.038 > [252008][I][RoutingTableService.cpp:77] processRoute(): [LoRaMesher] Route packet from B3F0 with size 3
15:35:15.047 > [252017][I][RoutingTableService.cpp:99] resetReceiveSNRRoutePacket(): [LoRaMesher] Reset Receive SNR from B3F0: 13
15:35:15.057 > [252027][I][RoutingTableService.cpp:192] printRoutingTable(): [LoRaMesher] Current routing table:
15:35:15.066 > [252036][I][RoutingTableService.cpp:206] printRoutingTable(): [LoRaMesher] 0 - B3F0 via B3F0 metric 1 Role 0
15:35:15.076 > [252046][I][RoutingTableService.cpp:206] printRoutingTable(): [LoRaMesher] 1 - D110 via D110 metric 1 Role 1
15:35:15.085 > [252055][I][RoutingTableService.cpp:206] printRoutingTable(): [LoRaMesher] 2 - F02C via F02C metric 1 Role 0
15:35:15.095 > [252065][I][PacketQueueService.h:80] deleteQueuePacketAndPacket(): [LoRaMesher] Deleting packet
15:35:15.103 > [252073][I][PacketQueueService.h:83] deleteQueuePacketAndPacket(): [LoRaMesher] Deleting packet queue
15:35:15.113 > [252082][V][LoraMesher.cpp:641] processPackets(): [LoRaMesher] Stack space unused after entering the task: 2056
15:35:15.122 > [252092][V][LoraMesher.cpp:642] processPackets(): [LoRaMesher] Free heap: 336208
15:35:34.621 > [271581][V][LoraMesher.cpp:378] receivingRoutine(): [LoRaMesher] Stack space unused after entering the task: 2136
15:35:34.631 > [271591][V][LoraMesher.cpp:379] receivingRoutine(): [LoRaMesher] Free heap: 336208
15:35:34.639 > [271599][I][PacketService.cpp:12] createEmptyPacket(): [LoRaMesher] Packet created with 17 bytes
15:35:34.648 > [271607][I][LoraMesher.cpp:392] receivingRoutine(): [LoRaMesher] Receiving LoRa packet: Size: 17 bytes RSSI: -23 SNR: 13
15:35:34.659 > [271618][V][LoraMesher.cpp:647] processPackets(): [LoRaMesher] Size of Received Packets Queue: 1
15:35:34.667 > [271627][V][LoraMesher.cpp:754] printHeaderPacket(): [LoRaMesher] Packet received -- Size: 17 Src: B3F0 Dst: D110 Id: 16 Type: 2 Via: D110 Seq_Id: 0 Num: 0
15:35:34.681 > [271641][I][LoraMesher.cpp:854] processDataPacket(): [LoRaMesher] Data packet from B3F0, destination D110, via D110
15:35:34.691 > [271651][V][LoraMesher.cpp:878] processDataPacket(): [LoRaMesher] Packet not for me, deleting it
15:35:34.700 > [271660][I][PacketQueueService.h:80] deleteQueuePacketAndPacket(): [LoRaMesher] Deleting packet
15:35:34.708 > [271668][I][PacketQueueService.h:83] deleteQueuePacketAndPacket(): [LoRaMesher] Deleting packet queue
15:35:34.717 > [271677][V][LoraMesher.cpp:641] processPackets(): [LoRaMesher] Stack space unused after entering the task: 2056
15:35:34.727 > [271687][V][LoraMesher.cpp:642] processPackets(): [LoRaMesher] Free heap: 336208
15:35:54.834 > [291786][V][LoraMesher.cpp:378] receivingRoutine(): [LoRaMesher] Stack space unused after entering the task: 2136
15:35:54.845 > [291796][V][LoraMesher.cpp:379] receivingRoutine(): [LoRaMesher] Free heap: 336208
15:35:54.852 > [291804][I][PacketService.cpp:12] createEmptyPacket(): [LoRaMesher] Packet created with 17 bytes
15:35:54.861 > [291813][I][LoraMesher.cpp:392] receivingRoutine(): [LoRaMesher] Receiving LoRa packet: Size: 17 bytes RSSI: -23 SNR: 13
15:35:54.872 > [291824][V][LoraMesher.cpp:647] processPackets(): [LoRaMesher] Size of Received Packets Queue: 1
15:35:54.881 > [291832][V][LoraMesher.cpp:754] printHeaderPacket(): [LoRaMesher] Packet received -- Size: 17 Src: B3F0 Dst: D110 Id: 17 Type: 2 Via: D110 Seq_Id: 0 Num: 0
15:35:54.895 > [291846][I][LoraMesher.cpp:854] processDataPacket(): [LoRaMesher] Data packet from B3F0, destination D110, via D110
15:35:54.905 > [291856][V][LoraMesher.cpp:878] processDataPacket(): [LoRaMesher] Packet not for me, deleting it
15:35:54.913 > [291865][I][PacketQueueService.h:80] deleteQueuePacketAndPacket(): [LoRaMesher] Deleting packet
15:35:54.922 > [291874][I][PacketQueueService.h:83] deleteQueuePacketAndPacket(): [LoRaMesher] Deleting packet queue
15:35:54.931 > [291883][V][LoraMesher.cpp:641] processPackets(): [LoRaMesher] Stack space unused after entering the task: 2056
15:35:54.941 > [291892][V][LoraMesher.cpp:642] processPackets(): [LoRaMesher] Free heap: 336208
15:36:14.612 > [311558][V][LoraMesher.cpp:378] receivingRoutine(): [LoRaMesher] Stack space unused after entering the task: 2136
15:36:14.622 > [311568][V][LoraMesher.cpp:379] receivingRoutine(): [LoRaMesher] Free heap: 336208
15:36:14.630 > [311575][I][PacketService.cpp:12] createEmptyPacket(): [LoRaMesher] Packet created with 17 bytes
15:36:14.639 > [311584][I][LoraMesher.cpp:392] receivingRoutine(): [LoRaMesher] Receiving LoRa packet: Size: 17 bytes RSSI: -24 SNR: 13
15:36:14.650 > [311595][V][LoraMesher.cpp:647] processPackets(): [LoRaMesher] Size of Received Packets Queue: 1
15:36:14.658 > [311604][V][LoraMesher.cpp:754] printHeaderPacket(): [LoRaMesher] Packet received -- Size: 17 Src: B3F0 Dst: D110 Id: 18 Type: 2 Via: D110 Seq_Id: 0 Num: 0
15:36:14.672 > [311618][I][LoraMesher.cpp:854] processDataPacket(): [LoRaMesher] Data packet from B3F0, destination D110, via D110
15:36:14.682 > [311628][V][LoraMesher.cpp:878] processDataPacket(): [LoRaMesher] Packet not for me, deleting it
15:36:14.691 > [311637][I][PacketQueueService.h:80] deleteQueuePacketAndPacket(): [LoRaMesher] Deleting packet
15:36:14.699 > [311645][I][PacketQueueService.h:83] deleteQueuePacketAndPacket(): [LoRaMesher] Deleting packet queue
15:36:14.709 > [311654][V][LoraMesher.cpp:641] processPackets(): [LoRaMesher] Stack space unused after entering the task: 2056
15:36:14.718 > [311664][V][LoraMesher.cpp:642] processPackets(): [LoRaMesher] Free heap: 336208
15:36:34.366 > [331307][V][LoraMesher.cpp:378] receivingRoutine(): [LoRaMesher] Stack space unused after entering the task: 2136
15:36:34.377 > [331317][V][LoraMesher.cpp:379] receivingRoutine(): [LoRaMesher] Free heap: 336208
15:36:34.383 > [331325][I][PacketService.cpp:12] createEmptyPacket(): [LoRaMesher] Packet created with 17 bytes
15:36:34.393 > [331334][I][LoraMesher.cpp:392] receivingRoutine(): [LoRaMesher] Receiving LoRa packet: Size: 17 bytes RSSI: -22 SNR: 13
15:36:34.404 > [331345][V][LoraMesher.cpp:647] processPackets(): [LoRaMesher] Size of Received Packets Queue: 1
15:36:34.412 > [331353][V][LoraMesher.cpp:754] printHeaderPacket(): [LoRaMesher] Packet received -- Size: 17 Src: B3F0 Dst: D110 Id: 19 Type: 2 Via: D110 Seq_Id: 0 Num: 0
15:36:34.427 > [331367][I][LoraMesher.cpp:854] processDataPacket(): [LoRaMesher] Data packet from B3F0, destination D110, via D110
15:36:34.436 > [331377][V][LoraMesher.cpp:878] processDataPacket(): [LoRaMesher] Packet not for me, deleting it
15:36:34.445 > [331386][I][PacketQueueService.h:80] deleteQueuePacketAndPacket(): [LoRaMesher] Deleting packet
15:36:34.453 > [331394][I][PacketQueueService.h:83] deleteQueuePacketAndPacket(): [LoRaMesher] Deleting packet queue
15:36:34.462 > [331403][V][LoraMesher.cpp:641] processPackets(): [LoRaMesher] Stack space unused after entering the task: 2056
15:36:34.472 > [331413][V][LoraMesher.cpp:642] processPackets(): [LoRaMesher] Free heap: 336208
15:36:55.030 > [351967][V][LoraMesher.cpp:378] receivingRoutine(): [LoRaMesher] Stack space unused after entering the task: 2136
15:36:55.040 > [351977][V][LoraMesher.cpp:379] receivingRoutine(): [LoRaMesher] Free heap: 336208
15:36:55.047 > [351984][I][PacketService.cpp:12] createEmptyPacket(): [LoRaMesher] Packet created with 17 bytes
15:36:55.056 > [351993][I][LoraMesher.cpp:392] receivingRoutine(): [LoRaMesher] Receiving LoRa packet: Size: 17 bytes RSSI: -21 SNR: 13
15:36:55.067 > [352004][V][LoraMesher.cpp:647] processPackets(): [LoRaMesher] Size of Received Packets Queue: 1
15:36:55.076 > [352013][V][LoraMesher.cpp:754] printHeaderPacket(): [LoRaMesher] Packet received -- Size: 17 Src: B3F0 Dst: D110 Id: 20 Type: 2 Via: D110 Seq_Id: 0 Num: 0
15:36:55.090 > [352027][I][LoraMesher.cpp:854] processDataPacket(): [LoRaMesher] Data packet from B3F0, destination D110, via D110
15:36:55.100 > [352037][V][LoraMesher.cpp:878] processDataPacket(): [LoRaMesher] Packet not for me, deleting it
15:36:55.108 > [352045][I][PacketQueueService.h:80] deleteQueuePacketAndPacket(): [LoRaMesher] Deleting packet
15:36:55.117 > [352054][I][PacketQueueService.h:83] deleteQueuePacketAndPacket(): [LoRaMesher] Deleting packet queue
15:36:55.126 > [352063][V][LoraMesher.cpp:641] processPackets(): [LoRaMesher] Stack space unused after entering the task: 2056
15:36:55.136 > [352073][V][LoraMesher.cpp:642] processPackets(): [LoRaMesher] Free heap: 336208
15:37:11.152 > [368087][V][LoraMesher.cpp:598] sendHelloPacket(): [LoRaMesher] Creating Routing Packet
15:37:11.161 > [368095][V][LoraMesher.cpp:599] sendHelloPacket(): [LoRaMesher] Stack space unused after entering the task: 2328
15:37:11.171 > [368105][V][LoraMesher.cpp:600] sendHelloPacket(): [LoRaMesher] Free heap: 336208
15:37:11.178 > [368112][V][PacketFactory.h:45] createPacket(): [LoRaMesher] Creating packet with 20 bytes
15:37:11.186 > [368120][I][PacketFactory.h:74] createPacket(): [LoRaMesher] Packet created with 20 bytes
15:37:11.194 > [368128][I][LoraMesher.h:659] setPackedForSend(): [LoRaMesher] Adding packet to Q_SP
15:37:11.202 > [368136][I][LoraMesher.h:661] setPackedForSend(): [LoRaMesher] Created packet to Q_SP
15:37:11.209 > [368143][I][LoraMesher.cpp:1061] addToSendOrderedAndNotify(): [LoRaMesher] Added packet to Q_SP, notifying sender task
15:37:11.220 > [368154][V][LoraMesher.cpp:511] sendPackets(): [LoRaMesher] Stack space unused after entering the task: 2148
15:37:11.229 > [368164][V][LoraMesher.cpp:512] sendPackets(): [LoRaMesher] Free heap: 336112
15:37:11.236 > [368171][V][LoraMesher.cpp:518] sendPackets(): [LoRaMesher] Size of Send Packets Queue: 1
15:37:11.244 > [368178][V][LoraMesher.cpp:525] sendPackets(): [LoRaMesher] Send n. 3
15:37:11.251 > [368185][V][LoraMesher.cpp:455] waitBeforeSend(): [LoRaMesher] RandomDelay 358 ms
15:37:11.615 > [368549][V][LoraMesher.cpp:754] printHeaderPacket(): [LoRaMesher] Packet send -- Size: 20 Src: DE6C Dst: FFFF Id: 3 Type: 4 Via: 0 Seq_Id: 0 Num: 0
15:37:11.711 > [368646][V][LoraMesher.cpp:575] sendPackets(): [LoRaMesher] TimeOnAir 70 ms, next message in 0 ms
15:37:11.720 > [368655][I][PacketQueueService.h:80] deleteQueuePacketAndPacket(): [LoRaMesher] Deleting packet
15:37:11.729 > [368663][I][PacketQueueService.h:83] deleteQueuePacketAndPacket(): [LoRaMesher] Deleting packet queue
15:37:13.141 > [370075][V][LoraMesher.cpp:378] receivingRoutine(): [LoRaMesher] Stack space unused after entering the task: 2136
15:37:13.151 > [370085][V][LoraMesher.cpp:379] receivingRoutine(): [LoRaMesher] Free heap: 336208
15:37:13.159 > [370093][I][PacketService.cpp:12] createEmptyPacket(): [LoRaMesher] Packet created with 20 bytes
15:37:13.167 > [370102][I][LoraMesher.cpp:392] receivingRoutine(): [LoRaMesher] Receiving LoRa packet: Size: 20 bytes RSSI: -4 SNR: 12
15:37:13.179 > [370113][V][LoraMesher.cpp:647] processPackets(): [LoRaMesher] Size of Received Packets Queue: 1
15:37:13.187 > [370121][V][LoraMesher.cpp:754] printHeaderPacket(): [LoRaMesher] Packet received -- Size: 20 Src: F02C Dst: FFFF Id: 3 Type: 4 Via: 0 Seq_Id: 0 Num: 0
15:37:13.201 > [370135][I][RoutingTableService.cpp:77] processRoute(): [LoRaMesher] Route packet from F02C with size 3
15:37:13.210 > [370144][I][RoutingTableService.cpp:99] resetReceiveSNRRoutePacket(): [LoRaMesher] Reset Receive SNR from F02C: 12
15:37:13.220 > [370154][I][RoutingTableService.cpp:192] printRoutingTable(): [LoRaMesher] Current routing table:
15:37:13.229 > [370163][I][RoutingTableService.cpp:206] printRoutingTable(): [LoRaMesher] 0 - B3F0 via B3F0 metric 1 Role 0
15:37:13.238 > [370172][I][RoutingTableService.cpp:206] printRoutingTable(): [LoRaMesher] 1 - D110 via D110 metric 1 Role 1
15:37:13.249 > [370182][I][RoutingTableService.cpp:206] printRoutingTable(): [LoRaMesher] 2 - F02C via F02C metric 1 Role 0
15:37:13.257 > [370192][I][PacketQueueService.h:80] deleteQueuePacketAndPacket(): [LoRaMesher] Deleting packet
15:37:13.266 > [370200][I][PacketQueueService.h:83] deleteQueuePacketAndPacket(): [LoRaMesher] Deleting packet queue
15:37:13.275 > [370209][V][LoraMesher.cpp:641] processPackets(): [LoRaMesher] Stack space unused after entering the task: 2056
15:37:13.285 > [370219][V][LoraMesher.cpp:642] processPackets(): [LoRaMesher] Free heap: 336208
15:37:15.000 > [371934][V][LoraMesher.cpp:378] receivingRoutine(): [LoRaMesher] Stack space unused after entering the task: 2136
15:37:15.011 > [371944][V][LoraMesher.cpp:379] receivingRoutine(): [LoRaMesher] Free heap: 336208
15:37:15.019 > [371952][I][PacketService.cpp:12] createEmptyPacket(): [LoRaMesher] Packet created with 20 bytes
15:37:15.027 > [371960][I][LoraMesher.cpp:392] receivingRoutine(): [LoRaMesher] Receiving LoRa packet: Size: 20 bytes RSSI: -21 SNR: 13
15:37:15.039 > [371972][V][LoraMesher.cpp:647] processPackets(): [LoRaMesher] Size of Received Packets Queue: 1
15:37:15.047 > [371980][V][LoraMesher.cpp:754] printHeaderPacket(): [LoRaMesher] Packet received -- Size: 20 Src: B3F0 Dst: FFFF Id: 21 Type: 4 Via: 0 Seq_Id: 0 Num: 0
15:37:15.061 > [371994][I][RoutingTableService.cpp:77] processRoute(): [LoRaMesher] Route packet from B3F0 with size 3
15:37:15.070 > [372003][I][RoutingTableService.cpp:99] resetReceiveSNRRoutePacket(): [LoRaMesher] Reset Receive SNR from B3F0: 13
15:37:15.080 > [372013][I][RoutingTableService.cpp:192] printRoutingTable(): [LoRaMesher] Current routing table:
15:37:15.089 > [372022][I][RoutingTableService.cpp:206] printRoutingTable(): [LoRaMesher] 0 - B3F0 via B3F0 metric 1 Role 0
15:37:15.098 > [372031][I][RoutingTableService.cpp:206] printRoutingTable(): [LoRaMesher] 1 - D110 via D110 metric 1 Role 1
15:37:15.108 > [372041][I][RoutingTableService.cpp:206] printRoutingTable(): [LoRaMesher] 2 - F02C via F02C metric 1 Role 0
15:37:15.118 > [372051][I][PacketQueueService.h:80] deleteQueuePacketAndPacket(): [LoRaMesher] Deleting packet
15:37:15.126 > [372059][I][PacketQueueService.h:83] deleteQueuePacketAndPacket(): [LoRaMesher] Deleting packet queue
15:37:15.135 > [372068][V][LoraMesher.cpp:641] processPackets(): [LoRaMesher] Stack space unused after entering the task: 2056
15:37:15.145 > [372078][V][LoraMesher.cpp:642] processPackets(): [LoRaMesher] Free heap: 336208
15:37:15.827 > [372761][V][LoraMesher.cpp:378] receivingRoutine(): [LoRaMesher] Stack space unused after entering the task: 2136
15:37:15.838 > [372771][V][LoraMesher.cpp:379] receivingRoutine(): [LoRaMesher] Free heap: 336208
15:37:15.845 > [372779][I][PacketService.cpp:12] createEmptyPacket(): [LoRaMesher] Packet created with 17 bytes
15:37:15.854 > [372787][I][LoraMesher.cpp:392] receivingRoutine(): [LoRaMesher] Receiving LoRa packet: Size: 17 bytes RSSI: -22 SNR: 12
15:37:15.865 > [372798][V][LoraMesher.cpp:647] processPackets(): [LoRaMesher] Size of Received Packets Queue: 1
15:37:15.874 > [372807][V][LoraMesher.cpp:754] printHeaderPacket(): [LoRaMesher] Packet received -- Size: 17 Src: B3F0 Dst: D110 Id: 22 Type: 2 Via: D110 Seq_Id: 0 Num: 0
15:37:15.888 > [372821][I][LoraMesher.cpp:854] processDataPacket(): [LoRaMesher] Data packet from B3F0, destination D110, via D110
15:37:15.898 > [372831][V][LoraMesher.cpp:878] processDataPacket(): [LoRaMesher] Packet not for me, deleting it
15:37:15.907 > [372840][I][PacketQueueService.h:80] deleteQueuePacketAndPacket(): [LoRaMesher] Deleting packet
15:37:15.915 > [372848][I][PacketQueueService.h:83] deleteQueuePacketAndPacket(): [LoRaMesher] Deleting packet queue
15:37:15.924 > [372857][V][LoraMesher.cpp:641] processPackets(): [LoRaMesher] Stack space unused after entering the task: 2056
15:37:15.934 > [372867][V][LoraMesher.cpp:642] processPackets(): [LoRaMesher] Free heap: 336208
15:37:34.746 > [391677][V][LoraMesher.cpp:378] receivingRoutine(): [LoRaMesher] Stack space unused after entering the task: 2136
15:37:34.757 > [391688][V][LoraMesher.cpp:379] receivingRoutine(): [LoRaMesher] Free heap: 336208
15:37:34.764 > [391695][I][PacketService.cpp:12] createEmptyPacket(): [LoRaMesher] Packet created with 17 bytes
15:37:34.773 > [391704][I][LoraMesher.cpp:392] receivingRoutine(): [LoRaMesher] Receiving LoRa packet: Size: 17 bytes RSSI: -21 SNR: 13
15:37:34.784 > [391715][V][LoraMesher.cpp:647] processPackets(): [LoRaMesher] Size of Received Packets Queue: 1
15:37:34.793 > [391724][V][LoraMesher.cpp:754] printHeaderPacket(): [LoRaMesher] Packet received -- Size: 17 Src: B3F0 Dst: D110 Id: 23 Type: 2 Via: D110 Seq_Id: 0 Num: 0
15:37:34.806 > [391737][I][LoraMesher.cpp:854] processDataPacket(): [LoRaMesher] Data packet from B3F0, destination D110, via D110
15:37:34.817 > [391748][V][LoraMesher.cpp:878] processDataPacket(): [LoRaMesher] Packet not for me, deleting it
15:37:34.825 > [391756][I][PacketQueueService.h:80] deleteQueuePacketAndPacket(): [LoRaMesher] Deleting packet
15:37:34.834 > [391765][I][PacketQueueService.h:83] deleteQueuePacketAndPacket(): [LoRaMesher] Deleting packet queue
15:37:34.843 > [391774][V][LoraMesher.cpp:641] processPackets(): [LoRaMesher] Stack space unused after entering the task: 2056
15:37:34.853 > [391784][V][LoraMesher.cpp:642] processPackets(): [LoRaMesher] Free heap: 336208
15:37:54.765 > [411693][V][LoraMesher.cpp:378] receivingRoutine(): [LoRaMesher] Stack space unused after entering the task: 2136
15:37:54.775 > [411703][V][LoraMesher.cpp:379] receivingRoutine(): [LoRaMesher] Free heap: 336208
15:37:54.783 > [411711][I][PacketService.cpp:12] createEmptyPacket(): [LoRaMesher] Packet created with 17 bytes
15:37:54.792 > [411719][I][LoraMesher.cpp:392] receivingRoutine(): [LoRaMesher] Receiving LoRa packet: Size: 17 bytes RSSI: -23 SNR: 13
15:37:54.803 > [411730][V][LoraMesher.cpp:647] processPackets(): [LoRaMesher] Size of Received Packets Queue: 1
15:37:54.811 > [411739][V][LoraMesher.cpp:754] printHeaderPacket(): [LoRaMesher] Packet received -- Size: 17 Src: B3F0 Dst: D110 Id: 24 Type: 2 Via: D110 Seq_Id: 0 Num: 0
15:37:54.825 > [411753][I][LoraMesher.cpp:854] processDataPacket(): [LoRaMesher] Data packet from B3F0, destination D110, via D110
15:37:54.835 > [411763][V][LoraMesher.cpp:878] processDataPacket(): [LoRaMesher] Packet not for me, deleting it
15:37:54.844 > [411772][I][PacketQueueService.h:80] deleteQueuePacketAndPacket(): [LoRaMesher] Deleting packet
15:37:54.852 > [411780][I][PacketQueueService.h:83] deleteQueuePacketAndPacket(): [LoRaMesher] Deleting packet queue
15:37:54.861 > [411789][V][LoraMesher.cpp:641] processPackets(): [LoRaMesher] Stack space unused after entering the task: 2056
15:37:54.871 > [411799][V][LoraMesher.cpp:642] processPackets(): [LoRaMesher] Free heap: 336208
15:38:14.807 > [431733][V][LoraMesher.cpp:378] receivingRoutine(): [LoRaMesher] Stack space unused after entering the task: 2136
15:38:14.818 > [431743][V][LoraMesher.cpp:379] receivingRoutine(): [LoRaMesher] Free heap: 336208
15:38:14.825 > [431751][I][PacketService.cpp:12] createEmptyPacket(): [LoRaMesher] Packet created with 17 bytes
15:38:14.834 > [431760][I][LoraMesher.cpp:392] receivingRoutine(): [LoRaMesher] Receiving LoRa packet: Size: 17 bytes RSSI: -23 SNR: 12
15:38:14.845 > [431771][V][LoraMesher.cpp:647] processPackets(): [LoRaMesher] Size of Received Packets Queue: 1
15:38:14.854 > [431780][V][LoraMesher.cpp:754] printHeaderPacket(): [LoRaMesher] Packet received -- Size: 17 Src: B3F0 Dst: D110 Id: 25 Type: 2 Via: D110 Seq_Id: 0 Num: 0
15:38:14.868 > [431793][I][LoraMesher.cpp:854] processDataPacket(): [LoRaMesher] Data packet from B3F0, destination D110, via D110
15:38:14.878 > [431804][V][LoraMesher.cpp:878] processDataPacket(): [LoRaMesher] Packet not for me, deleting it
15:38:14.886 > [431812][I][PacketQueueService.h:80] deleteQueuePacketAndPacket(): [LoRaMesher] Deleting packet
15:38:14.895 > [431821][I][PacketQueueService.h:83] deleteQueuePacketAndPacket(): [LoRaMesher] Deleting packet queue
15:38:14.904 > [431830][V][LoraMesher.cpp:641] processPackets(): [LoRaMesher] Stack space unused after entering the task: 2056
15:38:14.914 > [431840][V][LoraMesher.cpp:642] processPackets(): [LoRaMesher] Free heap: 336208
15:38:35.415 > [452339][V][LoraMesher.cpp:378] receivingRoutine(): [LoRaMesher] Stack space unused after entering the task: 2136
15:38:35.425 > [452349][V][LoraMesher.cpp:379] receivingRoutine(): [LoRaMesher] Free heap: 336208
15:38:35.433 > [452356][I][PacketService.cpp:12] createEmptyPacket(): [LoRaMesher] Packet created with 17 bytes
15:38:35.442 > [452365][I][LoraMesher.cpp:392] receivingRoutine(): [LoRaMesher] Receiving LoRa packet: Size: 17 bytes RSSI: -23 SNR: 13
15:38:35.453 > [452376][V][LoraMesher.cpp:647] processPackets(): [LoRaMesher] Size of Received Packets Queue: 1
15:38:35.461 > [452385][V][LoraMesher.cpp:754] printHeaderPacket(): [LoRaMesher] Packet received -- Size: 17 Src: B3F0 Dst: D110 Id: 26 Type: 2 Via: D110 Seq_Id: 0 Num: 0
15:38:35.475 > [452399][I][LoraMesher.cpp:854] processDataPacket(): [LoRaMesher] Data packet from B3F0, destination D110, via D110
15:38:35.485 > [452409][V][LoraMesher.cpp:878] processDataPacket(): [LoRaMesher] Packet not for me, deleting it
15:38:35.494 > [452418][I][PacketQueueService.h:80] deleteQueuePacketAndPacket(): [LoRaMesher] Deleting packet
15:38:35.502 > [452426][I][PacketQueueService.h:83] deleteQueuePacketAndPacket(): [LoRaMesher] Deleting packet queue
15:38:35.512 > [452435][V][LoraMesher.cpp:641] processPackets(): [LoRaMesher] Stack space unused after entering the task: 2056
15:38:35.521 > [452445][V][LoraMesher.cpp:642] processPackets(): [LoRaMesher] Free heap: 336208
15:38:55.291 > [472213][V][LoraMesher.cpp:378] receivingRoutine(): [LoRaMesher] Stack space unused after entering the task: 2120
15:38:55.302 > [472223][V][LoraMesher.cpp:379] receivingRoutine(): [LoRaMesher] Free heap: 336208
15:38:55.309 > [472231][I][PacketService.cpp:12] createEmptyPacket(): [LoRaMesher] Packet created with 17 bytes
15:38:55.319 > [472240][I][LoraMesher.cpp:392] receivingRoutine(): [LoRaMesher] Receiving LoRa packet: Size: 17 bytes RSSI: -27 SNR: 12
15:38:55.328 > [472251][V][LoraMesher.cpp:647] processPackets(): [LoRaMesher] Size of Received Packets Queue: 1
15:38:55.338 > [472259][V][LoraMesher.cpp:754] printHeaderPacket(): [LoRaMesher] Packet received -- Size: 17 Src: B3F0 Dst: D110 Id: 27 Type: 2 Via: D110 Seq_Id: 0 Num: 0
15:38:55.352 > [472273][I][LoraMesher.cpp:854] processDataPacket(): [LoRaMesher] Data packet from B3F0, destination D110, via D110
15:38:55.362 > [472283][V][LoraMesher.cpp:878] processDataPacket(): [LoRaMesher] Packet not for me, deleting it
15:38:55.370 > [472292][I][PacketQueueService.h:80] deleteQueuePacketAndPacket(): [LoRaMesher] Deleting packet
15:38:55.378 > [472300][I][PacketQueueService.h:83] deleteQueuePacketAndPacket(): [LoRaMesher] Deleting packet queue
15:38:55.388 > [472309][V][LoraMesher.cpp:641] processPackets(): [LoRaMesher] Stack space unused after entering the task: 2056
15:38:55.398 > [472319][V][LoraMesher.cpp:642] processPackets(): [LoRaMesher] Free heap: 336208
15:39:11.233 > [488154][V][LoraMesher.cpp:598] sendHelloPacket(): [LoRaMesher] Creating Routing Packet
15:39:11.242 > [488162][V][LoraMesher.cpp:599] sendHelloPacket(): [LoRaMesher] Stack space unused after entering the task: 2328
15:39:11.252 > [488172][V][LoraMesher.cpp:600] sendHelloPacket(): [LoRaMesher] Free heap: 336208
15:39:11.259 > [488179][V][PacketFactory.h:45] createPacket(): [LoRaMesher] Creating packet with 20 bytes
15:39:11.267 > [488187][I][PacketFactory.h:74] createPacket(): [LoRaMesher] Packet created with 20 bytes
15:39:11.275 > [488195][I][LoraMesher.h:659] setPackedForSend(): [LoRaMesher] Adding packet to Q_SP
15:39:11.282 > [488203][I][LoraMesher.h:661] setPackedForSend(): [LoRaMesher] Created packet to Q_SP
15:39:11.290 > [488210][I][LoraMesher.cpp:1061] addToSendOrderedAndNotify(): [LoRaMesher] Added packet to Q_SP, notifying sender task
15:39:11.301 > [488221][V][LoraMesher.cpp:511] sendPackets(): [LoRaMesher] Stack space unused after entering the task: 2148
15:39:11.310 > [488231][V][LoraMesher.cpp:512] sendPackets(): [LoRaMesher] Free heap: 336112
15:39:11.317 > [488237][V][LoraMesher.cpp:518] sendPackets(): [LoRaMesher] Size of Send Packets Queue: 1
15:39:11.325 > [488245][V][LoraMesher.cpp:525] sendPackets(): [LoRaMesher] Send n. 4
15:39:11.331 > [488252][V][LoraMesher.cpp:455] waitBeforeSend(): [LoRaMesher] RandomDelay 1003 ms
15:39:11.912 > [488833][V][LoraMesher.cpp:378] receivingRoutine(): [LoRaMesher] Stack space unused after entering the task: 2120
15:39:11.923 > [488843][V][LoraMesher.cpp:379] receivingRoutine(): [LoRaMesher] Free heap: 336140
15:39:11.930 > [488851][I][PacketService.cpp:12] createEmptyPacket(): [LoRaMesher] Packet created with 20 bytes
15:39:11.939 > [488860][I][LoraMesher.cpp:392] receivingRoutine(): [LoRaMesher] Receiving LoRa packet: Size: 20 bytes RSSI: -4 SNR: 12
15:39:11.950 > [488871][V][LoraMesher.cpp:647] processPackets(): [LoRaMesher] Size of Received Packets Queue: 1
15:39:11.959 > [488879][V][LoraMesher.cpp:754] printHeaderPacket(): [LoRaMesher] Packet received -- Size: 20 Src: F02C Dst: FFFF Id: 4 Type: 4 Via: 0 Seq_Id: 0 Num: 0
15:39:11.972 > [488893][I][RoutingTableService.cpp:77] processRoute(): [LoRaMesher] Route packet from F02C with size 3
15:39:11.982 > [488902][I][RoutingTableService.cpp:99] resetReceiveSNRRoutePacket(): [LoRaMesher] Reset Receive SNR from F02C: 12
15:39:11.992 > [488912][I][RoutingTableService.cpp:192] printRoutingTable(): [LoRaMesher] Current routing table:
15:39:12.000 > [488921][I][RoutingTableService.cpp:206] printRoutingTable(): [LoRaMesher] 0 - B3F0 via B3F0 metric 1 Role 0
15:39:12.010 > [488930][I][RoutingTableService.cpp:206] printRoutingTable(): [LoRaMesher] 1 - D110 via D110 metric 1 Role 1
15:39:12.020 > [488940][I][RoutingTableService.cpp:206] printRoutingTable(): [LoRaMesher] 2 - F02C via F02C metric 1 Role 0
15:39:12.029 > [488950][I][PacketQueueService.h:80] deleteQueuePacketAndPacket(): [LoRaMesher] Deleting packet
15:39:12.038 > [488958][I][PacketQueueService.h:83] deleteQueuePacketAndPacket(): [LoRaMesher] Deleting packet queue
15:39:12.047 > [488967][V][LoraMesher.cpp:641] processPackets(): [LoRaMesher] Stack space unused after entering the task: 2056
15:39:12.057 > [488977][V][LoraMesher.cpp:642] processPackets(): [LoRaMesher] Free heap: 336140
15:39:12.347 > [489268][V][LoraMesher.cpp:462] waitBeforeSend(): [LoRaMesher] Preamble detected while waiting 1
15:39:12.356 > [489276][V][LoraMesher.cpp:455] waitBeforeSend(): [LoRaMesher] RandomDelay 439 ms
15:39:12.802 > [489722][V][LoraMesher.cpp:754] printHeaderPacket(): [LoRaMesher] Packet send -- Size: 20 Src: DE6C Dst: FFFF Id: 4 Type: 4 Via: 0 Seq_Id: 0 Num: 0
15:39:12.898 > [489819][V][LoraMesher.cpp:575] sendPackets(): [LoRaMesher] TimeOnAir 70 ms, next message in 0 ms
15:39:12.907 > [489827][I][PacketQueueService.h:80] deleteQueuePacketAndPacket(): [LoRaMesher] Deleting packet
15:39:12.916 > [489836][I][PacketQueueService.h:83] deleteQueuePacketAndPacket(): [LoRaMesher] Deleting packet queue
15:39:14.575 > [491496][V][LoraMesher.cpp:378] receivingRoutine(): [LoRaMesher] Stack space unused after entering the task: 2120
15:39:14.586 > [491506][V][LoraMesher.cpp:379] receivingRoutine(): [LoRaMesher] Free heap: 336208
15:39:14.593 > [491513][I][PacketService.cpp:12] createEmptyPacket(): [LoRaMesher] Packet created with 20 bytes
15:39:14.602 > [491522][I][LoraMesher.cpp:392] receivingRoutine(): [LoRaMesher] Receiving LoRa packet: Size: 20 bytes RSSI: -23 SNR: 13
15:39:14.613 > [491533][V][LoraMesher.cpp:647] processPackets(): [LoRaMesher] Size of Received Packets Queue: 1
15:39:14.622 > [491542][V][LoraMesher.cpp:754] printHeaderPacket(): [LoRaMesher] Packet received -- Size: 20 Src: B3F0 Dst: FFFF Id: 28 Type: 4 Via: 0 Seq_Id: 0 Num: 0
15:39:14.635 > [491555][I][RoutingTableService.cpp:77] processRoute(): [LoRaMesher] Route packet from B3F0 with size 3
15:39:14.644 > [491565][I][RoutingTableService.cpp:99] resetReceiveSNRRoutePacket(): [LoRaMesher] Reset Receive SNR from B3F0: 13
15:39:14.654 > [491575][I][RoutingTableService.cpp:192] printRoutingTable(): [LoRaMesher] Current routing table:
15:39:14.663 > [491583][I][RoutingTableService.cpp:206] printRoutingTable(): [LoRaMesher] 0 - B3F0 via B3F0 metric 1 Role 0
15:39:14.673 > [491593][I][RoutingTableService.cpp:206] printRoutingTable(): [LoRaMesher] 1 - D110 via D110 metric 1 Role 1
15:39:14.682 > [491603][I][RoutingTableService.cpp:206] printRoutingTable(): [LoRaMesher] 2 - F02C via F02C metric 1 Role 0
15:39:14.692 > [491612][I][PacketQueueService.h:80] deleteQueuePacketAndPacket(): [LoRaMesher] Deleting packet
15:39:14.700 > [491621][I][PacketQueueService.h:83] deleteQueuePacketAndPacket(): [LoRaMesher] Deleting packet queue
15:39:14.710 > [491630][V][LoraMesher.cpp:641] processPackets(): [LoRaMesher] Stack space unused after entering the task: 2056
15:39:14.719 > [491640][V][LoraMesher.cpp:642] processPackets(): [LoRaMesher] Free heap: 336208
15:39:15.392 > [492313][V][LoraMesher.cpp:378] receivingRoutine(): [LoRaMesher] Stack space unused after entering the task: 2120
15:39:15.402 > [492323][V][LoraMesher.cpp:379] receivingRoutine(): [LoRaMesher] Free heap: 336208
15:39:15.410 > [492330][I][PacketService.cpp:12] createEmptyPacket(): [LoRaMesher] Packet created with 17 bytes
15:39:15.419 > [492339][I][LoraMesher.cpp:392] receivingRoutine(): [LoRaMesher] Receiving LoRa packet: Size: 17 bytes RSSI: -23 SNR: 12
15:39:15.430 > [492350][V][LoraMesher.cpp:647] processPackets(): [LoRaMesher] Size of Received Packets Queue: 1
15:39:15.439 > [492359][V][LoraMesher.cpp:754] printHeaderPacket(): [LoRaMesher] Packet received -- Size: 17 Src: B3F0 Dst: D110 Id: 29 Type: 2 Via: D110 Seq_Id: 0 Num: 0
15:39:15.452 > [492373][I][LoraMesher.cpp:854] processDataPacket(): [LoRaMesher] Data packet from B3F0, destination D110, via D110
15:39:15.463 > [492383][V][LoraMesher.cpp:878] processDataPacket(): [LoRaMesher] Packet not for me, deleting it
15:39:15.471 > [492391][I][PacketQueueService.h:80] deleteQueuePacketAndPacket(): [LoRaMesher] Deleting packet
15:39:15.480 > [492400][I][PacketQueueService.h:83] deleteQueuePacketAndPacket(): [LoRaMesher] Deleting packet queue
15:39:15.489 > [492409][V][LoraMesher.cpp:641] processPackets(): [LoRaMesher] Stack space unused after entering the task: 2056
15:39:15.499 > [492419][V][LoraMesher.cpp:642] processPackets(): [LoRaMesher] Free heap: 336208
15:39:35.281 > [512203][V][LoraMesher.cpp:378] receivingRoutine(): [LoRaMesher] Stack space unused after entering the task: 2120
15:39:35.292 > [512213][V][LoraMesher.cpp:379] receivingRoutine(): [LoRaMesher] Free heap: 336208
15:39:35.299 > [512221][I][PacketService.cpp:12] createEmptyPacket(): [LoRaMesher] Packet created with 17 bytes
15:39:35.308 > [512230][I][LoraMesher.cpp:392] receivingRoutine(): [LoRaMesher] Receiving LoRa packet: Size: 17 bytes RSSI: -18 SNR: 13
15:39:35.320 > [512241][V][LoraMesher.cpp:647] processPackets(): [LoRaMesher] Size of Received Packets Queue: 1
15:39:35.327 > [512249][V][LoraMesher.cpp:754] printHeaderPacket(): [LoRaMesher] Packet received -- Size: 17 Src: B3F0 Dst: D110 Id: 30 Type: 2 Via: D110 Seq_Id: 0 Num: 0
15:39:35.341 > [512263][I][LoraMesher.cpp:854] processDataPacket(): [LoRaMesher] Data packet from B3F0, destination D110, via D110
15:39:35.351 > [512273][V][LoraMesher.cpp:878] processDataPacket(): [LoRaMesher] Packet not for me, deleting it
15:39:35.361 > [512282][I][PacketQueueService.h:80] deleteQueuePacketAndPacket(): [LoRaMesher] Deleting packet
15:39:35.368 > [512290][I][PacketQueueService.h:83] deleteQueuePacketAndPacket(): [LoRaMesher] Deleting packet queue
15:39:35.378 > [512299][V][LoraMesher.cpp:641] processPackets(): [LoRaMesher] Stack space unused after entering the task: 2056
15:39:35.388 > [512309][V][LoraMesher.cpp:642] processPackets(): [LoRaMesher] Free heap: 336208
15:39:55.250 > [532175][V][LoraMesher.cpp:378] receivingRoutine(): [LoRaMesher] Stack space unused after entering the task: 2120
15:39:55.261 > [532185][V][LoraMesher.cpp:379] receivingRoutine(): [LoRaMesher] Free heap: 336208
15:39:55.268 > [532192][I][PacketService.cpp:12] createEmptyPacket(): [LoRaMesher] Packet created with 17 bytes
15:39:55.277 > [532201][I][LoraMesher.cpp:392] receivingRoutine(): [LoRaMesher] Receiving LoRa packet: Size: 17 bytes RSSI: -17 SNR: 12
15:39:55.288 > [532212][V][LoraMesher.cpp:647] processPackets(): [LoRaMesher] Size of Received Packets Queue: 1
15:39:55.297 > [532221][V][LoraMesher.cpp:754] printHeaderPacket(): [LoRaMesher] Packet received -- Size: 17 Src: B3F0 Dst: D110 Id: 31 Type: 2 Via: D110 Seq_Id: 0 Num: 0
15:39:55.310 > [532234][I][LoraMesher.cpp:854] processDataPacket(): [LoRaMesher] Data packet from B3F0, destination D110, via D110
15:39:55.321 > [532245][V][LoraMesher.cpp:878] processDataPacket(): [LoRaMesher] Packet not for me, deleting it
15:39:55.329 > [532253][I][PacketQueueService.h:80] deleteQueuePacketAndPacket(): [LoRaMesher] Deleting packet
15:39:55.338 > [532262][I][PacketQueueService.h:83] deleteQueuePacketAndPacket(): [LoRaMesher] Deleting packet queue
15:39:55.347 > [532271][V][LoraMesher.cpp:641] processPackets(): [LoRaMesher] Stack space unused after entering the task: 2056
15:39:55.357 > [532281][V][LoraMesher.cpp:642] processPackets(): [LoRaMesher] Free heap: 336208
15:40:16.207 > [553133][V][LoraMesher.cpp:378] receivingRoutine(): [LoRaMesher] Stack space unused after entering the task: 2120
15:40:16.218 > [553143][V][LoraMesher.cpp:379] receivingRoutine(): [LoRaMesher] Free heap: 336208
15:40:16.225 > [553151][I][PacketService.cpp:12] createEmptyPacket(): [LoRaMesher] Packet created with 17 bytes
15:40:16.234 > [553159][I][LoraMesher.cpp:392] receivingRoutine(): [LoRaMesher] Receiving LoRa packet: Size: 17 bytes RSSI: -18 SNR: 12
15:40:16.245 > [553171][V][LoraMesher.cpp:647] processPackets(): [LoRaMesher] Size of Received Packets Queue: 1
15:40:16.253 > [553179][V][LoraMesher.cpp:754] printHeaderPacket(): [LoRaMesher] Packet received -- Size: 17 Src: B3F0 Dst: D110 Id: 32 Type: 2 Via: D110 Seq_Id: 0 Num: 0
15:40:16.267 > [553193][I][LoraMesher.cpp:854] processDataPacket(): [LoRaMesher] Data packet from B3F0, destination D110, via D110
15:40:16.278 > [553203][V][LoraMesher.cpp:878] processDataPacket(): [LoRaMesher] Packet not for me, deleting it
15:40:16.286 > [553212][I][PacketQueueService.h:80] deleteQueuePacketAndPacket(): [LoRaMesher] Deleting packet
15:40:16.294 > [553220][I][PacketQueueService.h:83] deleteQueuePacketAndPacket(): [LoRaMesher] Deleting packet queue
15:40:16.304 > [553229][V][LoraMesher.cpp:641] processPackets(): [LoRaMesher] Stack space unused after entering the task: 2056
15:40:16.313 > [553239][V][LoraMesher.cpp:642] processPackets(): [LoRaMesher] Free heap: 336208
15:40:36.348 > [573275][V][LoraMesher.cpp:378] receivingRoutine(): [LoRaMesher] Stack space unused after entering the task: 2104
15:40:36.359 > [573285][V][LoraMesher.cpp:379] receivingRoutine(): [LoRaMesher] Free heap: 336208
15:40:36.366 > [573293][I][PacketService.cpp:12] createEmptyPacket(): [LoRaMesher] Packet created with 17 bytes
15:40:36.375 > [573302][I][LoraMesher.cpp:392] receivingRoutine(): [LoRaMesher] Receiving LoRa packet: Size: 17 bytes RSSI: -18 SNR: 13
15:40:36.386 > [573313][V][LoraMesher.cpp:647] processPackets(): [LoRaMesher] Size of Received Packets Queue: 1
15:40:36.395 > [573322][V][LoraMesher.cpp:754] printHeaderPacket(): [LoRaMesher] Packet received -- Size: 17 Src: B3F0 Dst: D110 Id: 33 Type: 2 Via: D110 Seq_Id: 0 Num: 0
15:40:36.409 > [573335][I][LoraMesher.cpp:854] processDataPacket(): [LoRaMesher] Data packet from B3F0, destination D110, via D110
15:40:36.419 > [573346][V][LoraMesher.cpp:878] processDataPacket(): [LoRaMesher] Packet not for me, deleting it
15:40:36.427 > [573354][I][PacketQueueService.h:80] deleteQueuePacketAndPacket(): [LoRaMesher] Deleting packet
15:40:36.436 > [573363][I][PacketQueueService.h:83] deleteQueuePacketAndPacket(): [LoRaMesher] Deleting packet queue
15:40:36.445 > [573372][V][LoraMesher.cpp:641] processPackets(): [LoRaMesher] Stack space unused after entering the task: 2056
15:40:36.455 > [573382][V][LoraMesher.cpp:642] processPackets(): [LoRaMesher] Free heap: 336208
15:40:55.623 > [592551][V][LoraMesher.cpp:378] receivingRoutine(): [LoRaMesher] Stack space unused after entering the task: 2104
15:40:55.633 > [592561][V][LoraMesher.cpp:379] receivingRoutine(): [LoRaMesher] Free heap: 336208
15:40:55.641 > [592568][I][PacketService.cpp:12] createEmptyPacket(): [LoRaMesher] Packet created with 17 bytes
15:40:55.650 > [592577][I][LoraMesher.cpp:392] receivingRoutine(): [LoRaMesher] Receiving LoRa packet: Size: 17 bytes RSSI: -17 SNR: 13
15:40:55.661 > [592588][V][LoraMesher.cpp:647] processPackets(): [LoRaMesher] Size of Received Packets Queue: 1
15:40:55.670 > [592597][V][LoraMesher.cpp:754] printHeaderPacket(): [LoRaMesher] Packet received -- Size: 17 Src: B3F0 Dst: D110 Id: 34 Type: 2 Via: D110 Seq_Id: 0 Num: 0
15:40:55.683 > [592611][I][LoraMesher.cpp:854] processDataPacket(): [LoRaMesher] Data packet from B3F0, destination D110, via D110
15:40:55.693 > [592621][V][LoraMesher.cpp:878] processDataPacket(): [LoRaMesher] Packet not for me, deleting it
15:40:55.702 > [592630][I][PacketQueueService.h:80] deleteQueuePacketAndPacket(): [LoRaMesher] Deleting packet
15:40:55.711 > [592638][I][PacketQueueService.h:83] deleteQueuePacketAndPacket(): [LoRaMesher] Deleting packet queue
15:40:55.720 > [592647][V][LoraMesher.cpp:641] processPackets(): [LoRaMesher] Stack space unused after entering the task: 2056
15:40:55.729 > [592657][V][LoraMesher.cpp:642] processPackets(): [LoRaMesher] Free heap: 336208
15:41:09.030 > [605958][V][LoraMesher.cpp:694] routingTableManager(): [LoRaMesher] Stack space unused after entering the task: 2296
15:41:09.041 > [605968][V][LoraMesher.cpp:695] routingTableManager(): [LoRaMesher] Free heap: 336208
15:41:09.049 > [605976][I][RoutingTableService.cpp:216] manageTimeoutRoutingTable(): [LoRaMesher] Checking routes timeout
15:41:09.058 > [605985][I][RoutingTableService.cpp:192] printRoutingTable(): [LoRaMesher] Current routing table:
15:41:09.067 > [605994][I][RoutingTableService.cpp:206] printRoutingTable(): [LoRaMesher] 0 - B3F0 via B3F0 metric 1 Role 0
15:41:09.076 > [606004][I][RoutingTableService.cpp:206] printRoutingTable(): [LoRaMesher] 1 - D110 via D110 metric 1 Role 1
15:41:09.086 > [606013][I][RoutingTableService.cpp:206] printRoutingTable(): [LoRaMesher] 2 - F02C via F02C metric 1 Role 0
15:41:11.293 > [608221][V][LoraMesher.cpp:598] sendHelloPacket(): [LoRaMesher] Creating Routing Packet
15:41:11.300 > [608229][V][LoraMesher.cpp:599] sendHelloPacket(): [LoRaMesher] Stack space unused after entering the task: 2328
15:41:11.311 > [608239][V][LoraMesher.cpp:600] sendHelloPacket(): [LoRaMesher] Free heap: 336208
15:41:11.320 > [608246][V][PacketFactory.h:45] createPacket(): [LoRaMesher] Creating packet with 20 bytes
15:41:11.327 > [608254][I][PacketFactory.h:74] createPacket(): [LoRaMesher] Packet created with 20 bytes
15:41:11.335 > [608262][I][LoraMesher.h:659] setPackedForSend(): [LoRaMesher] Adding packet to Q_SP
15:41:11.342 > [608270][I][LoraMesher.h:661] setPackedForSend(): [LoRaMesher] Created packet to Q_SP
15:41:11.349 > [608277][I][LoraMesher.cpp:1061] addToSendOrderedAndNotify(): [LoRaMesher] Added packet to Q_SP, notifying sender task
15:41:11.359 > [608288][V][LoraMesher.cpp:511] sendPackets(): [LoRaMesher] Stack space unused after entering the task: 2148
15:41:11.369 > [608298][V][LoraMesher.cpp:512] sendPackets(): [LoRaMesher] Free heap: 336112
15:41:11.377 > [608304][V][LoraMesher.cpp:518] sendPackets(): [LoRaMesher] Size of Send Packets Queue: 1
15:41:11.384 > [608312][V][LoraMesher.cpp:525] sendPackets(): [LoRaMesher] Send n. 5
15:41:11.390 > [608319][V][LoraMesher.cpp:455] waitBeforeSend(): [LoRaMesher] RandomDelay 1062 ms
15:41:12.460 > [609388][V][LoraMesher.cpp:754] printHeaderPacket(): [LoRaMesher] Packet send -- Size: 20 Src: DE6C Dst: FFFF Id: 5 Type: 4 Via: 0 Seq_Id: 0 Num: 0
15:41:12.556 > [609485][V][LoraMesher.cpp:575] sendPackets(): [LoRaMesher] TimeOnAir 70 ms, next message in 0 ms
15:41:12.565 > [609494][I][PacketQueueService.h:80] deleteQueuePacketAndPacket(): [LoRaMesher] Deleting packet
15:41:12.574 > [609502][I][PacketQueueService.h:83] deleteQueuePacketAndPacket(): [LoRaMesher] Deleting packet queue
15:41:12.635 > [609563][V][LoraMesher.cpp:378] receivingRoutine(): [LoRaMesher] Stack space unused after entering the task: 2104
15:41:12.646 > [609573][V][LoraMesher.cpp:379] receivingRoutine(): [LoRaMesher] Free heap: 336208
15:41:12.652 > [609581][I][PacketService.cpp:12] createEmptyPacket(): [LoRaMesher] Packet created with 24 bytes
15:41:12.661 > [609590][I][LoraMesher.cpp:392] receivingRoutine(): [LoRaMesher] Receiving LoRa packet: Size: 24 bytes RSSI: -4 SNR: 13
15:41:12.673 > [609601][V][LoraMesher.cpp:647] processPackets(): [LoRaMesher] Size of Received Packets Queue: 1
15:41:12.681 > [609609][V][LoraMesher.cpp:754] printHeaderPacket(): [LoRaMesher] Packet received -- Size: 24 Src: F02C Dst: FFFF Id: 5 Type: 4 Via: 0 Seq_Id: 0 Num: 0
15:41:12.695 > [609623][I][RoutingTableService.cpp:77] processRoute(): [LoRaMesher] Route packet from F02C with size 4
15:41:12.704 > [609632][I][RoutingTableService.cpp:99] resetReceiveSNRRoutePacket(): [LoRaMesher] Reset Receive SNR from F02C: 13
15:41:12.714 > [609642][I][RoutingTableService.cpp:156] addNodeToRoutingTable(): [LoRaMesher] New route added: C998 via F02C metric 2, role 0
15:41:12.725 > [609653][I][RoutingTableService.cpp:192] printRoutingTable(): [LoRaMesher] Current routing table:
15:41:12.734 > [609662][I][RoutingTableService.cpp:206] printRoutingTable(): [LoRaMesher] 0 - B3F0 via B3F0 metric 1 Role 0
15:41:12.743 > [609672][I][RoutingTableService.cpp:206] printRoutingTable(): [LoRaMesher] 1 - D110 via D110 metric 1 Role 1
15:41:12.754 > [609681][I][RoutingTableService.cpp:206] printRoutingTable(): [LoRaMesher] 2 - F02C via F02C metric 1 Role 0
15:41:12.763 > [609691][I][RoutingTableService.cpp:206] printRoutingTable(): [LoRaMesher] 3 - C998 via F02C metric 2 Role 0
15:41:12.772 > [609701][I][PacketQueueService.h:80] deleteQueuePacketAndPacket(): [LoRaMesher] Deleting packet
15:41:12.781 > [609709][I][PacketQueueService.h:83] deleteQueuePacketAndPacket(): [LoRaMesher] Deleting packet queue
15:41:12.790 > [609718][V][LoraMesher.cpp:641] processPackets(): [LoRaMesher] Stack space unused after entering the task: 2056
15:41:12.800 > [609728][V][LoraMesher.cpp:642] processPackets(): [LoRaMesher] Free heap: 336136
15:41:14.619 > [611547][V][LoraMesher.cpp:378] receivingRoutine(): [LoRaMesher] Stack space unused after entering the task: 2104
15:41:14.630 > [611558][V][LoraMesher.cpp:379] receivingRoutine(): [LoRaMesher] Free heap: 336136
15:41:14.637 > [611565][I][PacketService.cpp:12] createEmptyPacket(): [LoRaMesher] Packet created with 24 bytes
15:41:14.645 > [611574][I][LoraMesher.cpp:392] receivingRoutine(): [LoRaMesher] Receiving LoRa packet: Size: 24 bytes RSSI: -16 SNR: 13
15:41:14.657 > [611585][V][LoraMesher.cpp:647] processPackets(): [LoRaMesher] Size of Received Packets Queue: 1
15:41:14.665 > [611594][V][LoraMesher.cpp:754] printHeaderPacket(): [LoRaMesher] Packet received -- Size: 24 Src: B3F0 Dst: FFFF Id: 35 Type: 4 Via: 0 Seq_Id: 0 Num: 0
15:41:14.680 > [611607][I][RoutingTableService.cpp:77] processRoute(): [LoRaMesher] Route packet from B3F0 with size 4
15:41:14.689 > [611616][I][RoutingTableService.cpp:99] resetReceiveSNRRoutePacket(): [LoRaMesher] Reset Receive SNR from B3F0: 13
15:41:14.698 > [611627][I][RoutingTableService.cpp:192] printRoutingTable(): [LoRaMesher] Current routing table:
15:41:14.708 > [611635][I][RoutingTableService.cpp:206] printRoutingTable(): [LoRaMesher] 0 - B3F0 via B3F0 metric 1 Role 0
15:41:14.716 > [611645][I][RoutingTableService.cpp:206] printRoutingTable(): [LoRaMesher] 1 - D110 via D110 metric 1 Role 1
15:41:14.727 > [611654][I][RoutingTableService.cpp:206] printRoutingTable(): [LoRaMesher] 2 - F02C via F02C metric 1 Role 0
15:41:14.737 > [611664][I][RoutingTableService.cpp:206] printRoutingTable(): [LoRaMesher] 3 - C998 via F02C metric 2 Role 0
15:41:14.745 > [611674][I][PacketQueueService.h:80] deleteQueuePacketAndPacket(): [LoRaMesher] Deleting packet
15:41:14.754 > [611682][I][PacketQueueService.h:83] deleteQueuePacketAndPacket(): [LoRaMesher] Deleting packet queue
15:41:14.763 > [611691][V][LoraMesher.cpp:641] processPackets(): [LoRaMesher] Stack space unused after entering the task: 2056
15:41:14.773 > [611701][V][LoraMesher.cpp:642] processPackets(): [LoRaMesher] Free heap: 336136
15:41:15.776 > [612704][V][LoraMesher.cpp:378] receivingRoutine(): [LoRaMesher] Stack space unused after entering the task: 2104
15:41:15.787 > [612714][V][LoraMesher.cpp:379] receivingRoutine(): [LoRaMesher] Free heap: 336136
15:41:15.793 > [612722][I][PacketService.cpp:12] createEmptyPacket(): [LoRaMesher] Packet created with 17 bytes
15:41:15.802 > [612731][I][LoraMesher.cpp:392] receivingRoutine(): [LoRaMesher] Receiving LoRa packet: Size: 17 bytes RSSI: -16 SNR: 13
15:41:15.813 > [612742][V][LoraMesher.cpp:647] processPackets(): [LoRaMesher] Size of Received Packets Queue: 1
15:41:15.822 > [612750][V][LoraMesher.cpp:754] printHeaderPacket(): [LoRaMesher] Packet received -- Size: 17 Src: B3F0 Dst: D110 Id: 36 Type: 2 Via: D110 Seq_Id: 0 Num: 0
15:41:15.836 > [612764][I][LoraMesher.cpp:854] processDataPacket(): [LoRaMesher] Data packet from B3F0, destination D110, via D110
15:41:15.846 > [612774][V][LoraMesher.cpp:878] processDataPacket(): [LoRaMesher] Packet not for me, deleting it
15:41:15.855 > [612783][I][PacketQueueService.h:80] deleteQueuePacketAndPacket(): [LoRaMesher] Deleting packet
15:41:15.863 > [612792][I][PacketQueueService.h:83] deleteQueuePacketAndPacket(): [LoRaMesher] Deleting packet queue
15:41:15.872 > [612801][V][LoraMesher.cpp:641] processPackets(): [LoRaMesher] Stack space unused after entering the task: 2056
15:41:15.883 > [612810][V][LoraMesher.cpp:642] processPackets(): [LoRaMesher] Free heap: 336136
15:41:36.470 > [633399][V][LoraMesher.cpp:378] receivingRoutine(): [LoRaMesher] Stack space unused after entering the task: 2104
15:41:36.481 > [633409][V][LoraMesher.cpp:379] receivingRoutine(): [LoRaMesher] Free heap: 336136
15:41:36.488 > [633416][I][PacketService.cpp:12] createEmptyPacket(): [LoRaMesher] Packet created with 17 bytes
15:41:36.497 > [633425][I][LoraMesher.cpp:392] receivingRoutine(): [LoRaMesher] Receiving LoRa packet: Size: 17 bytes RSSI: -17 SNR: 13
15:41:36.508 > [633436][V][LoraMesher.cpp:647] processPackets(): [LoRaMesher] Size of Received Packets Queue: 1
15:41:36.517 > [633445][V][LoraMesher.cpp:754] printHeaderPacket(): [LoRaMesher] Packet received -- Size: 17 Src: B3F0 Dst: D110 Id: 37 Type: 2 Via: D110 Seq_Id: 0 Num: 0
15:41:36.530 > [633459][I][LoraMesher.cpp:854] processDataPacket(): [LoRaMesher] Data packet from B3F0, destination D110, via D110
15:41:36.541 > [633469][V][LoraMesher.cpp:878] processDataPacket(): [LoRaMesher] Packet not for me, deleting it
15:41:36.549 > [633477][I][PacketQueueService.h:80] deleteQueuePacketAndPacket(): [LoRaMesher] Deleting packet
15:41:36.558 > [633486][I][PacketQueueService.h:83] deleteQueuePacketAndPacket(): [LoRaMesher] Deleting packet queue
15:41:36.567 > [633495][V][LoraMesher.cpp:641] processPackets(): [LoRaMesher] Stack space unused after entering the task: 2056
15:41:36.577 > [633505][V][LoraMesher.cpp:642] processPackets(): [LoRaMesher] Free heap: 336136
15:41:56.428 > [653357][V][LoraMesher.cpp:378] receivingRoutine(): [LoRaMesher] Stack space unused after entering the task: 2104
15:41:56.439 > [653367][V][LoraMesher.cpp:379] receivingRoutine(): [LoRaMesher] Free heap: 336136
15:41:56.447 > [653375][I][PacketService.cpp:12] createEmptyPacket(): [LoRaMesher] Packet created with 17 bytes
15:41:56.455 > [653384][I][LoraMesher.cpp:392] receivingRoutine(): [LoRaMesher] Receiving LoRa packet: Size: 17 bytes RSSI: -19 SNR: 13
15:41:56.467 > [653395][V][LoraMesher.cpp:647] processPackets(): [LoRaMesher] Size of Received Packets Queue: 1
15:41:56.475 > [653403][V][LoraMesher.cpp:754] printHeaderPacket(): [LoRaMesher] Packet received -- Size: 17 Src: B3F0 Dst: D110 Id: 38 Type: 2 Via: D110 Seq_Id: 0 Num: 0
15:41:56.489 > [653417][I][LoraMesher.cpp:854] processDataPacket(): [LoRaMesher] Data packet from B3F0, destination D110, via D110
15:41:56.499 > [653427][V][LoraMesher.cpp:878] processDataPacket(): [LoRaMesher] Packet not for me, deleting it
15:41:56.508 > [653436][I][PacketQueueService.h:80] deleteQueuePacketAndPacket(): [LoRaMesher] Deleting packet
15:41:56.516 > [653444][I][PacketQueueService.h:83] deleteQueuePacketAndPacket(): [LoRaMesher] Deleting packet queue
15:41:56.525 > [653453][V][LoraMesher.cpp:641] processPackets(): [LoRaMesher] Stack space unused after entering the task: 2056
15:41:56.535 > [653463][V][LoraMesher.cpp:642] processPackets(): [LoRaMesher] Free heap: 336136
15:41:59.791 > [656720][V][LoraMesher.cpp:378] receivingRoutine(): [LoRaMesher] Stack space unused after entering the task: 2104
15:41:59.802 > [656730][V][LoraMesher.cpp:379] receivingRoutine(): [LoRaMesher] Free heap: 336136
15:41:59.810 > [656738][I][PacketService.cpp:12] createEmptyPacket(): [LoRaMesher] Packet created with 24 bytes
15:41:59.818 > [656747][I][LoraMesher.cpp:392] receivingRoutine(): [LoRaMesher] Receiving LoRa packet: Size: 24 bytes RSSI: -73 SNR: 2
15:41:59.830 > [656758][V][LoraMesher.cpp:647] processPackets(): [LoRaMesher] Size of Received Packets Queue: 1
15:41:59.838 > [656766][V][LoraMesher.cpp:754] printHeaderPacket(): [LoRaMesher] Packet received -- Size: 24 Src: C998 Dst: FFFF Id: 1 Type: 4 Via: 0 Seq_Id: 0 Num: 0
15:41:59.852 > [656780][I][RoutingTableService.cpp:77] processRoute(): [LoRaMesher] Route packet from C998 with size 4
15:41:59.861 > [656789][I][RoutingTableService.cpp:119] processRoute(): [LoRaMesher] Found better route for C998 via C998 metric 1
15:41:59.871 > [656799][I][RoutingTableService.cpp:99] resetReceiveSNRRoutePacket(): [LoRaMesher] Reset Receive SNR from C998: 2
15:41:59.881 > [656809][I][RoutingTableService.cpp:192] printRoutingTable(): [LoRaMesher] Current routing table:
15:41:59.890 > [656818][I][RoutingTableService.cpp:206] printRoutingTable(): [LoRaMesher] 0 - B3F0 via B3F0 metric 1 Role 0
15:41:59.900 > [656828][I][RoutingTableService.cpp:206] printRoutingTable(): [LoRaMesher] 1 - D110 via D110 metric 1 Role 1
15:41:59.909 > [656837][I][RoutingTableService.cpp:206] printRoutingTable(): [LoRaMesher] 2 - F02C via F02C metric 1 Role 0
15:41:59.919 > [656847][I][RoutingTableService.cpp:206] printRoutingTable(): [LoRaMesher] 3 - C998 via C998 metric 1 Role 0
15:41:59.928 > [656857][I][PacketQueueService.h:80] deleteQueuePacketAndPacket(): [LoRaMesher] Deleting packet
15:41:59.937 > [656865][I][PacketQueueService.h:83] deleteQueuePacketAndPacket(): [LoRaMesher] Deleting packet queue
15:41:59.946 > [656874][V][LoraMesher.cpp:641] processPackets(): [LoRaMesher] Stack space unused after entering the task: 2056
15:41:59.956 > [656884][V][LoraMesher.cpp:642] processPackets(): [LoRaMesher] Free heap: 336136
15:42:16.353 > [673282][V][LoraMesher.cpp:378] receivingRoutine(): [LoRaMesher] Stack space unused after entering the task: 2104
15:42:16.364 > [673292][V][LoraMesher.cpp:379] receivingRoutine(): [LoRaMesher] Free heap: 336136
15:42:16.371 > [673299][I][PacketService.cpp:12] createEmptyPacket(): [LoRaMesher] Packet created with 17 bytes
15:42:16.380 > [673308][I][LoraMesher.cpp:392] receivingRoutine(): [LoRaMesher] Receiving LoRa packet: Size: 17 bytes RSSI: -19 SNR: 13
15:42:16.390 > [673319][V][LoraMesher.cpp:647] processPackets(): [LoRaMesher] Size of Received Packets Queue: 1
15:42:16.400 > [673328][V][LoraMesher.cpp:754] printHeaderPacket(): [LoRaMesher] Packet received -- Size: 17 Src: B3F0 Dst: D110 Id: 39 Type: 2 Via: D110 Seq_Id: 0 Num: 0
15:42:16.413 > [673342][I][LoraMesher.cpp:854] processDataPacket(): [LoRaMesher] Data packet from B3F0, destination D110, via D110
15:42:16.424 > [673352][V][LoraMesher.cpp:878] processDataPacket(): [LoRaMesher] Packet not for me, deleting it
15:42:16.432 > [673360][I][PacketQueueService.h:80] deleteQueuePacketAndPacket(): [LoRaMesher] Deleting packet
15:42:16.440 > [673369][I][PacketQueueService.h:83] deleteQueuePacketAndPacket(): [LoRaMesher] Deleting packet queue
15:42:16.449 > [673378][V][LoraMesher.cpp:641] processPackets(): [LoRaMesher] Stack space unused after entering the task: 2056
15:42:16.459 > [673388][V][LoraMesher.cpp:642] processPackets(): [LoRaMesher] Free heap: 336136
15:42:36.649 > [693578][V][LoraMesher.cpp:378] receivingRoutine(): [LoRaMesher] Stack space unused after entering the task: 2104
15:42:36.660 > [693588][V][LoraMesher.cpp:379] receivingRoutine(): [LoRaMesher] Free heap: 336136
15:42:36.668 > [693596][I][PacketService.cpp:12] createEmptyPacket(): [LoRaMesher] Packet created with 17 bytes
15:42:36.676 > [693604][I][LoraMesher.cpp:392] receivingRoutine(): [LoRaMesher] Receiving LoRa packet: Size: 17 bytes RSSI: -17 SNR: 13
15:42:36.687 > [693616][V][LoraMesher.cpp:647] processPackets(): [LoRaMesher] Size of Received Packets Queue: 1
15:42:36.695 > [693624][V][LoraMesher.cpp:754] printHeaderPacket(): [LoRaMesher] Packet received -- Size: 17 Src: B3F0 Dst: D110 Id: 40 Type: 2 Via: D110 Seq_Id: 0 Num: 0
15:42:36.710 > [693638][I][LoraMesher.cpp:854] processDataPacket(): [LoRaMesher] Data packet from B3F0, destination D110, via D110
15:42:36.720 > [693648][V][LoraMesher.cpp:878] processDataPacket(): [LoRaMesher] Packet not for me, deleting it
15:42:36.728 > [693657][I][PacketQueueService.h:80] deleteQueuePacketAndPacket(): [LoRaMesher] Deleting packet
15:42:36.737 > [693665][I][PacketQueueService.h:83] deleteQueuePacketAndPacket(): [LoRaMesher] Deleting packet queue
15:42:36.746 > [693674][V][LoraMesher.cpp:641] processPackets(): [LoRaMesher] Stack space unused after entering the task: 2056
15:42:36.755 > [693684][V][LoraMesher.cpp:642] processPackets(): [LoRaMesher] Free heap: 336136
15:42:56.386 > [713314][V][LoraMesher.cpp:378] receivingRoutine(): [LoRaMesher] Stack space unused after entering the task: 2104
15:42:56.397 > [713325][V][LoraMesher.cpp:379] receivingRoutine(): [LoRaMesher] Free heap: 336136
15:42:56.404 > [713332][I][PacketService.cpp:12] createEmptyPacket(): [LoRaMesher] Packet created with 17 bytes
15:42:56.413 > [713341][I][LoraMesher.cpp:392] receivingRoutine(): [LoRaMesher] Receiving LoRa packet: Size: 17 bytes RSSI: -17 SNR: 13
15:42:56.424 > [713352][V][LoraMesher.cpp:647] processPackets(): [LoRaMesher] Size of Received Packets Queue: 1
15:42:56.433 > [713361][V][LoraMesher.cpp:754] printHeaderPacket(): [LoRaMesher] Packet received -- Size: 17 Src: B3F0 Dst: D110 Id: 41 Type: 2 Via: D110 Seq_Id: 0 Num: 0
15:42:56.447 > [713374][I][LoraMesher.cpp:854] processDataPacket(): [LoRaMesher] Data packet from B3F0, destination D110, via D110
15:42:56.457 > [713385][V][LoraMesher.cpp:878] processDataPacket(): [LoRaMesher] Packet not for me, deleting it
15:42:56.465 > [713393][I][PacketQueueService.h:80] deleteQueuePacketAndPacket(): [LoRaMesher] Deleting packet
15:42:56.474 > [713402][I][PacketQueueService.h:83] deleteQueuePacketAndPacket(): [LoRaMesher] Deleting packet queue
15:42:56.483 > [713411][V][LoraMesher.cpp:641] processPackets(): [LoRaMesher] Stack space unused after entering the task: 2056
15:42:56.493 > [713421][V][LoraMesher.cpp:642] processPackets(): [LoRaMesher] Free heap: 336136
15:43:11.360 > [728288][V][LoraMesher.cpp:598] sendHelloPacket(): [LoRaMesher] Creating Routing Packet
15:43:11.368 > [728296][V][LoraMesher.cpp:599] sendHelloPacket(): [LoRaMesher] Stack space unused after entering the task: 2328
15:43:11.378 > [728306][V][LoraMesher.cpp:600] sendHelloPacket(): [LoRaMesher] Free heap: 336136
15:43:11.386 > [728313][V][PacketFactory.h:45] createPacket(): [LoRaMesher] Creating packet with 24 bytes
15:43:11.394 > [728321][I][PacketFactory.h:74] createPacket(): [LoRaMesher] Packet created with 24 bytes
15:43:11.402 > [728329][I][LoraMesher.h:659] setPackedForSend(): [LoRaMesher] Adding packet to Q_SP
15:43:11.409 > [728337][I][LoraMesher.h:661] setPackedForSend(): [LoRaMesher] Created packet to Q_SP
15:43:11.417 > [728344][I][LoraMesher.cpp:1061] addToSendOrderedAndNotify(): [LoRaMesher] Added packet to Q_SP, notifying sender task
15:43:11.427 > [728355][V][LoraMesher.cpp:511] sendPackets(): [LoRaMesher] Stack space unused after entering the task: 2148
15:43:11.437 > [728365][V][LoraMesher.cpp:512] sendPackets(): [LoRaMesher] Free heap: 336036
15:43:11.444 > [728372][V][LoraMesher.cpp:518] sendPackets(): [LoRaMesher] Size of Send Packets Queue: 1
15:43:11.452 > [728379][V][LoraMesher.cpp:525] sendPackets(): [LoRaMesher] Send n. 6
15:43:11.458 > [728386][V][LoraMesher.cpp:455] waitBeforeSend(): [LoRaMesher] RandomDelay 357 ms
15:43:11.821 > [728749][V][LoraMesher.cpp:754] printHeaderPacket(): [LoRaMesher] Packet send -- Size: 24 Src: DE6C Dst: FFFF Id: 6 Type: 4 Via: 0 Seq_Id: 0 Num: 0
15:43:11.925 > [728853][V][LoraMesher.cpp:575] sendPackets(): [LoRaMesher] TimeOnAir 78 ms, next message in 0 ms
15:43:11.934 > [728862][I][PacketQueueService.h:80] deleteQueuePacketAndPacket(): [LoRaMesher] Deleting packet
15:43:11.943 > [728870][I][PacketQueueService.h:83] deleteQueuePacketAndPacket(): [LoRaMesher] Deleting packet queue
15:43:12.545 > [729473][V][LoraMesher.cpp:378] receivingRoutine(): [LoRaMesher] Stack space unused after entering the task: 2104
15:43:12.556 > [729483][V][LoraMesher.cpp:379] receivingRoutine(): [LoRaMesher] Free heap: 336136
15:43:12.563 > [729491][I][PacketService.cpp:12] createEmptyPacket(): [LoRaMesher] Packet created with 24 bytes
15:43:12.572 > [729500][I][LoraMesher.cpp:392] receivingRoutine(): [LoRaMesher] Receiving LoRa packet: Size: 24 bytes RSSI: -21 SNR: 13
15:43:12.583 > [729511][V][LoraMesher.cpp:647] processPackets(): [LoRaMesher] Size of Received Packets Queue: 1
15:43:12.592 > [729520][V][LoraMesher.cpp:754] printHeaderPacket(): [LoRaMesher] Packet received -- Size: 24 Src: D110 Dst: FFFF Id: 6 Type: 4 Via: 0 Seq_Id: 0 Num: 0
15:43:12.605 > [729533][I][RoutingTableService.cpp:77] processRoute(): [LoRaMesher] Route packet from D110 with size 4
15:43:12.615 > [729542][I][RoutingTableService.cpp:99] resetReceiveSNRRoutePacket(): [LoRaMesher] Reset Receive SNR from D110: 13
15:43:12.625 > [729552][I][RoutingTableService.cpp:192] printRoutingTable(): [LoRaMesher] Current routing table:
15:43:12.634 > [729561][I][RoutingTableService.cpp:206] printRoutingTable(): [LoRaMesher] 0 - B3F0 via B3F0 metric 1 Role 0
15:43:12.643 > [729571][I][RoutingTableService.cpp:206] printRoutingTable(): [LoRaMesher] 1 - D110 via D110 metric 1 Role 1
15:43:12.653 > [729580][I][RoutingTableService.cpp:206] printRoutingTable(): [LoRaMesher] 2 - F02C via F02C metric 1 Role 0
15:43:12.662 > [729590][I][RoutingTableService.cpp:206] printRoutingTable(): [LoRaMesher] 3 - C998 via C998 metric 1 Role 0
15:43:12.672 > [729600][I][PacketQueueService.h:80] deleteQueuePacketAndPacket(): [LoRaMesher] Deleting packet
15:43:12.680 > [729608][I][PacketQueueService.h:83] deleteQueuePacketAndPacket(): [LoRaMesher] Deleting packet queue
15:43:12.690 > [729617][V][LoraMesher.cpp:641] processPackets(): [LoRaMesher] Stack space unused after entering the task: 2056
15:43:12.699 > [729627][V][LoraMesher.cpp:642] processPackets(): [LoRaMesher] Free heap: 336136
15:43:13.720 > [730648][V][LoraMesher.cpp:378] receivingRoutine(): [LoRaMesher] Stack space unused after entering the task: 2104
15:43:13.730 > [730658][V][LoraMesher.cpp:379] receivingRoutine(): [LoRaMesher] Free heap: 336136
15:43:13.738 > [730666][I][PacketService.cpp:12] createEmptyPacket(): [LoRaMesher] Packet created with 24 bytes
15:43:13.747 > [730674][I][LoraMesher.cpp:392] receivingRoutine(): [LoRaMesher] Receiving LoRa packet: Size: 24 bytes RSSI: -4 SNR: 13
15:43:13.758 > [730685][V][LoraMesher.cpp:647] processPackets(): [LoRaMesher] Size of Received Packets Queue: 1
15:43:13.767 > [730694][V][LoraMesher.cpp:754] printHeaderPacket(): [LoRaMesher] Packet received -- Size: 24 Src: F02C Dst: FFFF Id: 6 Type: 4 Via: 0 Seq_Id: 0 Num: 0
15:43:13.780 > [730708][I][RoutingTableService.cpp:77] processRoute(): [LoRaMesher] Route packet from F02C with size 4
15:43:13.789 > [730717][I][RoutingTableService.cpp:99] resetReceiveSNRRoutePacket(): [LoRaMesher] Reset Receive SNR from F02C: 13
15:43:13.799 > [730727][I][RoutingTableService.cpp:192] printRoutingTable(): [LoRaMesher] Current routing table:
15:43:13.808 > [730736][I][RoutingTableService.cpp:206] printRoutingTable(): [LoRaMesher] 0 - B3F0 via B3F0 metric 1 Role 0
15:43:13.818 > [730745][I][RoutingTableService.cpp:206] printRoutingTable(): [LoRaMesher] 1 - D110 via D110 metric 1 Role 1
15:43:13.827 > [730755][I][RoutingTableService.cpp:206] printRoutingTable(): [LoRaMesher] 2 - F02C via F02C metric 1 Role 0
15:43:13.837 > [730764][I][RoutingTableService.cpp:206] printRoutingTable(): [LoRaMesher] 3 - C998 via C998 metric 1 Role 0
15:43:13.846 > [730774][I][PacketQueueService.h:80] deleteQueuePacketAndPacket(): [LoRaMesher] Deleting packet
15:43:13.855 > [730783][I][PacketQueueService.h:83] deleteQueuePacketAndPacket(): [LoRaMesher] Deleting packet queue
15:43:13.864 > [730792][V][LoraMesher.cpp:641] processPackets(): [LoRaMesher] Stack space unused after entering the task: 2056
15:43:13.874 > [730802][V][LoraMesher.cpp:642] processPackets(): [LoRaMesher] Free heap: 336136
15:43:14.694 > [731622][V][LoraMesher.cpp:378] receivingRoutine(): [LoRaMesher] Stack space unused after entering the task: 2104
15:43:14.705 > [731632][V][LoraMesher.cpp:379] receivingRoutine(): [LoRaMesher] Free heap: 336136
15:43:14.712 > [731640][I][PacketService.cpp:12] createEmptyPacket(): [LoRaMesher] Packet created with 24 bytes
15:43:14.721 > [731648][I][LoraMesher.cpp:392] receivingRoutine(): [LoRaMesher] Receiving LoRa packet: Size: 24 bytes RSSI: -18 SNR: 13
15:43:14.732 > [731660][V][LoraMesher.cpp:647] processPackets(): [LoRaMesher] Size of Received Packets Queue: 1
15:43:14.741 > [731668][V][LoraMesher.cpp:754] printHeaderPacket(): [LoRaMesher] Packet received -- Size: 24 Src: B3F0 Dst: FFFF Id: 42 Type: 4 Via: 0 Seq_Id: 0 Num: 0
15:43:14.754 > [731682][I][RoutingTableService.cpp:77] processRoute(): [LoRaMesher] Route packet from B3F0 with size 4
15:43:14.763 > [731691][I][RoutingTableService.cpp:99] resetReceiveSNRRoutePacket(): [LoRaMesher] Reset Receive SNR from B3F0: 13
15:43:14.774 > [731701][I][RoutingTableService.cpp:192] printRoutingTable(): [LoRaMesher] Current routing table:
15:43:14.782 > [731710][I][RoutingTableService.cpp:206] printRoutingTable(): [LoRaMesher] 0 - B3F0 via B3F0 metric 1 Role 0
15:43:14.792 > [731719][I][RoutingTableService.cpp:206] printRoutingTable(): [LoRaMesher] 1 - D110 via D110 metric 1 Role 1
15:43:14.802 > [731729][I][RoutingTableService.cpp:206] printRoutingTable(): [LoRaMesher] 2 - F02C via F02C metric 1 Role 0
15:43:14.811 > [731739][I][RoutingTableService.cpp:206] printRoutingTable(): [LoRaMesher] 3 - C998 via C998 metric 1 Role 0
15:43:14.821 > [731748][I][PacketQueueService.h:80] deleteQueuePacketAndPacket(): [LoRaMesher] Deleting packet
15:43:14.829 > [731757][I][PacketQueueService.h:83] deleteQueuePacketAndPacket(): [LoRaMesher] Deleting packet queue
15:43:14.838 > [731766][V][LoraMesher.cpp:641] processPackets(): [LoRaMesher] Stack space unused after entering the task: 2056
15:43:14.848 > [731776][V][LoraMesher.cpp:642] processPackets(): [LoRaMesher] Free heap: 336136
15:43:16.922 > [733850][V][LoraMesher.cpp:378] receivingRoutine(): [LoRaMesher] Stack space unused after entering the task: 2104
15:43:16.932 > [733860][V][LoraMesher.cpp:379] receivingRoutine(): [LoRaMesher] Free heap: 336136
15:43:16.940 > [733867][I][PacketService.cpp:12] createEmptyPacket(): [LoRaMesher] Packet created with 17 bytes
15:43:16.949 > [733876][I][LoraMesher.cpp:392] receivingRoutine(): [LoRaMesher] Receiving LoRa packet: Size: 17 bytes RSSI: -17 SNR: 14
15:43:16.960 > [733887][V][LoraMesher.cpp:647] processPackets(): [LoRaMesher] Size of Received Packets Queue: 1
15:43:16.969 > [733896][V][LoraMesher.cpp:754] printHeaderPacket(): [LoRaMesher] Packet received -- Size: 17 Src: B3F0 Dst: D110 Id: 43 Type: 2 Via: D110 Seq_Id: 0 Num: 0
15:43:16.982 > [733910][I][LoraMesher.cpp:854] processDataPacket(): [LoRaMesher] Data packet from B3F0, destination D110, via D110
15:43:16.992 > [733920][V][LoraMesher.cpp:878] processDataPacket(): [LoRaMesher] Packet not for me, deleting it
15:43:17.001 > [733929][I][PacketQueueService.h:80] deleteQueuePacketAndPacket(): [LoRaMesher] Deleting packet
15:43:17.010 > [733937][I][PacketQueueService.h:83] deleteQueuePacketAndPacket(): [LoRaMesher] Deleting packet queue
15:43:17.019 > [733946][V][LoraMesher.cpp:641] processPackets(): [LoRaMesher] Stack space unused after entering the task: 2056
15:43:17.029 > [733956][V][LoraMesher.cpp:642] processPackets(): [LoRaMesher] Free heap: 336136
15:43:36.817 > [753744][V][LoraMesher.cpp:378] receivingRoutine(): [LoRaMesher] Stack space unused after entering the task: 2104
15:43:36.827 > [753754][V][LoraMesher.cpp:379] receivingRoutine(): [LoRaMesher] Free heap: 336136
15:43:36.834 > [753762][I][PacketService.cpp:12] createEmptyPacket(): [LoRaMesher] Packet created with 17 bytes
15:43:36.843 > [753771][I][LoraMesher.cpp:392] receivingRoutine(): [LoRaMesher] Receiving LoRa packet: Size: 17 bytes RSSI: -18 SNR: 13
15:43:36.854 > [753782][V][LoraMesher.cpp:647] processPackets(): [LoRaMesher] Size of Received Packets Queue: 1
15:43:36.863 > [753790][V][LoraMesher.cpp:754] printHeaderPacket(): [LoRaMesher] Packet received -- Size: 17 Src: B3F0 Dst: D110 Id: 44 Type: 2 Via: D110 Seq_Id: 0 Num: 0
15:43:36.877 > [753804][I][LoraMesher.cpp:854] processDataPacket(): [LoRaMesher] Data packet from B3F0, destination D110, via D110
15:43:36.887 > [753814][V][LoraMesher.cpp:878] processDataPacket(): [LoRaMesher] Packet not for me, deleting it
15:43:36.896 > [753823][I][PacketQueueService.h:80] deleteQueuePacketAndPacket(): [LoRaMesher] Deleting packet
15:43:36.904 > [753832][I][PacketQueueService.h:83] deleteQueuePacketAndPacket(): [LoRaMesher] Deleting packet queue
15:43:36.913 > [753841][V][LoraMesher.cpp:641] processPackets(): [LoRaMesher] Stack space unused after entering the task: 2056
15:43:36.923 > [753850][V][LoraMesher.cpp:642] processPackets(): [LoRaMesher] Free heap: 336136
15:43:56.563 > [773490][V][LoraMesher.cpp:378] receivingRoutine(): [LoRaMesher] Stack space unused after entering the task: 2104
15:43:56.574 > [773500][V][LoraMesher.cpp:379] receivingRoutine(): [LoRaMesher] Free heap: 336136
15:43:56.581 > [773507][I][PacketService.cpp:12] createEmptyPacket(): [LoRaMesher] Packet created with 17 bytes
15:43:56.590 > [773516][I][LoraMesher.cpp:392] receivingRoutine(): [LoRaMesher] Receiving LoRa packet: Size: 17 bytes RSSI: -18 SNR: 12
15:43:56.601 > [773527][V][LoraMesher.cpp:647] processPackets(): [LoRaMesher] Size of Received Packets Queue: 1
15:43:56.610 > [773536][V][LoraMesher.cpp:754] printHeaderPacket(): [LoRaMesher] Packet received -- Size: 17 Src: B3F0 Dst: D110 Id: 45 Type: 2 Via: D110 Seq_Id: 0 Num: 0
15:43:56.623 > [773550][I][LoraMesher.cpp:854] processDataPacket(): [LoRaMesher] Data packet from B3F0, destination D110, via D110
15:43:56.634 > [773560][V][LoraMesher.cpp:878] processDataPacket(): [LoRaMesher] Packet not for me, deleting it
15:43:56.642 > [773568][I][PacketQueueService.h:80] deleteQueuePacketAndPacket(): [LoRaMesher] Deleting packet
15:43:56.651 > [773577][I][PacketQueueService.h:83] deleteQueuePacketAndPacket(): [LoRaMesher] Deleting packet queue
15:43:56.660 > [773586][V][LoraMesher.cpp:641] processPackets(): [LoRaMesher] Stack space unused after entering the task: 2056
15:43:56.670 > [773596][V][LoraMesher.cpp:642] processPackets(): [LoRaMesher] Free heap: 336136
15:43:59.993 > [776920][V][LoraMesher.cpp:378] receivingRoutine(): [LoRaMesher] Stack space unused after entering the task: 2104
15:44:00.004 > [776930][V][LoraMesher.cpp:379] receivingRoutine(): [LoRaMesher] Free heap: 336136
15:44:00.011 > [776937][I][PacketService.cpp:12] createEmptyPacket(): [LoRaMesher] Packet created with 24 bytes
15:44:00.020 > [776946][I][LoraMesher.cpp:392] receivingRoutine(): [LoRaMesher] Receiving LoRa packet: Size: 24 bytes RSSI: -74 SNR: 3
15:44:00.031 > [776957][V][LoraMesher.cpp:647] processPackets(): [LoRaMesher] Size of Received Packets Queue: 1
15:44:00.040 > [776966][V][LoraMesher.cpp:754] printHeaderPacket(): [LoRaMesher] Packet received -- Size: 24 Src: C998 Dst: FFFF Id: 2 Type: 4 Via: 0 Seq_Id: 0 Num: 0
15:44:00.053 > [776979][I][RoutingTableService.cpp:77] processRoute(): [LoRaMesher] Route packet from C998 with size 4
15:44:00.062 > [776989][I][RoutingTableService.cpp:99] resetReceiveSNRRoutePacket(): [LoRaMesher] Reset Receive SNR from C998: 3
15:44:00.072 > [776999][I][RoutingTableService.cpp:192] printRoutingTable(): [LoRaMesher] Current routing table:
15:44:00.081 > [777007][I][RoutingTableService.cpp:206] printRoutingTable(): [LoRaMesher] 0 - B3F0 via B3F0 metric 1 Role 0
15:44:00.091 > [777017][I][RoutingTableService.cpp:206] printRoutingTable(): [LoRaMesher] 1 - D110 via D110 metric 1 Role 1
15:44:00.100 > [777027][I][RoutingTableService.cpp:206] printRoutingTable(): [LoRaMesher] 2 - F02C via F02C metric 1 Role 0
15:44:00.110 > [777036][I][RoutingTableService.cpp:206] printRoutingTable(): [LoRaMesher] 3 - C998 via C998 metric 1 Role 0
15:44:00.119 > [777046][I][PacketQueueService.h:80] deleteQueuePacketAndPacket(): [LoRaMesher] Deleting packet
15:44:00.128 > [777054][I][PacketQueueService.h:83] deleteQueuePacketAndPacket(): [LoRaMesher] Deleting packet queue
15:44:00.137 > [777063][V][LoraMesher.cpp:641] processPackets(): [LoRaMesher] Stack space unused after entering the task: 2056
15:44:00.147 > [777073][V][LoraMesher.cpp:642] processPackets(): [LoRaMesher] Free heap: 336136
15:44:17.195 > [794121][V][LoraMesher.cpp:378] receivingRoutine(): [LoRaMesher] Stack space unused after entering the task: 2104
15:44:17.205 > [794131][V][LoraMesher.cpp:379] receivingRoutine(): [LoRaMesher] Free heap: 336136
15:44:17.213 > [794139][I][PacketService.cpp:12] createEmptyPacket(): [LoRaMesher] Packet created with 17 bytes
15:44:17.221 > [794148][I][LoraMesher.cpp:392] receivingRoutine(): [LoRaMesher] Receiving LoRa packet: Size: 17 bytes RSSI: -17 SNR: 13
15:44:17.233 > [794159][V][LoraMesher.cpp:647] processPackets(): [LoRaMesher] Size of Received Packets Queue: 1
15:44:17.241 > [794167][V][LoraMesher.cpp:754] printHeaderPacket(): [LoRaMesher] Packet received -- Size: 17 Src: B3F0 Dst: D110 Id: 46 Type: 2 Via: D110 Seq_Id: 0 Num: 0
15:44:17.255 > [794181][I][LoraMesher.cpp:854] processDataPacket(): [LoRaMesher] Data packet from B3F0, destination D110, via D110
15:44:17.265 > [794191][V][LoraMesher.cpp:878] processDataPacket(): [LoRaMesher] Packet not for me, deleting it
15:44:17.274 > [794200][I][PacketQueueService.h:80] deleteQueuePacketAndPacket(): [LoRaMesher] Deleting packet
15:44:17.282 > [794208][I][PacketQueueService.h:83] deleteQueuePacketAndPacket(): [LoRaMesher] Deleting packet queue
15:44:17.291 > [794217][V][LoraMesher.cpp:641] processPackets(): [LoRaMesher] Stack space unused after entering the task: 2056
15:44:17.301 > [794227][V][LoraMesher.cpp:642] processPackets(): [LoRaMesher] Free heap: 336136
15:44:36.645 > [813571][V][LoraMesher.cpp:378] receivingRoutine(): [LoRaMesher] Stack space unused after entering the task: 2104
15:44:36.656 > [813581][V][LoraMesher.cpp:379] receivingRoutine(): [LoRaMesher] Free heap: 336136
15:44:36.663 > [813588][I][PacketService.cpp:12] createEmptyPacket(): [LoRaMesher] Packet created with 17 bytes
15:44:36.672 > [813597][I][LoraMesher.cpp:392] receivingRoutine(): [LoRaMesher] Receiving LoRa packet: Size: 17 bytes RSSI: -17 SNR: 13
15:44:36.683 > [813608][V][LoraMesher.cpp:647] processPackets(): [LoRaMesher] Size of Received Packets Queue: 1
15:44:36.692 > [813617][V][LoraMesher.cpp:754] printHeaderPacket(): [LoRaMesher] Packet received -- Size: 17 Src: B3F0 Dst: D110 Id: 47 Type: 2 Via: D110 Seq_Id: 0 Num: 0
15:44:36.706 > [813631][I][LoraMesher.cpp:854] processDataPacket(): [LoRaMesher] Data packet from B3F0, destination D110, via D110
15:44:36.716 > [813641][V][LoraMesher.cpp:878] processDataPacket(): [LoRaMesher] Packet not for me, deleting it
15:44:36.724 > [813649][I][PacketQueueService.h:80] deleteQueuePacketAndPacket(): [LoRaMesher] Deleting packet
15:44:36.733 > [813658][I][PacketQueueService.h:83] deleteQueuePacketAndPacket(): [LoRaMesher] Deleting packet queue
15:44:36.742 > [813667][V][LoraMesher.cpp:641] processPackets(): [LoRaMesher] Stack space unused after entering the task: 2056
15:44:36.752 > [813677][V][LoraMesher.cpp:642] processPackets(): [LoRaMesher] Free heap: 336136
15:44:56.929 > [833853][V][LoraMesher.cpp:378] receivingRoutine(): [LoRaMesher] Stack space unused after entering the task: 2104
15:44:56.939 > [833863][V][LoraMesher.cpp:379] receivingRoutine(): [LoRaMesher] Free heap: 336136
15:44:56.947 > [833871][I][PacketService.cpp:12] createEmptyPacket(): [LoRaMesher] Packet created with 17 bytes
15:44:56.956 > [833879][I][LoraMesher.cpp:392] receivingRoutine(): [LoRaMesher] Receiving LoRa packet: Size: 17 bytes RSSI: -17 SNR: 13
15:44:56.967 > [833891][V][LoraMesher.cpp:647] processPackets(): [LoRaMesher] Size of Received Packets Queue: 1
15:44:56.975 > [833899][V][LoraMesher.cpp:754] printHeaderPacket(): [LoRaMesher] Packet received -- Size: 17 Src: B3F0 Dst: D110 Id: 48 Type: 2 Via: D110 Seq_Id: 0 Num: 0
15:44:56.989 > [833913][I][LoraMesher.cpp:854] processDataPacket(): [LoRaMesher] Data packet from B3F0, destination D110, via D110
15:44:56.999 > [833923][V][LoraMesher.cpp:878] processDataPacket(): [LoRaMesher] Packet not for me, deleting it
15:44:57.008 > [833932][I][PacketQueueService.h:80] deleteQueuePacketAndPacket(): [LoRaMesher] Deleting packet
15:44:57.016 > [833940][I][PacketQueueService.h:83] deleteQueuePacketAndPacket(): [LoRaMesher] Deleting packet queue
15:44:57.026 > [833949][V][LoraMesher.cpp:641] processPackets(): [LoRaMesher] Stack space unused after entering the task: 2056
15:44:57.035 > [833959][V][LoraMesher.cpp:642] processPackets(): [LoRaMesher] Free heap: 336136
15:45:11.431 > [848355][V][LoraMesher.cpp:598] sendHelloPacket(): [LoRaMesher] Creating Routing Packet
15:45:11.439 > [848363][V][LoraMesher.cpp:599] sendHelloPacket(): [LoRaMesher] Stack space unused after entering the task: 2328
15:45:11.449 > [848373][V][LoraMesher.cpp:600] sendHelloPacket(): [LoRaMesher] Free heap: 336136
15:45:11.456 > [848380][V][PacketFactory.h:45] createPacket(): [LoRaMesher] Creating packet with 24 bytes
15:45:11.464 > [848388][I][PacketFactory.h:74] createPacket(): [LoRaMesher] Packet created with 24 bytes
15:45:11.472 > [848396][I][LoraMesher.h:659] setPackedForSend(): [LoRaMesher] Adding packet to Q_SP
15:45:11.480 > [848404][I][LoraMesher.h:661] setPackedForSend(): [LoRaMesher] Created packet to Q_SP
15:45:11.488 > [848411][I][LoraMesher.cpp:1061] addToSendOrderedAndNotify(): [LoRaMesher] Added packet to Q_SP, notifying sender task
15:45:11.498 > [848422][V][LoraMesher.cpp:511] sendPackets(): [LoRaMesher] Stack space unused after entering the task: 2148
15:45:11.508 > [848432][V][LoraMesher.cpp:512] sendPackets(): [LoRaMesher] Free heap: 336036
15:45:11.515 > [848438][V][LoraMesher.cpp:518] sendPackets(): [LoRaMesher] Size of Send Packets Queue: 1
15:45:11.523 > [848446][V][LoraMesher.cpp:525] sendPackets(): [LoRaMesher] Send n. 7
15:45:11.529 > [848453][V][LoraMesher.cpp:455] waitBeforeSend(): [LoRaMesher] RandomDelay 1141 ms
15:45:12.075 > [848998][V][LoraMesher.cpp:378] receivingRoutine(): [LoRaMesher] Stack space unused after entering the task: 2104
15:45:12.085 > [849009][V][LoraMesher.cpp:379] receivingRoutine(): [LoRaMesher] Free heap: 336064
15:45:12.092 > [849016][I][PacketService.cpp:12] createEmptyPacket(): [LoRaMesher] Packet created with 24 bytes
15:45:12.102 > [849025][I][LoraMesher.cpp:392] receivingRoutine(): [LoRaMesher] Receiving LoRa packet: Size: 24 bytes RSSI: -18 SNR: 13
15:45:12.112 > [849036][V][LoraMesher.cpp:647] processPackets(): [LoRaMesher] Size of Received Packets Queue: 1
15:45:12.121 > [849045][V][LoraMesher.cpp:754] printHeaderPacket(): [LoRaMesher] Packet received -- Size: 24 Src: D110 Dst: FFFF Id: 7 Type: 4 Via: 0 Seq_Id: 0 Num: 0
15:45:12.134 > [849058][I][RoutingTableService.cpp:77] processRoute(): [LoRaMesher] Route packet from D110 with size 4
15:45:12.144 > [849067][I][RoutingTableService.cpp:99] resetReceiveSNRRoutePacket(): [LoRaMesher] Reset Receive SNR from D110: 13
15:45:12.154 > [849078][I][RoutingTableService.cpp:192] printRoutingTable(): [LoRaMesher] Current routing table:
15:45:12.163 > [849086][I][RoutingTableService.cpp:206] printRoutingTable(): [LoRaMesher] 0 - B3F0 via B3F0 metric 1 Role 0
15:45:12.172 > [849096][I][RoutingTableService.cpp:206] printRoutingTable(): [LoRaMesher] 1 - D110 via D110 metric 1 Role 1
15:45:12.182 > [849106][I][RoutingTableService.cpp:206] printRoutingTable(): [LoRaMesher] 2 - F02C via F02C metric 1 Role 0
15:45:12.191 > [849115][I][RoutingTableService.cpp:206] printRoutingTable(): [LoRaMesher] 3 - C998 via C998 metric 1 Role 0
15:45:12.201 > [849125][I][PacketQueueService.h:80] deleteQueuePacketAndPacket(): [LoRaMesher] Deleting packet
15:45:12.210 > [849133][I][PacketQueueService.h:83] deleteQueuePacketAndPacket(): [LoRaMesher] Deleting packet queue
15:45:12.219 > [849142][V][LoraMesher.cpp:641] processPackets(): [LoRaMesher] Stack space unused after entering the task: 2056
15:45:12.229 > [849152][V][LoraMesher.cpp:642] processPackets(): [LoRaMesher] Free heap: 336064
15:45:12.683 > [849607][V][LoraMesher.cpp:462] waitBeforeSend(): [LoRaMesher] Preamble detected while waiting 1
15:45:12.692 > [849616][V][LoraMesher.cpp:455] waitBeforeSend(): [LoRaMesher] RandomDelay 614 ms
15:45:13.312 > [850236][V][LoraMesher.cpp:754] printHeaderPacket(): [LoRaMesher] Packet send -- Size: 24 Src: DE6C Dst: FFFF Id: 7 Type: 4 Via: 0 Seq_Id: 0 Num: 0
15:45:13.416 > [850340][V][LoraMesher.cpp:575] sendPackets(): [LoRaMesher] TimeOnAir 78 ms, next message in 0 ms
15:45:13.425 > [850349][I][PacketQueueService.h:80] deleteQueuePacketAndPacket(): [LoRaMesher] Deleting packet
15:45:13.433 > [850357][I][PacketQueueService.h:83] deleteQueuePacketAndPacket(): [LoRaMesher] Deleting packet queue
15:45:14.317 > [851241][V][LoraMesher.cpp:378] receivingRoutine(): [LoRaMesher] Stack space unused after entering the task: 2104
15:45:14.327 > [851251][V][LoraMesher.cpp:379] receivingRoutine(): [LoRaMesher] Free heap: 336136
15:45:14.335 > [851258][I][PacketService.cpp:12] createEmptyPacket(): [LoRaMesher] Packet created with 24 bytes
15:45:14.343 > [851267][I][LoraMesher.cpp:392] receivingRoutine(): [LoRaMesher] Receiving LoRa packet: Size: 24 bytes RSSI: -3 SNR: 13
15:45:14.355 > [851278][V][LoraMesher.cpp:647] processPackets(): [LoRaMesher] Size of Received Packets Queue: 1
15:45:14.363 > [851287][V][LoraMesher.cpp:754] printHeaderPacket(): [LoRaMesher] Packet received -- Size: 24 Src: F02C Dst: FFFF Id: 8 Type: 4 Via: 0 Seq_Id: 0 Num: 0
15:45:14.377 > [851300][I][RoutingTableService.cpp:77] processRoute(): [LoRaMesher] Route packet from F02C with size 4
15:45:14.386 > [851310][I][RoutingTableService.cpp:99] resetReceiveSNRRoutePacket(): [LoRaMesher] Reset Receive SNR from F02C: 13
15:45:14.396 > [851320][I][RoutingTableService.cpp:192] printRoutingTable(): [LoRaMesher] Current routing table:
15:45:14.405 > [851328][I][RoutingTableService.cpp:206] printRoutingTable(): [LoRaMesher] 0 - B3F0 via B3F0 metric 1 Role 0
15:45:14.414 > [851338][I][RoutingTableService.cpp:206] printRoutingTable(): [LoRaMesher] 1 - D110 via D110 metric 1 Role 1
15:45:14.424 > [851348][I][RoutingTableService.cpp:206] printRoutingTable(): [LoRaMesher] 2 - F02C via F02C metric 1 Role 0
15:45:14.435 > [851357][I][RoutingTableService.cpp:206] printRoutingTable(): [LoRaMesher] 3 - C998 via C998 metric 1 Role 0
15:45:14.443 > [851367][I][PacketQueueService.h:80] deleteQueuePacketAndPacket(): [LoRaMesher] Deleting packet
15:45:14.452 > [851375][I][PacketQueueService.h:83] deleteQueuePacketAndPacket(): [LoRaMesher] Deleting packet queue
15:45:14.461 > [851384][V][LoraMesher.cpp:641] processPackets(): [LoRaMesher] Stack space unused after entering the task: 2056
15:45:14.471 > [851394][V][LoraMesher.cpp:642] processPackets(): [LoRaMesher] Free heap: 336136
15:45:16.729 > [853653][V][LoraMesher.cpp:378] receivingRoutine(): [LoRaMesher] Stack space unused after entering the task: 2104
15:45:16.739 > [853663][V][LoraMesher.cpp:379] receivingRoutine(): [LoRaMesher] Free heap: 336136
15:45:16.746 > [853670][I][PacketService.cpp:12] createEmptyPacket(): [LoRaMesher] Packet created with 24 bytes
15:45:16.755 > [853679][I][LoraMesher.cpp:392] receivingRoutine(): [LoRaMesher] Receiving LoRa packet: Size: 24 bytes RSSI: -18 SNR: 12
15:45:16.767 > [853690][V][LoraMesher.cpp:647] processPackets(): [LoRaMesher] Size of Received Packets Queue: 1
15:45:16.775 > [853699][V][LoraMesher.cpp:754] printHeaderPacket(): [LoRaMesher] Packet received -- Size: 24 Src: B3F0 Dst: FFFF Id: 49 Type: 4 Via: 0 Seq_Id: 0 Num: 0
15:45:16.789 > [853712][I][RoutingTableService.cpp:77] processRoute(): [LoRaMesher] Route packet from B3F0 with size 4
15:45:16.798 > [853722][I][RoutingTableService.cpp:99] resetReceiveSNRRoutePacket(): [LoRaMesher] Reset Receive SNR from B3F0: 12
15:45:16.808 > [853732][I][RoutingTableService.cpp:192] printRoutingTable(): [LoRaMesher] Current routing table:
15:45:16.817 > [853740][I][RoutingTableService.cpp:206] printRoutingTable(): [LoRaMesher] 0 - B3F0 via B3F0 metric 1 Role 0
15:45:16.826 > [853750][I][RoutingTableService.cpp:206] printRoutingTable(): [LoRaMesher] 1 - D110 via D110 metric 1 Role 1
15:45:16.836 > [853760][I][RoutingTableService.cpp:206] printRoutingTable(): [LoRaMesher] 2 - F02C via F02C metric 1 Role 0
15:45:16.846 > [853769][I][RoutingTableService.cpp:206] printRoutingTable(): [LoRaMesher] 3 - C998 via C998 metric 1 Role 0
15:45:16.855 > [853779][I][PacketQueueService.h:80] deleteQueuePacketAndPacket(): [LoRaMesher] Deleting packet
15:45:16.864 > [853787][I][PacketQueueService.h:83] deleteQueuePacketAndPacket(): [LoRaMesher] Deleting packet queue
15:45:16.873 > [853796][V][LoraMesher.cpp:641] processPackets(): [LoRaMesher] Stack space unused after entering the task: 2056
15:45:16.883 > [853806][V][LoraMesher.cpp:642] processPackets(): [LoRaMesher] Free heap: 336136
15:45:17.455 > [854378][V][LoraMesher.cpp:378] receivingRoutine(): [LoRaMesher] Stack space unused after entering the task: 2104
15:45:17.465 > [854388][V][LoraMesher.cpp:379] receivingRoutine(): [LoRaMesher] Free heap: 336136
15:45:17.472 > [854396][I][PacketService.cpp:12] createEmptyPacket(): [LoRaMesher] Packet created with 17 bytes
15:45:17.482 > [854405][I][LoraMesher.cpp:392] receivingRoutine(): [LoRaMesher] Receiving LoRa packet: Size: 17 bytes RSSI: -18 SNR: 13
15:45:17.492 > [854416][V][LoraMesher.cpp:647] processPackets(): [LoRaMesher] Size of Received Packets Queue: 1
15:45:17.501 > [854425][V][LoraMesher.cpp:754] printHeaderPacket(): [LoRaMesher] Packet received -- Size: 17 Src: B3F0 Dst: D110 Id: 50 Type: 2 Via: D110 Seq_Id: 0 Num: 0
15:45:17.515 > [854438][I][LoraMesher.cpp:854] processDataPacket(): [LoRaMesher] Data packet from B3F0, destination D110, via D110
15:45:17.525 > [854449][V][LoraMesher.cpp:878] processDataPacket(): [LoRaMesher] Packet not for me, deleting it
15:45:17.533 > [854457][I][PacketQueueService.h:80] deleteQueuePacketAndPacket(): [LoRaMesher] Deleting packet
15:45:17.543 > [854466][I][PacketQueueService.h:83] deleteQueuePacketAndPacket(): [LoRaMesher] Deleting packet queue
15:45:17.551 > [854475][V][LoraMesher.cpp:641] processPackets(): [LoRaMesher] Stack space unused after entering the task: 2056
15:45:17.561 > [854485][V][LoraMesher.cpp:642] processPackets(): [LoRaMesher] Free heap: 336136
15:45:36.842 > [873765][V][LoraMesher.cpp:378] receivingRoutine(): [LoRaMesher] Stack space unused after entering the task: 2104
15:45:36.852 > [873775][V][LoraMesher.cpp:379] receivingRoutine(): [LoRaMesher] Free heap: 336136
15:45:36.860 > [873783][I][PacketService.cpp:12] createEmptyPacket(): [LoRaMesher] Packet created with 17 bytes
15:45:36.869 > [873791][I][LoraMesher.cpp:392] receivingRoutine(): [LoRaMesher] Receiving LoRa packet: Size: 17 bytes RSSI: -18 SNR: 12
15:45:36.880 > [873802][V][LoraMesher.cpp:647] processPackets(): [LoRaMesher] Size of Received Packets Queue: 1
15:45:36.889 > [873811][V][LoraMesher.cpp:754] printHeaderPacket(): [LoRaMesher] Packet received -- Size: 17 Src: B3F0 Dst: D110 Id: 51 Type: 2 Via: D110 Seq_Id: 0 Num: 0
15:45:36.902 > [873825][I][LoraMesher.cpp:854] processDataPacket(): [LoRaMesher] Data packet from B3F0, destination D110, via D110
15:45:36.912 > [873835][V][LoraMesher.cpp:878] processDataPacket(): [LoRaMesher] Packet not for me, deleting it
15:45:36.921 > [873844][I][PacketQueueService.h:80] deleteQueuePacketAndPacket(): [LoRaMesher] Deleting packet
15:45:36.930 > [873852][I][PacketQueueService.h:83] deleteQueuePacketAndPacket(): [LoRaMesher] Deleting packet queue
15:45:36.939 > [873861][V][LoraMesher.cpp:641] processPackets(): [LoRaMesher] Stack space unused after entering the task: 2056
15:45:36.949 > [873871][V][LoraMesher.cpp:642] processPackets(): [LoRaMesher] Free heap: 336136
15:45:57.514 > [894435][V][LoraMesher.cpp:378] receivingRoutine(): [LoRaMesher] Stack space unused after entering the task: 2104
15:45:57.524 > [894445][V][LoraMesher.cpp:379] receivingRoutine(): [LoRaMesher] Free heap: 336136
15:45:57.531 > [894453][I][PacketService.cpp:12] createEmptyPacket(): [LoRaMesher] Packet created with 17 bytes
15:45:57.540 > [894462][I][LoraMesher.cpp:392] receivingRoutine(): [LoRaMesher] Receiving LoRa packet: Size: 17 bytes RSSI: -17 SNR: 13
15:45:57.551 > [894473][V][LoraMesher.cpp:647] processPackets(): [LoRaMesher] Size of Received Packets Queue: 1
15:45:57.560 > [894481][V][LoraMesher.cpp:754] printHeaderPacket(): [LoRaMesher] Packet received -- Size: 17 Src: B3F0 Dst: D110 Id: 52 Type: 2 Via: D110 Seq_Id: 0 Num: 0
15:45:57.574 > [894495][I][LoraMesher.cpp:854] processDataPacket(): [LoRaMesher] Data packet from B3F0, destination D110, via D110
15:45:57.584 > [894505][V][LoraMesher.cpp:878] processDataPacket(): [LoRaMesher] Packet not for me, deleting it
15:45:57.593 > [894514][I][PacketQueueService.h:80] deleteQueuePacketAndPacket(): [LoRaMesher] Deleting packet
15:45:57.601 > [894523][I][PacketQueueService.h:83] deleteQueuePacketAndPacket(): [LoRaMesher] Deleting packet queue
15:45:57.610 > [894532][V][LoraMesher.cpp:641] processPackets(): [LoRaMesher] Stack space unused after entering the task: 2056
15:45:57.620 > [894541][V][LoraMesher.cpp:642] processPackets(): [LoRaMesher] Free heap: 336136
15:46:00.013 > [896934][V][LoraMesher.cpp:378] receivingRoutine(): [LoRaMesher] Stack space unused after entering the task: 2104
15:46:00.023 > [896944][V][LoraMesher.cpp:379] receivingRoutine(): [LoRaMesher] Free heap: 336136
15:46:00.030 > [896952][I][PacketService.cpp:12] createEmptyPacket(): [LoRaMesher] Packet created with 24 bytes
15:46:00.039 > [896961][I][LoraMesher.cpp:392] receivingRoutine(): [LoRaMesher] Receiving LoRa packet: Size: 24 bytes RSSI: -73 SNR: 4
15:46:00.050 > [896972][V][LoraMesher.cpp:647] processPackets(): [LoRaMesher] Size of Received Packets Queue: 1
15:46:00.059 > [896980][V][LoraMesher.cpp:754] printHeaderPacket(): [LoRaMesher] Packet received -- Size: 24 Src: C998 Dst: FFFF Id: 3 Type: 4 Via: 0 Seq_Id: 0 Num: 0
15:46:00.072 > [896994][I][RoutingTableService.cpp:77] processRoute(): [LoRaMesher] Route packet from C998 with size 4
15:46:00.082 > [897003][I][RoutingTableService.cpp:99] resetReceiveSNRRoutePacket(): [LoRaMesher] Reset Receive SNR from C998: 4
15:46:00.092 > [897013][I][RoutingTableService.cpp:192] printRoutingTable(): [LoRaMesher] Current routing table:
15:46:00.100 > [897022][I][RoutingTableService.cpp:206] printRoutingTable(): [LoRaMesher] 0 - B3F0 via B3F0 metric 1 Role 0
15:46:00.110 > [897031][I][RoutingTableService.cpp:206] printRoutingTable(): [LoRaMesher] 1 - D110 via D110 metric 1 Role 1
15:46:00.120 > [897041][I][RoutingTableService.cpp:206] printRoutingTable(): [LoRaMesher] 2 - F02C via F02C metric 1 Role 0
15:46:00.129 > [897051][I][RoutingTableService.cpp:206] printRoutingTable(): [LoRaMesher] 3 - C998 via C998 metric 1 Role 0
15:46:00.139 > [897060][I][PacketQueueService.h:80] deleteQueuePacketAndPacket(): [LoRaMesher] Deleting packet
15:46:00.147 > [897069][I][PacketQueueService.h:83] deleteQueuePacketAndPacket(): [LoRaMesher] Deleting packet queue
15:46:00.156 > [897078][V][LoraMesher.cpp:641] processPackets(): [LoRaMesher] Stack space unused after entering the task: 2056
15:46:00.166 > [897088][V][LoraMesher.cpp:642] processPackets(): [LoRaMesher] Free heap: 336136
15:46:17.824 > [914745][V][LoraMesher.cpp:378] receivingRoutine(): [LoRaMesher] Stack space unused after entering the task: 2104
15:46:17.835 > [914755][V][LoraMesher.cpp:379] receivingRoutine(): [LoRaMesher] Free heap: 336136
15:46:17.842 > [914762][I][PacketService.cpp:12] createEmptyPacket(): [LoRaMesher] Packet created with 17 bytes
15:46:17.851 > [914771][I][LoraMesher.cpp:392] receivingRoutine(): [LoRaMesher] Receiving LoRa packet: Size: 17 bytes RSSI: -18 SNR: 12
15:46:17.862 > [914782][V][LoraMesher.cpp:647] processPackets(): [LoRaMesher] Size of Received Packets Queue: 1
15:46:17.871 > [914791][V][LoraMesher.cpp:754] printHeaderPacket(): [LoRaMesher] Packet received -- Size: 17 Src: B3F0 Dst: D110 Id: 53 Type: 2 Via: D110 Seq_Id: 0 Num: 0
15:46:17.884 > [914805][I][LoraMesher.cpp:854] processDataPacket(): [LoRaMesher] Data packet from B3F0, destination D110, via D110
15:46:17.895 > [914815][V][LoraMesher.cpp:878] processDataPacket(): [LoRaMesher] Packet not for me, deleting it
15:46:17.903 > [914824][I][PacketQueueService.h:80] deleteQueuePacketAndPacket(): [LoRaMesher] Deleting packet
15:46:17.912 > [914832][I][PacketQueueService.h:83] deleteQueuePacketAndPacket(): [LoRaMesher] Deleting packet queue
15:46:17.921 > [914841][V][LoraMesher.cpp:641] processPackets(): [LoRaMesher] Stack space unused after entering the task: 2056
15:46:17.931 > [914851][V][LoraMesher.cpp:642] processPackets(): [LoRaMesher] Free heap: 336136
15:46:37.438 > [934358][V][LoraMesher.cpp:378] receivingRoutine(): [LoRaMesher] Stack space unused after entering the task: 2104
15:46:37.448 > [934368][V][LoraMesher.cpp:379] receivingRoutine(): [LoRaMesher] Free heap: 336136
15:46:37.456 > [934376][I][PacketService.cpp:12] createEmptyPacket(): [LoRaMesher] Packet created with 17 bytes
15:46:37.465 > [934385][I][LoraMesher.cpp:392] receivingRoutine(): [LoRaMesher] Receiving LoRa packet: Size: 17 bytes RSSI: -17 SNR: 12
15:46:37.476 > [934396][V][LoraMesher.cpp:647] processPackets(): [LoRaMesher] Size of Received Packets Queue: 1
15:46:37.484 > [934404][V][LoraMesher.cpp:754] printHeaderPacket(): [LoRaMesher] Packet received -- Size: 17 Src: B3F0 Dst: D110 Id: 54 Type: 2 Via: D110 Seq_Id: 0 Num: 0
15:46:37.499 > [934418][I][LoraMesher.cpp:854] processDataPacket(): [LoRaMesher] Data packet from B3F0, destination D110, via D110
15:46:37.508 > [934428][V][LoraMesher.cpp:878] processDataPacket(): [LoRaMesher] Packet not for me, deleting it
15:46:37.518 > [934437][I][PacketQueueService.h:80] deleteQueuePacketAndPacket(): [LoRaMesher] Deleting packet
15:46:37.525 > [934445][I][PacketQueueService.h:83] deleteQueuePacketAndPacket(): [LoRaMesher] Deleting packet queue
15:46:37.534 > [934454][V][LoraMesher.cpp:641] processPackets(): [LoRaMesher] Stack space unused after entering the task: 2056
15:46:37.544 > [934464][V][LoraMesher.cpp:642] processPackets(): [LoRaMesher] Free heap: 336136
15:46:57.571 > [954491][V][LoraMesher.cpp:378] receivingRoutine(): [LoRaMesher] Stack space unused after entering the task: 2104
15:46:57.582 > [954501][V][LoraMesher.cpp:379] receivingRoutine(): [LoRaMesher] Free heap: 336136
15:46:57.589 > [954508][I][PacketService.cpp:12] createEmptyPacket(): [LoRaMesher] Packet created with 17 bytes
15:46:57.598 > [954517][I][LoraMesher.cpp:392] receivingRoutine(): [LoRaMesher] Receiving LoRa packet: Size: 17 bytes RSSI: -17 SNR: 13
15:46:57.609 > [954528][V][LoraMesher.cpp:647] processPackets(): [LoRaMesher] Size of Received Packets Queue: 1
15:46:57.618 > [954537][V][LoraMesher.cpp:754] printHeaderPacket(): [LoRaMesher] Packet received -- Size: 17 Src: B3F0 Dst: D110 Id: 55 Type: 2 Via: D110 Seq_Id: 0 Num: 0
15:46:57.632 > [954551][I][LoraMesher.cpp:854] processDataPacket(): [LoRaMesher] Data packet from B3F0, destination D110, via D110
15:46:57.642 > [954561][V][LoraMesher.cpp:878] processDataPacket(): [LoRaMesher] Packet not for me, deleting it
15:46:57.650 > [954569][I][PacketQueueService.h:80] deleteQueuePacketAndPacket(): [LoRaMesher] Deleting packet
15:46:57.659 > [954578][I][PacketQueueService.h:83] deleteQueuePacketAndPacket(): [LoRaMesher] Deleting packet queue
15:46:57.668 > [954587][V][LoraMesher.cpp:641] processPackets(): [LoRaMesher] Stack space unused after entering the task: 2056
15:46:57.678 > [954597][V][LoraMesher.cpp:642] processPackets(): [LoRaMesher] Free heap: 336136
15:47:11.503 > [968422][V][LoraMesher.cpp:598] sendHelloPacket(): [LoRaMesher] Creating Routing Packet
15:47:11.512 > [968430][V][LoraMesher.cpp:599] sendHelloPacket(): [LoRaMesher] Stack space unused after entering the task: 2328
15:47:11.522 > [968440][V][LoraMesher.cpp:600] sendHelloPacket(): [LoRaMesher] Free heap: 336136
15:47:11.529 > [968447][V][PacketFactory.h:45] createPacket(): [LoRaMesher] Creating packet with 24 bytes
15:47:11.537 > [968455][I][PacketFactory.h:74] createPacket(): [LoRaMesher] Packet created with 24 bytes
15:47:11.545 > [968463][I][LoraMesher.h:659] setPackedForSend(): [LoRaMesher] Adding packet to Q_SP
15:47:11.553 > [968471][I][LoraMesher.h:661] setPackedForSend(): [LoRaMesher] Created packet to Q_SP
15:47:11.560 > [968478][I][LoraMesher.cpp:1061] addToSendOrderedAndNotify(): [LoRaMesher] Added packet to Q_SP, notifying sender task
15:47:11.571 > [968489][V][LoraMesher.cpp:511] sendPackets(): [LoRaMesher] Stack space unused after entering the task: 2052
15:47:11.581 > [968499][V][LoraMesher.cpp:512] sendPackets(): [LoRaMesher] Free heap: 336036
15:47:11.588 > [968505][V][LoraMesher.cpp:518] sendPackets(): [LoRaMesher] Size of Send Packets Queue: 1
15:47:11.596 > [968513][V][LoraMesher.cpp:525] sendPackets(): [LoRaMesher] Send n. 8
15:47:11.602 > [968520][V][LoraMesher.cpp:455] waitBeforeSend(): [LoRaMesher] RandomDelay 561 ms
15:47:12.157 > [969076][V][LoraMesher.cpp:378] receivingRoutine(): [LoRaMesher] Stack space unused after entering the task: 2104
15:47:12.168 > [969086][V][LoraMesher.cpp:379] receivingRoutine(): [LoRaMesher] Free heap: 336064
15:47:12.175 > [969087][V][LoraMesher.cpp:754] printHeaderPacket(): [LoRaMesher] Packet send -- Size: 24 Src: DE6C Dst: FFFF Id: 8 Type: 4 Via: 0 Seq_Id: 0 Num: 0
15:47:12.189 > [969106][I][PacketService.cpp:12] createEmptyPacket(): [LoRaMesher] Packet created with 24 bytes
15:47:12.197 > [969115][I][LoraMesher.cpp:392] receivingRoutine(): [LoRaMesher] Receiving LoRa packet: Size: 24 bytes RSSI: -3 SNR: 12
15:47:12.596 > [969514][E][LoraMesher.cpp:486] sendPacket(): [LoRaMesher] Transmit gave error: -5
15:47:12.604 > [969522][V][LoraMesher.cpp:518] sendPackets(): [LoRaMesher] Size of Send Packets Queue: 1
15:47:12.612 > [969530][V][LoraMesher.cpp:525] sendPackets(): [LoRaMesher] Send n. 9
15:47:12.618 > [969536][V][LoraMesher.cpp:455] waitBeforeSend(): [LoRaMesher] RandomDelay 398 ms
15:47:12.625 > [969543][V][LoraMesher.cpp:647] processPackets(): [LoRaMesher] Size of Received Packets Queue: 1
15:47:12.634 > [969552][V][LoraMesher.cpp:754] printHeaderPacket(): [LoRaMesher] Packet received -- Size: 24 Src: DE6C Dst: FFFF Id: 8 Type: 4 Via: 0 Seq_Id: 0 Num: 0
15:47:12.647 > [969565][I][RoutingTableService.cpp:77] processRoute(): [LoRaMesher] Route packet from DE6C with size 4
15:47:12.657 > [969575][I][RoutingTableService.cpp:192] printRoutingTable(): [LoRaMesher] Current routing table:
15:47:12.665 > [969583][I][RoutingTableService.cpp:206] printRoutingTable(): [LoRaMesher] 0 - B3F0 via B3F0 metric 1 Role 0
15:47:12.675 > [969593][I][RoutingTableService.cpp:206] printRoutingTable(): [LoRaMesher] 1 - D110 via D110 metric 1 Role 1
15:47:12.685 > [969603][I][RoutingTableService.cpp:206] printRoutingTable(): [LoRaMesher] 2 - F02C via F02C metric 1 Role 0
15:47:12.694 > [969612][I][RoutingTableService.cpp:206] printRoutingTable(): [LoRaMesher] 3 - C998 via C998 metric 1 Role 0
15:47:12.704 > [969622][I][PacketQueueService.h:80] deleteQueuePacketAndPacket(): [LoRaMesher] Deleting packet
15:47:12.712 > [969630][I][PacketQueueService.h:83] deleteQueuePacketAndPacket(): [LoRaMesher] Deleting packet queue
15:47:12.721 > [969639][V][LoraMesher.cpp:641] processPackets(): [LoRaMesher] Stack space unused after entering the task: 2040
15:47:12.731 > [969649][V][LoraMesher.cpp:642] processPackets(): [LoRaMesher] Free heap: 336064
15:47:13.023 > [969941][V][LoraMesher.cpp:754] printHeaderPacket(): [LoRaMesher] Packet send -- Size: 24 Src: DE6C Dst: FFFF Id: 9 Type: 4 Via: 0 Seq_Id: 0 Num: 0
15:47:13.127 > [970045][V][LoraMesher.cpp:575] sendPackets(): [LoRaMesher] TimeOnAir 78 ms, next message in 0 ms
15:47:13.136 > [970054][I][PacketQueueService.h:80] deleteQueuePacketAndPacket(): [LoRaMesher] Deleting packet
15:47:13.144 > [970062][I][PacketQueueService.h:83] deleteQueuePacketAndPacket(): [LoRaMesher] Deleting packet queue
15:47:15.315 > [972232][V][LoraMesher.cpp:378] receivingRoutine(): [LoRaMesher] Stack space unused after entering the task: 2104
15:47:15.325 > [972243][V][LoraMesher.cpp:379] receivingRoutine(): [LoRaMesher] Free heap: 336136
15:47:15.332 > [972250][I][PacketService.cpp:12] createEmptyPacket(): [LoRaMesher] Packet created with 24 bytes
15:47:15.341 > [972259][I][LoraMesher.cpp:392] receivingRoutine(): [LoRaMesher] Receiving LoRa packet: Size: 24 bytes RSSI: -20 SNR: 14
15:47:15.352 > [972270][V][LoraMesher.cpp:647] processPackets(): [LoRaMesher] Size of Received Packets Queue: 1
15:47:15.361 > [972279][V][LoraMesher.cpp:754] printHeaderPacket(): [LoRaMesher] Packet received -- Size: 24 Src: D110 Dst: FFFF Id: 8 Type: 4 Via: 0 Seq_Id: 0 Num: 0
15:47:15.374 > [972292][I][RoutingTableService.cpp:77] processRoute(): [LoRaMesher] Route packet from D110 with size 4
15:47:15.383 > [972301][I][RoutingTableService.cpp:99] resetReceiveSNRRoutePacket(): [LoRaMesher] Reset Receive SNR from D110: 14
15:47:15.394 > [972311][I][RoutingTableService.cpp:192] printRoutingTable(): [LoRaMesher] Current routing table:
15:47:15.402 > [972320][I][RoutingTableService.cpp:206] printRoutingTable(): [LoRaMesher] 0 - B3F0 via B3F0 metric 1 Role 0
15:47:15.412 > [972330][I][RoutingTableService.cpp:206] printRoutingTable(): [LoRaMesher] 1 - D110 via D110 metric 1 Role 1
15:47:15.422 > [972339][I][RoutingTableService.cpp:206] printRoutingTable(): [LoRaMesher] 2 - F02C via F02C metric 1 Role 0
15:47:15.431 > [972349][I][RoutingTableService.cpp:206] printRoutingTable(): [LoRaMesher] 3 - C998 via C998 metric 1 Role 0
15:47:15.441 > [972359][I][PacketQueueService.h:80] deleteQueuePacketAndPacket(): [LoRaMesher] Deleting packet
15:47:15.449 > [972367][I][PacketQueueService.h:83] deleteQueuePacketAndPacket(): [LoRaMesher] Deleting packet queue
15:47:15.458 > [972376][V][LoraMesher.cpp:641] processPackets(): [LoRaMesher] Stack space unused after entering the task: 2040
15:47:15.468 > [972386][V][LoraMesher.cpp:642] processPackets(): [LoRaMesher] Free heap: 336136
15:47:16.621 > [973539][V][LoraMesher.cpp:378] receivingRoutine(): [LoRaMesher] Stack space unused after entering the task: 2104
15:47:16.631 > [973549][V][LoraMesher.cpp:379] receivingRoutine(): [LoRaMesher] Free heap: 336136
15:47:16.639 > [973557][I][PacketService.cpp:12] createEmptyPacket(): [LoRaMesher] Packet created with 24 bytes
15:47:16.648 > [973565][I][LoraMesher.cpp:392] receivingRoutine(): [LoRaMesher] Receiving LoRa packet: Size: 24 bytes RSSI: -17 SNR: 13
15:47:16.659 > [973577][V][LoraMesher.cpp:647] processPackets(): [LoRaMesher] Size of Received Packets Queue: 1
15:47:16.667 > [973585][V][LoraMesher.cpp:754] printHeaderPacket(): [LoRaMesher] Packet received -- Size: 24 Src: B3F0 Dst: FFFF Id: 56 Type: 4 Via: 0 Seq_Id: 0 Num: 0
15:47:16.681 > [973599][I][RoutingTableService.cpp:77] processRoute(): [LoRaMesher] Route packet from B3F0 with size 4
15:47:16.690 > [973608][I][RoutingTableService.cpp:99] resetReceiveSNRRoutePacket(): [LoRaMesher] Reset Receive SNR from B3F0: 13
15:47:16.700 > [973618][I][RoutingTableService.cpp:192] printRoutingTable(): [LoRaMesher] Current routing table:
15:47:16.709 > [973627][I][RoutingTableService.cpp:206] printRoutingTable(): [LoRaMesher] 0 - B3F0 via B3F0 metric 1 Role 0
15:47:16.719 > [973637][I][RoutingTableService.cpp:206] printRoutingTable(): [LoRaMesher] 1 - D110 via D110 metric 1 Role 1
15:47:16.728 > [973646][I][RoutingTableService.cpp:206] printRoutingTable(): [LoRaMesher] 2 - F02C via F02C metric 1 Role 0
15:47:16.738 > [973656][I][RoutingTableService.cpp:206] printRoutingTable(): [LoRaMesher] 3 - C998 via C998 metric 1 Role 0
15:47:16.748 > [973665][I][PacketQueueService.h:80] deleteQueuePacketAndPacket(): [LoRaMesher] Deleting packet
15:47:16.756 > [973674][I][PacketQueueService.h:83] deleteQueuePacketAndPacket(): [LoRaMesher] Deleting packet queue
15:47:16.765 > [973683][V][LoraMesher.cpp:641] processPackets(): [LoRaMesher] Stack space unused after entering the task: 2040
15:47:16.775 > [973693][V][LoraMesher.cpp:642] processPackets(): [LoRaMesher] Free heap: 336136
15:47:17.953 > [974871][V][LoraMesher.cpp:378] receivingRoutine(): [LoRaMesher] Stack space unused after entering the task: 2104
15:47:17.963 > [974881][V][LoraMesher.cpp:379] receivingRoutine(): [LoRaMesher] Free heap: 336136
15:47:17.971 > [974889][I][PacketService.cpp:12] createEmptyPacket(): [LoRaMesher] Packet created with 17 bytes
15:47:17.980 > [974897][I][LoraMesher.cpp:392] receivingRoutine(): [LoRaMesher] Receiving LoRa packet: Size: 17 bytes RSSI: -17 SNR: 13
15:47:17.991 > [974909][V][LoraMesher.cpp:647] processPackets(): [LoRaMesher] Size of Received Packets Queue: 1
15:47:17.999 > [974917][V][LoraMesher.cpp:754] printHeaderPacket(): [LoRaMesher] Packet received -- Size: 17 Src: B3F0 Dst: D110 Id: 57 Type: 2 Via: D110 Seq_Id: 0 Num: 0
15:47:18.013 > [974931][I][LoraMesher.cpp:854] processDataPacket(): [LoRaMesher] Data packet from B3F0, destination D110, via D110
15:47:18.023 > [974941][V][LoraMesher.cpp:878] processDataPacket(): [LoRaMesher] Packet not for me, deleting it
15:47:18.032 > [974950][I][PacketQueueService.h:80] deleteQueuePacketAndPacket(): [LoRaMesher] Deleting packet
15:47:18.040 > [974958][I][PacketQueueService.h:83] deleteQueuePacketAndPacket(): [LoRaMesher] Deleting packet queue
15:47:18.050 > [974967][V][LoraMesher.cpp:641] processPackets(): [LoRaMesher] Stack space unused after entering the task: 2040
15:47:18.059 > [974977][V][LoraMesher.cpp:642] processPackets(): [LoRaMesher] Free heap: 336136
15:47:37.493 > [994410][V][LoraMesher.cpp:378] receivingRoutine(): [LoRaMesher] Stack space unused after entering the task: 2104
15:47:37.504 > [994421][V][LoraMesher.cpp:379] receivingRoutine(): [LoRaMesher] Free heap: 336136
15:47:37.511 > [994428][I][PacketService.cpp:12] createEmptyPacket(): [LoRaMesher] Packet created with 17 bytes
15:47:37.520 > [994437][I][LoraMesher.cpp:392] receivingRoutine(): [LoRaMesher] Receiving LoRa packet: Size: 17 bytes RSSI: -17 SNR: 12
15:47:37.531 > [994448][V][LoraMesher.cpp:647] processPackets(): [LoRaMesher] Size of Received Packets Queue: 1
15:47:37.540 > [994457][V][LoraMesher.cpp:754] printHeaderPacket(): [LoRaMesher] Packet received -- Size: 17 Src: B3F0 Dst: D110 Id: 58 Type: 2 Via: D110 Seq_Id: 0 Num: 0
15:47:37.554 > [994470][I][LoraMesher.cpp:854] processDataPacket(): [LoRaMesher] Data packet from B3F0, destination D110, via D110
15:47:37.564 > [994481][V][LoraMesher.cpp:878] processDataPacket(): [LoRaMesher] Packet not for me, deleting it
15:47:37.572 > [994489][I][PacketQueueService.h:80] deleteQueuePacketAndPacket(): [LoRaMesher] Deleting packet
15:47:37.581 > [994498][I][PacketQueueService.h:83] deleteQueuePacketAndPacket(): [LoRaMesher] Deleting packet queue
15:47:37.590 > [994507][V][LoraMesher.cpp:641] processPackets(): [LoRaMesher] Stack space unused after entering the task: 2040
15:47:37.600 > [994517][V][LoraMesher.cpp:642] processPackets(): [LoRaMesher] Free heap: 336136
15:47:58.287 > [1015207][V][LoraMesher.cpp:378] receivingRoutine(): [LoRaMesher] Stack space unused after entering the task: 2104
15:47:58.298 > [1015217][V][LoraMesher.cpp:379] receivingRoutine(): [LoRaMesher] Free heap: 336136
15:47:58.305 > [1015225][I][PacketService.cpp:12] createEmptyPacket(): [LoRaMesher] Packet created with 17 bytes
15:47:58.314 > [1015234][I][LoraMesher.cpp:392] receivingRoutine(): [LoRaMesher] Receiving LoRa packet: Size: 17 bytes RSSI: -17 SNR: 13
15:47:58.325 > [1015245][V][LoraMesher.cpp:647] processPackets(): [LoRaMesher] Size of Received Packets Queue: 1
15:47:58.334 > [1015254][V][LoraMesher.cpp:754] printHeaderPacket(): [LoRaMesher] Packet received -- Size: 17 Src: B3F0 Dst: D110 Id: 59 Type: 2 Via: D110 Seq_Id: 0 Num: 0
15:47:58.348 > [1015267][I][LoraMesher.cpp:854] processDataPacket(): [LoRaMesher] Data packet from B3F0, destination D110, via D110
15:47:58.358 > [1015278][V][LoraMesher.cpp:878] processDataPacket(): [LoRaMesher] Packet not for me, deleting it
15:47:58.367 > [1015286][I][PacketQueueService.h:80] deleteQueuePacketAndPacket(): [LoRaMesher] Deleting packet
15:47:58.375 > [1015295][I][PacketQueueService.h:83] deleteQueuePacketAndPacket(): [LoRaMesher] Deleting packet queue
15:47:58.384 > [1015304][V][LoraMesher.cpp:641] processPackets(): [LoRaMesher] Stack space unused after entering the task: 2040
15:47:58.395 > [1015314][V][LoraMesher.cpp:642] processPackets(): [LoRaMesher] Free heap: 336136
15:48:00.715 > [1017637][V][LoraMesher.cpp:378] receivingRoutine(): [LoRaMesher] Stack space unused after entering the task: 2104
15:48:00.725 > [1017647][V][LoraMesher.cpp:379] receivingRoutine(): [LoRaMesher] Free heap: 336136
15:48:00.733 > [1017655][I][PacketService.cpp:12] createEmptyPacket(): [LoRaMesher] Packet created with 24 bytes
15:48:00.742 > [1017663][I][LoraMesher.cpp:392] receivingRoutine(): [LoRaMesher] Receiving LoRa packet: Size: 24 bytes RSSI: -75 SNR: 2
15:48:00.753 > [1017675][V][LoraMesher.cpp:647] processPackets(): [LoRaMesher] Size of Received Packets Queue: 1
15:48:00.762 > [1017683][V][LoraMesher.cpp:754] printHeaderPacket(): [LoRaMesher] Packet received -- Size: 24 Src: C998 Dst: FFFF Id: 4 Type: 4 Via: 0 Seq_Id: 0 Num: 0
15:48:00.775 > [1017697][I][RoutingTableService.cpp:77] processRoute(): [LoRaMesher] Route packet from C998 with size 4
15:48:00.785 > [1017706][I][RoutingTableService.cpp:99] resetReceiveSNRRoutePacket(): [LoRaMesher] Reset Receive SNR from C998: 2
15:48:00.795 > [1017716][I][RoutingTableService.cpp:192] printRoutingTable(): [LoRaMesher] Current routing table:
15:48:00.803 > [1017725][I][RoutingTableService.cpp:206] printRoutingTable(): [LoRaMesher] 0 - B3F0 via B3F0 metric 1 Role 0
15:48:00.813 > [1017735][I][RoutingTableService.cpp:206] printRoutingTable(): [LoRaMesher] 1 - D110 via D110 metric 1 Role 1
15:48:00.823 > [1017744][I][RoutingTableService.cpp:206] printRoutingTable(): [LoRaMesher] 2 - F02C via F02C metric 1 Role 0
15:48:00.833 > [1017754][I][RoutingTableService.cpp:206] printRoutingTable(): [LoRaMesher] 3 - C998 via C998 metric 1 Role 0
15:48:00.842 > [1017764][I][PacketQueueService.h:80] deleteQueuePacketAndPacket(): [LoRaMesher] Deleting packet
15:48:00.851 > [1017772][I][PacketQueueService.h:83] deleteQueuePacketAndPacket(): [LoRaMesher] Deleting packet queue
15:48:00.860 > [1017782][V][LoraMesher.cpp:641] processPackets(): [LoRaMesher] Stack space unused after entering the task: 2040
15:48:00.870 > [1017792][V][LoraMesher.cpp:642] processPackets(): [LoRaMesher] Free heap: 336136
15:48:17.557 > [1034490][V][LoraMesher.cpp:378] receivingRoutine(): [LoRaMesher] Stack space unused after entering the task: 2104
15:48:17.567 > [1034501][V][LoraMesher.cpp:379] receivingRoutine(): [LoRaMesher] Free heap: 336136
15:48:17.576 > [1034508][I][PacketService.cpp:12] createEmptyPacket(): [LoRaMesher] Packet created with 17 bytes
15:48:17.584 > [1034517][I][LoraMesher.cpp:392] receivingRoutine(): [LoRaMesher] Receiving LoRa packet: Size: 17 bytes RSSI: -18 SNR: 13
15:48:17.595 > [1034528][V][LoraMesher.cpp:647] processPackets(): [LoRaMesher] Size of Received Packets Queue: 1
15:48:17.604 > [1034537][V][LoraMesher.cpp:754] printHeaderPacket(): [LoRaMesher] Packet received -- Size: 17 Src: B3F0 Dst: D110 Id: 60 Type: 2 Via: D110 Seq_Id: 0 Num: 0
15:48:17.618 > [1034551][I][LoraMesher.cpp:854] processDataPacket(): [LoRaMesher] Data packet from B3F0, destination D110, via D110
15:48:17.628 > [1034561][V][LoraMesher.cpp:878] processDataPacket(): [LoRaMesher] Packet not for me, deleting it
15:48:17.636 > [1034570][I][PacketQueueService.h:80] deleteQueuePacketAndPacket(): [LoRaMesher] Deleting packet
15:48:17.645 > [1034579][I][PacketQueueService.h:83] deleteQueuePacketAndPacket(): [LoRaMesher] Deleting packet queue
15:48:17.654 > [1034588][V][LoraMesher.cpp:641] processPackets(): [LoRaMesher] Stack space unused after entering the task: 2040
15:48:17.664 > [1034598][V][LoraMesher.cpp:642] processPackets(): [LoRaMesher] Free heap: 336136
15:48:37.946 > [1054892][V][LoraMesher.cpp:378] receivingRoutine(): [LoRaMesher] Stack space unused after entering the task: 2104
15:48:37.957 > [1054902][V][LoraMesher.cpp:379] receivingRoutine(): [LoRaMesher] Free heap: 336136
15:48:37.964 > [1054910][I][PacketService.cpp:12] createEmptyPacket(): [LoRaMesher] Packet created with 17 bytes
15:48:37.973 > [1054919][I][LoraMesher.cpp:392] receivingRoutine(): [LoRaMesher] Receiving LoRa packet: Size: 17 bytes RSSI: -19 SNR: 12
15:48:37.985 > [1054930][V][LoraMesher.cpp:647] processPackets(): [LoRaMesher] Size of Received Packets Queue: 1
15:48:37.993 > [1054939][V][LoraMesher.cpp:754] printHeaderPacket(): [LoRaMesher] Packet received -- Size: 17 Src: B3F0 Dst: D110 Id: 61 Type: 2 Via: D110 Seq_Id: 0 Num: 0
15:48:38.007 > [1054952][I][LoraMesher.cpp:854] processDataPacket(): [LoRaMesher] Data packet from B3F0, destination D110, via D110
15:48:38.017 > [1054963][V][LoraMesher.cpp:878] processDataPacket(): [LoRaMesher] Packet not for me, deleting it
15:48:38.026 > [1054971][I][PacketQueueService.h:80] deleteQueuePacketAndPacket(): [LoRaMesher] Deleting packet
15:48:38.035 > [1054980][I][PacketQueueService.h:83] deleteQueuePacketAndPacket(): [LoRaMesher] Deleting packet queue
15:48:38.044 > [1054989][V][LoraMesher.cpp:641] processPackets(): [LoRaMesher] Stack space unused after entering the task: 2040
15:48:38.054 > [1054999][V][LoraMesher.cpp:642] processPackets(): [LoRaMesher] Free heap: 336136
15:48:58.069 > [1075024][V][LoraMesher.cpp:378] receivingRoutine(): [LoRaMesher] Stack space unused after entering the task: 2104
15:48:58.079 > [1075035][V][LoraMesher.cpp:379] receivingRoutine(): [LoRaMesher] Free heap: 336136
15:48:58.087 > [1075042][I][PacketService.cpp:12] createEmptyPacket(): [LoRaMesher] Packet created with 17 bytes
15:48:58.096 > [1075051][I][LoraMesher.cpp:392] receivingRoutine(): [LoRaMesher] Receiving LoRa packet: Size: 17 bytes RSSI: -19 SNR: 13
15:48:58.107 > [1075062][V][LoraMesher.cpp:647] processPackets(): [LoRaMesher] Size of Received Packets Queue: 1
15:48:58.116 > [1075071][V][LoraMesher.cpp:754] printHeaderPacket(): [LoRaMesher] Packet received -- Size: 17 Src: B3F0 Dst: D110 Id: 62 Type: 2 Via: D110 Seq_Id: 0 Num: 0
15:48:58.130 > [1075085][I][LoraMesher.cpp:854] processDataPacket(): [LoRaMesher] Data packet from B3F0, destination D110, via D110
15:48:58.140 > [1075095][V][LoraMesher.cpp:878] processDataPacket(): [LoRaMesher] Packet not for me, deleting it
15:48:58.149 > [1075104][I][PacketQueueService.h:80] deleteQueuePacketAndPacket(): [LoRaMesher] Deleting packet
15:48:58.157 > [1075112][I][PacketQueueService.h:83] deleteQueuePacketAndPacket(): [LoRaMesher] Deleting packet queue
15:48:58.166 > [1075121][V][LoraMesher.cpp:641] processPackets(): [LoRaMesher] Stack space unused after entering the task: 2040
15:48:58.176 > [1075131][V][LoraMesher.cpp:642] processPackets(): [LoRaMesher] Free heap: 336136
15:49:11.527 > [1088489][V][LoraMesher.cpp:598] sendHelloPacket(): [LoRaMesher] Creating Routing Packet
15:49:11.536 > [1088497][V][LoraMesher.cpp:599] sendHelloPacket(): [LoRaMesher] Stack space unused after entering the task: 2328
15:49:11.546 > [1088507][V][LoraMesher.cpp:600] sendHelloPacket(): [LoRaMesher] Free heap: 336136
15:49:11.553 > [1088514][V][PacketFactory.h:45] createPacket(): [LoRaMesher] Creating packet with 24 bytes
15:49:11.561 > [1088523][I][PacketFactory.h:74] createPacket(): [LoRaMesher] Packet created with 24 bytes
15:49:11.570 > [1088531][I][LoraMesher.h:659] setPackedForSend(): [LoRaMesher] Adding packet to Q_SP
15:49:11.577 > [1088538][I][LoraMesher.h:661] setPackedForSend(): [LoRaMesher] Created packet to Q_SP
15:49:11.585 > [1088546][I][LoraMesher.cpp:1061] addToSendOrderedAndNotify(): [LoRaMesher] Added packet to Q_SP, notifying sender task
15:49:11.596 > [1088557][V][LoraMesher.cpp:511] sendPackets(): [LoRaMesher] Stack space unused after entering the task: 2052
15:49:11.605 > [1088566][V][LoraMesher.cpp:512] sendPackets(): [LoRaMesher] Free heap: 336036
15:49:11.612 > [1088573][V][LoraMesher.cpp:518] sendPackets(): [LoRaMesher] Size of Send Packets Queue: 1
15:49:11.620 > [1088581][V][LoraMesher.cpp:525] sendPackets(): [LoRaMesher] Send n. 10
15:49:11.627 > [1088588][V][LoraMesher.cpp:455] waitBeforeSend(): [LoRaMesher] RandomDelay 699 ms
15:49:12.105 > [1089067][V][LoraMesher.cpp:378] receivingRoutine(): [LoRaMesher] Stack space unused after entering the task: 2104
15:49:12.116 > [1089077][V][LoraMesher.cpp:379] receivingRoutine(): [LoRaMesher] Free heap: 336064
15:49:12.124 > [1089085][I][PacketService.cpp:12] createEmptyPacket(): [LoRaMesher] Packet created with 24 bytes
15:49:12.132 > [1089094][I][LoraMesher.cpp:392] receivingRoutine(): [LoRaMesher] Receiving LoRa packet: Size: 24 bytes RSSI: -3 SNR: 13
15:49:12.144 > [1089105][V][LoraMesher.cpp:647] processPackets(): [LoRaMesher] Size of Received Packets Queue: 1
15:49:12.152 > [1089113][V][LoraMesher.cpp:754] printHeaderPacket(): [LoRaMesher] Packet received -- Size: 24 Src: F02C Dst: FFFF Id: 10 Type: 4 Via: 0 Seq_Id: 0 Num: 0
15:49:12.166 > [1089127][I][RoutingTableService.cpp:77] processRoute(): [LoRaMesher] Route packet from F02C with size 4
15:49:12.175 > [1089136][I][RoutingTableService.cpp:99] resetReceiveSNRRoutePacket(): [LoRaMesher] Reset Receive SNR from F02C: 13
15:49:12.186 > [1089147][I][RoutingTableService.cpp:192] printRoutingTable(): [LoRaMesher] Current routing table:
15:49:12.194 > [1089155][I][RoutingTableService.cpp:206] printRoutingTable(): [LoRaMesher] 0 - B3F0 via B3F0 metric 1 Role 0
15:49:12.204 > [1089165][I][RoutingTableService.cpp:206] printRoutingTable(): [LoRaMesher] 1 - D110 via D110 metric 1 Role 1
15:49:12.214 > [1089175][I][RoutingTableService.cpp:206] printRoutingTable(): [LoRaMesher] 2 - F02C via F02C metric 1 Role 0
15:49:12.224 > [1089185][I][RoutingTableService.cpp:206] printRoutingTable(): [LoRaMesher] 3 - C998 via C998 metric 1 Role 0
15:49:12.233 > [1089194][I][PacketQueueService.h:80] deleteQueuePacketAndPacket(): [LoRaMesher] Deleting packet
15:49:12.242 > [1089203][I][PacketQueueService.h:83] deleteQueuePacketAndPacket(): [LoRaMesher] Deleting packet queue
15:49:12.251 > [1089212][V][LoraMesher.cpp:641] processPackets(): [LoRaMesher] Stack space unused after entering the task: 2040
15:49:12.261 > [1089222][V][LoraMesher.cpp:642] processPackets(): [LoRaMesher] Free heap: 336064
15:49:12.338 > [1089300][V][LoraMesher.cpp:462] waitBeforeSend(): [LoRaMesher] Preamble detected while waiting 1
15:49:12.347 > [1089309][V][LoraMesher.cpp:455] waitBeforeSend(): [LoRaMesher] RandomDelay 718 ms
15:49:12.869 > [1089831][V][LoraMesher.cpp:378] receivingRoutine(): [LoRaMesher] Stack space unused after entering the task: 2104
15:49:12.879 > [1089841][V][LoraMesher.cpp:379] receivingRoutine(): [LoRaMesher] Free heap: 336064
15:49:12.887 > [1089848][I][PacketService.cpp:12] createEmptyPacket(): [LoRaMesher] Packet created with 24 bytes
15:49:12.895 > [1089857][I][LoraMesher.cpp:392] receivingRoutine(): [LoRaMesher] Receiving LoRa packet: Size: 24 bytes RSSI: -20 SNR: 14
15:49:12.907 > [1089869][V][LoraMesher.cpp:647] processPackets(): [LoRaMesher] Size of Received Packets Queue: 1
15:49:12.915 > [1089877][V][LoraMesher.cpp:754] printHeaderPacket(): [LoRaMesher] Packet received -- Size: 24 Src: D110 Dst: FFFF Id: 9 Type: 4 Via: 0 Seq_Id: 0 Num: 0
15:49:12.929 > [1089891][I][RoutingTableService.cpp:77] processRoute(): [LoRaMesher] Route packet from D110 with size 4
15:49:12.938 > [1089900][I][RoutingTableService.cpp:99] resetReceiveSNRRoutePacket(): [LoRaMesher] Reset Receive SNR from D110: 14
15:49:12.948 > [1089910][I][RoutingTableService.cpp:192] printRoutingTable(): [LoRaMesher] Current routing table:
15:49:12.957 > [1089919][I][RoutingTableService.cpp:206] printRoutingTable(): [LoRaMesher] 0 - B3F0 via B3F0 metric 1 Role 0
15:49:12.967 > [1089929][I][RoutingTableService.cpp:206] printRoutingTable(): [LoRaMesher] 1 - D110 via D110 metric 1 Role 1
15:49:12.977 > [1089939][I][RoutingTableService.cpp:206] printRoutingTable(): [LoRaMesher] 2 - F02C via F02C metric 1 Role 0
15:49:12.986 > [1089948][I][RoutingTableService.cpp:206] printRoutingTable(): [LoRaMesher] 3 - C998 via C998 metric 1 Role 0
15:49:12.996 > [1089958][I][PacketQueueService.h:80] deleteQueuePacketAndPacket(): [LoRaMesher] Deleting packet
15:49:13.005 > [1089967][I][PacketQueueService.h:83] deleteQueuePacketAndPacket(): [LoRaMesher] Deleting packet queue
15:49:13.014 > [1089976][V][LoraMesher.cpp:641] processPackets(): [LoRaMesher] Stack space unused after entering the task: 2040
15:49:13.024 > [1089986][V][LoraMesher.cpp:642] processPackets(): [LoRaMesher] Free heap: 336064
15:49:13.077 > [1090039][V][LoraMesher.cpp:462] waitBeforeSend(): [LoRaMesher] Preamble detected while waiting 2
15:49:13.086 > [1090048][V][LoraMesher.cpp:455] waitBeforeSend(): [LoRaMesher] RandomDelay 628 ms
15:49:13.720 > [1090682][V][LoraMesher.cpp:754] printHeaderPacket(): [LoRaMesher] Packet send -- Size: 24 Src: DE6C Dst: FFFF Id: 10 Type: 4 Via: 0 Seq_Id: 0 Num: 0
15:49:13.824 > [1090786][V][LoraMesher.cpp:575] sendPackets(): [LoRaMesher] TimeOnAir 78 ms, next message in 0 ms
15:49:13.836 > [1090795][I][PacketQueueService.h:80] deleteQueuePacketAndPacket(): [LoRaMesher] Deleting packet
15:49:13.841 > [1090803][I][PacketQueueService.h:83] deleteQueuePacketAndPacket(): [LoRaMesher] Deleting packet queue
15:49:15.526 > [1092489][V][LoraMesher.cpp:378] receivingRoutine(): [LoRaMesher] Stack space unused after entering the task: 2104
15:49:15.536 > [1092499][V][LoraMesher.cpp:379] receivingRoutine(): [LoRaMesher] Free heap: 336136
15:49:15.544 > [1092507][I][PacketService.cpp:12] createEmptyPacket(): [LoRaMesher] Packet created with 24 bytes
15:49:15.553 > [1092516][I][LoraMesher.cpp:392] receivingRoutine(): [LoRaMesher] Receiving LoRa packet: Size: 24 bytes RSSI: -19 SNR: 13
15:49:15.564 > [1092527][V][LoraMesher.cpp:647] processPackets(): [LoRaMesher] Size of Received Packets Queue: 1
15:49:15.573 > [1092536][V][LoraMesher.cpp:754] printHeaderPacket(): [LoRaMesher] Packet received -- Size: 24 Src: B3F0 Dst: FFFF Id: 63 Type: 4 Via: 0 Seq_Id: 0 Num: 0
15:49:15.586 > [1092549][I][RoutingTableService.cpp:77] processRoute(): [LoRaMesher] Route packet from B3F0 with size 4
15:49:15.595 > [1092558][I][RoutingTableService.cpp:99] resetReceiveSNRRoutePacket(): [LoRaMesher] Reset Receive SNR from B3F0: 13
15:49:15.606 > [1092569][I][RoutingTableService.cpp:192] printRoutingTable(): [LoRaMesher] Current routing table:
15:49:15.614 > [1092577][I][RoutingTableService.cpp:206] printRoutingTable(): [LoRaMesher] 0 - B3F0 via B3F0 metric 1 Role 0
15:49:15.624 > [1092587][I][RoutingTableService.cpp:206] printRoutingTable(): [LoRaMesher] 1 - D110 via D110 metric 1 Role 1
15:49:15.634 > [1092597][I][RoutingTableService.cpp:206] printRoutingTable(): [LoRaMesher] 2 - F02C via F02C metric 1 Role 0
15:49:15.644 > [1092607][I][RoutingTableService.cpp:206] printRoutingTable(): [LoRaMesher] 3 - C998 via C998 metric 1 Role 0
15:49:15.653 > [1092616][I][PacketQueueService.h:80] deleteQueuePacketAndPacket(): [LoRaMesher] Deleting packet
15:49:15.662 > [1092625][I][PacketQueueService.h:83] deleteQueuePacketAndPacket(): [LoRaMesher] Deleting packet queue
15:49:15.671 > [1092634][V][LoraMesher.cpp:641] processPackets(): [LoRaMesher] Stack space unused after entering the task: 2040
15:49:15.681 > [1092644][V][LoraMesher.cpp:642] processPackets(): [LoRaMesher] Free heap: 336136
15:49:18.532 > [1095497][V][LoraMesher.cpp:378] receivingRoutine(): [LoRaMesher] Stack space unused after entering the task: 2104
15:49:18.543 > [1095507][V][LoraMesher.cpp:379] receivingRoutine(): [LoRaMesher] Free heap: 336136
15:49:18.551 > [1095515][I][PacketService.cpp:12] createEmptyPacket(): [LoRaMesher] Packet created with 17 bytes
15:49:18.559 > [1095523][I][LoraMesher.cpp:392] receivingRoutine(): [LoRaMesher] Receiving LoRa packet: Size: 17 bytes RSSI: -18 SNR: 13
15:49:18.571 > [1095535][V][LoraMesher.cpp:647] processPackets(): [LoRaMesher] Size of Received Packets Queue: 1
15:49:18.579 > [1095543][V][LoraMesher.cpp:754] printHeaderPacket(): [LoRaMesher] Packet received -- Size: 17 Src: B3F0 Dst: D110 Id: 64 Type: 2 Via: D110 Seq_Id: 0 Num: 0
15:49:18.593 > [1095557][I][LoraMesher.cpp:854] processDataPacket(): [LoRaMesher] Data packet from B3F0, destination D110, via D110
15:49:18.604 > [1095568][V][LoraMesher.cpp:878] processDataPacket(): [LoRaMesher] Packet not for me, deleting it
15:49:18.612 > [1095576][I][PacketQueueService.h:80] deleteQueuePacketAndPacket(): [LoRaMesher] Deleting packet
15:49:18.621 > [1095585][I][PacketQueueService.h:83] deleteQueuePacketAndPacket(): [LoRaMesher] Deleting packet queue
15:49:18.630 > [1095594][V][LoraMesher.cpp:641] processPackets(): [LoRaMesher] Stack space unused after entering the task: 2040
15:49:18.640 > [1095604][V][LoraMesher.cpp:642] processPackets(): [LoRaMesher] Free heap: 336136
15:49:38.062 > [1115034][V][LoraMesher.cpp:378] receivingRoutine(): [LoRaMesher] Stack space unused after entering the task: 2104
15:49:38.073 > [1115044][V][LoraMesher.cpp:379] receivingRoutine(): [LoRaMesher] Free heap: 336136
15:49:38.080 > [1115052][I][PacketService.cpp:12] createEmptyPacket(): [LoRaMesher] Packet created with 17 bytes
15:49:38.090 > [1115061][I][LoraMesher.cpp:392] receivingRoutine(): [LoRaMesher] Receiving LoRa packet: Size: 17 bytes RSSI: -19 SNR: 13
15:49:38.100 > [1115072][V][LoraMesher.cpp:647] processPackets(): [LoRaMesher] Size of Received Packets Queue: 1
15:49:38.110 > [1115081][V][LoraMesher.cpp:754] printHeaderPacket(): [LoRaMesher] Packet received -- Size: 17 Src: B3F0 Dst: D110 Id: 65 Type: 2 Via: D110 Seq_Id: 0 Num: 0
15:49:38.124 > [1115095][I][LoraMesher.cpp:854] processDataPacket(): [LoRaMesher] Data packet from B3F0, destination D110, via D110
15:49:38.134 > [1115105][V][LoraMesher.cpp:878] processDataPacket(): [LoRaMesher] Packet not for me, deleting it
15:49:38.143 > [1115114][I][PacketQueueService.h:80] deleteQueuePacketAndPacket(): [LoRaMesher] Deleting packet
15:49:38.151 > [1115122][I][PacketQueueService.h:83] deleteQueuePacketAndPacket(): [LoRaMesher] Deleting packet queue
15:49:38.160 > [1115131][V][LoraMesher.cpp:641] processPackets(): [LoRaMesher] Stack space unused after entering the task: 2040
15:49:38.170 > [1115141][V][LoraMesher.cpp:642] processPackets(): [LoRaMesher] Free heap: 336136
15:49:58.173 > [1135151][V][LoraMesher.cpp:378] receivingRoutine(): [LoRaMesher] Stack space unused after entering the task: 2104
15:49:58.183 > [1135161][V][LoraMesher.cpp:379] receivingRoutine(): [LoRaMesher] Free heap: 336136
15:49:58.191 > [1135168][I][PacketService.cpp:12] createEmptyPacket(): [LoRaMesher] Packet created with 17 bytes
15:49:58.200 > [1135177][I][LoraMesher.cpp:392] receivingRoutine(): [LoRaMesher] Receiving LoRa packet: Size: 17 bytes RSSI: -19 SNR: 13
15:49:58.211 > [1135188][V][LoraMesher.cpp:647] processPackets(): [LoRaMesher] Size of Received Packets Queue: 1
15:49:58.220 > [1135197][V][LoraMesher.cpp:754] printHeaderPacket(): [LoRaMesher] Packet received -- Size: 17 Src: B3F0 Dst: D110 Id: 66 Type: 2 Via: D110 Seq_Id: 0 Num: 0
15:49:58.233 > [1135211][I][LoraMesher.cpp:854] processDataPacket(): [LoRaMesher] Data packet from B3F0, destination D110, via D110
15:49:58.244 > [1135221][V][LoraMesher.cpp:878] processDataPacket(): [LoRaMesher] Packet not for me, deleting it
15:49:58.252 > [1135230][I][PacketQueueService.h:80] deleteQueuePacketAndPacket(): [LoRaMesher] Deleting packet
15:49:58.261 > [1135239][I][PacketQueueService.h:83] deleteQueuePacketAndPacket(): [LoRaMesher] Deleting packet queue
15:49:58.270 > [1135248][V][LoraMesher.cpp:641] processPackets(): [LoRaMesher] Stack space unused after entering the task: 2040
15:49:58.280 > [1135258][V][LoraMesher.cpp:642] processPackets(): [LoRaMesher] Free heap: 336136
15:50:00.735 > [1137714][V][LoraMesher.cpp:378] receivingRoutine(): [LoRaMesher] Stack space unused after entering the task: 2072
15:50:00.746 > [1137724][V][LoraMesher.cpp:379] receivingRoutine(): [LoRaMesher] Free heap: 336136
15:50:00.754 > [1137732][I][PacketService.cpp:12] createEmptyPacket(): [LoRaMesher] Packet created with 24 bytes
15:50:00.762 > [1137741][I][LoraMesher.cpp:392] receivingRoutine(): [LoRaMesher] Receiving LoRa packet: Size: 24 bytes RSSI: -76 SNR: -1
15:50:00.773 > [1137752][V][LoraMesher.cpp:647] processPackets(): [LoRaMesher] Size of Received Packets Queue: 1
15:50:00.782 > [1137761][V][LoraMesher.cpp:754] printHeaderPacket(): [LoRaMesher] Packet received -- Size: 24 Src: C998 Dst: FFFF Id: 5 Type: 4 Via: 0 Seq_Id: 0 Num: 0
15:50:00.796 > [1137774][I][RoutingTableService.cpp:77] processRoute(): [LoRaMesher] Route packet from C998 with size 4
15:50:00.805 > [1137784][I][RoutingTableService.cpp:99] resetReceiveSNRRoutePacket(): [LoRaMesher] Reset Receive SNR from C998: -1
15:50:00.815 > [1137794][I][RoutingTableService.cpp:192] printRoutingTable(): [LoRaMesher] Current routing table:
15:50:00.824 > [1137803][I][RoutingTableService.cpp:206] printRoutingTable(): [LoRaMesher] 0 - B3F0 via B3F0 metric 1 Role 0
15:50:00.834 > [1137812][I][RoutingTableService.cpp:206] printRoutingTable(): [LoRaMesher] 1 - D110 via D110 metric 1 Role 1
15:50:00.843 > [1137822][I][RoutingTableService.cpp:206] printRoutingTable(): [LoRaMesher] 2 - F02C via F02C metric 1 Role 0
15:50:00.853 > [1137832][I][RoutingTableService.cpp:206] printRoutingTable(): [LoRaMesher] 3 - C998 via C998 metric 1 Role 0
15:50:00.863 > [1137842][I][PacketQueueService.h:80] deleteQueuePacketAndPacket(): [LoRaMesher] Deleting packet
15:50:00.871 > [1137850][I][PacketQueueService.h:83] deleteQueuePacketAndPacket(): [LoRaMesher] Deleting packet queue
15:50:00.881 > [1137859][V][LoraMesher.cpp:641] processPackets(): [LoRaMesher] Stack space unused after entering the task: 2040
15:50:00.891 > [1137869][V][LoraMesher.cpp:642] processPackets(): [LoRaMesher] Free heap: 336136
15:50:18.053 > [1155037][V][LoraMesher.cpp:378] receivingRoutine(): [LoRaMesher] Stack space unused after entering the task: 2072
15:50:18.064 > [1155047][V][LoraMesher.cpp:379] receivingRoutine(): [LoRaMesher] Free heap: 336136
15:50:18.071 > [1155055][I][PacketService.cpp:12] createEmptyPacket(): [LoRaMesher] Packet created with 17 bytes
15:50:18.080 > [1155064][I][LoraMesher.cpp:392] receivingRoutine(): [LoRaMesher] Receiving LoRa packet: Size: 17 bytes RSSI: -19 SNR: 13
15:50:18.091 > [1155075][V][LoraMesher.cpp:647] processPackets(): [LoRaMesher] Size of Received Packets Queue: 1
15:50:18.100 > [1155084][V][LoraMesher.cpp:754] printHeaderPacket(): [LoRaMesher] Packet received -- Size: 17 Src: B3F0 Dst: D110 Id: 67 Type: 2 Via: D110 Seq_Id: 0 Num: 0
15:50:18.114 > [1155098][I][LoraMesher.cpp:854] processDataPacket(): [LoRaMesher] Data packet from B3F0, destination D110, via D110
15:50:18.124 > [1155108][V][LoraMesher.cpp:878] processDataPacket(): [LoRaMesher] Packet not for me, deleting it
15:50:18.133 > [1155117][I][PacketQueueService.h:80] deleteQueuePacketAndPacket(): [LoRaMesher] Deleting packet
15:50:18.141 > [1155125][I][PacketQueueService.h:83] deleteQueuePacketAndPacket(): [LoRaMesher] Deleting packet queue
15:50:18.151 > [1155134][V][LoraMesher.cpp:641] processPackets(): [LoRaMesher] Stack space unused after entering the task: 2040
15:50:18.161 > [1155144][V][LoraMesher.cpp:642] processPackets(): [LoRaMesher] Free heap: 336136
15:50:38.989 > [1175978][V][LoraMesher.cpp:378] receivingRoutine(): [LoRaMesher] Stack space unused after entering the task: 2072
15:50:39.000 > [1175989][V][LoraMesher.cpp:379] receivingRoutine(): [LoRaMesher] Free heap: 336136
15:50:39.008 > [1175996][I][PacketService.cpp:12] createEmptyPacket(): [LoRaMesher] Packet created with 17 bytes
15:50:39.017 > [1176005][I][LoraMesher.cpp:392] receivingRoutine(): [LoRaMesher] Receiving LoRa packet: Size: 17 bytes RSSI: -19 SNR: 13
15:50:39.028 > [1176016][V][LoraMesher.cpp:647] processPackets(): [LoRaMesher] Size of Received Packets Queue: 1
15:50:39.037 > [1176025][V][LoraMesher.cpp:754] printHeaderPacket(): [LoRaMesher] Packet received -- Size: 17 Src: B3F0 Dst: D110 Id: 68 Type: 2 Via: D110 Seq_Id: 0 Num: 0
15:50:39.050 > [1176039][I][LoraMesher.cpp:854] processDataPacket(): [LoRaMesher] Data packet from B3F0, destination D110, via D110
15:50:39.061 > [1176049][V][LoraMesher.cpp:878] processDataPacket(): [LoRaMesher] Packet not for me, deleting it
15:50:39.069 > [1176058][I][PacketQueueService.h:80] deleteQueuePacketAndPacket(): [LoRaMesher] Deleting packet
15:50:39.078 > [1176067][I][PacketQueueService.h:83] deleteQueuePacketAndPacket(): [LoRaMesher] Deleting packet queue
15:50:39.087 > [1176076][V][LoraMesher.cpp:641] processPackets(): [LoRaMesher] Stack space unused after entering the task: 2040
15:50:39.097 > [1176086][V][LoraMesher.cpp:642] processPackets(): [LoRaMesher] Free heap: 336136
15:50:58.351 > [1195345][V][LoraMesher.cpp:378] receivingRoutine(): [LoRaMesher] Stack space unused after entering the task: 2072
15:50:58.362 > [1195355][V][LoraMesher.cpp:379] receivingRoutine(): [LoRaMesher] Free heap: 336136
15:50:58.369 > [1195363][I][PacketService.cpp:12] createEmptyPacket(): [LoRaMesher] Packet created with 17 bytes
15:50:58.378 > [1195372][I][LoraMesher.cpp:392] receivingRoutine(): [LoRaMesher] Receiving LoRa packet: Size: 17 bytes RSSI: -18 SNR: 13
15:50:58.390 > [1195383][V][LoraMesher.cpp:647] processPackets(): [LoRaMesher] Size of Received Packets Queue: 1
15:50:58.398 > [1195392][V][LoraMesher.cpp:754] printHeaderPacket(): [LoRaMesher] Packet received -- Size: 17 Src: B3F0 Dst: D110 Id: 69 Type: 2 Via: D110 Seq_Id: 0 Num: 0
15:50:58.412 > [1195405][I][LoraMesher.cpp:854] processDataPacket(): [LoRaMesher] Data packet from B3F0, destination D110, via D110
15:50:58.422 > [1195416][V][LoraMesher.cpp:878] processDataPacket(): [LoRaMesher] Packet not for me, deleting it
15:50:58.431 > [1195424][I][PacketQueueService.h:80] deleteQueuePacketAndPacket(): [LoRaMesher] Deleting packet
15:50:58.440 > [1195433][I][PacketQueueService.h:83] deleteQueuePacketAndPacket(): [LoRaMesher] Deleting packet queue
15:50:58.449 > [1195442][V][LoraMesher.cpp:641] processPackets(): [LoRaMesher] Stack space unused after entering the task: 2040
15:50:58.459 > [1195452][V][LoraMesher.cpp:642] processPackets(): [LoRaMesher] Free heap: 336136
15:51:09.027 > [1206023][V][LoraMesher.cpp:694] routingTableManager(): [LoRaMesher] Stack space unused after entering the task: 2296
15:51:09.038 > [1206033][V][LoraMesher.cpp:695] routingTableManager(): [LoRaMesher] Free heap: 336136
15:51:09.046 > [1206041][I][RoutingTableService.cpp:216] manageTimeoutRoutingTable(): [LoRaMesher] Checking routes timeout
15:51:09.055 > [1206051][I][RoutingTableService.cpp:192] printRoutingTable(): [LoRaMesher] Current routing table:
15:51:09.064 > [1206059][I][RoutingTableService.cpp:206] printRoutingTable(): [LoRaMesher] 0 - B3F0 via B3F0 metric 1 Role 0
15:51:09.074 > [1206069][I][RoutingTableService.cpp:206] printRoutingTable(): [LoRaMesher] 1 - D110 via D110 metric 1 Role 1
15:51:09.084 > [1206079][I][RoutingTableService.cpp:206] printRoutingTable(): [LoRaMesher] 2 - F02C via F02C metric 1 Role 0
15:51:09.093 > [1206089][I][RoutingTableService.cpp:206] printRoutingTable(): [LoRaMesher] 3 - C998 via C998 metric 1 Role 0
15:51:11.561 > [1208557][V][LoraMesher.cpp:598] sendHelloPacket(): [LoRaMesher] Creating Routing Packet
15:51:11.570 > [1208565][V][LoraMesher.cpp:599] sendHelloPacket(): [LoRaMesher] Stack space unused after entering the task: 2200
15:51:11.580 > [1208575][V][LoraMesher.cpp:600] sendHelloPacket(): [LoRaMesher] Free heap: 336136
15:51:11.587 > [1208582][V][PacketFactory.h:45] createPacket(): [LoRaMesher] Creating packet with 24 bytes
15:51:11.595 > [1208591][I][PacketFactory.h:74] createPacket(): [LoRaMesher] Packet created with 24 bytes
15:51:11.603 > [1208599][I][LoraMesher.h:659] setPackedForSend(): [LoRaMesher] Adding packet to Q_SP
15:51:11.611 > [1208606][I][LoraMesher.h:661] setPackedForSend(): [LoRaMesher] Created packet to Q_SP
15:51:11.619 > [1208614][I][LoraMesher.cpp:1061] addToSendOrderedAndNotify(): [LoRaMesher] Added packet to Q_SP, notifying sender task
15:51:11.629 > [1208625][V][LoraMesher.cpp:511] sendPackets(): [LoRaMesher] Stack space unused after entering the task: 2052
15:51:11.639 > [1208634][V][LoraMesher.cpp:512] sendPackets(): [LoRaMesher] Free heap: 336036
15:51:11.646 > [1208641][V][LoraMesher.cpp:518] sendPackets(): [LoRaMesher] Size of Send Packets Queue: 1
15:51:11.654 > [1208649][V][LoraMesher.cpp:525] sendPackets(): [LoRaMesher] Send n. 11
15:51:11.661 > [1208656][V][LoraMesher.cpp:455] waitBeforeSend(): [LoRaMesher] RandomDelay 684 ms
15:51:12.351 > [1209347][V][LoraMesher.cpp:754] printHeaderPacket(): [LoRaMesher] Packet send -- Size: 24 Src: DE6C Dst: FFFF Id: 11 Type: 4 Via: 0 Seq_Id: 0 Num: 0
15:51:12.455 > [1209451][V][LoraMesher.cpp:575] sendPackets(): [LoRaMesher] TimeOnAir 78 ms, next message in 0 ms
15:51:12.464 > [1209460][I][PacketQueueService.h:80] deleteQueuePacketAndPacket(): [LoRaMesher] Deleting packet
15:51:12.472 > [1209469][I][PacketQueueService.h:83] deleteQueuePacketAndPacket(): [LoRaMesher] Deleting packet queue
15:51:14.802 > [1211799][V][LoraMesher.cpp:378] receivingRoutine(): [LoRaMesher] Stack space unused after entering the task: 2072
15:51:14.813 > [1211809][V][LoraMesher.cpp:379] receivingRoutine(): [LoRaMesher] Free heap: 336136
15:51:14.820 > [1211816][I][PacketService.cpp:12] createEmptyPacket(): [LoRaMesher] Packet created with 24 bytes
15:51:14.829 > [1211825][I][LoraMesher.cpp:392] receivingRoutine(): [LoRaMesher] Receiving LoRa packet: Size: 24 bytes RSSI: -17 SNR: 13
15:51:14.840 > [1211836][V][LoraMesher.cpp:647] processPackets(): [LoRaMesher] Size of Received Packets Queue: 1
15:51:14.849 > [1211845][V][LoraMesher.cpp:754] printHeaderPacket(): [LoRaMesher] Packet received -- Size: 24 Src: B3F0 Dst: FFFF Id: 70 Type: 4 Via: 0 Seq_Id: 0 Num: 0
15:51:14.863 > [1211859][I][RoutingTableService.cpp:77] processRoute(): [LoRaMesher] Route packet from B3F0 with size 4
15:51:14.872 > [1211868][I][RoutingTableService.cpp:99] resetReceiveSNRRoutePacket(): [LoRaMesher] Reset Receive SNR from B3F0: 13
15:51:14.882 > [1211878][I][RoutingTableService.cpp:192] printRoutingTable(): [LoRaMesher] Current routing table:
15:51:14.891 > [1211887][I][RoutingTableService.cpp:206] printRoutingTable(): [LoRaMesher] 0 - B3F0 via B3F0 metric 1 Role 0
15:51:14.901 > [1211897][I][RoutingTableService.cpp:206] printRoutingTable(): [LoRaMesher] 1 - D110 via D110 metric 1 Role 1
15:51:14.910 > [1211907][I][RoutingTableService.cpp:206] printRoutingTable(): [LoRaMesher] 2 - F02C via F02C metric 1 Role 0
15:51:14.920 > [1211916][I][RoutingTableService.cpp:206] printRoutingTable(): [LoRaMesher] 3 - C998 via C998 metric 1 Role 0
15:51:14.930 > [1211926][I][PacketQueueService.h:80] deleteQueuePacketAndPacket(): [LoRaMesher] Deleting packet
15:51:14.938 > [1211935][I][PacketQueueService.h:83] deleteQueuePacketAndPacket(): [LoRaMesher] Deleting packet queue
15:51:14.948 > [1211944][V][LoraMesher.cpp:641] processPackets(): [LoRaMesher] Stack space unused after entering the task: 2040
15:51:14.958 > [1211954][V][LoraMesher.cpp:642] processPackets(): [LoRaMesher] Free heap: 336136
15:51:18.312 > [1215309][V][LoraMesher.cpp:378] receivingRoutine(): [LoRaMesher] Stack space unused after entering the task: 2072
15:51:18.322 > [1215320][V][LoraMesher.cpp:379] receivingRoutine(): [LoRaMesher] Free heap: 336136
15:51:18.330 > [1215327][I][PacketService.cpp:12] createEmptyPacket(): [LoRaMesher] Packet created with 17 bytes
15:51:18.339 > [1215336][I][LoraMesher.cpp:392] receivingRoutine(): [LoRaMesher] Receiving LoRa packet: Size: 17 bytes RSSI: -17 SNR: 12
15:51:18.350 > [1215347][V][LoraMesher.cpp:647] processPackets(): [LoRaMesher] Size of Received Packets Queue: 1
15:51:18.359 > [1215356][V][LoraMesher.cpp:754] printHeaderPacket(): [LoRaMesher] Packet received -- Size: 17 Src: B3F0 Dst: D110 Id: 71 Type: 2 Via: D110 Seq_Id: 0 Num: 0
15:51:18.373 > [1215370][I][LoraMesher.cpp:854] processDataPacket(): [LoRaMesher] Data packet from B3F0, destination D110, via D110
15:51:18.383 > [1215380][V][LoraMesher.cpp:878] processDataPacket(): [LoRaMesher] Packet not for me, deleting it
15:51:18.392 > [1215389][I][PacketQueueService.h:80] deleteQueuePacketAndPacket(): [LoRaMesher] Deleting packet
15:51:18.400 > [1215397][I][PacketQueueService.h:83] deleteQueuePacketAndPacket(): [LoRaMesher] Deleting packet queue
15:51:18.409 > [1215406][V][LoraMesher.cpp:641] processPackets(): [LoRaMesher] Stack space unused after entering the task: 2040
15:51:18.419 > [1215417][V][LoraMesher.cpp:642] processPackets(): [LoRaMesher] Free heap: 336136
15:51:38.859 > [1235860][V][LoraMesher.cpp:378] receivingRoutine(): [LoRaMesher] Stack space unused after entering the task: 2072
15:51:38.870 > [1235870][V][LoraMesher.cpp:379] receivingRoutine(): [LoRaMesher] Free heap: 336136
15:51:38.878 > [1235878][I][PacketService.cpp:12] createEmptyPacket(): [LoRaMesher] Packet created with 17 bytes
15:51:38.886 > [1235886][I][LoraMesher.cpp:392] receivingRoutine(): [LoRaMesher] Receiving LoRa packet: Size: 17 bytes RSSI: -17 SNR: 13
15:51:38.898 > [1235898][V][LoraMesher.cpp:647] processPackets(): [LoRaMesher] Size of Received Packets Queue: 1
15:51:38.906 > [1235906][V][LoraMesher.cpp:754] printHeaderPacket(): [LoRaMesher] Packet received -- Size: 17 Src: B3F0 Dst: D110 Id: 72 Type: 2 Via: D110 Seq_Id: 0 Num: 0
15:51:38.920 > [1235920][I][LoraMesher.cpp:854] processDataPacket(): [LoRaMesher] Data packet from B3F0, destination D110, via D110
15:51:38.931 > [1235931][V][LoraMesher.cpp:878] processDataPacket(): [LoRaMesher] Packet not for me, deleting it
15:51:38.939 > [1235939][I][PacketQueueService.h:80] deleteQueuePacketAndPacket(): [LoRaMesher] Deleting packet
15:51:38.948 > [1235948][I][PacketQueueService.h:83] deleteQueuePacketAndPacket(): [LoRaMesher] Deleting packet queue
15:51:38.957 > [1235957][V][LoraMesher.cpp:641] processPackets(): [LoRaMesher] Stack space unused after entering the task: 2040
15:51:38.967 > [1235967][V][LoraMesher.cpp:642] processPackets(): [LoRaMesher] Free heap: 336136
15:51:58.622 > [1255625][V][LoraMesher.cpp:378] receivingRoutine(): [LoRaMesher] Stack space unused after entering the task: 2072
15:51:58.633 > [1255635][V][LoraMesher.cpp:379] receivingRoutine(): [LoRaMesher] Free heap: 336136
15:51:58.640 > [1255643][I][PacketService.cpp:12] createEmptyPacket(): [LoRaMesher] Packet created with 17 bytes
15:51:58.649 > [1255652][I][LoraMesher.cpp:392] receivingRoutine(): [LoRaMesher] Receiving LoRa packet: Size: 17 bytes RSSI: -17 SNR: 13
15:51:58.660 > [1255663][V][LoraMesher.cpp:647] processPackets(): [LoRaMesher] Size of Received Packets Queue: 1
15:51:58.669 > [1255672][V][LoraMesher.cpp:754] printHeaderPacket(): [LoRaMesher] Packet received -- Size: 17 Src: B3F0 Dst: D110 Id: 73 Type: 2 Via: D110 Seq_Id: 0 Num: 0
15:51:58.683 > [1255686][I][LoraMesher.cpp:854] processDataPacket(): [LoRaMesher] Data packet from B3F0, destination D110, via D110
15:51:58.693 > [1255696][V][LoraMesher.cpp:878] processDataPacket(): [LoRaMesher] Packet not for me, deleting it
15:51:58.702 > [1255705][I][PacketQueueService.h:80] deleteQueuePacketAndPacket(): [LoRaMesher] Deleting packet
15:51:58.710 > [1255713][I][PacketQueueService.h:83] deleteQueuePacketAndPacket(): [LoRaMesher] Deleting packet queue
15:51:58.719 > [1255722][V][LoraMesher.cpp:641] processPackets(): [LoRaMesher] Stack space unused after entering the task: 2040
15:51:58.729 > [1255732][V][LoraMesher.cpp:642] processPackets(): [LoRaMesher] Free heap: 336136
15:52:00.046 > [1257050][V][LoraMesher.cpp:378] receivingRoutine(): [LoRaMesher] Stack space unused after entering the task: 2072
15:52:00.056 > [1257060][V][LoraMesher.cpp:379] receivingRoutine(): [LoRaMesher] Free heap: 336136
15:52:00.064 > [1257068][I][PacketService.cpp:12] createEmptyPacket(): [LoRaMesher] Packet created with 24 bytes
15:52:00.073 > [1257076][I][LoraMesher.cpp:392] receivingRoutine(): [LoRaMesher] Receiving LoRa packet: Size: 24 bytes RSSI: -76 SNR: -1
15:52:00.084 > [1257088][V][LoraMesher.cpp:647] processPackets(): [LoRaMesher] Size of Received Packets Queue: 1
15:52:00.093 > [1257096][V][LoraMesher.cpp:754] printHeaderPacket(): [LoRaMesher] Packet received -- Size: 24 Src: C998 Dst: FFFF Id: 6 Type: 4 Via: 0 Seq_Id: 0 Num: 0
15:52:00.106 > [1257110][I][RoutingTableService.cpp:77] processRoute(): [LoRaMesher] Route packet from C998 with size 4
15:52:00.115 > [1257119][I][RoutingTableService.cpp:99] resetReceiveSNRRoutePacket(): [LoRaMesher] Reset Receive SNR from C998: -1
15:52:00.126 > [1257130][I][RoutingTableService.cpp:192] printRoutingTable(): [LoRaMesher] Current routing table:
15:52:00.134 > [1257138][I][RoutingTableService.cpp:206] printRoutingTable(): [LoRaMesher] 0 - B3F0 via B3F0 metric 1 Role 0
15:52:00.145 > [1257148][I][RoutingTableService.cpp:206] printRoutingTable(): [LoRaMesher] 1 - D110 via D110 metric 1 Role 1
15:52:00.155 > [1257158][I][RoutingTableService.cpp:206] printRoutingTable(): [LoRaMesher] 2 - F02C via F02C metric 1 Role 0
15:52:00.165 > [1257167][I][RoutingTableService.cpp:206] printRoutingTable(): [LoRaMesher] 3 - C998 via C998 metric 1 Role 0
15:52:00.173 > [1257177][I][PacketQueueService.h:80] deleteQueuePacketAndPacket(): [LoRaMesher] Deleting packet
15:52:00.182 > [1257186][I][PacketQueueService.h:83] deleteQueuePacketAndPacket(): [LoRaMesher] Deleting packet queue
15:52:00.191 > [1257195][V][LoraMesher.cpp:641] processPackets(): [LoRaMesher] Stack space unused after entering the task: 2040
15:52:00.201 > [1257205][V][LoraMesher.cpp:642] processPackets(): [LoRaMesher] Free heap: 336136
15:52:19.364 > [1276371][V][LoraMesher.cpp:378] receivingRoutine(): [LoRaMesher] Stack space unused after entering the task: 2072
15:52:19.375 > [1276381][V][LoraMesher.cpp:379] receivingRoutine(): [LoRaMesher] Free heap: 336136
15:52:19.383 > [1276388][I][PacketService.cpp:12] createEmptyPacket(): [LoRaMesher] Packet created with 17 bytes
15:52:19.392 > [1276397][I][LoraMesher.cpp:392] receivingRoutine(): [LoRaMesher] Receiving LoRa packet: Size: 17 bytes RSSI: -17 SNR: 13
15:52:19.403 > [1276409][V][LoraMesher.cpp:647] processPackets(): [LoRaMesher] Size of Received Packets Queue: 1
15:52:19.412 > [1276417][V][LoraMesher.cpp:754] printHeaderPacket(): [LoRaMesher] Packet received -- Size: 17 Src: B3F0 Dst: D110 Id: 74 Type: 2 Via: D110 Seq_Id: 0 Num: 0
15:52:19.425 > [1276431][I][LoraMesher.cpp:854] processDataPacket(): [LoRaMesher] Data packet from B3F0, destination D110, via D110
15:52:19.436 > [1276441][V][LoraMesher.cpp:878] processDataPacket(): [LoRaMesher] Packet not for me, deleting it
15:52:19.444 > [1276450][I][PacketQueueService.h:80] deleteQueuePacketAndPacket(): [LoRaMesher] Deleting packet
15:52:19.453 > [1276459][I][PacketQueueService.h:83] deleteQueuePacketAndPacket(): [LoRaMesher] Deleting packet queue
15:52:19.462 > [1276468][V][LoraMesher.cpp:641] processPackets(): [LoRaMesher] Stack space unused after entering the task: 2040
15:52:19.472 > [1276478][V][LoraMesher.cpp:642] processPackets(): [LoRaMesher] Free heap: 336136
15:52:39.247 > [1296256][V][LoraMesher.cpp:378] receivingRoutine(): [LoRaMesher] Stack space unused after entering the task: 2072
15:52:39.258 > [1296266][V][LoraMesher.cpp:379] receivingRoutine(): [LoRaMesher] Free heap: 336136
15:52:39.265 > [1296274][I][PacketService.cpp:12] createEmptyPacket(): [LoRaMesher] Packet created with 17 bytes
15:52:39.274 > [1296283][I][LoraMesher.cpp:392] receivingRoutine(): [LoRaMesher] Receiving LoRa packet: Size: 17 bytes RSSI: -22 SNR: 12
15:52:39.285 > [1296294][V][LoraMesher.cpp:647] processPackets(): [LoRaMesher] Size of Received Packets Queue: 1
15:52:39.294 > [1296303][V][LoraMesher.cpp:754] printHeaderPacket(): [LoRaMesher] Packet received -- Size: 17 Src: B3F0 Dst: D110 Id: 75 Type: 2 Via: D110 Seq_Id: 0 Num: 0
15:52:39.308 > [1296317][I][LoraMesher.cpp:854] processDataPacket(): [LoRaMesher] Data packet from B3F0, destination D110, via D110
15:52:39.318 > [1296327][V][LoraMesher.cpp:878] processDataPacket(): [LoRaMesher] Packet not for me, deleting it
15:52:39.327 > [1296336][I][PacketQueueService.h:80] deleteQueuePacketAndPacket(): [LoRaMesher] Deleting packet
15:52:39.335 > [1296344][I][PacketQueueService.h:83] deleteQueuePacketAndPacket(): [LoRaMesher] Deleting packet queue
15:52:39.345 > [1296353][V][LoraMesher.cpp:641] processPackets(): [LoRaMesher] Stack space unused after entering the task: 2040
15:52:39.355 > [1296363][V][LoraMesher.cpp:642] processPackets(): [LoRaMesher] Free heap: 336136
15:52:58.978 > [1315988][V][LoraMesher.cpp:378] receivingRoutine(): [LoRaMesher] Stack space unused after entering the task: 2072
15:52:58.988 > [1315999][V][LoraMesher.cpp:379] receivingRoutine(): [LoRaMesher] Free heap: 336136
15:52:58.997 > [1316006][I][PacketService.cpp:12] createEmptyPacket(): [LoRaMesher] Packet created with 17 bytes
15:52:59.005 > [1316015][I][LoraMesher.cpp:392] receivingRoutine(): [LoRaMesher] Receiving LoRa packet: Size: 17 bytes RSSI: -21 SNR: 12
15:52:59.016 > [1316026][V][LoraMesher.cpp:647] processPackets(): [LoRaMesher] Size of Received Packets Queue: 1
15:52:59.025 > [1316035][V][LoraMesher.cpp:754] printHeaderPacket(): [LoRaMesher] Packet received -- Size: 17 Src: B3F0 Dst: D110 Id: 76 Type: 2 Via: D110 Seq_Id: 0 Num: 0
15:52:59.039 > [1316049][I][LoraMesher.cpp:854] processDataPacket(): [LoRaMesher] Data packet from B3F0, destination D110, via D110
15:52:59.049 > [1316059][V][LoraMesher.cpp:878] processDataPacket(): [LoRaMesher] Packet not for me, deleting it
15:52:59.057 > [1316068][I][PacketQueueService.h:80] deleteQueuePacketAndPacket(): [LoRaMesher] Deleting packet
15:52:59.066 > [1316077][I][PacketQueueService.h:83] deleteQueuePacketAndPacket(): [LoRaMesher] Deleting packet queue
15:52:59.075 > [1316086][V][LoraMesher.cpp:641] processPackets(): [LoRaMesher] Stack space unused after entering the task: 2040
15:52:59.085 > [1316096][V][LoraMesher.cpp:642] processPackets(): [LoRaMesher] Free heap: 336136
15:53:11.613 > [1328625][V][LoraMesher.cpp:598] sendHelloPacket(): [LoRaMesher] Creating Routing Packet
15:53:11.622 > [1328633][V][LoraMesher.cpp:599] sendHelloPacket(): [LoRaMesher] Stack space unused after entering the task: 2200
15:53:11.632 > [1328643][V][LoraMesher.cpp:600] sendHelloPacket(): [LoRaMesher] Free heap: 336136
15:53:11.639 > [1328650][V][PacketFactory.h:45] createPacket(): [LoRaMesher] Creating packet with 24 bytes
15:53:11.647 > [1328659][I][PacketFactory.h:74] createPacket(): [LoRaMesher] Packet created with 24 bytes
15:53:11.655 > [1328667][I][LoraMesher.h:659] setPackedForSend(): [LoRaMesher] Adding packet to Q_SP
15:53:11.663 > [1328674][I][LoraMesher.h:661] setPackedForSend(): [LoRaMesher] Created packet to Q_SP
15:53:11.671 > [1328682][I][LoraMesher.cpp:1061] addToSendOrderedAndNotify(): [LoRaMesher] Added packet to Q_SP, notifying sender task
15:53:11.681 > [1328693][V][LoraMesher.cpp:511] sendPackets(): [LoRaMesher] Stack space unused after entering the task: 2052
15:53:11.691 > [1328702][V][LoraMesher.cpp:512] sendPackets(): [LoRaMesher] Free heap: 336036
15:53:11.698 > [1328709][V][LoraMesher.cpp:518] sendPackets(): [LoRaMesher] Size of Send Packets Queue: 1
15:53:11.706 > [1328717][V][LoraMesher.cpp:525] sendPackets(): [LoRaMesher] Send n. 12
15:53:11.712 > [1328724][V][LoraMesher.cpp:455] waitBeforeSend(): [LoRaMesher] RandomDelay 269 ms
15:53:11.988 > [1329000][V][LoraMesher.cpp:754] printHeaderPacket(): [LoRaMesher] Packet send -- Size: 24 Src: DE6C Dst: FFFF Id: 12 Type: 4 Via: 0 Seq_Id: 0 Num: 0
15:53:12.092 > [1329104][V][LoraMesher.cpp:575] sendPackets(): [LoRaMesher] TimeOnAir 78 ms, next message in 0 ms
15:53:12.102 > [1329113][I][PacketQueueService.h:80] deleteQueuePacketAndPacket(): [LoRaMesher] Deleting packet
15:53:12.110 > [1329122][I][PacketQueueService.h:83] deleteQueuePacketAndPacket(): [LoRaMesher] Deleting packet queue
15:53:13.204 > [1330216][V][LoraMesher.cpp:378] receivingRoutine(): [LoRaMesher] Stack space unused after entering the task: 2072
15:53:13.215 > [1330226][V][LoraMesher.cpp:379] receivingRoutine(): [LoRaMesher] Free heap: 336136
15:53:13.222 > [1330234][I][PacketService.cpp:12] createEmptyPacket(): [LoRaMesher] Packet created with 24 bytes
15:53:13.230 > [1330243][I][LoraMesher.cpp:392] receivingRoutine(): [LoRaMesher] Receiving LoRa packet: Size: 24 bytes RSSI: -15 SNR: 13
15:53:13.242 > [1330254][V][LoraMesher.cpp:647] processPackets(): [LoRaMesher] Size of Received Packets Queue: 1
15:53:13.251 > [1330263][V][LoraMesher.cpp:754] printHeaderPacket(): [LoRaMesher] Packet received -- Size: 24 Src: D110 Dst: FFFF Id: 11 Type: 4 Via: 0 Seq_Id: 0 Num: 0
15:53:13.265 > [1330276][I][RoutingTableService.cpp:77] processRoute(): [LoRaMesher] Route packet from D110 with size 4
15:53:13.273 > [1330286][I][RoutingTableService.cpp:99] resetReceiveSNRRoutePacket(): [LoRaMesher] Reset Receive SNR from D110: 13
15:53:13.283 > [1330296][I][RoutingTableService.cpp:192] printRoutingTable(): [LoRaMesher] Current routing table:
15:53:13.293 > [1330305][I][RoutingTableService.cpp:206] printRoutingTable(): [LoRaMesher] 0 - B3F0 via B3F0 metric 1 Role 0
15:53:13.303 > [1330314][I][RoutingTableService.cpp:206] printRoutingTable(): [LoRaMesher] 1 - D110 via D110 metric 1 Role 1
15:53:13.312 > [1330324][I][RoutingTableService.cpp:206] printRoutingTable(): [LoRaMesher] 2 - F02C via F02C metric 1 Role 0
15:53:13.321 > [1330334][I][RoutingTableService.cpp:206] printRoutingTable(): [LoRaMesher] 3 - C998 via C998 metric 1 Role 0
15:53:13.331 > [1330343][I][PacketQueueService.h:80] deleteQueuePacketAndPacket(): [LoRaMesher] Deleting packet
15:53:13.340 > [1330352][I][PacketQueueService.h:83] deleteQueuePacketAndPacket(): [LoRaMesher] Deleting packet queue
15:53:13.350 > [1330361][V][LoraMesher.cpp:641] processPackets(): [LoRaMesher] Stack space unused after entering the task: 2040
15:53:13.360 > [1330371][V][LoraMesher.cpp:642] processPackets(): [LoRaMesher] Free heap: 336136
15:53:14.370 > [1331383][V][LoraMesher.cpp:378] receivingRoutine(): [LoRaMesher] Stack space unused after entering the task: 2072
15:53:14.380 > [1331393][V][LoraMesher.cpp:379] receivingRoutine(): [LoRaMesher] Free heap: 336136
15:53:14.389 > [1331400][I][PacketService.cpp:12] createEmptyPacket(): [LoRaMesher] Packet created with 24 bytes
15:53:14.398 > [1331409][I][LoraMesher.cpp:392] receivingRoutine(): [LoRaMesher] Receiving LoRa packet: Size: 24 bytes RSSI: -6 SNR: 13
15:53:14.408 > [1331420][V][LoraMesher.cpp:647] processPackets(): [LoRaMesher] Size of Received Packets Queue: 1
15:53:14.418 > [1331429][V][LoraMesher.cpp:754] printHeaderPacket(): [LoRaMesher] Packet received -- Size: 24 Src: F02C Dst: FFFF Id: 12 Type: 4 Via: 0 Seq_Id: 0 Num: 0
15:53:14.430 > [1331443][I][RoutingTableService.cpp:77] processRoute(): [LoRaMesher] Route packet from F02C with size 4
15:53:14.440 > [1331452][I][RoutingTableService.cpp:99] resetReceiveSNRRoutePacket(): [LoRaMesher] Reset Receive SNR from F02C: 13
15:53:14.450 > [1331462][I][RoutingTableService.cpp:192] printRoutingTable(): [LoRaMesher] Current routing table:
15:53:14.460 > [1331471][I][RoutingTableService.cpp:206] printRoutingTable(): [LoRaMesher] 0 - B3F0 via B3F0 metric 1 Role 0
15:53:14.469 > [1331481][I][RoutingTableService.cpp:206] printRoutingTable(): [LoRaMesher] 1 - D110 via D110 metric 1 Role 1
15:53:14.478 > [1331490][I][RoutingTableService.cpp:206] printRoutingTable(): [LoRaMesher] 2 - F02C via F02C metric 1 Role 0
15:53:14.488 > [1331500][I][RoutingTableService.cpp:206] printRoutingTable(): [LoRaMesher] 3 - C998 via C998 metric 1 Role 0
15:53:14.498 > [1331510][I][PacketQueueService.h:80] deleteQueuePacketAndPacket(): [LoRaMesher] Deleting packet
15:53:14.506 > [1331518][I][PacketQueueService.h:83] deleteQueuePacketAndPacket(): [LoRaMesher] Deleting packet queue
15:53:14.515 > [1331528][V][LoraMesher.cpp:641] processPackets(): [LoRaMesher] Stack space unused after entering the task: 2040
15:53:14.525 > [1331538][V][LoraMesher.cpp:642] processPackets(): [LoRaMesher] Free heap: 336136
15:53:15.205 > [1332217][V][LoraMesher.cpp:378] receivingRoutine(): [LoRaMesher] Stack space unused after entering the task: 2072
15:53:15.215 > [1332227][V][LoraMesher.cpp:379] receivingRoutine(): [LoRaMesher] Free heap: 336136
15:53:15.223 > [1332235][I][PacketService.cpp:12] createEmptyPacket(): [LoRaMesher] Packet created with 24 bytes
15:53:15.231 > [1332244][I][LoraMesher.cpp:392] receivingRoutine(): [LoRaMesher] Receiving LoRa packet: Size: 24 bytes RSSI: -19 SNR: 14
15:53:15.243 > [1332255][V][LoraMesher.cpp:647] processPackets(): [LoRaMesher] Size of Received Packets Queue: 1
15:53:15.252 > [1332264][V][LoraMesher.cpp:754] printHeaderPacket(): [LoRaMesher] Packet received -- Size: 24 Src: B3F0 Dst: FFFF Id: 77 Type: 4 Via: 0 Seq_Id: 0 Num: 0
15:53:15.265 > [1332277][I][RoutingTableService.cpp:77] processRoute(): [LoRaMesher] Route packet from B3F0 with size 4
15:53:15.274 > [1332287][I][RoutingTableService.cpp:99] resetReceiveSNRRoutePacket(): [LoRaMesher] Reset Receive SNR from B3F0: 14
15:53:15.285 > [1332297][I][RoutingTableService.cpp:192] printRoutingTable(): [LoRaMesher] Current routing table:
15:53:15.293 > [1332306][I][RoutingTableService.cpp:206] printRoutingTable(): [LoRaMesher] 0 - B3F0 via B3F0 metric 1 Role 0
15:53:15.303 > [1332315][I][RoutingTableService.cpp:206] printRoutingTable(): [LoRaMesher] 1 - D110 via D110 metric 1 Role 1
15:53:15.313 > [1332325][I][RoutingTableService.cpp:206] printRoutingTable(): [LoRaMesher] 2 - F02C via F02C metric 1 Role 0
15:53:15.323 > [1332335][I][RoutingTableService.cpp:206] printRoutingTable(): [LoRaMesher] 3 - C998 via C998 metric 1 Role 0
15:53:15.333 > [1332345][I][PacketQueueService.h:80] deleteQueuePacketAndPacket(): [LoRaMesher] Deleting packet
15:53:15.341 > [1332353][I][PacketQueueService.h:83] deleteQueuePacketAndPacket(): [LoRaMesher] Deleting packet queue
15:53:15.350 > [1332362][V][LoraMesher.cpp:641] processPackets(): [LoRaMesher] Stack space unused after entering the task: 2040
15:53:15.360 > [1332372][V][LoraMesher.cpp:642] processPackets(): [LoRaMesher] Free heap: 336136
15:53:19.305 > [1336318][V][LoraMesher.cpp:378] receivingRoutine(): [LoRaMesher] Stack space unused after entering the task: 2072
15:53:19.316 > [1336328][V][LoraMesher.cpp:379] receivingRoutine(): [LoRaMesher] Free heap: 336136
15:53:19.323 > [1336336][I][PacketService.cpp:12] createEmptyPacket(): [LoRaMesher] Packet created with 17 bytes
15:53:19.332 > [1336345][I][LoraMesher.cpp:392] receivingRoutine(): [LoRaMesher] Receiving LoRa packet: Size: 17 bytes RSSI: -18 SNR: 12
15:53:19.344 > [1336356][V][LoraMesher.cpp:647] processPackets(): [LoRaMesher] Size of Received Packets Queue: 1
15:53:19.352 > [1336365][V][LoraMesher.cpp:754] printHeaderPacket(): [LoRaMesher] Packet received -- Size: 17 Src: B3F0 Dst: D110 Id: 78 Type: 2 Via: D110 Seq_Id: 0 Num: 0
15:53:19.366 > [1336378][I][LoraMesher.cpp:854] processDataPacket(): [LoRaMesher] Data packet from B3F0, destination D110, via D110
15:53:19.376 > [1336389][V][LoraMesher.cpp:878] processDataPacket(): [LoRaMesher] Packet not for me, deleting it
15:53:19.385 > [1336397][I][PacketQueueService.h:80] deleteQueuePacketAndPacket(): [LoRaMesher] Deleting packet
15:53:19.394 > [1336406][I][PacketQueueService.h:83] deleteQueuePacketAndPacket(): [LoRaMesher] Deleting packet queue
15:53:19.403 > [1336415][V][LoraMesher.cpp:641] processPackets(): [LoRaMesher] Stack space unused after entering the task: 2040
15:53:19.413 > [1336425][V][LoraMesher.cpp:642] processPackets(): [LoRaMesher] Free heap: 336136
15:53:39.253 > [1356267][V][LoraMesher.cpp:378] receivingRoutine(): [LoRaMesher] Stack space unused after entering the task: 2072
15:53:39.263 > [1356278][V][LoraMesher.cpp:379] receivingRoutine(): [LoRaMesher] Free heap: 336136
15:53:39.271 > [1356285][I][PacketService.cpp:12] createEmptyPacket(): [LoRaMesher] Packet created with 17 bytes
15:53:39.280 > [1356294][I][LoraMesher.cpp:392] receivingRoutine(): [LoRaMesher] Receiving LoRa packet: Size: 17 bytes RSSI: -18 SNR: 13
15:53:39.291 > [1356305][V][LoraMesher.cpp:647] processPackets(): [LoRaMesher] Size of Received Packets Queue: 1
15:53:39.300 > [1356314][V][LoraMesher.cpp:754] printHeaderPacket(): [LoRaMesher] Packet received -- Size: 17 Src: B3F0 Dst: D110 Id: 79 Type: 2 Via: D110 Seq_Id: 0 Num: 0
15:53:39.314 > [1356328][I][LoraMesher.cpp:854] processDataPacket(): [LoRaMesher] Data packet from B3F0, destination D110, via D110
15:53:39.324 > [1356338][V][LoraMesher.cpp:878] processDataPacket(): [LoRaMesher] Packet not for me, deleting it
15:53:39.333 > [1356347][I][PacketQueueService.h:80] deleteQueuePacketAndPacket(): [LoRaMesher] Deleting packet
15:53:39.341 > [1356355][I][PacketQueueService.h:83] deleteQueuePacketAndPacket(): [LoRaMesher] Deleting packet queue
15:53:39.350 > [1356365][V][LoraMesher.cpp:641] processPackets(): [LoRaMesher] Stack space unused after entering the task: 2040
15:53:39.360 > [1356375][V][LoraMesher.cpp:642] processPackets(): [LoRaMesher] Free heap: 336136
15:53:59.222 > [1376238][V][LoraMesher.cpp:378] receivingRoutine(): [LoRaMesher] Stack space unused after entering the task: 2072
15:53:59.232 > [1376248][V][LoraMesher.cpp:379] receivingRoutine(): [LoRaMesher] Free heap: 336136
15:53:59.240 > [1376256][I][PacketService.cpp:12] createEmptyPacket(): [LoRaMesher] Packet created with 17 bytes
15:53:59.248 > [1376264][I][LoraMesher.cpp:392] receivingRoutine(): [LoRaMesher] Receiving LoRa packet: Size: 17 bytes RSSI: -19 SNR: 13
15:53:59.260 > [1376276][V][LoraMesher.cpp:647] processPackets(): [LoRaMesher] Size of Received Packets Queue: 1
15:53:59.268 > [1376284][V][LoraMesher.cpp:754] printHeaderPacket(): [LoRaMesher] Packet received -- Size: 17 Src: B3F0 Dst: D110 Id: 80 Type: 2 Via: D110 Seq_Id: 0 Num: 0
15:53:59.282 > [1376298][I][LoraMesher.cpp:854] processDataPacket(): [LoRaMesher] Data packet from B3F0, destination D110, via D110
15:53:59.293 > [1376309][V][LoraMesher.cpp:878] processDataPacket(): [LoRaMesher] Packet not for me, deleting it
15:53:59.301 > [1376317][I][PacketQueueService.h:80] deleteQueuePacketAndPacket(): [LoRaMesher] Deleting packet
15:53:59.312 > [1376326][I][PacketQueueService.h:83] deleteQueuePacketAndPacket(): [LoRaMesher] Deleting packet queue
15:53:59.319 > [1376335][V][LoraMesher.cpp:641] processPackets(): [LoRaMesher] Stack space unused after entering the task: 2040
15:53:59.330 > [1376345][V][LoraMesher.cpp:642] processPackets(): [LoRaMesher] Free heap: 336136
15:54:00.060 > [1377076][V][LoraMesher.cpp:378] receivingRoutine(): [LoRaMesher] Stack space unused after entering the task: 2072
15:54:00.070 > [1377087][V][LoraMesher.cpp:379] receivingRoutine(): [LoRaMesher] Free heap: 336136
15:54:00.078 > [1377094][I][PacketService.cpp:12] createEmptyPacket(): [LoRaMesher] Packet created with 24 bytes
15:54:00.087 > [1377103][I][LoraMesher.cpp:392] receivingRoutine(): [LoRaMesher] Receiving LoRa packet: Size: 24 bytes RSSI: -75 SNR: 2
15:54:00.098 > [1377114][V][LoraMesher.cpp:647] processPackets(): [LoRaMesher] Size of Received Packets Queue: 1
15:54:00.107 > [1377123][V][LoraMesher.cpp:754] printHeaderPacket(): [LoRaMesher] Packet received -- Size: 24 Src: C998 Dst: FFFF Id: 7 Type: 4 Via: 0 Seq_Id: 0 Num: 0
15:54:00.120 > [1377136][I][RoutingTableService.cpp:77] processRoute(): [LoRaMesher] Route packet from C998 with size 4
15:54:00.130 > [1377146][I][RoutingTableService.cpp:99] resetReceiveSNRRoutePacket(): [LoRaMesher] Reset Receive SNR from C998: 2
15:54:00.140 > [1377156][I][RoutingTableService.cpp:192] printRoutingTable(): [LoRaMesher] Current routing table:
15:54:00.149 > [1377165][I][RoutingTableService.cpp:206] printRoutingTable(): [LoRaMesher] 0 - B3F0 via B3F0 metric 1 Role 0
15:54:00.159 > [1377174][I][RoutingTableService.cpp:206] printRoutingTable(): [LoRaMesher] 1 - D110 via D110 metric 1 Role 1
15:54:00.168 > [1377184][I][RoutingTableService.cpp:206] printRoutingTable(): [LoRaMesher] 2 - F02C via F02C metric 1 Role 0
15:54:00.178 > [1377194][I][RoutingTableService.cpp:206] printRoutingTable(): [LoRaMesher] 3 - C998 via C998 metric 1 Role 0
15:54:00.187 > [1377203][I][PacketQueueService.h:80] deleteQueuePacketAndPacket(): [LoRaMesher] Deleting packet
15:54:00.196 > [1377212][I][PacketQueueService.h:83] deleteQueuePacketAndPacket(): [LoRaMesher] Deleting packet queue
15:54:00.205 > [1377221][V][LoraMesher.cpp:641] processPackets(): [LoRaMesher] Stack space unused after entering the task: 2040
15:54:00.215 > [1377231][V][LoraMesher.cpp:642] processPackets(): [LoRaMesher] Free heap: 336136
15:54:19.252 > [1396269][V][LoraMesher.cpp:378] receivingRoutine(): [LoRaMesher] Stack space unused after entering the task: 2072
15:54:19.263 > [1396279][V][LoraMesher.cpp:379] receivingRoutine(): [LoRaMesher] Free heap: 336136
15:54:19.270 > [1396287][I][PacketService.cpp:12] createEmptyPacket(): [LoRaMesher] Packet created with 17 bytes
15:54:19.279 > [1396296][I][LoraMesher.cpp:392] receivingRoutine(): [LoRaMesher] Receiving LoRa packet: Size: 17 bytes RSSI: -21 SNR: 13
15:54:19.290 > [1396307][V][LoraMesher.cpp:647] processPackets(): [LoRaMesher] Size of Received Packets Queue: 1
15:54:19.299 > [1396316][V][LoraMesher.cpp:754] printHeaderPacket(): [LoRaMesher] Packet received -- Size: 17 Src: B3F0 Dst: D110 Id: 81 Type: 2 Via: D110 Seq_Id: 0 Num: 0
15:54:19.313 > [1396330][I][LoraMesher.cpp:854] processDataPacket(): [LoRaMesher] Data packet from B3F0, destination D110, via D110
15:54:19.323 > [1396340][V][LoraMesher.cpp:878] processDataPacket(): [LoRaMesher] Packet not for me, deleting it
15:54:19.332 > [1396349][I][PacketQueueService.h:80] deleteQueuePacketAndPacket(): [LoRaMesher] Deleting packet
15:54:19.340 > [1396357][I][PacketQueueService.h:83] deleteQueuePacketAndPacket(): [LoRaMesher] Deleting packet queue
15:54:19.350 > [1396366][V][LoraMesher.cpp:641] processPackets(): [LoRaMesher] Stack space unused after entering the task: 2040
15:54:19.360 > [1396376][V][LoraMesher.cpp:642] processPackets(): [LoRaMesher] Free heap: 336136
15:54:39.357 > [1416376][V][LoraMesher.cpp:378] receivingRoutine(): [LoRaMesher] Stack space unused after entering the task: 2072
15:54:39.367 > [1416386][V][LoraMesher.cpp:379] receivingRoutine(): [LoRaMesher] Free heap: 336136
15:54:39.375 > [1416394][I][PacketService.cpp:12] createEmptyPacket(): [LoRaMesher] Packet created with 17 bytes
15:54:39.384 > [1416402][I][LoraMesher.cpp:392] receivingRoutine(): [LoRaMesher] Receiving LoRa packet: Size: 17 bytes RSSI: -22 SNR: 13
15:54:39.395 > [1416414][V][LoraMesher.cpp:647] processPackets(): [LoRaMesher] Size of Received Packets Queue: 1
15:54:39.404 > [1416422][V][LoraMesher.cpp:754] printHeaderPacket(): [LoRaMesher] Packet received -- Size: 17 Src: B3F0 Dst: D110 Id: 82 Type: 2 Via: D110 Seq_Id: 0 Num: 0
15:54:39.417 > [1416436][I][LoraMesher.cpp:854] processDataPacket(): [LoRaMesher] Data packet from B3F0, destination D110, via D110
15:54:39.428 > [1416447][V][LoraMesher.cpp:878] processDataPacket(): [LoRaMesher] Packet not for me, deleting it
15:54:39.436 > [1416455][I][PacketQueueService.h:80] deleteQueuePacketAndPacket(): [LoRaMesher] Deleting packet
15:54:39.445 > [1416464][I][PacketQueueService.h:83] deleteQueuePacketAndPacket(): [LoRaMesher] Deleting packet queue
15:54:39.454 > [1416473][V][LoraMesher.cpp:641] processPackets(): [LoRaMesher] Stack space unused after entering the task: 2040
15:54:39.464 > [1416483][V][LoraMesher.cpp:642] processPackets(): [LoRaMesher] Free heap: 336136
15:55:00.011 > [1437031][V][LoraMesher.cpp:378] receivingRoutine(): [LoRaMesher] Stack space unused after entering the task: 2072
15:55:00.022 > [1437041][V][LoraMesher.cpp:379] receivingRoutine(): [LoRaMesher] Free heap: 336136
15:55:00.030 > [1437049][I][PacketService.cpp:12] createEmptyPacket(): [LoRaMesher] Packet created with 17 bytes
15:55:00.038 > [1437058][I][LoraMesher.cpp:392] receivingRoutine(): [LoRaMesher] Receiving LoRa packet: Size: 17 bytes RSSI: -22 SNR: 12
15:55:00.049 > [1437069][V][LoraMesher.cpp:647] processPackets(): [LoRaMesher] Size of Received Packets Queue: 1
15:55:00.058 > [1437078][V][LoraMesher.cpp:754] printHeaderPacket(): [LoRaMesher] Packet received -- Size: 17 Src: B3F0 Dst: D110 Id: 83 Type: 2 Via: D110 Seq_Id: 0 Num: 0
15:55:00.072 > [1437092][I][LoraMesher.cpp:854] processDataPacket(): [LoRaMesher] Data packet from B3F0, destination D110, via D110
15:55:00.082 > [1437102][V][LoraMesher.cpp:878] processDataPacket(): [LoRaMesher] Packet not for me, deleting it
15:55:00.091 > [1437111][I][PacketQueueService.h:80] deleteQueuePacketAndPacket(): [LoRaMesher] Deleting packet
15:55:00.099 > [1437119][I][PacketQueueService.h:83] deleteQueuePacketAndPacket(): [LoRaMesher] Deleting packet queue
15:55:00.109 > [1437128][V][LoraMesher.cpp:641] processPackets(): [LoRaMesher] Stack space unused after entering the task: 2040
15:55:00.119 > [1437138][V][LoraMesher.cpp:642] processPackets(): [LoRaMesher] Free heap: 336136
15:55:11.672 > [1448693][V][LoraMesher.cpp:598] sendHelloPacket(): [LoRaMesher] Creating Routing Packet
15:55:11.680 > [1448701][V][LoraMesher.cpp:599] sendHelloPacket(): [LoRaMesher] Stack space unused after entering the task: 2200
15:55:11.690 > [1448711][V][LoraMesher.cpp:600] sendHelloPacket(): [LoRaMesher] Free heap: 336136
15:55:11.698 > [1448718][V][PacketFactory.h:45] createPacket(): [LoRaMesher] Creating packet with 24 bytes
15:55:11.706 > [1448727][I][PacketFactory.h:74] createPacket(): [LoRaMesher] Packet created with 24 bytes
15:55:11.714 > [1448735][I][LoraMesher.h:659] setPackedForSend(): [LoRaMesher] Adding packet to Q_SP
15:55:11.723 > [1448742][I][LoraMesher.h:661] setPackedForSend(): [LoRaMesher] Created packet to Q_SP
15:55:11.729 > [1448750][I][LoraMesher.cpp:1061] addToSendOrderedAndNotify(): [LoRaMesher] Added packet to Q_SP, notifying sender task
15:55:11.740 > [1448761][V][LoraMesher.cpp:511] sendPackets(): [LoRaMesher] Stack space unused after entering the task: 2052
15:55:11.750 > [1448770][V][LoraMesher.cpp:512] sendPackets(): [LoRaMesher] Free heap: 336036
15:55:11.757 > [1448777][V][LoraMesher.cpp:518] sendPackets(): [LoRaMesher] Size of Send Packets Queue: 1
15:55:11.765 > [1448785][V][LoraMesher.cpp:525] sendPackets(): [LoRaMesher] Send n. 13
15:55:11.771 > [1448792][V][LoraMesher.cpp:455] waitBeforeSend(): [LoRaMesher] RandomDelay 699 ms
15:55:12.170 > [1449191][V][LoraMesher.cpp:378] receivingRoutine(): [LoRaMesher] Stack space unused after entering the task: 2072
15:55:12.181 > [1449202][V][LoraMesher.cpp:379] receivingRoutine(): [LoRaMesher] Free heap: 336064
15:55:12.189 > [1449209][I][PacketService.cpp:12] createEmptyPacket(): [LoRaMesher] Packet created with 24 bytes
15:55:12.198 > [1449218][I][LoraMesher.cpp:392] receivingRoutine(): [LoRaMesher] Receiving LoRa packet: Size: 24 bytes RSSI: -6 SNR: 13
15:55:12.209 > [1449229][V][LoraMesher.cpp:647] processPackets(): [LoRaMesher] Size of Received Packets Queue: 1
15:55:12.218 > [1449238][V][LoraMesher.cpp:754] printHeaderPacket(): [LoRaMesher] Packet received -- Size: 24 Src: F02C Dst: FFFF Id: 13 Type: 4 Via: 0 Seq_Id: 0 Num: 0
15:55:12.231 > [1449252][I][RoutingTableService.cpp:77] processRoute(): [LoRaMesher] Route packet from F02C with size 4
15:55:12.241 > [1449261][I][RoutingTableService.cpp:99] resetReceiveSNRRoutePacket(): [LoRaMesher] Reset Receive SNR from F02C: 13
15:55:12.251 > [1449271][I][RoutingTableService.cpp:192] printRoutingTable(): [LoRaMesher] Current routing table:
15:55:12.260 > [1449280][I][RoutingTableService.cpp:206] printRoutingTable(): [LoRaMesher] 0 - B3F0 via B3F0 metric 1 Role 0
15:55:12.269 > [1449290][I][RoutingTableService.cpp:206] printRoutingTable(): [LoRaMesher] 1 - D110 via D110 metric 1 Role 1
15:55:12.279 > [1449299][I][RoutingTableService.cpp:206] printRoutingTable(): [LoRaMesher] 2 - F02C via F02C metric 1 Role 0
15:55:12.289 > [1449309][I][RoutingTableService.cpp:206] printRoutingTable(): [LoRaMesher] 3 - C998 via C998 metric 1 Role 0
15:55:12.298 > [1449319][I][PacketQueueService.h:80] deleteQueuePacketAndPacket(): [LoRaMesher] Deleting packet
15:55:12.307 > [1449328][I][PacketQueueService.h:83] deleteQueuePacketAndPacket(): [LoRaMesher] Deleting packet queue
15:55:12.316 > [1449337][V][LoraMesher.cpp:641] processPackets(): [LoRaMesher] Stack space unused after entering the task: 2040
15:55:12.326 > [1449347][V][LoraMesher.cpp:642] processPackets(): [LoRaMesher] Free heap: 336064
15:55:12.483 > [1449504][V][LoraMesher.cpp:462] waitBeforeSend(): [LoRaMesher] Preamble detected while waiting 1
15:55:12.492 > [1449513][V][LoraMesher.cpp:455] waitBeforeSend(): [LoRaMesher] RandomDelay 351 ms
15:55:12.849 > [1449870][V][LoraMesher.cpp:754] printHeaderPacket(): [LoRaMesher] Packet send -- Size: 24 Src: DE6C Dst: FFFF Id: 13 Type: 4 Via: 0 Seq_Id: 0 Num: 0
15:55:12.953 > [1449974][V][LoraMesher.cpp:575] sendPackets(): [LoRaMesher] TimeOnAir 78 ms, next message in 0 ms
15:55:12.962 > [1449983][I][PacketQueueService.h:80] deleteQueuePacketAndPacket(): [LoRaMesher] Deleting packet
15:55:12.971 > [1449991][I][PacketQueueService.h:83] deleteQueuePacketAndPacket(): [LoRaMesher] Deleting packet queue
15:55:14.941 > [1451962][V][LoraMesher.cpp:378] receivingRoutine(): [LoRaMesher] Stack space unused after entering the task: 2072
15:55:14.951 > [1451972][V][LoraMesher.cpp:379] receivingRoutine(): [LoRaMesher] Free heap: 336136
15:55:14.959 > [1451980][I][PacketService.cpp:12] createEmptyPacket(): [LoRaMesher] Packet created with 24 bytes
15:55:14.968 > [1451988][I][LoraMesher.cpp:392] receivingRoutine(): [LoRaMesher] Receiving LoRa packet: Size: 24 bytes RSSI: -23 SNR: 13
15:55:14.979 > [1452000][V][LoraMesher.cpp:647] processPackets(): [LoRaMesher] Size of Received Packets Queue: 1
15:55:14.988 > [1452008][V][LoraMesher.cpp:754] printHeaderPacket(): [LoRaMesher] Packet received -- Size: 24 Src: B3F0 Dst: FFFF Id: 84 Type: 4 Via: 0 Seq_Id: 0 Num: 0
15:55:15.002 > [1452022][I][RoutingTableService.cpp:77] processRoute(): [LoRaMesher] Route packet from B3F0 with size 4
15:55:15.011 > [1452031][I][RoutingTableService.cpp:99] resetReceiveSNRRoutePacket(): [LoRaMesher] Reset Receive SNR from B3F0: 13
15:55:15.021 > [1452042][I][RoutingTableService.cpp:192] printRoutingTable(): [LoRaMesher] Current routing table:
15:55:15.030 > [1452050][I][RoutingTableService.cpp:206] printRoutingTable(): [LoRaMesher] 0 - B3F0 via B3F0 metric 1 Role 0
15:55:15.040 > [1452060][I][RoutingTableService.cpp:206] printRoutingTable(): [LoRaMesher] 1 - D110 via D110 metric 1 Role 1
15:55:15.049 > [1452070][I][RoutingTableService.cpp:206] printRoutingTable(): [LoRaMesher] 2 - F02C via F02C metric 1 Role 0
15:55:15.059 > [1452080][I][RoutingTableService.cpp:206] printRoutingTable(): [LoRaMesher] 3 - C998 via C998 metric 1 Role 0
15:55:15.069 > [1452089][I][PacketQueueService.h:80] deleteQueuePacketAndPacket(): [LoRaMesher] Deleting packet
15:55:15.077 > [1452098][I][PacketQueueService.h:83] deleteQueuePacketAndPacket(): [LoRaMesher] Deleting packet queue
15:55:15.086 > [1452107][V][LoraMesher.cpp:641] processPackets(): [LoRaMesher] Stack space unused after entering the task: 2040
15:55:15.096 > [1452117][V][LoraMesher.cpp:642] processPackets(): [LoRaMesher] Free heap: 336136
15:55:20.026 > [1457048][V][LoraMesher.cpp:378] receivingRoutine(): [LoRaMesher] Stack space unused after entering the task: 2072
15:55:20.037 > [1457058][V][LoraMesher.cpp:379] receivingRoutine(): [LoRaMesher] Free heap: 336136
15:55:20.045 > [1457065][I][PacketService.cpp:12] createEmptyPacket(): [LoRaMesher] Packet created with 17 bytes
15:55:20.053 > [1457074][I][LoraMesher.cpp:392] receivingRoutine(): [LoRaMesher] Receiving LoRa packet: Size: 17 bytes RSSI: -23 SNR: 13
15:55:20.064 > [1457085][V][LoraMesher.cpp:647] processPackets(): [LoRaMesher] Size of Received Packets Queue: 1
15:55:20.074 > [1457094][V][LoraMesher.cpp:754] printHeaderPacket(): [LoRaMesher] Packet received -- Size: 17 Src: B3F0 Dst: D110 Id: 85 Type: 2 Via: D110 Seq_Id: 0 Num: 0
15:55:20.087 > [1457108][I][LoraMesher.cpp:854] processDataPacket(): [LoRaMesher] Data packet from B3F0, destination D110, via D110
15:55:20.098 > [1457118][V][LoraMesher.cpp:878] processDataPacket(): [LoRaMesher] Packet not for me, deleting it
15:55:20.106 > [1457127][I][PacketQueueService.h:80] deleteQueuePacketAndPacket(): [LoRaMesher] Deleting packet
15:55:20.114 > [1457136][I][PacketQueueService.h:83] deleteQueuePacketAndPacket(): [LoRaMesher] Deleting packet queue
15:55:20.123 > [1457145][V][LoraMesher.cpp:641] processPackets(): [LoRaMesher] Stack space unused after entering the task: 2040
15:55:20.133 > [1457155][V][LoraMesher.cpp:642] processPackets(): [LoRaMesher] Free heap: 336136
15:55:39.945 > [1476968][V][LoraMesher.cpp:378] receivingRoutine(): [LoRaMesher] Stack space unused after entering the task: 2072
15:55:39.956 > [1476978][V][LoraMesher.cpp:379] receivingRoutine(): [LoRaMesher] Free heap: 336136
15:55:39.964 > [1476986][I][PacketService.cpp:12] createEmptyPacket(): [LoRaMesher] Packet created with 17 bytes
15:55:39.972 > [1476995][I][LoraMesher.cpp:392] receivingRoutine(): [LoRaMesher] Receiving LoRa packet: Size: 17 bytes RSSI: -22 SNR: 14
15:55:39.984 > [1477006][V][LoraMesher.cpp:647] processPackets(): [LoRaMesher] Size of Received Packets Queue: 1
15:55:39.992 > [1477015][V][LoraMesher.cpp:754] printHeaderPacket(): [LoRaMesher] Packet received -- Size: 17 Src: B3F0 Dst: D110 Id: 86 Type: 2 Via: D110 Seq_Id: 0 Num: 0
15:55:40.006 > [1477028][I][LoraMesher.cpp:854] processDataPacket(): [LoRaMesher] Data packet from B3F0, destination D110, via D110
15:55:40.016 > [1477039][V][LoraMesher.cpp:878] processDataPacket(): [LoRaMesher] Packet not for me, deleting it
15:55:40.025 > [1477047][I][PacketQueueService.h:80] deleteQueuePacketAndPacket(): [LoRaMesher] Deleting packet
15:55:40.034 > [1477056][I][PacketQueueService.h:83] deleteQueuePacketAndPacket(): [LoRaMesher] Deleting packet queue
15:55:40.043 > [1477065][V][LoraMesher.cpp:641] processPackets(): [LoRaMesher] Stack space unused after entering the task: 2040
15:55:40.053 > [1477075][V][LoraMesher.cpp:642] processPackets(): [LoRaMesher] Free heap: 336136
15:56:00.265 > [1497288][V][LoraMesher.cpp:378] receivingRoutine(): [LoRaMesher] Stack space unused after entering the task: 2072
15:56:00.276 > [1497299][V][LoraMesher.cpp:379] receivingRoutine(): [LoRaMesher] Free heap: 336136
15:56:00.283 > [1497306][I][PacketService.cpp:12] createEmptyPacket(): [LoRaMesher] Packet created with 17 bytes
15:56:00.292 > [1497315][I][LoraMesher.cpp:392] receivingRoutine(): [LoRaMesher] Receiving LoRa packet: Size: 17 bytes RSSI: -23 SNR: 12
15:56:00.303 > [1497326][V][LoraMesher.cpp:647] processPackets(): [LoRaMesher] Size of Received Packets Queue: 1
15:56:00.312 > [1497335][V][LoraMesher.cpp:754] printHeaderPacket(): [LoRaMesher] Packet received -- Size: 17 Src: B3F0 Dst: D110 Id: 87 Type: 2 Via: D110 Seq_Id: 0 Num: 0
15:56:00.326 > [1497349][I][LoraMesher.cpp:854] processDataPacket(): [LoRaMesher] Data packet from B3F0, destination D110, via D110
15:56:00.336 > [1497359][V][LoraMesher.cpp:878] processDataPacket(): [LoRaMesher] Packet not for me, deleting it
15:56:00.345 > [1497368][I][PacketQueueService.h:80] deleteQueuePacketAndPacket(): [LoRaMesher] Deleting packet
15:56:00.353 > [1497376][I][PacketQueueService.h:83] deleteQueuePacketAndPacket(): [LoRaMesher] Deleting packet queue
15:56:00.362 > [1497386][V][LoraMesher.cpp:641] processPackets(): [LoRaMesher] Stack space unused after entering the task: 2040
15:56:00.372 > [1497396][V][LoraMesher.cpp:642] processPackets(): [LoRaMesher] Free heap: 336136
15:56:01.752 > [1498776][V][LoraMesher.cpp:378] receivingRoutine(): [LoRaMesher] Stack space unused after entering the task: 2072
15:56:01.765 > [1498786][V][LoraMesher.cpp:379] receivingRoutine(): [LoRaMesher] Free heap: 336136
15:56:01.770 > [1498794][I][PacketService.cpp:12] createEmptyPacket(): [LoRaMesher] Packet created with 24 bytes
15:56:01.779 > [1498802][I][LoraMesher.cpp:392] receivingRoutine(): [LoRaMesher] Receiving LoRa packet: Size: 24 bytes RSSI: -74 SNR: 3
15:56:01.790 > [1498814][V][LoraMesher.cpp:647] processPackets(): [LoRaMesher] Size of Received Packets Queue: 1
15:56:01.799 > [1498822][V][LoraMesher.cpp:754] printHeaderPacket(): [LoRaMesher] Packet received -- Size: 24 Src: C998 Dst: FFFF Id: 8 Type: 4 Via: 0 Seq_Id: 0 Num: 0
15:56:01.813 > [1498836][I][RoutingTableService.cpp:77] processRoute(): [LoRaMesher] Route packet from C998 with size 4
15:56:01.822 > [1498845][I][RoutingTableService.cpp:99] resetReceiveSNRRoutePacket(): [LoRaMesher] Reset Receive SNR from C998: 3
15:56:01.832 > [1498855][I][RoutingTableService.cpp:192] printRoutingTable(): [LoRaMesher] Current routing table:
15:56:01.841 > [1498864][I][RoutingTableService.cpp:206] printRoutingTable(): [LoRaMesher] 0 - B3F0 via B3F0 metric 1 Role 0
15:56:01.851 > [1498874][I][RoutingTableService.cpp:206] printRoutingTable(): [LoRaMesher] 1 - D110 via D110 metric 1 Role 1
15:56:01.860 > [1498883][I][RoutingTableService.cpp:206] printRoutingTable(): [LoRaMesher] 2 - F02C via F02C metric 1 Role 0
15:56:01.870 > [1498893][I][RoutingTableService.cpp:206] printRoutingTable(): [LoRaMesher] 3 - C998 via C998 metric 1 Role 0
15:56:01.880 > [1498903][I][PacketQueueService.h:80] deleteQueuePacketAndPacket(): [LoRaMesher] Deleting packet
15:56:01.888 > [1498911][I][PacketQueueService.h:83] deleteQueuePacketAndPacket(): [LoRaMesher] Deleting packet queue
15:56:01.897 > [1498921][V][LoraMesher.cpp:641] processPackets(): [LoRaMesher] Stack space unused after entering the task: 2040
15:56:01.907 > [1498931][V][LoraMesher.cpp:642] processPackets(): [LoRaMesher] Free heap: 336136
15:56:19.916 > [1516941][V][LoraMesher.cpp:378] receivingRoutine(): [LoRaMesher] Stack space unused after entering the task: 2072
15:56:19.927 > [1516951][V][LoraMesher.cpp:379] receivingRoutine(): [LoRaMesher] Free heap: 336136
15:56:19.935 > [1516959][I][PacketService.cpp:12] createEmptyPacket(): [LoRaMesher] Packet created with 17 bytes
15:56:19.944 > [1516968][I][LoraMesher.cpp:392] receivingRoutine(): [LoRaMesher] Receiving LoRa packet: Size: 17 bytes RSSI: -23 SNR: 13
15:56:19.955 > [1516979][V][LoraMesher.cpp:647] processPackets(): [LoRaMesher] Size of Received Packets Queue: 1
15:56:19.964 > [1516988][V][LoraMesher.cpp:754] printHeaderPacket(): [LoRaMesher] Packet received -- Size: 17 Src: B3F0 Dst: D110 Id: 88 Type: 2 Via: D110 Seq_Id: 0 Num: 0
15:56:19.977 > [1517001][I][LoraMesher.cpp:854] processDataPacket(): [LoRaMesher] Data packet from B3F0, destination D110, via D110
15:56:19.988 > [1517012][V][LoraMesher.cpp:878] processDataPacket(): [LoRaMesher] Packet not for me, deleting it
15:56:19.996 > [1517020][I][PacketQueueService.h:80] deleteQueuePacketAndPacket(): [LoRaMesher] Deleting packet
15:56:20.005 > [1517029][I][PacketQueueService.h:83] deleteQueuePacketAndPacket(): [LoRaMesher] Deleting packet queue
15:56:20.014 > [1517038][V][LoraMesher.cpp:641] processPackets(): [LoRaMesher] Stack space unused after entering the task: 2040
15:56:20.024 > [1517048][V][LoraMesher.cpp:642] processPackets(): [LoRaMesher] Free heap: 336136
15:56:40.080 > [1537105][V][LoraMesher.cpp:378] receivingRoutine(): [LoRaMesher] Stack space unused after entering the task: 2072
15:56:40.091 > [1537116][V][LoraMesher.cpp:379] receivingRoutine(): [LoRaMesher] Free heap: 336136
15:56:40.098 > [1537123][I][PacketService.cpp:12] createEmptyPacket(): [LoRaMesher] Packet created with 17 bytes
15:56:40.107 > [1537132][I][LoraMesher.cpp:392] receivingRoutine(): [LoRaMesher] Receiving LoRa packet: Size: 17 bytes RSSI: -24 SNR: 12
15:56:40.118 > [1537143][V][LoraMesher.cpp:647] processPackets(): [LoRaMesher] Size of Received Packets Queue: 1
15:56:40.127 > [1537152][V][LoraMesher.cpp:754] printHeaderPacket(): [LoRaMesher] Packet received -- Size: 17 Src: B3F0 Dst: D110 Id: 89 Type: 2 Via: D110 Seq_Id: 0 Num: 0
15:56:40.141 > [1537166][I][LoraMesher.cpp:854] processDataPacket(): [LoRaMesher] Data packet from B3F0, destination D110, via D110
15:56:40.151 > [1537176][V][LoraMesher.cpp:878] processDataPacket(): [LoRaMesher] Packet not for me, deleting it
15:56:40.160 > [1537185][I][PacketQueueService.h:80] deleteQueuePacketAndPacket(): [LoRaMesher] Deleting packet
15:56:40.168 > [1537193][I][PacketQueueService.h:83] deleteQueuePacketAndPacket(): [LoRaMesher] Deleting packet queue
15:56:40.178 > [1537202][V][LoraMesher.cpp:641] processPackets(): [LoRaMesher] Stack space unused after entering the task: 2040
15:56:40.188 > [1537212][V][LoraMesher.cpp:642] processPackets(): [LoRaMesher] Free heap: 336136
15:57:00.110 > [1557137][V][LoraMesher.cpp:378] receivingRoutine(): [LoRaMesher] Stack space unused after entering the task: 2072
15:57:00.121 > [1557147][V][LoraMesher.cpp:379] receivingRoutine(): [LoRaMesher] Free heap: 336136
15:57:00.141 > [1557155][I][PacketService.cpp:12] createEmptyPacket(): [LoRaMesher] Packet created with 17 bytes
15:57:00.141 > [1557163][I][LoraMesher.cpp:392] receivingRoutine(): [LoRaMesher] Receiving LoRa packet: Size: 17 bytes RSSI: -23 SNR: 13
15:57:00.149 > [1557175][V][LoraMesher.cpp:647] processPackets(): [LoRaMesher] Size of Received Packets Queue: 1
15:57:00.158 > [1557183][V][LoraMesher.cpp:754] printHeaderPacket(): [LoRaMesher] Packet received -- Size: 17 Src: B3F0 Dst: D110 Id: 90 Type: 2 Via: D110 Seq_Id: 0 Num: 0
15:57:00.171 > [1557197][I][LoraMesher.cpp:854] processDataPacket(): [LoRaMesher] Data packet from B3F0, destination D110, via D110
15:57:00.182 > [1557208][V][LoraMesher.cpp:878] processDataPacket(): [LoRaMesher] Packet not for me, deleting it
15:57:00.190 > [1557216][I][PacketQueueService.h:80] deleteQueuePacketAndPacket(): [LoRaMesher] Deleting packet
15:57:00.199 > [1557225][I][PacketQueueService.h:83] deleteQueuePacketAndPacket(): [LoRaMesher] Deleting packet queue
15:57:00.208 > [1557234][V][LoraMesher.cpp:641] processPackets(): [LoRaMesher] Stack space unused after entering the task: 2040
15:57:00.218 > [1557244][V][LoraMesher.cpp:642] processPackets(): [LoRaMesher] Free heap: 336136
15:57:11.761 > [1568761][V][LoraMesher.cpp:598] sendHelloPacket(): [LoRaMesher] Creating Routing Packet
15:57:11.769 > [1568769][V][LoraMesher.cpp:599] sendHelloPacket(): [LoRaMesher] Stack space unused after entering the task: 2152
15:57:11.780 > [1568779][V][LoraMesher.cpp:600] sendHelloPacket(): [LoRaMesher] Free heap: 336136
15:57:11.787 > [1568786][V][PacketFactory.h:45] createPacket(): [LoRaMesher] Creating packet with 24 bytes
15:57:11.795 > [1568795][I][PacketFactory.h:74] createPacket(): [LoRaMesher] Packet created with 24 bytes
15:57:11.803 > [1568803][I][LoraMesher.h:659] setPackedForSend(): [LoRaMesher] Adding packet to Q_SP
15:57:11.811 > [1568810][I][LoraMesher.h:661] setPackedForSend(): [LoRaMesher] Created packet to Q_SP
15:57:11.818 > [1568818][I][LoraMesher.cpp:1061] addToSendOrderedAndNotify(): [LoRaMesher] Added packet to Q_SP, notifying sender task
15:57:11.830 > [1568829][V][LoraMesher.cpp:511] sendPackets(): [LoRaMesher] Stack space unused after entering the task: 2052
15:57:11.839 > [1568838][V][LoraMesher.cpp:512] sendPackets(): [LoRaMesher] Free heap: 336036
15:57:11.847 > [1568845][V][LoraMesher.cpp:518] sendPackets(): [LoRaMesher] Size of Send Packets Queue: 1
15:57:11.854 > [1568853][V][LoraMesher.cpp:525] sendPackets(): [LoRaMesher] Send n. 14
15:57:11.860 > [1568860][V][LoraMesher.cpp:455] waitBeforeSend(): [LoRaMesher] RandomDelay 362 ms
15:57:12.230 > [1569229][V][LoraMesher.cpp:754] printHeaderPacket(): [LoRaMesher] Packet send -- Size: 24 Src: DE6C Dst: FFFF Id: 14 Type: 4 Via: 0 Seq_Id: 0 Num: 0
15:57:12.335 > [1569333][V][LoraMesher.cpp:575] sendPackets(): [LoRaMesher] TimeOnAir 78 ms, next message in 0 ms
15:57:12.344 > [1569342][I][PacketQueueService.h:80] deleteQueuePacketAndPacket(): [LoRaMesher] Deleting packet
15:57:12.352 > [1569351][I][PacketQueueService.h:83] deleteQueuePacketAndPacket(): [LoRaMesher] Deleting packet queue
15:57:13.291 > [1570287][V][LoraMesher.cpp:378] receivingRoutine(): [LoRaMesher] Stack space unused after entering the task: 2072
15:57:13.304 > [1570297][V][LoraMesher.cpp:379] receivingRoutine(): [LoRaMesher] Free heap: 336136
15:57:13.309 > [1570305][I][PacketService.cpp:12] createEmptyPacket(): [LoRaMesher] Packet created with 24 bytes
15:57:13.318 > [1570314][I][LoraMesher.cpp:392] receivingRoutine(): [LoRaMesher] Receiving LoRa packet: Size: 24 bytes RSSI: -14 SNR: 14
15:57:13.329 > [1570325][V][LoraMesher.cpp:647] processPackets(): [LoRaMesher] Size of Received Packets Queue: 1
15:57:13.339 > [1570334][V][LoraMesher.cpp:754] printHeaderPacket(): [LoRaMesher] Packet received -- Size: 24 Src: D110 Dst: FFFF Id: 13 Type: 4 Via: 0 Seq_Id: 0 Num: 0
15:57:13.352 > [1570347][I][RoutingTableService.cpp:77] processRoute(): [LoRaMesher] Route packet from D110 with size 4
15:57:13.361 > [1570357][I][RoutingTableService.cpp:99] resetReceiveSNRRoutePacket(): [LoRaMesher] Reset Receive SNR from D110: 14
15:57:13.371 > [1570367][I][RoutingTableService.cpp:192] printRoutingTable(): [LoRaMesher] Current routing table:
15:57:13.380 > [1570376][I][RoutingTableService.cpp:206] printRoutingTable(): [LoRaMesher] 0 - B3F0 via B3F0 metric 1 Role 0
15:57:13.391 > [1570385][I][RoutingTableService.cpp:206] printRoutingTable(): [LoRaMesher] 1 - D110 via D110 metric 1 Role 1
15:57:13.399 > [1570395][I][RoutingTableService.cpp:206] printRoutingTable(): [LoRaMesher] 2 - F02C via F02C metric 1 Role 0
15:57:13.409 > [1570405][I][RoutingTableService.cpp:206] printRoutingTable(): [LoRaMesher] 3 - C998 via C998 metric 1 Role 0
15:57:13.419 > [1570415][I][PacketQueueService.h:80] deleteQueuePacketAndPacket(): [LoRaMesher] Deleting packet
15:57:13.427 > [1570423][I][PacketQueueService.h:83] deleteQueuePacketAndPacket(): [LoRaMesher] Deleting packet queue
15:57:13.437 > [1570432][V][LoraMesher.cpp:641] processPackets(): [LoRaMesher] Stack space unused after entering the task: 2040
15:57:13.447 > [1570442][V][LoraMesher.cpp:642] processPackets(): [LoRaMesher] Free heap: 336136
15:57:14.497 > [1571491][V][LoraMesher.cpp:378] receivingRoutine(): [LoRaMesher] Stack space unused after entering the task: 2072
15:57:14.508 > [1571501][V][LoraMesher.cpp:379] receivingRoutine(): [LoRaMesher] Free heap: 336136
15:57:14.516 > [1571509][I][PacketService.cpp:12] createEmptyPacket(): [LoRaMesher] Packet created with 24 bytes
15:57:14.524 > [1571518][I][LoraMesher.cpp:392] receivingRoutine(): [LoRaMesher] Receiving LoRa packet: Size: 24 bytes RSSI: -6 SNR: 12
15:57:14.535 > [1571529][V][LoraMesher.cpp:647] processPackets(): [LoRaMesher] Size of Received Packets Queue: 1
15:57:14.544 > [1571538][V][LoraMesher.cpp:754] printHeaderPacket(): [LoRaMesher] Packet received -- Size: 24 Src: F02C Dst: FFFF Id: 14 Type: 4 Via: 0 Seq_Id: 0 Num: 0
15:57:14.558 > [1571551][I][RoutingTableService.cpp:77] processRoute(): [LoRaMesher] Route packet from F02C with size 4
15:57:14.567 > [1571561][I][RoutingTableService.cpp:99] resetReceiveSNRRoutePacket(): [LoRaMesher] Reset Receive SNR from F02C: 12
15:57:14.577 > [1571571][I][RoutingTableService.cpp:192] printRoutingTable(): [LoRaMesher] Current routing table:
15:57:14.587 > [1571580][I][RoutingTableService.cpp:206] printRoutingTable(): [LoRaMesher] 0 - B3F0 via B3F0 metric 1 Role 0
15:57:14.596 > [1571589][I][RoutingTableService.cpp:206] printRoutingTable(): [LoRaMesher] 1 - D110 via D110 metric 1 Role 1
15:57:14.606 > [1571599][I][RoutingTableService.cpp:206] printRoutingTable(): [LoRaMesher] 2 - F02C via F02C metric 1 Role 0
15:57:14.616 > [1571609][I][RoutingTableService.cpp:206] printRoutingTable(): [LoRaMesher] 3 - C998 via C998 metric 1 Role 0
15:57:14.625 > [1571619][I][PacketQueueService.h:80] deleteQueuePacketAndPacket(): [LoRaMesher] Deleting packet
15:57:14.635 > [1571627][I][PacketQueueService.h:83] deleteQueuePacketAndPacket(): [LoRaMesher] Deleting packet queue
15:57:14.644 > [1571636][V][LoraMesher.cpp:641] processPackets(): [LoRaMesher] Stack space unused after entering the task: 2040
15:57:14.654 > [1571646][V][LoraMesher.cpp:642] processPackets(): [LoRaMesher] Free heap: 336136
15:57:15.770 > [1572761][V][LoraMesher.cpp:378] receivingRoutine(): [LoRaMesher] Stack space unused after entering the task: 2072
15:57:15.781 > [1572772][V][LoraMesher.cpp:379] receivingRoutine(): [LoRaMesher] Free heap: 336136
15:57:15.789 > [1572779][I][PacketService.cpp:12] createEmptyPacket(): [LoRaMesher] Packet created with 24 bytes
15:57:15.797 > [1572788][I][LoraMesher.cpp:392] receivingRoutine(): [LoRaMesher] Receiving LoRa packet: Size: 24 bytes RSSI: -25 SNR: 14
15:57:15.809 > [1572799][V][LoraMesher.cpp:647] processPackets(): [LoRaMesher] Size of Received Packets Queue: 1
15:57:15.817 > [1572808][V][LoraMesher.cpp:754] printHeaderPacket(): [LoRaMesher] Packet received -- Size: 24 Src: B3F0 Dst: FFFF Id: 91 Type: 4 Via: 0 Seq_Id: 0 Num: 0
15:57:15.831 > [1572822][I][RoutingTableService.cpp:77] processRoute(): [LoRaMesher] Route packet from B3F0 with size 4
15:57:15.840 > [1572831][I][RoutingTableService.cpp:99] resetReceiveSNRRoutePacket(): [LoRaMesher] Reset Receive SNR from B3F0: 14
15:57:15.851 > [1572841][I][RoutingTableService.cpp:192] printRoutingTable(): [LoRaMesher] Current routing table:
15:57:15.859 > [1572850][I][RoutingTableService.cpp:206] printRoutingTable(): [LoRaMesher] 0 - B3F0 via B3F0 metric 1 Role 0
15:57:15.869 > [1572860][I][RoutingTableService.cpp:206] printRoutingTable(): [LoRaMesher] 1 - D110 via D110 metric 1 Role 1
15:57:15.879 > [1572869][I][RoutingTableService.cpp:206] printRoutingTable(): [LoRaMesher] 2 - F02C via F02C metric 1 Role 0
15:57:15.888 > [1572879][I][RoutingTableService.cpp:206] printRoutingTable(): [LoRaMesher] 3 - C998 via C998 metric 1 Role 0
15:57:15.898 > [1572889][I][PacketQueueService.h:80] deleteQueuePacketAndPacket(): [LoRaMesher] Deleting packet
15:57:15.907 > [1572897][I][PacketQueueService.h:83] deleteQueuePacketAndPacket(): [LoRaMesher] Deleting packet queue
15:57:15.916 > [1572907][V][LoraMesher.cpp:641] processPackets(): [LoRaMesher] Stack space unused after entering the task: 2040
15:57:15.926 > [1572917][V][LoraMesher.cpp:642] processPackets(): [LoRaMesher] Free heap: 336136
15:57:20.866 > [1577846][V][LoraMesher.cpp:378] receivingRoutine(): [LoRaMesher] Stack space unused after entering the task: 2072
15:57:20.877 > [1577856][V][LoraMesher.cpp:379] receivingRoutine(): [LoRaMesher] Free heap: 336136
15:57:20.884 > [1577864][I][PacketService.cpp:12] createEmptyPacket(): [LoRaMesher] Packet created with 17 bytes
15:57:20.893 > [1577873][I][LoraMesher.cpp:392] receivingRoutine(): [LoRaMesher] Receiving LoRa packet: Size: 17 bytes RSSI: -25 SNR: 13
15:57:20.904 > [1577884][V][LoraMesher.cpp:647] processPackets(): [LoRaMesher] Size of Received Packets Queue: 1
15:57:20.913 > [1577893][V][LoraMesher.cpp:754] printHeaderPacket(): [LoRaMesher] Packet received -- Size: 17 Src: B3F0 Dst: D110 Id: 92 Type: 2 Via: D110 Seq_Id: 0 Num: 0
15:57:20.927 > [1577907][I][LoraMesher.cpp:854] processDataPacket(): [LoRaMesher] Data packet from B3F0, destination D110, via D110
15:57:20.937 > [1577917][V][LoraMesher.cpp:878] processDataPacket(): [LoRaMesher] Packet not for me, deleting it
15:57:20.946 > [1577926][I][PacketQueueService.h:80] deleteQueuePacketAndPacket(): [LoRaMesher] Deleting packet
15:57:20.955 > [1577934][I][PacketQueueService.h:83] deleteQueuePacketAndPacket(): [LoRaMesher] Deleting packet queue
15:57:20.964 > [1577943][V][LoraMesher.cpp:641] processPackets(): [LoRaMesher] Stack space unused after entering the task: 2040
15:57:20.974 > [1577953][V][LoraMesher.cpp:642] processPackets(): [LoRaMesher] Free heap: 336136
15:57:40.792 > [1597738][V][LoraMesher.cpp:378] receivingRoutine(): [LoRaMesher] Stack space unused after entering the task: 2072
15:57:40.803 > [1597748][V][LoraMesher.cpp:379] receivingRoutine(): [LoRaMesher] Free heap: 336136
15:57:40.810 > [1597755][I][PacketService.cpp:12] createEmptyPacket(): [LoRaMesher] Packet created with 17 bytes
15:57:40.819 > [1597764][I][LoraMesher.cpp:392] receivingRoutine(): [LoRaMesher] Receiving LoRa packet: Size: 17 bytes RSSI: -27 SNR: 13
15:57:40.830 > [1597776][V][LoraMesher.cpp:647] processPackets(): [LoRaMesher] Size of Received Packets Queue: 1
15:57:40.840 > [1597784][V][LoraMesher.cpp:754] printHeaderPacket(): [LoRaMesher] Packet received -- Size: 17 Src: B3F0 Dst: D110 Id: 93 Type: 2 Via: D110 Seq_Id: 0 Num: 0
15:57:40.853 > [1597798][I][LoraMesher.cpp:854] processDataPacket(): [LoRaMesher] Data packet from B3F0, destination D110, via D110
15:57:40.864 > [1597808][V][LoraMesher.cpp:878] processDataPacket(): [LoRaMesher] Packet not for me, deleting it
15:57:40.873 > [1597817][I][PacketQueueService.h:80] deleteQueuePacketAndPacket(): [LoRaMesher] Deleting packet
15:57:40.881 > [1597826][I][PacketQueueService.h:83] deleteQueuePacketAndPacket(): [LoRaMesher] Deleting packet queue
15:57:40.890 > [1597835][V][LoraMesher.cpp:641] processPackets(): [LoRaMesher] Stack space unused after entering the task: 2040
15:57:40.900 > [1597845][V][LoraMesher.cpp:642] processPackets(): [LoRaMesher] Free heap: 336136
15:58:00.485 > [1617404][V][LoraMesher.cpp:378] receivingRoutine(): [LoRaMesher] Stack space unused after entering the task: 2072
15:58:00.496 > [1617414][V][LoraMesher.cpp:379] receivingRoutine(): [LoRaMesher] Free heap: 336136
15:58:00.503 > [1617422][I][PacketService.cpp:12] createEmptyPacket(): [LoRaMesher] Packet created with 17 bytes
15:58:00.512 > [1617431][I][LoraMesher.cpp:392] receivingRoutine(): [LoRaMesher] Receiving LoRa packet: Size: 17 bytes RSSI: -28 SNR: 13
15:58:00.524 > [1617442][V][LoraMesher.cpp:647] processPackets(): [LoRaMesher] Size of Received Packets Queue: 1
15:58:00.532 > [1617451][V][LoraMesher.cpp:754] printHeaderPacket(): [LoRaMesher] Packet received -- Size: 17 Src: B3F0 Dst: D110 Id: 94 Type: 2 Via: D110 Seq_Id: 0 Num: 0
15:58:00.546 > [1617464][I][LoraMesher.cpp:854] processDataPacket(): [LoRaMesher] Data packet from B3F0, destination D110, via D110
15:58:00.556 > [1617475][V][LoraMesher.cpp:878] processDataPacket(): [LoRaMesher] Packet not for me, deleting it
15:58:00.565 > [1617483][I][PacketQueueService.h:80] deleteQueuePacketAndPacket(): [LoRaMesher] Deleting packet
15:58:00.574 > [1617492][I][PacketQueueService.h:83] deleteQueuePacketAndPacket(): [LoRaMesher] Deleting packet queue
15:58:00.583 > [1617501][V][LoraMesher.cpp:641] processPackets(): [LoRaMesher] Stack space unused after entering the task: 2040
15:58:00.593 > [1617511][V][LoraMesher.cpp:642] processPackets(): [LoRaMesher] Free heap: 336136
15:58:01.496 > [1618413][V][LoraMesher.cpp:378] receivingRoutine(): [LoRaMesher] Stack space unused after entering the task: 2072
15:58:01.507 > [1618424][V][LoraMesher.cpp:379] receivingRoutine(): [LoRaMesher] Free heap: 336136
15:58:01.515 > [1618431][I][PacketService.cpp:12] createEmptyPacket(): [LoRaMesher] Packet created with 24 bytes
15:58:01.523 > [1618440][I][LoraMesher.cpp:392] receivingRoutine(): [LoRaMesher] Receiving LoRa packet: Size: 24 bytes RSSI: -74 SNR: 3
15:58:01.534 > [1618451][V][LoraMesher.cpp:647] processPackets(): [LoRaMesher] Size of Received Packets Queue: 1
15:58:01.543 > [1618460][V][LoraMesher.cpp:754] printHeaderPacket(): [LoRaMesher] Packet received -- Size: 24 Src: C998 Dst: FFFF Id: 9 Type: 4 Via: 0 Seq_Id: 0 Num: 0
15:58:01.556 > [1618473][I][RoutingTableService.cpp:77] processRoute(): [LoRaMesher] Route packet from C998 with size 4
15:58:01.565 > [1618483][I][RoutingTableService.cpp:99] resetReceiveSNRRoutePacket(): [LoRaMesher] Reset Receive SNR from C998: 3
15:58:01.576 > [1618493][I][RoutingTableService.cpp:192] printRoutingTable(): [LoRaMesher] Current routing table:
15:58:01.584 > [1618502][I][RoutingTableService.cpp:206] printRoutingTable(): [LoRaMesher] 0 - B3F0 via B3F0 metric 1 Role 0
15:58:01.594 > [1618511][I][RoutingTableService.cpp:206] printRoutingTable(): [LoRaMesher] 1 - D110 via D110 metric 1 Role 1
15:58:01.604 > [1618521][I][RoutingTableService.cpp:206] printRoutingTable(): [LoRaMesher] 2 - F02C via F02C metric 1 Role 0
15:58:01.615 > [1618531][I][RoutingTableService.cpp:206] printRoutingTable(): [LoRaMesher] 3 - C998 via C998 metric 1 Role 0
15:58:01.623 > [1618541][I][PacketQueueService.h:80] deleteQueuePacketAndPacket(): [LoRaMesher] Deleting packet
15:58:01.632 > [1618549][I][PacketQueueService.h:83] deleteQueuePacketAndPacket(): [LoRaMesher] Deleting packet queue
15:58:01.641 > [1618558][V][LoraMesher.cpp:641] processPackets(): [LoRaMesher] Stack space unused after entering the task: 2040
15:58:01.651 > [1618568][V][LoraMesher.cpp:642] processPackets(): [LoRaMesher] Free heap: 336136
15:58:20.555 > [1637452][V][LoraMesher.cpp:378] receivingRoutine(): [LoRaMesher] Stack space unused after entering the task: 2072
15:58:20.565 > [1637463][V][LoraMesher.cpp:379] receivingRoutine(): [LoRaMesher] Free heap: 336136
15:58:20.573 > [1637470][I][PacketService.cpp:12] createEmptyPacket(): [LoRaMesher] Packet created with 17 bytes
15:58:20.582 > [1637479][I][LoraMesher.cpp:392] receivingRoutine(): [LoRaMesher] Receiving LoRa packet: Size: 17 bytes RSSI: -26 SNR: 12
15:58:20.593 > [1637490][V][LoraMesher.cpp:647] processPackets(): [LoRaMesher] Size of Received Packets Queue: 1
15:58:20.602 > [1637499][V][LoraMesher.cpp:754] printHeaderPacket(): [LoRaMesher] Packet received -- Size: 17 Src: B3F0 Dst: D110 Id: 95 Type: 2 Via: D110 Seq_Id: 0 Num: 0
15:58:20.616 > [1637513][I][LoraMesher.cpp:854] processDataPacket(): [LoRaMesher] Data packet from B3F0, destination D110, via D110
15:58:20.626 > [1637523][V][LoraMesher.cpp:878] processDataPacket(): [LoRaMesher] Packet not for me, deleting it
15:58:20.635 > [1637532][I][PacketQueueService.h:80] deleteQueuePacketAndPacket(): [LoRaMesher] Deleting packet
15:58:20.643 > [1637541][I][PacketQueueService.h:83] deleteQueuePacketAndPacket(): [LoRaMesher] Deleting packet queue
15:58:20.653 > [1637550][V][LoraMesher.cpp:641] processPackets(): [LoRaMesher] Stack space unused after entering the task: 2040
15:58:20.662 > [1637560][V][LoraMesher.cpp:642] processPackets(): [LoRaMesher] Free heap: 336136
15:58:40.631 > [1657512][V][LoraMesher.cpp:378] receivingRoutine(): [LoRaMesher] Stack space unused after entering the task: 2072
15:58:40.642 > [1657522][V][LoraMesher.cpp:379] receivingRoutine(): [LoRaMesher] Free heap: 336136
15:58:40.650 > [1657530][I][PacketService.cpp:12] createEmptyPacket(): [LoRaMesher] Packet created with 17 bytes
15:58:40.659 > [1657539][I][LoraMesher.cpp:392] receivingRoutine(): [LoRaMesher] Receiving LoRa packet: Size: 17 bytes RSSI: -23 SNR: 13
15:58:40.670 > [1657550][V][LoraMesher.cpp:647] processPackets(): [LoRaMesher] Size of Received Packets Queue: 1
15:58:40.679 > [1657559][V][LoraMesher.cpp:754] printHeaderPacket(): [LoRaMesher] Packet received -- Size: 17 Src: B3F0 Dst: D110 Id: 96 Type: 2 Via: D110 Seq_Id: 0 Num: 0
15:58:40.692 > [1657572][I][LoraMesher.cpp:854] processDataPacket(): [LoRaMesher] Data packet from B3F0, destination D110, via D110
15:58:40.703 > [1657583][V][LoraMesher.cpp:878] processDataPacket(): [LoRaMesher] Packet not for me, deleting it
15:58:40.711 > [1657591][I][PacketQueueService.h:80] deleteQueuePacketAndPacket(): [LoRaMesher] Deleting packet
15:58:40.720 > [1657600][I][PacketQueueService.h:83] deleteQueuePacketAndPacket(): [LoRaMesher] Deleting packet queue
15:58:40.729 > [1657609][V][LoraMesher.cpp:641] processPackets(): [LoRaMesher] Stack space unused after entering the task: 2040
15:58:40.739 > [1657619][V][LoraMesher.cpp:642] processPackets(): [LoRaMesher] Free heap: 336136
15:59:00.865 > [1677731][V][LoraMesher.cpp:378] receivingRoutine(): [LoRaMesher] Stack space unused after entering the task: 2072
15:59:00.876 > [1677742][V][LoraMesher.cpp:379] receivingRoutine(): [LoRaMesher] Free heap: 336136
15:59:00.883 > [1677749][I][PacketService.cpp:12] createEmptyPacket(): [LoRaMesher] Packet created with 17 bytes
15:59:00.892 > [1677758][I][LoraMesher.cpp:392] receivingRoutine(): [LoRaMesher] Receiving LoRa packet: Size: 17 bytes RSSI: -25 SNR: 13
15:59:00.903 > [1677769][V][LoraMesher.cpp:647] processPackets(): [LoRaMesher] Size of Received Packets Queue: 1
15:59:00.912 > [1677778][V][LoraMesher.cpp:754] printHeaderPacket(): [LoRaMesher] Packet received -- Size: 17 Src: B3F0 Dst: D110 Id: 97 Type: 2 Via: D110 Seq_Id: 0 Num: 0
15:59:00.926 > [1677792][I][LoraMesher.cpp:854] processDataPacket(): [LoRaMesher] Data packet from B3F0, destination D110, via D110
15:59:00.936 > [1677802][V][LoraMesher.cpp:878] processDataPacket(): [LoRaMesher] Packet not for me, deleting it
15:59:00.945 > [1677811][I][PacketQueueService.h:80] deleteQueuePacketAndPacket(): [LoRaMesher] Deleting packet
15:59:00.953 > [1677819][I][PacketQueueService.h:83] deleteQueuePacketAndPacket(): [LoRaMesher] Deleting packet queue
15:59:00.963 > [1677828][V][LoraMesher.cpp:641] processPackets(): [LoRaMesher] Stack space unused after entering the task: 2040
15:59:00.973 > [1677839][V][LoraMesher.cpp:642] processPackets(): [LoRaMesher] Free heap: 336136
15:59:11.969 > [1688829][V][LoraMesher.cpp:598] sendHelloPacket(): [LoRaMesher] Creating Routing Packet
15:59:11.978 > [1688837][V][LoraMesher.cpp:599] sendHelloPacket(): [LoRaMesher] Stack space unused after entering the task: 2152
15:59:11.987 > [1688847][V][LoraMesher.cpp:600] sendHelloPacket(): [LoRaMesher] Free heap: 336136
15:59:11.995 > [1688854][V][PacketFactory.h:45] createPacket(): [LoRaMesher] Creating packet with 24 bytes
15:59:12.004 > [1688863][I][PacketFactory.h:74] createPacket(): [LoRaMesher] Packet created with 24 bytes
15:59:12.012 > [1688871][I][LoraMesher.h:659] setPackedForSend(): [LoRaMesher] Adding packet to Q_SP
15:59:12.018 > [1688878][I][LoraMesher.h:661] setPackedForSend(): [LoRaMesher] Created packet to Q_SP
15:59:12.026 > [1688886][I][LoraMesher.cpp:1061] addToSendOrderedAndNotify(): [LoRaMesher] Added packet to Q_SP, notifying sender task
15:59:12.037 > [1688897][V][LoraMesher.cpp:511] sendPackets(): [LoRaMesher] Stack space unused after entering the task: 2052
15:59:12.047 > [1688906][V][LoraMesher.cpp:512] sendPackets(): [LoRaMesher] Free heap: 336036
15:59:12.054 > [1688913][V][LoraMesher.cpp:518] sendPackets(): [LoRaMesher] Size of Send Packets Queue: 1
15:59:12.062 > [1688921][V][LoraMesher.cpp:525] sendPackets(): [LoRaMesher] Send n. 15
15:59:12.068 > [1688928][V][LoraMesher.cpp:455] waitBeforeSend(): [LoRaMesher] RandomDelay 970 ms
15:59:12.582 > [1689441][V][LoraMesher.cpp:378] receivingRoutine(): [LoRaMesher] Stack space unused after entering the task: 2072
15:59:12.593 > [1689452][V][LoraMesher.cpp:379] receivingRoutine(): [LoRaMesher] Free heap: 336064
15:59:12.600 > [1689459][I][PacketService.cpp:12] createEmptyPacket(): [LoRaMesher] Packet created with 24 bytes
15:59:12.609 > [1689468][I][LoraMesher.cpp:392] receivingRoutine(): [LoRaMesher] Receiving LoRa packet: Size: 24 bytes RSSI: -16 SNR: 13
15:59:12.621 > [1689479][V][LoraMesher.cpp:647] processPackets(): [LoRaMesher] Size of Received Packets Queue: 1
15:59:12.629 > [1689488][V][LoraMesher.cpp:754] printHeaderPacket(): [LoRaMesher] Packet received -- Size: 24 Src: D110 Dst: FFFF Id: 14 Type: 4 Via: 0 Seq_Id: 0 Num: 0
15:59:12.643 > [1689502][I][RoutingTableService.cpp:77] processRoute(): [LoRaMesher] Route packet from D110 with size 4
15:59:12.652 > [1689511][I][RoutingTableService.cpp:99] resetReceiveSNRRoutePacket(): [LoRaMesher] Reset Receive SNR from D110: 13
15:59:12.662 > [1689521][I][RoutingTableService.cpp:192] printRoutingTable(): [LoRaMesher] Current routing table:
15:59:12.671 > [1689530][I][RoutingTableService.cpp:206] printRoutingTable(): [LoRaMesher] 0 - B3F0 via B3F0 metric 1 Role 0
15:59:12.681 > [1689540][I][RoutingTableService.cpp:206] printRoutingTable(): [LoRaMesher] 1 - D110 via D110 metric 1 Role 1
15:59:12.691 > [1689549][I][RoutingTableService.cpp:206] printRoutingTable(): [LoRaMesher] 2 - F02C via F02C metric 1 Role 0
15:59:12.700 > [1689559][I][RoutingTableService.cpp:206] printRoutingTable(): [LoRaMesher] 3 - C998 via C998 metric 1 Role 0
15:59:12.710 > [1689569][I][PacketQueueService.h:80] deleteQueuePacketAndPacket(): [LoRaMesher] Deleting packet
15:59:12.719 > [1689577][I][PacketQueueService.h:83] deleteQueuePacketAndPacket(): [LoRaMesher] Deleting packet queue
15:59:12.728 > [1689587][V][LoraMesher.cpp:641] processPackets(): [LoRaMesher] Stack space unused after entering the task: 2040
15:59:12.738 > [1689597][V][LoraMesher.cpp:642] processPackets(): [LoRaMesher] Free heap: 336064
15:59:13.052 > [1689911][V][LoraMesher.cpp:462] waitBeforeSend(): [LoRaMesher] Preamble detected while waiting 1
15:59:13.061 > [1689920][V][LoraMesher.cpp:455] waitBeforeSend(): [LoRaMesher] RandomDelay 807 ms
15:59:13.874 > [1690733][V][LoraMesher.cpp:754] printHeaderPacket(): [LoRaMesher] Packet send -- Size: 24 Src: DE6C Dst: FFFF Id: 15 Type: 4 Via: 0 Seq_Id: 0 Num: 0
15:59:13.978 > [1690837][V][LoraMesher.cpp:575] sendPackets(): [LoRaMesher] TimeOnAir 78 ms, next message in 0 ms
15:59:13.988 > [1690846][I][PacketQueueService.h:80] deleteQueuePacketAndPacket(): [LoRaMesher] Deleting packet
15:59:13.997 > [1690854][I][PacketQueueService.h:83] deleteQueuePacketAndPacket(): [LoRaMesher] Deleting packet queue
15:59:14.634 > [1691492][V][LoraMesher.cpp:378] receivingRoutine(): [LoRaMesher] Stack space unused after entering the task: 2072
15:59:14.645 > [1691502][V][LoraMesher.cpp:379] receivingRoutine(): [LoRaMesher] Free heap: 336136
15:59:14.654 > [1691510][I][PacketService.cpp:12] createEmptyPacket(): [LoRaMesher] Packet created with 24 bytes
15:59:14.661 > [1691519][I][LoraMesher.cpp:392] receivingRoutine(): [LoRaMesher] Receiving LoRa packet: Size: 24 bytes RSSI: -5 SNR: 13
15:59:14.672 > [1691530][V][LoraMesher.cpp:647] processPackets(): [LoRaMesher] Size of Received Packets Queue: 1
15:59:14.681 > [1691539][V][LoraMesher.cpp:754] printHeaderPacket(): [LoRaMesher] Packet received -- Size: 24 Src: F02C Dst: FFFF Id: 15 Type: 4 Via: 0 Seq_Id: 0 Num: 0
15:59:14.695 > [1691552][I][RoutingTableService.cpp:77] processRoute(): [LoRaMesher] Route packet from F02C with size 4
15:59:14.704 > [1691562][I][RoutingTableService.cpp:99] resetReceiveSNRRoutePacket(): [LoRaMesher] Reset Receive SNR from F02C: 13
15:59:14.714 > [1691572][I][RoutingTableService.cpp:192] printRoutingTable(): [LoRaMesher] Current routing table:
15:59:14.723 > [1691581][I][RoutingTableService.cpp:206] printRoutingTable(): [LoRaMesher] 0 - B3F0 via B3F0 metric 1 Role 0
15:59:14.733 > [1691590][I][RoutingTableService.cpp:206] printRoutingTable(): [LoRaMesher] 1 - D110 via D110 metric 1 Role 1
15:59:14.742 > [1691600][I][RoutingTableService.cpp:206] printRoutingTable(): [LoRaMesher] 2 - F02C via F02C metric 1 Role 0
15:59:14.752 > [1691610][I][RoutingTableService.cpp:206] printRoutingTable(): [LoRaMesher] 3 - C998 via C998 metric 1 Role 0
15:59:14.762 > [1691620][I][PacketQueueService.h:80] deleteQueuePacketAndPacket(): [LoRaMesher] Deleting packet
15:59:14.770 > [1691628][I][PacketQueueService.h:83] deleteQueuePacketAndPacket(): [LoRaMesher] Deleting packet queue
15:59:14.779 > [1691637][V][LoraMesher.cpp:641] processPackets(): [LoRaMesher] Stack space unused after entering the task: 2040
15:59:14.789 > [1691647][V][LoraMesher.cpp:642] processPackets(): [LoRaMesher] Free heap: 336136
15:59:15.259 > [1692117][V][LoraMesher.cpp:378] receivingRoutine(): [LoRaMesher] Stack space unused after entering the task: 2072
15:59:15.269 > [1692127][V][LoraMesher.cpp:379] receivingRoutine(): [LoRaMesher] Free heap: 336136
15:59:15.278 > [1692135][I][PacketService.cpp:12] createEmptyPacket(): [LoRaMesher] Packet created with 24 bytes
15:59:15.286 > [1692144][I][LoraMesher.cpp:392] receivingRoutine(): [LoRaMesher] Receiving LoRa packet: Size: 24 bytes RSSI: -23 SNR: 13
15:59:15.297 > [1692155][V][LoraMesher.cpp:647] processPackets(): [LoRaMesher] Size of Received Packets Queue: 1
15:59:15.306 > [1692164][V][LoraMesher.cpp:754] printHeaderPacket(): [LoRaMesher] Packet received -- Size: 24 Src: B3F0 Dst: FFFF Id: 98 Type: 4 Via: 0 Seq_Id: 0 Num: 0
15:59:15.320 > [1692177][I][RoutingTableService.cpp:77] processRoute(): [LoRaMesher] Route packet from B3F0 with size 4
15:59:15.329 > [1692187][I][RoutingTableService.cpp:99] resetReceiveSNRRoutePacket(): [LoRaMesher] Reset Receive SNR from B3F0: 13
15:59:15.339 > [1692197][I][RoutingTableService.cpp:192] printRoutingTable(): [LoRaMesher] Current routing table:
15:59:15.348 > [1692206][I][RoutingTableService.cpp:206] printRoutingTable(): [LoRaMesher] 0 - B3F0 via B3F0 metric 1 Role 0
15:59:15.358 > [1692215][I][RoutingTableService.cpp:206] printRoutingTable(): [LoRaMesher] 1 - D110 via D110 metric 1 Role 1
15:59:15.367 > [1692225][I][RoutingTableService.cpp:206] printRoutingTable(): [LoRaMesher] 2 - F02C via F02C metric 1 Role 0
15:59:15.377 > [1692235][I][RoutingTableService.cpp:206] printRoutingTable(): [LoRaMesher] 3 - C998 via C998 metric 1 Role 0
15:59:15.387 > [1692245][I][PacketQueueService.h:80] deleteQueuePacketAndPacket(): [LoRaMesher] Deleting packet
15:59:15.395 > [1692253][I][PacketQueueService.h:83] deleteQueuePacketAndPacket(): [LoRaMesher] Deleting packet queue
15:59:15.405 > [1692262][V][LoraMesher.cpp:641] processPackets(): [LoRaMesher] Stack space unused after entering the task: 2040
15:59:15.416 > [1692272][V][LoraMesher.cpp:642] processPackets(): [LoRaMesher] Free heap: 336136
15:59:21.603 > [1698458][V][LoraMesher.cpp:378] receivingRoutine(): [LoRaMesher] Stack space unused after entering the task: 2072
15:59:21.614 > [1698468][V][LoraMesher.cpp:379] receivingRoutine(): [LoRaMesher] Free heap: 336136
15:59:21.622 > [1698476][I][PacketService.cpp:12] createEmptyPacket(): [LoRaMesher] Packet created with 17 bytes
15:59:21.631 > [1698484][I][LoraMesher.cpp:392] receivingRoutine(): [LoRaMesher] Receiving LoRa packet: Size: 17 bytes RSSI: -21 SNR: 13
15:59:21.643 > [1698496][V][LoraMesher.cpp:647] processPackets(): [LoRaMesher] Size of Received Packets Queue: 1
15:59:21.651 > [1698504][V][LoraMesher.cpp:754] printHeaderPacket(): [LoRaMesher] Packet received -- Size: 17 Src: B3F0 Dst: D110 Id: 99 Type: 2 Via: D110 Seq_Id: 0 Num: 0
15:59:21.664 > [1698518][I][LoraMesher.cpp:854] processDataPacket(): [LoRaMesher] Data packet from B3F0, destination D110, via D110
15:59:21.675 > [1698529][V][LoraMesher.cpp:878] processDataPacket(): [LoRaMesher] Packet not for me, deleting it
15:59:21.683 > [1698537][I][PacketQueueService.h:80] deleteQueuePacketAndPacket(): [LoRaMesher] Deleting packet
15:59:21.692 > [1698546][I][PacketQueueService.h:83] deleteQueuePacketAndPacket(): [LoRaMesher] Deleting packet queue
15:59:21.701 > [1698555][V][LoraMesher.cpp:641] processPackets(): [LoRaMesher] Stack space unused after entering the task: 2040
15:59:21.711 > [1698565][V][LoraMesher.cpp:642] processPackets(): [LoRaMesher] Free heap: 336136
15:59:41.610 > [1718455][V][LoraMesher.cpp:378] receivingRoutine(): [LoRaMesher] Stack space unused after entering the task: 2072
15:59:41.621 > [1718465][V][LoraMesher.cpp:379] receivingRoutine(): [LoRaMesher] Free heap: 336136
15:59:41.628 > [1718473][I][PacketService.cpp:12] createEmptyPacket(): [LoRaMesher] Packet created with 17 bytes
15:59:41.637 > [1718482][I][LoraMesher.cpp:392] receivingRoutine(): [LoRaMesher] Receiving LoRa packet: Size: 17 bytes RSSI: -21 SNR: 13
15:59:41.649 > [1718493][V][LoraMesher.cpp:647] processPackets(): [LoRaMesher] Size of Received Packets Queue: 1
15:59:41.657 > [1718502][V][LoraMesher.cpp:754] printHeaderPacket(): [LoRaMesher] Packet received -- Size: 17 Src: B3F0 Dst: D110 Id: 100 Type: 2 Via: D110 Seq_Id: 0 Num: 0
15:59:41.671 > [1718516][I][LoraMesher.cpp:854] processDataPacket(): [LoRaMesher] Data packet from B3F0, destination D110, via D110
15:59:41.682 > [1718526][V][LoraMesher.cpp:878] processDataPacket(): [LoRaMesher] Packet not for me, deleting it
15:59:41.690 > [1718535][I][PacketQueueService.h:80] deleteQueuePacketAndPacket(): [LoRaMesher] Deleting packet
15:59:41.699 > [1718543][I][PacketQueueService.h:83] deleteQueuePacketAndPacket(): [LoRaMesher] Deleting packet queue
15:59:41.708 > [1718552][V][LoraMesher.cpp:641] processPackets(): [LoRaMesher] Stack space unused after entering the task: 2040
15:59:41.718 > [1718563][V][LoraMesher.cpp:642] processPackets(): [LoRaMesher] Free heap: 336136
16:00:01.186 > [1738023][V][LoraMesher.cpp:378] receivingRoutine(): [LoRaMesher] Stack space unused after entering the task: 2072
16:00:01.197 > [1738033][V][LoraMesher.cpp:379] receivingRoutine(): [LoRaMesher] Free heap: 336136
16:00:01.204 > [1738041][I][PacketService.cpp:12] createEmptyPacket(): [LoRaMesher] Packet created with 24 bytes
16:00:01.213 > [1738050][I][LoraMesher.cpp:392] receivingRoutine(): [LoRaMesher] Receiving LoRa packet: Size: 24 bytes RSSI: -74 SNR: 4
16:00:01.224 > [1738061][V][LoraMesher.cpp:647] processPackets(): [LoRaMesher] Size of Received Packets Queue: 1
16:00:01.233 > [1738070][V][LoraMesher.cpp:754] printHeaderPacket(): [LoRaMesher] Packet received -- Size: 24 Src: C998 Dst: FFFF Id: 10 Type: 4 Via: 0 Seq_Id: 0 Num: 0
16:00:01.247 > [1738083][I][RoutingTableService.cpp:77] processRoute(): [LoRaMesher] Route packet from C998 with size 4
16:00:01.256 > [1738093][I][RoutingTableService.cpp:99] resetReceiveSNRRoutePacket(): [LoRaMesher] Reset Receive SNR from C998: 4
16:00:01.266 > [1738103][I][RoutingTableService.cpp:192] printRoutingTable(): [LoRaMesher] Current routing table:
16:00:01.275 > [1738111][I][RoutingTableService.cpp:206] printRoutingTable(): [LoRaMesher] 0 - B3F0 via B3F0 metric 1 Role 0
16:00:01.285 > [1738121][I][RoutingTableService.cpp:206] printRoutingTable(): [LoRaMesher] 1 - D110 via D110 metric 1 Role 1
16:00:01.294 > [1738131][I][RoutingTableService.cpp:206] printRoutingTable(): [LoRaMesher] 2 - F02C via F02C metric 1 Role 0
16:00:01.304 > [1738141][I][RoutingTableService.cpp:206] printRoutingTable(): [LoRaMesher] 3 - C998 via C998 metric 1 Role 0
16:00:01.314 > [1738150][I][PacketQueueService.h:80] deleteQueuePacketAndPacket(): [LoRaMesher] Deleting packet
16:00:01.322 > [1738159][I][PacketQueueService.h:83] deleteQueuePacketAndPacket(): [LoRaMesher] Deleting packet queue
16:00:01.332 > [1738168][V][LoraMesher.cpp:641] processPackets(): [LoRaMesher] Stack space unused after entering the task: 2040
16:00:01.342 > [1738178][V][LoraMesher.cpp:642] processPackets(): [LoRaMesher] Free heap: 336136
16:00:02.194 > [1739031][V][LoraMesher.cpp:378] receivingRoutine(): [LoRaMesher] Stack space unused after entering the task: 2072
16:00:02.205 > [1739041][V][LoraMesher.cpp:379] receivingRoutine(): [LoRaMesher] Free heap: 336136
16:00:02.213 > [1739048][I][PacketService.cpp:12] createEmptyPacket(): [LoRaMesher] Packet created with 17 bytes
16:00:02.222 > [1739057][I][LoraMesher.cpp:392] receivingRoutine(): [LoRaMesher] Receiving LoRa packet: Size: 17 bytes RSSI: -21 SNR: 12
16:00:02.233 > [1739069][V][LoraMesher.cpp:647] processPackets(): [LoRaMesher] Size of Received Packets Queue: 1
16:00:02.242 > [1739077][V][LoraMesher.cpp:754] printHeaderPacket(): [LoRaMesher] Packet received -- Size: 17 Src: B3F0 Dst: D110 Id: 101 Type: 2 Via: D110 Seq_Id: 0 Num: 0
16:00:02.256 > [1739091][I][LoraMesher.cpp:854] processDataPacket(): [LoRaMesher] Data packet from B3F0, destination D110, via D110
16:00:02.266 > [1739102][V][LoraMesher.cpp:878] processDataPacket(): [LoRaMesher] Packet not for me, deleting it
16:00:02.275 > [1739110][I][PacketQueueService.h:80] deleteQueuePacketAndPacket(): [LoRaMesher] Deleting packet
16:00:02.283 > [1739119][I][PacketQueueService.h:83] deleteQueuePacketAndPacket(): [LoRaMesher] Deleting packet queue
16:00:02.292 > [1739128][V][LoraMesher.cpp:641] processPackets(): [LoRaMesher] Stack space unused after entering the task: 2040
16:00:02.302 > [1739138][V][LoraMesher.cpp:642] processPackets(): [LoRaMesher] Free heap: 336136
